ts,util,mem_used,temp,pstate,clk_sm,clk_mem,pwr,throttle
2026/08/28 10:42:22.114, 0 %, 82 MiB, 35, P8, 210 MHz, 405 MHz, 25.98 W, 0x0000000000000004
2026/08/28 10:42:27.139, 0 %, 82 MiB, 35, P8, 210 MHz, 405 MHz, 26.11 W, 0x0000000000000001
2026/08/28 10:42:32.161, 0 %, 82 MiB, 35, P8, 210 MHz, 405 MHz, 26.10 W, 0x0000000000000001
2026/08/28 10:42:37.188, 6 %, 346 MiB, 42, P2, 1695 MHz, 9501 MHz, 146.80 W, 0x0000000000000000
2026/08/28 10:42:42.211, 100 %, 20144 MiB, 45, P2, 1980 MHz, 9501 MHz, 152.53 W, 0x0000000000000000
2026/08/28 10:42:47.237, 99 %, 20144 MiB, 46, P2, 1965 MHz, 9501 MHz, 152.88 W, 0x0000000000000000
2026/08/28 10:42:52.257, 76 %, 20816 MiB, 53, P2, 1980 MHz, 9501 MHz, 261.89 W, 0x0000000000000000
2026/08/28 10:42:57.277, 75 %, 20824 MiB, 56, P2, 1965 MHz, 9501 MHz, 248.46 W, 0x0000000000000000
2026/08/28 10:43:02.297, 77 %, 20824 MiB, 57, P2, 1965 MHz, 9501 MHz, 286.45 W, 0x0000000000000000
2026/08/28 10:43:07.313, 0 %, 82 MiB, 54, P0, 1965 MHz, 9751 MHz, 157.63 W, 0x0000000000000000
2026/08/28 10:43:12.333, 8 %, 19362 MiB, 52, P2, 1695 MHz, 9501 MHz, 121.86 W, 0x0000000000000000
2026/08/28 10:43:17.361, 100 %, 19362 MiB, 54, P2, 1980 MHz, 9501 MHz, 159.82 W, 0x0000000000000000
2026/08/28 10:43:22.383, 100 %, 19362 MiB, 54, P2, 1980 MHz, 9501 MHz, 160.08 W, 0x0000000000000000
2026/08/28 10:43:27.405, 79 %, 20768 MiB, 57, P2, 1965 MHz, 9501 MHz, 218.00 W, 0x0000000000000000
2026/08/28 10:43:32.425, 86 %, 20772 MiB, 58, P2, 1965 MHz, 9501 MHz, 224.63 W, 0x0000000000000000
2026/08/28 10:43:37.445, 86 %, 20772 MiB, 58, P2, 1965 MHz, 9501 MHz, 221.37 W, 0x0000000000000000
2026/08/28 10:43:42.464, 81 %, 20772 MiB, 58, P2, 1965 MHz, 9501 MHz, 218.94 W, 0x0000000000000000
2026/08/28 10:43:47.481, 80 %, 20772 MiB, 59, P2, 1965 MHz, 9501 MHz, 211.31 W, 0x0000000000000000
2026/08/28 10:43:52.499, 84 %, 20772 MiB, 60, P2, 1965 MHz, 9501 MHz, 222.55 W, 0x0000000000000000
2026/08/28 10:43:57.519, 83 %, 20772 MiB, 60, P2, 1965 MHz, 9501 MHz, 223.36 W, 0x0000000000000000
2026/08/28 10:44:02.540, 80 %, 20772 MiB, 61, P2, 1950 MHz, 9501 MHz, 224.74 W, 0x0000000000000000
2026/08/28 10:44:07.560, 100 %, 20780 MiB, 61, P2, 1950 MHz, 9501 MHz, 198.93 W, 0x0000000000000000
2026/08/28 10:44:12.577, 82 %, 20780 MiB, 62, P2, 1950 MHz, 9501 MHz, 231.59 W, 0x0000000000000000
2026/08/28 10:44:17.598, 82 %, 20780 MiB, 62, P2, 1950 MHz, 9501 MHz, 228.21 W, 0x0000000000000000
2026/08/28 10:44:22.619, 82 %, 20780 MiB, 63, P2, 1950 MHz, 9501 MHz, 225.05 W, 0x0000000000000000
2026/08/28 10:44:27.637, 70 %, 20780 MiB, 62, P2, 1950 MHz, 9501 MHz, 217.83 W, 0x0000000000000004
2026/08/28 10:44:32.657, 77 %, 20780 MiB, 63, P2, 1950 MHz, 9501 MHz, 224.63 W, 0x0000000000000000
2026/08/28 10:44:37.679, 83 %, 20780 MiB, 63, P2, 1950 MHz, 9501 MHz, 228.58 W, 0x0000000000000000
2026/08/28 10:44:42.700, 83 %, 20780 MiB, 64, P2, 1950 MHz, 9501 MHz, 225.25 W, 0x0000000000000000
2026/08/28 10:44:47.728, 82 %, 20780 MiB, 64, P2, 1950 MHz, 9501 MHz, 225.31 W, 0x0000000000000000
2026/08/28 10:44:52.745, 81 %, 20780 MiB, 64, P2, 1950 MHz, 9501 MHz, 227.07 W, 0x0000000000000000
2026/08/28 10:44:57.764, 82 %, 20780 MiB, 64, P2, 1950 MHz, 9501 MHz, 227.51 W, 0x0000000000000000
2026/08/28 10:45:02.785, 80 %, 20780 MiB, 64, P2, 1950 MHz, 9501 MHz, 230.36 W, 0x0000000000000000
2026/08/28 10:45:07.805, 0 %, 346 MiB, 61, P2, 1950 MHz, 9501 MHz, 156.52 W, 0x0000000000000000
2026/08/28 10:45:12.823, 100 %, 20144 MiB, 60, P2, 1950 MHz, 9501 MHz, 155.61 W, 0x0000000000000000
2026/08/28 10:45:17.846, 79 %, 20816 MiB, 66, P2, 1950 MHz, 9501 MHz, 269.98 W, 0x0000000000000000
2026/08/28 10:45:22.866, 79 %, 20816 MiB, 65, P2, 1935 MHz, 9501 MHz, 298.45 W, 0x0000000000000000
2026/08/28 10:45:27.887, 80 %, 20816 MiB, 70, P2, 1935 MHz, 9501 MHz, 329.10 W, 0x0000000000000000
2026/08/28 10:45:32.908, 78 %, 20824 MiB, 70, P2, 1935 MHz, 9501 MHz, 328.54 W, 0x0000000000000000
2026/08/28 10:45:37.929, 78 %, 20824 MiB, 71, P2, 1935 MHz, 9501 MHz, 295.03 W, 0x0000000000000000
2026/08/28 10:45:42.951, 79 %, 20824 MiB, 70, P2, 1920 MHz, 9501 MHz, 300.25 W, 0x0000000000000004
2026/08/28 10:45:47.971, 77 %, 20824 MiB, 73, P2, 1920 MHz, 9501 MHz, 333.04 W, 0x0000000000000000
2026/08/28 10:45:52.992, 0 %, 346 MiB, 64, P2, 1935 MHz, 9501 MHz, 169.61 W, 0x0000000000000000
2026/08/28 10:45:58.014, 99 %, 19362 MiB, 61, P2, 1950 MHz, 9501 MHz, 162.64 W, 0x0000000000000000
2026/08/28 10:46:03.036, 12 %, 20768 MiB, 62, P2, 1950 MHz, 9501 MHz, 180.48 W, 0x0000000000000000
2026/08/28 10:46:08.056, 79 %, 20770 MiB, 63, P2, 1950 MHz, 9501 MHz, 218.67 W, 0x0000000000000000
2026/08/28 10:46:13.076, 81 %, 20770 MiB, 63, P2, 1950 MHz, 9501 MHz, 228.51 W, 0x0000000000000000
2026/08/28 10:46:18.096, 80 %, 20770 MiB, 63, P2, 1950 MHz, 9501 MHz, 227.12 W, 0x0000000000000000
2026/08/28 10:46:23.115, 85 %, 20772 MiB, 63, P2, 1950 MHz, 9501 MHz, 226.61 W, 0x0000000000000000
2026/08/28 10:46:28.136, 81 %, 20778 MiB, 63, P2, 1950 MHz, 9501 MHz, 230.31 W, 0x0000000000000000
2026/08/28 10:46:33.157, 80 %, 20780 MiB, 62, P2, 1950 MHz, 9501 MHz, 231.35 W, 0x0000000000000000
2026/08/28 10:46:38.177, 83 %, 20780 MiB, 63, P2, 1950 MHz, 9501 MHz, 230.39 W, 0x0000000000000000
2026/08/28 10:46:43.200, 83 %, 20780 MiB, 63, P2, 1935 MHz, 9501 MHz, 220.18 W, 0x0000000000000004
2026/08/28 10:46:48.221, 82 %, 20780 MiB, 63, P2, 1950 MHz, 9501 MHz, 230.37 W, 0x0000000000000000
2026/08/28 10:46:53.242, 81 %, 20780 MiB, 63, P2, 1950 MHz, 9501 MHz, 227.41 W, 0x0000000000000000
2026/08/28 10:46:58.262, 51 %, 20052 MiB, 62, P2, 1950 MHz, 9501 MHz, 225.72 W, 0x0000000000000000
2026/08/28 10:47:03.282, 0 %, 346 MiB, 59, P2, 1950 MHz, 9501 MHz, 165.19 W, 0x0000000000000000
2026/08/28 10:47:08.301, 99 %, 19044 MiB, 58, P2, 1950 MHz, 9501 MHz, 155.02 W, 0x0000000000000000
2026/08/28 10:47:13.321, 0 %, 22286 MiB, 61, P2, 1950 MHz, 9501 MHz, 193.72 W, 0x0000000000000000
2026/08/28 10:47:18.340, 40 %, 22292 MiB, 64, P2, 1950 MHz, 9501 MHz, 270.76 W, 0x0000000000000004
2026/08/28 10:47:23.358, 73 %, 22292 MiB, 66, P2, 1935 MHz, 9501 MHz, 287.75 W, 0x0000000000000000
2026/08/28 10:47:28.376, 100 %, 82 MiB, 61, P0, 1935 MHz, 9751 MHz, 173.01 W, 0x0000000000000000
2026/08/28 10:47:33.397, 0 %, 17618 MiB, 58, P2, 1695 MHz, 9501 MHz, 131.05 W, 0x0000000000000000
2026/08/28 10:47:38.420, 100 %, 17618 MiB, 59, P2, 1950 MHz, 9501 MHz, 164.22 W, 0x0000000000000000
2026/08/28 10:47:43.449, 100 %, 17618 MiB, 59, P2, 1950 MHz, 9501 MHz, 163.59 W, 0x0000000000000000
2026/08/28 10:47:48.472, 70 %, 20276 MiB, 62, P2, 1950 MHz, 9501 MHz, 290.64 W, 0x0000000000000000
2026/08/28 10:47:53.493, 50 %, 20276 MiB, 66, P2, 1950 MHz, 9501 MHz, 273.26 W, 0x0000000000000000
2026/08/28 10:47:58.513, 27 %, 20288 MiB, 62, P2, 1935 MHz, 9501 MHz, 242.39 W, 0x0000000000000000
2026/08/28 10:48:03.532, 71 %, 20288 MiB, 67, P2, 1935 MHz, 9501 MHz, 309.73 W, 0x0000000000000000
2026/08/28 10:48:08.551, 69 %, 20288 MiB, 67, P2, 1935 MHz, 9501 MHz, 280.27 W, 0x0000000000000000
2026/08/28 10:48:13.571, 100 %, 394 MiB, 65, P2, 1935 MHz, 9501 MHz, 273.44 W, 0x0000000000000000
2026/08/28 10:48:18.591, 0 %, 346 MiB, 62, P2, 1950 MHz, 9501 MHz, 166.72 W, 0x0000000000000000
2026/08/28 10:48:23.614, 100 %, 19044 MiB, 61, P2, 1950 MHz, 9501 MHz, 165.93 W, 0x0000000000000000
2026/08/28 10:48:28.641, 100 %, 19044 MiB, 60, P2, 1950 MHz, 9501 MHz, 164.31 W, 0x0000000000000000
2026/08/28 10:48:33.665, 43 %, 22286 MiB, 64, P2, 1950 MHz, 9501 MHz, 230.88 W, 0x0000000000000004
2026/08/28 10:48:38.688, 77 %, 22286 MiB, 67, P2, 1935 MHz, 9501 MHz, 317.28 W, 0x0000000000000004
2026/08/28 10:48:43.711, 53 %, 22288 MiB, 68, P2, 1935 MHz, 9501 MHz, 281.13 W, 0x0000000000000004
2026/08/28 10:48:48.734, 100 %, 22292 MiB, 67, P2, 1935 MHz, 9501 MHz, 249.07 W, 0x0000000000000000
2026/08/28 10:48:53.757, 66 %, 22292 MiB, 69, P2, 1935 MHz, 9501 MHz, 290.20 W, 0x0000000000000004
2026/08/28 10:48:58.779, 79 %, 22292 MiB, 68, P2, 1920 MHz, 9501 MHz, 273.45 W, 0x0000000000000000
2026/08/28 10:49:03.800, 0 %, 82 MiB, 65, P0, 1935 MHz, 9751 MHz, 171.30 W, 0x0000000000000000
2026/08/28 10:49:08.818, 0 %, 17618 MiB, 62, P2, 1950 MHz, 9501 MHz, 137.74 W, 0x0000000000000000
2026/08/28 10:49:13.846, 100 %, 17618 MiB, 61, P2, 1950 MHz, 9501 MHz, 168.38 W, 0x0000000000000000
2026/08/28 10:49:18.870, 99 %, 18762 MiB, 61, P2, 1950 MHz, 9501 MHz, 167.18 W, 0x0000000000000000
2026/08/28 10:49:23.889, 73 %, 20276 MiB, 66, P2, 1935 MHz, 9501 MHz, 302.50 W, 0x0000000000000000
2026/08/28 10:49:28.908, 68 %, 20288 MiB, 65, P2, 1935 MHz, 9501 MHz, 300.06 W, 0x0000000000000000
2026/08/28 10:49:33.933, 63 %, 20288 MiB, 67, P2, 1935 MHz, 9501 MHz, 311.74 W, 0x0000000000000000
2026/08/28 10:49:38.954, 0 %, 1604 MiB, 61, P2, 1950 MHz, 9501 MHz, 143.98 W, 0x0000000000000000
2026/08/28 10:49:43.978, 99 %, 18082 MiB, 60, P2, 1950 MHz, 9501 MHz, 167.04 W, 0x0000000000000000
2026/08/28 10:49:49.003, 100 %, 18082 MiB, 60, P2, 1950 MHz, 9501 MHz, 166.17 W, 0x0000000000000000
2026/08/28 10:49:54.030, 81 %, 21828 MiB, 59, P2, 1950 MHz, 9501 MHz, 169.87 W, 0x0000000000000000
2026/08/28 10:49:59.051, 71 %, 21828 MiB, 66, P2, 1950 MHz, 9501 MHz, 318.41 W, 0x0000000000000000
2026/08/28 10:50:04.071, 63 %, 21834 MiB, 66, P2, 1950 MHz, 9501 MHz, 240.55 W, 0x0000000000000000
2026/08/28 10:50:09.092, 71 %, 21834 MiB, 67, P2, 1950 MHz, 9501 MHz, 318.97 W, 0x0000000000000000
2026/08/28 10:50:14.110, 0 %, 346 MiB, 60, P2, 1965 MHz, 9501 MHz, 141.77 W, 0x0000000000000000
2026/08/28 10:50:19.129, 100 %, 18082 MiB, 60, P2, 1965 MHz, 9501 MHz, 167.48 W, 0x0000000000000000
2026/08/28 10:50:24.153, 99 %, 18082 MiB, 60, P2, 1965 MHz, 9501 MHz, 166.58 W, 0x0000000000000000
2026/08/28 10:50:29.178, 47 %, 21778 MiB, 59, P2, 1965 MHz, 9501 MHz, 167.48 W, 0x0000000000000000
2026/08/28 10:50:34.197, 68 %, 21828 MiB, 64, P2, 1950 MHz, 9501 MHz, 280.15 W, 0x0000000000000000
2026/08/28 10:50:39.217, 68 %, 21828 MiB, 67, P2, 1950 MHz, 9501 MHz, 315.78 W, 0x0000000000000004
2026/08/28 10:50:44.236, 68 %, 21834 MiB, 67, P2, 1950 MHz, 9501 MHz, 309.52 W, 0x0000000000000004
2026/08/28 10:50:49.253, 67 %, 21834 MiB, 68, P2, 1935 MHz, 9501 MHz, 312.46 W, 0x0000000000000004
2026/08/28 10:50:54.275, 73 %, 21834 MiB, 69, P2, 1935 MHz, 9501 MHz, 320.73 W, 0x0000000000000004
2026/08/28 10:50:59.292, 77 %, 411 MiB, 67, P2, 1935 MHz, 9501 MHz, 304.90 W, 0x0000000000000004
2026/08/28 10:51:04.361, 0 %, 346 MiB, 62, P2, 1950 MHz, 9501 MHz, 170.03 W, 0x0000000000000000
2026/08/28 10:51:09.383, 100 %, 19044 MiB, 61, P2, 1950 MHz, 9501 MHz, 169.17 W, 0x0000000000000000
2026/08/28 10:51:14.408, 100 %, 19044 MiB, 61, P2, 1950 MHz, 9501 MHz, 168.66 W, 0x0000000000000000
2026/08/28 10:51:19.430, 75 %, 22286 MiB, 65, P2, 1950 MHz, 9501 MHz, 267.81 W, 0x0000000000000004
2026/08/28 10:51:24.448, 80 %, 22292 MiB, 62, P2, 1950 MHz, 9501 MHz, 204.98 W, 0x0000000000000000
2026/08/28 10:51:29.469, 77 %, 22292 MiB, 67, P2, 1950 MHz, 9501 MHz, 290.57 W, 0x0000000000000004
2026/08/28 10:51:34.489, 0 %, 82 MiB, 63, P0, 1950 MHz, 9751 MHz, 172.34 W, 0x0000000000000000
2026/08/28 10:51:39.508, 8 %, 20144 MiB, 59, P2, 1695 MHz, 9501 MHz, 133.65 W, 0x0000000000000000
2026/08/28 10:51:44.533, 100 %, 20144 MiB, 60, P2, 1950 MHz, 9501 MHz, 167.60 W, 0x0000000000000000
2026/08/28 10:51:49.558, 100 %, 20144 MiB, 60, P2, 1950 MHz, 9501 MHz, 167.09 W, 0x0000000000000000
2026/08/28 10:51:54.582, 78 %, 20816 MiB, 67, P2, 1950 MHz, 9501 MHz, 328.02 W, 0x0000000000000004
2026/08/28 10:51:59.601, 79 %, 20816 MiB, 68, P2, 1950 MHz, 9501 MHz, 332.98 W, 0x0000000000000004
2026/08/28 10:52:04.623, 76 %, 20820 MiB, 69, P2, 1935 MHz, 9501 MHz, 314.13 W, 0x0000000000000004
2026/08/28 10:52:09.645, 78 %, 20824 MiB, 67, P2, 1935 MHz, 9501 MHz, 303.24 W, 0x0000000000000004
2026/08/28 10:52:14.664, 78 %, 20824 MiB, 72, P2, 1935 MHz, 9501 MHz, 334.48 W, 0x0000000000000004
2026/08/28 10:52:19.683, 77 %, 20824 MiB, 72, P2, 1935 MHz, 9501 MHz, 336.47 W, 0x0000000000000004
2026/08/28 10:52:24.703, 0 %, 82 MiB, 66, P0, 1935 MHz, 9751 MHz, 172.75 W, 0x0000000000000000
2026/08/28 10:52:29.722, 0 %, 346 MiB, 62, P2, 1695 MHz, 9501 MHz, 147.44 W, 0x0000000000000000
2026/08/28 10:52:34.742, 100 %, 19044 MiB, 62, P2, 1950 MHz, 9501 MHz, 171.61 W, 0x0000000000000000
2026/08/28 10:52:39.765, 100 %, 19044 MiB, 61, P2, 1950 MHz, 9501 MHz, 170.22 W, 0x0000000000000000
2026/08/28 10:52:44.787, 77 %, 22286 MiB, 67, P2, 1950 MHz, 9501 MHz, 325.83 W, 0x0000000000000004
2026/08/28 10:52:49.808, 79 %, 22286 MiB, 68, P2, 1935 MHz, 9501 MHz, 293.43 W, 0x0000000000000004
2026/08/28 10:52:54.832, 99 %, 22292 MiB, 64, P2, 1935 MHz, 9501 MHz, 264.51 W, 0x0000000000000004
2026/08/28 10:52:59.856, 69 %, 22292 MiB, 67, P2, 1860 MHz, 9501 MHz, 300.57 W, 0x0000000000000004
2026/08/28 10:53:04.878, 76 %, 22292 MiB, 71, P2, 1935 MHz, 9501 MHz, 303.23 W, 0x0000000000000004
2026/08/28 10:53:09.896, 81 %, 22292 MiB, 72, P2, 1935 MHz, 9501 MHz, 325.94 W, 0x0000000000000004
2026/08/28 10:53:14.915, 6 %, 346 MiB, 62, P2, 1950 MHz, 9501 MHz, 160.02 W, 0x0000000000000000
2026/08/28 10:53:19.934, 100 %, 20144 MiB, 61, P2, 1950 MHz, 9501 MHz, 159.01 W, 0x0000000000000000
2026/08/28 10:53:24.957, 76 %, 20816 MiB, 67, P2, 1935 MHz, 9501 MHz, 296.00 W, 0x0000000000000000
2026/08/28 10:53:29.978, 78 %, 20824 MiB, 69, P2, 1935 MHz, 9501 MHz, 325.22 W, 0x0000000000000000
2026/08/28 10:53:34.999, 67 %, 20824 MiB, 66, P2, 1935 MHz, 9501 MHz, 268.20 W, 0x0000000000000004
2026/08/28 10:53:40.018, 0 %, 82 MiB, 63, P0, 1935 MHz, 9751 MHz, 165.11 W, 0x0000000000000000
2026/08/28 10:53:45.038, 100 %, 18082 MiB, 60, P2, 1950 MHz, 9501 MHz, 133.71 W, 0x0000000000000000
2026/08/28 10:53:50.059, 99 %, 18082 MiB, 60, P2, 1950 MHz, 9501 MHz, 157.34 W, 0x0000000000000000
2026/08/28 10:53:55.080, 69 %, 21828 MiB, 67, P2, 1935 MHz, 9501 MHz, 310.03 W, 0x0000000000000000
2026/08/28 10:54:00.100, 66 %, 21834 MiB, 68, P2, 1935 MHz, 9501 MHz, 309.19 W, 0x0000000000000000
2026/08/28 10:54:05.125, 67 %, 21834 MiB, 68, P2, 1935 MHz, 9501 MHz, 309.90 W, 0x0000000000000000
2026/08/28 10:54:10.153, 0 %, 82 MiB, 62, P3, 1935 MHz, 9751 MHz, 164.24 W, 0x0000000000000000
2026/08/28 10:54:15.180, 100 %, 19362 MiB, 61, P2, 1950 MHz, 9501 MHz, 154.87 W, 0x0000000000000000
2026/08/28 10:54:20.205, 100 %, 19362 MiB, 60, P2, 1950 MHz, 9501 MHz, 166.71 W, 0x0000000000000000
2026/08/28 10:54:25.228, 100 %, 19362 MiB, 60, P2, 1950 MHz, 9501 MHz, 165.54 W, 0x0000000000000000
2026/08/28 10:54:30.250, 82 %, 20768 MiB, 62, P2, 1950 MHz, 9501 MHz, 226.12 W, 0x0000000000000000
2026/08/28 10:54:35.268, 82 %, 20772 MiB, 62, P2, 1950 MHz, 9501 MHz, 220.74 W, 0x0000000000000000
2026/08/28 10:54:40.286, 85 %, 20772 MiB, 63, P2, 1950 MHz, 9501 MHz, 230.82 W, 0x0000000000000000
2026/08/28 10:54:45.306, 82 %, 20772 MiB, 62, P2, 1950 MHz, 9501 MHz, 222.41 W, 0x0000000000000000
2026/08/28 10:54:50.326, 84 %, 20772 MiB, 62, P2, 1950 MHz, 9501 MHz, 222.65 W, 0x0000000000000000
2026/08/28 10:54:55.346, 85 %, 20772 MiB, 62, P2, 1950 MHz, 9501 MHz, 222.61 W, 0x0000000000000000
2026/08/28 10:55:00.366, 84 %, 20772 MiB, 62, P2, 1950 MHz, 9501 MHz, 222.72 W, 0x0000000000000000
2026/08/28 10:55:05.388, 83 %, 20774 MiB, 62, P2, 1950 MHz, 9501 MHz, 227.34 W, 0x0000000000000000
2026/08/28 10:55:10.409, 81 %, 20780 MiB, 63, P2, 1950 MHz, 9501 MHz, 224.88 W, 0x0000000000000000
2026/08/28 10:55:15.429, 82 %, 20780 MiB, 61, P2, 1920 MHz, 9501 MHz, 217.96 W, 0x0000000000000004
2026/08/28 10:55:20.451, 84 %, 20780 MiB, 63, P2, 1950 MHz, 9501 MHz, 224.93 W, 0x0000000000000000
2026/08/28 10:55:25.472, 83 %, 20780 MiB, 63, P2, 1950 MHz, 9501 MHz, 225.94 W, 0x0000000000000000
2026/08/28 10:55:30.502, 80 %, 20780 MiB, 63, P2, 1950 MHz, 9501 MHz, 230.05 W, 0x0000000000000000
2026/08/28 10:55:35.523, 84 %, 20780 MiB, 63, P2, 1950 MHz, 9501 MHz, 225.30 W, 0x0000000000000000
2026/08/28 10:55:40.542, 85 %, 20780 MiB, 64, P2, 1950 MHz, 9501 MHz, 231.07 W, 0x0000000000000000
2026/08/28 10:55:45.572, 81 %, 20780 MiB, 63, P2, 1950 MHz, 9501 MHz, 226.10 W, 0x0000000000000000
2026/08/28 10:55:50.593, 83 %, 20780 MiB, 63, P2, 1950 MHz, 9501 MHz, 224.23 W, 0x0000000000000000
2026/08/28 10:55:55.617, 84 %, 20780 MiB, 63, P2, 1950 MHz, 9501 MHz, 224.36 W, 0x0000000000000000
2026/08/28 10:56:00.637, 82 %, 20780 MiB, 64, P2, 1950 MHz, 9501 MHz, 223.08 W, 0x0000000000000000
2026/08/28 10:56:05.659, 38 %, 82 MiB, 61, P0, 1950 MHz, 9501 MHz, 197.15 W, 0x0000000000000000
2026/08/28 10:56:10.679, 34 %, 346 MiB, 59, P2, 1695 MHz, 9501 MHz, 159.22 W, 0x0000000000000000
2026/08/28 10:56:15.701, 99 %, 18082 MiB, 60, P2, 1950 MHz, 9501 MHz, 164.75 W, 0x0000000000000000
2026/08/28 10:56:20.727, 100 %, 18082 MiB, 59, P2, 1950 MHz, 9501 MHz, 163.83 W, 0x0000000000000000
2026/08/28 10:56:25.748, 70 %, 21828 MiB, 65, P2, 1950 MHz, 9501 MHz, 309.95 W, 0x0000000000000000
2026/08/28 10:56:30.769, 75 %, 21828 MiB, 66, P2, 1935 MHz, 9501 MHz, 317.23 W, 0x0000000000000000
2026/08/28 10:56:35.789, 69 %, 21830 MiB, 67, P2, 1935 MHz, 9501 MHz, 312.34 W, 0x0000000000000000
2026/08/28 10:56:40.809, 68 %, 21834 MiB, 67, P2, 1935 MHz, 9501 MHz, 279.86 W, 0x0000000000000000
2026/08/28 10:56:45.829, 69 %, 21834 MiB, 69, P2, 1935 MHz, 9501 MHz, 308.06 W, 0x0000000000000000
2026/08/28 10:56:50.852, 75 %, 21834 MiB, 70, P2, 1935 MHz, 9501 MHz, 289.68 W, 0x0000000000000000
2026/08/28 10:56:55.873, 0 %, 82 MiB, 64, P0, 1935 MHz, 9751 MHz, 173.18 W, 0x0000000000000000
2026/08/28 10:57:00.894, 100 %, 19362 MiB, 62, P2, 1950 MHz, 9501 MHz, 141.26 W, 0x0000000000000000
2026/08/28 10:57:05.916, 100 %, 19362 MiB, 61, P2, 1950 MHz, 9501 MHz, 163.55 W, 0x0000000000000000
2026/08/28 10:57:10.941, 84 %, 20768 MiB, 63, P2, 1950 MHz, 9501 MHz, 190.39 W, 0x0000000000000000
2026/08/28 10:57:15.961, 83 %, 20770 MiB, 63, P2, 1950 MHz, 9501 MHz, 211.45 W, 0x0000000000000000
2026/08/28 10:57:20.982, 83 %, 20770 MiB, 62, P2, 1950 MHz, 9501 MHz, 222.83 W, 0x0000000000000000
2026/08/28 10:57:26.004, 80 %, 20770 MiB, 63, P2, 1950 MHz, 9501 MHz, 222.70 W, 0x0000000000000000
2026/08/28 10:57:31.025, 83 %, 20772 MiB, 63, P2, 1950 MHz, 9501 MHz, 223.79 W, 0x0000000000000000
2026/08/28 10:57:36.047, 84 %, 20778 MiB, 63, P2, 1950 MHz, 9501 MHz, 224.92 W, 0x0000000000000000
2026/08/28 10:57:41.069, 76 %, 20780 MiB, 63, P2, 1950 MHz, 9501 MHz, 227.99 W, 0x0000000000000000
2026/08/28 10:57:46.089, 84 %, 20780 MiB, 63, P2, 1950 MHz, 9501 MHz, 224.61 W, 0x0000000000000000
2026/08/28 10:57:51.110, 83 %, 20780 MiB, 62, P2, 1950 MHz, 9501 MHz, 216.04 W, 0x0000000000000000
2026/08/28 10:57:56.132, 82 %, 20780 MiB, 63, P2, 1950 MHz, 9501 MHz, 226.04 W, 0x0000000000000000
2026/08/28 10:58:01.154, 81 %, 20780 MiB, 63, P2, 1950 MHz, 9501 MHz, 224.07 W, 0x0000000000000000
2026/08/28 10:58:06.174, 85 %, 20052 MiB, 63, P2, 1950 MHz, 9501 MHz, 224.09 W, 0x0000000000000000
2026/08/28 10:58:11.198, 0 %, 346 MiB, 60, P2, 1950 MHz, 9501 MHz, 164.05 W, 0x0000000000000000
2026/08/28 10:58:16.217, 99 %, 17618 MiB, 59, P2, 1950 MHz, 9501 MHz, 163.82 W, 0x0000000000000000
2026/08/28 10:58:21.243, 100 %, 17618 MiB, 59, P2, 1950 MHz, 9501 MHz, 161.59 W, 0x0000000000000000
2026/08/28 10:58:26.268, 67 %, 20276 MiB, 64, P2, 1950 MHz, 9501 MHz, 273.69 W, 0x0000000000000000
2026/08/28 10:58:31.297, 72 %, 20288 MiB, 65, P2, 1950 MHz, 9501 MHz, 257.73 W, 0x0000000000000000
2026/08/28 10:58:36.316, 64 %, 20288 MiB, 63, P2, 1935 MHz, 9501 MHz, 263.20 W, 0x0000000000000000
2026/08/28 10:58:41.336, 0 %, 82 MiB, 61, P0, 1935 MHz, 9751 MHz, 168.14 W, 0x0000000000000000
2026/08/28 10:58:46.356, 100 %, 17618 MiB, 58, P2, 1950 MHz, 9501 MHz, 130.86 W, 0x0000000000000000
2026/08/28 10:58:51.380, 100 %, 17618 MiB, 59, P2, 1950 MHz, 9501 MHz, 163.36 W, 0x0000000000000000
2026/08/28 10:58:56.403, 98 %, 18762 MiB, 59, P2, 1950 MHz, 9501 MHz, 163.72 W, 0x0000000000000000
2026/08/28 10:59:01.424, 70 %, 20276 MiB, 66, P2, 1950 MHz, 9501 MHz, 311.10 W, 0x0000000000000000
2026/08/28 10:59:06.443, 70 %, 20276 MiB, 66, P2, 1935 MHz, 9501 MHz, 307.41 W, 0x0000000000000000
2026/08/28 10:59:11.461, 68 %, 20288 MiB, 67, P2, 1935 MHz, 9501 MHz, 268.16 W, 0x0000000000000000
2026/08/28 10:59:16.480, 66 %, 20288 MiB, 67, P2, 1935 MHz, 9501 MHz, 279.25 W, 0x0000000000000000
2026/08/28 10:59:21.498, 68 %, 20288 MiB, 68, P2, 1935 MHz, 9501 MHz, 288.87 W, 0x0000000000000000
2026/08/28 10:59:26.518, 0 %, 82 MiB, 64, P0, 1935 MHz, 9751 MHz, 194.59 W, 0x0000000000000000
2026/08/28 10:59:31.537, 0 %, 346 MiB, 60, P2, 1695 MHz, 9501 MHz, 145.77 W, 0x0000000000000000
2026/08/28 10:59:36.558, 99 %, 17618 MiB, 61, P2, 1950 MHz, 9501 MHz, 166.90 W, 0x0000000000000000
2026/08/28 10:59:41.585, 100 %, 17618 MiB, 61, P2, 1950 MHz, 9501 MHz, 166.39 W, 0x0000000000000000
2026/08/28 10:59:46.609, 68 %, 20276 MiB, 66, P2, 1935 MHz, 9501 MHz, 310.56 W, 0x0000000000000000
2026/08/28 10:59:51.629, 70 %, 20276 MiB, 67, P2, 1935 MHz, 9501 MHz, 280.80 W, 0x0000000000000000
2026/08/28 10:59:56.647, 100 %, 20288 MiB, 64, P2, 1935 MHz, 9501 MHz, 253.64 W, 0x0000000000000004
2026/08/28 11:00:01.667, 66 %, 20288 MiB, 68, P2, 1935 MHz, 9501 MHz, 314.35 W, 0x0000000000000000
2026/08/28 11:00:06.686, 67 %, 20288 MiB, 69, P2, 1935 MHz, 9501 MHz, 317.68 W, 0x0000000000000000
2026/08/28 11:00:11.705, 68 %, 394 MiB, 70, P2, 1935 MHz, 9501 MHz, 319.80 W, 0x0000000000000000
2026/08/28 11:00:16.725, 0 %, 1100 MiB, 63, P2, 1935 MHz, 9501 MHz, 167.39 W, 0x0000000000000000
2026/08/28 11:00:21.747, 100 %, 17618 MiB, 62, P2, 1950 MHz, 9501 MHz, 167.22 W, 0x0000000000000000
2026/08/28 11:00:26.771, 99 %, 17618 MiB, 61, P2, 1950 MHz, 9501 MHz, 167.97 W, 0x0000000000000000
2026/08/28 11:00:31.796, 70 %, 20276 MiB, 66, P2, 1950 MHz, 9501 MHz, 275.25 W, 0x0000000000000000
2026/08/28 11:00:36.816, 71 %, 20288 MiB, 66, P2, 1935 MHz, 9501 MHz, 265.27 W, 0x0000000000000000
2026/08/28 11:00:41.838, 48 %, 20288 MiB, 65, P2, 1935 MHz, 9501 MHz, 257.83 W, 0x0000000000000000
2026/08/28 11:00:46.860, 0 %, 82 MiB, 62, P0, 1935 MHz, 9751 MHz, 164.98 W, 0x0000000000000000
2026/08/28 11:00:51.879, 99 %, 19362 MiB, 60, P2, 1950 MHz, 9501 MHz, 138.42 W, 0x0000000000000000
2026/08/28 11:00:56.903, 100 %, 19362 MiB, 60, P2, 1950 MHz, 9501 MHz, 164.71 W, 0x0000000000000000
2026/08/28 11:01:01.925, 100 %, 19362 MiB, 60, P2, 1950 MHz, 9501 MHz, 164.27 W, 0x0000000000000000
2026/08/28 11:01:06.950, 82 %, 20770 MiB, 62, P2, 1950 MHz, 9501 MHz, 222.19 W, 0x0000000000000000
2026/08/28 11:01:11.968, 79 %, 20770 MiB, 61, P2, 1950 MHz, 9501 MHz, 212.19 W, 0x0000000000000000
2026/08/28 11:01:16.989, 78 %, 20770 MiB, 62, P2, 1950 MHz, 9501 MHz, 224.17 W, 0x0000000000000000
2026/08/28 11:01:22.008, 85 %, 20772 MiB, 62, P2, 1950 MHz, 9501 MHz, 222.91 W, 0x0000000000000000
2026/08/28 11:01:27.029, 78 %, 20778 MiB, 62, P2, 1950 MHz, 9501 MHz, 204.74 W, 0x0000000000000000
2026/08/28 11:01:32.049, 84 %, 20780 MiB, 63, P2, 1950 MHz, 9501 MHz, 231.24 W, 0x0000000000000000
2026/08/28 11:01:37.068, 83 %, 20780 MiB, 63, P2, 1950 MHz, 9501 MHz, 227.85 W, 0x0000000000000000
2026/08/28 11:01:42.090, 85 %, 20780 MiB, 63, P2, 1950 MHz, 9501 MHz, 218.93 W, 0x0000000000000000
2026/08/28 11:01:47.110, 79 %, 20780 MiB, 63, P2, 1950 MHz, 9501 MHz, 226.06 W, 0x0000000000000000
2026/08/28 11:01:52.130, 84 %, 20780 MiB, 63, P2, 1950 MHz, 9501 MHz, 223.77 W, 0x0000000000000000
2026/08/28 11:01:57.148, 83 %, 20780 MiB, 63, P2, 1950 MHz, 9501 MHz, 223.81 W, 0x0000000000000000
2026/08/28 11:02:02.211, 0 %, 346 MiB, 59, P2, 1950 MHz, 9751 MHz, 138.70 W, 0x0000000000000000
2026/08/28 11:02:07.230, 99 %, 18082 MiB, 59, P2, 1950 MHz, 9501 MHz, 163.73 W, 0x0000000000000000
2026/08/28 11:02:12.257, 100 %, 18082 MiB, 59, P2, 1950 MHz, 9501 MHz, 163.58 W, 0x0000000000000000
2026/08/28 11:02:17.280, 0 %, 21268 MiB, 59, P2, 1950 MHz, 9501 MHz, 164.11 W, 0x0000000000000000
2026/08/28 11:02:22.301, 71 %, 21828 MiB, 65, P2, 1935 MHz, 9501 MHz, 305.91 W, 0x0000000000000000
2026/08/28 11:02:27.326, 69 %, 21828 MiB, 66, P2, 1935 MHz, 9501 MHz, 311.82 W, 0x0000000000000000
2026/08/28 11:02:32.348, 70 %, 21834 MiB, 66, P2, 1935 MHz, 9501 MHz, 303.40 W, 0x0000000000000000
2026/08/28 11:02:37.370, 65 %, 21834 MiB, 68, P2, 1935 MHz, 9501 MHz, 293.25 W, 0x0000000000000000
2026/08/28 11:02:42.392, 68 %, 21834 MiB, 69, P2, 1935 MHz, 9501 MHz, 316.53 W, 0x0000000000000000
2026/08/28 11:02:47.414, 73 %, 21834 MiB, 70, P2, 1935 MHz, 9501 MHz, 325.33 W, 0x0000000000000000
2026/08/28 11:02:52.433, 0 %, 346 MiB, 62, P2, 1935 MHz, 9501 MHz, 167.90 W, 0x0000000000000000
2026/08/28 11:02:57.455, 100 %, 19362 MiB, 61, P2, 1950 MHz, 9501 MHz, 167.57 W, 0x0000000000000000
2026/08/28 11:03:02.482, 100 %, 19362 MiB, 61, P2, 1950 MHz, 9501 MHz, 167.10 W, 0x0000000000000000
2026/08/28 11:03:07.506, 62 %, 20768 MiB, 62, P2, 1950 MHz, 9501 MHz, 200.14 W, 0x0000000000000000
2026/08/28 11:03:12.530, 79 %, 20770 MiB, 63, P2, 1950 MHz, 9501 MHz, 225.06 W, 0x0000000000000000
2026/08/28 11:03:17.548, 84 %, 20772 MiB, 63, P2, 1950 MHz, 9501 MHz, 224.18 W, 0x0000000000000000
2026/08/28 11:03:22.567, 82 %, 20772 MiB, 63, P2, 1950 MHz, 9501 MHz, 223.06 W, 0x0000000000000000
2026/08/28 11:03:27.587, 84 %, 20772 MiB, 63, P2, 1950 MHz, 9501 MHz, 229.65 W, 0x0000000000000000
2026/08/28 11:03:32.607, 82 %, 20772 MiB, 63, P2, 1950 MHz, 9501 MHz, 221.55 W, 0x0000000000000000
2026/08/28 11:03:37.625, 80 %, 20772 MiB, 63, P2, 1950 MHz, 9501 MHz, 227.64 W, 0x0000000000000000
2026/08/28 11:03:42.645, 71 %, 20772 MiB, 63, P2, 1950 MHz, 9501 MHz, 215.29 W, 0x0000000000000000
2026/08/28 11:03:47.667, 84 %, 20774 MiB, 64, P2, 1950 MHz, 9501 MHz, 232.04 W, 0x0000000000000000
2026/08/28 11:03:52.687, 83 %, 20780 MiB, 63, P2, 1950 MHz, 9501 MHz, 226.74 W, 0x0000000000000000
2026/08/28 11:03:57.706, 82 %, 20780 MiB, 63, P2, 1950 MHz, 9501 MHz, 224.94 W, 0x0000000000000000
2026/08/28 11:04:02.726, 82 %, 20780 MiB, 63, P2, 1950 MHz, 9501 MHz, 225.12 W, 0x0000000000000000
2026/08/28 11:04:07.747, 80 %, 20780 MiB, 63, P2, 1950 MHz, 9501 MHz, 225.54 W, 0x0000000000000000
2026/08/28 11:04:12.766, 83 %, 20780 MiB, 63, P2, 1950 MHz, 9501 MHz, 227.89 W, 0x0000000000000000
2026/08/28 11:04:17.787, 83 %, 20780 MiB, 64, P2, 1950 MHz, 9501 MHz, 224.14 W, 0x0000000000000000
2026/08/28 11:04:22.808, 73 %, 20780 MiB, 63, P2, 1950 MHz, 9501 MHz, 219.15 W, 0x0000000000000000
2026/08/28 11:04:27.827, 84 %, 20780 MiB, 63, P2, 1950 MHz, 9501 MHz, 226.41 W, 0x0000000000000000
2026/08/28 11:04:32.846, 85 %, 20780 MiB, 63, P2, 1950 MHz, 9501 MHz, 224.97 W, 0x0000000000000000
2026/08/28 11:04:37.865, 83 %, 20780 MiB, 63, P2, 1950 MHz, 9501 MHz, 224.41 W, 0x0000000000000000
2026/08/28 11:04:42.895, 83 %, 20780 MiB, 63, P2, 1950 MHz, 9501 MHz, 223.28 W, 0x0000000000000000
2026/08/28 11:04:48.143, 0 %, 346 MiB, 58, P0, 735 MHz, 5001 MHz, 136.91 W, 0x0000000000000000
2026/08/28 11:04:53.163, 99 %, 18082 MiB, 60, P2, 1950 MHz, 9501 MHz, 161.35 W, 0x0000000000000000
2026/08/28 11:04:58.186, 99 %, 18082 MiB, 60, P2, 1950 MHz, 9501 MHz, 164.20 W, 0x0000000000000000
2026/08/28 11:05:03.210, 46 %, 20636 MiB, 59, P2, 1950 MHz, 9501 MHz, 165.01 W, 0x0000000000000000
2026/08/28 11:05:08.236, 69 %, 21828 MiB, 66, P2, 1935 MHz, 9501 MHz, 306.63 W, 0x0000000000000000
2026/08/28 11:05:13.256, 100 %, 21834 MiB, 62, P2, 1935 MHz, 9501 MHz, 240.41 W, 0x0000000000000000
2026/08/28 11:05:18.279, 74 %, 21834 MiB, 67, P2, 1935 MHz, 9501 MHz, 315.87 W, 0x0000000000000000
2026/08/28 11:05:23.300, 0 %, 346 MiB, 59, P0, 1695 MHz, 9751 MHz, 139.19 W, 0x0000000000000000
2026/08/28 11:05:28.319, 99 %, 20144 MiB, 60, P2, 1950 MHz, 9501 MHz, 164.39 W, 0x0000000000000000
2026/08/28 11:05:33.346, 100 %, 20144 MiB, 60, P2, 1950 MHz, 9501 MHz, 163.65 W, 0x0000000000000000
2026/08/28 11:05:38.371, 77 %, 20816 MiB, 64, P2, 1950 MHz, 9501 MHz, 236.41 W, 0x0000000000000000
2026/08/28 11:05:43.393, 0 %, 20824 MiB, 64, P2, 1950 MHz, 9501 MHz, 273.07 W, 0x0000000000000000
2026/08/28 11:05:48.416, 77 %, 20824 MiB, 67, P2, 1935 MHz, 9501 MHz, 298.26 W, 0x0000000000000004
2026/08/28 11:05:53.436, 78 %, 82 MiB, 65, P2, 1935 MHz, 9501 MHz, 244.70 W, 0x0000000000000000
2026/08/28 11:05:58.456, 0 %, 346 MiB, 61, P2, 1695 MHz, 9501 MHz, 166.84 W, 0x0000000000000000
2026/08/28 11:06:03.478, 100 %, 19044 MiB, 61, P2, 1950 MHz, 9501 MHz, 165.94 W, 0x0000000000000000
2026/08/28 11:06:08.501, 100 %, 19044 MiB, 60, P2, 1950 MHz, 9501 MHz, 164.51 W, 0x0000000000000000
2026/08/28 11:06:13.525, 73 %, 22286 MiB, 66, P2, 1950 MHz, 9501 MHz, 326.43 W, 0x0000000000000000
2026/08/28 11:06:18.546, 79 %, 22286 MiB, 66, P2, 1950 MHz, 9501 MHz, 293.83 W, 0x0000000000000004
2026/08/28 11:06:23.568, 26 %, 22292 MiB, 69, P2, 1950 MHz, 9501 MHz, 319.27 W, 0x0000000000000000
2026/08/28 11:06:28.590, 78 %, 22292 MiB, 68, P2, 1935 MHz, 9501 MHz, 311.24 W, 0x0000000000000000
2026/08/28 11:06:33.610, 39 %, 22292 MiB, 69, P2, 1920 MHz, 9501 MHz, 289.87 W, 0x0000000000000000
2026/08/28 11:06:38.628, 79 %, 22292 MiB, 71, P2, 1920 MHz, 9501 MHz, 321.62 W, 0x0000000000000004
2026/08/28 11:06:43.647, 0 %, 346 MiB, 63, P2, 1950 MHz, 9501 MHz, 171.40 W, 0x0000000000000000
2026/08/28 11:06:48.666, 99 %, 20144 MiB, 62, P2, 1950 MHz, 9501 MHz, 170.66 W, 0x0000000000000000
2026/08/28 11:06:53.689, 100 %, 20144 MiB, 61, P2, 1950 MHz, 9501 MHz, 169.68 W, 0x0000000000000000
2026/08/28 11:06:58.711, 76 %, 20816 MiB, 66, P2, 1950 MHz, 9501 MHz, 264.30 W, 0x0000000000000000
2026/08/28 11:07:03.733, 75 %, 20816 MiB, 66, P2, 1950 MHz, 9501 MHz, 305.78 W, 0x0000000000000000
2026/08/28 11:07:08.754, 78 %, 20816 MiB, 70, P2, 1935 MHz, 9501 MHz, 330.75 W, 0x0000000000000000
2026/08/28 11:07:13.775, 76 %, 20824 MiB, 71, P2, 1935 MHz, 9501 MHz, 318.39 W, 0x0000000000000000
2026/08/28 11:07:18.797, 76 %, 20824 MiB, 69, P2, 1875 MHz, 9501 MHz, 301.76 W, 0x0000000000000004
2026/08/28 11:07:23.819, 79 %, 20824 MiB, 73, P2, 1935 MHz, 9501 MHz, 337.88 W, 0x0000000000000000
2026/08/28 11:07:28.839, 79 %, 20824 MiB, 74, P2, 1935 MHz, 9501 MHz, 343.39 W, 0x0000000000000000
2026/08/28 11:07:33.860, 0 %, 346 MiB, 64, P2, 1950 MHz, 9501 MHz, 164.00 W, 0x0000000000000000
2026/08/28 11:07:38.880, 100 %, 19044 MiB, 63, P2, 1950 MHz, 9501 MHz, 171.90 W, 0x0000000000000000
2026/08/28 11:07:43.906, 100 %, 19044 MiB, 62, P2, 1950 MHz, 9501 MHz, 170.94 W, 0x0000000000000000
2026/08/28 11:07:48.933, 0 %, 22236 MiB, 61, P2, 1950 MHz, 9501 MHz, 171.32 W, 0x0000000000000000
2026/08/28 11:07:53.952, 76 %, 22286 MiB, 68, P2, 1950 MHz, 9501 MHz, 322.68 W, 0x0000000000000000
2026/08/28 11:07:58.969, 77 %, 22292 MiB, 68, P2, 1935 MHz, 9501 MHz, 287.31 W, 0x0000000000000004
2026/08/28 11:08:03.989, 78 %, 22292 MiB, 68, P2, 1935 MHz, 9501 MHz, 289.92 W, 0x0000000000000000
2026/08/28 11:08:09.008, 0 %, 346 MiB, 61, P2, 1935 MHz, 9501 MHz, 163.91 W, 0x0000000000000000
2026/08/28 11:08:14.027, 100 %, 18082 MiB, 60, P2, 1950 MHz, 9501 MHz, 169.10 W, 0x0000000000000000
2026/08/28 11:08:19.052, 100 %, 18082 MiB, 60, P2, 1950 MHz, 9501 MHz, 167.71 W, 0x0000000000000000
2026/08/28 11:08:24.075, 53 %, 21828 MiB, 64, P2, 1950 MHz, 9501 MHz, 246.00 W, 0x0000000000000000
2026/08/28 11:08:29.097, 68 %, 21834 MiB, 65, P2, 1935 MHz, 9501 MHz, 273.02 W, 0x0000000000000004
2026/08/28 11:08:34.121, 68 %, 21834 MiB, 64, P2, 1950 MHz, 9501 MHz, 291.06 W, 0x0000000000000004
2026/08/28 11:08:39.141, 71 %, 21834 MiB, 67, P2, 1950 MHz, 9501 MHz, 289.55 W, 0x0000000000000000
2026/08/28 11:08:44.163, 0 %, 346 MiB, 61, P2, 1965 MHz, 9501 MHz, 168.78 W, 0x0000000000000000
2026/08/28 11:08:49.183, 100 %, 19044 MiB, 60, P2, 1965 MHz, 9501 MHz, 168.38 W, 0x0000000000000000
2026/08/28 11:08:54.211, 100 %, 19044 MiB, 59, P2, 1965 MHz, 9501 MHz, 167.22 W, 0x0000000000000000
2026/08/28 11:08:59.235, 26 %, 22286 MiB, 62, P2, 1965 MHz, 9501 MHz, 204.62 W, 0x0000000000000000
2026/08/28 11:09:04.256, 79 %, 22286 MiB, 67, P2, 1950 MHz, 9501 MHz, 305.74 W, 0x0000000000000004
2026/08/28 11:09:09.276, 75 %, 22288 MiB, 67, P2, 1950 MHz, 9501 MHz, 292.04 W, 0x0000000000000004
2026/08/28 11:09:14.297, 76 %, 22292 MiB, 68, P2, 1950 MHz, 9501 MHz, 247.98 W, 0x0000000000000004
2026/08/28 11:09:19.317, 76 %, 22292 MiB, 70, P2, 1935 MHz, 9501 MHz, 297.73 W, 0x0000000000000004
2026/08/28 11:09:24.338, 77 %, 22292 MiB, 70, P2, 1935 MHz, 9501 MHz, 314.76 W, 0x0000000000000004
2026/08/28 11:09:29.360, 0 %, 346 MiB, 63, P2, 1950 MHz, 9501 MHz, 151.06 W, 0x0000000000000000
2026/08/28 11:09:34.382, 100 %, 18082 MiB, 62, P2, 1950 MHz, 9501 MHz, 169.36 W, 0x0000000000000000
2026/08/28 11:09:39.414, 99 %, 18082 MiB, 61, P2, 1950 MHz, 9501 MHz, 168.96 W, 0x0000000000000000
2026/08/28 11:09:44.438, 99 %, 21760 MiB, 61, P2, 1950 MHz, 9501 MHz, 171.73 W, 0x0000000000000000
2026/08/28 11:09:49.459, 69 %, 21828 MiB, 65, P2, 1950 MHz, 9501 MHz, 298.64 W, 0x0000000000000004
2026/08/28 11:09:54.479, 71 %, 21828 MiB, 69, P2, 1950 MHz, 9501 MHz, 317.25 W, 0x0000000000000004
2026/08/28 11:09:59.500, 67 %, 21834 MiB, 68, P2, 1950 MHz, 9501 MHz, 309.24 W, 0x0000000000000004
2026/08/28 11:10:04.521, 70 %, 21834 MiB, 69, P2, 1935 MHz, 9501 MHz, 311.14 W, 0x0000000000000004
2026/08/28 11:10:09.540, 72 %, 21834 MiB, 70, P2, 1935 MHz, 9501 MHz, 316.42 W, 0x0000000000000004
2026/08/28 11:10:14.561, 76 %, 414 MiB, 71, P2, 1935 MHz, 9501 MHz, 325.59 W, 0x0000000000000004
2026/08/28 11:10:19.583, 0 %, 346 MiB, 63, P2, 1950 MHz, 9501 MHz, 171.01 W, 0x0000000000000000
2026/08/28 11:10:24.603, 100 %, 19044 MiB, 62, P2, 1950 MHz, 9501 MHz, 167.43 W, 0x0000000000000000
2026/08/28 11:10:29.626, 0 %, 22236 MiB, 61, P2, 1950 MHz, 9501 MHz, 161.61 W, 0x0000000000000000
2026/08/28 11:10:34.643, 77 %, 22286 MiB, 68, P2, 1935 MHz, 9501 MHz, 327.81 W, 0x0000000000000004
2026/08/28 11:10:39.663, 75 %, 22292 MiB, 68, P2, 1935 MHz, 9501 MHz, 303.93 W, 0x0000000000000004
2026/08/28 11:10:44.713, 48 %, 82 MiB, 65, P2, 1935 MHz, 9501 MHz, 282.52 W, 0x0000000000000004
2026/08/28 11:10:49.731, 16 %, 346 MiB, 61, P2, 1695 MHz, 9501 MHz, 164.28 W, 0x0000000000000000
2026/08/28 11:10:54.752, 100 %, 17618 MiB, 61, P2, 1950 MHz, 9501 MHz, 166.58 W, 0x0000000000000000
2026/08/28 11:10:59.775, 65 %, 20248 MiB, 60, P2, 1950 MHz, 9501 MHz, 157.56 W, 0x0000000000000000
2026/08/28 11:11:04.793, 65 %, 20280 MiB, 67, P2, 1950 MHz, 9501 MHz, 312.41 W, 0x0000000000000000
2026/08/28 11:11:09.812, 71 %, 20288 MiB, 67, P2, 1950 MHz, 9501 MHz, 250.20 W, 0x0000000000000000
2026/08/28 11:11:14.833, 65 %, 394 MiB, 66, P2, 1935 MHz, 9501 MHz, 280.45 W, 0x0000000000000000
2026/08/28 11:11:19.855, 0 %, 346 MiB, 61, P2, 1950 MHz, 9501 MHz, 166.62 W, 0x0000000000000000
2026/08/28 11:11:24.874, 100 %, 20144 MiB, 60, P2, 1950 MHz, 9501 MHz, 161.46 W, 0x0000000000000000
2026/08/28 11:11:29.896, 77 %, 20816 MiB, 65, P2, 1950 MHz, 9501 MHz, 274.02 W, 0x0000000000000004
2026/08/28 11:11:34.919, 79 %, 20816 MiB, 64, P2, 1935 MHz, 9501 MHz, 292.28 W, 0x0000000000000000
2026/08/28 11:11:39.940, 77 %, 20816 MiB, 69, P2, 1935 MHz, 9501 MHz, 324.53 W, 0x0000000000000000
2026/08/28 11:11:44.958, 78 %, 20824 MiB, 70, P2, 1935 MHz, 9501 MHz, 330.08 W, 0x0000000000000004
2026/08/28 11:11:49.979, 69 %, 20824 MiB, 70, P2, 1935 MHz, 9501 MHz, 295.94 W, 0x0000000000000004
2026/08/28 11:11:55.001, 78 %, 20824 MiB, 72, P2, 1935 MHz, 9501 MHz, 322.41 W, 0x0000000000000004
2026/08/28 11:12:00.021, 77 %, 20824 MiB, 73, P2, 1920 MHz, 9501 MHz, 333.92 W, 0x0000000000000000
2026/08/28 11:12:05.040, 0 %, 346 MiB, 63, P2, 1950 MHz, 9501 MHz, 163.58 W, 0x0000000000000000
2026/08/28 11:12:10.060, 99 %, 17618 MiB, 62, P2, 1950 MHz, 9501 MHz, 159.63 W, 0x0000000000000000
2026/08/28 11:12:15.083, 66 %, 20276 MiB, 67, P2, 1935 MHz, 9501 MHz, 310.29 W, 0x0000000000000000
2026/08/28 11:12:20.106, 67 %, 20276 MiB, 69, P2, 1935 MHz, 9501 MHz, 312.36 W, 0x0000000000000000
2026/08/28 11:12:25.124, 67 %, 20280 MiB, 69, P2, 1935 MHz, 9501 MHz, 311.76 W, 0x0000000000000000
2026/08/28 11:12:30.144, 67 %, 20288 MiB, 69, P2, 1935 MHz, 9501 MHz, 279.40 W, 0x0000000000000000
2026/08/28 11:12:35.167, 68 %, 20288 MiB, 70, P2, 1935 MHz, 9501 MHz, 311.86 W, 0x0000000000000000
2026/08/28 11:12:40.189, 69 %, 20288 MiB, 71, P2, 1935 MHz, 9501 MHz, 318.73 W, 0x0000000000000000
2026/08/28 11:12:45.211, 0 %, 346 MiB, 63, P2, 1950 MHz, 9501 MHz, 156.45 W, 0x0000000000000000
2026/08/28 11:12:50.234, 99 %, 20144 MiB, 61, P2, 1950 MHz, 9501 MHz, 159.47 W, 0x0000000000000000
2026/08/28 11:12:55.256, 76 %, 20816 MiB, 65, P2, 1950 MHz, 9501 MHz, 228.67 W, 0x0000000000000004
2026/08/28 11:13:00.276, 40 %, 20824 MiB, 66, P2, 1935 MHz, 9501 MHz, 266.14 W, 0x0000000000000000
2026/08/28 11:13:05.294, 78 %, 20824 MiB, 69, P2, 1935 MHz, 9501 MHz, 300.68 W, 0x0000000000000004
2026/08/28 11:13:10.314, 75 %, 82 MiB, 65, P2, 1935 MHz, 9501 MHz, 245.74 W, 0x0000000000000000
2026/08/28 11:13:15.333, 7 %, 346 MiB, 61, P2, 1695 MHz, 9501 MHz, 161.04 W, 0x0000000000000000
2026/08/28 11:13:20.351, 100 %, 19362 MiB, 61, P2, 1950 MHz, 9501 MHz, 161.18 W, 0x0000000000000000
2026/08/28 11:13:25.373, 69 %, 20768 MiB, 62, P2, 1950 MHz, 9501 MHz, 204.82 W, 0x0000000000000000
2026/08/28 11:13:30.394, 81 %, 20770 MiB, 63, P2, 1950 MHz, 9501 MHz, 223.62 W, 0x0000000000000000
2026/08/28 11:13:35.414, 83 %, 20770 MiB, 63, P2, 1950 MHz, 9501 MHz, 225.06 W, 0x0000000000000000
2026/08/28 11:13:40.434, 84 %, 20770 MiB, 63, P2, 1950 MHz, 9501 MHz, 225.96 W, 0x0000000000000000
2026/08/28 11:13:45.455, 85 %, 20772 MiB, 64, P2, 1950 MHz, 9501 MHz, 226.79 W, 0x0000000000000000
2026/08/28 11:13:50.476, 82 %, 20780 MiB, 63, P2, 1950 MHz, 9501 MHz, 228.55 W, 0x0000000000000000
2026/08/28 11:13:55.497, 63 %, 20780 MiB, 61, P2, 1950 MHz, 9501 MHz, 210.91 W, 0x0000000000000004
2026/08/28 11:14:00.516, 84 %, 20780 MiB, 63, P2, 1950 MHz, 9501 MHz, 227.01 W, 0x0000000000000000
2026/08/28 11:14:05.536, 68 %, 20780 MiB, 63, P2, 1950 MHz, 9501 MHz, 217.69 W, 0x0000000000000000
2026/08/28 11:14:10.554, 82 %, 20780 MiB, 63, P2, 1950 MHz, 9501 MHz, 228.83 W, 0x0000000000000000
2026/08/28 11:14:15.573, 79 %, 20780 MiB, 63, P2, 1950 MHz, 9501 MHz, 227.28 W, 0x0000000000000000
2026/08/28 11:14:20.595, 84 %, 402 MiB, 63, P2, 1950 MHz, 9501 MHz, 224.64 W, 0x0000000000000000
2026/08/28 11:14:25.615, 0 %, 346 MiB, 59, P2, 1950 MHz, 9501 MHz, 155.11 W, 0x0000000000000000
2026/08/28 11:14:30.636, 100 %, 19362 MiB, 59, P2, 1950 MHz, 9501 MHz, 155.13 W, 0x0000000000000000
2026/08/28 11:14:35.656, 81 %, 20768 MiB, 61, P2, 1950 MHz, 9501 MHz, 221.34 W, 0x0000000000000000
2026/08/28 11:14:40.677, 84 %, 20770 MiB, 62, P2, 1950 MHz, 9501 MHz, 225.45 W, 0x0000000000000000
2026/08/28 11:14:45.697, 81 %, 20772 MiB, 62, P2, 1950 MHz, 9501 MHz, 224.29 W, 0x0000000000000000
2026/08/28 11:14:50.719, 80 %, 20772 MiB, 62, P2, 1950 MHz, 9501 MHz, 223.96 W, 0x0000000000000000
2026/08/28 11:14:55.740, 85 %, 20772 MiB, 62, P2, 1950 MHz, 9501 MHz, 222.30 W, 0x0000000000000000
2026/08/28 11:15:00.760, 79 %, 20772 MiB, 62, P2, 1950 MHz, 9501 MHz, 222.58 W, 0x0000000000000000
2026/08/28 11:15:05.780, 80 %, 20772 MiB, 63, P2, 1950 MHz, 9501 MHz, 229.58 W, 0x0000000000000000
2026/08/28 11:15:10.801, 84 %, 20772 MiB, 63, P2, 1950 MHz, 9501 MHz, 227.71 W, 0x0000000000000000
2026/08/28 11:15:15.820, 83 %, 20778 MiB, 62, P2, 1950 MHz, 9501 MHz, 231.10 W, 0x0000000000000000
2026/08/28 11:15:20.843, 77 %, 20780 MiB, 63, P2, 1950 MHz, 9501 MHz, 232.39 W, 0x0000000000000000
2026/08/28 11:15:25.861, 79 %, 20780 MiB, 63, P2, 1950 MHz, 9501 MHz, 228.40 W, 0x0000000000000000
2026/08/28 11:15:30.881, 82 %, 20780 MiB, 63, P2, 1950 MHz, 9501 MHz, 227.50 W, 0x0000000000000000
2026/08/28 11:15:35.901, 68 %, 20780 MiB, 63, P2, 1950 MHz, 9501 MHz, 217.17 W, 0x0000000000000000
2026/08/28 11:15:40.919, 84 %, 20780 MiB, 63, P2, 1950 MHz, 9501 MHz, 227.18 W, 0x0000000000000000
2026/08/28 11:15:45.941, 82 %, 20780 MiB, 63, P2, 1950 MHz, 9501 MHz, 229.70 W, 0x0000000000000000
2026/08/28 11:15:50.959, 82 %, 20780 MiB, 64, P2, 1950 MHz, 9501 MHz, 226.18 W, 0x0000000000000000
2026/08/28 11:15:55.979, 83 %, 20780 MiB, 63, P2, 1950 MHz, 9501 MHz, 226.38 W, 0x0000000000000000
2026/08/28 11:16:00.998, 81 %, 20780 MiB, 64, P2, 1950 MHz, 9501 MHz, 228.40 W, 0x0000000000000000
2026/08/28 11:16:06.019, 81 %, 20780 MiB, 64, P2, 1950 MHz, 9501 MHz, 226.77 W, 0x0000000000000000
2026/08/28 11:16:11.039, 85 %, 20780 MiB, 64, P2, 1950 MHz, 9501 MHz, 224.45 W, 0x0000000000000000
2026/08/28 11:16:16.059, 0 %, 346 MiB, 60, P2, 1950 MHz, 9501 MHz, 148.42 W, 0x0000000000000000
2026/08/28 11:16:21.078, 100 %, 18082 MiB, 60, P2, 1950 MHz, 9501 MHz, 156.25 W, 0x0000000000000000
2026/08/28 11:16:26.100, 0 %, 21778 MiB, 59, P2, 1950 MHz, 9501 MHz, 159.49 W, 0x0000000000000000
2026/08/28 11:16:31.118, 53 %, 21828 MiB, 63, P2, 1935 MHz, 9501 MHz, 278.60 W, 0x0000000000000000
2026/08/28 11:16:36.138, 67 %, 21828 MiB, 67, P2, 1935 MHz, 9501 MHz, 312.62 W, 0x0000000000000000
2026/08/28 11:16:41.158, 68 %, 21834 MiB, 68, P2, 1935 MHz, 9501 MHz, 306.23 W, 0x0000000000000000
2026/08/28 11:16:46.179, 65 %, 21834 MiB, 68, P2, 1935 MHz, 9501 MHz, 307.27 W, 0x0000000000000000
2026/08/28 11:16:51.199, 71 %, 21834 MiB, 70, P2, 1935 MHz, 9501 MHz, 318.25 W, 0x0000000000000000
2026/08/28 11:16:56.220, 72 %, 414 MiB, 71, P2, 1935 MHz, 9501 MHz, 322.49 W, 0x0000000000000004
2026/08/28 11:17:01.242, 0 %, 1604 MiB, 63, P2, 1950 MHz, 9501 MHz, 159.77 W, 0x0000000000000000
2026/08/28 11:17:06.265, 100 %, 18082 MiB, 61, P2, 1950 MHz, 9501 MHz, 163.21 W, 0x0000000000000000
2026/08/28 11:17:11.285, 66 %, 21828 MiB, 63, P2, 1950 MHz, 9501 MHz, 214.85 W, 0x0000000000000000
2026/08/28 11:17:16.308, 53 %, 21834 MiB, 65, P2, 1890 MHz, 9501 MHz, 279.06 W, 0x0000000000000004
2026/08/28 11:17:21.331, 53 %, 21834 MiB, 68, P2, 1935 MHz, 9501 MHz, 310.54 W, 0x0000000000000000
2026/08/28 11:17:26.350, 47 %, 21834 MiB, 67, P2, 1935 MHz, 9501 MHz, 291.62 W, 0x0000000000000000
2026/08/28 11:17:31.369, 0 %, 346 MiB, 62, P2, 1950 MHz, 9501 MHz, 168.08 W, 0x0000000000000000
2026/08/28 11:17:36.390, 99 %, 17618 MiB, 61, P2, 1950 MHz, 9501 MHz, 166.89 W, 0x0000000000000000
2026/08/28 11:17:41.415, 100 %, 17618 MiB, 60, P2, 1950 MHz, 9501 MHz, 165.07 W, 0x0000000000000000
2026/08/28 11:17:46.441, 63 %, 20276 MiB, 61, P2, 1950 MHz, 9501 MHz, 247.45 W, 0x0000000000000000
2026/08/28 11:17:51.463, 99 %, 20288 MiB, 65, P2, 1935 MHz, 9501 MHz, 204.07 W, 0x0000000000000000
2026/08/28 11:17:56.482, 66 %, 20288 MiB, 65, P2, 1920 MHz, 9501 MHz, 266.10 W, 0x0000000000000004
2026/08/28 11:18:01.500, 0 %, 82 MiB, 61, P0, 1935 MHz, 9751 MHz, 164.08 W, 0x0000000000000000
2026/08/28 11:18:06.519, 0 %, 346 MiB, 59, P2, 1695 MHz, 9501 MHz, 131.77 W, 0x0000000000000000
2026/08/28 11:18:11.546, 100 %, 19044 MiB, 60, P2, 1950 MHz, 9501 MHz, 165.39 W, 0x0000000000000000
2026/08/28 11:18:16.571, 100 %, 19044 MiB, 59, P2, 1950 MHz, 9501 MHz, 162.59 W, 0x0000000000000000
2026/08/28 11:18:21.596, 80 %, 22286 MiB, 66, P2, 1935 MHz, 9501 MHz, 318.24 W, 0x0000000000000000
2026/08/28 11:18:26.615, 78 %, 22286 MiB, 66, P2, 1935 MHz, 9501 MHz, 285.98 W, 0x0000000000000004
2026/08/28 11:18:31.636, 75 %, 22292 MiB, 65, P2, 1935 MHz, 9501 MHz, 311.75 W, 0x0000000000000000
2026/08/28 11:18:36.657, 78 %, 22292 MiB, 68, P2, 1935 MHz, 9501 MHz, 323.15 W, 0x0000000000000004
2026/08/28 11:18:41.677, 75 %, 22292 MiB, 66, P2, 1935 MHz, 9501 MHz, 308.81 W, 0x0000000000000000
2026/08/28 11:18:46.696, 80 %, 22292 MiB, 70, P2, 1935 MHz, 9501 MHz, 322.76 W, 0x0000000000000000
2026/08/28 11:18:51.715, 0 %, 346 MiB, 63, P2, 1935 MHz, 9501 MHz, 159.38 W, 0x0000000000000000
2026/08/28 11:18:56.733, 99 %, 17618 MiB, 62, P2, 1935 MHz, 9501 MHz, 168.41 W, 0x0000000000000000
2026/08/28 11:19:01.762, 99 %, 17618 MiB, 61, P2, 1935 MHz, 9501 MHz, 166.35 W, 0x0000000000000000
2026/08/28 11:19:06.784, 62 %, 20276 MiB, 65, P2, 1935 MHz, 9501 MHz, 246.70 W, 0x0000000000000000
2026/08/28 11:19:11.803, 70 %, 20276 MiB, 67, P2, 1935 MHz, 9501 MHz, 302.28 W, 0x0000000000000000
2026/08/28 11:19:16.821, 69 %, 20280 MiB, 68, P2, 1935 MHz, 9501 MHz, 288.39 W, 0x0000000000000000
2026/08/28 11:19:21.840, 100 %, 20288 MiB, 64, P2, 1935 MHz, 9501 MHz, 210.98 W, 0x0000000000000000
2026/08/28 11:19:26.862, 41 %, 20288 MiB, 68, P2, 1935 MHz, 9501 MHz, 280.13 W, 0x0000000000000000
2026/08/28 11:19:31.885, 40 %, 20288 MiB, 70, P2, 1935 MHz, 9501 MHz, 286.79 W, 0x0000000000000000
2026/08/28 11:19:36.906, 0 %, 346 MiB, 61, P0, 1695 MHz, 9751 MHz, 142.07 W, 0x0000000000000000
2026/08/28 11:19:41.925, 100 %, 19044 MiB, 62, P2, 1935 MHz, 9501 MHz, 162.33 W, 0x0000000000000000
2026/08/28 11:19:46.948, 99 %, 19044 MiB, 61, P2, 1935 MHz, 9501 MHz, 164.54 W, 0x0000000000000000
2026/08/28 11:19:51.969, 44 %, 22286 MiB, 64, P2, 1935 MHz, 9501 MHz, 269.53 W, 0x0000000000000000
2026/08/28 11:19:56.991, 99 %, 22292 MiB, 63, P2, 1935 MHz, 9501 MHz, 213.88 W, 0x0000000000000000
2026/08/28 11:20:02.016, 66 %, 22292 MiB, 66, P2, 1935 MHz, 9501 MHz, 274.51 W, 0x0000000000000004
2026/08/28 11:20:07.038, 0 %, 82 MiB, 63, P0, 1935 MHz, 9751 MHz, 174.16 W, 0x0000000000000000
2026/08/28 11:20:12.054, 0 %, 346 MiB, 60, P2, 1695 MHz, 9501 MHz, 134.49 W, 0x0000000000000000
2026/08/28 11:20:17.075, 100 %, 19362 MiB, 61, P2, 1950 MHz, 9501 MHz, 165.88 W, 0x0000000000000000
2026/08/28 11:20:22.101, 100 %, 19362 MiB, 60, P2, 1950 MHz, 9501 MHz, 166.08 W, 0x0000000000000000
2026/08/28 11:20:27.123, 82 %, 20768 MiB, 62, P2, 1950 MHz, 9501 MHz, 214.99 W, 0x0000000000000000
2026/08/28 11:20:32.143, 83 %, 20770 MiB, 63, P2, 1950 MHz, 9501 MHz, 223.94 W, 0x0000000000000000
2026/08/28 11:20:37.163, 83 %, 20770 MiB, 63, P2, 1950 MHz, 9501 MHz, 222.97 W, 0x0000000000000000
2026/08/28 11:20:42.181, 83 %, 20770 MiB, 63, P2, 1950 MHz, 9501 MHz, 224.61 W, 0x0000000000000000
2026/08/28 11:20:47.201, 84 %, 20772 MiB, 62, P2, 1950 MHz, 9501 MHz, 209.17 W, 0x0000000000000000
2026/08/28 11:20:52.222, 79 %, 20780 MiB, 62, P2, 1950 MHz, 9501 MHz, 225.44 W, 0x0000000000000000
2026/08/28 11:20:57.244, 81 %, 20780 MiB, 63, P2, 1950 MHz, 9501 MHz, 222.95 W, 0x0000000000000000
2026/08/28 11:21:02.266, 80 %, 20780 MiB, 63, P2, 1950 MHz, 9501 MHz, 228.57 W, 0x0000000000000000
2026/08/28 11:21:07.285, 81 %, 20780 MiB, 63, P2, 1950 MHz, 9501 MHz, 222.05 W, 0x0000000000000000
2026/08/28 11:21:12.305, 82 %, 20780 MiB, 62, P2, 1950 MHz, 9501 MHz, 222.64 W, 0x0000000000000000
2026/08/28 11:21:17.324, 83 %, 20780 MiB, 63, P2, 1950 MHz, 9501 MHz, 224.63 W, 0x0000000000000000
2026/08/28 11:21:22.346, 0 %, 82 MiB, 60, P0, 1950 MHz, 9751 MHz, 158.62 W, 0x0000000000000000
2026/08/28 11:21:27.365, 100 %, 20144 MiB, 58, P2, 1695 MHz, 9501 MHz, 129.76 W, 0x0000000000000000
2026/08/28 11:21:32.398, 99 %, 20144 MiB, 59, P2, 1950 MHz, 9501 MHz, 163.34 W, 0x0000000000000000
2026/08/28 11:21:37.423, 99 %, 20144 MiB, 59, P2, 1950 MHz, 9501 MHz, 163.08 W, 0x0000000000000000
2026/08/28 11:21:42.445, 54 %, 20816 MiB, 63, P2, 1935 MHz, 9501 MHz, 315.85 W, 0x0000000000000000
2026/08/28 11:21:47.465, 77 %, 20816 MiB, 67, P2, 1935 MHz, 9501 MHz, 326.50 W, 0x0000000000000000
2026/08/28 11:21:52.484, 77 %, 20820 MiB, 69, P2, 1935 MHz, 9501 MHz, 329.11 W, 0x0000000000000000
2026/08/28 11:21:57.505, 77 %, 20824 MiB, 68, P2, 1935 MHz, 9501 MHz, 268.51 W, 0x0000000000000000
2026/08/28 11:22:02.526, 76 %, 20824 MiB, 71, P2, 1935 MHz, 9501 MHz, 330.75 W, 0x0000000000000000
2026/08/28 11:22:07.546, 77 %, 20824 MiB, 71, P2, 1920 MHz, 9501 MHz, 329.35 W, 0x0000000000000000
2026/08/28 11:22:12.567, 0 %, 82 MiB, 65, P0, 1935 MHz, 9751 MHz, 168.10 W, 0x0000000000000000
2026/08/28 11:22:17.587, 58 %, 19362 MiB, 61, P2, 1695 MHz, 9501 MHz, 134.09 W, 0x0000000000000000
2026/08/28 11:22:22.612, 100 %, 19362 MiB, 62, P2, 1935 MHz, 9501 MHz, 168.69 W, 0x0000000000000000
2026/08/28 11:22:27.636, 99 %, 19362 MiB, 61, P2, 1935 MHz, 9501 MHz, 167.77 W, 0x0000000000000000
2026/08/28 11:22:32.661, 85 %, 20768 MiB, 63, P2, 1950 MHz, 9501 MHz, 223.63 W, 0x0000000000000000
2026/08/28 11:22:37.679, 80 %, 20772 MiB, 63, P2, 1950 MHz, 9501 MHz, 221.09 W, 0x0000000000000000
2026/08/28 11:22:42.699, 85 %, 20772 MiB, 64, P2, 1950 MHz, 9501 MHz, 232.00 W, 0x0000000000000000
2026/08/28 11:22:47.721, 84 %, 20772 MiB, 63, P2, 1950 MHz, 9501 MHz, 229.20 W, 0x0000000000000000
2026/08/28 11:22:52.740, 83 %, 20772 MiB, 63, P2, 1950 MHz, 9501 MHz, 222.85 W, 0x0000000000000000
2026/08/28 11:22:57.761, 80 %, 20772 MiB, 63, P2, 1950 MHz, 9501 MHz, 222.87 W, 0x0000000000000000
2026/08/28 11:23:02.785, 84 %, 20772 MiB, 63, P2, 1950 MHz, 9501 MHz, 224.03 W, 0x0000000000000000
2026/08/28 11:23:07.804, 84 %, 20774 MiB, 63, P2, 1950 MHz, 9501 MHz, 225.41 W, 0x0000000000000000
2026/08/28 11:23:12.824, 81 %, 20780 MiB, 63, P2, 1950 MHz, 9501 MHz, 226.99 W, 0x0000000000000000
2026/08/28 11:23:17.845, 81 %, 20780 MiB, 62, P2, 1950 MHz, 9501 MHz, 227.88 W, 0x0000000000000000
2026/08/28 11:23:22.865, 81 %, 20780 MiB, 63, P2, 1950 MHz, 9501 MHz, 225.82 W, 0x0000000000000000
2026/08/28 11:23:27.886, 81 %, 20780 MiB, 63, P2, 1950 MHz, 9501 MHz, 227.08 W, 0x0000000000000000
2026/08/28 11:23:32.905, 81 %, 20780 MiB, 63, P2, 1950 MHz, 9501 MHz, 231.20 W, 0x0000000000000000
2026/08/28 11:23:37.927, 81 %, 20780 MiB, 63, P2, 1950 MHz, 9501 MHz, 225.71 W, 0x0000000000000000
2026/08/28 11:23:42.949, 81 %, 20780 MiB, 64, P2, 1950 MHz, 9501 MHz, 229.95 W, 0x0000000000000000
2026/08/28 11:23:47.969, 81 %, 20780 MiB, 63, P2, 1950 MHz, 9501 MHz, 226.70 W, 0x0000000000000000
2026/08/28 11:23:52.989, 82 %, 20780 MiB, 63, P2, 1950 MHz, 9501 MHz, 222.20 W, 0x0000000000000000
2026/08/28 11:23:58.012, 81 %, 20780 MiB, 63, P2, 1950 MHz, 9501 MHz, 224.58 W, 0x0000000000000000
2026/08/28 11:24:03.033, 83 %, 20780 MiB, 63, P2, 1950 MHz, 9501 MHz, 222.47 W, 0x0000000000000000
2026/08/28 11:24:08.057, 81 %, 82 MiB, 61, P2, 1950 MHz, 9501 MHz, 212.45 W, 0x0000000000000000
2026/08/28 11:24:13.076, 0 %, 346 MiB, 59, P2, 1695 MHz, 9501 MHz, 158.08 W, 0x0000000000000000
2026/08/28 11:24:18.097, 100 %, 20144 MiB, 59, P2, 1950 MHz, 9501 MHz, 161.32 W, 0x0000000000000000
2026/08/28 11:24:23.118, 100 %, 20144 MiB, 59, P2, 1950 MHz, 9501 MHz, 160.12 W, 0x0000000000000000
2026/08/28 11:24:28.138, 77 %, 20816 MiB, 66, P2, 1935 MHz, 9501 MHz, 322.45 W, 0x0000000000000000
2026/08/28 11:24:33.157, 49 %, 20824 MiB, 66, P2, 1935 MHz, 9501 MHz, 279.80 W, 0x0000000000000000
2026/08/28 11:24:38.176, 77 %, 20824 MiB, 68, P2, 1935 MHz, 9501 MHz, 327.13 W, 0x0000000000000000
2026/08/28 11:24:43.198, 0 %, 346 MiB, 61, P2, 1950 MHz, 9501 MHz, 154.10 W, 0x0000000000000000
2026/08/28 11:24:48.218, 100 %, 19044 MiB, 60, P2, 1950 MHz, 9501 MHz, 165.81 W, 0x0000000000000000
2026/08/28 11:24:53.246, 100 %, 19044 MiB, 59, P2, 1950 MHz, 9501 MHz, 162.58 W, 0x0000000000000000
2026/08/28 11:24:58.269, 79 %, 22286 MiB, 65, P2, 1950 MHz, 9501 MHz, 298.57 W, 0x0000000000000000
2026/08/28 11:25:03.291, 76 %, 22286 MiB, 67, P2, 1950 MHz, 9501 MHz, 328.15 W, 0x0000000000000000
2026/08/28 11:25:08.312, 77 %, 22288 MiB, 68, P2, 1950 MHz, 9501 MHz, 320.25 W, 0x0000000000000000
2026/08/28 11:25:13.334, 78 %, 22292 MiB, 69, P2, 1950 MHz, 9501 MHz, 307.85 W, 0x0000000000000000
2026/08/28 11:25:18.355, 77 %, 22292 MiB, 70, P2, 1935 MHz, 9501 MHz, 333.33 W, 0x0000000000000000
2026/08/28 11:25:23.377, 79 %, 22292 MiB, 70, P2, 1920 MHz, 9501 MHz, 319.98 W, 0x0000000000000004
2026/08/28 11:25:28.399, 0 %, 346 MiB, 63, P2, 1950 MHz, 9501 MHz, 155.78 W, 0x0000000000000000
2026/08/28 11:25:33.420, 100 %, 19044 MiB, 62, P2, 1950 MHz, 9501 MHz, 170.97 W, 0x0000000000000000
2026/08/28 11:25:38.443, 99 %, 19044 MiB, 61, P2, 1950 MHz, 9501 MHz, 170.16 W, 0x0000000000000000
2026/08/28 11:25:43.469, 99 %, 21094 MiB, 61, P2, 1950 MHz, 9501 MHz, 170.43 W, 0x0000000000000000
2026/08/28 11:25:48.500, 76 %, 22286 MiB, 67, P2, 1935 MHz, 9501 MHz, 327.37 W, 0x0000000000000000
2026/08/28 11:25:53.519, 98 %, 22292 MiB, 68, P2, 1950 MHz, 9501 MHz, 267.11 W, 0x0000000000000000
2026/08/28 11:25:58.540, 78 %, 22292 MiB, 69, P2, 1935 MHz, 9501 MHz, 318.18 W, 0x0000000000000004
2026/08/28 11:26:03.561, 0 %, 346 MiB, 62, P2, 1950 MHz, 9501 MHz, 168.71 W, 0x0000000000000000
2026/08/28 11:26:08.582, 99 %, 18082 MiB, 61, P2, 1950 MHz, 9501 MHz, 167.18 W, 0x0000000000000000
2026/08/28 11:26:13.609, 100 %, 18082 MiB, 60, P2, 1950 MHz, 9501 MHz, 166.18 W, 0x0000000000000000
2026/08/28 11:26:18.632, 41 %, 21828 MiB, 64, P2, 1950 MHz, 9501 MHz, 206.74 W, 0x0000000000000000
2026/08/28 11:26:23.654, 74 %, 21830 MiB, 67, P2, 1950 MHz, 9501 MHz, 317.48 W, 0x0000000000000000
2026/08/28 11:26:28.674, 73 %, 21834 MiB, 67, P2, 1950 MHz, 9501 MHz, 291.96 W, 0x0000000000000000
2026/08/28 11:26:33.697, 72 %, 21834 MiB, 68, P2, 1950 MHz, 9501 MHz, 319.61 W, 0x0000000000000000
2026/08/28 11:26:38.717, 0 %, 346 MiB, 61, P2, 1950 MHz, 9501 MHz, 165.61 W, 0x0000000000000000
2026/08/28 11:26:43.737, 100 %, 20144 MiB, 60, P2, 1950 MHz, 9501 MHz, 164.87 W, 0x0000000000000000
2026/08/28 11:26:48.762, 100 %, 20144 MiB, 60, P2, 1950 MHz, 9501 MHz, 165.79 W, 0x0000000000000000
2026/08/28 11:26:53.785, 77 %, 20816 MiB, 66, P2, 1950 MHz, 9501 MHz, 324.00 W, 0x0000000000000000
2026/08/28 11:26:58.808, 76 %, 20816 MiB, 68, P2, 1950 MHz, 9501 MHz, 292.89 W, 0x0000000000000000
2026/08/28 11:27:03.827, 78 %, 20820 MiB, 66, P2, 1950 MHz, 9501 MHz, 293.20 W, 0x0000000000000004
2026/08/28 11:27:08.847, 78 %, 20824 MiB, 70, P2, 1935 MHz, 9501 MHz, 330.12 W, 0x0000000000000000
2026/08/28 11:27:13.868, 78 %, 20824 MiB, 71, P2, 1935 MHz, 9501 MHz, 319.57 W, 0x0000000000000000
2026/08/28 11:27:18.889, 46 %, 20824 MiB, 72, P2, 1935 MHz, 9501 MHz, 307.00 W, 0x0000000000000000
2026/08/28 11:27:23.910, 75 %, 392 MiB, 73, P2, 1935 MHz, 9501 MHz, 339.85 W, 0x0000000000000000
2026/08/28 11:27:28.928, 0 %, 346 MiB, 64, P2, 1950 MHz, 9501 MHz, 173.71 W, 0x0000000000000000
2026/08/28 11:27:33.948, 99 %, 18082 MiB, 62, P2, 1950 MHz, 9501 MHz, 171.63 W, 0x0000000000000000
2026/08/28 11:27:38.971, 100 %, 18082 MiB, 62, P2, 1950 MHz, 9501 MHz, 170.64 W, 0x0000000000000000
2026/08/28 11:27:43.996, 69 %, 21828 MiB, 67, P2, 1950 MHz, 9501 MHz, 302.25 W, 0x0000000000000004
2026/08/28 11:27:49.017, 70 %, 21828 MiB, 68, P2, 1935 MHz, 9501 MHz, 317.98 W, 0x0000000000000004
2026/08/28 11:27:54.038, 70 %, 21830 MiB, 69, P2, 1935 MHz, 9501 MHz, 272.83 W, 0x0000000000000004
2026/08/28 11:27:59.060, 100 %, 21834 MiB, 68, P2, 1935 MHz, 9501 MHz, 230.29 W, 0x0000000000000004
2026/08/28 11:28:04.083, 65 %, 21834 MiB, 69, P2, 1935 MHz, 9501 MHz, 288.73 W, 0x0000000000000004
2026/08/28 11:28:09.104, 62 %, 21834 MiB, 70, P2, 1935 MHz, 9501 MHz, 290.51 W, 0x0000000000000004
2026/08/28 11:28:14.126, 0 %, 82 MiB, 64, P0, 1935 MHz, 9751 MHz, 169.02 W, 0x0000000000000000
2026/08/28 11:28:19.145, 100 %, 20144 MiB, 62, P2, 1950 MHz, 9501 MHz, 152.13 W, 0x0000000000000000
2026/08/28 11:28:24.171, 100 %, 20144 MiB, 61, P2, 1950 MHz, 9501 MHz, 170.29 W, 0x0000000000000000
2026/08/28 11:28:29.194, 100 %, 20144 MiB, 61, P2, 1950 MHz, 9501 MHz, 169.00 W, 0x0000000000000000
2026/08/28 11:28:34.218, 77 %, 20816 MiB, 67, P2, 1950 MHz, 9501 MHz, 296.07 W, 0x0000000000000004
2026/08/28 11:28:39.240, 77 %, 20824 MiB, 69, P2, 1935 MHz, 9501 MHz, 327.39 W, 0x0000000000000004
2026/08/28 11:28:44.262, 78 %, 20824 MiB, 69, P2, 1935 MHz, 9501 MHz, 310.07 W, 0x0000000000000004
2026/08/28 11:28:49.482, 0 %, 346 MiB, 60, P0, 660 MHz, 5001 MHz, 158.21 W, 0x0000000000000000
2026/08/28 11:28:54.502, 100 %, 17618 MiB, 61, P2, 1950 MHz, 9501 MHz, 168.19 W, 0x0000000000000000
2026/08/28 11:28:59.526, 100 %, 17618 MiB, 61, P2, 1950 MHz, 9501 MHz, 168.07 W, 0x0000000000000000
2026/08/28 11:29:04.549, 100 %, 20248 MiB, 60, P2, 1950 MHz, 9501 MHz, 168.53 W, 0x0000000000000000
2026/08/28 11:29:09.569, 65 %, 20276 MiB, 66, P2, 1950 MHz, 9501 MHz, 307.56 W, 0x0000000000000000
2026/08/28 11:29:14.587, 68 %, 20288 MiB, 66, P2, 1950 MHz, 9501 MHz, 221.63 W, 0x0000000000000000
2026/08/28 11:29:19.608, 69 %, 20288 MiB, 68, P2, 1950 MHz, 9501 MHz, 312.71 W, 0x0000000000000004
2026/08/28 11:29:24.628, 0 %, 346 MiB, 61, P2, 1950 MHz, 9501 MHz, 167.29 W, 0x0000000000000000
2026/08/28 11:29:29.650, 100 %, 19362 MiB, 60, P2, 1950 MHz, 9501 MHz, 167.57 W, 0x0000000000000000
2026/08/28 11:29:34.674, 100 %, 19362 MiB, 60, P2, 1950 MHz, 9501 MHz, 166.55 W, 0x0000000000000000
2026/08/28 11:29:39.696, 62 %, 20768 MiB, 61, P2, 1950 MHz, 9501 MHz, 176.84 W, 0x0000000000000004
2026/08/28 11:29:44.717, 84 %, 20770 MiB, 61, P2, 1950 MHz, 9501 MHz, 222.35 W, 0x0000000000000000
2026/08/28 11:29:49.741, 82 %, 20772 MiB, 62, P2, 1950 MHz, 9501 MHz, 221.82 W, 0x0000000000000000
2026/08/28 11:29:54.762, 82 %, 20772 MiB, 63, P2, 1950 MHz, 9501 MHz, 226.83 W, 0x0000000000000000
2026/08/28 11:29:59.785, 85 %, 20772 MiB, 63, P2, 1950 MHz, 9501 MHz, 230.71 W, 0x0000000000000000
2026/08/28 11:30:04.805, 84 %, 20772 MiB, 62, P2, 1950 MHz, 9501 MHz, 223.79 W, 0x0000000000000000
2026/08/28 11:30:09.824, 81 %, 20772 MiB, 63, P2, 1950 MHz, 9501 MHz, 228.56 W, 0x0000000000000000
2026/08/28 11:30:14.842, 70 %, 20772 MiB, 63, P2, 1950 MHz, 9501 MHz, 213.24 W, 0x0000000000000000
2026/08/28 11:30:19.863, 82 %, 20774 MiB, 63, P2, 1950 MHz, 9501 MHz, 235.49 W, 0x0000000000000000
2026/08/28 11:30:24.881, 79 %, 20780 MiB, 63, P2, 1950 MHz, 9501 MHz, 230.20 W, 0x0000000000000000
2026/08/28 11:30:29.901, 80 %, 20780 MiB, 63, P2, 1950 MHz, 9501 MHz, 228.53 W, 0x0000000000000000
2026/08/28 11:30:34.921, 82 %, 20780 MiB, 63, P2, 1950 MHz, 9501 MHz, 228.08 W, 0x0000000000000000
2026/08/28 11:30:39.942, 80 %, 20780 MiB, 64, P2, 1950 MHz, 9501 MHz, 231.02 W, 0x0000000000000000
2026/08/28 11:30:44.965, 80 %, 20780 MiB, 63, P2, 1950 MHz, 9501 MHz, 230.55 W, 0x0000000000000000
2026/08/28 11:30:49.983, 81 %, 20780 MiB, 63, P2, 1950 MHz, 9501 MHz, 223.84 W, 0x0000000000000000
2026/08/28 11:30:55.005, 83 %, 20780 MiB, 64, P2, 1950 MHz, 9501 MHz, 223.86 W, 0x0000000000000004
2026/08/28 11:31:00.026, 81 %, 20780 MiB, 63, P2, 1950 MHz, 9501 MHz, 229.27 W, 0x0000000000000000
2026/08/28 11:31:05.048, 83 %, 20780 MiB, 64, P2, 1950 MHz, 9501 MHz, 228.74 W, 0x0000000000000000
2026/08/28 11:31:10.071, 83 %, 20780 MiB, 64, P2, 1950 MHz, 9501 MHz, 227.88 W, 0x0000000000000000
2026/08/28 11:31:15.091, 83 %, 20780 MiB, 64, P2, 1950 MHz, 9501 MHz, 226.92 W, 0x0000000000000000
2026/08/28 11:31:20.112, 0 %, 82 MiB, 62, P0, 1950 MHz, 9751 MHz, 169.82 W, 0x0000000000000000
2026/08/28 11:31:25.133, 0 %, 17618 MiB, 59, P2, 1950 MHz, 9501 MHz, 130.85 W, 0x0000000000000000
2026/08/28 11:31:30.160, 100 %, 17618 MiB, 60, P2, 1950 MHz, 9501 MHz, 166.26 W, 0x0000000000000000
2026/08/28 11:31:35.185, 100 %, 18762 MiB, 60, P2, 1950 MHz, 9501 MHz, 165.80 W, 0x0000000000000000
2026/08/28 11:31:40.205, 63 %, 20276 MiB, 66, P2, 1950 MHz, 9501 MHz, 282.71 W, 0x0000000000000000
2026/08/28 11:31:45.229, 68 %, 20276 MiB, 67, P2, 1950 MHz, 9501 MHz, 310.67 W, 0x0000000000000004
2026/08/28 11:31:50.252, 86 %, 20288 MiB, 67, P2, 1950 MHz, 9501 MHz, 225.04 W, 0x0000000000000000
2026/08/28 11:31:55.275, 69 %, 20288 MiB, 66, P2, 1935 MHz, 9501 MHz, 280.19 W, 0x0000000000000004
2026/08/28 11:32:00.293, 56 %, 20288 MiB, 69, P2, 1935 MHz, 9501 MHz, 282.36 W, 0x0000000000000000
2026/08/28 11:32:05.313, 0 %, 82 MiB, 64, P0, 1935 MHz, 9751 MHz, 169.01 W, 0x0000000000000000
2026/08/28 11:32:10.334, 3 %, 346 MiB, 61, P2, 1695 MHz, 9501 MHz, 152.46 W, 0x0000000000000000
2026/08/28 11:32:15.359, 99 %, 19362 MiB, 61, P2, 1950 MHz, 9501 MHz, 165.68 W, 0x0000000000000000
2026/08/28 11:32:20.383, 99 %, 19362 MiB, 61, P2, 1950 MHz, 9501 MHz, 167.21 W, 0x0000000000000000
2026/08/28 11:32:25.406, 78 %, 20770 MiB, 63, P2, 1950 MHz, 9501 MHz, 225.49 W, 0x0000000000000000
2026/08/28 11:32:30.426, 84 %, 20770 MiB, 63, P2, 1950 MHz, 9501 MHz, 216.88 W, 0x0000000000000000
2026/08/28 11:32:35.446, 82 %, 20770 MiB, 63, P2, 1950 MHz, 9501 MHz, 227.82 W, 0x0000000000000000
2026/08/28 11:32:40.465, 81 %, 20772 MiB, 63, P2, 1950 MHz, 9501 MHz, 226.11 W, 0x0000000000000000
2026/08/28 11:32:45.483, 82 %, 20778 MiB, 63, P2, 1950 MHz, 9501 MHz, 210.18 W, 0x0000000000000000
2026/08/28 11:32:50.503, 85 %, 20780 MiB, 64, P2, 1950 MHz, 9501 MHz, 232.20 W, 0x0000000000000000
2026/08/28 11:32:55.524, 81 %, 20780 MiB, 64, P2, 1950 MHz, 9501 MHz, 231.98 W, 0x0000000000000000
2026/08/28 11:33:00.546, 84 %, 20780 MiB, 63, P2, 1950 MHz, 9501 MHz, 223.31 W, 0x0000000000000000
2026/08/28 11:33:05.564, 78 %, 20780 MiB, 63, P2, 1950 MHz, 9501 MHz, 229.15 W, 0x0000000000000000
2026/08/28 11:33:10.584, 84 %, 20780 MiB, 63, P2, 1950 MHz, 9501 MHz, 226.05 W, 0x0000000000000000
2026/08/28 11:33:15.606, 70 %, 20780 MiB, 63, P2, 1950 MHz, 9501 MHz, 220.32 W, 0x0000000000000000
2026/08/28 11:33:20.625, 0 %, 346 MiB, 60, P2, 1950 MHz, 9501 MHz, 152.46 W, 0x0000000000000000
2026/08/28 11:33:25.643, 99 %, 20144 MiB, 59, P2, 1950 MHz, 9501 MHz, 156.11 W, 0x0000000000000000
2026/08/28 11:33:30.665, 57 %, 20816 MiB, 61, P2, 1950 MHz, 9501 MHz, 168.75 W, 0x0000000000000004
2026/08/28 11:33:35.686, 80 %, 20816 MiB, 67, P2, 1935 MHz, 9501 MHz, 325.86 W, 0x0000000000000000
2026/08/28 11:33:40.707, 78 %, 20816 MiB, 68, P2, 1935 MHz, 9501 MHz, 325.21 W, 0x0000000000000000
2026/08/28 11:33:45.731, 77 %, 20824 MiB, 69, P2, 1935 MHz, 9501 MHz, 260.12 W, 0x0000000000000000
2026/08/28 11:33:50.752, 78 %, 20824 MiB, 70, P2, 1935 MHz, 9501 MHz, 329.95 W, 0x0000000000000004
2026/08/28 11:33:55.771, 77 %, 20824 MiB, 71, P2, 1935 MHz, 9501 MHz, 332.02 W, 0x0000000000000004
2026/08/28 11:34:00.792, 80 %, 20824 MiB, 72, P2, 1920 MHz, 9501 MHz, 332.20 W, 0x0000000000000004
2026/08/28 11:34:05.812, 0 %, 598 MiB, 64, P2, 1935 MHz, 9501 MHz, 152.29 W, 0x0000000000000000
2026/08/28 11:34:10.833, 99 %, 20144 MiB, 63, P2, 1950 MHz, 9501 MHz, 169.68 W, 0x0000000000000000
2026/08/28 11:34:15.856, 99 %, 20144 MiB, 61, P2, 1950 MHz, 9501 MHz, 162.47 W, 0x0000000000000000
2026/08/28 11:34:20.881, 77 %, 20816 MiB, 67, P2, 1935 MHz, 9501 MHz, 293.36 W, 0x0000000000000000
2026/08/28 11:34:25.900, 76 %, 20824 MiB, 69, P2, 1935 MHz, 9501 MHz, 328.70 W, 0x0000000000000000
2026/08/28 11:34:30.919, 77 %, 20824 MiB, 70, P2, 1935 MHz, 9501 MHz, 300.61 W, 0x0000000000000000
2026/08/28 11:34:35.968, 0 %, 99 MiB, 64, P0, 1935 MHz, 9751 MHz, 172.05 W, 0x0000000000000000
2026/08/28 11:34:40.988, 100 %, 19044 MiB, 61, P2, 1950 MHz, 9501 MHz, 148.00 W, 0x0000000000000000
2026/08/28 11:34:46.015, 100 %, 19044 MiB, 61, P2, 1950 MHz, 9501 MHz, 166.46 W, 0x0000000000000000
2026/08/28 11:34:51.041, 100 %, 19044 MiB, 60, P2, 1950 MHz, 9501 MHz, 165.74 W, 0x0000000000000000
2026/08/28 11:34:56.064, 76 %, 22286 MiB, 67, P2, 1935 MHz, 9501 MHz, 323.03 W, 0x0000000000000000
2026/08/28 11:35:01.085, 79 %, 22292 MiB, 62, P2, 1935 MHz, 9501 MHz, 263.23 W, 0x0000000000000004
2026/08/28 11:35:06.105, 78 %, 22292 MiB, 68, P2, 1935 MHz, 9501 MHz, 321.49 W, 0x0000000000000004
2026/08/28 11:35:11.125, 0 %, 346 MiB, 61, P2, 1950 MHz, 9501 MHz, 144.90 W, 0x0000000000000000
2026/08/28 11:35:16.147, 99 %, 19362 MiB, 60, P2, 1950 MHz, 9501 MHz, 162.55 W, 0x0000000000000000
2026/08/28 11:35:21.170, 100 %, 19362 MiB, 60, P2, 1950 MHz, 9501 MHz, 161.83 W, 0x0000000000000000
2026/08/28 11:35:26.190, 84 %, 20768 MiB, 62, P2, 1950 MHz, 9501 MHz, 224.47 W, 0x0000000000000000
2026/08/28 11:35:31.209, 84 %, 20772 MiB, 62, P2, 1950 MHz, 9501 MHz, 231.46 W, 0x0000000000000000
2026/08/28 11:35:36.228, 84 %, 20772 MiB, 63, P2, 1950 MHz, 9501 MHz, 226.86 W, 0x0000000000000000
2026/08/28 11:35:41.246, 84 %, 20772 MiB, 62, P2, 1950 MHz, 9501 MHz, 223.56 W, 0x0000000000000000
2026/08/28 11:35:46.264, 81 %, 20772 MiB, 62, P2, 1950 MHz, 9501 MHz, 221.11 W, 0x0000000000000000
2026/08/28 11:35:51.283, 82 %, 20772 MiB, 63, P2, 1950 MHz, 9501 MHz, 222.87 W, 0x0000000000000000
2026/08/28 11:35:56.303, 84 %, 20772 MiB, 62, P2, 1950 MHz, 9501 MHz, 224.61 W, 0x0000000000000000
2026/08/28 11:36:01.320, 81 %, 20774 MiB, 63, P2, 1950 MHz, 9501 MHz, 222.72 W, 0x0000000000000000
2026/08/28 11:36:06.338, 72 %, 20780 MiB, 62, P2, 1950 MHz, 9501 MHz, 206.52 W, 0x0000000000000000
2026/08/28 11:36:11.358, 83 %, 20780 MiB, 63, P2, 1950 MHz, 9501 MHz, 228.97 W, 0x0000000000000000
2026/08/28 11:36:16.378, 79 %, 20780 MiB, 63, P2, 1950 MHz, 9501 MHz, 228.89 W, 0x0000000000000000
2026/08/28 11:36:21.396, 78 %, 20780 MiB, 63, P2, 1950 MHz, 9501 MHz, 224.64 W, 0x0000000000000000
2026/08/28 11:36:26.417, 81 %, 20780 MiB, 63, P2, 1950 MHz, 9501 MHz, 217.97 W, 0x0000000000000000
2026/08/28 11:36:31.438, 82 %, 20780 MiB, 63, P2, 1950 MHz, 9501 MHz, 225.34 W, 0x0000000000000000
2026/08/28 11:36:36.459, 83 %, 20780 MiB, 63, P2, 1950 MHz, 9501 MHz, 225.73 W, 0x0000000000000000
2026/08/28 11:36:41.480, 83 %, 20780 MiB, 63, P2, 1950 MHz, 9501 MHz, 222.70 W, 0x0000000000000000
2026/08/28 11:36:46.504, 83 %, 20780 MiB, 63, P2, 1950 MHz, 9501 MHz, 222.76 W, 0x0000000000000000
2026/08/28 11:36:51.523, 80 %, 20780 MiB, 63, P2, 1950 MHz, 9501 MHz, 224.40 W, 0x0000000000000000
2026/08/28 11:36:56.543, 79 %, 20780 MiB, 63, P2, 1950 MHz, 9501 MHz, 226.03 W, 0x0000000000000000
2026/08/28 11:37:01.563, 84 %, 20780 MiB, 63, P2, 1950 MHz, 9501 MHz, 226.60 W, 0x0000000000000000
2026/08/28 11:37:06.581, 0 %, 346 MiB, 60, P2, 1950 MHz, 9501 MHz, 161.38 W, 0x0000000000000000
2026/08/28 11:37:11.611, 99 %, 19044 MiB, 60, P2, 1950 MHz, 9501 MHz, 164.82 W, 0x0000000000000000
2026/08/28 11:37:16.637, 100 %, 19044 MiB, 59, P2, 1950 MHz, 9501 MHz, 163.80 W, 0x0000000000000000
2026/08/28 11:37:21.660, 77 %, 22286 MiB, 63, P2, 1950 MHz, 9501 MHz, 207.01 W, 0x0000000000000000
2026/08/28 11:37:26.681, 75 %, 22286 MiB, 67, P2, 1935 MHz, 9501 MHz, 314.83 W, 0x0000000000000000
2026/08/28 11:37:31.703, 76 %, 22288 MiB, 67, P2, 1935 MHz, 9501 MHz, 284.87 W, 0x0000000000000004
2026/08/28 11:37:36.723, 75 %, 22292 MiB, 68, P2, 1935 MHz, 9501 MHz, 248.58 W, 0x0000000000000000
2026/08/28 11:37:41.744, 79 %, 22292 MiB, 69, P2, 1935 MHz, 9501 MHz, 290.23 W, 0x0000000000000004
2026/08/28 11:37:46.765, 80 %, 22292 MiB, 70, P2, 1920 MHz, 9501 MHz, 286.63 W, 0x0000000000000004
2026/08/28 11:37:51.947, 0 %, 99 MiB, 64, P3, 1935 MHz, 9751 MHz, 164.70 W, 0x0000000000000001
2026/08/28 11:37:56.967, 100 %, 19362 MiB, 62, P2, 1935 MHz, 9501 MHz, 168.27 W, 0x0000000000000000
2026/08/28 11:38:01.989, 100 %, 19362 MiB, 61, P2, 1935 MHz, 9501 MHz, 166.50 W, 0x0000000000000000
2026/08/28 11:38:07.016, 100 %, 20004 MiB, 61, P2, 1935 MHz, 9501 MHz, 165.87 W, 0x0000000000000000
2026/08/28 11:38:12.034, 77 %, 20770 MiB, 63, P2, 1950 MHz, 9501 MHz, 220.83 W, 0x0000000000000000
2026/08/28 11:38:17.054, 84 %, 20770 MiB, 63, P2, 1950 MHz, 9501 MHz, 211.79 W, 0x0000000000000000
2026/08/28 11:38:22.073, 83 %, 20770 MiB, 63, P2, 1950 MHz, 9501 MHz, 225.43 W, 0x0000000000000000
2026/08/28 11:38:27.093, 84 %, 20772 MiB, 63, P2, 1950 MHz, 9501 MHz, 226.36 W, 0x0000000000000000
2026/08/28 11:38:32.113, 84 %, 20778 MiB, 63, P2, 1950 MHz, 9501 MHz, 207.94 W, 0x0000000000000000
2026/08/28 11:38:37.130, 84 %, 20780 MiB, 63, P2, 1950 MHz, 9501 MHz, 231.35 W, 0x0000000000000000
2026/08/28 11:38:42.148, 82 %, 20780 MiB, 63, P2, 1950 MHz, 9501 MHz, 229.60 W, 0x0000000000000000
2026/08/28 11:38:47.168, 82 %, 20780 MiB, 63, P2, 1950 MHz, 9501 MHz, 224.33 W, 0x0000000000000000
2026/08/28 11:38:52.186, 78 %, 20780 MiB, 63, P2, 1950 MHz, 9501 MHz, 225.94 W, 0x0000000000000000
2026/08/28 11:38:57.206, 82 %, 20780 MiB, 63, P2, 1950 MHz, 9501 MHz, 224.37 W, 0x0000000000000000
2026/08/28 11:39:02.226, 68 %, 20780 MiB, 63, P2, 1950 MHz, 9501 MHz, 217.23 W, 0x0000000000000000
2026/08/28 11:39:07.246, 0 %, 346 MiB, 60, P2, 1950 MHz, 9501 MHz, 142.60 W, 0x0000000000000000
2026/08/28 11:39:12.265, 100 %, 18082 MiB, 60, P2, 1950 MHz, 9501 MHz, 164.73 W, 0x0000000000000000
2026/08/28 11:39:17.293, 100 %, 18082 MiB, 59, P2, 1950 MHz, 9501 MHz, 163.97 W, 0x0000000000000000
2026/08/28 11:39:22.318, 29 %, 21792 MiB, 59, P2, 1950 MHz, 9501 MHz, 166.73 W, 0x0000000000000000
2026/08/28 11:39:27.338, 67 %, 21828 MiB, 65, P2, 1935 MHz, 9501 MHz, 312.36 W, 0x0000000000000000
2026/08/28 11:39:32.359, 69 %, 21834 MiB, 64, P2, 1935 MHz, 9501 MHz, 217.10 W, 0x0000000000000000
2026/08/28 11:39:37.379, 70 %, 21834 MiB, 67, P2, 1935 MHz, 9501 MHz, 313.58 W, 0x0000000000000000
2026/08/28 11:39:42.406, 0 %, 346 MiB, 60, P2, 1950 MHz, 9501 MHz, 142.15 W, 0x0000000000000000
2026/08/28 11:39:47.426, 100 %, 17618 MiB, 60, P2, 1950 MHz, 9501 MHz, 164.83 W, 0x0000000000000000
2026/08/28 11:39:52.449, 100 %, 17618 MiB, 59, P2, 1950 MHz, 9501 MHz, 163.88 W, 0x0000000000000000
2026/08/28 11:39:57.471, 68 %, 20276 MiB, 63, P2, 1950 MHz, 9501 MHz, 190.86 W, 0x0000000000000000
2026/08/28 11:40:02.491, 69 %, 20276 MiB, 66, P2, 1950 MHz, 9501 MHz, 283.41 W, 0x0000000000000000
2026/08/28 11:40:07.514, 70 %, 20280 MiB, 67, P2, 1950 MHz, 9501 MHz, 272.53 W, 0x0000000000000000
2026/08/28 11:40:12.535, 99 %, 20288 MiB, 64, P2, 1950 MHz, 9501 MHz, 277.90 W, 0x0000000000000000
2026/08/28 11:40:17.555, 55 %, 20288 MiB, 66, P2, 1950 MHz, 9501 MHz, 292.99 W, 0x0000000000000004
2026/08/28 11:40:22.574, 60 %, 20288 MiB, 67, P2, 1935 MHz, 9501 MHz, 291.45 W, 0x0000000000000000
2026/08/28 11:40:27.730, 0 %, 346 MiB, 63, P2, 1950 MHz, 9751 MHz, 144.37 W, 0x0000000000000000
2026/08/28 11:40:32.749, 100 %, 18082 MiB, 62, P2, 1950 MHz, 9501 MHz, 169.25 W, 0x0000000000000000
2026/08/28 11:40:37.775, 100 %, 18082 MiB, 61, P2, 1950 MHz, 9501 MHz, 168.80 W, 0x0000000000000000
2026/08/28 11:40:42.799, 0 %, 20636 MiB, 61, P2, 1950 MHz, 9501 MHz, 169.91 W, 0x0000000000000000
2026/08/28 11:40:47.826, 72 %, 21828 MiB, 65, P2, 1950 MHz, 9501 MHz, 309.63 W, 0x0000000000000000
2026/08/28 11:40:52.847, 73 %, 21828 MiB, 69, P2, 1950 MHz, 9501 MHz, 319.81 W, 0x0000000000000000
2026/08/28 11:40:57.865, 66 %, 21834 MiB, 68, P2, 1950 MHz, 9501 MHz, 291.78 W, 0x0000000000000000
2026/08/28 11:41:02.883, 68 %, 21834 MiB, 69, P2, 1935 MHz, 9501 MHz, 284.06 W, 0x0000000000000004
2026/08/28 11:41:07.904, 72 %, 21834 MiB, 70, P2, 1935 MHz, 9501 MHz, 318.95 W, 0x0000000000000004
2026/08/28 11:41:12.926, 68 %, 21834 MiB, 72, P2, 1935 MHz, 9501 MHz, 323.69 W, 0x0000000000000004
2026/08/28 11:41:17.948, 0 %, 346 MiB, 63, P2, 1950 MHz, 9501 MHz, 171.54 W, 0x0000000000000000
2026/08/28 11:41:22.970, 100 %, 17618 MiB, 62, P2, 1950 MHz, 9501 MHz, 170.78 W, 0x0000000000000000
2026/08/28 11:41:27.998, 100 %, 17618 MiB, 61, P2, 1950 MHz, 9501 MHz, 169.38 W, 0x0000000000000000
2026/08/28 11:41:33.020, 65 %, 20276 MiB, 65, P2, 1950 MHz, 9501 MHz, 255.58 W, 0x0000000000000000
2026/08/28 11:41:38.038, 100 %, 20288 MiB, 62, P2, 1950 MHz, 9501 MHz, 196.86 W, 0x0000000000000000
2026/08/28 11:41:43.056, 69 %, 20288 MiB, 67, P2, 1950 MHz, 9501 MHz, 277.08 W, 0x0000000000000000
2026/08/28 11:41:48.074, 100 %, 82 MiB, 63, P0, 1950 MHz, 9751 MHz, 183.21 W, 0x0000000000000000
2026/08/28 11:41:53.093, 7 %, 346 MiB, 59, P2, 1695 MHz, 9501 MHz, 144.84 W, 0x0000000000000000
2026/08/28 11:41:58.113, 100 %, 19362 MiB, 60, P2, 1950 MHz, 9501 MHz, 168.21 W, 0x0000000000000000
2026/08/28 11:42:03.136, 100 %, 19362 MiB, 60, P2, 1950 MHz, 9501 MHz, 167.11 W, 0x0000000000000000
2026/08/28 11:42:08.160, 80 %, 20768 MiB, 61, P2, 1950 MHz, 9501 MHz, 221.66 W, 0x0000000000000000
2026/08/28 11:42:13.179, 80 %, 20770 MiB, 62, P2, 1950 MHz, 9501 MHz, 223.88 W, 0x0000000000000000
2026/08/28 11:42:18.200, 80 %, 20770 MiB, 62, P2, 1950 MHz, 9501 MHz, 227.36 W, 0x0000000000000000
2026/08/28 11:42:23.223, 85 %, 20770 MiB, 62, P2, 1950 MHz, 9501 MHz, 225.38 W, 0x0000000000000000
2026/08/28 11:42:28.245, 81 %, 20772 MiB, 62, P2, 1935 MHz, 9501 MHz, 227.51 W, 0x0000000000000004
2026/08/28 11:42:33.264, 84 %, 20780 MiB, 63, P2, 1950 MHz, 9501 MHz, 231.40 W, 0x0000000000000000
2026/08/28 11:42:38.284, 83 %, 20780 MiB, 63, P2, 1950 MHz, 9501 MHz, 218.73 W, 0x0000000000000000
2026/08/28 11:42:43.303, 82 %, 20780 MiB, 63, P2, 1950 MHz, 9501 MHz, 216.74 W, 0x0000000000000000
2026/08/28 11:42:48.322, 83 %, 20780 MiB, 63, P2, 1950 MHz, 9501 MHz, 224.30 W, 0x0000000000000000
2026/08/28 11:42:53.343, 85 %, 20780 MiB, 63, P2, 1950 MHz, 9501 MHz, 225.19 W, 0x0000000000000000
2026/08/28 11:42:58.364, 85 %, 20780 MiB, 62, P2, 1950 MHz, 9501 MHz, 225.79 W, 0x0000000000000000
2026/08/28 11:43:03.389, 79 %, 82 MiB, 61, P0, 1950 MHz, 9501 MHz, 192.39 W, 0x0000000000000000
2026/08/28 11:43:08.406, 19 %, 346 MiB, 58, P2, 1695 MHz, 9501 MHz, 150.69 W, 0x0000000000000000
2026/08/28 11:43:13.428, 100 %, 17618 MiB, 59, P2, 1965 MHz, 9501 MHz, 166.35 W, 0x0000000000000000
2026/08/28 11:43:18.452, 99 %, 17618 MiB, 59, P2, 1965 MHz, 9501 MHz, 166.06 W, 0x0000000000000000
2026/08/28 11:43:23.476, 72 %, 20276 MiB, 65, P2, 1950 MHz, 9501 MHz, 310.62 W, 0x0000000000000004
2026/08/28 11:43:28.494, 69 %, 20276 MiB, 65, P2, 1950 MHz, 9501 MHz, 276.24 W, 0x0000000000000000
2026/08/28 11:43:33.515, 68 %, 20284 MiB, 63, P2, 1905 MHz, 9501 MHz, 281.17 W, 0x0000000000000004
2026/08/28 11:43:38.536, 70 %, 20288 MiB, 67, P2, 1950 MHz, 9501 MHz, 315.81 W, 0x0000000000000004
2026/08/28 11:43:43.555, 67 %, 20288 MiB, 68, P2, 1935 MHz, 9501 MHz, 311.49 W, 0x0000000000000000
2026/08/28 11:43:48.576, 19 %, 394 MiB, 66, P2, 1935 MHz, 9501 MHz, 293.10 W, 0x0000000000000000
2026/08/28 11:43:53.594, 0 %, 346 MiB, 62, P2, 1950 MHz, 9501 MHz, 168.90 W, 0x0000000000000000
2026/08/28 11:43:58.614, 99 %, 19362 MiB, 61, P2, 1950 MHz, 9501 MHz, 168.84 W, 0x0000000000000000
2026/08/28 11:44:03.636, 100 %, 19362 MiB, 61, P2, 1950 MHz, 9501 MHz, 167.92 W, 0x0000000000000000
2026/08/28 11:44:08.659, 63 %, 20768 MiB, 62, P2, 1950 MHz, 9501 MHz, 195.25 W, 0x0000000000000000
2026/08/28 11:44:13.680, 84 %, 20770 MiB, 63, P2, 1950 MHz, 9501 MHz, 225.01 W, 0x0000000000000000
2026/08/28 11:44:18.701, 84 %, 20772 MiB, 63, P2, 1950 MHz, 9501 MHz, 225.74 W, 0x0000000000000000
2026/08/28 11:44:23.723, 84 %, 20772 MiB, 63, P2, 1950 MHz, 9501 MHz, 225.58 W, 0x0000000000000000
2026/08/28 11:44:28.744, 85 %, 20772 MiB, 63, P2, 1950 MHz, 9501 MHz, 231.04 W, 0x0000000000000000
2026/08/28 11:44:33.765, 81 %, 20772 MiB, 63, P2, 1950 MHz, 9501 MHz, 225.96 W, 0x0000000000000000
2026/08/28 11:44:38.787, 82 %, 20772 MiB, 63, P2, 1950 MHz, 9501 MHz, 232.27 W, 0x0000000000000000
2026/08/28 11:44:43.808, 85 %, 20772 MiB, 63, P2, 1950 MHz, 9501 MHz, 225.88 W, 0x0000000000000000
2026/08/28 11:44:48.827, 84 %, 20774 MiB, 64, P2, 1950 MHz, 9501 MHz, 235.42 W, 0x0000000000000000
2026/08/28 11:44:53.846, 80 %, 20780 MiB, 64, P2, 1950 MHz, 9501 MHz, 227.14 W, 0x0000000000000000
2026/08/28 11:44:58.865, 85 %, 20780 MiB, 63, P2, 1950 MHz, 9501 MHz, 227.85 W, 0x0000000000000000
2026/08/28 11:45:03.886, 83 %, 20780 MiB, 64, P2, 1950 MHz, 9501 MHz, 230.82 W, 0x0000000000000000
2026/08/28 11:45:08.906, 84 %, 20780 MiB, 64, P2, 1950 MHz, 9501 MHz, 228.40 W, 0x0000000000000000
2026/08/28 11:45:13.924, 81 %, 20780 MiB, 64, P2, 1950 MHz, 9501 MHz, 232.84 W, 0x0000000000000000
2026/08/28 11:45:18.944, 83 %, 20780 MiB, 64, P2, 1950 MHz, 9501 MHz, 228.07 W, 0x0000000000000000
2026/08/28 11:45:23.965, 84 %, 20780 MiB, 64, P2, 1950 MHz, 9501 MHz, 218.50 W, 0x0000000000000000
2026/08/28 11:45:28.985, 81 %, 20780 MiB, 64, P2, 1950 MHz, 9501 MHz, 229.06 W, 0x0000000000000000
2026/08/28 11:45:34.005, 83 %, 20780 MiB, 64, P2, 1950 MHz, 9501 MHz, 229.23 W, 0x0000000000000000
2026/08/28 11:45:39.024, 83 %, 20780 MiB, 64, P2, 1950 MHz, 9501 MHz, 227.61 W, 0x0000000000000000
2026/08/28 11:45:44.054, 83 %, 20780 MiB, 64, P2, 1950 MHz, 9501 MHz, 227.93 W, 0x0000000000000000
2026/08/28 11:45:49.145, 0 %, 99 MiB, 61, P3, 1950 MHz, 9751 MHz, 160.40 W, 0x0000000000000001
2026/08/28 11:45:54.164, 100 %, 17618 MiB, 60, P2, 1950 MHz, 9501 MHz, 156.40 W, 0x0000000000000000
2026/08/28 11:45:59.192, 100 %, 17618 MiB, 60, P2, 1950 MHz, 9501 MHz, 166.92 W, 0x0000000000000000
2026/08/28 11:46:04.219, 100 %, 20136 MiB, 60, P2, 1950 MHz, 9501 MHz, 167.69 W, 0x0000000000000000
2026/08/28 11:46:09.241, 69 %, 20276 MiB, 66, P2, 1950 MHz, 9501 MHz, 310.52 W, 0x0000000000000000
2026/08/28 11:46:14.260, 68 %, 20288 MiB, 65, P2, 1950 MHz, 9501 MHz, 222.84 W, 0x0000000000000000
2026/08/28 11:46:19.282, 67 %, 20288 MiB, 68, P2, 1950 MHz, 9501 MHz, 311.88 W, 0x0000000000000004
2026/08/28 11:46:24.301, 7 %, 346 MiB, 61, P2, 1950 MHz, 9501 MHz, 166.97 W, 0x0000000000000000
2026/08/28 11:46:29.323, 100 %, 20144 MiB, 61, P2, 1950 MHz, 9501 MHz, 167.10 W, 0x0000000000000000
2026/08/28 11:46:34.348, 100 %, 20144 MiB, 60, P2, 1950 MHz, 9501 MHz, 166.46 W, 0x0000000000000000
2026/08/28 11:46:39.371, 76 %, 20816 MiB, 64, P2, 1950 MHz, 9501 MHz, 234.82 W, 0x0000000000000000
2026/08/28 11:46:44.392, 50 %, 20824 MiB, 64, P2, 1950 MHz, 9501 MHz, 266.01 W, 0x0000000000000004
2026/08/28 11:46:49.418, 78 %, 20824 MiB, 66, P2, 1860 MHz, 9501 MHz, 294.01 W, 0x0000000000000004
2026/08/28 11:46:54.438, 100 %, 82 MiB, 65, P2, 1935 MHz, 9501 MHz, 251.31 W, 0x0000000000000000
2026/08/28 11:46:59.458, 14 %, 346 MiB, 61, P2, 1695 MHz, 9501 MHz, 165.87 W, 0x0000000000000000
2026/08/28 11:47:04.478, 99 %, 18082 MiB, 61, P2, 1950 MHz, 9501 MHz, 167.80 W, 0x0000000000000000
2026/08/28 11:47:09.500, 100 %, 18082 MiB, 60, P2, 1950 MHz, 9501 MHz, 166.84 W, 0x0000000000000000
2026/08/28 11:47:14.523, 73 %, 21828 MiB, 66, P2, 1950 MHz, 9501 MHz, 317.25 W, 0x0000000000000004
2026/08/28 11:47:19.543, 75 %, 21828 MiB, 68, P2, 1950 MHz, 9501 MHz, 320.62 W, 0x0000000000000004
2026/08/28 11:47:24.562, 68 %, 21830 MiB, 68, P2, 1935 MHz, 9501 MHz, 315.95 W, 0x0000000000000004
2026/08/28 11:47:29.584, 72 %, 21834 MiB, 68, P2, 1935 MHz, 9501 MHz, 296.84 W, 0x0000000000000004
2026/08/28 11:47:34.604, 71 %, 21834 MiB, 69, P2, 1935 MHz, 9501 MHz, 320.01 W, 0x0000000000000004
2026/08/28 11:47:39.623, 73 %, 21834 MiB, 71, P2, 1935 MHz, 9501 MHz, 291.67 W, 0x0000000000000004
2026/08/28 11:47:44.644, 0 %, 82 MiB, 64, P0, 1935 MHz, 9751 MHz, 165.46 W, 0x0000000000000000
2026/08/28 11:47:49.664, 99 %, 20144 MiB, 62, P2, 1950 MHz, 9501 MHz, 166.00 W, 0x0000000000000000
2026/08/28 11:47:54.686, 100 %, 20144 MiB, 62, P2, 1950 MHz, 9501 MHz, 170.30 W, 0x0000000000000000
2026/08/28 11:47:59.711, 100 %, 20144 MiB, 61, P2, 1950 MHz, 9501 MHz, 169.34 W, 0x0000000000000000
2026/08/28 11:48:04.738, 77 %, 20816 MiB, 68, P2, 1935 MHz, 9501 MHz, 296.75 W, 0x0000000000000004
2026/08/28 11:48:09.760, 65 %, 20816 MiB, 65, P2, 1935 MHz, 9501 MHz, 297.87 W, 0x0000000000000000
2026/08/28 11:48:14.781, 79 %, 20820 MiB, 71, P2, 1935 MHz, 9501 MHz, 335.36 W, 0x0000000000000004
2026/08/28 11:48:19.799, 75 %, 20824 MiB, 71, P2, 1935 MHz, 9501 MHz, 323.45 W, 0x0000000000000004
2026/08/28 11:48:24.818, 76 %, 20824 MiB, 72, P2, 1935 MHz, 9501 MHz, 302.96 W, 0x0000000000000004
2026/08/28 11:48:29.838, 78 %, 20824 MiB, 73, P2, 1920 MHz, 9501 MHz, 334.89 W, 0x0000000000000004
2026/08/28 11:48:34.858, 0 %, 82 MiB, 67, P0, 1935 MHz, 9751 MHz, 176.56 W, 0x0000000000000000
2026/08/28 11:48:39.875, 100 %, 18082 MiB, 63, P2, 1950 MHz, 9501 MHz, 147.82 W, 0x0000000000000000
2026/08/28 11:48:44.901, 100 %, 18082 MiB, 62, P2, 1950 MHz, 9501 MHz, 172.28 W, 0x0000000000000000
2026/08/28 11:48:49.928, 99 %, 18082 MiB, 61, P2, 1950 MHz, 9501 MHz, 170.91 W, 0x0000000000000000
2026/08/28 11:48:54.953, 69 %, 21828 MiB, 68, P2, 1950 MHz, 9501 MHz, 315.21 W, 0x0000000000000004
2026/08/28 11:48:59.971, 70 %, 21834 MiB, 68, P2, 1935 MHz, 9501 MHz, 309.44 W, 0x0000000000000004
2026/08/28 11:49:04.991, 68 %, 21834 MiB, 68, P2, 1935 MHz, 9501 MHz, 281.87 W, 0x0000000000000004
2026/08/28 11:49:10.012, 0 %, 82 MiB, 63, P0, 1950 MHz, 9751 MHz, 170.71 W, 0x0000000000000024
2026/08/28 11:49:15.033, 100 %, 19044 MiB, 61, P2, 1950 MHz, 9501 MHz, 139.20 W, 0x0000000000000000
2026/08/28 11:49:20.057, 100 %, 19044 MiB, 60, P2, 1950 MHz, 9501 MHz, 169.39 W, 0x0000000000000000
2026/08/28 11:49:25.080, 100 %, 19044 MiB, 60, P2, 1950 MHz, 9501 MHz, 168.18 W, 0x0000000000000000
2026/08/28 11:49:30.106, 78 %, 22286 MiB, 66, P2, 1950 MHz, 9501 MHz, 292.03 W, 0x0000000000000004
2026/08/28 11:49:35.125, 42 %, 22292 MiB, 65, P2, 1950 MHz, 9501 MHz, 322.88 W, 0x0000000000000004
2026/08/28 11:49:40.147, 77 %, 22292 MiB, 68, P2, 1935 MHz, 9501 MHz, 327.57 W, 0x0000000000000004
2026/08/28 11:49:45.169, 0 %, 346 MiB, 61, P2, 1950 MHz, 9501 MHz, 155.31 W, 0x0000000000000000
2026/08/28 11:49:50.188, 100 %, 19044 MiB, 60, P2, 1950 MHz, 9501 MHz, 167.89 W, 0x0000000000000000
2026/08/28 11:49:55.211, 100 %, 19044 MiB, 60, P2, 1950 MHz, 9501 MHz, 167.45 W, 0x0000000000000000
2026/08/28 11:50:00.235, 99 %, 21094 MiB, 59, P2, 1950 MHz, 9501 MHz, 167.18 W, 0x0000000000000000
2026/08/28 11:50:05.262, 78 %, 22286 MiB, 66, P2, 1950 MHz, 9501 MHz, 298.80 W, 0x0000000000000004
2026/08/28 11:50:10.283, 71 %, 22288 MiB, 65, P2, 1935 MHz, 9501 MHz, 304.00 W, 0x0000000000000004
2026/08/28 11:50:15.303, 100 %, 22292 MiB, 65, P2, 1920 MHz, 9501 MHz, 288.00 W, 0x0000000000000004
2026/08/28 11:50:20.323, 72 %, 22292 MiB, 66, P2, 1860 MHz, 9501 MHz, 291.33 W, 0x0000000000000004
2026/08/28 11:50:25.344, 80 %, 22292 MiB, 70, P2, 1935 MHz, 9501 MHz, 301.27 W, 0x0000000000000004
2026/08/28 11:50:30.363, 0 %, 82 MiB, 64, P0, 1935 MHz, 9751 MHz, 166.54 W, 0x0000000000000000
2026/08/28 11:50:35.382, 100 %, 17618 MiB, 62, P2, 1950 MHz, 9501 MHz, 152.44 W, 0x0000000000000000
2026/08/28 11:50:40.407, 100 %, 17618 MiB, 61, P2, 1950 MHz, 9501 MHz, 157.49 W, 0x0000000000000000
2026/08/28 11:50:45.429, 69 %, 20276 MiB, 67, P2, 1950 MHz, 9501 MHz, 281.09 W, 0x0000000000000000
2026/08/28 11:50:50.449, 67 %, 20288 MiB, 67, P2, 1935 MHz, 9501 MHz, 304.88 W, 0x0000000000000000
2026/08/28 11:50:55.470, 70 %, 20288 MiB, 68, P2, 1935 MHz, 9501 MHz, 302.16 W, 0x0000000000000000
2026/08/28 11:51:00.499, 0 %, 346 MiB, 61, P2, 1950 MHz, 9501 MHz, 145.32 W, 0x0000000000000000
2026/08/28 11:51:05.520, 100 %, 18082 MiB, 61, P2, 1950 MHz, 9501 MHz, 167.66 W, 0x0000000000000000
2026/08/28 11:51:10.544, 99 %, 18082 MiB, 60, P2, 1950 MHz, 9501 MHz, 155.94 W, 0x0000000000000000
2026/08/28 11:51:15.564, 71 %, 21828 MiB, 66, P2, 1950 MHz, 9501 MHz, 283.64 W, 0x0000000000000000
2026/08/28 11:51:20.586, 69 %, 21828 MiB, 67, P2, 1935 MHz, 9501 MHz, 273.85 W, 0x0000000000000000
2026/08/28 11:51:25.606, 99 %, 21834 MiB, 64, P2, 1935 MHz, 9501 MHz, 233.69 W, 0x0000000000000000
2026/08/28 11:51:30.628, 33 %, 21834 MiB, 69, P2, 1935 MHz, 9501 MHz, 309.45 W, 0x0000000000000000
2026/08/28 11:51:35.647, 70 %, 21834 MiB, 69, P2, 1935 MHz, 9501 MHz, 288.30 W, 0x0000000000000000
2026/08/28 11:51:40.668, 71 %, 21834 MiB, 71, P2, 1935 MHz, 9501 MHz, 324.01 W, 0x0000000000000004
2026/08/28 11:51:45.686, 0 %, 346 MiB, 63, P2, 1950 MHz, 9501 MHz, 129.79 W, 0x0000000000000000
2026/08/28 11:51:50.707, 100 %, 17618 MiB, 61, P2, 1950 MHz, 9501 MHz, 158.49 W, 0x0000000000000000
2026/08/28 11:51:55.728, 60 %, 20276 MiB, 64, P2, 1950 MHz, 9501 MHz, 190.52 W, 0x0000000000000000
2026/08/28 11:52:00.749, 66 %, 20276 MiB, 68, P2, 1935 MHz, 9501 MHz, 284.05 W, 0x0000000000000000
2026/08/28 11:52:05.769, 70 %, 20280 MiB, 68, P2, 1935 MHz, 9501 MHz, 276.20 W, 0x0000000000000000
2026/08/28 11:52:10.789, 99 %, 20288 MiB, 65, P2, 1935 MHz, 9501 MHz, 266.58 W, 0x0000000000000000
2026/08/28 11:52:15.817, 63 %, 20288 MiB, 67, P2, 1935 MHz, 9501 MHz, 295.53 W, 0x0000000000000000
2026/08/28 11:52:20.837, 59 %, 20288 MiB, 67, P2, 1935 MHz, 9501 MHz, 291.64 W, 0x0000000000000000
2026/08/28 11:52:26.008, 0 %, 99 MiB, 63, P3, 390 MHz, 5001 MHz, 158.14 W, 0x0000000000000001
2026/08/28 11:52:31.029, 100 %, 18082 MiB, 62, P2, 1950 MHz, 9501 MHz, 159.76 W, 0x0000000000000000
2026/08/28 11:52:36.054, 100 %, 18082 MiB, 61, P2, 1950 MHz, 9501 MHz, 167.92 W, 0x0000000000000000
2026/08/28 11:52:41.078, 0 %, 20636 MiB, 61, P2, 1950 MHz, 9501 MHz, 169.03 W, 0x0000000000000000
2026/08/28 11:52:46.105, 72 %, 21828 MiB, 67, P2, 1935 MHz, 9501 MHz, 315.42 W, 0x0000000000000000
2026/08/28 11:52:51.124, 97 %, 21834 MiB, 63, P2, 1860 MHz, 9501 MHz, 271.58 W, 0x0000000000000004
2026/08/28 11:52:56.144, 72 %, 21834 MiB, 69, P2, 1935 MHz, 9501 MHz, 315.79 W, 0x0000000000000000
2026/08/28 11:53:01.381, 0 %, 346 MiB, 60, P0, 390 MHz, 5001 MHz, 144.90 W, 0x0000000000000024
2026/08/28 11:53:06.403, 100 %, 19362 MiB, 61, P2, 1950 MHz, 9501 MHz, 166.30 W, 0x0000000000000000
2026/08/28 11:53:11.426, 99 %, 19362 MiB, 60, P2, 1950 MHz, 9501 MHz, 165.74 W, 0x0000000000000000
2026/08/28 11:53:16.452, 53 %, 20502 MiB, 60, P2, 1950 MHz, 9501 MHz, 166.15 W, 0x0000000000000000
2026/08/28 11:53:21.476, 84 %, 20770 MiB, 63, P2, 1950 MHz, 9501 MHz, 222.96 W, 0x0000000000000000
2026/08/28 11:53:26.497, 83 %, 20770 MiB, 62, P2, 1950 MHz, 9501 MHz, 218.49 W, 0x0000000000000000
2026/08/28 11:53:31.520, 85 %, 20770 MiB, 62, P2, 1950 MHz, 9501 MHz, 222.93 W, 0x0000000000000000
2026/08/28 11:53:36.539, 81 %, 20772 MiB, 62, P2, 1950 MHz, 9501 MHz, 227.04 W, 0x0000000000000000
2026/08/28 11:53:41.557, 85 %, 20778 MiB, 63, P2, 1950 MHz, 9501 MHz, 207.85 W, 0x0000000000000000
2026/08/28 11:53:46.575, 84 %, 20780 MiB, 63, P2, 1950 MHz, 9501 MHz, 229.36 W, 0x0000000000000000
2026/08/28 11:53:51.595, 84 %, 20780 MiB, 63, P2, 1950 MHz, 9501 MHz, 225.13 W, 0x0000000000000000
2026/08/28 11:53:56.613, 85 %, 20780 MiB, 63, P2, 1950 MHz, 9501 MHz, 225.32 W, 0x0000000000000000
2026/08/28 11:54:01.634, 83 %, 20780 MiB, 63, P2, 1950 MHz, 9501 MHz, 223.69 W, 0x0000000000000000
2026/08/28 11:54:06.653, 82 %, 20780 MiB, 63, P2, 1950 MHz, 9501 MHz, 224.27 W, 0x0000000000000000
2026/08/28 11:54:11.674, 69 %, 20780 MiB, 63, P2, 1950 MHz, 9501 MHz, 217.72 W, 0x0000000000000000
2026/08/28 11:54:16.694, 0 %, 346 MiB, 60, P2, 1950 MHz, 9501 MHz, 150.80 W, 0x0000000000000000
2026/08/28 11:54:21.714, 100 %, 19044 MiB, 60, P2, 1950 MHz, 9501 MHz, 164.22 W, 0x0000000000000000
2026/08/28 11:54:26.739, 100 %, 19044 MiB, 59, P2, 1950 MHz, 9501 MHz, 163.40 W, 0x0000000000000000
2026/08/28 11:54:31.760, 0 %, 22218 MiB, 59, P2, 1950 MHz, 9501 MHz, 163.69 W, 0x0000000000000000
2026/08/28 11:54:36.779, 80 %, 22286 MiB, 64, P2, 1935 MHz, 9501 MHz, 290.49 W, 0x0000000000000000
2026/08/28 11:54:41.800, 74 %, 22286 MiB, 67, P2, 1935 MHz, 9501 MHz, 318.48 W, 0x0000000000000004
2026/08/28 11:54:46.822, 75 %, 22292 MiB, 68, P2, 1935 MHz, 9501 MHz, 323.85 W, 0x0000000000000000
2026/08/28 11:54:51.842, 74 %, 22292 MiB, 69, P2, 1935 MHz, 9501 MHz, 315.72 W, 0x0000000000000004
2026/08/28 11:54:56.863, 77 %, 22292 MiB, 69, P2, 1935 MHz, 9501 MHz, 320.27 W, 0x0000000000000004
2026/08/28 11:55:01.881, 19 %, 82 MiB, 64, P0, 1935 MHz, 9751 MHz, 172.34 W, 0x0000000000000000
2026/08/28 11:55:06.900, 6 %, 19362 MiB, 61, P2, 1695 MHz, 9501 MHz, 133.62 W, 0x0000000000000000
2026/08/28 11:55:11.925, 100 %, 19362 MiB, 61, P2, 1950 MHz, 9501 MHz, 167.26 W, 0x0000000000000000
2026/08/28 11:55:16.950, 99 %, 19362 MiB, 61, P2, 1950 MHz, 9501 MHz, 166.43 W, 0x0000000000000000
2026/08/28 11:55:21.973, 81 %, 20768 MiB, 63, P2, 1950 MHz, 9501 MHz, 222.95 W, 0x0000000000000000
2026/08/28 11:55:26.995, 82 %, 20772 MiB, 63, P2, 1950 MHz, 9501 MHz, 232.35 W, 0x0000000000000000
2026/08/28 11:55:32.015, 85 %, 20772 MiB, 63, P2, 1950 MHz, 9501 MHz, 226.79 W, 0x0000000000000000
2026/08/28 11:55:37.037, 83 %, 20772 MiB, 63, P2, 1950 MHz, 9501 MHz, 223.54 W, 0x0000000000000000
2026/08/28 11:55:42.057, 79 %, 20772 MiB, 63, P2, 1950 MHz, 9501 MHz, 211.90 W, 0x0000000000000000
2026/08/28 11:55:47.078, 82 %, 20772 MiB, 63, P2, 1950 MHz, 9501 MHz, 224.51 W, 0x0000000000000000
2026/08/28 11:55:52.101, 83 %, 20772 MiB, 64, P2, 1950 MHz, 9501 MHz, 224.74 W, 0x0000000000000000
2026/08/28 11:55:57.121, 84 %, 20772 MiB, 63, P2, 1950 MHz, 9501 MHz, 224.16 W, 0x0000000000000000
2026/08/28 11:56:02.140, 92 %, 20780 MiB, 63, P2, 1950 MHz, 9501 MHz, 202.68 W, 0x0000000000000000
2026/08/28 11:56:07.159, 82 %, 20780 MiB, 63, P2, 1950 MHz, 9501 MHz, 231.42 W, 0x0000000000000000
2026/08/28 11:56:12.178, 84 %, 20780 MiB, 63, P2, 1950 MHz, 9501 MHz, 228.99 W, 0x0000000000000000
2026/08/28 11:56:17.197, 84 %, 20780 MiB, 64, P2, 1950 MHz, 9501 MHz, 224.51 W, 0x0000000000000000
2026/08/28 11:56:22.215, 81 %, 20780 MiB, 64, P2, 1950 MHz, 9501 MHz, 215.51 W, 0x0000000000000004
2026/08/28 11:56:27.234, 84 %, 20780 MiB, 64, P2, 1950 MHz, 9501 MHz, 225.44 W, 0x0000000000000000
2026/08/28 11:56:32.252, 85 %, 20780 MiB, 63, P2, 1950 MHz, 9501 MHz, 226.53 W, 0x0000000000000000
2026/08/28 11:56:37.270, 81 %, 20780 MiB, 63, P2, 1950 MHz, 9501 MHz, 223.02 W, 0x0000000000000000
2026/08/28 11:56:42.289, 82 %, 20780 MiB, 63, P2, 1950 MHz, 9501 MHz, 223.28 W, 0x0000000000000000
2026/08/28 11:56:47.309, 85 %, 20780 MiB, 64, P2, 1950 MHz, 9501 MHz, 224.14 W, 0x0000000000000000
2026/08/28 11:56:52.338, 85 %, 20780 MiB, 64, P2, 1950 MHz, 9501 MHz, 225.49 W, 0x0000000000000000
2026/08/28 11:56:57.359, 79 %, 20780 MiB, 64, P2, 1950 MHz, 9501 MHz, 228.39 W, 0x0000000000000000
2026/08/28 11:57:02.378, 0 %, 346 MiB, 60, P2, 1950 MHz, 9501 MHz, 156.09 W, 0x0000000000000000
2026/08/28 11:57:07.399, 100 %, 19044 MiB, 60, P2, 1950 MHz, 9501 MHz, 164.26 W, 0x0000000000000000
2026/08/28 11:57:12.427, 99 %, 19044 MiB, 59, P2, 1950 MHz, 9501 MHz, 164.15 W, 0x0000000000000000
2026/08/28 11:57:17.449, 93 %, 22286 MiB, 59, P2, 1950 MHz, 9501 MHz, 166.86 W, 0x0000000000000000
2026/08/28 11:57:22.468, 76 %, 22288 MiB, 66, P2, 1935 MHz, 9501 MHz, 318.99 W, 0x0000000000000004
2026/08/28 11:57:27.486, 71 %, 22292 MiB, 64, P2, 1935 MHz, 9501 MHz, 294.25 W, 0x0000000000000000
2026/08/28 11:57:32.504, 100 %, 414 MiB, 63, P2, 1935 MHz, 9501 MHz, 229.27 W, 0x0000000000000000
2026/08/28 11:57:37.523, 6 %, 346 MiB, 61, P2, 1950 MHz, 9501 MHz, 164.97 W, 0x0000000000000000
2026/08/28 11:57:42.542, 100 %, 20144 MiB, 60, P2, 1950 MHz, 9501 MHz, 163.82 W, 0x0000000000000000
2026/08/28 11:57:47.564, 100 %, 20144 MiB, 60, P2, 1950 MHz, 9501 MHz, 164.85 W, 0x0000000000000000
2026/08/28 11:57:52.590, 64 %, 20816 MiB, 65, P2, 1950 MHz, 9501 MHz, 295.30 W, 0x0000000000000000
2026/08/28 11:57:57.608, 79 %, 20824 MiB, 68, P2, 1950 MHz, 9501 MHz, 325.45 W, 0x0000000000000000
2026/08/28 11:58:02.628, 65 %, 20824 MiB, 65, P2, 1950 MHz, 9501 MHz, 266.55 W, 0x0000000000000000
2026/08/28 11:58:07.647, 0 %, 82 MiB, 63, P0, 1950 MHz, 9751 MHz, 169.91 W, 0x0000000000000000
2026/08/28 11:58:12.665, 0 %, 20144 MiB, 60, P2, 1950 MHz, 9501 MHz, 132.40 W, 0x0000000000000000
2026/08/28 11:58:17.690, 100 %, 20144 MiB, 61, P2, 1950 MHz, 9501 MHz, 168.02 W, 0x0000000000000000
2026/08/28 11:58:22.713, 100 %, 20144 MiB, 60, P2, 1950 MHz, 9501 MHz, 167.24 W, 0x0000000000000000
2026/08/28 11:58:27.740, 76 %, 20816 MiB, 67, P2, 1950 MHz, 9501 MHz, 322.99 W, 0x0000000000000000
2026/08/28 11:58:32.760, 78 %, 20816 MiB, 69, P2, 1950 MHz, 9501 MHz, 329.28 W, 0x0000000000000000
2026/08/28 11:58:37.779, 77 %, 20820 MiB, 70, P2, 1935 MHz, 9501 MHz, 330.63 W, 0x0000000000000000
2026/08/28 11:58:42.798, 79 %, 20824 MiB, 70, P2, 1935 MHz, 9501 MHz, 269.45 W, 0x0000000000000000
2026/08/28 11:58:47.817, 77 %, 20824 MiB, 72, P2, 1935 MHz, 9501 MHz, 336.13 W, 0x0000000000000000
2026/08/28 11:58:52.833, 74 %, 20824 MiB, 73, P2, 1935 MHz, 9501 MHz, 337.14 W, 0x0000000000000000
2026/08/28 11:58:57.851, 0 %, 82 MiB, 66, P0, 1935 MHz, 9751 MHz, 178.01 W, 0x0000000000000001
2026/08/28 11:59:02.872, 100 %, 19362 MiB, 62, P2, 1695 MHz, 9501 MHz, 135.33 W, 0x0000000000000000
2026/08/28 11:59:07.896, 100 %, 19362 MiB, 62, P2, 1950 MHz, 9501 MHz, 171.46 W, 0x0000000000000000
2026/08/28 11:59:12.918, 100 %, 19362 MiB, 61, P2, 1950 MHz, 9501 MHz, 170.11 W, 0x0000000000000000
2026/08/28 11:59:17.942, 84 %, 20768 MiB, 63, P2, 1950 MHz, 9501 MHz, 229.55 W, 0x0000000000000000
2026/08/28 11:59:22.963, 85 %, 20772 MiB, 64, P2, 1950 MHz, 9501 MHz, 235.41 W, 0x0000000000000000
2026/08/28 11:59:27.982, 81 %, 20772 MiB, 64, P2, 1950 MHz, 9501 MHz, 231.89 W, 0x0000000000000000
2026/08/28 11:59:33.000, 83 %, 20772 MiB, 64, P2, 1950 MHz, 9501 MHz, 227.67 W, 0x0000000000000000
2026/08/28 11:59:38.020, 83 %, 20772 MiB, 63, P2, 1950 MHz, 9501 MHz, 221.77 W, 0x0000000000000000
2026/08/28 11:59:43.038, 84 %, 20772 MiB, 63, P2, 1950 MHz, 9501 MHz, 228.80 W, 0x0000000000000000
2026/08/28 11:59:48.057, 81 %, 20772 MiB, 63, P2, 1950 MHz, 9501 MHz, 229.53 W, 0x0000000000000000
2026/08/28 11:59:53.078, 84 %, 20774 MiB, 63, P2, 1950 MHz, 9501 MHz, 226.40 W, 0x0000000000000000
2026/08/28 11:59:58.100, 81 %, 20780 MiB, 63, P2, 1950 MHz, 9501 MHz, 209.32 W, 0x0000000000000000
2026/08/28 12:00:03.119, 83 %, 20780 MiB, 63, P2, 1950 MHz, 9501 MHz, 234.70 W, 0x0000000000000000
2026/08/28 12:00:08.140, 84 %, 20780 MiB, 63, P2, 1950 MHz, 9501 MHz, 231.11 W, 0x0000000000000000
2026/08/28 12:00:13.160, 84 %, 20780 MiB, 63, P2, 1950 MHz, 9501 MHz, 226.90 W, 0x0000000000000000
2026/08/28 12:00:18.180, 77 %, 20780 MiB, 63, P2, 1950 MHz, 9501 MHz, 218.71 W, 0x0000000000000000
2026/08/28 12:00:23.200, 83 %, 20780 MiB, 63, P2, 1950 MHz, 9501 MHz, 227.55 W, 0x0000000000000000
2026/08/28 12:00:28.219, 81 %, 20780 MiB, 64, P2, 1950 MHz, 9501 MHz, 230.05 W, 0x0000000000000000
2026/08/28 12:00:33.237, 83 %, 20780 MiB, 63, P2, 1950 MHz, 9501 MHz, 226.72 W, 0x0000000000000000
2026/08/28 12:00:38.255, 80 %, 20780 MiB, 63, P2, 1950 MHz, 9501 MHz, 227.82 W, 0x0000000000000000
2026/08/28 12:00:43.277, 83 %, 20780 MiB, 63, P2, 1950 MHz, 9501 MHz, 226.85 W, 0x0000000000000000
2026/08/28 12:00:48.305, 84 %, 20780 MiB, 63, P2, 1950 MHz, 9501 MHz, 227.06 W, 0x0000000000000000
2026/08/28 12:00:53.326, 82 %, 20780 MiB, 63, P2, 1950 MHz, 9501 MHz, 228.72 W, 0x0000000000000000
2026/08/28 12:00:58.347, 0 %, 346 MiB, 60, P2, 1965 MHz, 9501 MHz, 154.80 W, 0x0000000000000000
2026/08/28 12:01:03.366, 99 %, 19362 MiB, 60, P2, 1965 MHz, 9501 MHz, 167.02 W, 0x0000000000000000
2026/08/28 12:01:08.392, 99 %, 19362 MiB, 59, P2, 1965 MHz, 9501 MHz, 166.19 W, 0x0000000000000000
2026/08/28 12:01:13.413, 0 %, 20762 MiB, 59, P2, 1965 MHz, 9501 MHz, 168.29 W, 0x0000000000000000
2026/08/28 12:01:18.435, 80 %, 20770 MiB, 61, P2, 1965 MHz, 9501 MHz, 216.60 W, 0x0000000000000000
2026/08/28 12:01:23.454, 81 %, 20770 MiB, 62, P2, 1965 MHz, 9501 MHz, 224.87 W, 0x0000000000000000
2026/08/28 12:01:28.472, 79 %, 20770 MiB, 62, P2, 1965 MHz, 9501 MHz, 223.57 W, 0x0000000000000000
2026/08/28 12:01:33.492, 85 %, 20772 MiB, 62, P2, 1965 MHz, 9501 MHz, 224.20 W, 0x0000000000000000
2026/08/28 12:01:38.509, 84 %, 20778 MiB, 62, P2, 1950 MHz, 9501 MHz, 225.54 W, 0x0000000000000000
2026/08/28 12:01:43.529, 79 %, 20780 MiB, 63, P2, 1950 MHz, 9501 MHz, 231.75 W, 0x0000000000000000
2026/08/28 12:01:48.547, 85 %, 20780 MiB, 62, P2, 1950 MHz, 9501 MHz, 227.61 W, 0x0000000000000000
2026/08/28 12:01:53.568, 80 %, 20780 MiB, 62, P2, 1950 MHz, 9501 MHz, 220.35 W, 0x0000000000000000
2026/08/28 12:01:58.586, 84 %, 20780 MiB, 63, P2, 1950 MHz, 9501 MHz, 230.75 W, 0x0000000000000000
2026/08/28 12:02:03.603, 83 %, 20780 MiB, 63, P2, 1950 MHz, 9501 MHz, 226.96 W, 0x0000000000000000
2026/08/28 12:02:08.623, 86 %, 20780 MiB, 63, P2, 1950 MHz, 9501 MHz, 227.63 W, 0x0000000000000000
2026/08/28 12:02:13.643, 0 %, 346 MiB, 60, P2, 1965 MHz, 9501 MHz, 166.06 W, 0x0000000000000000
2026/08/28 12:02:18.664, 100 %, 20144 MiB, 60, P2, 1965 MHz, 9501 MHz, 166.12 W, 0x0000000000000000
2026/08/28 12:02:23.691, 100 %, 20144 MiB, 59, P2, 1965 MHz, 9501 MHz, 165.91 W, 0x0000000000000000
2026/08/28 12:02:28.715, 73 %, 20816 MiB, 62, P2, 1950 MHz, 9501 MHz, 224.23 W, 0x0000000000000004
2026/08/28 12:02:33.736, 55 %, 20824 MiB, 63, P2, 1950 MHz, 9501 MHz, 266.65 W, 0x0000000000000004
2026/08/28 12:02:38.760, 78 %, 20824 MiB, 66, P2, 1920 MHz, 9501 MHz, 299.05 W, 0x0000000000000004
2026/08/28 12:02:43.777, 77 %, 82 MiB, 64, P2, 1935 MHz, 9501 MHz, 252.41 W, 0x0000000000000004
2026/08/28 12:02:48.796, 0 %, 346 MiB, 60, P2, 1695 MHz, 9501 MHz, 161.03 W, 0x0000000000000000
2026/08/28 12:02:53.815, 100 %, 17618 MiB, 60, P2, 1950 MHz, 9501 MHz, 167.46 W, 0x0000000000000000
2026/08/28 12:02:58.840, 100 %, 17618 MiB, 60, P2, 1950 MHz, 9501 MHz, 166.14 W, 0x0000000000000000
2026/08/28 12:03:03.862, 69 %, 20276 MiB, 65, P2, 1950 MHz, 9501 MHz, 310.51 W, 0x0000000000000004
2026/08/28 12:03:08.884, 68 %, 20276 MiB, 67, P2, 1950 MHz, 9501 MHz, 313.57 W, 0x0000000000000000
2026/08/28 12:03:13.905, 71 %, 20280 MiB, 68, P2, 1950 MHz, 9501 MHz, 316.22 W, 0x0000000000000000
2026/08/28 12:03:18.924, 67 %, 20288 MiB, 68, P2, 1950 MHz, 9501 MHz, 282.49 W, 0x0000000000000004
2026/08/28 12:03:23.942, 71 %, 20288 MiB, 69, P2, 1935 MHz, 9501 MHz, 314.16 W, 0x0000000000000000
2026/08/28 12:03:28.963, 67 %, 20288 MiB, 70, P2, 1935 MHz, 9501 MHz, 318.73 W, 0x0000000000000004
2026/08/28 12:03:33.983, 0 %, 346 MiB, 63, P2, 1950 MHz, 9501 MHz, 157.34 W, 0x0000000000000000
2026/08/28 12:03:39.002, 100 %, 20144 MiB, 62, P2, 1950 MHz, 9501 MHz, 170.01 W, 0x0000000000000000
2026/08/28 12:03:44.028, 100 %, 20144 MiB, 61, P2, 1950 MHz, 9501 MHz, 169.02 W, 0x0000000000000000
2026/08/28 12:03:49.049, 21 %, 20816 MiB, 63, P2, 1935 MHz, 9501 MHz, 184.32 W, 0x0000000000000004
2026/08/28 12:03:54.070, 77 %, 20816 MiB, 69, P2, 1935 MHz, 9501 MHz, 330.19 W, 0x0000000000000004
2026/08/28 12:03:59.088, 76 %, 20816 MiB, 70, P2, 1935 MHz, 9501 MHz, 330.01 W, 0x0000000000000004
2026/08/28 12:04:04.107, 72 %, 20824 MiB, 71, P2, 1935 MHz, 9501 MHz, 268.60 W, 0x0000000000000004
2026/08/28 12:04:09.128, 78 %, 20824 MiB, 72, P2, 1935 MHz, 9501 MHz, 336.11 W, 0x0000000000000004
2026/08/28 12:04:14.149, 78 %, 20824 MiB, 73, P2, 1935 MHz, 9501 MHz, 337.45 W, 0x0000000000000004
2026/08/28 12:04:19.167, 77 %, 20824 MiB, 73, P2, 1920 MHz, 9501 MHz, 335.96 W, 0x0000000000000004
2026/08/28 12:04:24.185, 0 %, 346 MiB, 64, P2, 1950 MHz, 9501 MHz, 156.65 W, 0x0000000000000000
2026/08/28 12:04:29.206, 100 %, 17618 MiB, 63, P2, 1950 MHz, 9501 MHz, 172.17 W, 0x0000000000000000
2026/08/28 12:04:34.229, 100 %, 20136 MiB, 61, P2, 1950 MHz, 9501 MHz, 161.39 W, 0x0000000000000000
2026/08/28 12:04:39.252, 70 %, 20276 MiB, 68, P2, 1935 MHz, 9501 MHz, 315.29 W, 0x0000000000000000
2026/08/28 12:04:44.273, 68 %, 20288 MiB, 68, P2, 1935 MHz, 9501 MHz, 237.98 W, 0x0000000000000000
2026/08/28 12:04:49.293, 68 %, 20288 MiB, 67, P2, 1935 MHz, 9501 MHz, 298.12 W, 0x0000000000000000
2026/08/28 12:04:54.313, 0 %, 346 MiB, 62, P2, 1950 MHz, 9501 MHz, 169.78 W, 0x0000000000000000
2026/08/28 12:04:59.334, 100 %, 19044 MiB, 61, P2, 1950 MHz, 9501 MHz, 169.45 W, 0x0000000000000000
2026/08/28 12:05:04.362, 100 %, 19044 MiB, 60, P2, 1950 MHz, 9501 MHz, 168.13 W, 0x0000000000000000
2026/08/28 12:05:09.384, 92 %, 22286 MiB, 60, P2, 1950 MHz, 9501 MHz, 174.23 W, 0x0000000000000000
2026/08/28 12:05:14.405, 79 %, 22292 MiB, 64, P2, 1950 MHz, 9501 MHz, 290.42 W, 0x0000000000000000
2026/08/28 12:05:19.429, 47 %, 22292 MiB, 67, P2, 1935 MHz, 9501 MHz, 286.83 W, 0x0000000000000004
2026/08/28 12:05:24.449, 67 %, 82 MiB, 63, P0, 1935 MHz, 9751 MHz, 224.64 W, 0x0000000000000000
2026/08/28 12:05:29.469, 0 %, 346 MiB, 59, P2, 1695 MHz, 9501 MHz, 140.78 W, 0x0000000000000000
2026/08/28 12:05:34.488, 100 %, 18082 MiB, 59, P2, 1950 MHz, 9501 MHz, 155.57 W, 0x0000000000000000
2026/08/28 12:05:39.510, 71 %, 21828 MiB, 66, P2, 1950 MHz, 9501 MHz, 316.63 W, 0x0000000000000004
2026/08/28 12:05:44.534, 72 %, 21828 MiB, 65, P2, 1950 MHz, 9501 MHz, 283.27 W, 0x0000000000000000
2026/08/28 12:05:49.556, 71 %, 21834 MiB, 68, P2, 1935 MHz, 9501 MHz, 305.42 W, 0x0000000000000004
2026/08/28 12:05:54.580, 72 %, 21834 MiB, 68, P2, 1935 MHz, 9501 MHz, 317.62 W, 0x0000000000000004
2026/08/28 12:05:59.601, 73 %, 21834 MiB, 69, P2, 1935 MHz, 9501 MHz, 316.25 W, 0x0000000000000004
2026/08/28 12:06:04.621, 72 %, 21834 MiB, 71, P2, 1935 MHz, 9501 MHz, 325.00 W, 0x0000000000000004
2026/08/28 12:06:09.640, 0 %, 346 MiB, 61, P0, 1695 MHz, 9751 MHz, 153.14 W, 0x0000000000000000
2026/08/28 12:06:14.660, 100 %, 19044 MiB, 61, P2, 1950 MHz, 9501 MHz, 157.57 W, 0x0000000000000000
2026/08/28 12:06:19.682, 99 %, 20188 MiB, 60, P2, 1950 MHz, 9501 MHz, 157.26 W, 0x0000000000000000
2026/08/28 12:06:24.702, 78 %, 22286 MiB, 68, P2, 1935 MHz, 9501 MHz, 328.69 W, 0x0000000000000004
2026/08/28 12:06:29.724, 77 %, 22286 MiB, 70, P2, 1935 MHz, 9501 MHz, 330.80 W, 0x0000000000000004
2026/08/28 12:06:34.744, 77 %, 22292 MiB, 70, P2, 1935 MHz, 9501 MHz, 328.96 W, 0x0000000000000004
2026/08/28 12:06:39.762, 76 %, 22292 MiB, 71, P2, 1935 MHz, 9501 MHz, 330.88 W, 0x0000000000000004
2026/08/28 12:06:44.783, 76 %, 22292 MiB, 72, P2, 1935 MHz, 9501 MHz, 330.77 W, 0x0000000000000004
2026/08/28 12:06:49.803, 0 %, 82 MiB, 65, P0, 1935 MHz, 9751 MHz, 171.70 W, 0x0000000000000000
2026/08/28 12:06:54.821, 31 %, 18082 MiB, 61, P2, 1695 MHz, 9501 MHz, 134.47 W, 0x0000000000000000
2026/08/28 12:06:59.845, 100 %, 18082 MiB, 62, P2, 1950 MHz, 9501 MHz, 164.21 W, 0x0000000000000000
2026/08/28 12:07:04.868, 67 %, 21828 MiB, 63, P2, 1950 MHz, 9501 MHz, 262.82 W, 0x0000000000000000
2026/08/28 12:07:09.889, 67 %, 21834 MiB, 64, P2, 1935 MHz, 9501 MHz, 210.68 W, 0x0000000000000004
2026/08/28 12:07:14.908, 60 %, 21834 MiB, 68, P2, 1935 MHz, 9501 MHz, 281.73 W, 0x0000000000000000
2026/08/28 12:07:19.931, 72 %, 82 MiB, 65, P2, 1935 MHz, 9501 MHz, 243.00 W, 0x0000000000000000
2026/08/28 12:07:24.950, 0 %, 82 MiB, 58, P5, 210 MHz, 5001 MHz, 91.84 W, 0x0000000000000001
2026/08/28 12:07:29.971, 0 %, 82 MiB, 53, P8, 210 MHz, 405 MHz, 31.65 W, 0x0000000000000001
2026/08/28 12:07:34.993, 0 %, 346 MiB, 57, P2, 1965 MHz, 9501 MHz, 159.39 W, 0x0000000000000000
2026/08/28 12:07:40.016, 99 %, 19044 MiB, 57, P2, 1965 MHz, 9501 MHz, 158.73 W, 0x0000000000000000
2026/08/28 12:07:45.040, 100 %, 19044 MiB, 57, P2, 1965 MHz, 9501 MHz, 158.52 W, 0x0000000000000000
2026/08/28 12:07:50.065, 78 %, 22286 MiB, 63, P2, 1950 MHz, 9501 MHz, 291.00 W, 0x0000000000000000
2026/08/28 12:07:55.086, 76 %, 22286 MiB, 67, P2, 1950 MHz, 9501 MHz, 293.62 W, 0x0000000000000000
2026/08/28 12:08:00.108, 100 %, 22292 MiB, 65, P2, 1950 MHz, 9501 MHz, 218.63 W, 0x0000000000000000
2026/08/28 12:08:05.128, 37 %, 22292 MiB, 67, P2, 1935 MHz, 9501 MHz, 292.25 W, 0x0000000000000000
2026/08/28 12:08:10.148, 80 %, 22292 MiB, 69, P2, 1935 MHz, 9501 MHz, 322.34 W, 0x0000000000000004
2026/08/28 12:08:15.169, 100 %, 82 MiB, 66, P2, 1935 MHz, 9501 MHz, 257.76 W, 0x0000000000000000
2026/08/28 12:08:20.187, 0 %, 346 MiB, 61, P2, 1695 MHz, 9501 MHz, 163.05 W, 0x0000000000000000
2026/08/28 12:08:25.209, 100 %, 19044 MiB, 62, P2, 1950 MHz, 9501 MHz, 169.85 W, 0x0000000000000000
2026/08/28 12:08:30.237, 100 %, 19044 MiB, 61, P2, 1950 MHz, 9501 MHz, 168.86 W, 0x0000000000000000
2026/08/28 12:08:35.261, 54 %, 22286 MiB, 64, P2, 1950 MHz, 9501 MHz, 265.89 W, 0x0000000000000000
2026/08/28 12:08:40.281, 100 %, 22292 MiB, 62, P2, 1935 MHz, 9501 MHz, 212.54 W, 0x0000000000000000
2026/08/28 12:08:45.303, 63 %, 22292 MiB, 66, P2, 1950 MHz, 9501 MHz, 272.66 W, 0x0000000000000000
2026/08/28 12:08:50.325, 0 %, 82 MiB, 63, P0, 1950 MHz, 9751 MHz, 175.57 W, 0x0000000000000000
2026/08/28 12:08:55.342, 0 %, 346 MiB, 60, P2, 1695 MHz, 9501 MHz, 133.14 W, 0x0000000000000000
2026/08/28 12:09:00.364, 100 %, 18082 MiB, 60, P2, 1950 MHz, 9501 MHz, 164.59 W, 0x0000000000000000
2026/08/28 12:09:05.388, 99 %, 20636 MiB, 60, P2, 1950 MHz, 9501 MHz, 164.76 W, 0x0000000000000000
2026/08/28 12:09:10.411, 71 %, 21828 MiB, 66, P2, 1935 MHz, 9501 MHz, 311.10 W, 0x0000000000000000
2026/08/28 12:09:15.435, 81 %, 21834 MiB, 62, P2, 1935 MHz, 9501 MHz, 218.41 W, 0x0000000000000000
2026/08/28 12:09:20.455, 69 %, 21834 MiB, 68, P2, 1935 MHz, 9501 MHz, 311.46 W, 0x0000000000000000
2026/08/28 12:09:25.474, 0 %, 346 MiB, 60, P2, 1950 MHz, 9501 MHz, 145.50 W, 0x0000000000000000
2026/08/28 12:09:30.493, 100 %, 20144 MiB, 61, P2, 1950 MHz, 9501 MHz, 164.50 W, 0x0000000000000000
2026/08/28 12:09:35.518, 100 %, 20144 MiB, 60, P2, 1950 MHz, 9501 MHz, 163.14 W, 0x0000000000000000
2026/08/28 12:09:40.541, 78 %, 20816 MiB, 67, P2, 1950 MHz, 9501 MHz, 327.95 W, 0x0000000000000000
2026/08/28 12:09:45.560, 79 %, 20816 MiB, 68, P2, 1950 MHz, 9501 MHz, 330.99 W, 0x0000000000000000
2026/08/28 12:09:50.579, 78 %, 20820 MiB, 69, P2, 1950 MHz, 9501 MHz, 284.77 W, 0x0000000000000000
2026/08/28 12:09:55.598, 77 %, 20824 MiB, 70, P2, 1935 MHz, 9501 MHz, 331.65 W, 0x0000000000000000
2026/08/28 12:10:00.616, 76 %, 20824 MiB, 71, P2, 1935 MHz, 9501 MHz, 332.00 W, 0x0000000000000000
2026/08/28 12:10:05.636, 78 %, 20824 MiB, 72, P2, 1935 MHz, 9501 MHz, 295.49 W, 0x0000000000000000
2026/08/28 12:10:10.654, 2 %, 392 MiB, 69, P2, 1935 MHz, 9501 MHz, 325.49 W, 0x0000000000000000
2026/08/28 12:10:15.675, 0 %, 346 MiB, 64, P2, 1950 MHz, 9501 MHz, 174.03 W, 0x0000000000000000
2026/08/28 12:10:20.695, 100 %, 18082 MiB, 63, P2, 1950 MHz, 9501 MHz, 172.14 W, 0x0000000000000000
2026/08/28 12:10:25.723, 100 %, 18082 MiB, 62, P2, 1950 MHz, 9501 MHz, 171.00 W, 0x0000000000000000
2026/08/28 12:10:30.746, 72 %, 21828 MiB, 67, P2, 1950 MHz, 9501 MHz, 317.05 W, 0x0000000000000000
2026/08/28 12:10:35.764, 67 %, 21828 MiB, 69, P2, 1950 MHz, 9501 MHz, 323.48 W, 0x0000000000000000
2026/08/28 12:10:40.783, 70 %, 21830 MiB, 69, P2, 1950 MHz, 9501 MHz, 305.13 W, 0x0000000000000000
2026/08/28 12:10:45.804, 69 %, 21834 MiB, 68, P2, 1950 MHz, 9501 MHz, 247.30 W, 0x0000000000000000
2026/08/28 12:10:50.826, 70 %, 21834 MiB, 69, P2, 1935 MHz, 9501 MHz, 283.27 W, 0x0000000000000000
2026/08/28 12:10:55.845, 74 %, 21834 MiB, 70, P2, 1935 MHz, 9501 MHz, 289.48 W, 0x0000000000000000
2026/08/28 12:11:00.865, 0 %, 82 MiB, 65, P0, 1935 MHz, 9751 MHz, 175.47 W, 0x0000000000000000
2026/08/28 12:11:05.883, 100 %, 20144 MiB, 62, P2, 1950 MHz, 9501 MHz, 149.93 W, 0x0000000000000000
2026/08/28 12:11:10.911, 100 %, 20144 MiB, 62, P2, 1950 MHz, 9501 MHz, 171.08 W, 0x0000000000000000
2026/08/28 12:11:15.935, 100 %, 20144 MiB, 61, P2, 1950 MHz, 9501 MHz, 169.98 W, 0x0000000000000000
2026/08/28 12:11:20.961, 77 %, 20816 MiB, 68, P2, 1950 MHz, 9501 MHz, 294.12 W, 0x0000000000000000
2026/08/28 12:11:25.982, 77 %, 20824 MiB, 69, P2, 1950 MHz, 9501 MHz, 333.83 W, 0x0000000000000000
2026/08/28 12:11:31.001, 78 %, 20824 MiB, 69, P2, 1935 MHz, 9501 MHz, 299.98 W, 0x0000000000000000
2026/08/28 12:11:36.217, 0 %, 346 MiB, 60, P0, 390 MHz, 5001 MHz, 148.97 W, 0x0000000000000004
2026/08/28 12:11:41.236, 100 %, 17618 MiB, 61, P2, 1950 MHz, 9501 MHz, 165.25 W, 0x0000000000000000
2026/08/28 12:11:46.260, 100 %, 17618 MiB, 61, P2, 1950 MHz, 9501 MHz, 169.07 W, 0x0000000000000000
2026/08/28 12:11:51.286, 100 %, 20136 MiB, 60, P2, 1950 MHz, 9501 MHz, 169.49 W, 0x0000000000000000
2026/08/28 12:11:56.308, 66 %, 20276 MiB, 67, P2, 1950 MHz, 9501 MHz, 311.80 W, 0x0000000000000000
2026/08/28 12:12:01.328, 69 %, 20288 MiB, 66, P2, 1950 MHz, 9501 MHz, 206.70 W, 0x0000000000000000
2026/08/28 12:12:06.349, 70 %, 20288 MiB, 68, P2, 1950 MHz, 9501 MHz, 315.58 W, 0x0000000000000000
2026/08/28 12:12:11.370, 0 %, 346 MiB, 61, P2, 1965 MHz, 9501 MHz, 168.94 W, 0x0000000000000000
2026/08/28 12:12:16.389, 100 %, 19362 MiB, 60, P2, 1965 MHz, 9501 MHz, 168.52 W, 0x0000000000000000
2026/08/28 12:12:21.412, 100 %, 19362 MiB, 60, P2, 1965 MHz, 9501 MHz, 168.02 W, 0x0000000000000000
2026/08/28 12:12:26.437, 77 %, 20768 MiB, 60, P2, 1950 MHz, 9501 MHz, 182.00 W, 0x0000000000000004
2026/08/28 12:12:31.457, 82 %, 20770 MiB, 62, P2, 1965 MHz, 9501 MHz, 226.88 W, 0x0000000000000000
2026/08/28 12:12:36.478, 84 %, 20772 MiB, 62, P2, 1965 MHz, 9501 MHz, 223.64 W, 0x0000000000000000
2026/08/28 12:12:41.496, 82 %, 20772 MiB, 63, P2, 1965 MHz, 9501 MHz, 225.46 W, 0x0000000000000000
2026/08/28 12:12:46.516, 83 %, 20772 MiB, 63, P2, 1965 MHz, 9501 MHz, 231.79 W, 0x0000000000000000
2026/08/28 12:12:51.537, 82 %, 20772 MiB, 62, P2, 1965 MHz, 9501 MHz, 227.91 W, 0x0000000000000000
2026/08/28 12:12:56.557, 80 %, 20772 MiB, 63, P2, 1965 MHz, 9501 MHz, 228.30 W, 0x0000000000000000
2026/08/28 12:13:01.577, 87 %, 20772 MiB, 62, P2, 1950 MHz, 9501 MHz, 213.14 W, 0x0000000000000004
2026/08/28 12:13:06.599, 79 %, 20774 MiB, 63, P2, 1965 MHz, 9501 MHz, 235.07 W, 0x0000000000000000
2026/08/28 12:13:11.617, 85 %, 20780 MiB, 63, P2, 1950 MHz, 9501 MHz, 231.85 W, 0x0000000000000000
2026/08/28 12:13:16.637, 82 %, 20780 MiB, 63, P2, 1950 MHz, 9501 MHz, 226.43 W, 0x0000000000000000
2026/08/28 12:13:21.656, 84 %, 20780 MiB, 63, P2, 1950 MHz, 9501 MHz, 226.21 W, 0x0000000000000000
2026/08/28 12:13:26.675, 79 %, 20780 MiB, 63, P2, 1950 MHz, 9501 MHz, 229.14 W, 0x0000000000000000
2026/08/28 12:13:31.695, 83 %, 20780 MiB, 63, P2, 1950 MHz, 9501 MHz, 230.57 W, 0x0000000000000000
2026/08/28 12:13:36.715, 81 %, 20780 MiB, 63, P2, 1950 MHz, 9501 MHz, 219.86 W, 0x0000000000000000
2026/08/28 12:13:41.736, 83 %, 20780 MiB, 63, P2, 1935 MHz, 9501 MHz, 221.43 W, 0x0000000000000004
2026/08/28 12:13:46.756, 80 %, 20780 MiB, 64, P2, 1950 MHz, 9501 MHz, 231.05 W, 0x0000000000000000
2026/08/28 12:13:51.776, 84 %, 20780 MiB, 63, P2, 1950 MHz, 9501 MHz, 228.57 W, 0x0000000000000000
2026/08/28 12:13:56.797, 85 %, 20780 MiB, 64, P2, 1950 MHz, 9501 MHz, 226.24 W, 0x0000000000000000
2026/08/28 12:14:01.816, 80 %, 20780 MiB, 64, P2, 1950 MHz, 9501 MHz, 230.69 W, 0x0000000000000000
2026/08/28 12:14:06.835, 0 %, 82 MiB, 61, P0, 1950 MHz, 9751 MHz, 170.06 W, 0x0000000000000001
2026/08/28 12:14:11.853, 0 %, 17618 MiB, 59, P2, 1965 MHz, 9501 MHz, 132.22 W, 0x0000000000000000
2026/08/28 12:14:16.875, 100 %, 17618 MiB, 60, P2, 1965 MHz, 9501 MHz, 166.87 W, 0x0000000000000000
2026/08/28 12:14:21.899, 100 %, 18762 MiB, 60, P2, 1965 MHz, 9501 MHz, 166.25 W, 0x0000000000000000
2026/08/28 12:14:26.920, 64 %, 20276 MiB, 66, P2, 1950 MHz, 9501 MHz, 282.86 W, 0x0000000000000000
2026/08/28 12:14:31.940, 71 %, 20276 MiB, 67, P2, 1950 MHz, 9501 MHz, 312.93 W, 0x0000000000000000
2026/08/28 12:14:36.960, 75 %, 20288 MiB, 67, P2, 1950 MHz, 9501 MHz, 233.26 W, 0x0000000000000000
2026/08/28 12:14:41.981, 56 %, 20288 MiB, 68, P2, 1950 MHz, 9501 MHz, 281.20 W, 0x0000000000000000
2026/08/28 12:14:47.003, 68 %, 20288 MiB, 69, P2, 1935 MHz, 9501 MHz, 280.80 W, 0x0000000000000004
2026/08/28 12:14:52.023, 100 %, 82 MiB, 65, P0, 1935 MHz, 9751 MHz, 212.39 W, 0x0000000000000000
2026/08/28 12:14:57.040, 0 %, 346 MiB, 61, P2, 1695 MHz, 9501 MHz, 149.38 W, 0x0000000000000000
2026/08/28 12:15:02.062, 99 %, 19362 MiB, 62, P2, 1950 MHz, 9501 MHz, 169.40 W, 0x0000000000000000
2026/08/28 12:15:07.084, 100 %, 19362 MiB, 61, P2, 1950 MHz, 9501 MHz, 168.50 W, 0x0000000000000000
2026/08/28 12:15:12.109, 84 %, 20768 MiB, 63, P2, 1950 MHz, 9501 MHz, 221.53 W, 0x0000000000000000
2026/08/28 12:15:17.130, 83 %, 20770 MiB, 63, P2, 1950 MHz, 9501 MHz, 225.61 W, 0x0000000000000000
2026/08/28 12:15:22.153, 78 %, 20770 MiB, 63, P2, 1950 MHz, 9501 MHz, 227.04 W, 0x0000000000000000
2026/08/28 12:15:27.174, 83 %, 20770 MiB, 63, P2, 1950 MHz, 9501 MHz, 226.38 W, 0x0000000000000000
2026/08/28 12:15:32.194, 82 %, 20772 MiB, 63, P2, 1950 MHz, 9501 MHz, 213.94 W, 0x0000000000000000
2026/08/28 12:15:37.212, 83 %, 20780 MiB, 63, P2, 1950 MHz, 9501 MHz, 230.75 W, 0x0000000000000000
2026/08/28 12:15:42.230, 85 %, 20780 MiB, 63, P2, 1950 MHz, 9501 MHz, 223.38 W, 0x0000000000000000
2026/08/28 12:15:47.249, 80 %, 20780 MiB, 64, P2, 1950 MHz, 9501 MHz, 224.60 W, 0x0000000000000000
2026/08/28 12:15:52.269, 85 %, 20780 MiB, 63, P2, 1950 MHz, 9501 MHz, 227.22 W, 0x0000000000000000
2026/08/28 12:15:57.288, 84 %, 20780 MiB, 64, P2, 1950 MHz, 9501 MHz, 225.95 W, 0x0000000000000000
2026/08/28 12:16:02.309, 84 %, 20780 MiB, 63, P2, 1950 MHz, 9501 MHz, 228.13 W, 0x0000000000000000
2026/08/28 12:16:07.331, 0 %, 82 MiB, 61, P0, 1950 MHz, 9751 MHz, 169.55 W, 0x0000000000000000
2026/08/28 12:16:12.350, 1 %, 17618 MiB, 59, P2, 1695 MHz, 9501 MHz, 134.46 W, 0x0000000000000000
2026/08/28 12:16:17.376, 100 %, 17618 MiB, 60, P2, 1965 MHz, 9501 MHz, 167.41 W, 0x0000000000000000
2026/08/28 12:16:22.398, 100 %, 17618 MiB, 59, P2, 1965 MHz, 9501 MHz, 166.30 W, 0x0000000000000000
2026/08/28 12:16:27.425, 64 %, 20276 MiB, 65, P2, 1950 MHz, 9501 MHz, 276.51 W, 0x0000000000000000
2026/08/28 12:16:32.444, 72 %, 20288 MiB, 65, P2, 1950 MHz, 9501 MHz, 308.17 W, 0x0000000000000000
2026/08/28 12:16:37.462, 69 %, 20288 MiB, 67, P2, 1950 MHz, 9501 MHz, 312.95 W, 0x0000000000000000
2026/08/28 12:16:42.481, 0 %, 346 MiB, 59, P0, 960 MHz, 5001 MHz, 142.46 W, 0x0000000000000000
2026/08/28 12:16:47.500, 100 %, 18082 MiB, 60, P2, 1965 MHz, 9501 MHz, 165.77 W, 0x0000000000000000
2026/08/28 12:16:52.527, 100 %, 18082 MiB, 60, P2, 1965 MHz, 9501 MHz, 166.96 W, 0x0000000000000000
2026/08/28 12:16:57.553, 100 %, 20636 MiB, 59, P2, 1965 MHz, 9501 MHz, 167.86 W, 0x0000000000000000
2026/08/28 12:17:02.580, 75 %, 21828 MiB, 66, P2, 1950 MHz, 9501 MHz, 311.91 W, 0x000000000000004C
2026/08/28 12:17:07.600, 73 %, 21828 MiB, 67, P2, 1950 MHz, 9501 MHz, 319.15 W, 0x0000000000000004
2026/08/28 12:17:12.622, 68 %, 21834 MiB, 68, P2, 1950 MHz, 9501 MHz, 285.40 W, 0x0000000000000004
2026/08/28 12:17:17.645, 66 %, 21834 MiB, 69, P2, 1935 MHz, 9501 MHz, 313.71 W, 0x0000000000000004
2026/08/28 12:17:22.666, 72 %, 21834 MiB, 70, P2, 1935 MHz, 9501 MHz, 321.21 W, 0x0000000000000004
2026/08/28 12:17:27.688, 0 %, 19796 MiB, 67, P2, 1935 MHz, 9501 MHz, 307.22 W, 0x0000000000000004
2026/08/28 12:17:32.707, 0 %, 346 MiB, 63, P2, 1950 MHz, 9501 MHz, 170.99 W, 0x0000000000000000
2026/08/28 12:17:37.728, 100 %, 17618 MiB, 62, P2, 1950 MHz, 9501 MHz, 170.91 W, 0x0000000000000000
2026/08/28 12:17:42.753, 100 %, 17618 MiB, 61, P2, 1950 MHz, 9501 MHz, 169.82 W, 0x0000000000000000
2026/08/28 12:17:47.776, 67 %, 20276 MiB, 66, P2, 1950 MHz, 9501 MHz, 289.32 W, 0x0000000000000004
2026/08/28 12:17:52.797, 69 %, 20276 MiB, 68, P2, 1950 MHz, 9501 MHz, 317.08 W, 0x0000000000000004
2026/08/28 12:17:57.819, 69 %, 20280 MiB, 68, P2, 1935 MHz, 9501 MHz, 313.64 W, 0x0000000000000000
2026/08/28 12:18:02.840, 69 %, 20288 MiB, 68, P2, 1935 MHz, 9501 MHz, 312.61 W, 0x0000000000000004
2026/08/28 12:18:07.859, 67 %, 20288 MiB, 69, P2, 1935 MHz, 9501 MHz, 313.77 W, 0x0000000000000000
2026/08/28 12:18:12.879, 69 %, 20288 MiB, 71, P2, 1935 MHz, 9501 MHz, 319.89 W, 0x0000000000000004
2026/08/28 12:18:17.898, 0 %, 346 MiB, 63, P2, 1950 MHz, 9501 MHz, 143.19 W, 0x0000000000000000
2026/08/28 12:18:22.918, 100 %, 18082 MiB, 62, P2, 1950 MHz, 9501 MHz, 170.32 W, 0x0000000000000000
2026/08/28 12:18:27.940, 99 %, 18082 MiB, 61, P2, 1950 MHz, 9501 MHz, 170.10 W, 0x0000000000000000
2026/08/28 12:18:32.967, 99 %, 21828 MiB, 61, P2, 1950 MHz, 9501 MHz, 172.96 W, 0x0000000000000000
2026/08/28 12:18:37.988, 69 %, 21828 MiB, 68, P2, 1950 MHz, 9501 MHz, 320.52 W, 0x0000000000000004
2026/08/28 12:18:43.010, 57 %, 21834 MiB, 67, P2, 1950 MHz, 9501 MHz, 315.65 W, 0x0000000000000004
2026/08/28 12:18:48.030, 57 %, 21834 MiB, 66, P2, 1935 MHz, 9501 MHz, 286.75 W, 0x0000000000000004
2026/08/28 12:18:53.049, 0 %, 346 MiB, 62, P2, 1950 MHz, 9501 MHz, 168.85 W, 0x0000000000000000
2026/08/28 12:18:58.067, 100 %, 19362 MiB, 61, P2, 1950 MHz, 9501 MHz, 169.03 W, 0x0000000000000000
2026/08/28 12:19:03.091, 100 %, 19362 MiB, 60, P2, 1950 MHz, 9501 MHz, 167.80 W, 0x0000000000000000
2026/08/28 12:19:08.116, 77 %, 20768 MiB, 61, P2, 1950 MHz, 9501 MHz, 182.92 W, 0x0000000000000004
2026/08/28 12:19:13.137, 83 %, 20770 MiB, 62, P2, 1950 MHz, 9501 MHz, 217.51 W, 0x0000000000000000
2026/08/28 12:19:18.157, 81 %, 20770 MiB, 63, P2, 1950 MHz, 9501 MHz, 224.49 W, 0x0000000000000000
2026/08/28 12:19:23.176, 84 %, 20770 MiB, 63, P2, 1950 MHz, 9501 MHz, 222.82 W, 0x0000000000000000
2026/08/28 12:19:28.196, 84 %, 20772 MiB, 63, P2, 1950 MHz, 9501 MHz, 224.45 W, 0x0000000000000000
2026/08/28 12:19:33.218, 84 %, 20778 MiB, 63, P2, 1950 MHz, 9501 MHz, 226.65 W, 0x0000000000000004
2026/08/28 12:19:38.238, 83 %, 20780 MiB, 63, P2, 1950 MHz, 9501 MHz, 232.39 W, 0x0000000000000004
2026/08/28 12:19:43.257, 81 %, 20780 MiB, 63, P2, 1950 MHz, 9501 MHz, 229.77 W, 0x0000000000000000
2026/08/28 12:19:48.277, 72 %, 20780 MiB, 63, P2, 1950 MHz, 9501 MHz, 228.14 W, 0x0000000000000000
2026/08/28 12:19:53.296, 84 %, 20780 MiB, 63, P2, 1950 MHz, 9501 MHz, 226.55 W, 0x0000000000000000
2026/08/28 12:19:58.318, 83 %, 20780 MiB, 63, P2, 1950 MHz, 9501 MHz, 228.47 W, 0x0000000000000000
2026/08/28 12:20:03.341, 84 %, 20780 MiB, 63, P2, 1950 MHz, 9501 MHz, 218.71 W, 0x0000000000000000
2026/08/28 12:20:08.362, 0 %, 346 MiB, 60, P2, 1965 MHz, 9501 MHz, 157.28 W, 0x0000000000000000
2026/08/28 12:20:13.382, 100 %, 19044 MiB, 60, P2, 1965 MHz, 9501 MHz, 167.59 W, 0x0000000000000000
2026/08/28 12:20:18.404, 100 %, 19044 MiB, 59, P2, 1965 MHz, 9501 MHz, 166.63 W, 0x0000000000000000
2026/08/28 12:20:23.426, 0 %, 22218 MiB, 59, P2, 1965 MHz, 9501 MHz, 167.46 W, 0x0000000000000000
2026/08/28 12:20:28.445, 78 %, 22286 MiB, 66, P2, 1950 MHz, 9501 MHz, 294.83 W, 0x0000000000000000
2026/08/28 12:20:33.467, 66 %, 22288 MiB, 65, P2, 1950 MHz, 9501 MHz, 295.37 W, 0x0000000000000004
2026/08/28 12:20:38.488, 99 %, 22292 MiB, 64, P2, 1950 MHz, 9501 MHz, 290.38 W, 0x0000000000000000
2026/08/28 12:20:43.508, 70 %, 22292 MiB, 66, P2, 1860 MHz, 9501 MHz, 290.36 W, 0x0000000000000004
2026/08/28 12:20:48.529, 71 %, 22292 MiB, 69, P2, 1935 MHz, 9501 MHz, 295.12 W, 0x0000000000000000
2026/08/28 12:20:53.549, 0 %, 82 MiB, 64, P0, 1935 MHz, 9751 MHz, 173.30 W, 0x0000000000000001
2026/08/28 12:20:58.571, 22 %, 19362 MiB, 62, P2, 1950 MHz, 9501 MHz, 144.24 W, 0x0000000000000000
2026/08/28 12:21:03.596, 100 %, 19362 MiB, 62, P2, 1950 MHz, 9501 MHz, 169.72 W, 0x0000000000000000
2026/08/28 12:21:08.622, 100 %, 19362 MiB, 61, P2, 1950 MHz, 9501 MHz, 168.47 W, 0x0000000000000000
2026/08/28 12:21:13.646, 84 %, 20768 MiB, 63, P2, 1950 MHz, 9501 MHz, 224.28 W, 0x0000000000000000
2026/08/28 12:21:18.664, 80 %, 20772 MiB, 63, P2, 1950 MHz, 9501 MHz, 221.81 W, 0x0000000000000000
2026/08/28 12:21:23.683, 84 %, 20772 MiB, 64, P2, 1950 MHz, 9501 MHz, 232.90 W, 0x0000000000000000
2026/08/28 12:21:28.703, 83 %, 20772 MiB, 63, P2, 1950 MHz, 9501 MHz, 229.27 W, 0x0000000000000000
2026/08/28 12:21:33.725, 82 %, 20772 MiB, 63, P2, 1950 MHz, 9501 MHz, 226.39 W, 0x0000000000000000
2026/08/28 12:21:38.744, 85 %, 20772 MiB, 63, P2, 1950 MHz, 9501 MHz, 225.50 W, 0x0000000000000000
2026/08/28 12:21:43.765, 79 %, 20772 MiB, 63, P2, 1950 MHz, 9501 MHz, 226.80 W, 0x0000000000000000
2026/08/28 12:21:48.787, 81 %, 20774 MiB, 63, P2, 1950 MHz, 9501 MHz, 227.41 W, 0x0000000000000000
2026/08/28 12:21:53.808, 85 %, 20780 MiB, 64, P2, 1950 MHz, 9501 MHz, 227.45 W, 0x0000000000000000
2026/08/28 12:21:58.826, 80 %, 20780 MiB, 63, P2, 1950 MHz, 9501 MHz, 233.88 W, 0x0000000000000000
2026/08/28 12:22:03.846, 85 %, 20780 MiB, 63, P2, 1950 MHz, 9501 MHz, 228.80 W, 0x0000000000000000
2026/08/28 12:22:08.867, 84 %, 20780 MiB, 63, P2, 1950 MHz, 9501 MHz, 229.32 W, 0x0000000000000000
2026/08/28 12:22:13.887, 82 %, 20780 MiB, 64, P2, 1950 MHz, 9501 MHz, 234.57 W, 0x0000000000000000
2026/08/28 12:22:18.907, 84 %, 20780 MiB, 64, P2, 1950 MHz, 9501 MHz, 230.05 W, 0x0000000000000000
2026/08/28 12:22:23.927, 85 %, 20780 MiB, 64, P2, 1950 MHz, 9501 MHz, 232.52 W, 0x0000000000000000
2026/08/28 12:22:28.945, 80 %, 20780 MiB, 64, P2, 1950 MHz, 9501 MHz, 226.82 W, 0x0000000000000000
2026/08/28 12:22:33.965, 81 %, 20780 MiB, 64, P2, 1950 MHz, 9501 MHz, 224.93 W, 0x0000000000000000
2026/08/28 12:22:38.985, 82 %, 20780 MiB, 64, P2, 1950 MHz, 9501 MHz, 228.59 W, 0x0000000000000000
2026/08/28 12:22:44.014, 82 %, 20780 MiB, 64, P2, 1950 MHz, 9501 MHz, 227.15 W, 0x0000000000000000
2026/08/28 12:22:49.036, 83 %, 402 MiB, 64, P2, 1950 MHz, 9501 MHz, 232.61 W, 0x0000000000000000
2026/08/28 12:22:54.054, 0 %, 346 MiB, 61, P2, 1965 MHz, 9501 MHz, 167.59 W, 0x0000000000000000
2026/08/28 12:22:59.075, 99 %, 19044 MiB, 60, P2, 1965 MHz, 9501 MHz, 167.08 W, 0x0000000000000000
2026/08/28 12:23:04.098, 99 %, 19044 MiB, 60, P2, 1965 MHz, 9501 MHz, 166.78 W, 0x0000000000000000
2026/08/28 12:23:09.124, 68 %, 22286 MiB, 61, P2, 1950 MHz, 9501 MHz, 207.48 W, 0x0000000000000000
2026/08/28 12:23:14.147, 100 %, 22292 MiB, 63, P2, 1890 MHz, 9501 MHz, 256.85 W, 0x0000000000000004
2026/08/28 12:23:19.171, 66 %, 22292 MiB, 65, P2, 1950 MHz, 9501 MHz, 275.14 W, 0x0000000000000004
2026/08/28 12:23:24.191, 0 %, 82 MiB, 62, P0, 1950 MHz, 9751 MHz, 172.52 W, 0x0000000000000000
2026/08/28 12:23:29.211, 100 %, 20144 MiB, 59, P2, 1950 MHz, 9501 MHz, 131.47 W, 0x0000000000000000
2026/08/28 12:23:34.237, 100 %, 20144 MiB, 60, P2, 1950 MHz, 9501 MHz, 166.70 W, 0x0000000000000000
2026/08/28 12:23:39.263, 99 %, 20144 MiB, 60, P2, 1950 MHz, 9501 MHz, 166.31 W, 0x0000000000000000
2026/08/28 12:23:44.289, 77 %, 20816 MiB, 65, P2, 1950 MHz, 9501 MHz, 294.14 W, 0x0000000000000004
2026/08/28 12:23:49.309, 73 %, 20824 MiB, 68, P2, 1950 MHz, 9501 MHz, 327.80 W, 0x0000000000000004
2026/08/28 12:23:54.329, 76 %, 20824 MiB, 68, P2, 1935 MHz, 9501 MHz, 292.65 W, 0x0000000000000004
2026/08/28 12:23:59.347, 0 %, 82 MiB, 63, P0, 1950 MHz, 9751 MHz, 168.12 W, 0x0000000000000000
2026/08/28 12:24:04.365, 100 %, 20144 MiB, 61, P2, 1950 MHz, 9501 MHz, 160.76 W, 0x0000000000000000
2026/08/28 12:24:09.389, 99 %, 20144 MiB, 61, P2, 1950 MHz, 9501 MHz, 167.38 W, 0x0000000000000000
2026/08/28 12:24:14.413, 99 %, 20144 MiB, 60, P2, 1950 MHz, 9501 MHz, 166.43 W, 0x0000000000000000
2026/08/28 12:24:19.435, 76 %, 20816 MiB, 67, P2, 1950 MHz, 9501 MHz, 295.18 W, 0x0000000000000004
2026/08/28 12:24:24.456, 70 %, 20816 MiB, 65, P2, 1935 MHz, 9501 MHz, 290.70 W, 0x0000000000000000
2026/08/28 12:24:29.476, 76 %, 20820 MiB, 70, P2, 1935 MHz, 9501 MHz, 329.65 W, 0x0000000000000004
2026/08/28 12:24:34.496, 77 %, 20824 MiB, 70, P2, 1935 MHz, 9501 MHz, 324.91 W, 0x0000000000000004
2026/08/28 12:24:39.518, 78 %, 20824 MiB, 71, P2, 1935 MHz, 9501 MHz, 293.76 W, 0x0000000000000004
2026/08/28 12:24:44.537, 77 %, 20824 MiB, 73, P2, 1935 MHz, 9501 MHz, 337.01 W, 0x0000000000000004
2026/08/28 12:24:49.555, 0 %, 82 MiB, 66, P0, 1935 MHz, 9751 MHz, 174.35 W, 0x0000000000000000
2026/08/28 12:24:54.576, 100 %, 19044 MiB, 63, P2, 1950 MHz, 9501 MHz, 139.91 W, 0x0000000000000000
2026/08/28 12:24:59.600, 100 %, 19044 MiB, 62, P2, 1950 MHz, 9501 MHz, 171.61 W, 0x0000000000000000
2026/08/28 12:25:04.626, 100 %, 19044 MiB, 61, P2, 1950 MHz, 9501 MHz, 170.62 W, 0x0000000000000000
2026/08/28 12:25:09.652, 77 %, 22286 MiB, 67, P2, 1950 MHz, 9501 MHz, 292.47 W, 0x0000000000000004
2026/08/28 12:25:14.672, 72 %, 22292 MiB, 68, P2, 1935 MHz, 9501 MHz, 322.25 W, 0x0000000000000004
2026/08/28 12:25:19.694, 77 %, 22292 MiB, 69, P2, 1935 MHz, 9501 MHz, 331.28 W, 0x0000000000000004
2026/08/28 12:25:24.714, 0 %, 346 MiB, 62, P2, 1950 MHz, 9501 MHz, 151.61 W, 0x0000000000000000
2026/08/28 12:25:29.734, 100 %, 20144 MiB, 61, P2, 1950 MHz, 9501 MHz, 169.65 W, 0x0000000000000000
2026/08/28 12:25:34.763, 100 %, 20144 MiB, 60, P2, 1950 MHz, 9501 MHz, 168.70 W, 0x0000000000000000
2026/08/28 12:25:39.787, 20 %, 20802 MiB, 60, P2, 1950 MHz, 9501 MHz, 171.00 W, 0x0000000000000000
2026/08/28 12:25:44.806, 77 %, 20816 MiB, 67, P2, 1950 MHz, 9501 MHz, 326.95 W, 0x0000000000000004
2026/08/28 12:25:49.827, 79 %, 20816 MiB, 68, P2, 1935 MHz, 9501 MHz, 317.78 W, 0x0000000000000004
2026/08/28 12:25:54.847, 73 %, 20824 MiB, 64, P2, 1935 MHz, 9501 MHz, 266.32 W, 0x0000000000000004
2026/08/28 12:25:59.868, 79 %, 20824 MiB, 70, P2, 1935 MHz, 9501 MHz, 333.36 W, 0x0000000000000004
2026/08/28 12:26:04.888, 77 %, 20824 MiB, 71, P2, 1935 MHz, 9501 MHz, 334.16 W, 0x0000000000000004
2026/08/28 12:26:09.906, 80 %, 20824 MiB, 72, P2, 1935 MHz, 9501 MHz, 302.47 W, 0x0000000000000004
2026/08/28 12:26:14.925, 0 %, 346 MiB, 63, P2, 1695 MHz, 9751 MHz, 152.66 W, 0x0000000000000000
2026/08/28 12:26:19.947, 100 %, 19044 MiB, 63, P2, 1950 MHz, 9501 MHz, 170.06 W, 0x0000000000000000
2026/08/28 12:26:24.970, 100 %, 19044 MiB, 62, P2, 1950 MHz, 9501 MHz, 171.13 W, 0x0000000000000000
2026/08/28 12:26:29.996, 82 %, 21094 MiB, 61, P2, 1950 MHz, 9501 MHz, 169.69 W, 0x0000000000000000
2026/08/28 12:26:35.020, 75 %, 22286 MiB, 68, P2, 1935 MHz, 9501 MHz, 327.26 W, 0x0000000000000004
2026/08/28 12:26:40.042, 77 %, 22286 MiB, 69, P2, 1935 MHz, 9501 MHz, 327.93 W, 0x0000000000000004
2026/08/28 12:26:45.060, 77 %, 22292 MiB, 69, P2, 1935 MHz, 9501 MHz, 328.16 W, 0x0000000000000004
2026/08/28 12:26:50.080, 75 %, 22292 MiB, 70, P2, 1935 MHz, 9501 MHz, 327.89 W, 0x0000000000000004
2026/08/28 12:26:55.099, 75 %, 22292 MiB, 71, P2, 1935 MHz, 9501 MHz, 325.31 W, 0x0000000000000004
2026/08/28 12:27:00.119, 0 %, 82 MiB, 64, P0, 1935 MHz, 9751 MHz, 166.42 W, 0x0000000000000000
2026/08/28 12:27:05.136, 99 %, 20144 MiB, 62, P2, 1950 MHz, 9501 MHz, 146.91 W, 0x0000000000000000
2026/08/28 12:27:10.162, 100 %, 20144 MiB, 61, P2, 1950 MHz, 9501 MHz, 158.62 W, 0x0000000000000000
2026/08/28 12:27:15.184, 74 %, 20816 MiB, 68, P2, 1935 MHz, 9501 MHz, 324.38 W, 0x0000000000000000
2026/08/28 12:27:20.203, 79 %, 20824 MiB, 67, P2, 1935 MHz, 9501 MHz, 305.70 W, 0x0000000000000004
2026/08/28 12:27:25.222, 77 %, 20824 MiB, 70, P2, 1935 MHz, 9501 MHz, 328.98 W, 0x0000000000000000
2026/08/28 12:27:30.240, 0 %, 346 MiB, 63, P2, 1950 MHz, 9501 MHz, 154.39 W, 0x0000000000000000
2026/08/28 12:27:35.262, 100 %, 18082 MiB, 61, P2, 1950 MHz, 9501 MHz, 166.49 W, 0x0000000000000000
2026/08/28 12:27:40.286, 0 %, 20636 MiB, 60, P2, 1950 MHz, 9501 MHz, 159.76 W, 0x0000000000000000
2026/08/28 12:27:45.308, 70 %, 21828 MiB, 67, P2, 1935 MHz, 9501 MHz, 314.19 W, 0x0000000000000000
2026/08/28 12:27:50.331, 67 %, 21834 MiB, 65, P2, 1935 MHz, 9501 MHz, 232.37 W, 0x0000000000000000
2026/08/28 12:27:55.349, 71 %, 21834 MiB, 68, P2, 1935 MHz, 9501 MHz, 314.52 W, 0x0000000000000000
2026/08/28 12:28:00.371, 0 %, 346 MiB, 62, P2, 1950 MHz, 9501 MHz, 148.60 W, 0x0000000000000000
2026/08/28 12:28:05.392, 100 %, 19362 MiB, 61, P2, 1950 MHz, 9501 MHz, 166.40 W, 0x0000000000000000
2026/08/28 12:28:10.416, 100 %, 19362 MiB, 60, P2, 1950 MHz, 9501 MHz, 166.81 W, 0x0000000000000000
2026/08/28 12:28:15.440, 100 %, 20676 MiB, 60, P2, 1950 MHz, 9501 MHz, 167.04 W, 0x0000000000000000
2026/08/28 12:28:20.458, 86 %, 20768 MiB, 62, P2, 1950 MHz, 9501 MHz, 223.68 W, 0x0000000000000000
2026/08/28 12:28:25.477, 85 %, 20772 MiB, 62, P2, 1950 MHz, 9501 MHz, 222.46 W, 0x0000000000000000
2026/08/28 12:28:30.496, 80 %, 20772 MiB, 62, P2, 1950 MHz, 9501 MHz, 211.43 W, 0x0000000000000000
2026/08/28 12:28:35.515, 83 %, 20772 MiB, 63, P2, 1950 MHz, 9501 MHz, 223.21 W, 0x0000000000000000
2026/08/28 12:28:40.536, 79 %, 20772 MiB, 63, P2, 1950 MHz, 9501 MHz, 223.22 W, 0x0000000000000000
2026/08/28 12:28:45.558, 85 %, 20772 MiB, 62, P2, 1950 MHz, 9501 MHz, 221.86 W, 0x0000000000000000
2026/08/28 12:28:50.579, 81 %, 20772 MiB, 63, P2, 1950 MHz, 9501 MHz, 226.96 W, 0x0000000000000000
2026/08/28 12:28:55.596, 84 %, 20774 MiB, 63, P2, 1950 MHz, 9501 MHz, 229.51 W, 0x0000000000000000
2026/08/28 12:29:00.615, 78 %, 20780 MiB, 63, P2, 1950 MHz, 9501 MHz, 227.97 W, 0x0000000000000000
2026/08/28 12:29:05.635, 82 %, 20780 MiB, 63, P2, 1950 MHz, 9501 MHz, 204.39 W, 0x0000000000000000
2026/08/28 12:29:10.653, 84 %, 20780 MiB, 63, P2, 1950 MHz, 9501 MHz, 223.90 W, 0x0000000000000000
2026/08/28 12:29:15.671, 80 %, 20780 MiB, 64, P2, 1950 MHz, 9501 MHz, 226.11 W, 0x0000000000000000
2026/08/28 12:29:20.692, 81 %, 20780 MiB, 63, P2, 1950 MHz, 9501 MHz, 228.99 W, 0x0000000000000000
2026/08/28 12:29:25.714, 67 %, 20780 MiB, 63, P2, 1950 MHz, 9501 MHz, 221.52 W, 0x0000000000000000
2026/08/28 12:29:30.734, 85 %, 20780 MiB, 63, P2, 1950 MHz, 9501 MHz, 232.66 W, 0x0000000000000000
2026/08/28 12:29:35.753, 79 %, 20780 MiB, 63, P2, 1950 MHz, 9501 MHz, 226.13 W, 0x0000000000000000
2026/08/28 12:29:40.773, 83 %, 20780 MiB, 63, P2, 1950 MHz, 9501 MHz, 224.39 W, 0x0000000000000000
2026/08/28 12:29:45.795, 85 %, 20780 MiB, 63, P2, 1950 MHz, 9501 MHz, 217.16 W, 0x0000000000000000
2026/08/28 12:29:50.817, 82 %, 20780 MiB, 63, P2, 1950 MHz, 9501 MHz, 223.02 W, 0x0000000000000000
2026/08/28 12:29:55.846, 0 %, 82 MiB, 60, P0, 1950 MHz, 9751 MHz, 159.49 W, 0x0000000000000000
2026/08/28 12:30:00.863, 0 %, 18082 MiB, 58, P2, 1695 MHz, 9501 MHz, 131.47 W, 0x0000000000000000
2026/08/28 12:30:05.887, 100 %, 18082 MiB, 60, P2, 1950 MHz, 9501 MHz, 163.77 W, 0x0000000000000000
2026/08/28 12:30:10.912, 100 %, 18082 MiB, 59, P2, 1950 MHz, 9501 MHz, 163.82 W, 0x0000000000000000
2026/08/28 12:30:15.935, 65 %, 21828 MiB, 63, P2, 1950 MHz, 9501 MHz, 283.94 W, 0x0000000000000000
2026/08/28 12:30:20.954, 74 %, 21828 MiB, 66, P2, 1935 MHz, 9501 MHz, 279.86 W, 0x0000000000000000
2026/08/28 12:30:25.973, 99 %, 21834 MiB, 63, P2, 1935 MHz, 9501 MHz, 255.83 W, 0x0000000000000004
2026/08/28 12:30:30.993, 72 %, 21834 MiB, 68, P2, 1935 MHz, 9501 MHz, 314.12 W, 0x0000000000000000
2026/08/28 12:30:36.014, 68 %, 21834 MiB, 67, P2, 1935 MHz, 9501 MHz, 285.29 W, 0x0000000000000000
2026/08/28 12:30:41.034, 74 %, 21834 MiB, 70, P2, 1935 MHz, 9501 MHz, 318.55 W, 0x0000000000000000
2026/08/28 12:30:46.057, 0 %, 346 MiB, 63, P2, 1950 MHz, 9501 MHz, 151.96 W, 0x0000000000000000
2026/08/28 12:30:51.076, 99 %, 19362 MiB, 61, P2, 1950 MHz, 9501 MHz, 164.16 W, 0x0000000000000000
2026/08/28 12:30:56.097, 0 %, 20742 MiB, 60, P2, 1950 MHz, 9501 MHz, 158.95 W, 0x0000000000000000
2026/08/28 12:31:01.116, 38 %, 20770 MiB, 62, P2, 1950 MHz, 9501 MHz, 221.92 W, 0x0000000000000000
2026/08/28 12:31:06.137, 81 %, 20770 MiB, 63, P2, 1950 MHz, 9501 MHz, 226.17 W, 0x0000000000000000
2026/08/28 12:31:11.155, 85 %, 20770 MiB, 63, P2, 1950 MHz, 9501 MHz, 225.52 W, 0x0000000000000000
2026/08/28 12:31:16.173, 76 %, 20772 MiB, 63, P2, 1950 MHz, 9501 MHz, 228.45 W, 0x0000000000000000
2026/08/28 12:31:21.194, 80 %, 20778 MiB, 64, P2, 1950 MHz, 9501 MHz, 227.21 W, 0x0000000000000000
2026/08/28 12:31:26.214, 81 %, 20780 MiB, 64, P2, 1950 MHz, 9501 MHz, 233.51 W, 0x0000000000000000
2026/08/28 12:31:31.234, 83 %, 20780 MiB, 64, P2, 1950 MHz, 9501 MHz, 228.26 W, 0x0000000000000000
2026/08/28 12:31:36.255, 85 %, 20780 MiB, 64, P2, 1950 MHz, 9501 MHz, 227.35 W, 0x0000000000000000
2026/08/28 12:31:41.276, 82 %, 20780 MiB, 64, P2, 1950 MHz, 9501 MHz, 228.51 W, 0x0000000000000000
2026/08/28 12:31:46.295, 84 %, 20780 MiB, 64, P2, 1950 MHz, 9501 MHz, 228.71 W, 0x0000000000000000
2026/08/28 12:31:51.317, 85 %, 20780 MiB, 63, P2, 1950 MHz, 9501 MHz, 225.88 W, 0x0000000000000000
2026/08/28 12:31:56.335, 0 %, 346 MiB, 60, P2, 1950 MHz, 9501 MHz, 158.30 W, 0x0000000000000000
2026/08/28 12:32:01.353, 99 %, 17618 MiB, 59, P2, 1950 MHz, 9501 MHz, 155.15 W, 0x0000000000000000
2026/08/28 12:32:06.373, 57 %, 20276 MiB, 63, P2, 1950 MHz, 9501 MHz, 226.51 W, 0x0000000000000000
2026/08/28 12:32:11.392, 49 %, 20284 MiB, 61, P2, 1950 MHz, 9501 MHz, 201.19 W, 0x0000000000000000
2026/08/28 12:32:16.412, 51 %, 20288 MiB, 66, P2, 1950 MHz, 9501 MHz, 283.60 W, 0x0000000000000000
2026/08/28 12:32:21.429, 100 %, 82 MiB, 62, P0, 1935 MHz, 9751 MHz, 176.15 W, 0x0000000000000000
2026/08/28 12:32:26.449, 0 %, 346 MiB, 59, P2, 1695 MHz, 9501 MHz, 144.39 W, 0x0000000000000000
2026/08/28 12:32:31.470, 99 %, 17618 MiB, 59, P2, 1950 MHz, 9501 MHz, 155.54 W, 0x0000000000000000
2026/08/28 12:32:36.493, 69 %, 20276 MiB, 65, P2, 1950 MHz, 9501 MHz, 310.13 W, 0x0000000000000000
2026/08/28 12:32:41.515, 52 %, 20276 MiB, 64, P2, 1935 MHz, 9501 MHz, 277.33 W, 0x0000000000000000
2026/08/28 12:32:46.535, 69 %, 20284 MiB, 63, P2, 1935 MHz, 9501 MHz, 226.26 W, 0x0000000000000000
2026/08/28 12:32:51.558, 69 %, 20288 MiB, 68, P2, 1935 MHz, 9501 MHz, 310.77 W, 0x0000000000000000
2026/08/28 12:32:56.579, 70 %, 20288 MiB, 66, P2, 1935 MHz, 9501 MHz, 282.39 W, 0x0000000000000000
2026/08/28 12:33:01.603, 69 %, 20274 MiB, 70, P2, 1935 MHz, 9501 MHz, 307.96 W, 0x0000000000000000
2026/08/28 12:33:06.623, 6 %, 346 MiB, 63, P2, 1950 MHz, 9501 MHz, 168.73 W, 0x0000000000000000
2026/08/28 12:33:11.645, 100 %, 20144 MiB, 61, P2, 1950 MHz, 9501 MHz, 168.23 W, 0x0000000000000000
2026/08/28 12:33:16.670, 99 %, 20144 MiB, 61, P2, 1950 MHz, 9501 MHz, 167.12 W, 0x0000000000000000
2026/08/28 12:33:21.693, 76 %, 20816 MiB, 64, P2, 1935 MHz, 9501 MHz, 277.79 W, 0x0000000000000000
2026/08/28 12:33:26.715, 51 %, 20824 MiB, 66, P2, 1935 MHz, 9501 MHz, 229.46 W, 0x0000000000000000
2026/08/28 12:33:31.736, 79 %, 20824 MiB, 69, P2, 1935 MHz, 9501 MHz, 293.91 W, 0x0000000000000000
2026/08/28 12:33:36.756, 100 %, 82 MiB, 64, P0, 1935 MHz, 9751 MHz, 211.55 W, 0x0000000000000000
2026/08/28 12:33:41.774, 6 %, 346 MiB, 60, P2, 1695 MHz, 9501 MHz, 139.48 W, 0x0000000000000000
2026/08/28 12:33:46.793, 100 %, 19362 MiB, 61, P2, 1950 MHz, 9501 MHz, 165.74 W, 0x0000000000000000
2026/08/28 12:33:51.815, 99 %, 19362 MiB, 60, P2, 1950 MHz, 9501 MHz, 162.28 W, 0x0000000000000000
2026/08/28 12:33:56.837, 84 %, 20768 MiB, 63, P2, 1950 MHz, 9501 MHz, 223.00 W, 0x0000000000000000
2026/08/28 12:34:01.855, 82 %, 20772 MiB, 63, P2, 1950 MHz, 9501 MHz, 217.45 W, 0x0000000000000000
2026/08/28 12:34:06.875, 85 %, 20772 MiB, 62, P2, 1950 MHz, 9501 MHz, 220.99 W, 0x0000000000000000
2026/08/28 12:34:11.897, 80 %, 20772 MiB, 63, P2, 1950 MHz, 9501 MHz, 225.04 W, 0x0000000000000000
2026/08/28 12:34:16.917, 80 %, 20772 MiB, 63, P2, 1950 MHz, 9501 MHz, 222.40 W, 0x0000000000000000
2026/08/28 12:34:21.938, 83 %, 20772 MiB, 63, P2, 1950 MHz, 9501 MHz, 223.53 W, 0x0000000000000000
2026/08/28 12:34:26.957, 80 %, 20772 MiB, 63, P2, 1950 MHz, 9501 MHz, 223.68 W, 0x0000000000000000
2026/08/28 12:34:31.975, 84 %, 20774 MiB, 63, P2, 1950 MHz, 9501 MHz, 229.23 W, 0x0000000000000000
2026/08/28 12:34:36.995, 84 %, 20780 MiB, 64, P2, 1950 MHz, 9501 MHz, 225.35 W, 0x0000000000000000
2026/08/28 12:34:42.016, 81 %, 20780 MiB, 63, P2, 1950 MHz, 9501 MHz, 226.63 W, 0x0000000000000000
2026/08/28 12:34:47.034, 80 %, 20780 MiB, 63, P2, 1950 MHz, 9501 MHz, 227.01 W, 0x0000000000000000
2026/08/28 12:34:52.055, 85 %, 20780 MiB, 64, P2, 1950 MHz, 9501 MHz, 226.45 W, 0x0000000000000000
2026/08/28 12:34:57.073, 81 %, 20780 MiB, 64, P2, 1950 MHz, 9501 MHz, 232.98 W, 0x0000000000000000
2026/08/28 12:35:02.091, 83 %, 20780 MiB, 63, P2, 1950 MHz, 9501 MHz, 226.78 W, 0x0000000000000000
2026/08/28 12:35:07.108, 83 %, 20780 MiB, 64, P2, 1950 MHz, 9501 MHz, 233.96 W, 0x0000000000000000
2026/08/28 12:35:12.126, 79 %, 20780 MiB, 64, P2, 1950 MHz, 9501 MHz, 225.54 W, 0x0000000000000000
2026/08/28 12:35:17.147, 84 %, 20780 MiB, 63, P2, 1950 MHz, 9501 MHz, 225.52 W, 0x0000000000000000
2026/08/28 12:35:22.168, 73 %, 20780 MiB, 63, P2, 1950 MHz, 9501 MHz, 218.82 W, 0x0000000000000000
2026/08/28 12:35:27.188, 82 %, 20780 MiB, 64, P2, 1950 MHz, 9501 MHz, 224.37 W, 0x0000000000000000
2026/08/28 12:35:32.207, 0 %, 82 MiB, 62, P0, 1950 MHz, 9751 MHz, 172.96 W, 0x0000000000000000
2026/08/28 12:35:37.226, 5 %, 20144 MiB, 59, P2, 1695 MHz, 9501 MHz, 149.02 W, 0x0000000000000000
2026/08/28 12:35:42.250, 99 %, 20144 MiB, 60, P2, 1950 MHz, 9501 MHz, 165.01 W, 0x0000000000000000
2026/08/28 12:35:47.277, 100 %, 20144 MiB, 60, P2, 1950 MHz, 9501 MHz, 164.39 W, 0x0000000000000000
2026/08/28 12:35:52.302, 78 %, 20816 MiB, 66, P2, 1935 MHz, 9501 MHz, 322.29 W, 0x0000000000000000
2026/08/28 12:35:57.323, 78 %, 20816 MiB, 68, P2, 1935 MHz, 9501 MHz, 325.52 W, 0x0000000000000000
2026/08/28 12:36:02.341, 77 %, 20820 MiB, 69, P2, 1935 MHz, 9501 MHz, 308.79 W, 0x0000000000000000
2026/08/28 12:36:07.363, 98 %, 20824 MiB, 67, P2, 1935 MHz, 9501 MHz, 301.13 W, 0x0000000000000004
2026/08/28 12:36:12.388, 77 %, 20824 MiB, 71, P2, 1935 MHz, 9501 MHz, 333.37 W, 0x0000000000000000
2026/08/28 12:36:17.409, 78 %, 20824 MiB, 72, P2, 1935 MHz, 9501 MHz, 335.77 W, 0x0000000000000000
2026/08/28 12:36:22.429, 0 %, 82 MiB, 67, P0, 1935 MHz, 9751 MHz, 215.05 W, 0x0000000000000000
2026/08/28 12:36:27.446, 4 %, 346 MiB, 62, P2, 1695 MHz, 9501 MHz, 143.27 W, 0x0000000000000000
2026/08/28 12:36:32.468, 100 %, 19362 MiB, 62, P2, 1935 MHz, 9501 MHz, 167.71 W, 0x0000000000000000
2026/08/28 12:36:37.492, 99 %, 19362 MiB, 61, P2, 1935 MHz, 9501 MHz, 169.30 W, 0x0000000000000000
2026/08/28 12:36:42.517, 78 %, 20768 MiB, 63, P2, 1935 MHz, 9501 MHz, 227.61 W, 0x0000000000000000
2026/08/28 12:36:47.535, 66 %, 20770 MiB, 64, P2, 1935 MHz, 9501 MHz, 226.51 W, 0x0000000000000000
2026/08/28 12:36:52.554, 84 %, 20770 MiB, 63, P2, 1935 MHz, 9501 MHz, 224.99 W, 0x0000000000000000
2026/08/28 12:36:57.574, 81 %, 20770 MiB, 63, P2, 1935 MHz, 9501 MHz, 229.76 W, 0x0000000000000000
2026/08/28 12:37:02.597, 63 %, 20776 MiB, 62, P2, 1935 MHz, 9501 MHz, 218.95 W, 0x0000000000000000
2026/08/28 12:37:07.621, 82 %, 20780 MiB, 63, P2, 1935 MHz, 9501 MHz, 227.41 W, 0x0000000000000000
2026/08/28 12:37:12.641, 82 %, 20780 MiB, 63, P2, 1935 MHz, 9501 MHz, 227.08 W, 0x0000000000000000
2026/08/28 12:37:17.662, 71 %, 20780 MiB, 62, P2, 1935 MHz, 9501 MHz, 230.49 W, 0x0000000000000000
2026/08/28 12:37:22.680, 85 %, 20780 MiB, 63, P2, 1935 MHz, 9501 MHz, 225.35 W, 0x0000000000000000
2026/08/28 12:37:27.700, 82 %, 20780 MiB, 63, P2, 1935 MHz, 9501 MHz, 223.10 W, 0x0000000000000000
2026/08/28 12:37:32.721, 81 %, 20780 MiB, 63, P2, 1935 MHz, 9501 MHz, 227.63 W, 0x0000000000000000
2026/08/28 12:37:37.743, 0 %, 82 MiB, 60, P0, 1935 MHz, 9751 MHz, 166.29 W, 0x0000000000000000
2026/08/28 12:37:42.764, 100 %, 19044 MiB, 59, P2, 1950 MHz, 9501 MHz, 139.23 W, 0x0000000000000000
2026/08/28 12:37:47.788, 100 %, 19044 MiB, 59, P2, 1950 MHz, 9501 MHz, 165.90 W, 0x0000000000000000
2026/08/28 12:37:52.814, 99 %, 19044 MiB, 59, P2, 1950 MHz, 9501 MHz, 164.91 W, 0x0000000000000000
2026/08/28 12:37:57.840, 78 %, 22286 MiB, 64, P2, 1950 MHz, 9501 MHz, 286.89 W, 0x0000000000000004
2026/08/28 12:38:02.859, 76 %, 22292 MiB, 66, P2, 1935 MHz, 9501 MHz, 320.42 W, 0x0000000000000000
2026/08/28 12:38:07.880, 79 %, 22292 MiB, 66, P2, 1935 MHz, 9501 MHz, 318.74 W, 0x0000000000000004
2026/08/28 12:38:12.900, 0 %, 346 MiB, 58, P0, 1695 MHz, 9751 MHz, 138.94 W, 0x0000000000000000
2026/08/28 12:38:17.920, 100 %, 17618 MiB, 60, P2, 1950 MHz, 9501 MHz, 164.04 W, 0x0000000000000000
2026/08/28 12:38:22.944, 100 %, 17618 MiB, 59, P2, 1950 MHz, 9501 MHz, 164.40 W, 0x0000000000000000
2026/08/28 12:38:27.970, 100 %, 20248 MiB, 59, P2, 1950 MHz, 9501 MHz, 165.12 W, 0x0000000000000000
2026/08/28 12:38:32.989, 71 %, 20276 MiB, 66, P2, 1950 MHz, 9501 MHz, 315.41 W, 0x0000000000000000
2026/08/28 12:38:38.011, 70 %, 20280 MiB, 67, P2, 1950 MHz, 9501 MHz, 314.87 W, 0x0000000000000000
2026/08/28 12:38:43.034, 69 %, 20288 MiB, 67, P2, 1950 MHz, 9501 MHz, 312.78 W, 0x0000000000000000
2026/08/28 12:38:48.053, 66 %, 20288 MiB, 68, P2, 1950 MHz, 9501 MHz, 314.24 W, 0x0000000000000000
2026/08/28 12:38:53.076, 69 %, 20288 MiB, 69, P2, 1950 MHz, 9501 MHz, 316.60 W, 0x0000000000000000
2026/08/28 12:38:58.095, 0 %, 82 MiB, 64, P0, 1950 MHz, 9751 MHz, 172.51 W, 0x0000000000000001
2026/08/28 12:39:03.112, 100 %, 19044 MiB, 60, P2, 1695 MHz, 9501 MHz, 131.98 W, 0x0000000000000000
2026/08/28 12:39:08.139, 100 %, 19044 MiB, 61, P2, 1950 MHz, 9501 MHz, 169.26 W, 0x0000000000000000
2026/08/28 12:39:13.163, 100 %, 19044 MiB, 61, P2, 1950 MHz, 9501 MHz, 167.94 W, 0x0000000000000000
2026/08/28 12:39:18.187, 78 %, 22286 MiB, 66, P2, 1950 MHz, 9501 MHz, 301.09 W, 0x0000000000000004
2026/08/28 12:39:23.208, 78 %, 22286 MiB, 68, P2, 1950 MHz, 9501 MHz, 324.23 W, 0x0000000000000000
2026/08/28 12:39:28.229, 100 %, 22292 MiB, 68, P2, 1950 MHz, 9501 MHz, 223.98 W, 0x0000000000000000
2026/08/28 12:39:33.249, 61 %, 22292 MiB, 69, P2, 1935 MHz, 9501 MHz, 292.08 W, 0x0000000000000000
2026/08/28 12:39:38.269, 80 %, 22292 MiB, 71, P2, 1935 MHz, 9501 MHz, 319.82 W, 0x0000000000000004
2026/08/28 12:39:43.289, 80 %, 411 MiB, 67, P2, 1935 MHz, 9501 MHz, 267.42 W, 0x0000000000000000
2026/08/28 12:39:48.361, 0 %, 346 MiB, 63, P2, 1950 MHz, 9501 MHz, 171.87 W, 0x0000000000000000
2026/08/28 12:39:53.380, 100 %, 17618 MiB, 62, P2, 1950 MHz, 9501 MHz, 170.83 W, 0x0000000000000000
2026/08/28 12:39:58.404, 99 %, 17618 MiB, 61, P2, 1950 MHz, 9501 MHz, 169.44 W, 0x0000000000000000
2026/08/28 12:40:03.426, 74 %, 20276 MiB, 66, P2, 1950 MHz, 9501 MHz, 281.25 W, 0x0000000000000000
2026/08/28 12:40:08.447, 67 %, 20288 MiB, 67, P2, 1950 MHz, 9501 MHz, 272.39 W, 0x0000000000000000
2026/08/28 12:40:13.468, 69 %, 20288 MiB, 66, P2, 1935 MHz, 9501 MHz, 255.73 W, 0x0000000000000004
2026/08/28 12:40:18.488, 0 %, 82 MiB, 63, P0, 1950 MHz, 9751 MHz, 171.35 W, 0x0000000000000001
2026/08/28 12:40:23.506, 100 %, 18082 MiB, 59, P2, 1695 MHz, 9501 MHz, 132.73 W, 0x0000000000000000
2026/08/28 12:40:28.532, 100 %, 18082 MiB, 61, P2, 1950 MHz, 9501 MHz, 168.63 W, 0x0000000000000000
2026/08/28 12:40:33.554, 100 %, 18082 MiB, 60, P2, 1950 MHz, 9501 MHz, 167.44 W, 0x0000000000000000
2026/08/28 12:40:38.580, 72 %, 21828 MiB, 66, P2, 1950 MHz, 9501 MHz, 282.89 W, 0x0000000000000000
2026/08/28 12:40:43.601, 72 %, 21834 MiB, 67, P2, 1950 MHz, 9501 MHz, 309.37 W, 0x0000000000000000
2026/08/28 12:40:48.620, 73 %, 21834 MiB, 67, P2, 1950 MHz, 9501 MHz, 290.32 W, 0x0000000000000000
2026/08/28 12:40:53.642, 0 %, 82 MiB, 62, P0, 1950 MHz, 9751 MHz, 171.76 W, 0x0000000000000001
2026/08/28 12:40:58.661, 63 %, 18082 MiB, 59, P2, 1695 MHz, 9501 MHz, 132.38 W, 0x0000000000000000
2026/08/28 12:41:03.684, 99 %, 18082 MiB, 60, P2, 1965 MHz, 9501 MHz, 168.57 W, 0x0000000000000000
2026/08/28 12:41:08.706, 99 %, 18082 MiB, 60, P2, 1965 MHz, 9501 MHz, 167.96 W, 0x0000000000000000
2026/08/28 12:41:13.735, 68 %, 21828 MiB, 65, P2, 1950 MHz, 9501 MHz, 286.14 W, 0x0000000000000000
2026/08/28 12:41:18.756, 69 %, 21828 MiB, 67, P2, 1950 MHz, 9501 MHz, 277.47 W, 0x0000000000000000
2026/08/28 12:41:23.778, 99 %, 21834 MiB, 63, P2, 1935 MHz, 9501 MHz, 245.42 W, 0x0000000000000000
2026/08/28 12:41:28.797, 71 %, 21834 MiB, 67, P2, 1950 MHz, 9501 MHz, 291.60 W, 0x0000000000000000
2026/08/28 12:41:33.817, 71 %, 21834 MiB, 69, P2, 1935 MHz, 9501 MHz, 288.50 W, 0x0000000000000000
2026/08/28 12:41:38.839, 73 %, 21834 MiB, 70, P2, 1935 MHz, 9501 MHz, 326.71 W, 0x0000000000000000
2026/08/28 12:41:43.862, 0 %, 346 MiB, 63, P2, 1950 MHz, 9501 MHz, 146.22 W, 0x0000000000000000
2026/08/28 12:41:48.882, 100 %, 20144 MiB, 62, P2, 1950 MHz, 9501 MHz, 169.99 W, 0x0000000000000000
2026/08/28 12:41:53.908, 100 %, 20144 MiB, 61, P2, 1950 MHz, 9501 MHz, 169.26 W, 0x0000000000000000
2026/08/28 12:41:58.932, 0 %, 20816 MiB, 61, P2, 1950 MHz, 9501 MHz, 171.70 W, 0x0000000000000000
2026/08/28 12:42:03.953, 78 %, 20816 MiB, 69, P2, 1950 MHz, 9501 MHz, 330.43 W, 0x0000000000000000
2026/08/28 12:42:08.975, 77 %, 20816 MiB, 69, P2, 1935 MHz, 9501 MHz, 330.82 W, 0x0000000000000000
2026/08/28 12:42:13.995, 77 %, 20824 MiB, 70, P2, 1935 MHz, 9501 MHz, 272.04 W, 0x0000000000000000
2026/08/28 12:42:19.017, 79 %, 20824 MiB, 69, P2, 1935 MHz, 9501 MHz, 328.80 W, 0x0000000000000000
2026/08/28 12:42:24.037, 77 %, 20824 MiB, 72, P2, 1935 MHz, 9501 MHz, 335.28 W, 0x0000000000000000
2026/08/28 12:42:29.059, 79 %, 20824 MiB, 74, P2, 1935 MHz, 9501 MHz, 339.24 W, 0x0000000000000000
2026/08/28 12:42:34.078, 0 %, 346 MiB, 65, P2, 1950 MHz, 9501 MHz, 151.23 W, 0x0000000000000000
2026/08/28 12:42:39.098, 100 %, 20144 MiB, 63, P2, 1950 MHz, 9501 MHz, 172.88 W, 0x0000000000000000
2026/08/28 12:42:44.121, 100 %, 20144 MiB, 62, P2, 1950 MHz, 9501 MHz, 172.17 W, 0x0000000000000000
2026/08/28 12:42:49.147, 0 %, 20816 MiB, 62, P2, 1950 MHz, 9501 MHz, 174.11 W, 0x0000000000000000
2026/08/28 12:42:54.167, 78 %, 20816 MiB, 69, P2, 1935 MHz, 9501 MHz, 330.46 W, 0x0000000000000004
2026/08/28 12:42:59.188, 76 %, 20824 MiB, 69, P2, 1935 MHz, 9501 MHz, 278.08 W, 0x0000000000000004
2026/08/28 12:43:04.209, 78 %, 20824 MiB, 70, P2, 1935 MHz, 9501 MHz, 330.40 W, 0x0000000000000004
2026/08/28 12:43:09.231, 0 %, 346 MiB, 62, P2, 1950 MHz, 9501 MHz, 170.29 W, 0x0000000000000000
2026/08/28 12:43:14.251, 100 %, 19044 MiB, 61, P2, 1950 MHz, 9501 MHz, 170.30 W, 0x0000000000000000
2026/08/28 12:43:19.277, 100 %, 19044 MiB, 60, P2, 1950 MHz, 9501 MHz, 169.15 W, 0x0000000000000000
2026/08/28 12:43:24.298, 76 %, 22286 MiB, 64, P2, 1950 MHz, 9501 MHz, 197.32 W, 0x0000000000000004
2026/08/28 12:43:29.318, 66 %, 22292 MiB, 65, P2, 1950 MHz, 9501 MHz, 272.74 W, 0x0000000000000004
2026/08/28 12:43:34.341, 76 %, 22292 MiB, 67, P2, 1950 MHz, 9501 MHz, 294.58 W, 0x0000000000000004
2026/08/28 12:43:39.360, 0 %, 82 MiB, 63, P0, 1950 MHz, 9751 MHz, 175.85 W, 0x0000000000000000
2026/08/28 12:43:44.379, 6 %, 346 MiB, 59, P2, 1695 MHz, 9501 MHz, 148.60 W, 0x0000000000000000
2026/08/28 12:43:49.399, 100 %, 19362 MiB, 60, P2, 1950 MHz, 9501 MHz, 167.79 W, 0x0000000000000000
2026/08/28 12:43:54.426, 100 %, 19362 MiB, 60, P2, 1950 MHz, 9501 MHz, 167.27 W, 0x0000000000000000
2026/08/28 12:43:59.447, 82 %, 20768 MiB, 62, P2, 1950 MHz, 9501 MHz, 223.66 W, 0x0000000000000000
2026/08/28 12:44:04.468, 84 %, 20772 MiB, 62, P2, 1950 MHz, 9501 MHz, 227.24 W, 0x0000000000000000
2026/08/28 12:44:09.488, 82 %, 20772 MiB, 62, P2, 1950 MHz, 9501 MHz, 225.21 W, 0x0000000000000000
2026/08/28 12:44:14.508, 82 %, 20772 MiB, 62, P2, 1950 MHz, 9501 MHz, 226.07 W, 0x0000000000000000
2026/08/28 12:44:19.526, 80 %, 20772 MiB, 62, P2, 1950 MHz, 9501 MHz, 214.19 W, 0x0000000000000000
2026/08/28 12:44:24.546, 82 %, 20772 MiB, 63, P2, 1950 MHz, 9501 MHz, 228.13 W, 0x0000000000000000
2026/08/28 12:44:29.567, 80 %, 20772 MiB, 63, P2, 1950 MHz, 9501 MHz, 229.46 W, 0x0000000000000000
2026/08/28 12:44:34.587, 83 %, 20772 MiB, 63, P2, 1950 MHz, 9501 MHz, 225.37 W, 0x0000000000000000
2026/08/28 12:44:39.607, 99 %, 20780 MiB, 62, P2, 1950 MHz, 9501 MHz, 200.96 W, 0x0000000000000000
2026/08/28 12:44:44.628, 82 %, 20780 MiB, 63, P2, 1950 MHz, 9501 MHz, 230.65 W, 0x0000000000000000
2026/08/28 12:44:49.648, 84 %, 20780 MiB, 63, P2, 1950 MHz, 9501 MHz, 230.32 W, 0x0000000000000000
2026/08/28 12:44:54.669, 82 %, 20780 MiB, 63, P2, 1950 MHz, 9501 MHz, 226.15 W, 0x0000000000000000
2026/08/28 12:44:59.689, 70 %, 20780 MiB, 63, P2, 1950 MHz, 9501 MHz, 218.48 W, 0x0000000000000004
2026/08/28 12:45:04.710, 83 %, 20780 MiB, 64, P2, 1950 MHz, 9501 MHz, 226.69 W, 0x0000000000000004
2026/08/28 12:45:09.729, 81 %, 20780 MiB, 63, P2, 1950 MHz, 9501 MHz, 228.47 W, 0x0000000000000000
2026/08/28 12:45:14.750, 82 %, 20780 MiB, 63, P2, 1950 MHz, 9501 MHz, 225.52 W, 0x0000000000000000
2026/08/28 12:45:19.770, 83 %, 20780 MiB, 64, P2, 1950 MHz, 9501 MHz, 225.42 W, 0x0000000000000000
2026/08/28 12:45:24.791, 85 %, 20780 MiB, 63, P2, 1950 MHz, 9501 MHz, 227.00 W, 0x0000000000000000
2026/08/28 12:45:29.819, 80 %, 20780 MiB, 63, P2, 1950 MHz, 9501 MHz, 230.04 W, 0x0000000000000000
2026/08/28 12:45:34.838, 83 %, 20780 MiB, 64, P2, 1950 MHz, 9501 MHz, 229.00 W, 0x0000000000000000
2026/08/28 12:45:39.857, 0 %, 346 MiB, 61, P2, 1965 MHz, 9501 MHz, 151.83 W, 0x0000000000000000
2026/08/28 12:45:44.877, 99 %, 19044 MiB, 60, P2, 1965 MHz, 9501 MHz, 167.18 W, 0x0000000000000000
2026/08/28 12:45:49.900, 100 %, 19044 MiB, 60, P2, 1965 MHz, 9501 MHz, 166.99 W, 0x0000000000000000
2026/08/28 12:45:54.925, 3 %, 22250 MiB, 59, P2, 1965 MHz, 9501 MHz, 168.24 W, 0x0000000000000000
2026/08/28 12:45:59.945, 77 %, 22286 MiB, 65, P2, 1950 MHz, 9501 MHz, 294.33 W, 0x0000000000000000
2026/08/28 12:46:04.966, 79 %, 22288 MiB, 68, P2, 1950 MHz, 9501 MHz, 319.56 W, 0x0000000000000000
2026/08/28 12:46:09.986, 75 %, 22292 MiB, 65, P2, 1950 MHz, 9501 MHz, 310.21 W, 0x0000000000000000
2026/08/28 12:46:15.006, 78 %, 22292 MiB, 67, P2, 1935 MHz, 9501 MHz, 302.96 W, 0x0000000000000000
2026/08/28 12:46:20.028, 75 %, 22292 MiB, 70, P2, 1935 MHz, 9501 MHz, 287.61 W, 0x0000000000000000
2026/08/28 12:46:25.282, 0 %, 99 MiB, 61, P0, 1695 MHz, 9751 MHz, 148.05 W, 0x0000000000000000
2026/08/28 12:46:30.304, 100 %, 19362 MiB, 62, P2, 1950 MHz, 9501 MHz, 170.03 W, 0x0000000000000000
2026/08/28 12:46:35.329, 99 %, 19362 MiB, 62, P2, 1950 MHz, 9501 MHz, 169.29 W, 0x0000000000000000
2026/08/28 12:46:40.354, 99 %, 19362 MiB, 61, P2, 1950 MHz, 9501 MHz, 168.57 W, 0x0000000000000000
2026/08/28 12:46:45.375, 81 %, 20770 MiB, 63, P2, 1950 MHz, 9501 MHz, 224.62 W, 0x0000000000000000
2026/08/28 12:46:50.394, 82 %, 20770 MiB, 63, P2, 1950 MHz, 9501 MHz, 215.65 W, 0x0000000000000000
2026/08/28 12:46:55.415, 84 %, 20770 MiB, 63, P2, 1950 MHz, 9501 MHz, 227.26 W, 0x0000000000000000
2026/08/28 12:47:00.436, 82 %, 20772 MiB, 63, P2, 1950 MHz, 9501 MHz, 228.52 W, 0x0000000000000000
2026/08/28 12:47:05.455, 80 %, 20778 MiB, 63, P2, 1950 MHz, 9501 MHz, 198.99 W, 0x0000000000000000
2026/08/28 12:47:10.477, 83 %, 20780 MiB, 64, P2, 1950 MHz, 9501 MHz, 234.67 W, 0x0000000000000000
2026/08/28 12:47:15.497, 83 %, 20780 MiB, 64, P2, 1950 MHz, 9501 MHz, 232.45 W, 0x0000000000000000
2026/08/28 12:47:20.516, 84 %, 20780 MiB, 63, P2, 1950 MHz, 9501 MHz, 217.04 W, 0x0000000000000000
2026/08/28 12:47:25.536, 85 %, 20780 MiB, 64, P2, 1950 MHz, 9501 MHz, 228.02 W, 0x0000000000000000
2026/08/28 12:47:30.557, 79 %, 20780 MiB, 64, P2, 1950 MHz, 9501 MHz, 226.37 W, 0x0000000000000000
2026/08/28 12:47:35.576, 84 %, 20780 MiB, 63, P2, 1950 MHz, 9501 MHz, 228.51 W, 0x0000000000000000
2026/08/28 12:47:40.615, 0 %, 346 MiB, 59, P0, 390 MHz, 5001 MHz, 152.19 W, 0x0000000000000000
2026/08/28 12:47:45.635, 100 %, 18082 MiB, 60, P2, 1965 MHz, 9501 MHz, 159.82 W, 0x0000000000000000
2026/08/28 12:47:50.658, 99 %, 18082 MiB, 60, P2, 1965 MHz, 9501 MHz, 167.03 W, 0x0000000000000000
2026/08/28 12:47:55.681, 77 %, 20636 MiB, 59, P2, 1965 MHz, 9501 MHz, 168.46 W, 0x0000000000000000
2026/08/28 12:48:00.708, 70 %, 21828 MiB, 66, P2, 1950 MHz, 9501 MHz, 312.26 W, 0x0000000000000000
2026/08/28 12:48:05.728, 62 %, 21834 MiB, 64, P2, 1950 MHz, 9501 MHz, 285.90 W, 0x0000000000000004
2026/08/28 12:48:10.750, 70 %, 21834 MiB, 67, P2, 1950 MHz, 9501 MHz, 319.07 W, 0x0000000000000000
2026/08/28 12:48:15.844, 0 %, 99 MiB, 59, P0, 1695 MHz, 9751 MHz, 138.35 W, 0x0000000000000000
2026/08/28 12:48:20.865, 100 %, 17618 MiB, 60, P2, 1965 MHz, 9501 MHz, 166.54 W, 0x0000000000000000
2026/08/28 12:48:25.889, 100 %, 17618 MiB, 60, P2, 1965 MHz, 9501 MHz, 167.64 W, 0x0000000000000000
2026/08/28 12:48:30.919, 0 %, 20136 MiB, 59, P2, 1965 MHz, 9501 MHz, 167.88 W, 0x0000000000000000
2026/08/28 12:48:35.944, 70 %, 20276 MiB, 66, P2, 1950 MHz, 9501 MHz, 313.14 W, 0x0000000000000000
2026/08/28 12:48:40.963, 67 %, 20276 MiB, 67, P2, 1950 MHz, 9501 MHz, 312.19 W, 0x0000000000000000
2026/08/28 12:48:45.983, 68 %, 20288 MiB, 68, P2, 1950 MHz, 9501 MHz, 315.08 W, 0x0000000000000000
2026/08/28 12:48:51.002, 68 %, 20288 MiB, 68, P2, 1950 MHz, 9501 MHz, 314.36 W, 0x0000000000000000
2026/08/28 12:48:56.023, 69 %, 20288 MiB, 69, P2, 1935 MHz, 9501 MHz, 313.71 W, 0x0000000000000000
2026/08/28 12:49:01.045, 0 %, 82 MiB, 64, P0, 1935 MHz, 9751 MHz, 171.95 W, 0x0000000000000024
2026/08/28 12:49:06.064, 30 %, 18082 MiB, 60, P2, 1695 MHz, 9501 MHz, 132.90 W, 0x0000000000000000
2026/08/28 12:49:11.090, 100 %, 18082 MiB, 61, P2, 1950 MHz, 9501 MHz, 169.75 W, 0x0000000000000000
2026/08/28 12:49:16.114, 100 %, 18082 MiB, 61, P2, 1950 MHz, 9501 MHz, 168.30 W, 0x0000000000000000
2026/08/28 12:49:21.144, 42 %, 21828 MiB, 66, P2, 1935 MHz, 9501 MHz, 284.80 W, 0x0000000000000004
2026/08/28 12:49:26.166, 73 %, 21828 MiB, 68, P2, 1950 MHz, 9501 MHz, 276.99 W, 0x0000000000000048
2026/08/28 12:49:31.189, 72 %, 21834 MiB, 65, P2, 1860 MHz, 9501 MHz, 268.07 W, 0x0000000000000004
2026/08/28 12:49:36.212, 73 %, 21834 MiB, 69, P2, 1935 MHz, 9501 MHz, 315.35 W, 0x0000000000000000
2026/08/28 12:49:41.233, 71 %, 21834 MiB, 70, P2, 1935 MHz, 9501 MHz, 303.75 W, 0x0000000000000000
2026/08/28 12:49:46.250, 71 %, 21834 MiB, 71, P2, 1935 MHz, 9501 MHz, 327.85 W, 0x0000000000000000
2026/08/28 12:49:51.272, 0 %, 346 MiB, 62, P0, 1695 MHz, 9751 MHz, 156.03 W, 0x0000000000000000
2026/08/28 12:49:56.291, 100 %, 17618 MiB, 63, P2, 1950 MHz, 9501 MHz, 171.29 W, 0x0000000000000000
2026/08/28 12:50:01.317, 99 %, 17618 MiB, 62, P2, 1950 MHz, 9501 MHz, 170.84 W, 0x0000000000000000
2026/08/28 12:50:06.341, 48 %, 20248 MiB, 61, P2, 1950 MHz, 9501 MHz, 171.40 W, 0x0000000000000000
2026/08/28 12:50:11.359, 70 %, 20276 MiB, 67, P2, 1950 MHz, 9501 MHz, 316.35 W, 0x0000000000000000
2026/08/28 12:50:16.376, 100 %, 20288 MiB, 67, P2, 1950 MHz, 9501 MHz, 215.78 W, 0x0000000000000000
2026/08/28 12:50:21.395, 63 %, 20288 MiB, 68, P2, 1950 MHz, 9501 MHz, 312.31 W, 0x0000000000000000
2026/08/28 12:50:26.415, 0 %, 346 MiB, 62, P2, 1950 MHz, 9501 MHz, 169.21 W, 0x0000000000000000
2026/08/28 12:50:31.435, 99 %, 19362 MiB, 61, P2, 1950 MHz, 9501 MHz, 169.68 W, 0x0000000000000000
2026/08/28 12:50:36.462, 100 %, 19362 MiB, 60, P2, 1950 MHz, 9501 MHz, 168.79 W, 0x0000000000000000
2026/08/28 12:50:41.485, 0 %, 20768 MiB, 61, P2, 1950 MHz, 9501 MHz, 183.10 W, 0x0000000000000000
2026/08/28 12:50:46.504, 81 %, 20770 MiB, 62, P2, 1950 MHz, 9501 MHz, 215.82 W, 0x0000000000000000
2026/08/28 12:50:51.523, 86 %, 20770 MiB, 62, P2, 1950 MHz, 9501 MHz, 226.52 W, 0x0000000000000000
2026/08/28 12:50:56.544, 81 %, 20770 MiB, 63, P2, 1950 MHz, 9501 MHz, 225.96 W, 0x0000000000000000
2026/08/28 12:51:01.564, 84 %, 20772 MiB, 63, P2, 1950 MHz, 9501 MHz, 227.46 W, 0x0000000000000000
2026/08/28 12:51:06.582, 81 %, 20778 MiB, 63, P2, 1950 MHz, 9501 MHz, 227.68 W, 0x0000000000000000
2026/08/28 12:51:11.603, 84 %, 20780 MiB, 64, P2, 1950 MHz, 9501 MHz, 233.64 W, 0x0000000000000000
2026/08/28 12:51:16.629, 83 %, 20780 MiB, 63, P2, 1950 MHz, 9501 MHz, 229.43 W, 0x0000000000000000
2026/08/28 12:51:21.648, 84 %, 20780 MiB, 63, P2, 1950 MHz, 9501 MHz, 229.19 W, 0x0000000000000000
2026/08/28 12:51:26.666, 82 %, 20780 MiB, 63, P2, 1950 MHz, 9501 MHz, 228.89 W, 0x0000000000000000
2026/08/28 12:51:31.685, 82 %, 20780 MiB, 63, P2, 1950 MHz, 9501 MHz, 227.93 W, 0x0000000000000000
2026/08/28 12:51:36.705, 85 %, 20780 MiB, 63, P2, 1950 MHz, 9501 MHz, 227.41 W, 0x0000000000000000
2026/08/28 12:51:41.725, 0 %, 346 MiB, 60, P2, 1965 MHz, 9501 MHz, 165.67 W, 0x0000000000000000
2026/08/28 12:51:46.744, 100 %, 17618 MiB, 60, P2, 1965 MHz, 9501 MHz, 166.79 W, 0x0000000000000000
2026/08/28 12:51:51.770, 100 %, 17618 MiB, 59, P2, 1965 MHz, 9501 MHz, 166.20 W, 0x0000000000000000
2026/08/28 12:51:56.793, 63 %, 20276 MiB, 63, P2, 1965 MHz, 9501 MHz, 237.63 W, 0x0000000000000004
2026/08/28 12:52:01.814, 67 %, 20276 MiB, 66, P2, 1950 MHz, 9501 MHz, 304.12 W, 0x0000000000000000
2026/08/28 12:52:06.837, 67 %, 20280 MiB, 66, P2, 1950 MHz, 9501 MHz, 312.40 W, 0x0000000000000000
2026/08/28 12:52:11.860, 65 %, 20288 MiB, 67, P2, 1950 MHz, 9501 MHz, 234.72 W, 0x0000000000000000
2026/08/28 12:52:16.880, 68 %, 20288 MiB, 68, P2, 1950 MHz, 9501 MHz, 288.81 W, 0x0000000000000000
2026/08/28 12:52:21.900, 68 %, 20288 MiB, 69, P2, 1935 MHz, 9501 MHz, 292.27 W, 0x0000000000000004
2026/08/28 12:52:26.922, 0 %, 346 MiB, 62, P2, 1950 MHz, 9501 MHz, 145.01 W, 0x0000000000000000
2026/08/28 12:52:31.941, 99 %, 19362 MiB, 62, P2, 1950 MHz, 9501 MHz, 169.27 W, 0x0000000000000000
2026/08/28 12:52:36.966, 100 %, 19362 MiB, 61, P2, 1950 MHz, 9501 MHz, 168.14 W, 0x0000000000000000
2026/08/28 12:52:41.988, 100 %, 20502 MiB, 61, P2, 1950 MHz, 9501 MHz, 169.13 W, 0x0000000000000000
2026/08/28 12:52:47.010, 85 %, 20768 MiB, 63, P2, 1950 MHz, 9501 MHz, 226.63 W, 0x0000000000000000
2026/08/28 12:52:52.029, 79 %, 20772 MiB, 63, P2, 1950 MHz, 9501 MHz, 225.79 W, 0x0000000000000000
2026/08/28 12:52:57.047, 85 %, 20772 MiB, 63, P2, 1950 MHz, 9501 MHz, 215.21 W, 0x0000000000000000
2026/08/28 12:53:02.065, 83 %, 20772 MiB, 63, P2, 1950 MHz, 9501 MHz, 226.81 W, 0x0000000000000000
2026/08/28 12:53:07.085, 80 %, 20772 MiB, 64, P2, 1950 MHz, 9501 MHz, 227.66 W, 0x0000000000000000
2026/08/28 12:53:12.105, 82 %, 20772 MiB, 63, P2, 1950 MHz, 9501 MHz, 225.91 W, 0x0000000000000000
2026/08/28 12:53:17.123, 83 %, 20772 MiB, 63, P2, 1950 MHz, 9501 MHz, 230.05 W, 0x0000000000000000
2026/08/28 12:53:22.144, 86 %, 20774 MiB, 64, P2, 1950 MHz, 9501 MHz, 232.53 W, 0x0000000000000000
2026/08/28 12:53:27.164, 80 %, 20780 MiB, 64, P2, 1950 MHz, 9501 MHz, 231.01 W, 0x0000000000000000
2026/08/28 12:53:32.182, 73 %, 20780 MiB, 63, P2, 1950 MHz, 9501 MHz, 206.16 W, 0x0000000000000000
2026/08/28 12:53:37.199, 84 %, 20780 MiB, 64, P2, 1950 MHz, 9501 MHz, 229.71 W, 0x0000000000000000
2026/08/28 12:53:42.219, 84 %, 20780 MiB, 64, P2, 1950 MHz, 9501 MHz, 229.53 W, 0x0000000000000000
2026/08/28 12:53:47.241, 84 %, 20780 MiB, 64, P2, 1950 MHz, 9501 MHz, 234.66 W, 0x0000000000000000
2026/08/28 12:53:52.262, 76 %, 20780 MiB, 64, P2, 1950 MHz, 9501 MHz, 231.90 W, 0x0000000000000000
2026/08/28 12:53:57.280, 83 %, 20780 MiB, 64, P2, 1950 MHz, 9501 MHz, 235.31 W, 0x0000000000000000
2026/08/28 12:54:02.299, 84 %, 20780 MiB, 64, P2, 1950 MHz, 9501 MHz, 228.98 W, 0x0000000000000000
2026/08/28 12:54:07.316, 81 %, 20780 MiB, 64, P2, 1950 MHz, 9501 MHz, 227.34 W, 0x0000000000000000
2026/08/28 12:54:12.338, 59 %, 20780 MiB, 63, P2, 1950 MHz, 9501 MHz, 218.76 W, 0x0000000000000000
2026/08/28 12:54:17.357, 80 %, 20780 MiB, 64, P2, 1950 MHz, 9501 MHz, 226.20 W, 0x0000000000000000
2026/08/28 12:54:22.377, 0 %, 82 MiB, 62, P0, 1950 MHz, 9751 MHz, 179.19 W, 0x0000000000000000
2026/08/28 12:54:27.394, 0 %, 346 MiB, 59, P2, 1695 MHz, 9501 MHz, 140.14 W, 0x0000000000000000
2026/08/28 12:54:32.414, 100 %, 17618 MiB, 60, P2, 1965 MHz, 9501 MHz, 167.22 W, 0x0000000000000000
2026/08/28 12:54:37.443, 100 %, 17618 MiB, 60, P2, 1965 MHz, 9501 MHz, 166.76 W, 0x0000000000000000
2026/08/28 12:54:42.467, 69 %, 20276 MiB, 64, P2, 1950 MHz, 9501 MHz, 273.69 W, 0x0000000000000000
2026/08/28 12:54:47.488, 69 %, 20288 MiB, 66, P2, 1950 MHz, 9501 MHz, 308.87 W, 0x0000000000000000
2026/08/28 12:54:52.506, 68 %, 20288 MiB, 67, P2, 1950 MHz, 9501 MHz, 277.70 W, 0x0000000000000000
2026/08/28 12:54:57.723, 0 %, 99 MiB, 59, P0, 885 MHz, 5001 MHz, 144.96 W, 0x0000000000000024
2026/08/28 12:55:02.742, 99 %, 20144 MiB, 61, P2, 1950 MHz, 9501 MHz, 165.65 W, 0x0000000000000000
2026/08/28 12:55:07.766, 100 %, 20144 MiB, 60, P2, 1950 MHz, 9501 MHz, 165.84 W, 0x0000000000000000
2026/08/28 12:55:12.793, 100 %, 20144 MiB, 60, P2, 1950 MHz, 9501 MHz, 165.47 W, 0x0000000000000000
2026/08/28 12:55:17.816, 77 %, 20816 MiB, 67, P2, 1950 MHz, 9501 MHz, 328.27 W, 0x0000000000000000
2026/08/28 12:55:22.834, 77 %, 20824 MiB, 63, P2, 1935 MHz, 9501 MHz, 275.49 W, 0x0000000000000004
2026/08/28 12:55:27.854, 77 %, 20824 MiB, 69, P2, 1935 MHz, 9501 MHz, 331.71 W, 0x0000000000000000
2026/08/28 12:55:32.875, 0 %, 346 MiB, 62, P2, 1950 MHz, 9501 MHz, 147.23 W, 0x0000000000000000
2026/08/28 12:55:37.895, 100 %, 18082 MiB, 61, P2, 1950 MHz, 9501 MHz, 168.59 W, 0x0000000000000000
2026/08/28 12:55:42.924, 100 %, 18082 MiB, 61, P2, 1950 MHz, 9501 MHz, 168.63 W, 0x0000000000000000
2026/08/28 12:55:47.949, 70 %, 21808 MiB, 61, P2, 1950 MHz, 9501 MHz, 171.26 W, 0x0000000000000000
2026/08/28 12:55:52.969, 77 %, 21828 MiB, 65, P2, 1950 MHz, 9501 MHz, 284.56 W, 0x0000000000000000
2026/08/28 12:55:57.990, 69 %, 21828 MiB, 68, P2, 1950 MHz, 9501 MHz, 318.38 W, 0x0000000000000000
2026/08/28 12:56:03.013, 69 %, 21834 MiB, 67, P2, 1950 MHz, 9501 MHz, 297.38 W, 0x0000000000000000
2026/08/28 12:56:08.036, 69 %, 21834 MiB, 69, P2, 1935 MHz, 9501 MHz, 313.14 W, 0x0000000000000000
2026/08/28 12:56:13.057, 72 %, 21834 MiB, 70, P2, 1935 MHz, 9501 MHz, 314.08 W, 0x0000000000000000
2026/08/28 12:56:18.075, 55 %, 82 MiB, 67, P2, 1935 MHz, 9501 MHz, 255.70 W, 0x0000000000000000
2026/08/28 12:56:23.094, 6 %, 346 MiB, 62, P2, 1695 MHz, 9501 MHz, 164.18 W, 0x0000000000000000
2026/08/28 12:56:28.115, 99 %, 20144 MiB, 62, P2, 1950 MHz, 9501 MHz, 170.98 W, 0x0000000000000000
2026/08/28 12:56:33.139, 100 %, 20144 MiB, 61, P2, 1950 MHz, 9501 MHz, 170.23 W, 0x0000000000000000
2026/08/28 12:56:38.167, 78 %, 20816 MiB, 68, P2, 1950 MHz, 9501 MHz, 328.79 W, 0x0000000000000000
2026/08/28 12:56:43.187, 78 %, 20816 MiB, 69, P2, 1950 MHz, 9501 MHz, 322.73 W, 0x0000000000000000
2026/08/28 12:56:48.205, 40 %, 20820 MiB, 70, P2, 1935 MHz, 9501 MHz, 291.63 W, 0x0000000000000000
2026/08/28 12:56:53.225, 75 %, 20824 MiB, 71, P2, 1935 MHz, 9501 MHz, 334.79 W, 0x0000000000000000
2026/08/28 12:56:58.246, 77 %, 20824 MiB, 72, P2, 1935 MHz, 9501 MHz, 332.92 W, 0x0000000000000000
2026/08/28 12:57:03.265, 68 %, 20824 MiB, 72, P2, 1935 MHz, 9501 MHz, 302.37 W, 0x0000000000000000
2026/08/28 12:57:08.283, 78 %, 392 MiB, 70, P2, 1935 MHz, 9501 MHz, 326.59 W, 0x0000000000000000
2026/08/28 12:57:13.304, 0 %, 346 MiB, 64, P2, 1695 MHz, 9501 MHz, 172.72 W, 0x0000000000000000
2026/08/28 12:57:18.325, 100 %, 18082 MiB, 63, P2, 1950 MHz, 9501 MHz, 172.61 W, 0x0000000000000000
2026/08/28 12:57:23.350, 100 %, 18082 MiB, 62, P2, 1950 MHz, 9501 MHz, 171.54 W, 0x0000000000000000
2026/08/28 12:57:28.373, 69 %, 21828 MiB, 63, P2, 1950 MHz, 9501 MHz, 255.97 W, 0x0000000000000000
2026/08/28 12:57:33.392, 62 %, 21834 MiB, 63, P2, 1935 MHz, 9501 MHz, 227.17 W, 0x0000000000000004
2026/08/28 12:57:38.415, 47 %, 21834 MiB, 67, P2, 1950 MHz, 9501 MHz, 284.27 W, 0x0000000000000000
2026/08/28 12:57:43.461, 50 %, 82 MiB, 68, P2, 1935 MHz, 9501 MHz, 274.38 W, 0x0000000000000000
2026/08/28 12:57:48.481, 0 %, 346 MiB, 61, P2, 1695 MHz, 9501 MHz, 166.01 W, 0x0000000000000000
2026/08/28 12:57:53.502, 100 %, 19044 MiB, 61, P2, 1950 MHz, 9501 MHz, 169.45 W, 0x0000000000000000
2026/08/28 12:57:58.526, 100 %, 19044 MiB, 60, P2, 1950 MHz, 9501 MHz, 168.56 W, 0x0000000000000000
2026/08/28 12:58:03.548, 42 %, 22286 MiB, 64, P2, 1950 MHz, 9501 MHz, 249.83 W, 0x0000000000000000
2026/08/28 12:58:08.566, 37 %, 22292 MiB, 62, P2, 1935 MHz, 9501 MHz, 219.86 W, 0x0000000000000004
2026/08/28 12:58:13.585, 77 %, 22292 MiB, 65, P2, 1950 MHz, 9501 MHz, 271.67 W, 0x0000000000000000
2026/08/28 12:58:18.607, 100 %, 82 MiB, 62, P0, 1950 MHz, 9751 MHz, 174.37 W, 0x0000000000000000
2026/08/28 12:58:23.627, 19 %, 346 MiB, 59, P2, 1695 MHz, 9501 MHz, 143.36 W, 0x0000000000000000
2026/08/28 12:58:28.646, 100 %, 19044 MiB, 60, P2, 1950 MHz, 9501 MHz, 165.37 W, 0x0000000000000000
2026/08/28 12:58:33.673, 99 %, 19044 MiB, 59, P2, 1950 MHz, 9501 MHz, 165.59 W, 0x0000000000000000
2026/08/28 12:58:38.695, 77 %, 22286 MiB, 65, P2, 1950 MHz, 9501 MHz, 316.27 W, 0x0000000000000000
2026/08/28 12:58:43.715, 79 %, 22286 MiB, 67, P2, 1950 MHz, 9501 MHz, 322.93 W, 0x0000000000000000
2026/08/28 12:58:48.734, 80 %, 22288 MiB, 68, P2, 1950 MHz, 9501 MHz, 324.51 W, 0x0000000000000000
2026/08/28 12:58:53.755, 79 %, 22292 MiB, 68, P2, 1935 MHz, 9501 MHz, 327.26 W, 0x0000000000000000
2026/08/28 12:58:58.778, 75 %, 22292 MiB, 70, P2, 1935 MHz, 9501 MHz, 331.27 W, 0x0000000000000000
2026/08/28 12:59:03.801, 81 %, 22292 MiB, 70, P2, 1920 MHz, 9501 MHz, 324.52 W, 0x0000000000000004
2026/08/28 12:59:08.821, 0 %, 346 MiB, 63, P2, 1950 MHz, 9501 MHz, 155.05 W, 0x0000000000000000
2026/08/28 12:59:13.843, 100 %, 19362 MiB, 62, P2, 1950 MHz, 9501 MHz, 170.71 W, 0x0000000000000000
2026/08/28 12:59:18.869, 100 %, 19362 MiB, 61, P2, 1950 MHz, 9501 MHz, 169.93 W, 0x0000000000000000
2026/08/28 12:59:23.896, 53 %, 20768 MiB, 62, P2, 1950 MHz, 9501 MHz, 174.28 W, 0x0000000000000000
2026/08/28 12:59:28.914, 77 %, 20770 MiB, 63, P2, 1950 MHz, 9501 MHz, 227.73 W, 0x0000000000000000
2026/08/28 12:59:33.933, 81 %, 20772 MiB, 63, P2, 1950 MHz, 9501 MHz, 225.09 W, 0x0000000000000000
2026/08/28 12:59:38.954, 82 %, 20772 MiB, 64, P2, 1950 MHz, 9501 MHz, 227.16 W, 0x0000000000000000
2026/08/28 12:59:43.976, 84 %, 20772 MiB, 64, P2, 1950 MHz, 9501 MHz, 231.68 W, 0x0000000000000000
2026/08/28 12:59:48.994, 84 %, 20772 MiB, 64, P2, 1950 MHz, 9501 MHz, 227.12 W, 0x0000000000000000
2026/08/28 12:59:54.014, 80 %, 20772 MiB, 63, P2, 1950 MHz, 9501 MHz, 227.77 W, 0x0000000000000000
2026/08/28 12:59:59.035, 73 %, 20772 MiB, 63, P2, 1950 MHz, 9501 MHz, 216.71 W, 0x0000000000000004
2026/08/28 13:00:04.056, 84 %, 20774 MiB, 64, P2, 1950 MHz, 9501 MHz, 236.21 W, 0x0000000000000000
2026/08/28 13:00:09.075, 85 %, 20780 MiB, 63, P2, 1950 MHz, 9501 MHz, 229.82 W, 0x0000000000000000
2026/08/28 13:00:14.093, 84 %, 20780 MiB, 64, P2, 1950 MHz, 9501 MHz, 211.69 W, 0x0000000000000000
2026/08/28 13:00:19.114, 81 %, 20780 MiB, 64, P2, 1950 MHz, 9501 MHz, 230.97 W, 0x0000000000000000
2026/08/28 13:00:24.134, 83 %, 20780 MiB, 64, P2, 1950 MHz, 9501 MHz, 229.41 W, 0x0000000000000000
2026/08/28 13:00:29.156, 84 %, 20780 MiB, 64, P2, 1950 MHz, 9501 MHz, 232.38 W, 0x0000000000000000
2026/08/28 13:00:34.176, 80 %, 20780 MiB, 64, P2, 1935 MHz, 9501 MHz, 223.45 W, 0x0000000000000004
2026/08/28 13:00:39.193, 83 %, 20780 MiB, 65, P2, 1950 MHz, 9501 MHz, 236.62 W, 0x0000000000000000
2026/08/28 13:00:44.210, 81 %, 20780 MiB, 64, P2, 1950 MHz, 9501 MHz, 230.14 W, 0x0000000000000000
2026/08/28 13:00:49.230, 85 %, 20780 MiB, 64, P2, 1950 MHz, 9501 MHz, 229.78 W, 0x0000000000000000
2026/08/28 13:00:54.252, 82 %, 20780 MiB, 64, P2, 1950 MHz, 9501 MHz, 225.91 W, 0x0000000000000000
2026/08/28 13:00:59.273, 82 %, 20780 MiB, 64, P2, 1950 MHz, 9501 MHz, 227.38 W, 0x0000000000000000
2026/08/28 13:01:04.295, 0 %, 82 MiB, 62, P0, 1950 MHz, 9751 MHz, 170.94 W, 0x0000000000000000
2026/08/28 13:01:09.314, 100 %, 19362 MiB, 60, P2, 1950 MHz, 9501 MHz, 139.54 W, 0x0000000000000000
2026/08/28 13:01:14.341, 99 %, 19362 MiB, 60, P2, 1950 MHz, 9501 MHz, 165.34 W, 0x0000000000000000
2026/08/28 13:01:19.367, 100 %, 19362 MiB, 60, P2, 1950 MHz, 9501 MHz, 164.85 W, 0x0000000000000000
2026/08/28 13:01:24.392, 80 %, 20768 MiB, 62, P2, 1950 MHz, 9501 MHz, 225.35 W, 0x0000000000000000
2026/08/28 13:01:29.411, 84 %, 20770 MiB, 62, P2, 1950 MHz, 9501 MHz, 224.10 W, 0x0000000000000000
2026/08/28 13:01:34.431, 83 %, 20770 MiB, 62, P2, 1950 MHz, 9501 MHz, 222.90 W, 0x0000000000000000
2026/08/28 13:01:39.450, 79 %, 20770 MiB, 63, P2, 1950 MHz, 9501 MHz, 228.64 W, 0x0000000000000000
2026/08/28 13:01:44.468, 82 %, 20776 MiB, 61, P2, 1950 MHz, 9501 MHz, 211.60 W, 0x0000000000000000
2026/08/28 13:01:49.495, 80 %, 20780 MiB, 63, P2, 1950 MHz, 9501 MHz, 224.83 W, 0x0000000000000000
2026/08/28 13:01:54.514, 82 %, 20780 MiB, 63, P2, 1950 MHz, 9501 MHz, 225.65 W, 0x0000000000000000
2026/08/28 13:01:59.534, 78 %, 20780 MiB, 64, P2, 1950 MHz, 9501 MHz, 231.04 W, 0x0000000000000000
2026/08/28 13:02:04.555, 83 %, 20780 MiB, 63, P2, 1950 MHz, 9501 MHz, 225.22 W, 0x0000000000000000
2026/08/28 13:02:09.576, 82 %, 20780 MiB, 63, P2, 1950 MHz, 9501 MHz, 224.03 W, 0x0000000000000000
2026/08/28 13:02:14.595, 85 %, 20780 MiB, 64, P2, 1950 MHz, 9501 MHz, 225.63 W, 0x0000000000000000
2026/08/28 13:02:19.614, 0 %, 82 MiB, 61, P0, 1950 MHz, 9751 MHz, 167.87 W, 0x0000000000000000
2026/08/28 13:02:24.631, 100 %, 20144 MiB, 60, P2, 1950 MHz, 9501 MHz, 147.11 W, 0x0000000000000000
2026/08/28 13:02:29.659, 100 %, 20144 MiB, 60, P2, 1950 MHz, 9501 MHz, 165.39 W, 0x0000000000000000
2026/08/28 13:02:34.683, 99 %, 20144 MiB, 59, P2, 1950 MHz, 9501 MHz, 164.11 W, 0x0000000000000000
2026/08/28 13:02:39.704, 78 %, 20816 MiB, 66, P2, 1950 MHz, 9501 MHz, 285.95 W, 0x0000000000000000
2026/08/28 13:02:44.726, 73 %, 20824 MiB, 68, P2, 1950 MHz, 9501 MHz, 329.73 W, 0x0000000000000000
2026/08/28 13:02:49.745, 78 %, 20824 MiB, 68, P2, 1950 MHz, 9501 MHz, 303.90 W, 0x0000000000000000
2026/08/28 13:02:54.970, 0 %, 346 MiB, 60, P0, 450 MHz, 5001 MHz, 141.78 W, 0x0000000000000000
2026/08/28 13:02:59.991, 100 %, 17618 MiB, 61, P2, 1950 MHz, 9501 MHz, 167.24 W, 0x0000000000000000
2026/08/28 13:03:05.015, 100 %, 17618 MiB, 60, P2, 1950 MHz, 9501 MHz, 168.08 W, 0x0000000000000000
2026/08/28 13:03:10.040, 0 %, 20226 MiB, 60, P2, 1950 MHz, 9501 MHz, 167.89 W, 0x0000000000000000
2026/08/28 13:03:15.061, 70 %, 20276 MiB, 67, P2, 1950 MHz, 9501 MHz, 317.46 W, 0x0000000000000000
2026/08/28 13:03:20.080, 71 %, 20280 MiB, 68, P2, 1950 MHz, 9501 MHz, 315.63 W, 0x0000000000000000
2026/08/28 13:03:25.102, 70 %, 20288 MiB, 68, P2, 1950 MHz, 9501 MHz, 312.40 W, 0x0000000000000000
2026/08/28 13:03:30.123, 67 %, 20288 MiB, 69, P2, 1935 MHz, 9501 MHz, 314.73 W, 0x0000000000000000
2026/08/28 13:03:35.146, 69 %, 20288 MiB, 69, P2, 1935 MHz, 9501 MHz, 313.34 W, 0x0000000000000000
2026/08/28 13:03:40.168, 0 %, 82 MiB, 64, P0, 1935 MHz, 9751 MHz, 173.02 W, 0x0000000000000001
2026/08/28 13:03:45.189, 100 %, 20144 MiB, 62, P2, 1950 MHz, 9501 MHz, 149.60 W, 0x0000000000000000
2026/08/28 13:03:50.216, 100 %, 20144 MiB, 62, P2, 1950 MHz, 9501 MHz, 170.32 W, 0x0000000000000000
2026/08/28 13:03:55.241, 100 %, 20144 MiB, 61, P2, 1950 MHz, 9501 MHz, 168.97 W, 0x0000000000000000
2026/08/28 13:04:00.263, 29 %, 20816 MiB, 67, P2, 1950 MHz, 9501 MHz, 298.74 W, 0x0000000000000000
2026/08/28 13:04:05.281, 76 %, 20816 MiB, 70, P2, 1935 MHz, 9501 MHz, 331.67 W, 0x0000000000000000
2026/08/28 13:04:10.301, 77 %, 20820 MiB, 70, P2, 1935 MHz, 9501 MHz, 333.03 W, 0x0000000000000000
2026/08/28 13:04:15.319, 73 %, 20824 MiB, 71, P2, 1935 MHz, 9501 MHz, 270.64 W, 0x0000000000000000
2026/08/28 13:04:20.338, 77 %, 20824 MiB, 69, P2, 1935 MHz, 9501 MHz, 316.65 W, 0x0000000000000000
2026/08/28 13:04:25.357, 76 %, 20824 MiB, 73, P2, 1935 MHz, 9501 MHz, 335.17 W, 0x0000000000000000
2026/08/28 13:04:30.379, 0 %, 82 MiB, 67, P0, 1935 MHz, 9751 MHz, 177.32 W, 0x0000000000000001
2026/08/28 13:04:35.400, 0 %, 17618 MiB, 62, P2, 1695 MHz, 9501 MHz, 135.28 W, 0x0000000000000000
2026/08/28 13:04:40.427, 99 %, 17618 MiB, 63, P2, 1950 MHz, 9501 MHz, 171.83 W, 0x0000000000000000
2026/08/28 13:04:45.453, 100 %, 17618 MiB, 62, P2, 1950 MHz, 9501 MHz, 170.82 W, 0x0000000000000000
2026/08/28 13:04:50.482, 67 %, 20276 MiB, 67, P2, 1950 MHz, 9501 MHz, 315.01 W, 0x0000000000000004
2026/08/28 13:04:55.504, 100 %, 20288 MiB, 65, P2, 1950 MHz, 9501 MHz, 288.39 W, 0x0000000000000004
2026/08/28 13:05:00.527, 66 %, 20288 MiB, 68, P2, 1950 MHz, 9501 MHz, 317.75 W, 0x0000000000000004
2026/08/28 13:05:05.548, 0 %, 346 MiB, 61, P2, 1950 MHz, 9501 MHz, 145.86 W, 0x0000000000000000
2026/08/28 13:05:10.567, 100 %, 19044 MiB, 61, P2, 1950 MHz, 9501 MHz, 169.23 W, 0x0000000000000000
2026/08/28 13:05:15.595, 100 %, 19044 MiB, 60, P2, 1950 MHz, 9501 MHz, 167.92 W, 0x0000000000000000
2026/08/28 13:05:20.619, 0 %, 21094 MiB, 60, P2, 1950 MHz, 9501 MHz, 168.84 W, 0x0000000000000000
2026/08/28 13:05:25.647, 75 %, 22286 MiB, 67, P2, 1950 MHz, 9501 MHz, 331.42 W, 0x0000000000000004
2026/08/28 13:05:30.669, 77 %, 22292 MiB, 67, P2, 1950 MHz, 9501 MHz, 259.15 W, 0x0000000000000004
2026/08/28 13:05:35.687, 79 %, 22292 MiB, 68, P2, 1950 MHz, 9501 MHz, 300.41 W, 0x0000000000000004
2026/08/28 13:05:40.704, 28 %, 346 MiB, 61, P2, 1950 MHz, 9501 MHz, 168.57 W, 0x0000000000000000
2026/08/28 13:05:45.724, 100 %, 18082 MiB, 60, P2, 1950 MHz, 9501 MHz, 167.17 W, 0x0000000000000000
2026/08/28 13:05:50.749, 100 %, 18082 MiB, 60, P2, 1950 MHz, 9501 MHz, 166.57 W, 0x0000000000000000
2026/08/28 13:05:55.775, 71 %, 21828 MiB, 64, P2, 1950 MHz, 9501 MHz, 286.44 W, 0x0000000000000004
2026/08/28 13:06:00.795, 74 %, 21828 MiB, 67, P2, 1950 MHz, 9501 MHz, 318.57 W, 0x0000000000000004
2026/08/28 13:06:05.813, 75 %, 21830 MiB, 67, P2, 1950 MHz, 9501 MHz, 275.86 W, 0x0000000000000004
2026/08/28 13:06:10.835, 73 %, 21834 MiB, 67, P2, 1950 MHz, 9501 MHz, 229.20 W, 0x0000000000000004
2026/08/28 13:06:15.853, 73 %, 21834 MiB, 69, P2, 1935 MHz, 9501 MHz, 281.68 W, 0x0000000000000004
2026/08/28 13:06:20.874, 72 %, 21834 MiB, 69, P2, 1935 MHz, 9501 MHz, 289.33 W, 0x0000000000000004
2026/08/28 13:06:25.895, 0 %, 82 MiB, 64, P0, 1935 MHz, 9751 MHz, 164.32 W, 0x0000000000000024
2026/08/28 13:06:30.914, 100 %, 19044 MiB, 60, P2, 1695 MHz, 9501 MHz, 132.97 W, 0x0000000000000000
2026/08/28 13:06:35.938, 100 %, 19044 MiB, 61, P2, 1950 MHz, 9501 MHz, 168.99 W, 0x0000000000000000
2026/08/28 13:06:40.968, 100 %, 19044 MiB, 61, P2, 1950 MHz, 9501 MHz, 167.77 W, 0x0000000000000000
2026/08/28 13:06:45.991, 78 %, 22286 MiB, 66, P2, 1950 MHz, 9501 MHz, 300.01 W, 0x0000000000000004
2026/08/28 13:06:51.010, 75 %, 22286 MiB, 68, P2, 1935 MHz, 9501 MHz, 308.34 W, 0x0000000000000004
2026/08/28 13:06:56.030, 76 %, 22292 MiB, 68, P2, 1935 MHz, 9501 MHz, 235.18 W, 0x0000000000000004
2026/08/28 13:07:01.052, 74 %, 22292 MiB, 70, P2, 1935 MHz, 9501 MHz, 303.42 W, 0x0000000000000004
2026/08/28 13:07:06.074, 79 %, 22292 MiB, 71, P2, 1920 MHz, 9501 MHz, 327.94 W, 0x0000000000000004
2026/08/28 13:07:11.093, 100 %, 82 MiB, 67, P2, 1935 MHz, 9501 MHz, 264.10 W, 0x0000000000000000
2026/08/28 13:07:16.113, 18 %, 346 MiB, 62, P2, 1695 MHz, 9501 MHz, 155.57 W, 0x0000000000000000
2026/08/28 13:07:21.135, 99 %, 18082 MiB, 61, P2, 1950 MHz, 9501 MHz, 158.67 W, 0x0000000000000000
2026/08/28 13:07:26.157, 68 %, 21828 MiB, 67, P2, 1950 MHz, 9501 MHz, 274.72 W, 0x0000000000000004
2026/08/28 13:07:31.176, 62 %, 21834 MiB, 65, P2, 1935 MHz, 9501 MHz, 204.15 W, 0x0000000000000000
2026/08/28 13:07:36.195, 72 %, 21834 MiB, 68, P2, 1935 MHz, 9501 MHz, 269.67 W, 0x0000000000000004
2026/08/28 13:07:41.214, 28 %, 82 MiB, 64, P0, 1935 MHz, 9751 MHz, 227.65 W, 0x0000000000000000
2026/08/28 13:07:46.234, 0 %, 346 MiB, 60, P2, 1695 MHz, 9501 MHz, 145.40 W, 0x0000000000000000
2026/08/28 13:07:51.255, 99 %, 17618 MiB, 60, P2, 1950 MHz, 9501 MHz, 157.76 W, 0x0000000000000000
2026/08/28 13:07:56.276, 69 %, 20276 MiB, 66, P2, 1950 MHz, 9501 MHz, 313.17 W, 0x0000000000000000
2026/08/28 13:08:01.296, 63 %, 20276 MiB, 67, P2, 1935 MHz, 9501 MHz, 314.29 W, 0x0000000000000000
2026/08/28 13:08:06.317, 65 %, 20280 MiB, 69, P2, 1935 MHz, 9501 MHz, 314.26 W, 0x0000000000000000
2026/08/28 13:08:11.338, 70 %, 20288 MiB, 69, P2, 1935 MHz, 9501 MHz, 314.00 W, 0x0000000000000004
2026/08/28 13:08:16.357, 67 %, 20288 MiB, 69, P2, 1935 MHz, 9501 MHz, 314.40 W, 0x0000000000000000
2026/08/28 13:08:21.378, 70 %, 20288 MiB, 71, P2, 1935 MHz, 9501 MHz, 319.57 W, 0x0000000000000004
2026/08/28 13:08:26.400, 0 %, 346 MiB, 63, P2, 1950 MHz, 9501 MHz, 169.93 W, 0x0000000000000000
2026/08/28 13:08:31.419, 99 %, 17618 MiB, 62, P2, 1950 MHz, 9501 MHz, 168.96 W, 0x0000000000000000
2026/08/28 13:08:36.444, 100 %, 17618 MiB, 61, P2, 1950 MHz, 9501 MHz, 167.18 W, 0x0000000000000000
2026/08/28 13:08:41.478, 65 %, 20276 MiB, 65, P2, 1950 MHz, 9501 MHz, 236.66 W, 0x0000000000000000
2026/08/28 13:08:46.495, 99 %, 20288 MiB, 62, P2, 1935 MHz, 9501 MHz, 200.19 W, 0x0000000000000000
2026/08/28 13:08:51.516, 67 %, 20288 MiB, 67, P2, 1935 MHz, 9501 MHz, 277.03 W, 0x0000000000000000
2026/08/28 13:08:56.535, 0 %, 82 MiB, 63, P0, 1935 MHz, 9751 MHz, 173.73 W, 0x0000000000000000
2026/08/28 13:09:01.555, 0 %, 19362 MiB, 60, P2, 1695 MHz, 9501 MHz, 133.44 W, 0x0000000000000000
2026/08/28 13:09:06.583, 99 %, 19362 MiB, 60, P2, 1950 MHz, 9501 MHz, 166.15 W, 0x0000000000000000
2026/08/28 13:09:11.607, 100 %, 19362 MiB, 60, P2, 1950 MHz, 9501 MHz, 164.58 W, 0x0000000000000000
2026/08/28 13:09:16.631, 81 %, 20768 MiB, 62, P2, 1950 MHz, 9501 MHz, 215.74 W, 0x0000000000000000
2026/08/28 13:09:21.651, 83 %, 20770 MiB, 62, P2, 1950 MHz, 9501 MHz, 220.42 W, 0x0000000000000000
2026/08/28 13:09:26.673, 81 %, 20770 MiB, 62, P2, 1950 MHz, 9501 MHz, 225.24 W, 0x0000000000000000
2026/08/28 13:09:31.692, 79 %, 20770 MiB, 63, P2, 1950 MHz, 9501 MHz, 229.73 W, 0x0000000000000000
2026/08/28 13:09:36.712, 84 %, 20772 MiB, 63, P2, 1950 MHz, 9501 MHz, 211.27 W, 0x0000000000000000
2026/08/28 13:09:41.734, 80 %, 20780 MiB, 63, P2, 1950 MHz, 9501 MHz, 229.27 W, 0x0000000000000000
2026/08/28 13:09:46.755, 80 %, 20780 MiB, 63, P2, 1950 MHz, 9501 MHz, 225.68 W, 0x0000000000000000
2026/08/28 13:09:51.777, 79 %, 20780 MiB, 63, P2, 1950 MHz, 9501 MHz, 227.96 W, 0x0000000000000000
2026/08/28 13:09:56.797, 85 %, 20780 MiB, 63, P2, 1950 MHz, 9501 MHz, 223.02 W, 0x0000000000000000
2026/08/28 13:10:01.818, 80 %, 20780 MiB, 63, P2, 1950 MHz, 9501 MHz, 222.80 W, 0x0000000000000000
2026/08/28 13:10:06.836, 82 %, 20780 MiB, 63, P2, 1950 MHz, 9501 MHz, 223.75 W, 0x0000000000000000
2026/08/28 13:10:11.854, 0 %, 82 MiB, 60, P0, 1950 MHz, 9751 MHz, 159.71 W, 0x0000000000000000
2026/08/28 13:10:16.874, 0 %, 18082 MiB, 58, P2, 1695 MHz, 9501 MHz, 130.83 W, 0x0000000000000000
2026/08/28 13:10:21.899, 100 %, 18082 MiB, 59, P2, 1950 MHz, 9501 MHz, 163.35 W, 0x0000000000000000
2026/08/28 13:10:26.924, 99 %, 18082 MiB, 59, P2, 1950 MHz, 9501 MHz, 163.58 W, 0x0000000000000000
2026/08/28 13:10:31.948, 68 %, 21828 MiB, 65, P2, 1950 MHz, 9501 MHz, 285.63 W, 0x0000000000000000
2026/08/28 13:10:36.968, 73 %, 21828 MiB, 66, P2, 1935 MHz, 9501 MHz, 300.45 W, 0x0000000000000000
2026/08/28 13:10:41.987, 100 %, 21834 MiB, 63, P2, 1935 MHz, 9501 MHz, 196.91 W, 0x0000000000000000
2026/08/28 13:10:47.007, 70 %, 21834 MiB, 65, P2, 1935 MHz, 9501 MHz, 303.09 W, 0x0000000000000000
2026/08/28 13:10:52.027, 67 %, 21834 MiB, 69, P2, 1935 MHz, 9501 MHz, 287.06 W, 0x0000000000000000
2026/08/28 13:10:57.048, 74 %, 21834 MiB, 70, P2, 1935 MHz, 9501 MHz, 323.25 W, 0x0000000000000000
2026/08/28 13:11:02.069, 0 %, 346 MiB, 63, P2, 1935 MHz, 9501 MHz, 149.56 W, 0x0000000000000000
2026/08/28 13:11:07.090, 99 %, 19362 MiB, 62, P2, 1935 MHz, 9501 MHz, 166.23 W, 0x0000000000000000
2026/08/28 13:11:12.114, 100 %, 19362 MiB, 61, P2, 1935 MHz, 9501 MHz, 167.66 W, 0x0000000000000000
2026/08/28 13:11:17.137, 84 %, 20768 MiB, 62, P2, 1935 MHz, 9501 MHz, 205.61 W, 0x0000000000000000
2026/08/28 13:11:22.158, 82 %, 20770 MiB, 63, P2, 1935 MHz, 9501 MHz, 225.60 W, 0x0000000000000000
2026/08/28 13:11:27.179, 81 %, 20772 MiB, 63, P2, 1935 MHz, 9501 MHz, 225.38 W, 0x0000000000000000
2026/08/28 13:11:32.200, 84 %, 20772 MiB, 63, P2, 1935 MHz, 9501 MHz, 223.13 W, 0x0000000000000000
2026/08/28 13:11:37.219, 81 %, 20772 MiB, 62, P2, 1935 MHz, 9501 MHz, 225.74 W, 0x0000000000000000
2026/08/28 13:11:42.241, 84 %, 20772 MiB, 63, P2, 1935 MHz, 9501 MHz, 225.25 W, 0x0000000000000000
2026/08/28 13:11:47.263, 81 %, 20772 MiB, 63, P2, 1935 MHz, 9501 MHz, 230.68 W, 0x0000000000000000
2026/08/28 13:11:52.284, 83 %, 20772 MiB, 63, P2, 1935 MHz, 9501 MHz, 226.39 W, 0x0000000000000000
2026/08/28 13:11:57.305, 83 %, 20774 MiB, 63, P2, 1935 MHz, 9501 MHz, 231.35 W, 0x0000000000000000
2026/08/28 13:12:02.325, 81 %, 20780 MiB, 63, P2, 1935 MHz, 9501 MHz, 224.03 W, 0x0000000000000000
2026/08/28 13:12:07.347, 83 %, 20780 MiB, 64, P2, 1935 MHz, 9501 MHz, 225.02 W, 0x0000000000000000
2026/08/28 13:12:12.367, 84 %, 20780 MiB, 64, P2, 1935 MHz, 9501 MHz, 226.74 W, 0x0000000000000000
2026/08/28 13:12:17.389, 82 %, 20780 MiB, 63, P2, 1935 MHz, 9501 MHz, 226.67 W, 0x0000000000000000
2026/08/28 13:12:22.408, 85 %, 20780 MiB, 63, P2, 1935 MHz, 9501 MHz, 229.08 W, 0x0000000000000000
2026/08/28 13:12:27.430, 85 %, 20780 MiB, 63, P2, 1935 MHz, 9501 MHz, 225.61 W, 0x0000000000000000
2026/08/28 13:12:32.452, 83 %, 20780 MiB, 64, P2, 1935 MHz, 9501 MHz, 215.57 W, 0x0000000000000000
2026/08/28 13:12:37.475, 77 %, 20780 MiB, 64, P2, 1935 MHz, 9501 MHz, 226.62 W, 0x0000000000000000
2026/08/28 13:12:42.494, 84 %, 20780 MiB, 63, P2, 1935 MHz, 9501 MHz, 226.04 W, 0x0000000000000000
2026/08/28 13:12:47.514, 83 %, 20780 MiB, 63, P2, 1935 MHz, 9501 MHz, 225.50 W, 0x0000000000000000
2026/08/28 13:12:52.535, 84 %, 20780 MiB, 63, P2, 1935 MHz, 9501 MHz, 227.31 W, 0x0000000000000000
2026/08/28 13:12:57.618, 0 %, 99 MiB, 61, P3, 1935 MHz, 9751 MHz, 156.80 W, 0x0000000000000001
2026/08/28 13:13:02.639, 100 %, 18082 MiB, 60, P2, 1950 MHz, 9501 MHz, 152.03 W, 0x0000000000000000
2026/08/28 13:13:07.660, 100 %, 18082 MiB, 60, P2, 1950 MHz, 9501 MHz, 162.21 W, 0x0000000000000000
2026/08/28 13:13:12.686, 27 %, 21828 MiB, 59, P2, 1950 MHz, 9501 MHz, 166.40 W, 0x0000000000000000
2026/08/28 13:13:17.708, 68 %, 21828 MiB, 66, P2, 1935 MHz, 9501 MHz, 311.64 W, 0x0000000000000000
2026/08/28 13:13:22.727, 68 %, 21834 MiB, 66, P2, 1935 MHz, 9501 MHz, 242.81 W, 0x0000000000000000
2026/08/28 13:13:27.748, 73 %, 21834 MiB, 68, P2, 1935 MHz, 9501 MHz, 318.47 W, 0x0000000000000000
2026/08/28 13:13:32.768, 0 %, 346 MiB, 61, P2, 1950 MHz, 9501 MHz, 152.28 W, 0x0000000000000000
2026/08/28 13:13:37.789, 100 %, 20144 MiB, 60, P2, 1950 MHz, 9501 MHz, 164.44 W, 0x0000000000000000
2026/08/28 13:13:42.814, 100 %, 20144 MiB, 60, P2, 1950 MHz, 9501 MHz, 165.20 W, 0x0000000000000000
2026/08/28 13:13:47.840, 59 %, 20816 MiB, 65, P2, 1935 MHz, 9501 MHz, 285.63 W, 0x0000000000000000
2026/08/28 13:13:52.861, 77 %, 20824 MiB, 67, P2, 1935 MHz, 9501 MHz, 268.85 W, 0x0000000000000000
2026/08/28 13:13:57.881, 79 %, 20824 MiB, 66, P2, 1935 MHz, 9501 MHz, 296.39 W, 0x0000000000000004
2026/08/28 13:14:02.899, 0 %, 82 MiB, 63, P0, 1935 MHz, 9751 MHz, 166.99 W, 0x0000000000000000
2026/08/28 13:14:07.919, 0 %, 19044 MiB, 60, P2, 1695 MHz, 9501 MHz, 130.70 W, 0x0000000000000000
2026/08/28 13:14:12.942, 99 %, 19044 MiB, 60, P2, 1950 MHz, 9501 MHz, 163.34 W, 0x0000000000000000
2026/08/28 13:14:17.967, 99 %, 20188 MiB, 60, P2, 1950 MHz, 9501 MHz, 161.75 W, 0x0000000000000000
2026/08/28 13:14:22.988, 80 %, 22286 MiB, 67, P2, 1935 MHz, 9501 MHz, 320.44 W, 0x0000000000000004
2026/08/28 13:14:28.009, 76 %, 22286 MiB, 68, P2, 1935 MHz, 9501 MHz, 318.72 W, 0x0000000000000004
2026/08/28 13:14:33.030, 76 %, 22292 MiB, 68, P2, 1935 MHz, 9501 MHz, 283.61 W, 0x0000000000000004
2026/08/28 13:14:38.050, 75 %, 22292 MiB, 70, P2, 1935 MHz, 9501 MHz, 312.99 W, 0x0000000000000004
2026/08/28 13:14:43.073, 78 %, 22292 MiB, 71, P2, 1920 MHz, 9501 MHz, 322.88 W, 0x0000000000000000
2026/08/28 13:14:48.093, 0 %, 82 MiB, 66, P0, 1935 MHz, 9751 MHz, 192.04 W, 0x0000000000000000
2026/08/28 13:14:53.112, 0 %, 346 MiB, 61, P2, 1695 MHz, 9501 MHz, 142.39 W, 0x0000000000000000
2026/08/28 13:14:58.132, 100 %, 20144 MiB, 62, P2, 1935 MHz, 9501 MHz, 166.52 W, 0x0000000000000000
2026/08/28 13:15:03.156, 90 %, 20800 MiB, 61, P2, 1935 MHz, 9501 MHz, 164.43 W, 0x0000000000000000
2026/08/28 13:15:08.174, 78 %, 20816 MiB, 69, P2, 1935 MHz, 9501 MHz, 327.65 W, 0x0000000000000000
2026/08/28 13:15:13.196, 78 %, 20816 MiB, 70, P2, 1935 MHz, 9501 MHz, 324.97 W, 0x0000000000000000
2026/08/28 13:15:18.216, 76 %, 20824 MiB, 68, P2, 1920 MHz, 9501 MHz, 268.62 W, 0x0000000000000004
2026/08/28 13:15:23.236, 78 %, 20824 MiB, 72, P2, 1935 MHz, 9501 MHz, 336.37 W, 0x0000000000000000
2026/08/28 13:15:28.257, 79 %, 20824 MiB, 73, P2, 1935 MHz, 9501 MHz, 338.52 W, 0x0000000000000000
2026/08/28 13:15:33.278, 77 %, 20824 MiB, 74, P2, 1935 MHz, 9501 MHz, 305.53 W, 0x0000000000000000
2026/08/28 13:15:38.321, 0 %, 346 MiB, 63, P0, 1695 MHz, 9751 MHz, 148.03 W, 0x0000000000000000
2026/08/28 13:15:43.342, 100 %, 19044 MiB, 63, P2, 1950 MHz, 9501 MHz, 160.79 W, 0x0000000000000000
2026/08/28 13:15:48.365, 99 %, 19044 MiB, 62, P2, 1950 MHz, 9501 MHz, 171.96 W, 0x0000000000000000
2026/08/28 13:15:53.388, 99 %, 20188 MiB, 61, P2, 1950 MHz, 9501 MHz, 170.98 W, 0x0000000000000000
2026/08/28 13:15:58.407, 81 %, 22286 MiB, 68, P2, 1950 MHz, 9501 MHz, 321.91 W, 0x0000000000000004
2026/08/28 13:16:03.428, 100 %, 22292 MiB, 63, P2, 1935 MHz, 9501 MHz, 272.88 W, 0x0000000000000004
2026/08/28 13:16:08.447, 80 %, 22292 MiB, 69, P2, 1920 MHz, 9501 MHz, 327.77 W, 0x0000000000000004
2026/08/28 13:16:13.465, 0 %, 346 MiB, 62, P2, 1950 MHz, 9501 MHz, 161.76 W, 0x0000000000000000
2026/08/28 13:16:18.485, 100 %, 18082 MiB, 61, P2, 1950 MHz, 9501 MHz, 169.49 W, 0x0000000000000000
2026/08/28 13:16:23.510, 100 %, 18082 MiB, 60, P2, 1950 MHz, 9501 MHz, 168.48 W, 0x0000000000000000
2026/08/28 13:16:28.534, 47 %, 21828 MiB, 60, P2, 1950 MHz, 9501 MHz, 178.99 W, 0x0000000000000000
2026/08/28 13:16:33.556, 72 %, 21828 MiB, 66, P2, 1950 MHz, 9501 MHz, 285.94 W, 0x0000000000000000
2026/08/28 13:16:38.577, 70 %, 21828 MiB, 68, P2, 1950 MHz, 9501 MHz, 312.98 W, 0x0000000000000000
2026/08/28 13:16:43.598, 66 %, 21834 MiB, 67, P2, 1950 MHz, 9501 MHz, 308.67 W, 0x0000000000000000
2026/08/28 13:16:48.618, 71 %, 21834 MiB, 69, P2, 1950 MHz, 9501 MHz, 317.21 W, 0x0000000000000000
2026/08/28 13:16:53.636, 71 %, 21834 MiB, 69, P2, 1935 MHz, 9501 MHz, 318.48 W, 0x0000000000000004
2026/08/28 13:16:58.657, 100 %, 82 MiB, 66, P2, 1935 MHz, 9501 MHz, 258.72 W, 0x0000000000000000
2026/08/28 13:17:03.677, 9 %, 1604 MiB, 61, P2, 1695 MHz, 9501 MHz, 168.01 W, 0x0000000000000000
2026/08/28 13:17:08.697, 99 %, 18082 MiB, 62, P2, 1950 MHz, 9501 MHz, 170.62 W, 0x0000000000000000
2026/08/28 13:17:13.720, 100 %, 18082 MiB, 61, P2, 1950 MHz, 9501 MHz, 168.89 W, 0x0000000000000000
2026/08/28 13:17:18.742, 73 %, 21828 MiB, 66, P2, 1950 MHz, 9501 MHz, 271.74 W, 0x0000000000000004
2026/08/28 13:17:23.762, 99 %, 21834 MiB, 62, P2, 1950 MHz, 9501 MHz, 204.87 W, 0x0000000000000000
2026/08/28 13:17:28.783, 45 %, 21834 MiB, 65, P2, 1950 MHz, 9501 MHz, 270.07 W, 0x0000000000000004
2026/08/28 13:17:33.804, 100 %, 82 MiB, 64, P2, 1935 MHz, 9501 MHz, 243.01 W, 0x0000000000000000
2026/08/28 13:17:38.822, 0 %, 346 MiB, 60, P2, 1695 MHz, 9501 MHz, 144.86 W, 0x0000000000000000
2026/08/28 13:17:43.841, 100 %, 17618 MiB, 61, P2, 1950 MHz, 9501 MHz, 168.11 W, 0x0000000000000000
2026/08/28 13:17:48.866, 100 %, 17618 MiB, 60, P2, 1950 MHz, 9501 MHz, 167.64 W, 0x0000000000000000
2026/08/28 13:17:53.887, 69 %, 20276 MiB, 63, P2, 1950 MHz, 9501 MHz, 260.21 W, 0x0000000000000000
2026/08/28 13:17:58.910, 70 %, 20288 MiB, 66, P2, 1950 MHz, 9501 MHz, 307.27 W, 0x0000000000000004
2026/08/28 13:18:03.931, 55 %, 20288 MiB, 67, P2, 1950 MHz, 9501 MHz, 267.70 W, 0x0000000000000000
2026/08/28 13:18:08.951, 0 %, 82 MiB, 62, P3, 1950 MHz, 9751 MHz, 170.32 W, 0x0000000000000000
2026/08/28 13:18:13.970, 100 %, 19044 MiB, 59, P2, 1695 MHz, 9501 MHz, 131.63 W, 0x0000000000000000
2026/08/28 13:18:18.997, 100 %, 19044 MiB, 60, P2, 1965 MHz, 9501 MHz, 167.02 W, 0x0000000000000000
2026/08/28 13:18:24.026, 100 %, 19044 MiB, 60, P2, 1965 MHz, 9501 MHz, 166.83 W, 0x0000000000000000
2026/08/28 13:18:29.055, 75 %, 22286 MiB, 66, P2, 1950 MHz, 9501 MHz, 295.02 W, 0x0000000000000004
2026/08/28 13:18:34.076, 76 %, 22286 MiB, 68, P2, 1950 MHz, 9501 MHz, 330.88 W, 0x0000000000000004
2026/08/28 13:18:39.099, 75 %, 22292 MiB, 68, P2, 1950 MHz, 9501 MHz, 256.76 W, 0x0000000000000004
2026/08/28 13:18:44.118, 76 %, 22292 MiB, 69, P2, 1935 MHz, 9501 MHz, 303.22 W, 0x0000000000000004
2026/08/28 13:18:49.139, 77 %, 22292 MiB, 71, P2, 1935 MHz, 9501 MHz, 329.76 W, 0x0000000000000004
2026/08/28 13:18:54.158, 100 %, 82 MiB, 65, P0, 1935 MHz, 9751 MHz, 187.46 W, 0x0000000000000000
2026/08/28 13:18:59.178, 0 %, 346 MiB, 61, P2, 1695 MHz, 9501 MHz, 149.12 W, 0x0000000000000000
2026/08/28 13:19:04.198, 100 %, 17618 MiB, 62, P2, 1950 MHz, 9501 MHz, 169.62 W, 0x0000000000000000
2026/08/28 13:19:09.223, 100 %, 17618 MiB, 61, P2, 1950 MHz, 9501 MHz, 169.22 W, 0x0000000000000000
2026/08/28 13:19:14.247, 72 %, 20276 MiB, 67, P2, 1950 MHz, 9501 MHz, 318.47 W, 0x0000000000000004
2026/08/28 13:19:19.265, 70 %, 20276 MiB, 67, P2, 1935 MHz, 9501 MHz, 277.89 W, 0x0000000000000000
2026/08/28 13:19:24.286, 66 %, 20284 MiB, 64, P2, 1785 MHz, 9501 MHz, 276.96 W, 0x0000000000000004
2026/08/28 13:19:29.309, 70 %, 20288 MiB, 69, P2, 1935 MHz, 9501 MHz, 313.06 W, 0x0000000000000000
2026/08/28 13:19:34.330, 68 %, 20288 MiB, 70, P2, 1935 MHz, 9501 MHz, 316.98 W, 0x0000000000000000
2026/08/28 13:19:39.349, 72 %, 20288 MiB, 71, P2, 1935 MHz, 9501 MHz, 320.05 W, 0x0000000000000004
2026/08/28 13:19:44.369, 0 %, 346 MiB, 62, P2, 1950 MHz, 9501 MHz, 161.22 W, 0x0000000000000000
2026/08/28 13:19:49.388, 99 %, 19044 MiB, 61, P2, 1950 MHz, 9501 MHz, 158.88 W, 0x0000000000000000
2026/08/28 13:19:54.408, 31 %, 22286 MiB, 63, P2, 1950 MHz, 9501 MHz, 202.54 W, 0x0000000000000000
2026/08/28 13:19:59.429, 56 %, 22292 MiB, 63, P2, 1800 MHz, 9501 MHz, 250.84 W, 0x0000000000000004
2026/08/28 13:20:04.452, 75 %, 22292 MiB, 67, P2, 1935 MHz, 9501 MHz, 281.86 W, 0x0000000000000004
2026/08/28 13:20:09.472, 0 %, 82 MiB, 64, P0, 1935 MHz, 9751 MHz, 172.70 W, 0x0000000000000000
2026/08/28 13:20:14.490, 3 %, 19362 MiB, 60, P2, 1695 MHz, 9501 MHz, 143.34 W, 0x0000000000000000
2026/08/28 13:20:19.517, 100 %, 19362 MiB, 61, P2, 1950 MHz, 9501 MHz, 166.15 W, 0x0000000000000000
2026/08/28 13:20:24.541, 100 %, 19362 MiB, 60, P2, 1950 MHz, 9501 MHz, 165.84 W, 0x0000000000000000
2026/08/28 13:20:29.563, 84 %, 20768 MiB, 63, P2, 1950 MHz, 9501 MHz, 220.37 W, 0x0000000000000000
2026/08/28 13:20:34.581, 80 %, 20770 MiB, 63, P2, 1950 MHz, 9501 MHz, 223.94 W, 0x0000000000000000
2026/08/28 13:20:39.603, 82 %, 20770 MiB, 62, P2, 1950 MHz, 9501 MHz, 220.94 W, 0x0000000000000000
2026/08/28 13:20:44.625, 84 %, 20770 MiB, 62, P2, 1950 MHz, 9501 MHz, 227.33 W, 0x0000000000000000
2026/08/28 13:20:49.648, 82 %, 20772 MiB, 63, P2, 1950 MHz, 9501 MHz, 212.46 W, 0x0000000000000000
2026/08/28 13:20:54.665, 84 %, 20780 MiB, 63, P2, 1950 MHz, 9501 MHz, 225.20 W, 0x0000000000000000
2026/08/28 13:20:59.685, 84 %, 20780 MiB, 63, P2, 1950 MHz, 9501 MHz, 224.80 W, 0x0000000000000000
2026/08/28 13:21:04.705, 80 %, 20780 MiB, 63, P2, 1950 MHz, 9501 MHz, 230.29 W, 0x0000000000000000
2026/08/28 13:21:09.724, 82 %, 20780 MiB, 63, P2, 1950 MHz, 9501 MHz, 222.44 W, 0x0000000000000000
2026/08/28 13:21:14.744, 82 %, 20780 MiB, 63, P2, 1950 MHz, 9501 MHz, 222.07 W, 0x0000000000000000
2026/08/28 13:21:19.762, 82 %, 20780 MiB, 63, P2, 1950 MHz, 9501 MHz, 223.87 W, 0x0000000000000000
2026/08/28 13:21:24.782, 0 %, 82 MiB, 60, P0, 1950 MHz, 9751 MHz, 158.73 W, 0x0000000000000000
2026/08/28 13:21:29.802, 100 %, 20144 MiB, 60, P2, 1950 MHz, 9501 MHz, 143.20 W, 0x0000000000000000
2026/08/28 13:21:34.825, 100 %, 20144 MiB, 59, P2, 1950 MHz, 9501 MHz, 162.60 W, 0x0000000000000000
2026/08/28 13:21:39.852, 100 %, 20144 MiB, 59, P2, 1950 MHz, 9501 MHz, 163.25 W, 0x0000000000000000
2026/08/28 13:21:44.876, 78 %, 20816 MiB, 66, P2, 1935 MHz, 9501 MHz, 288.98 W, 0x0000000000000000
2026/08/28 13:21:49.895, 80 %, 20816 MiB, 66, P2, 1935 MHz, 9501 MHz, 293.26 W, 0x0000000000000000
2026/08/28 13:21:54.916, 75 %, 20820 MiB, 68, P2, 1935 MHz, 9501 MHz, 325.86 W, 0x0000000000000000
2026/08/28 13:21:59.935, 78 %, 20824 MiB, 70, P2, 1935 MHz, 9501 MHz, 325.98 W, 0x0000000000000000
2026/08/28 13:22:04.956, 46 %, 20824 MiB, 70, P2, 1935 MHz, 9501 MHz, 293.16 W, 0x0000000000000004
2026/08/28 13:22:09.976, 78 %, 20824 MiB, 72, P2, 1920 MHz, 9501 MHz, 331.45 W, 0x0000000000000000
2026/08/28 13:22:14.996, 0 %, 82 MiB, 65, P0, 1935 MHz, 9751 MHz, 169.45 W, 0x0000000000000000
2026/08/28 13:22:20.018, 100 %, 19362 MiB, 63, P2, 1935 MHz, 9501 MHz, 151.26 W, 0x0000000000000000
2026/08/28 13:22:25.042, 99 %, 19362 MiB, 62, P2, 1935 MHz, 9501 MHz, 168.79 W, 0x0000000000000000
2026/08/28 13:22:30.067, 99 %, 20502 MiB, 61, P2, 1950 MHz, 9501 MHz, 165.99 W, 0x0000000000000024
2026/08/28 13:22:35.093, 84 %, 20768 MiB, 64, P2, 1950 MHz, 9501 MHz, 224.71 W, 0x0000000000000000
2026/08/28 13:22:40.114, 82 %, 20772 MiB, 63, P2, 1950 MHz, 9501 MHz, 216.14 W, 0x0000000000000000
2026/08/28 13:22:45.132, 84 %, 20772 MiB, 63, P2, 1950 MHz, 9501 MHz, 217.11 W, 0x0000000000000000
2026/08/28 13:22:50.152, 86 %, 20772 MiB, 63, P2, 1950 MHz, 9501 MHz, 224.17 W, 0x0000000000000000
2026/08/28 13:22:55.174, 82 %, 20772 MiB, 63, P2, 1950 MHz, 9501 MHz, 223.81 W, 0x0000000000000000
2026/08/28 13:23:00.196, 85 %, 20772 MiB, 63, P2, 1950 MHz, 9501 MHz, 222.56 W, 0x0000000000000000
2026/08/28 13:23:05.216, 85 %, 20772 MiB, 63, P2, 1950 MHz, 9501 MHz, 225.75 W, 0x0000000000000000
2026/08/28 13:23:10.236, 83 %, 20774 MiB, 63, P2, 1950 MHz, 9501 MHz, 230.64 W, 0x0000000000000000
2026/08/28 13:23:15.254, 83 %, 20780 MiB, 64, P2, 1950 MHz, 9501 MHz, 226.99 W, 0x0000000000000000
2026/08/28 13:23:20.272, 72 %, 20780 MiB, 62, P2, 1950 MHz, 9501 MHz, 205.13 W, 0x0000000000000000
2026/08/28 13:23:25.293, 85 %, 20780 MiB, 63, P2, 1950 MHz, 9501 MHz, 223.91 W, 0x0000000000000000
2026/08/28 13:23:30.313, 80 %, 20780 MiB, 63, P2, 1950 MHz, 9501 MHz, 225.98 W, 0x0000000000000000
2026/08/28 13:23:35.334, 81 %, 20780 MiB, 63, P2, 1950 MHz, 9501 MHz, 230.58 W, 0x0000000000000000
2026/08/28 13:23:40.356, 83 %, 20780 MiB, 63, P2, 1950 MHz, 9501 MHz, 226.52 W, 0x0000000000000000
2026/08/28 13:23:45.376, 83 %, 20780 MiB, 64, P2, 1950 MHz, 9501 MHz, 232.09 W, 0x0000000000000000
2026/08/28 13:23:50.396, 80 %, 20780 MiB, 63, P2, 1950 MHz, 9501 MHz, 225.01 W, 0x0000000000000000
2026/08/28 13:23:55.416, 84 %, 20780 MiB, 63, P2, 1950 MHz, 9501 MHz, 225.03 W, 0x0000000000000000
2026/08/28 13:24:00.436, 78 %, 20780 MiB, 62, P2, 1950 MHz, 9501 MHz, 214.95 W, 0x0000000000000004
2026/08/28 13:24:05.457, 86 %, 20780 MiB, 63, P2, 1950 MHz, 9501 MHz, 222.81 W, 0x0000000000000000
2026/08/28 13:24:10.475, 0 %, 82 MiB, 60, P0, 1950 MHz, 9751 MHz, 162.57 W, 0x0000000000000000
2026/08/28 13:24:15.493, 100 %, 20144 MiB, 58, P2, 1695 MHz, 9501 MHz, 130.02 W, 0x0000000000000000
2026/08/28 13:24:20.519, 100 %, 20144 MiB, 59, P2, 1950 MHz, 9501 MHz, 162.84 W, 0x0000000000000000
2026/08/28 13:24:25.545, 99 %, 20144 MiB, 59, P2, 1950 MHz, 9501 MHz, 162.56 W, 0x0000000000000000
2026/08/28 13:24:30.566, 72 %, 20816 MiB, 62, P2, 1950 MHz, 9501 MHz, 291.06 W, 0x0000000000000000
2026/08/28 13:24:35.586, 76 %, 20824 MiB, 67, P2, 1935 MHz, 9501 MHz, 322.70 W, 0x0000000000000000
2026/08/28 13:24:40.604, 78 %, 20824 MiB, 66, P2, 1935 MHz, 9501 MHz, 266.05 W, 0x0000000000000000
2026/08/28 13:24:45.625, 0 %, 82 MiB, 61, P0, 1935 MHz, 9751 MHz, 160.56 W, 0x0000000000000000
2026/08/28 13:24:50.644, 99 %, 18082 MiB, 60, P2, 1950 MHz, 9501 MHz, 137.81 W, 0x0000000000000000
2026/08/28 13:24:55.668, 99 %, 18082 MiB, 60, P2, 1950 MHz, 9501 MHz, 163.65 W, 0x0000000000000000
2026/08/28 13:25:00.696, 99 %, 18082 MiB, 60, P2, 1950 MHz, 9501 MHz, 163.73 W, 0x0000000000000000
2026/08/28 13:25:05.719, 67 %, 21828 MiB, 65, P2, 1950 MHz, 9501 MHz, 300.32 W, 0x0000000000000000
2026/08/28 13:25:10.740, 68 %, 21834 MiB, 66, P2, 1935 MHz, 9501 MHz, 300.21 W, 0x0000000000000000
2026/08/28 13:25:15.758, 68 %, 21834 MiB, 66, P2, 1935 MHz, 9501 MHz, 283.64 W, 0x0000000000000000
2026/08/28 13:25:20.776, 0 %, 82 MiB, 61, P0, 1935 MHz, 9751 MHz, 162.36 W, 0x0000000000000000
2026/08/28 13:25:25.794, 100 %, 19044 MiB, 60, P2, 1950 MHz, 9501 MHz, 137.22 W, 0x0000000000000000
2026/08/28 13:25:30.822, 99 %, 19044 MiB, 60, P2, 1950 MHz, 9501 MHz, 164.73 W, 0x0000000000000000
2026/08/28 13:25:35.845, 13 %, 21094 MiB, 60, P2, 1950 MHz, 9501 MHz, 166.91 W, 0x0000000000000000
2026/08/28 13:25:40.870, 76 %, 22286 MiB, 67, P2, 1935 MHz, 9501 MHz, 326.81 W, 0x0000000000000000
2026/08/28 13:25:45.892, 80 %, 22286 MiB, 68, P2, 1935 MHz, 9501 MHz, 322.88 W, 0x0000000000000004
2026/08/28 13:25:50.912, 78 %, 22292 MiB, 69, P2, 1935 MHz, 9501 MHz, 325.88 W, 0x0000000000000000
2026/08/28 13:25:55.931, 77 %, 22292 MiB, 69, P2, 1935 MHz, 9501 MHz, 323.42 W, 0x0000000000000004
2026/08/28 13:26:00.953, 79 %, 22292 MiB, 70, P2, 1920 MHz, 9501 MHz, 317.67 W, 0x0000000000000000
2026/08/28 13:26:05.972, 0 %, 82 MiB, 65, P0, 1935 MHz, 9751 MHz, 175.00 W, 0x0000000000000000
2026/08/28 13:26:10.991, 0 %, 18082 MiB, 61, P2, 1695 MHz, 9501 MHz, 133.45 W, 0x0000000000000000
2026/08/28 13:26:16.014, 99 %, 18082 MiB, 62, P2, 1935 MHz, 9501 MHz, 165.66 W, 0x0000000000000000
2026/08/28 13:26:21.036, 100 %, 19730 MiB, 61, P2, 1935 MHz, 9501 MHz, 166.54 W, 0x0000000000000000
2026/08/28 13:26:26.054, 74 %, 21828 MiB, 67, P2, 1935 MHz, 9501 MHz, 311.89 W, 0x0000000000000000
2026/08/28 13:26:31.075, 66 %, 21828 MiB, 68, P2, 1935 MHz, 9501 MHz, 317.25 W, 0x0000000000000000
2026/08/28 13:26:36.095, 66 %, 21834 MiB, 68, P2, 1935 MHz, 9501 MHz, 221.24 W, 0x0000000000000000
2026/08/28 13:26:41.115, 66 %, 21834 MiB, 69, P2, 1935 MHz, 9501 MHz, 289.65 W, 0x0000000000000000
2026/08/28 13:26:46.135, 68 %, 21834 MiB, 70, P2, 1935 MHz, 9501 MHz, 293.12 W, 0x0000000000000000
2026/08/28 13:26:51.159, 70 %, 21834 MiB, 71, P2, 1935 MHz, 9501 MHz, 330.32 W, 0x0000000000000000
2026/08/28 13:26:56.178, 0 %, 346 MiB, 63, P2, 1935 MHz, 9501 MHz, 160.10 W, 0x0000000000000000
2026/08/28 13:27:01.198, 100 %, 19044 MiB, 62, P2, 1935 MHz, 9501 MHz, 169.54 W, 0x0000000000000000
2026/08/28 13:27:06.220, 99 %, 19044 MiB, 61, P2, 1935 MHz, 9501 MHz, 165.40 W, 0x0000000000000000
2026/08/28 13:27:11.244, 77 %, 22286 MiB, 63, P2, 1935 MHz, 9501 MHz, 262.47 W, 0x0000000000000000
2026/08/28 13:27:16.265, 100 %, 22292 MiB, 63, P2, 1935 MHz, 9501 MHz, 205.08 W, 0x0000000000000000
2026/08/28 13:27:21.286, 76 %, 22292 MiB, 68, P2, 1935 MHz, 9501 MHz, 294.11 W, 0x0000000000000000
2026/08/28 13:27:26.307, 0 %, 82 MiB, 63, P0, 1935 MHz, 9751 MHz, 169.88 W, 0x0000000000000000
2026/08/28 13:27:31.326, 0 %, 17618 MiB, 60, P2, 1695 MHz, 9501 MHz, 131.62 W, 0x0000000000000000
2026/08/28 13:27:36.348, 99 %, 17618 MiB, 60, P2, 1950 MHz, 9501 MHz, 163.13 W, 0x0000000000000000
2026/08/28 13:27:41.373, 40 %, 20276 MiB, 61, P2, 1950 MHz, 9501 MHz, 210.04 W, 0x0000000000000000
2026/08/28 13:27:46.394, 64 %, 20284 MiB, 62, P2, 1935 MHz, 9501 MHz, 213.59 W, 0x0000000000000004
2026/08/28 13:27:51.415, 36 %, 20288 MiB, 67, P2, 1935 MHz, 9501 MHz, 284.25 W, 0x0000000000000000
2026/08/28 13:27:56.436, 100 %, 82 MiB, 62, P0, 1935 MHz, 9751 MHz, 190.04 W, 0x0000000000000000
2026/08/28 13:28:01.455, 2 %, 346 MiB, 59, P2, 1695 MHz, 9501 MHz, 140.86 W, 0x0000000000000000
2026/08/28 13:28:06.474, 100 %, 20144 MiB, 60, P2, 1950 MHz, 9501 MHz, 167.45 W, 0x0000000000000000
2026/08/28 13:28:11.497, 99 %, 20144 MiB, 60, P2, 1950 MHz, 9501 MHz, 166.83 W, 0x0000000000000000
2026/08/28 13:28:16.521, 75 %, 20816 MiB, 66, P2, 1935 MHz, 9501 MHz, 321.36 W, 0x0000000000000000
2026/08/28 13:28:21.540, 78 %, 20816 MiB, 68, P2, 1935 MHz, 9501 MHz, 329.05 W, 0x0000000000000000
2026/08/28 13:28:26.561, 78 %, 20820 MiB, 69, P2, 1935 MHz, 9501 MHz, 326.71 W, 0x0000000000000000
2026/08/28 13:28:31.579, 41 %, 20824 MiB, 67, P2, 1935 MHz, 9501 MHz, 266.53 W, 0x0000000000000004
2026/08/28 13:28:36.600, 77 %, 20824 MiB, 71, P2, 1935 MHz, 9501 MHz, 331.77 W, 0x0000000000000000
2026/08/28 13:28:41.618, 78 %, 20824 MiB, 72, P2, 1935 MHz, 9501 MHz, 335.49 W, 0x0000000000000000
2026/08/28 13:28:46.637, 100 %, 82 MiB, 66, P0, 1935 MHz, 9751 MHz, 179.96 W, 0x0000000000000000
2026/08/28 13:28:51.655, 8 %, 346 MiB, 62, P2, 1695 MHz, 9501 MHz, 137.61 W, 0x0000000000000000
2026/08/28 13:28:56.673, 100 %, 17618 MiB, 62, P2, 1935 MHz, 9501 MHz, 170.28 W, 0x0000000000000000
2026/08/28 13:29:01.700, 99 %, 17618 MiB, 61, P2, 1935 MHz, 9501 MHz, 167.86 W, 0x0000000000000000
2026/08/28 13:29:06.722, 58 %, 20276 MiB, 67, P2, 1935 MHz, 9501 MHz, 287.75 W, 0x0000000000000000
2026/08/28 13:29:11.743, 68 %, 20276 MiB, 68, P2, 1935 MHz, 9501 MHz, 310.20 W, 0x0000000000000000
2026/08/28 13:29:16.764, 99 %, 20288 MiB, 68, P2, 1935 MHz, 9501 MHz, 220.66 W, 0x0000000000000000
2026/08/28 13:29:21.785, 42 %, 20288 MiB, 68, P2, 1935 MHz, 9501 MHz, 287.52 W, 0x0000000000000000
2026/08/28 13:29:26.803, 70 %, 20288 MiB, 70, P2, 1935 MHz, 9501 MHz, 286.65 W, 0x0000000000000000
2026/08/28 13:29:31.821, 86 %, 82 MiB, 65, P0, 1935 MHz, 9501 MHz, 225.03 W, 0x0000000000000000
2026/08/28 13:29:36.840, 0 %, 346 MiB, 61, P2, 1695 MHz, 9501 MHz, 146.49 W, 0x0000000000000000
2026/08/28 13:29:41.861, 100 %, 20144 MiB, 61, P2, 1935 MHz, 9501 MHz, 168.24 W, 0x0000000000000000
2026/08/28 13:29:46.886, 100 %, 20144 MiB, 61, P2, 1935 MHz, 9501 MHz, 163.62 W, 0x0000000000000000
2026/08/28 13:29:51.910, 77 %, 20816 MiB, 67, P2, 1935 MHz, 9501 MHz, 322.11 W, 0x0000000000000000
2026/08/28 13:29:56.929, 78 %, 20824 MiB, 67, P2, 1935 MHz, 9501 MHz, 329.51 W, 0x0000000000000000
2026/08/28 13:30:01.951, 77 %, 20824 MiB, 69, P2, 1935 MHz, 9501 MHz, 329.57 W, 0x0000000000000000
2026/08/28 13:30:06.975, 0 %, 346 MiB, 62, P2, 1935 MHz, 9501 MHz, 148.33 W, 0x0000000000000000
2026/08/28 13:30:11.994, 100 %, 19362 MiB, 61, P2, 1950 MHz, 9501 MHz, 169.43 W, 0x0000000000000000
2026/08/28 13:30:17.018, 100 %, 19362 MiB, 61, P2, 1950 MHz, 9501 MHz, 168.12 W, 0x0000000000000000
2026/08/28 13:30:22.040, 65 %, 20742 MiB, 60, P2, 1950 MHz, 9501 MHz, 168.22 W, 0x0000000000000000
2026/08/28 13:30:27.059, 78 %, 20770 MiB, 62, P2, 1950 MHz, 9501 MHz, 224.74 W, 0x0000000000000000
2026/08/28 13:30:32.080, 83 %, 20770 MiB, 63, P2, 1950 MHz, 9501 MHz, 224.36 W, 0x0000000000000000
2026/08/28 13:30:37.101, 81 %, 20770 MiB, 62, P2, 1950 MHz, 9501 MHz, 225.95 W, 0x0000000000000000
2026/08/28 13:30:42.120, 84 %, 20772 MiB, 63, P2, 1950 MHz, 9501 MHz, 227.38 W, 0x0000000000000000
2026/08/28 13:30:47.140, 82 %, 20778 MiB, 63, P2, 1950 MHz, 9501 MHz, 215.21 W, 0x0000000000000000
2026/08/28 13:30:52.159, 83 %, 20780 MiB, 63, P2, 1950 MHz, 9501 MHz, 231.62 W, 0x0000000000000000
2026/08/28 13:30:57.179, 81 %, 20780 MiB, 63, P2, 1950 MHz, 9501 MHz, 230.20 W, 0x0000000000000000
2026/08/28 13:31:02.196, 79 %, 20780 MiB, 63, P2, 1950 MHz, 9501 MHz, 226.66 W, 0x0000000000000000
2026/08/28 13:31:07.216, 84 %, 20780 MiB, 63, P2, 1950 MHz, 9501 MHz, 228.12 W, 0x0000000000000000
2026/08/28 13:31:12.237, 79 %, 20780 MiB, 63, P2, 1950 MHz, 9501 MHz, 227.02 W, 0x0000000000000000
2026/08/28 13:31:17.265, 85 %, 20780 MiB, 63, P2, 1950 MHz, 9501 MHz, 219.04 W, 0x0000000000000000
2026/08/28 13:31:22.283, 0 %, 346 MiB, 60, P2, 1950 MHz, 9501 MHz, 141.33 W, 0x0000000000000000
2026/08/28 13:31:27.303, 100 %, 19362 MiB, 60, P2, 1950 MHz, 9501 MHz, 166.20 W, 0x0000000000000000
2026/08/28 13:31:32.331, 99 %, 19362 MiB, 59, P2, 1950 MHz, 9501 MHz, 163.10 W, 0x0000000000000000
2026/08/28 13:31:37.355, 0 %, 20768 MiB, 60, P2, 1950 MHz, 9501 MHz, 177.47 W, 0x0000000000000000
2026/08/28 13:31:42.376, 86 %, 20770 MiB, 62, P2, 1950 MHz, 9501 MHz, 225.64 W, 0x0000000000000000
2026/08/28 13:31:47.395, 84 %, 20772 MiB, 62, P2, 1950 MHz, 9501 MHz, 222.55 W, 0x0000000000000000
2026/08/28 13:31:52.413, 82 %, 20772 MiB, 62, P2, 1950 MHz, 9501 MHz, 224.34 W, 0x0000000000000000
2026/08/28 13:31:57.434, 84 %, 20772 MiB, 63, P2, 1950 MHz, 9501 MHz, 231.48 W, 0x0000000000000000
2026/08/28 13:32:02.455, 83 %, 20772 MiB, 62, P2, 1950 MHz, 9501 MHz, 222.66 W, 0x0000000000000000
2026/08/28 13:32:07.478, 85 %, 20772 MiB, 63, P2, 1950 MHz, 9501 MHz, 229.28 W, 0x0000000000000000
2026/08/28 13:32:12.498, 85 %, 20772 MiB, 63, P2, 1950 MHz, 9501 MHz, 215.43 W, 0x0000000000000000
2026/08/28 13:32:17.519, 80 %, 20774 MiB, 63, P2, 1950 MHz, 9501 MHz, 232.90 W, 0x0000000000000000
2026/08/28 13:32:22.538, 82 %, 20780 MiB, 63, P2, 1950 MHz, 9501 MHz, 225.89 W, 0x0000000000000000
2026/08/28 13:32:27.555, 82 %, 20780 MiB, 63, P2, 1950 MHz, 9501 MHz, 225.49 W, 0x0000000000000000
2026/08/28 13:32:32.573, 83 %, 20780 MiB, 63, P2, 1950 MHz, 9501 MHz, 228.58 W, 0x0000000000000000
2026/08/28 13:32:37.591, 85 %, 20780 MiB, 63, P2, 1950 MHz, 9501 MHz, 228.39 W, 0x0000000000000000
2026/08/28 13:32:42.612, 86 %, 20780 MiB, 63, P2, 1950 MHz, 9501 MHz, 230.07 W, 0x0000000000000000
2026/08/28 13:32:47.633, 81 %, 20780 MiB, 64, P2, 1950 MHz, 9501 MHz, 223.74 W, 0x0000000000000000
2026/08/28 13:32:52.652, 80 %, 20780 MiB, 64, P2, 1950 MHz, 9501 MHz, 224.08 W, 0x0000000000000000
2026/08/28 13:32:57.670, 83 %, 20780 MiB, 64, P2, 1950 MHz, 9501 MHz, 229.90 W, 0x0000000000000000
2026/08/28 13:33:02.691, 82 %, 20780 MiB, 64, P2, 1950 MHz, 9501 MHz, 227.79 W, 0x0000000000000000
2026/08/28 13:33:07.712, 85 %, 20780 MiB, 64, P2, 1950 MHz, 9501 MHz, 228.08 W, 0x0000000000000000
2026/08/28 13:33:12.731, 81 %, 20780 MiB, 64, P2, 1950 MHz, 9501 MHz, 228.77 W, 0x0000000000000000
2026/08/28 13:33:17.751, 0 %, 82 MiB, 61, P0, 1950 MHz, 9751 MHz, 162.75 W, 0x0000000000000000
2026/08/28 13:33:22.771, 0 %, 82 MiB, 54, P8, 210 MHz, 405 MHz, 35.95 W, 0x0000000000000001
2026/08/28 13:33:27.792, 0 %, 82 MiB, 51, P8, 210 MHz, 405 MHz, 30.36 W, 0x0000000000000001
2026/08/28 13:33:32.817, 0 %, 17618 MiB, 55, P2, 1695 MHz, 9501 MHz, 127.22 W, 0x0000000000000000
2026/08/28 13:33:37.842, 100 %, 17618 MiB, 57, P2, 1965 MHz, 9501 MHz, 160.15 W, 0x0000000000000000
2026/08/28 13:33:42.869, 100 %, 18762 MiB, 57, P2, 1965 MHz, 9501 MHz, 160.46 W, 0x0000000000000000
2026/08/28 13:33:47.887, 69 %, 20276 MiB, 64, P2, 1950 MHz, 9501 MHz, 306.44 W, 0x0000000000000000
2026/08/28 13:33:52.909, 40 %, 20288 MiB, 62, P2, 1950 MHz, 9501 MHz, 291.63 W, 0x0000000000000000
2026/08/28 13:33:57.932, 70 %, 20288 MiB, 66, P2, 1950 MHz, 9501 MHz, 312.04 W, 0x0000000000000000
2026/08/28 13:34:02.951, 0 %, 346 MiB, 60, P2, 1965 MHz, 9501 MHz, 144.94 W, 0x0000000000000000
2026/08/28 13:34:07.969, 100 %, 18082 MiB, 60, P2, 1965 MHz, 9501 MHz, 165.98 W, 0x0000000000000000
2026/08/28 13:34:12.997, 100 %, 18082 MiB, 59, P2, 1965 MHz, 9501 MHz, 165.24 W, 0x0000000000000000
2026/08/28 13:34:18.021, 99 %, 21808 MiB, 59, P2, 1965 MHz, 9501 MHz, 166.85 W, 0x0000000000000000
2026/08/28 13:34:23.040, 59 %, 21828 MiB, 63, P2, 1950 MHz, 9501 MHz, 287.26 W, 0x0000000000000000
2026/08/28 13:34:28.061, 70 %, 21828 MiB, 67, P2, 1950 MHz, 9501 MHz, 310.20 W, 0x0000000000000000
2026/08/28 13:34:33.081, 69 %, 21834 MiB, 68, P2, 1950 MHz, 9501 MHz, 311.52 W, 0x0000000000000000
2026/08/28 13:34:38.099, 74 %, 21834 MiB, 69, P2, 1935 MHz, 9501 MHz, 314.63 W, 0x0000000000000000
2026/08/28 13:34:43.121, 73 %, 21834 MiB, 70, P2, 1935 MHz, 9501 MHz, 321.45 W, 0x0000000000000000
2026/08/28 13:34:48.141, 70 %, 82 MiB, 66, P2, 1935 MHz, 9501 MHz, 262.14 W, 0x0000000000000000
2026/08/28 13:34:53.162, 0 %, 346 MiB, 62, P2, 1695 MHz, 9501 MHz, 164.22 W, 0x0000000000000000
2026/08/28 13:34:58.183, 100 %, 17618 MiB, 62, P2, 1950 MHz, 9501 MHz, 169.87 W, 0x0000000000000000
2026/08/28 13:35:03.207, 100 %, 17618 MiB, 61, P2, 1950 MHz, 9501 MHz, 169.14 W, 0x0000000000000000
2026/08/28 13:35:08.232, 70 %, 20276 MiB, 67, P2, 1950 MHz, 9501 MHz, 316.05 W, 0x0000000000000000
2026/08/28 13:35:13.253, 67 %, 20276 MiB, 67, P2, 1950 MHz, 9501 MHz, 314.54 W, 0x0000000000000000
2026/08/28 13:35:18.272, 69 %, 20280 MiB, 68, P2, 1935 MHz, 9501 MHz, 315.08 W, 0x0000000000000000
2026/08/28 13:35:23.292, 69 %, 20288 MiB, 68, P2, 1935 MHz, 9501 MHz, 301.23 W, 0x0000000000000004
2026/08/28 13:35:28.311, 69 %, 20288 MiB, 70, P2, 1935 MHz, 9501 MHz, 319.11 W, 0x0000000000000004
2026/08/28 13:35:33.332, 72 %, 20288 MiB, 71, P2, 1935 MHz, 9501 MHz, 322.43 W, 0x0000000000000004
2026/08/28 13:35:38.353, 0 %, 346 MiB, 63, P2, 1950 MHz, 9501 MHz, 171.79 W, 0x0000000000000000
2026/08/28 13:35:43.372, 100 %, 18082 MiB, 62, P2, 1950 MHz, 9501 MHz, 170.36 W, 0x0000000000000000
2026/08/28 13:35:48.398, 100 %, 18082 MiB, 61, P2, 1950 MHz, 9501 MHz, 169.63 W, 0x0000000000000000
2026/08/28 13:35:53.424, 37 %, 21828 MiB, 65, P2, 1950 MHz, 9501 MHz, 211.49 W, 0x0000000000000004
2026/08/28 13:35:58.446, 75 %, 21830 MiB, 68, P2, 1950 MHz, 9501 MHz, 314.61 W, 0x0000000000000004
2026/08/28 13:36:03.467, 72 %, 21834 MiB, 68, P2, 1950 MHz, 9501 MHz, 308.63 W, 0x0000000000000004
2026/08/28 13:36:08.489, 68 %, 21834 MiB, 69, P2, 1935 MHz, 9501 MHz, 316.21 W, 0x0000000000000004
2026/08/28 13:36:13.507, 0 %, 346 MiB, 62, P2, 1950 MHz, 9501 MHz, 159.06 W, 0x0000000000000000
2026/08/28 13:36:18.527, 99 %, 19362 MiB, 61, P2, 1950 MHz, 9501 MHz, 168.91 W, 0x0000000000000000
2026/08/28 13:36:23.553, 100 %, 19362 MiB, 61, P2, 1950 MHz, 9501 MHz, 168.00 W, 0x0000000000000000
2026/08/28 13:36:28.577, 0 %, 20768 MiB, 62, P2, 1950 MHz, 9501 MHz, 182.02 W, 0x0000000000000000
2026/08/28 13:36:33.598, 81 %, 20770 MiB, 62, P2, 1950 MHz, 9501 MHz, 214.63 W, 0x0000000000000000
2026/08/28 13:36:38.619, 84 %, 20770 MiB, 63, P2, 1950 MHz, 9501 MHz, 225.68 W, 0x0000000000000000
2026/08/28 13:36:43.641, 85 %, 20770 MiB, 63, P2, 1950 MHz, 9501 MHz, 224.49 W, 0x0000000000000000
2026/08/28 13:36:48.659, 82 %, 20772 MiB, 63, P2, 1950 MHz, 9501 MHz, 226.66 W, 0x0000000000000000
2026/08/28 13:36:53.678, 83 %, 20778 MiB, 63, P2, 1950 MHz, 9501 MHz, 227.43 W, 0x0000000000000004
2026/08/28 13:36:58.700, 77 %, 20780 MiB, 63, P2, 1950 MHz, 9501 MHz, 233.22 W, 0x0000000000000004
2026/08/28 13:37:03.721, 84 %, 20780 MiB, 63, P2, 1950 MHz, 9501 MHz, 228.03 W, 0x0000000000000000
2026/08/28 13:37:08.743, 85 %, 20780 MiB, 63, P2, 1950 MHz, 9501 MHz, 219.14 W, 0x0000000000000000
2026/08/28 13:37:13.763, 82 %, 20780 MiB, 64, P2, 1950 MHz, 9501 MHz, 230.11 W, 0x0000000000000000
2026/08/28 13:37:18.783, 85 %, 20780 MiB, 63, P2, 1950 MHz, 9501 MHz, 228.42 W, 0x0000000000000000
2026/08/28 13:37:23.812, 81 %, 20780 MiB, 63, P2, 1950 MHz, 9501 MHz, 225.51 W, 0x0000000000000000
2026/08/28 13:37:28.830, 0 %, 346 MiB, 60, P2, 1965 MHz, 9501 MHz, 167.03 W, 0x0000000000000000
2026/08/28 13:37:33.850, 99 %, 19044 MiB, 60, P2, 1965 MHz, 9501 MHz, 167.06 W, 0x0000000000000000
2026/08/28 13:37:38.875, 99 %, 19044 MiB, 60, P2, 1965 MHz, 9501 MHz, 166.65 W, 0x0000000000000000
2026/08/28 13:37:43.902, 99 %, 22286 MiB, 60, P2, 1965 MHz, 9501 MHz, 171.70 W, 0x0000000000000000
2026/08/28 13:37:48.924, 76 %, 22286 MiB, 66, P2, 1950 MHz, 9501 MHz, 296.37 W, 0x0000000000000004
2026/08/28 13:37:53.943, 47 %, 22288 MiB, 68, P2, 1950 MHz, 9501 MHz, 288.46 W, 0x0000000000000004
2026/08/28 13:37:58.962, 100 %, 22292 MiB, 68, P2, 1950 MHz, 9501 MHz, 242.98 W, 0x0000000000000004
2026/08/28 13:38:03.981, 77 %, 22292 MiB, 69, P2, 1935 MHz, 9501 MHz, 292.72 W, 0x0000000000000004
2026/08/28 13:38:09.002, 75 %, 22292 MiB, 71, P2, 1935 MHz, 9501 MHz, 313.81 W, 0x0000000000000004
2026/08/28 13:38:14.023, 0 %, 346 MiB, 63, P2, 1950 MHz, 9501 MHz, 145.47 W, 0x0000000000000000
2026/08/28 13:38:19.041, 99 %, 19362 MiB, 62, P2, 1950 MHz, 9501 MHz, 170.16 W, 0x0000000000000000
2026/08/28 13:38:24.066, 99 %, 19362 MiB, 62, P2, 1950 MHz, 9501 MHz, 169.21 W, 0x0000000000000000
2026/08/28 13:38:29.092, 99 %, 20502 MiB, 61, P2, 1950 MHz, 9501 MHz, 170.12 W, 0x0000000000000000
2026/08/28 13:38:34.114, 80 %, 20768 MiB, 63, P2, 1950 MHz, 9501 MHz, 229.22 W, 0x0000000000000000
2026/08/28 13:38:39.135, 80 %, 20772 MiB, 63, P2, 1950 MHz, 9501 MHz, 225.34 W, 0x0000000000000000
2026/08/28 13:38:44.154, 83 %, 20772 MiB, 63, P2, 1950 MHz, 9501 MHz, 216.88 W, 0x0000000000000000
2026/08/28 13:38:49.173, 84 %, 20772 MiB, 63, P2, 1950 MHz, 9501 MHz, 227.90 W, 0x0000000000000000
2026/08/28 13:38:54.191, 82 %, 20772 MiB, 63, P2, 1950 MHz, 9501 MHz, 224.99 W, 0x0000000000000000
2026/08/28 13:38:59.210, 80 %, 20772 MiB, 63, P2, 1950 MHz, 9501 MHz, 225.35 W, 0x0000000000000000
2026/08/28 13:39:04.229, 83 %, 20772 MiB, 63, P2, 1950 MHz, 9501 MHz, 228.98 W, 0x0000000000000000
2026/08/28 13:39:09.248, 84 %, 20774 MiB, 63, P2, 1950 MHz, 9501 MHz, 233.29 W, 0x0000000000000000
2026/08/28 13:39:14.270, 81 %, 20780 MiB, 63, P2, 1950 MHz, 9501 MHz, 229.92 W, 0x0000000000000000
2026/08/28 13:39:19.290, 82 %, 20780 MiB, 62, P2, 1950 MHz, 9501 MHz, 221.94 W, 0x0000000000000004
2026/08/28 13:39:24.309, 85 %, 20780 MiB, 63, P2, 1950 MHz, 9501 MHz, 227.38 W, 0x0000000000000000
2026/08/28 13:39:29.329, 80 %, 20780 MiB, 64, P2, 1950 MHz, 9501 MHz, 231.20 W, 0x0000000000000000
2026/08/28 13:39:34.348, 85 %, 20780 MiB, 64, P2, 1950 MHz, 9501 MHz, 234.59 W, 0x0000000000000000
2026/08/28 13:39:39.366, 83 %, 20780 MiB, 64, P2, 1950 MHz, 9501 MHz, 232.36 W, 0x0000000000000000
2026/08/28 13:39:44.385, 83 %, 20780 MiB, 64, P2, 1950 MHz, 9501 MHz, 234.93 W, 0x0000000000000000
2026/08/28 13:39:49.406, 78 %, 20780 MiB, 64, P2, 1950 MHz, 9501 MHz, 228.58 W, 0x0000000000000000
2026/08/28 13:39:54.427, 80 %, 20780 MiB, 64, P2, 1950 MHz, 9501 MHz, 228.62 W, 0x0000000000000000
2026/08/28 13:39:59.448, 83 %, 20780 MiB, 64, P2, 1950 MHz, 9501 MHz, 221.71 W, 0x0000000000000000
2026/08/28 13:40:04.468, 82 %, 20780 MiB, 64, P2, 1950 MHz, 9501 MHz, 226.56 W, 0x0000000000000000
2026/08/28 13:40:09.490, 0 %, 82 MiB, 61, P0, 1950 MHz, 9751 MHz, 173.29 W, 0x0000000000000000
2026/08/28 13:40:14.509, 0 %, 346 MiB, 59, P2, 1695 MHz, 9501 MHz, 147.89 W, 0x0000000000000000
2026/08/28 13:40:19.531, 100 %, 19044 MiB, 60, P2, 1965 MHz, 9501 MHz, 167.51 W, 0x0000000000000000
2026/08/28 13:40:24.554, 100 %, 19044 MiB, 60, P2, 1965 MHz, 9501 MHz, 166.49 W, 0x0000000000000000
2026/08/28 13:40:29.579, 40 %, 22286 MiB, 65, P2, 1950 MHz, 9501 MHz, 280.34 W, 0x0000000000000004
2026/08/28 13:40:34.599, 71 %, 22292 MiB, 66, P2, 1950 MHz, 9501 MHz, 249.27 W, 0x0000000000000004
2026/08/28 13:40:39.619, 43 %, 22292 MiB, 67, P2, 1950 MHz, 9501 MHz, 282.44 W, 0x0000000000000004
2026/08/28 13:40:44.952, 0 %, 99 MiB, 59, P0, 660 MHz, 5001 MHz, 142.91 W, 0x0000000000000000
2026/08/28 13:40:49.973, 100 %, 20144 MiB, 61, P2, 1950 MHz, 9501 MHz, 167.08 W, 0x0000000000000000
2026/08/28 13:40:54.999, 100 %, 20144 MiB, 60, P2, 1950 MHz, 9501 MHz, 166.79 W, 0x0000000000000000
2026/08/28 13:41:00.024, 99 %, 20144 MiB, 60, P2, 1950 MHz, 9501 MHz, 165.71 W, 0x0000000000000000
2026/08/28 13:41:05.048, 76 %, 20816 MiB, 67, P2, 1950 MHz, 9501 MHz, 326.64 W, 0x0000000000000004
2026/08/28 13:41:10.069, 78 %, 20824 MiB, 66, P2, 1950 MHz, 9501 MHz, 273.56 W, 0x0000000000000004
2026/08/28 13:41:15.090, 78 %, 20824 MiB, 69, P2, 1935 MHz, 9501 MHz, 328.48 W, 0x0000000000000004
2026/08/28 13:41:20.114, 0 %, 346 MiB, 62, P2, 1950 MHz, 9501 MHz, 160.66 W, 0x0000000000000000
2026/08/28 13:41:25.133, 99 %, 20144 MiB, 61, P2, 1950 MHz, 9501 MHz, 168.59 W, 0x0000000000000000
2026/08/28 13:41:30.156, 100 %, 20144 MiB, 61, P2, 1950 MHz, 9501 MHz, 167.35 W, 0x0000000000000000
2026/08/28 13:41:35.182, 75 %, 20816 MiB, 63, P2, 1935 MHz, 9501 MHz, 192.36 W, 0x0000000000000004
2026/08/28 13:41:40.201, 77 %, 20816 MiB, 68, P2, 1950 MHz, 9501 MHz, 330.01 W, 0x0000000000000004
2026/08/28 13:41:45.220, 78 %, 20816 MiB, 69, P2, 1935 MHz, 9501 MHz, 329.47 W, 0x0000000000000004
2026/08/28 13:41:50.241, 80 %, 20824 MiB, 70, P2, 1935 MHz, 9501 MHz, 267.28 W, 0x0000000000000004
2026/08/28 13:41:55.261, 79 %, 20824 MiB, 71, P2, 1935 MHz, 9501 MHz, 334.77 W, 0x0000000000000004
2026/08/28 13:42:00.280, 74 %, 20824 MiB, 72, P2, 1935 MHz, 9501 MHz, 335.58 W, 0x0000000000000004
2026/08/28 13:42:05.299, 77 %, 20824 MiB, 73, P2, 1935 MHz, 9501 MHz, 337.33 W, 0x0000000000000004
2026/08/28 13:42:10.317, 0 %, 346 MiB, 64, P2, 1950 MHz, 9501 MHz, 148.90 W, 0x0000000000000000
2026/08/28 13:42:15.338, 99 %, 20144 MiB, 63, P2, 1950 MHz, 9501 MHz, 171.49 W, 0x0000000000000000
2026/08/28 13:42:20.362, 100 %, 20144 MiB, 61, P2, 1950 MHz, 9501 MHz, 159.03 W, 0x0000000000000000
2026/08/28 13:42:25.383, 76 %, 20816 MiB, 69, P2, 1935 MHz, 9501 MHz, 319.36 W, 0x0000000000000004
2026/08/28 13:42:30.401, 78 %, 20816 MiB, 70, P2, 1935 MHz, 9501 MHz, 297.33 W, 0x0000000000000004
2026/08/28 13:42:35.423, 77 %, 20824 MiB, 71, P2, 1935 MHz, 9501 MHz, 331.11 W, 0x0000000000000004
2026/08/28 13:42:40.447, 77 %, 20824 MiB, 71, P2, 1935 MHz, 9501 MHz, 328.85 W, 0x0000000000000004
2026/08/28 13:42:45.467, 79 %, 20824 MiB, 72, P2, 1920 MHz, 9501 MHz, 290.82 W, 0x0000000000000004
2026/08/28 13:42:50.489, 77 %, 20824 MiB, 73, P2, 1920 MHz, 9501 MHz, 328.78 W, 0x0000000000000004
2026/08/28 13:42:55.511, 0 %, 82 MiB, 66, P0, 1935 MHz, 9751 MHz, 172.90 W, 0x0000000000000000
2026/08/28 13:43:00.529, 100 %, 20144 MiB, 63, P2, 1950 MHz, 9501 MHz, 151.88 W, 0x0000000000000000
2026/08/28 13:43:05.554, 99 %, 20144 MiB, 62, P2, 1950 MHz, 9501 MHz, 159.43 W, 0x0000000000000000
2026/08/28 13:43:10.576, 77 %, 20816 MiB, 69, P2, 1935 MHz, 9501 MHz, 296.12 W, 0x0000000000000004
2026/08/28 13:43:15.595, 78 %, 20824 MiB, 70, P2, 1935 MHz, 9501 MHz, 329.31 W, 0x0000000000000004
2026/08/28 13:43:20.613, 74 %, 20824 MiB, 70, P2, 1935 MHz, 9501 MHz, 328.85 W, 0x0000000000000004
2026/08/28 13:43:25.634, 0 %, 346 MiB, 62, P2, 1950 MHz, 9501 MHz, 146.95 W, 0x0000000000000000
2026/08/28 13:43:30.657, 99 %, 19044 MiB, 61, P2, 1950 MHz, 9501 MHz, 160.06 W, 0x0000000000000000
2026/08/28 13:43:35.680, 99 %, 21094 MiB, 60, P2, 1950 MHz, 9501 MHz, 158.99 W, 0x0000000000000000
2026/08/28 13:43:40.702, 77 %, 22286 MiB, 67, P2, 1935 MHz, 9501 MHz, 326.97 W, 0x0000000000000004
2026/08/28 13:43:45.724, 75 %, 22292 MiB, 68, P2, 1935 MHz, 9501 MHz, 285.96 W, 0x0000000000000004
2026/08/28 13:43:50.747, 25 %, 20264 MiB, 69, P2, 1935 MHz, 9501 MHz, 304.51 W, 0x0000000000000004
2026/08/28 13:43:55.768, 0 %, 346 MiB, 61, P2, 1950 MHz, 9501 MHz, 163.77 W, 0x0000000000000000
2026/08/28 13:44:00.787, 100 %, 19362 MiB, 61, P2, 1950 MHz, 9501 MHz, 164.80 W, 0x0000000000000000
2026/08/28 13:44:05.814, 100 %, 19362 MiB, 60, P2, 1950 MHz, 9501 MHz, 165.88 W, 0x0000000000000000
2026/08/28 13:44:10.839, 78 %, 20768 MiB, 61, P2, 1950 MHz, 9501 MHz, 221.63 W, 0x0000000000000000
2026/08/28 13:44:15.862, 85 %, 20770 MiB, 62, P2, 1950 MHz, 9501 MHz, 223.82 W, 0x0000000000000000
2026/08/28 13:44:20.883, 81 %, 20772 MiB, 62, P2, 1950 MHz, 9501 MHz, 223.21 W, 0x0000000000000000
2026/08/28 13:44:25.901, 85 %, 20772 MiB, 63, P2, 1950 MHz, 9501 MHz, 223.53 W, 0x0000000000000000
2026/08/28 13:44:30.922, 83 %, 20772 MiB, 61, P2, 1950 MHz, 9501 MHz, 217.51 W, 0x0000000000000000
2026/08/28 13:44:35.941, 82 %, 20772 MiB, 63, P2, 1950 MHz, 9501 MHz, 222.99 W, 0x0000000000000000
2026/08/28 13:44:40.961, 83 %, 20772 MiB, 63, P2, 1950 MHz, 9501 MHz, 224.84 W, 0x0000000000000000
2026/08/28 13:44:45.982, 81 %, 20772 MiB, 63, P2, 1950 MHz, 9501 MHz, 227.40 W, 0x0000000000000000
2026/08/28 13:44:51.000, 83 %, 20780 MiB, 63, P2, 1815 MHz, 9501 MHz, 226.77 W, 0x0000000000000004
2026/08/28 13:44:56.021, 84 %, 20780 MiB, 62, P2, 1950 MHz, 9501 MHz, 228.00 W, 0x0000000000000000
2026/08/28 13:45:01.041, 85 %, 20780 MiB, 63, P2, 1950 MHz, 9501 MHz, 226.12 W, 0x0000000000000000
2026/08/28 13:45:06.061, 84 %, 20780 MiB, 63, P2, 1950 MHz, 9501 MHz, 225.87 W, 0x0000000000000000
2026/08/28 13:45:11.078, 81 %, 20780 MiB, 62, P2, 1950 MHz, 9501 MHz, 216.47 W, 0x0000000000000004
2026/08/28 13:45:16.098, 85 %, 20780 MiB, 63, P2, 1950 MHz, 9501 MHz, 225.36 W, 0x0000000000000000
2026/08/28 13:45:21.119, 81 %, 20780 MiB, 63, P2, 1950 MHz, 9501 MHz, 225.92 W, 0x0000000000000000
2026/08/28 13:45:26.138, 81 %, 20780 MiB, 63, P2, 1950 MHz, 9501 MHz, 223.31 W, 0x0000000000000000
2026/08/28 13:45:31.157, 82 %, 20780 MiB, 63, P2, 1950 MHz, 9501 MHz, 224.05 W, 0x0000000000000000
2026/08/28 13:45:36.177, 81 %, 20780 MiB, 64, P2, 1950 MHz, 9501 MHz, 225.11 W, 0x0000000000000000
2026/08/28 13:45:41.194, 83 %, 20780 MiB, 63, P2, 1950 MHz, 9501 MHz, 225.73 W, 0x0000000000000000
2026/08/28 13:45:46.215, 83 %, 20780 MiB, 63, P2, 1950 MHz, 9501 MHz, 225.20 W, 0x0000000000000000
2026/08/28 13:45:51.236, 0 %, 1100 MiB, 60, P2, 1950 MHz, 9501 MHz, 149.45 W, 0x0000000000000000
2026/08/28 13:45:56.264, 100 %, 19044 MiB, 59, P2, 1950 MHz, 9501 MHz, 158.62 W, 0x0000000000000000
2026/08/28 13:46:01.289, 99 %, 22214 MiB, 59, P2, 1950 MHz, 9501 MHz, 154.80 W, 0x0000000000000000
2026/08/28 13:46:06.311, 72 %, 22286 MiB, 62, P2, 1935 MHz, 9501 MHz, 285.79 W, 0x0000000000000000
2026/08/28 13:46:11.331, 77 %, 22286 MiB, 67, P2, 1935 MHz, 9501 MHz, 319.80 W, 0x0000000000000004
2026/08/28 13:46:16.349, 74 %, 22292 MiB, 68, P2, 1935 MHz, 9501 MHz, 325.19 W, 0x0000000000000000
2026/08/28 13:46:21.370, 80 %, 22292 MiB, 69, P2, 1935 MHz, 9501 MHz, 320.40 W, 0x0000000000000004
2026/08/28 13:46:26.392, 78 %, 22292 MiB, 70, P2, 1935 MHz, 9501 MHz, 323.31 W, 0x0000000000000004
2026/08/28 13:46:31.412, 0 %, 82 MiB, 65, P0, 1935 MHz, 9751 MHz, 174.74 W, 0x0000000000000000
2026/08/28 13:46:36.432, 25 %, 19362 MiB, 61, P2, 1695 MHz, 9501 MHz, 132.59 W, 0x0000000000000000
2026/08/28 13:46:41.457, 100 %, 19362 MiB, 62, P2, 1950 MHz, 9501 MHz, 166.67 W, 0x0000000000000000
2026/08/28 13:46:46.484, 99 %, 19362 MiB, 61, P2, 1950 MHz, 9501 MHz, 165.84 W, 0x0000000000000000
2026/08/28 13:46:51.506, 82 %, 20768 MiB, 63, P2, 1950 MHz, 9501 MHz, 220.74 W, 0x0000000000000000
2026/08/28 13:46:56.526, 84 %, 20770 MiB, 63, P2, 1950 MHz, 9501 MHz, 225.09 W, 0x0000000000000000
2026/08/28 13:47:01.549, 83 %, 20770 MiB, 62, P2, 1950 MHz, 9501 MHz, 221.04 W, 0x0000000000000000
2026/08/28 13:47:06.570, 84 %, 20770 MiB, 63, P2, 1950 MHz, 9501 MHz, 227.86 W, 0x0000000000000000
2026/08/28 13:47:11.593, 21 %, 20776 MiB, 63, P2, 1950 MHz, 9501 MHz, 209.65 W, 0x0000000000000000
2026/08/28 13:47:16.615, 81 %, 20780 MiB, 64, P2, 1950 MHz, 9501 MHz, 225.93 W, 0x0000000000000000
2026/08/28 13:47:21.637, 84 %, 20780 MiB, 63, P2, 1950 MHz, 9501 MHz, 225.62 W, 0x0000000000000000
2026/08/28 13:47:26.658, 77 %, 20780 MiB, 63, P2, 1950 MHz, 9501 MHz, 229.55 W, 0x0000000000000000
2026/08/28 13:47:31.680, 85 %, 20780 MiB, 63, P2, 1950 MHz, 9501 MHz, 223.27 W, 0x0000000000000000
2026/08/28 13:47:36.702, 81 %, 20780 MiB, 63, P2, 1950 MHz, 9501 MHz, 221.18 W, 0x0000000000000000
2026/08/28 13:47:41.721, 80 %, 20780 MiB, 63, P2, 1950 MHz, 9501 MHz, 224.96 W, 0x0000000000000000
2026/08/28 13:47:46.741, 0 %, 82 MiB, 61, P0, 1950 MHz, 9751 MHz, 166.01 W, 0x0000000000000000
2026/08/28 13:47:51.762, 99 %, 18082 MiB, 59, P2, 1950 MHz, 9501 MHz, 139.68 W, 0x0000000000000000
2026/08/28 13:47:56.785, 99 %, 18082 MiB, 59, P2, 1950 MHz, 9501 MHz, 163.25 W, 0x0000000000000000
2026/08/28 13:48:01.810, 99 %, 19730 MiB, 59, P2, 1950 MHz, 9501 MHz, 162.38 W, 0x0000000000000000
2026/08/28 13:48:06.831, 73 %, 21828 MiB, 65, P2, 1950 MHz, 9501 MHz, 307.28 W, 0x0000000000000000
2026/08/28 13:48:11.851, 69 %, 21834 MiB, 65, P2, 1935 MHz, 9501 MHz, 302.57 W, 0x0000000000000000
2026/08/28 13:48:16.873, 67 %, 21834 MiB, 66, P2, 1935 MHz, 9501 MHz, 279.47 W, 0x0000000000000000
2026/08/28 13:48:21.892, 0 %, 82 MiB, 62, P0, 1935 MHz, 9751 MHz, 167.59 W, 0x0000000000000000
2026/08/28 13:48:26.912, 100 %, 17618 MiB, 60, P2, 1950 MHz, 9501 MHz, 139.07 W, 0x0000000000000000
2026/08/28 13:48:31.936, 100 %, 17618 MiB, 60, P2, 1950 MHz, 9501 MHz, 163.15 W, 0x0000000000000000
2026/08/28 13:48:36.959, 87 %, 20136 MiB, 59, P2, 1950 MHz, 9501 MHz, 164.07 W, 0x0000000000000000
2026/08/28 13:48:41.985, 70 %, 20276 MiB, 65, P2, 1935 MHz, 9501 MHz, 303.55 W, 0x0000000000000000
2026/08/28 13:48:47.008, 69 %, 20276 MiB, 66, P2, 1935 MHz, 9501 MHz, 310.13 W, 0x0000000000000000
2026/08/28 13:48:52.029, 69 %, 20288 MiB, 67, P2, 1935 MHz, 9501 MHz, 305.94 W, 0x0000000000000000
2026/08/28 13:48:57.049, 67 %, 20288 MiB, 68, P2, 1935 MHz, 9501 MHz, 282.04 W, 0x0000000000000000
2026/08/28 13:49:02.071, 69 %, 20288 MiB, 69, P2, 1935 MHz, 9501 MHz, 313.40 W, 0x0000000000000000
2026/08/28 13:49:07.090, 0 %, 82 MiB, 63, P0, 1935 MHz, 9751 MHz, 168.25 W, 0x0000000000000000
2026/08/28 13:49:12.107, 0 %, 18082 MiB, 60, P2, 1695 MHz, 9501 MHz, 133.75 W, 0x0000000000000000
2026/08/28 13:49:17.136, 100 %, 18082 MiB, 61, P2, 1950 MHz, 9501 MHz, 166.41 W, 0x0000000000000000
2026/08/28 13:49:22.158, 99 %, 18082 MiB, 61, P2, 1950 MHz, 9501 MHz, 165.39 W, 0x0000000000000000
2026/08/28 13:49:27.180, 65 %, 21828 MiB, 64, P2, 1935 MHz, 9501 MHz, 287.77 W, 0x0000000000000000
2026/08/28 13:49:32.201, 68 %, 21828 MiB, 67, P2, 1935 MHz, 9501 MHz, 283.56 W, 0x0000000000000000
2026/08/28 13:49:37.223, 99 %, 21834 MiB, 65, P2, 1815 MHz, 9501 MHz, 283.25 W, 0x0000000000000004
2026/08/28 13:49:42.247, 70 %, 21834 MiB, 69, P2, 1935 MHz, 9501 MHz, 317.26 W, 0x0000000000000000
2026/08/28 13:49:47.264, 42 %, 21834 MiB, 66, P2, 1935 MHz, 9501 MHz, 302.30 W, 0x0000000000000000
2026/08/28 13:49:52.286, 71 %, 21834 MiB, 71, P2, 1935 MHz, 9501 MHz, 326.63 W, 0x0000000000000000
2026/08/28 13:49:57.306, 0 %, 346 MiB, 63, P2, 1935 MHz, 9501 MHz, 150.98 W, 0x0000000000000000
2026/08/28 13:50:02.326, 100 %, 17618 MiB, 62, P2, 1935 MHz, 9501 MHz, 168.99 W, 0x0000000000000000
2026/08/28 13:50:07.350, 99 %, 17618 MiB, 62, P2, 1935 MHz, 9501 MHz, 167.90 W, 0x0000000000000000
2026/08/28 13:50:12.375, 39 %, 20276 MiB, 63, P2, 1935 MHz, 9501 MHz, 202.63 W, 0x0000000000000000
2026/08/28 13:50:17.394, 100 %, 20284 MiB, 62, P2, 1935 MHz, 9501 MHz, 232.26 W, 0x0000000000000004
2026/08/28 13:50:22.416, 66 %, 20288 MiB, 67, P2, 1935 MHz, 9501 MHz, 282.36 W, 0x0000000000000000
2026/08/28 13:50:27.438, 0 %, 82 MiB, 63, P0, 1935 MHz, 9751 MHz, 211.44 W, 0x0000000000000000
2026/08/28 13:50:32.456, 15 %, 346 MiB, 60, P2, 1695 MHz, 9501 MHz, 145.60 W, 0x0000000000000000
2026/08/28 13:50:37.477, 100 %, 18082 MiB, 60, P2, 1950 MHz, 9501 MHz, 165.77 W, 0x0000000000000000
2026/08/28 13:50:42.506, 100 %, 18082 MiB, 60, P2, 1950 MHz, 9501 MHz, 164.31 W, 0x0000000000000000
2026/08/28 13:50:47.531, 71 %, 21828 MiB, 65, P2, 1950 MHz, 9501 MHz, 273.16 W, 0x0000000000000000
2026/08/28 13:50:52.552, 67 %, 21834 MiB, 66, P2, 1935 MHz, 9501 MHz, 269.18 W, 0x0000000000000000
2026/08/28 13:50:57.573, 65 %, 21834 MiB, 63, P2, 1935 MHz, 9501 MHz, 258.30 W, 0x0000000000000000
2026/08/28 13:51:02.594, 0 %, 82 MiB, 62, P0, 1935 MHz, 9751 MHz, 168.73 W, 0x0000000000000000
2026/08/28 13:51:07.613, 0 %, 346 MiB, 59, P2, 1695 MHz, 9501 MHz, 132.96 W, 0x0000000000000000
2026/08/28 13:51:12.631, 100 %, 19044 MiB, 60, P2, 1950 MHz, 9501 MHz, 167.31 W, 0x0000000000000000
2026/08/28 13:51:17.655, 100 %, 19044 MiB, 60, P2, 1950 MHz, 9501 MHz, 166.55 W, 0x0000000000000000
2026/08/28 13:51:22.678, 78 %, 22286 MiB, 66, P2, 1935 MHz, 9501 MHz, 323.07 W, 0x0000000000000000
2026/08/28 13:51:27.697, 77 %, 22286 MiB, 66, P2, 1935 MHz, 9501 MHz, 288.07 W, 0x0000000000000004
2026/08/28 13:51:32.717, 66 %, 22292 MiB, 67, P2, 1935 MHz, 9501 MHz, 304.48 W, 0x0000000000000000
2026/08/28 13:51:37.741, 80 %, 22292 MiB, 68, P2, 1935 MHz, 9501 MHz, 320.37 W, 0x0000000000000004
2026/08/28 13:51:42.762, 71 %, 22292 MiB, 67, P2, 1935 MHz, 9501 MHz, 301.30 W, 0x0000000000000000
2026/08/28 13:51:47.786, 77 %, 22292 MiB, 70, P2, 1920 MHz, 9501 MHz, 318.30 W, 0x0000000000000004
2026/08/28 13:51:52.807, 0 %, 346 MiB, 63, P2, 1935 MHz, 9501 MHz, 168.71 W, 0x0000000000000000
2026/08/28 13:51:57.827, 100 %, 18082 MiB, 62, P2, 1935 MHz, 9501 MHz, 167.14 W, 0x0000000000000000
2026/08/28 13:52:02.852, 100 %, 18082 MiB, 61, P2, 1935 MHz, 9501 MHz, 166.96 W, 0x0000000000000000
2026/08/28 13:52:07.879, 71 %, 21828 MiB, 66, P2, 1935 MHz, 9501 MHz, 287.84 W, 0x0000000000000000
2026/08/28 13:52:12.898, 76 %, 21828 MiB, 68, P2, 1935 MHz, 9501 MHz, 306.81 W, 0x0000000000000000
2026/08/28 13:52:17.918, 77 %, 21830 MiB, 68, P2, 1935 MHz, 9501 MHz, 274.46 W, 0x0000000000000000
2026/08/28 13:52:22.939, 76 %, 21834 MiB, 67, P2, 1935 MHz, 9501 MHz, 231.08 W, 0x0000000000000000
2026/08/28 13:52:27.962, 70 %, 21834 MiB, 69, P2, 1935 MHz, 9501 MHz, 285.82 W, 0x0000000000000048
2026/08/28 13:52:32.982, 70 %, 21834 MiB, 68, P2, 1935 MHz, 9501 MHz, 287.71 W, 0x0000000000000000
2026/08/28 13:52:38.002, 0 %, 82 MiB, 65, P0, 1935 MHz, 9751 MHz, 175.81 W, 0x0000000000000000
2026/08/28 13:52:43.020, 0 %, 19044 MiB, 61, P2, 1695 MHz, 9501 MHz, 134.53 W, 0x0000000000000000
2026/08/28 13:52:48.048, 99 %, 19044 MiB, 62, P2, 1950 MHz, 9501 MHz, 170.77 W, 0x0000000000000000
2026/08/28 13:52:53.071, 99 %, 19044 MiB, 61, P2, 1950 MHz, 9501 MHz, 169.33 W, 0x0000000000000000
2026/08/28 13:52:58.096, 77 %, 22286 MiB, 66, P2, 1935 MHz, 9501 MHz, 284.82 W, 0x0000000000000004
2026/08/28 13:53:03.117, 76 %, 22292 MiB, 68, P2, 1950 MHz, 9501 MHz, 259.66 W, 0x0000000000000000
2026/08/28 13:53:08.138, 75 %, 22292 MiB, 68, P2, 1950 MHz, 9501 MHz, 265.88 W, 0x0000000000000000
2026/08/28 13:53:13.156, 0 %, 82 MiB, 63, P0, 1950 MHz, 9751 MHz, 172.32 W, 0x0000000000000001
2026/08/28 13:53:18.174, 100 %, 17618 MiB, 60, P2, 1950 MHz, 9501 MHz, 133.40 W, 0x0000000000000000
2026/08/28 13:53:23.194, 100 %, 17618 MiB, 60, P2, 1950 MHz, 9501 MHz, 156.96 W, 0x0000000000000000
2026/08/28 13:53:28.214, 66 %, 20276 MiB, 66, P2, 1935 MHz, 9501 MHz, 305.50 W, 0x0000000000000000
2026/08/28 13:53:33.236, 73 %, 20288 MiB, 62, P2, 1935 MHz, 9501 MHz, 225.11 W, 0x0000000000000000
2026/08/28 13:53:38.257, 68 %, 20288 MiB, 68, P2, 1935 MHz, 9501 MHz, 310.25 W, 0x0000000000000000
2026/08/28 13:53:43.277, 0 %, 346 MiB, 61, P2, 1950 MHz, 9501 MHz, 156.93 W, 0x0000000000000000
2026/08/28 13:53:48.295, 100 %, 20144 MiB, 60, P2, 1950 MHz, 9501 MHz, 163.92 W, 0x0000000000000000
2026/08/28 13:53:53.322, 99 %, 20144 MiB, 60, P2, 1950 MHz, 9501 MHz, 165.34 W, 0x0000000000000000
2026/08/28 13:53:58.347, 76 %, 20816 MiB, 66, P2, 1950 MHz, 9501 MHz, 324.83 W, 0x0000000000000000
2026/08/28 13:54:03.367, 76 %, 20816 MiB, 68, P2, 1950 MHz, 9501 MHz, 309.22 W, 0x0000000000000000
2026/08/28 13:54:08.385, 78 %, 20820 MiB, 66, P2, 1935 MHz, 9501 MHz, 280.78 W, 0x0000000000000004
2026/08/28 13:54:13.403, 80 %, 20824 MiB, 70, P2, 1935 MHz, 9501 MHz, 329.44 W, 0x0000000000000000
2026/08/28 13:54:18.421, 79 %, 20824 MiB, 70, P2, 1935 MHz, 9501 MHz, 326.38 W, 0x0000000000000000
2026/08/28 13:54:23.439, 62 %, 20824 MiB, 71, P2, 1935 MHz, 9501 MHz, 299.26 W, 0x0000000000000000
2026/08/28 13:54:28.460, 78 %, 392 MiB, 71, P2, 1935 MHz, 9501 MHz, 335.19 W, 0x0000000000000000
2026/08/28 13:54:33.480, 0 %, 346 MiB, 64, P2, 1950 MHz, 9501 MHz, 172.64 W, 0x0000000000000000
2026/08/28 13:54:38.503, 100 %, 17618 MiB, 62, P2, 1950 MHz, 9501 MHz, 171.30 W, 0x0000000000000000
2026/08/28 13:54:43.529, 100 %, 17618 MiB, 62, P2, 1950 MHz, 9501 MHz, 169.65 W, 0x0000000000000000
2026/08/28 13:54:48.553, 69 %, 20276 MiB, 67, P2, 1950 MHz, 9501 MHz, 314.51 W, 0x0000000000000000
2026/08/28 13:54:53.575, 68 %, 20276 MiB, 68, P2, 1950 MHz, 9501 MHz, 317.15 W, 0x0000000000000004
2026/08/28 13:54:58.595, 72 %, 20280 MiB, 68, P2, 1935 MHz, 9501 MHz, 314.92 W, 0x0000000000000000
2026/08/28 13:55:03.613, 69 %, 20288 MiB, 69, P2, 1935 MHz, 9501 MHz, 284.01 W, 0x0000000000000004
2026/08/28 13:55:08.636, 68 %, 20288 MiB, 69, P2, 1935 MHz, 9501 MHz, 312.89 W, 0x0000000000000000
2026/08/28 13:55:13.657, 72 %, 20288 MiB, 70, P2, 1935 MHz, 9501 MHz, 320.99 W, 0x0000000000000004
2026/08/28 13:55:18.677, 0 %, 346 MiB, 63, P2, 1950 MHz, 9501 MHz, 161.41 W, 0x0000000000000000
2026/08/28 13:55:23.698, 100 %, 20144 MiB, 62, P2, 1950 MHz, 9501 MHz, 170.57 W, 0x0000000000000000
2026/08/28 13:55:28.727, 100 %, 20144 MiB, 61, P2, 1950 MHz, 9501 MHz, 169.63 W, 0x0000000000000000
2026/08/28 13:55:33.753, 0 %, 20816 MiB, 63, P2, 1950 MHz, 9501 MHz, 199.00 W, 0x0000000000000000
2026/08/28 13:55:38.772, 78 %, 20820 MiB, 64, P2, 1950 MHz, 9501 MHz, 296.38 W, 0x0000000000000004
2026/08/28 13:55:43.792, 77 %, 20824 MiB, 69, P2, 1935 MHz, 9501 MHz, 324.88 W, 0x0000000000000004
2026/08/28 13:55:48.812, 78 %, 392 MiB, 67, P2, 1920 MHz, 9501 MHz, 293.86 W, 0x0000000000000004
2026/08/28 13:55:53.832, 0 %, 346 MiB, 62, P2, 1950 MHz, 9501 MHz, 169.50 W, 0x0000000000000000
2026/08/28 13:55:58.852, 100 %, 19362 MiB, 61, P2, 1950 MHz, 9501 MHz, 169.37 W, 0x0000000000000000
2026/08/28 13:56:03.878, 100 %, 19362 MiB, 60, P2, 1950 MHz, 9501 MHz, 168.19 W, 0x0000000000000000
2026/08/28 13:56:08.904, 80 %, 20768 MiB, 62, P2, 1950 MHz, 9501 MHz, 210.43 W, 0x0000000000000000
2026/08/28 13:56:13.922, 85 %, 20770 MiB, 63, P2, 1950 MHz, 9501 MHz, 224.13 W, 0x0000000000000000
2026/08/28 13:56:18.942, 84 %, 20770 MiB, 62, P2, 1950 MHz, 9501 MHz, 224.84 W, 0x0000000000000000
2026/08/28 13:56:23.962, 85 %, 20770 MiB, 63, P2, 1950 MHz, 9501 MHz, 226.06 W, 0x0000000000000000
2026/08/28 13:56:28.980, 85 %, 20772 MiB, 63, P2, 1950 MHz, 9501 MHz, 227.05 W, 0x0000000000000000
2026/08/28 13:56:33.998, 84 %, 20780 MiB, 63, P2, 1950 MHz, 9501 MHz, 228.68 W, 0x0000000000000000
2026/08/28 13:56:39.023, 30 %, 20780 MiB, 62, P2, 1950 MHz, 9501 MHz, 210.59 W, 0x0000000000000000
2026/08/28 13:56:44.046, 81 %, 20780 MiB, 63, P2, 1950 MHz, 9501 MHz, 217.45 W, 0x0000000000000004
2026/08/28 13:56:49.068, 84 %, 20780 MiB, 63, P2, 1950 MHz, 9501 MHz, 228.03 W, 0x0000000000000000
2026/08/28 13:56:54.085, 85 %, 20780 MiB, 63, P2, 1950 MHz, 9501 MHz, 225.77 W, 0x0000000000000000
2026/08/28 13:56:59.103, 84 %, 20780 MiB, 63, P2, 1950 MHz, 9501 MHz, 227.09 W, 0x0000000000000000
2026/08/28 13:57:04.122, 100 %, 82 MiB, 62, P2, 1950 MHz, 9501 MHz, 202.02 W, 0x0000000000000000
2026/08/28 13:57:09.151, 7 %, 346 MiB, 59, P2, 1695 MHz, 9501 MHz, 163.98 W, 0x0000000000000000
2026/08/28 13:57:14.176, 100 %, 19362 MiB, 60, P2, 1965 MHz, 9501 MHz, 166.80 W, 0x0000000000000000
2026/08/28 13:57:19.203, 100 %, 19362 MiB, 59, P2, 1965 MHz, 9501 MHz, 166.13 W, 0x0000000000000000
2026/08/28 13:57:24.225, 84 %, 20768 MiB, 61, P2, 1965 MHz, 9501 MHz, 227.05 W, 0x0000000000000000
2026/08/28 13:57:29.246, 85 %, 20770 MiB, 61, P2, 1965 MHz, 9501 MHz, 227.66 W, 0x0000000000000000
2026/08/28 13:57:34.267, 85 %, 20772 MiB, 62, P2, 1965 MHz, 9501 MHz, 225.37 W, 0x0000000000000000
2026/08/28 13:57:39.285, 81 %, 20772 MiB, 62, P2, 1965 MHz, 9501 MHz, 226.45 W, 0x0000000000000000
2026/08/28 13:57:44.305, 84 %, 20772 MiB, 62, P2, 1965 MHz, 9501 MHz, 215.34 W, 0x0000000000000000
2026/08/28 13:57:49.326, 85 %, 20772 MiB, 62, P2, 1965 MHz, 9501 MHz, 228.07 W, 0x0000000000000000
2026/08/28 13:57:54.348, 83 %, 20772 MiB, 63, P2, 1965 MHz, 9501 MHz, 228.25 W, 0x0000000000000004
2026/08/28 13:57:59.368, 82 %, 20772 MiB, 63, P2, 1950 MHz, 9501 MHz, 229.32 W, 0x0000000000000000
2026/08/28 13:58:04.388, 73 %, 20780 MiB, 61, P2, 1950 MHz, 9501 MHz, 207.66 W, 0x0000000000000000
2026/08/28 13:58:09.408, 85 %, 20780 MiB, 63, P2, 1950 MHz, 9501 MHz, 231.98 W, 0x0000000000000000
2026/08/28 13:58:14.426, 82 %, 20780 MiB, 64, P2, 1950 MHz, 9501 MHz, 230.16 W, 0x0000000000000000
2026/08/28 13:58:19.445, 83 %, 20780 MiB, 63, P2, 1950 MHz, 9501 MHz, 229.25 W, 0x0000000000000000
2026/08/28 13:58:24.463, 70 %, 20780 MiB, 63, P2, 1950 MHz, 9501 MHz, 222.08 W, 0x0000000000000000
2026/08/28 13:58:29.482, 77 %, 20780 MiB, 63, P2, 1950 MHz, 9501 MHz, 228.86 W, 0x0000000000000000
2026/08/28 13:58:34.502, 83 %, 20780 MiB, 64, P2, 1950 MHz, 9501 MHz, 229.37 W, 0x0000000000000000
2026/08/28 13:58:39.523, 83 %, 20780 MiB, 64, P2, 1950 MHz, 9501 MHz, 225.16 W, 0x0000000000000000
2026/08/28 13:58:44.545, 81 %, 20780 MiB, 64, P2, 1950 MHz, 9501 MHz, 226.20 W, 0x0000000000000000
2026/08/28 13:58:49.567, 84 %, 20780 MiB, 64, P2, 1950 MHz, 9501 MHz, 228.80 W, 0x0000000000000000
2026/08/28 13:58:54.586, 83 %, 20780 MiB, 64, P2, 1950 MHz, 9501 MHz, 227.28 W, 0x0000000000000000
2026/08/28 13:58:59.606, 83 %, 20780 MiB, 64, P2, 1950 MHz, 9501 MHz, 225.87 W, 0x0000000000000000
2026/08/28 13:59:04.625, 0 %, 598 MiB, 60, P2, 1695 MHz, 9751 MHz, 145.54 W, 0x0000000000000000
2026/08/28 13:59:09.646, 100 %, 20144 MiB, 61, P2, 1950 MHz, 9501 MHz, 166.72 W, 0x0000000000000000
2026/08/28 13:59:14.670, 100 %, 20144 MiB, 60, P2, 1950 MHz, 9501 MHz, 166.25 W, 0x0000000000000000
2026/08/28 13:59:19.696, 99 %, 20800 MiB, 60, P2, 1950 MHz, 9501 MHz, 165.93 W, 0x0000000000000000
2026/08/28 13:59:24.715, 77 %, 20816 MiB, 67, P2, 1950 MHz, 9501 MHz, 328.20 W, 0x0000000000000004
2026/08/28 13:59:29.734, 79 %, 20824 MiB, 68, P2, 1950 MHz, 9501 MHz, 267.62 W, 0x0000000000000004
2026/08/28 13:59:34.754, 77 %, 20824 MiB, 69, P2, 1935 MHz, 9501 MHz, 326.76 W, 0x0000000000000004
2026/08/28 13:59:39.774, 6 %, 346 MiB, 62, P2, 1950 MHz, 9501 MHz, 163.39 W, 0x0000000000000000
2026/08/28 13:59:44.794, 100 %, 19362 MiB, 61, P2, 1950 MHz, 9501 MHz, 168.15 W, 0x0000000000000000
2026/08/28 13:59:49.817, 100 %, 19362 MiB, 61, P2, 1950 MHz, 9501 MHz, 167.11 W, 0x0000000000000000
2026/08/28 13:59:54.838, 0 %, 20768 MiB, 60, P2, 1950 MHz, 9501 MHz, 168.71 W, 0x0000000000000000
2026/08/28 13:59:59.858, 81 %, 20770 MiB, 63, P2, 1950 MHz, 9501 MHz, 227.13 W, 0x0000000000000000
2026/08/28 14:00:04.876, 84 %, 20772 MiB, 63, P2, 1950 MHz, 9501 MHz, 224.46 W, 0x0000000000000000
2026/08/28 14:00:09.896, 82 %, 20772 MiB, 63, P2, 1950 MHz, 9501 MHz, 225.39 W, 0x0000000000000000
2026/08/28 14:00:14.914, 85 %, 20772 MiB, 63, P2, 1950 MHz, 9501 MHz, 230.71 W, 0x0000000000000000
2026/08/28 14:00:19.935, 80 %, 20772 MiB, 63, P2, 1950 MHz, 9501 MHz, 227.93 W, 0x0000000000000000
2026/08/28 14:00:24.956, 85 %, 20772 MiB, 64, P2, 1950 MHz, 9501 MHz, 228.16 W, 0x0000000000000000
2026/08/28 14:00:29.978, 80 %, 20772 MiB, 63, P2, 1950 MHz, 9501 MHz, 216.46 W, 0x0000000000000004
2026/08/28 14:00:35.001, 84 %, 20774 MiB, 64, P2, 1950 MHz, 9501 MHz, 234.18 W, 0x0000000000000000
2026/08/28 14:00:40.021, 82 %, 20780 MiB, 64, P2, 1950 MHz, 9501 MHz, 230.32 W, 0x0000000000000000
2026/08/28 14:00:45.041, 80 %, 20780 MiB, 63, P2, 1950 MHz, 9501 MHz, 223.65 W, 0x0000000000000000
2026/08/28 14:00:50.059, 81 %, 20780 MiB, 64, P2, 1950 MHz, 9501 MHz, 232.96 W, 0x0000000000000000
2026/08/28 14:00:55.078, 84 %, 20780 MiB, 64, P2, 1950 MHz, 9501 MHz, 230.99 W, 0x0000000000000000
2026/08/28 14:01:00.097, 82 %, 20780 MiB, 64, P2, 1950 MHz, 9501 MHz, 231.97 W, 0x0000000000000000
2026/08/28 14:01:05.119, 87 %, 20780 MiB, 64, P2, 1950 MHz, 9501 MHz, 222.06 W, 0x0000000000000000
2026/08/28 14:01:10.140, 84 %, 20780 MiB, 63, P2, 1950 MHz, 9501 MHz, 233.34 W, 0x0000000000000000
2026/08/28 14:01:15.159, 82 %, 20780 MiB, 65, P2, 1950 MHz, 9501 MHz, 230.61 W, 0x0000000000000000
2026/08/28 14:01:20.179, 82 %, 20780 MiB, 65, P2, 1950 MHz, 9501 MHz, 230.09 W, 0x0000000000000000
2026/08/28 14:01:25.199, 82 %, 20780 MiB, 64, P2, 1950 MHz, 9501 MHz, 224.91 W, 0x0000000000000000
2026/08/28 14:01:30.221, 83 %, 20780 MiB, 65, P2, 1950 MHz, 9501 MHz, 227.20 W, 0x0000000000000000
2026/08/28 14:01:35.242, 0 %, 82 MiB, 62, P0, 1950 MHz, 9751 MHz, 170.21 W, 0x0000000000000000
2026/08/28 14:01:40.263, 100 %, 20144 MiB, 61, P2, 1950 MHz, 9501 MHz, 146.67 W, 0x0000000000000000
2026/08/28 14:01:45.286, 99 %, 20144 MiB, 61, P2, 1950 MHz, 9501 MHz, 166.93 W, 0x0000000000000000
2026/08/28 14:01:50.313, 100 %, 20144 MiB, 60, P2, 1950 MHz, 9501 MHz, 166.31 W, 0x0000000000000000
2026/08/28 14:01:55.336, 32 %, 20816 MiB, 67, P2, 1950 MHz, 9501 MHz, 297.83 W, 0x0000000000000004
2026/08/28 14:02:00.355, 75 %, 20816 MiB, 69, P2, 1935 MHz, 9501 MHz, 328.02 W, 0x0000000000000004
2026/08/28 14:02:05.372, 77 %, 20820 MiB, 70, P2, 1935 MHz, 9501 MHz, 332.67 W, 0x0000000000000004
2026/08/28 14:02:10.393, 78 %, 20824 MiB, 70, P2, 1935 MHz, 9501 MHz, 275.71 W, 0x0000000000000004
2026/08/28 14:02:15.414, 78 %, 20824 MiB, 69, P2, 1935 MHz, 9501 MHz, 307.93 W, 0x0000000000000004
2026/08/28 14:02:20.435, 78 %, 20824 MiB, 73, P2, 1935 MHz, 9501 MHz, 336.64 W, 0x0000000000000004
2026/08/28 14:02:25.455, 0 %, 82 MiB, 66, P0, 1935 MHz, 9751 MHz, 167.10 W, 0x0000000000000000
2026/08/28 14:02:30.477, 100 %, 19362 MiB, 63, P2, 1950 MHz, 9501 MHz, 145.23 W, 0x0000000000000000
2026/08/28 14:02:35.501, 99 %, 19362 MiB, 62, P2, 1950 MHz, 9501 MHz, 171.84 W, 0x0000000000000000
2026/08/28 14:02:40.526, 100 %, 19362 MiB, 61, P2, 1950 MHz, 9501 MHz, 170.85 W, 0x0000000000000000
2026/08/28 14:02:45.552, 84 %, 20768 MiB, 63, P2, 1950 MHz, 9501 MHz, 227.19 W, 0x0000000000000000
2026/08/28 14:02:50.572, 84 %, 20770 MiB, 63, P2, 1950 MHz, 9501 MHz, 228.15 W, 0x0000000000000000
2026/08/28 14:02:55.592, 84 %, 20770 MiB, 64, P2, 1950 MHz, 9501 MHz, 227.22 W, 0x0000000000000000
2026/08/28 14:03:00.613, 82 %, 20770 MiB, 63, P2, 1950 MHz, 9501 MHz, 230.27 W, 0x0000000000000000
2026/08/28 14:03:05.632, 81 %, 20778 MiB, 64, P2, 1950 MHz, 9501 MHz, 228.04 W, 0x0000000000000004
2026/08/28 14:03:10.652, 79 %, 20780 MiB, 63, P2, 1950 MHz, 9501 MHz, 231.05 W, 0x0000000000000004
2026/08/28 14:03:15.672, 85 %, 20780 MiB, 63, P2, 1950 MHz, 9501 MHz, 228.17 W, 0x0000000000000000
2026/08/28 14:03:20.692, 83 %, 20780 MiB, 63, P2, 1950 MHz, 9501 MHz, 225.90 W, 0x0000000000000000
2026/08/28 14:03:25.712, 84 %, 20780 MiB, 63, P2, 1950 MHz, 9501 MHz, 227.71 W, 0x0000000000000000
2026/08/28 14:03:30.730, 85 %, 20780 MiB, 63, P2, 1950 MHz, 9501 MHz, 226.13 W, 0x0000000000000000
2026/08/28 14:03:35.751, 82 %, 20780 MiB, 63, P2, 1950 MHz, 9501 MHz, 227.65 W, 0x0000000000000000
2026/08/28 14:03:40.805, 0 %, 99 MiB, 58, P0, 1695 MHz, 9751 MHz, 147.30 W, 0x0000000000000024
2026/08/28 14:03:45.826, 100 %, 19044 MiB, 59, P2, 1965 MHz, 9501 MHz, 161.32 W, 0x0000000000000000
2026/08/28 14:03:50.849, 100 %, 19044 MiB, 59, P2, 1965 MHz, 9501 MHz, 166.54 W, 0x0000000000000000
2026/08/28 14:03:55.881, 100 %, 19044 MiB, 59, P2, 1965 MHz, 9501 MHz, 166.06 W, 0x0000000000000000
2026/08/28 14:04:00.904, 78 %, 22286 MiB, 66, P2, 1950 MHz, 9501 MHz, 329.33 W, 0x0000000000000004
2026/08/28 14:04:05.926, 66 %, 22292 MiB, 61, P2, 1950 MHz, 9501 MHz, 243.27 W, 0x0000000000000000
2026/08/28 14:04:10.948, 76 %, 22292 MiB, 67, P2, 1950 MHz, 9501 MHz, 324.92 W, 0x0000000000000004
2026/08/28 14:04:15.968, 0 %, 346 MiB, 61, P2, 1965 MHz, 9501 MHz, 157.03 W, 0x0000000000000000
2026/08/28 14:04:20.988, 100 %, 17618 MiB, 60, P2, 1965 MHz, 9501 MHz, 167.04 W, 0x0000000000000000
2026/08/28 14:04:26.010, 99 %, 17618 MiB, 59, P2, 1965 MHz, 9501 MHz, 166.38 W, 0x0000000000000000
2026/08/28 14:04:31.032, 34 %, 20276 MiB, 62, P2, 1965 MHz, 9501 MHz, 188.62 W, 0x0000000000000000
2026/08/28 14:04:36.052, 69 %, 20276 MiB, 65, P2, 1950 MHz, 9501 MHz, 280.04 W, 0x0000000000000000
2026/08/28 14:04:41.071, 24 %, 20280 MiB, 66, P2, 1950 MHz, 9501 MHz, 274.74 W, 0x0000000000000000
2026/08/28 14:04:46.092, 70 %, 20288 MiB, 64, P2, 1950 MHz, 9501 MHz, 286.64 W, 0x0000000000000004
2026/08/28 14:04:51.112, 69 %, 20288 MiB, 68, P2, 1950 MHz, 9501 MHz, 285.93 W, 0x0000000000000004
2026/08/28 14:04:56.132, 68 %, 20288 MiB, 69, P2, 1935 MHz, 9501 MHz, 286.33 W, 0x0000000000000004
2026/08/28 14:05:01.152, 0 %, 100 MiB, 60, P0, 405 MHz, 5001 MHz, 141.60 W, 0x0000000000000000
2026/08/28 14:05:06.175, 100 %, 19044 MiB, 62, P2, 1950 MHz, 9501 MHz, 159.12 W, 0x0000000000000000
2026/08/28 14:05:11.199, 100 %, 19044 MiB, 61, P2, 1950 MHz, 9501 MHz, 167.75 W, 0x0000000000000000
2026/08/28 14:05:16.228, 99 %, 19044 MiB, 60, P2, 1950 MHz, 9501 MHz, 167.29 W, 0x0000000000000000
2026/08/28 14:05:21.253, 79 %, 22286 MiB, 68, P2, 1950 MHz, 9501 MHz, 330.93 W, 0x0000000000000004
2026/08/28 14:05:26.275, 78 %, 22286 MiB, 69, P2, 1935 MHz, 9501 MHz, 333.50 W, 0x0000000000000004
2026/08/28 14:05:31.297, 74 %, 22292 MiB, 69, P2, 1935 MHz, 9501 MHz, 331.02 W, 0x0000000000000004
2026/08/28 14:05:36.317, 77 %, 22292 MiB, 70, P2, 1935 MHz, 9501 MHz, 333.56 W, 0x0000000000000004
2026/08/28 14:05:41.338, 75 %, 22292 MiB, 71, P2, 1935 MHz, 9501 MHz, 331.29 W, 0x0000000000000004
2026/08/28 14:05:46.359, 0 %, 82 MiB, 65, P0, 1935 MHz, 9751 MHz, 170.91 W, 0x0000000000000000
2026/08/28 14:05:51.379, 0 %, 17618 MiB, 61, P2, 1695 MHz, 9501 MHz, 134.12 W, 0x0000000000000000
2026/08/28 14:05:56.401, 100 %, 17618 MiB, 62, P2, 1950 MHz, 9501 MHz, 170.64 W, 0x0000000000000000
2026/08/28 14:06:01.424, 100 %, 17618 MiB, 61, P2, 1950 MHz, 9501 MHz, 169.40 W, 0x0000000000000000
2026/08/28 14:06:06.449, 68 %, 20276 MiB, 67, P2, 1950 MHz, 9501 MHz, 275.10 W, 0x0000000000000004
2026/08/28 14:06:11.471, 70 %, 20288 MiB, 68, P2, 1950 MHz, 9501 MHz, 312.53 W, 0x0000000000000000
2026/08/28 14:06:16.491, 70 %, 20288 MiB, 68, P2, 1950 MHz, 9501 MHz, 309.42 W, 0x0000000000000004
2026/08/28 14:06:21.510, 0 %, 346 MiB, 60, P2, 1695 MHz, 9751 MHz, 151.56 W, 0x0000000000000000
2026/08/28 14:06:26.532, 100 %, 18082 MiB, 61, P2, 1950 MHz, 9501 MHz, 168.33 W, 0x0000000000000000
2026/08/28 14:06:31.558, 100 %, 18082 MiB, 60, P2, 1950 MHz, 9501 MHz, 167.34 W, 0x0000000000000000
2026/08/28 14:06:36.585, 99 %, 21760 MiB, 60, P2, 1950 MHz, 9501 MHz, 167.30 W, 0x0000000000000000
2026/08/28 14:06:41.603, 68 %, 21828 MiB, 66, P2, 1950 MHz, 9501 MHz, 312.53 W, 0x0000000000000004
2026/08/28 14:06:46.622, 69 %, 21834 MiB, 62, P2, 1950 MHz, 9501 MHz, 221.11 W, 0x0000000000000000
2026/08/28 14:06:51.642, 68 %, 21834 MiB, 68, P2, 1950 MHz, 9501 MHz, 317.71 W, 0x0000000000000004
2026/08/28 14:06:56.663, 0 %, 346 MiB, 61, P2, 1950 MHz, 9751 MHz, 146.39 W, 0x0000000000000000
2026/08/28 14:07:01.681, 99 %, 18082 MiB, 60, P2, 1950 MHz, 9501 MHz, 167.29 W, 0x0000000000000000
2026/08/28 14:07:06.707, 99 %, 18082 MiB, 60, P2, 1950 MHz, 9501 MHz, 166.68 W, 0x0000000000000000
2026/08/28 14:07:11.734, 99 %, 21760 MiB, 59, P2, 1950 MHz, 9501 MHz, 166.87 W, 0x0000000000000000
2026/08/28 14:07:16.752, 44 %, 21828 MiB, 63, P2, 1950 MHz, 9501 MHz, 299.97 W, 0x0000000000000004
2026/08/28 14:07:21.773, 69 %, 21828 MiB, 67, P2, 1950 MHz, 9501 MHz, 319.35 W, 0x0000000000000004
2026/08/28 14:07:26.792, 71 %, 21834 MiB, 67, P2, 1950 MHz, 9501 MHz, 312.49 W, 0x0000000000000004
2026/08/28 14:07:31.813, 68 %, 21834 MiB, 68, P2, 1935 MHz, 9501 MHz, 311.41 W, 0x0000000000000004
2026/08/28 14:07:36.831, 72 %, 21834 MiB, 69, P2, 1935 MHz, 9501 MHz, 317.06 W, 0x0000000000000004
2026/08/28 14:07:41.853, 71 %, 414 MiB, 71, P2, 1935 MHz, 9501 MHz, 326.48 W, 0x0000000000000004
2026/08/28 14:07:46.873, 6 %, 346 MiB, 63, P2, 1950 MHz, 9501 MHz, 170.15 W, 0x0000000000000000
2026/08/28 14:07:51.894, 99 %, 19362 MiB, 62, P2, 1950 MHz, 9501 MHz, 169.73 W, 0x0000000000000000
2026/08/28 14:07:56.921, 100 %, 19362 MiB, 61, P2, 1950 MHz, 9501 MHz, 168.63 W, 0x0000000000000000
2026/08/28 14:08:01.945, 85 %, 20768 MiB, 62, P2, 1950 MHz, 9501 MHz, 212.03 W, 0x0000000000000000
2026/08/28 14:08:06.968, 83 %, 20770 MiB, 63, P2, 1950 MHz, 9501 MHz, 226.59 W, 0x0000000000000000
2026/08/28 14:08:11.986, 82 %, 20772 MiB, 63, P2, 1950 MHz, 9501 MHz, 227.21 W, 0x0000000000000000
2026/08/28 14:08:17.008, 85 %, 20772 MiB, 63, P2, 1950 MHz, 9501 MHz, 226.62 W, 0x0000000000000000
2026/08/28 14:08:22.028, 83 %, 20772 MiB, 62, P2, 1950 MHz, 9501 MHz, 222.12 W, 0x0000000000000000
2026/08/28 14:08:27.049, 85 %, 20772 MiB, 63, P2, 1950 MHz, 9501 MHz, 224.59 W, 0x0000000000000000
2026/08/28 14:08:32.068, 84 %, 20772 MiB, 63, P2, 1950 MHz, 9501 MHz, 228.64 W, 0x0000000000000000
2026/08/28 14:08:37.089, 84 %, 20772 MiB, 63, P2, 1950 MHz, 9501 MHz, 230.83 W, 0x0000000000000000
2026/08/28 14:08:42.112, 83 %, 20778 MiB, 63, P2, 1950 MHz, 9501 MHz, 225.93 W, 0x0000000000000000
2026/08/28 14:08:47.135, 78 %, 20780 MiB, 63, P2, 1950 MHz, 9501 MHz, 230.80 W, 0x0000000000000000
2026/08/28 14:08:52.154, 81 %, 20780 MiB, 64, P2, 1950 MHz, 9501 MHz, 228.68 W, 0x0000000000000000
2026/08/28 14:08:57.172, 84 %, 20780 MiB, 64, P2, 1950 MHz, 9501 MHz, 227.40 W, 0x0000000000000000
2026/08/28 14:09:02.190, 85 %, 20780 MiB, 63, P2, 1950 MHz, 9501 MHz, 225.33 W, 0x0000000000000000
2026/08/28 14:09:07.209, 83 %, 20780 MiB, 64, P2, 1950 MHz, 9501 MHz, 230.43 W, 0x0000000000000000
2026/08/28 14:09:12.229, 84 %, 20780 MiB, 63, P2, 1950 MHz, 9501 MHz, 229.47 W, 0x0000000000000000
2026/08/28 14:09:17.251, 82 %, 20780 MiB, 64, P2, 1950 MHz, 9501 MHz, 224.53 W, 0x0000000000000000
2026/08/28 14:09:22.270, 85 %, 20780 MiB, 64, P2, 1950 MHz, 9501 MHz, 227.32 W, 0x0000000000000000
2026/08/28 14:09:27.290, 82 %, 20780 MiB, 64, P2, 1950 MHz, 9501 MHz, 226.27 W, 0x0000000000000000
2026/08/28 14:09:32.320, 79 %, 20780 MiB, 64, P2, 1950 MHz, 9501 MHz, 226.35 W, 0x0000000000000000
2026/08/28 14:09:37.338, 83 %, 20780 MiB, 64, P2, 1950 MHz, 9501 MHz, 227.50 W, 0x0000000000000000
2026/08/28 14:09:42.357, 0 %, 346 MiB, 58, P0, 990 MHz, 5001 MHz, 141.88 W, 0x0000000000000000
2026/08/28 14:09:47.376, 99 %, 19362 MiB, 60, P2, 1950 MHz, 9501 MHz, 166.43 W, 0x0000000000000000
2026/08/28 14:09:52.399, 100 %, 19362 MiB, 60, P2, 1950 MHz, 9501 MHz, 166.38 W, 0x0000000000000000
2026/08/28 14:09:57.425, 100 %, 20502 MiB, 60, P2, 1950 MHz, 9501 MHz, 165.63 W, 0x0000000000000000
2026/08/28 14:10:02.449, 84 %, 20770 MiB, 62, P2, 1950 MHz, 9501 MHz, 223.00 W, 0x0000000000000000
2026/08/28 14:10:07.468, 76 %, 20770 MiB, 62, P2, 1950 MHz, 9501 MHz, 211.55 W, 0x0000000000000000
2026/08/28 14:10:12.486, 80 %, 20770 MiB, 63, P2, 1950 MHz, 9501 MHz, 227.14 W, 0x0000000000000000
2026/08/28 14:10:17.504, 83 %, 20772 MiB, 63, P2, 1950 MHz, 9501 MHz, 223.43 W, 0x0000000000000000
2026/08/28 14:10:22.525, 84 %, 20778 MiB, 63, P2, 1950 MHz, 9501 MHz, 204.71 W, 0x0000000000000000
2026/08/28 14:10:27.546, 84 %, 20780 MiB, 63, P2, 1950 MHz, 9501 MHz, 232.75 W, 0x0000000000000000
2026/08/28 14:10:32.565, 84 %, 20780 MiB, 63, P2, 1950 MHz, 9501 MHz, 231.15 W, 0x0000000000000000
2026/08/28 14:10:37.585, 84 %, 20780 MiB, 63, P2, 1950 MHz, 9501 MHz, 226.51 W, 0x0000000000000000
2026/08/28 14:10:42.605, 83 %, 20780 MiB, 64, P2, 1950 MHz, 9501 MHz, 225.93 W, 0x0000000000000000
2026/08/28 14:10:47.626, 83 %, 20780 MiB, 63, P2, 1950 MHz, 9501 MHz, 227.71 W, 0x0000000000000000
2026/08/28 14:10:52.648, 62 %, 20780 MiB, 63, P2, 1950 MHz, 9501 MHz, 221.28 W, 0x0000000000000004
2026/08/28 14:10:57.667, 0 %, 346 MiB, 59, P0, 1890 MHz, 9751 MHz, 142.10 W, 0x0000000000000000
2026/08/28 14:11:02.688, 100 %, 20144 MiB, 60, P2, 1965 MHz, 9501 MHz, 166.84 W, 0x0000000000000000
2026/08/28 14:11:07.714, 100 %, 20144 MiB, 60, P2, 1965 MHz, 9501 MHz, 166.42 W, 0x0000000000000000
2026/08/28 14:11:12.741, 15 %, 20800 MiB, 60, P2, 1965 MHz, 9501 MHz, 169.22 W, 0x0000000000000000
2026/08/28 14:11:17.762, 78 %, 20816 MiB, 67, P2, 1950 MHz, 9501 MHz, 324.77 W, 0x0000000000000000
2026/08/28 14:11:22.782, 76 %, 20824 MiB, 68, P2, 1950 MHz, 9501 MHz, 268.34 W, 0x0000000000000000
2026/08/28 14:11:27.801, 77 %, 20824 MiB, 69, P2, 1935 MHz, 9501 MHz, 329.60 W, 0x0000000000000004
2026/08/28 14:11:32.821, 0 %, 346 MiB, 62, P2, 1950 MHz, 9501 MHz, 157.03 W, 0x0000000000000000
2026/08/28 14:11:37.841, 99 %, 17618 MiB, 61, P2, 1950 MHz, 9501 MHz, 167.75 W, 0x0000000000000000
2026/08/28 14:11:42.865, 99 %, 17618 MiB, 60, P2, 1950 MHz, 9501 MHz, 166.88 W, 0x0000000000000000
2026/08/28 14:11:47.892, 71 %, 20276 MiB, 65, P2, 1950 MHz, 9501 MHz, 251.25 W, 0x0000000000000000
2026/08/28 14:11:52.914, 70 %, 20276 MiB, 67, P2, 1950 MHz, 9501 MHz, 305.44 W, 0x0000000000000004
2026/08/28 14:11:57.935, 68 %, 20280 MiB, 68, P2, 1950 MHz, 9501 MHz, 282.70 W, 0x0000000000000004
2026/08/28 14:12:02.956, 76 %, 20288 MiB, 65, P2, 1950 MHz, 9501 MHz, 216.53 W, 0x0000000000000000
2026/08/28 14:12:07.975, 70 %, 20288 MiB, 68, P2, 1935 MHz, 9501 MHz, 279.21 W, 0x0000000000000004
2026/08/28 14:12:12.996, 68 %, 20288 MiB, 70, P2, 1935 MHz, 9501 MHz, 287.36 W, 0x0000000000000004
2026/08/28 14:12:18.168, 0 %, 346 MiB, 61, P0, 1695 MHz, 9751 MHz, 139.16 W, 0x0000000000000000
2026/08/28 14:12:23.187, 100 %, 20144 MiB, 62, P2, 1950 MHz, 9501 MHz, 169.93 W, 0x0000000000000000
2026/08/28 14:12:28.210, 100 %, 20144 MiB, 62, P2, 1950 MHz, 9501 MHz, 169.15 W, 0x0000000000000000
2026/08/28 14:12:33.233, 100 %, 20144 MiB, 61, P2, 1950 MHz, 9501 MHz, 168.40 W, 0x0000000000000000
2026/08/28 14:12:38.251, 79 %, 20816 MiB, 68, P2, 1935 MHz, 9501 MHz, 327.30 W, 0x0000000000000004
2026/08/28 14:12:43.270, 80 %, 20816 MiB, 69, P2, 1935 MHz, 9501 MHz, 298.14 W, 0x0000000000000004
2026/08/28 14:12:48.290, 69 %, 20824 MiB, 68, P2, 1935 MHz, 9501 MHz, 310.93 W, 0x0000000000000004
2026/08/28 14:12:53.313, 75 %, 20824 MiB, 71, P2, 1935 MHz, 9501 MHz, 334.83 W, 0x0000000000000004
2026/08/28 14:12:58.331, 78 %, 20824 MiB, 73, P2, 1935 MHz, 9501 MHz, 320.46 W, 0x0000000000000004
2026/08/28 14:13:03.349, 76 %, 20824 MiB, 73, P2, 1920 MHz, 9501 MHz, 297.25 W, 0x0000000000000004
2026/08/28 14:13:08.370, 0 %, 346 MiB, 63, P0, 675 MHz, 5001 MHz, 152.74 W, 0x0000000000000024
2026/08/28 14:13:13.389, 100 %, 17618 MiB, 63, P2, 1950 MHz, 9501 MHz, 172.11 W, 0x0000000000000000
2026/08/28 14:13:18.413, 100 %, 17618 MiB, 62, P2, 1950 MHz, 9501 MHz, 171.61 W, 0x0000000000000000
2026/08/28 14:13:23.437, 100 %, 20244 MiB, 61, P2, 1950 MHz, 9501 MHz, 171.27 W, 0x0000000000000000
2026/08/28 14:13:28.458, 69 %, 20276 MiB, 67, P2, 1935 MHz, 9501 MHz, 309.57 W, 0x0000000000000000
2026/08/28 14:13:33.475, 68 %, 20288 MiB, 67, P2, 1950 MHz, 9501 MHz, 220.05 W, 0x0000000000000000
2026/08/28 14:13:38.495, 70 %, 20288 MiB, 68, P2, 1935 MHz, 9501 MHz, 313.30 W, 0x0000000000000000
2026/08/28 14:13:43.514, 0 %, 346 MiB, 62, P2, 1950 MHz, 9501 MHz, 169.26 W, 0x0000000000000000
2026/08/28 14:13:48.533, 100 %, 19044 MiB, 61, P2, 1950 MHz, 9501 MHz, 168.85 W, 0x0000000000000000
2026/08/28 14:13:53.559, 100 %, 19044 MiB, 60, P2, 1950 MHz, 9501 MHz, 168.02 W, 0x0000000000000000
2026/08/28 14:13:58.582, 41 %, 22286 MiB, 60, P2, 1950 MHz, 9501 MHz, 172.49 W, 0x0000000000000000
2026/08/28 14:14:03.603, 46 %, 22292 MiB, 63, P2, 1950 MHz, 9501 MHz, 300.36 W, 0x0000000000000004
2026/08/28 14:14:08.623, 73 %, 22292 MiB, 66, P2, 1950 MHz, 9501 MHz, 295.20 W, 0x0000000000000004
2026/08/28 14:14:13.641, 100 %, 82 MiB, 63, P0, 1935 MHz, 9501 MHz, 228.46 W, 0x0000000000000000
2026/08/28 14:14:18.658, 36 %, 346 MiB, 59, P2, 1695 MHz, 9501 MHz, 150.44 W, 0x0000000000000000
2026/08/28 14:14:23.677, 100 %, 18082 MiB, 59, P2, 1950 MHz, 9501 MHz, 156.07 W, 0x0000000000000000
2026/08/28 14:14:28.697, 73 %, 21828 MiB, 65, P2, 1950 MHz, 9501 MHz, 312.56 W, 0x0000000000000000
2026/08/28 14:14:33.716, 74 %, 21828 MiB, 67, P2, 1950 MHz, 9501 MHz, 315.44 W, 0x0000000000000004
2026/08/28 14:14:38.735, 72 %, 21830 MiB, 68, P2, 1935 MHz, 9501 MHz, 273.49 W, 0x0000000000000000
2026/08/28 14:14:43.755, 70 %, 21834 MiB, 67, P2, 1935 MHz, 9501 MHz, 244.57 W, 0x0000000000000004
2026/08/28 14:14:48.776, 71 %, 21834 MiB, 69, P2, 1935 MHz, 9501 MHz, 283.61 W, 0x0000000000000004
2026/08/28 14:14:53.794, 76 %, 21834 MiB, 70, P2, 1935 MHz, 9501 MHz, 289.72 W, 0x0000000000000004
2026/08/28 14:14:58.813, 0 %, 82 MiB, 64, P0, 1935 MHz, 9751 MHz, 164.29 W, 0x0000000000000000
2026/08/28 14:15:03.832, 100 %, 19044 MiB, 60, P2, 1695 MHz, 9501 MHz, 132.10 W, 0x0000000000000000
2026/08/28 14:15:08.856, 100 %, 19044 MiB, 61, P2, 1950 MHz, 9501 MHz, 157.12 W, 0x0000000000000000
2026/08/28 14:15:13.879, 77 %, 22286 MiB, 67, P2, 1935 MHz, 9501 MHz, 325.66 W, 0x0000000000000004
2026/08/28 14:15:18.899, 52 %, 22286 MiB, 65, P2, 1905 MHz, 9501 MHz, 296.73 W, 0x0000000000000004
2026/08/28 14:15:23.920, 40 %, 22292 MiB, 67, P2, 1935 MHz, 9501 MHz, 311.39 W, 0x0000000000000004
2026/08/28 14:15:28.943, 75 %, 22292 MiB, 70, P2, 1935 MHz, 9501 MHz, 327.86 W, 0x0000000000000004
2026/08/28 14:15:33.964, 78 %, 22292 MiB, 71, P2, 1935 MHz, 9501 MHz, 291.51 W, 0x0000000000000004
2026/08/28 14:15:38.984, 82 %, 22292 MiB, 72, P2, 1920 MHz, 9501 MHz, 325.70 W, 0x0000000000000004
2026/08/28 14:15:44.003, 0 %, 346 MiB, 64, P2, 1935 MHz, 9501 MHz, 169.08 W, 0x0000000000000000
2026/08/28 14:15:49.022, 99 %, 18082 MiB, 62, P2, 1950 MHz, 9501 MHz, 159.26 W, 0x0000000000000000
2026/08/28 14:15:54.044, 48 %, 21828 MiB, 65, P2, 1950 MHz, 9501 MHz, 206.10 W, 0x0000000000000004
2026/08/28 14:15:59.064, 47 %, 21830 MiB, 68, P2, 1935 MHz, 9501 MHz, 310.76 W, 0x0000000000000000
2026/08/28 14:16:04.084, 69 %, 21834 MiB, 68, P2, 1935 MHz, 9501 MHz, 306.92 W, 0x0000000000000000
2026/08/28 14:16:09.100, 72 %, 21834 MiB, 69, P2, 1935 MHz, 9501 MHz, 316.01 W, 0x0000000000000000
2026/08/28 14:16:14.118, 0 %, 346 MiB, 62, P2, 1950 MHz, 9501 MHz, 162.70 W, 0x0000000000000000
2026/08/28 14:16:19.138, 100 %, 19044 MiB, 61, P2, 1950 MHz, 9501 MHz, 166.33 W, 0x0000000000000000
2026/08/28 14:16:24.167, 100 %, 19044 MiB, 60, P2, 1950 MHz, 9501 MHz, 165.26 W, 0x0000000000000000
2026/08/28 14:16:29.192, 76 %, 22286 MiB, 64, P2, 1950 MHz, 9501 MHz, 197.50 W, 0x0000000000000000
2026/08/28 14:16:34.212, 74 %, 22292 MiB, 65, P2, 1935 MHz, 9501 MHz, 276.61 W, 0x0000000000000004
2026/08/28 14:16:39.234, 76 %, 22292 MiB, 66, P2, 1935 MHz, 9501 MHz, 291.15 W, 0x0000000000000004
2026/08/28 14:16:44.251, 100 %, 82 MiB, 64, P0, 1935 MHz, 9501 MHz, 235.06 W, 0x0000000000000000
2026/08/28 14:16:49.268, 1 %, 346 MiB, 59, P2, 1695 MHz, 9501 MHz, 147.44 W, 0x0000000000000000
2026/08/28 14:16:54.287, 100 %, 20144 MiB, 60, P2, 1950 MHz, 9501 MHz, 165.07 W, 0x0000000000000000
2026/08/28 14:16:59.312, 100 %, 20144 MiB, 60, P2, 1950 MHz, 9501 MHz, 163.82 W, 0x0000000000000000
2026/08/28 14:17:04.335, 77 %, 20816 MiB, 66, P2, 1935 MHz, 9501 MHz, 321.92 W, 0x0000000000000000
2026/08/28 14:17:09.353, 78 %, 20816 MiB, 68, P2, 1935 MHz, 9501 MHz, 327.68 W, 0x0000000000000000
2026/08/28 14:17:14.374, 78 %, 20820 MiB, 69, P2, 1935 MHz, 9501 MHz, 319.18 W, 0x0000000000000000
2026/08/28 14:17:19.394, 100 %, 20824 MiB, 66, P2, 1860 MHz, 9501 MHz, 282.80 W, 0x0000000000000004
2026/08/28 14:17:24.414, 78 %, 20824 MiB, 71, P2, 1935 MHz, 9501 MHz, 333.80 W, 0x0000000000000000
2026/08/28 14:17:29.433, 78 %, 20824 MiB, 72, P2, 1935 MHz, 9501 MHz, 338.06 W, 0x0000000000000000
2026/08/28 14:17:34.454, 0 %, 82 MiB, 67, P0, 1935 MHz, 9751 MHz, 193.76 W, 0x0000000000000000
2026/08/28 14:17:39.474, 0 %, 346 MiB, 62, P2, 1695 MHz, 9501 MHz, 143.33 W, 0x0000000000000000
2026/08/28 14:17:44.495, 100 %, 19044 MiB, 62, P2, 1935 MHz, 9501 MHz, 169.00 W, 0x0000000000000000
2026/08/28 14:17:49.522, 99 %, 19044 MiB, 61, P2, 1935 MHz, 9501 MHz, 164.47 W, 0x0000000000000000
2026/08/28 14:17:54.542, 80 %, 22286 MiB, 67, P2, 1935 MHz, 9501 MHz, 292.07 W, 0x0000000000000004
2026/08/28 14:17:59.560, 80 %, 22286 MiB, 69, P2, 1935 MHz, 9501 MHz, 322.73 W, 0x0000000000000004
2026/08/28 14:18:04.581, 73 %, 22292 MiB, 68, P2, 1935 MHz, 9501 MHz, 255.31 W, 0x0000000000000000
2026/08/28 14:18:09.603, 77 %, 22292 MiB, 70, P2, 1935 MHz, 9501 MHz, 295.49 W, 0x0000000000000004
2026/08/28 14:18:14.624, 78 %, 22292 MiB, 71, P2, 1935 MHz, 9501 MHz, 315.71 W, 0x0000000000000004
2026/08/28 14:18:19.647, 78 %, 414 MiB, 67, P2, 1935 MHz, 9501 MHz, 279.70 W, 0x0000000000000000
2026/08/28 14:18:24.672, 0 %, 346 MiB, 63, P2, 1935 MHz, 9501 MHz, 169.17 W, 0x0000000000000000
2026/08/28 14:18:29.692, 99 %, 20144 MiB, 62, P2, 1935 MHz, 9501 MHz, 168.22 W, 0x0000000000000000
2026/08/28 14:18:34.720, 100 %, 20144 MiB, 61, P2, 1935 MHz, 9501 MHz, 167.04 W, 0x0000000000000000
2026/08/28 14:18:39.745, 78 %, 20816 MiB, 67, P2, 1935 MHz, 9501 MHz, 292.41 W, 0x0000000000000000
2026/08/28 14:18:44.764, 77 %, 20824 MiB, 68, P2, 1935 MHz, 9501 MHz, 325.88 W, 0x0000000000000000
2026/08/28 14:18:49.784, 67 %, 20824 MiB, 66, P2, 1935 MHz, 9501 MHz, 275.42 W, 0x0000000000000000
2026/08/28 14:18:54.802, 0 %, 82 MiB, 63, P0, 1935 MHz, 9751 MHz, 170.49 W, 0x0000000000000000
2026/08/28 14:18:59.819, 0 %, 18082 MiB, 60, P2, 1695 MHz, 9501 MHz, 132.74 W, 0x0000000000000000
2026/08/28 14:19:04.845, 100 %, 18082 MiB, 61, P2, 1950 MHz, 9501 MHz, 165.62 W, 0x0000000000000000
2026/08/28 14:19:09.867, 99 %, 21760 MiB, 60, P2, 1950 MHz, 9501 MHz, 167.54 W, 0x0000000000000000
2026/08/28 14:19:14.885, 71 %, 21828 MiB, 66, P2, 1935 MHz, 9501 MHz, 311.79 W, 0x0000000000000000
2026/08/28 14:19:19.904, 99 %, 21834 MiB, 62, P2, 1935 MHz, 9501 MHz, 242.42 W, 0x0000000000000000
2026/08/28 14:19:24.922, 70 %, 21834 MiB, 68, P2, 1935 MHz, 9501 MHz, 312.17 W, 0x0000000000000000
2026/08/28 14:19:29.943, 0 %, 346 MiB, 59, P0, 810 MHz, 5001 MHz, 144.30 W, 0x0000000000000024
2026/08/28 14:19:34.964, 100 %, 19362 MiB, 61, P2, 1950 MHz, 9501 MHz, 166.40 W, 0x0000000000000000
2026/08/28 14:19:39.987, 99 %, 19362 MiB, 60, P2, 1950 MHz, 9501 MHz, 163.25 W, 0x0000000000000000
2026/08/28 14:19:45.010, 80 %, 20768 MiB, 62, P2, 1950 MHz, 9501 MHz, 202.54 W, 0x0000000000000000
2026/08/28 14:19:50.029, 81 %, 20770 MiB, 62, P2, 1950 MHz, 9501 MHz, 227.18 W, 0x0000000000000000
2026/08/28 14:19:55.050, 83 %, 20772 MiB, 62, P2, 1950 MHz, 9501 MHz, 225.53 W, 0x0000000000000000
2026/08/28 14:20:00.068, 85 %, 20772 MiB, 63, P2, 1950 MHz, 9501 MHz, 226.14 W, 0x0000000000000000
2026/08/28 14:20:05.089, 84 %, 20772 MiB, 61, P2, 1950 MHz, 9501 MHz, 220.31 W, 0x0000000000000000
2026/08/28 14:20:10.109, 82 %, 20772 MiB, 63, P2, 1950 MHz, 9501 MHz, 225.85 W, 0x0000000000000000
2026/08/28 14:20:15.127, 83 %, 20772 MiB, 63, P2, 1950 MHz, 9501 MHz, 227.40 W, 0x0000000000000000
2026/08/28 14:20:20.145, 83 %, 20772 MiB, 63, P2, 1950 MHz, 9501 MHz, 227.93 W, 0x0000000000000000
2026/08/28 14:20:25.165, 83 %, 20778 MiB, 62, P2, 1950 MHz, 9501 MHz, 227.13 W, 0x0000000000000000
2026/08/28 14:20:30.185, 81 %, 20780 MiB, 63, P2, 1935 MHz, 9501 MHz, 223.49 W, 0x0000000000000000
2026/08/28 14:20:35.203, 84 %, 20780 MiB, 63, P2, 1935 MHz, 9501 MHz, 223.09 W, 0x0000000000000000
2026/08/28 14:20:40.223, 84 %, 20780 MiB, 63, P2, 1935 MHz, 9501 MHz, 226.56 W, 0x0000000000000000
2026/08/28 14:20:45.242, 79 %, 20780 MiB, 63, P2, 1935 MHz, 9501 MHz, 226.84 W, 0x0000000000000000
2026/08/28 14:20:50.261, 80 %, 20780 MiB, 63, P2, 1935 MHz, 9501 MHz, 229.13 W, 0x0000000000000000
2026/08/28 14:20:55.279, 80 %, 20780 MiB, 63, P2, 1935 MHz, 9501 MHz, 224.63 W, 0x0000000000000000
2026/08/28 14:21:00.300, 81 %, 20780 MiB, 63, P2, 1935 MHz, 9501 MHz, 217.25 W, 0x0000000000000000
2026/08/28 14:21:05.325, 78 %, 20780 MiB, 63, P2, 1935 MHz, 9501 MHz, 224.84 W, 0x0000000000000000
2026/08/28 14:21:10.345, 80 %, 20780 MiB, 63, P2, 1935 MHz, 9501 MHz, 225.77 W, 0x0000000000000000
2026/08/28 14:21:15.365, 84 %, 20780 MiB, 64, P2, 1935 MHz, 9501 MHz, 223.76 W, 0x0000000000000000
2026/08/28 14:21:20.385, 83 %, 20780 MiB, 63, P2, 1935 MHz, 9501 MHz, 226.04 W, 0x0000000000000000
2026/08/28 14:21:25.408, 0 %, 99 MiB, 58, P0, 1695 MHz, 9751 MHz, 138.01 W, 0x0000000000000000
2026/08/28 14:21:30.429, 100 %, 18082 MiB, 60, P2, 1950 MHz, 9501 MHz, 163.05 W, 0x0000000000000000
2026/08/28 14:21:35.455, 100 %, 18082 MiB, 60, P2, 1950 MHz, 9501 MHz, 165.62 W, 0x0000000000000000
2026/08/28 14:21:40.480, 1 %, 20636 MiB, 59, P2, 1950 MHz, 9501 MHz, 165.95 W, 0x0000000000000000
2026/08/28 14:21:45.505, 71 %, 21828 MiB, 66, P2, 1935 MHz, 9501 MHz, 309.02 W, 0x0000000000000000
2026/08/28 14:21:50.526, 71 %, 21828 MiB, 67, P2, 1935 MHz, 9501 MHz, 312.62 W, 0x0000000000000000
2026/08/28 14:21:55.547, 72 %, 21834 MiB, 67, P2, 1935 MHz, 9501 MHz, 279.11 W, 0x0000000000000000
2026/08/28 14:22:00.566, 68 %, 21834 MiB, 68, P2, 1935 MHz, 9501 MHz, 286.66 W, 0x0000000000000000
2026/08/28 14:22:05.585, 68 %, 21834 MiB, 70, P2, 1935 MHz, 9501 MHz, 315.50 W, 0x0000000000000000
2026/08/28 14:22:10.606, 76 %, 21834 MiB, 71, P2, 1935 MHz, 9501 MHz, 328.33 W, 0x0000000000000000
2026/08/28 14:22:15.627, 0 %, 346 MiB, 63, P2, 1935 MHz, 9501 MHz, 166.66 W, 0x0000000000000000
2026/08/28 14:22:20.646, 100 %, 19362 MiB, 62, P2, 1935 MHz, 9501 MHz, 167.60 W, 0x0000000000000000
2026/08/28 14:22:25.670, 99 %, 19362 MiB, 61, P2, 1935 MHz, 9501 MHz, 166.36 W, 0x0000000000000000
2026/08/28 14:22:30.694, 84 %, 20768 MiB, 62, P2, 1935 MHz, 9501 MHz, 218.93 W, 0x0000000000000000
2026/08/28 14:22:35.714, 82 %, 20770 MiB, 62, P2, 1935 MHz, 9501 MHz, 224.39 W, 0x0000000000000000
2026/08/28 14:22:40.732, 82 %, 20770 MiB, 63, P2, 1935 MHz, 9501 MHz, 222.78 W, 0x0000000000000000
2026/08/28 14:22:45.750, 85 %, 20770 MiB, 62, P2, 1935 MHz, 9501 MHz, 223.92 W, 0x0000000000000000
2026/08/28 14:22:50.769, 82 %, 20772 MiB, 63, P2, 1935 MHz, 9501 MHz, 226.88 W, 0x0000000000000000
2026/08/28 14:22:55.790, 84 %, 20780 MiB, 63, P2, 1935 MHz, 9501 MHz, 229.81 W, 0x0000000000000000
2026/08/28 14:23:00.810, 78 %, 20780 MiB, 63, P2, 1935 MHz, 9501 MHz, 215.39 W, 0x0000000000000000
2026/08/28 14:23:05.828, 83 %, 20780 MiB, 63, P2, 1935 MHz, 9501 MHz, 217.62 W, 0x0000000000000000
2026/08/28 14:23:10.846, 84 %, 20780 MiB, 63, P2, 1935 MHz, 9501 MHz, 223.86 W, 0x0000000000000000
2026/08/28 14:23:15.867, 80 %, 20780 MiB, 63, P2, 1935 MHz, 9501 MHz, 223.59 W, 0x0000000000000000
2026/08/28 14:23:20.888, 84 %, 20780 MiB, 63, P2, 1935 MHz, 9501 MHz, 225.22 W, 0x0000000000000000
2026/08/28 14:23:25.907, 100 %, 82 MiB, 61, P0, 1935 MHz, 9751 MHz, 175.14 W, 0x0000000000000000
2026/08/28 14:23:30.924, 4 %, 346 MiB, 58, P2, 1695 MHz, 9501 MHz, 142.04 W, 0x0000000000000000
2026/08/28 14:23:35.945, 100 %, 17618 MiB, 59, P2, 1950 MHz, 9501 MHz, 162.86 W, 0x0000000000000000
2026/08/28 14:23:40.968, 99 %, 17618 MiB, 59, P2, 1950 MHz, 9501 MHz, 162.73 W, 0x0000000000000000
2026/08/28 14:23:45.990, 67 %, 20276 MiB, 64, P2, 1950 MHz, 9501 MHz, 275.65 W, 0x0000000000000000
2026/08/28 14:23:51.011, 70 %, 20288 MiB, 65, P2, 1935 MHz, 9501 MHz, 304.63 W, 0x0000000000000000
2026/08/28 14:23:56.031, 68 %, 20288 MiB, 66, P2, 1935 MHz, 9501 MHz, 282.90 W, 0x0000000000000000
2026/08/28 14:24:01.077, 0 %, 99 MiB, 58, P0, 435 MHz, 5001 MHz, 133.52 W, 0x0000000000000000
2026/08/28 14:24:06.095, 100 %, 17618 MiB, 60, P2, 1950 MHz, 9501 MHz, 163.68 W, 0x0000000000000000
2026/08/28 14:24:11.120, 99 %, 17618 MiB, 59, P2, 1950 MHz, 9501 MHz, 162.61 W, 0x0000000000000000
2026/08/28 14:24:16.145, 100 %, 20250 MiB, 59, P2, 1950 MHz, 9501 MHz, 161.08 W, 0x0000000000000000
2026/08/28 14:24:21.165, 68 %, 20276 MiB, 64, P2, 1935 MHz, 9501 MHz, 277.50 W, 0x0000000000000000
2026/08/28 14:24:26.183, 70 %, 20280 MiB, 63, P2, 1935 MHz, 9501 MHz, 281.68 W, 0x0000000000000000
2026/08/28 14:24:31.203, 70 %, 20288 MiB, 67, P2, 1935 MHz, 9501 MHz, 304.93 W, 0x0000000000000000
2026/08/28 14:24:36.227, 70 %, 20288 MiB, 67, P2, 1935 MHz, 9501 MHz, 309.88 W, 0x0000000000000000
2026/08/28 14:24:41.246, 68 %, 20288 MiB, 69, P2, 1935 MHz, 9501 MHz, 312.03 W, 0x0000000000000000
2026/08/28 14:24:46.265, 0 %, 82 MiB, 63, P0, 1935 MHz, 9751 MHz, 167.34 W, 0x0000000000000000
2026/08/28 14:24:51.285, 100 %, 17618 MiB, 61, P2, 1950 MHz, 9501 MHz, 144.84 W, 0x0000000000000000
2026/08/28 14:24:56.308, 100 %, 17618 MiB, 61, P2, 1950 MHz, 9501 MHz, 165.84 W, 0x0000000000000000
2026/08/28 14:25:01.330, 99 %, 20136 MiB, 60, P2, 1950 MHz, 9501 MHz, 166.16 W, 0x0000000000000000
2026/08/28 14:25:06.356, 71 %, 20276 MiB, 66, P2, 1935 MHz, 9501 MHz, 307.58 W, 0x0000000000000000
2026/08/28 14:25:11.377, 67 %, 20276 MiB, 67, P2, 1935 MHz, 9501 MHz, 308.66 W, 0x0000000000000000
2026/08/28 14:25:16.399, 67 %, 20288 MiB, 68, P2, 1935 MHz, 9501 MHz, 286.51 W, 0x0000000000000000
2026/08/28 14:25:21.418, 72 %, 20288 MiB, 68, P2, 1935 MHz, 9501 MHz, 279.99 W, 0x0000000000000000
2026/08/28 14:25:26.438, 71 %, 20288 MiB, 69, P2, 1935 MHz, 9501 MHz, 310.49 W, 0x0000000000000000
2026/08/28 14:25:31.457, 100 %, 82 MiB, 65, P0, 1935 MHz, 9751 MHz, 175.26 W, 0x0000000000000024
2026/08/28 14:25:36.476, 19 %, 346 MiB, 61, P2, 1695 MHz, 9501 MHz, 145.72 W, 0x0000000000000000
2026/08/28 14:25:41.494, 99 %, 17618 MiB, 62, P2, 1935 MHz, 9501 MHz, 164.66 W, 0x0000000000000000
2026/08/28 14:25:46.518, 100 %, 20136 MiB, 61, P2, 1935 MHz, 9501 MHz, 167.10 W, 0x0000000000000000
2026/08/28 14:25:51.544, 70 %, 20276 MiB, 67, P2, 1935 MHz, 9501 MHz, 307.11 W, 0x0000000000000000
2026/08/28 14:25:56.566, 95 %, 20288 MiB, 63, P2, 1935 MHz, 9501 MHz, 221.84 W, 0x0000000000000000
2026/08/28 14:26:01.587, 70 %, 20288 MiB, 68, P2, 1935 MHz, 9501 MHz, 314.50 W, 0x0000000000000000
2026/08/28 14:26:06.605, 2 %, 346 MiB, 61, P2, 1950 MHz, 9501 MHz, 167.39 W, 0x0000000000000000
2026/08/28 14:26:11.624, 100 %, 19362 MiB, 61, P2, 1950 MHz, 9501 MHz, 166.53 W, 0x0000000000000000
2026/08/28 14:26:16.650, 100 %, 19362 MiB, 60, P2, 1950 MHz, 9501 MHz, 166.58 W, 0x0000000000000000
2026/08/28 14:26:21.676, 60 %, 20768 MiB, 61, P2, 1950 MHz, 9501 MHz, 175.47 W, 0x0000000000000000
2026/08/28 14:26:26.696, 69 %, 20770 MiB, 62, P2, 1950 MHz, 9501 MHz, 215.51 W, 0x0000000000000000
2026/08/28 14:26:31.716, 84 %, 20770 MiB, 62, P2, 1950 MHz, 9501 MHz, 223.95 W, 0x0000000000000000
2026/08/28 14:26:36.735, 85 %, 20770 MiB, 63, P2, 1950 MHz, 9501 MHz, 222.72 W, 0x0000000000000000
2026/08/28 14:26:41.755, 84 %, 20772 MiB, 62, P2, 1950 MHz, 9501 MHz, 223.87 W, 0x0000000000000000
2026/08/28 14:26:46.775, 79 %, 20778 MiB, 63, P2, 1950 MHz, 9501 MHz, 225.29 W, 0x0000000000000000
2026/08/28 14:26:51.796, 84 %, 20780 MiB, 63, P2, 1950 MHz, 9501 MHz, 231.71 W, 0x0000000000000000
2026/08/28 14:26:56.821, 83 %, 20780 MiB, 63, P2, 1950 MHz, 9501 MHz, 227.98 W, 0x0000000000000000
2026/08/28 14:27:01.840, 82 %, 20780 MiB, 63, P2, 1950 MHz, 9501 MHz, 225.75 W, 0x0000000000000000
2026/08/28 14:27:06.860, 84 %, 20780 MiB, 63, P2, 1950 MHz, 9501 MHz, 224.74 W, 0x0000000000000000
2026/08/28 14:27:11.881, 79 %, 20780 MiB, 63, P2, 1950 MHz, 9501 MHz, 225.68 W, 0x0000000000000000
2026/08/28 14:27:16.902, 81 %, 20780 MiB, 64, P2, 1950 MHz, 9501 MHz, 225.90 W, 0x0000000000000000
2026/08/28 14:27:21.924, 0 %, 346 MiB, 60, P2, 1950 MHz, 9501 MHz, 165.95 W, 0x0000000000000000
2026/08/28 14:27:26.946, 100 %, 18082 MiB, 60, P2, 1950 MHz, 9501 MHz, 165.34 W, 0x0000000000000000
2026/08/28 14:27:31.973, 100 %, 18082 MiB, 59, P2, 1950 MHz, 9501 MHz, 164.17 W, 0x0000000000000000
2026/08/28 14:27:36.997, 36 %, 21828 MiB, 64, P2, 1950 MHz, 9501 MHz, 230.77 W, 0x0000000000000000
2026/08/28 14:27:42.017, 71 %, 21828 MiB, 67, P2, 1950 MHz, 9501 MHz, 308.82 W, 0x0000000000000000
2026/08/28 14:27:47.038, 72 %, 21830 MiB, 63, P2, 1920 MHz, 9501 MHz, 271.71 W, 0x0000000000000004
2026/08/28 14:27:52.060, 33 %, 21834 MiB, 63, P2, 1950 MHz, 9501 MHz, 245.24 W, 0x0000000000000000
2026/08/28 14:27:57.081, 73 %, 21834 MiB, 67, P2, 1950 MHz, 9501 MHz, 287.65 W, 0x0000000000000000
2026/08/28 14:28:02.101, 70 %, 21834 MiB, 69, P2, 1935 MHz, 9501 MHz, 309.79 W, 0x0000000000000000
2026/08/28 14:28:07.124, 18 %, 82 MiB, 65, P0, 1935 MHz, 9751 MHz, 177.47 W, 0x0000000000000000
2026/08/28 14:28:12.143, 8 %, 19362 MiB, 61, P2, 1695 MHz, 9501 MHz, 133.20 W, 0x0000000000000000
2026/08/28 14:28:17.166, 100 %, 19362 MiB, 62, P2, 1950 MHz, 9501 MHz, 169.84 W, 0x0000000000000000
2026/08/28 14:28:22.190, 100 %, 19362 MiB, 61, P2, 1950 MHz, 9501 MHz, 168.77 W, 0x0000000000000000
2026/08/28 14:28:27.216, 79 %, 20768 MiB, 62, P2, 1950 MHz, 9501 MHz, 227.34 W, 0x0000000000000000
2026/08/28 14:28:32.238, 84 %, 20772 MiB, 64, P2, 1950 MHz, 9501 MHz, 236.08 W, 0x0000000000000000
2026/08/28 14:28:37.257, 85 %, 20772 MiB, 63, P2, 1950 MHz, 9501 MHz, 231.62 W, 0x0000000000000000
2026/08/28 14:28:42.278, 79 %, 20772 MiB, 64, P2, 1950 MHz, 9501 MHz, 229.90 W, 0x0000000000000000
2026/08/28 14:28:47.301, 81 %, 20772 MiB, 63, P2, 1950 MHz, 9501 MHz, 224.65 W, 0x0000000000000000
2026/08/28 14:28:52.323, 85 %, 20772 MiB, 63, P2, 1950 MHz, 9501 MHz, 226.80 W, 0x0000000000000000
2026/08/28 14:28:57.345, 82 %, 20772 MiB, 63, P2, 1950 MHz, 9501 MHz, 229.63 W, 0x0000000000000000
2026/08/28 14:29:02.366, 80 %, 20774 MiB, 63, P2, 1950 MHz, 9501 MHz, 228.51 W, 0x0000000000000000
2026/08/28 14:29:07.384, 83 %, 20780 MiB, 64, P2, 1950 MHz, 9501 MHz, 226.55 W, 0x0000000000000000
2026/08/28 14:29:12.406, 83 %, 20780 MiB, 63, P2, 1950 MHz, 9501 MHz, 232.03 W, 0x0000000000000000
2026/08/28 14:29:17.426, 81 %, 20780 MiB, 64, P2, 1950 MHz, 9501 MHz, 230.47 W, 0x0000000000000000
2026/08/28 14:29:22.448, 84 %, 20780 MiB, 63, P2, 1950 MHz, 9501 MHz, 228.28 W, 0x0000000000000000
2026/08/28 14:29:27.471, 80 %, 20780 MiB, 63, P2, 1950 MHz, 9501 MHz, 228.67 W, 0x0000000000000000
2026/08/28 14:29:32.492, 83 %, 20780 MiB, 64, P2, 1950 MHz, 9501 MHz, 231.76 W, 0x0000000000000000
2026/08/28 14:29:37.513, 83 %, 20780 MiB, 64, P2, 1950 MHz, 9501 MHz, 228.68 W, 0x0000000000000000
2026/08/28 14:29:42.531, 85 %, 20780 MiB, 64, P2, 1950 MHz, 9501 MHz, 227.42 W, 0x0000000000000000
2026/08/28 14:29:47.552, 79 %, 20780 MiB, 64, P2, 1950 MHz, 9501 MHz, 226.61 W, 0x0000000000000000
2026/08/28 14:29:52.571, 81 %, 20780 MiB, 64, P2, 1950 MHz, 9501 MHz, 228.24 W, 0x0000000000000000
2026/08/28 14:29:57.591, 82 %, 20780 MiB, 63, P2, 1950 MHz, 9501 MHz, 229.23 W, 0x0000000000000000
2026/08/28 14:30:02.611, 84 %, 20780 MiB, 64, P2, 1950 MHz, 9501 MHz, 230.99 W, 0x0000000000000000
2026/08/28 14:30:07.628, 0 %, 346 MiB, 61, P2, 1950 MHz, 9501 MHz, 165.18 W, 0x0000000000000000
2026/08/28 14:30:12.652, 100 %, 18082 MiB, 60, P2, 1950 MHz, 9501 MHz, 165.79 W, 0x0000000000000000
2026/08/28 14:30:17.678, 100 %, 18082 MiB, 60, P2, 1950 MHz, 9501 MHz, 164.17 W, 0x0000000000000000
2026/08/28 14:30:22.703, 49 %, 21828 MiB, 61, P2, 1950 MHz, 9501 MHz, 211.88 W, 0x0000000000000000
2026/08/28 14:30:27.725, 28 %, 21830 MiB, 63, P2, 1950 MHz, 9501 MHz, 302.24 W, 0x0000000000000000
2026/08/28 14:30:32.747, 70 %, 21834 MiB, 66, P2, 1950 MHz, 9501 MHz, 297.18 W, 0x0000000000000000
2026/08/28 14:30:37.766, 71 %, 21834 MiB, 68, P2, 1950 MHz, 9501 MHz, 317.43 W, 0x0000000000000000
2026/08/28 14:30:42.785, 0 %, 346 MiB, 61, P2, 1950 MHz, 9501 MHz, 161.15 W, 0x0000000000000000
2026/08/28 14:30:47.803, 100 %, 20144 MiB, 61, P2, 1950 MHz, 9501 MHz, 166.62 W, 0x0000000000000000
2026/08/28 14:30:52.830, 100 %, 20144 MiB, 60, P2, 1950 MHz, 9501 MHz, 165.07 W, 0x0000000000000000
2026/08/28 14:30:57.853, 76 %, 20816 MiB, 63, P2, 1950 MHz, 9501 MHz, 203.14 W, 0x0000000000000000
2026/08/28 14:31:02.874, 56 %, 20820 MiB, 63, P2, 1950 MHz, 9501 MHz, 295.86 W, 0x0000000000000000
2026/08/28 14:31:07.895, 78 %, 20824 MiB, 68, P2, 1950 MHz, 9501 MHz, 327.88 W, 0x0000000000000000
2026/08/28 14:31:12.922, 77 %, 392 MiB, 68, P2, 1935 MHz, 9501 MHz, 296.39 W, 0x0000000000000000
2026/08/28 14:31:17.942, 0 %, 346 MiB, 62, P2, 1950 MHz, 9501 MHz, 169.08 W, 0x0000000000000000
2026/08/28 14:31:22.964, 100 %, 19044 MiB, 61, P2, 1950 MHz, 9501 MHz, 168.70 W, 0x0000000000000000
2026/08/28 14:31:27.986, 100 %, 19044 MiB, 60, P2, 1950 MHz, 9501 MHz, 167.36 W, 0x0000000000000000
2026/08/28 14:31:33.006, 77 %, 22286 MiB, 65, P2, 1950 MHz, 9501 MHz, 229.67 W, 0x0000000000000000
2026/08/28 14:31:38.027, 80 %, 22286 MiB, 68, P2, 1950 MHz, 9501 MHz, 325.92 W, 0x0000000000000000
2026/08/28 14:31:43.049, 79 %, 22288 MiB, 69, P2, 1950 MHz, 9501 MHz, 310.72 W, 0x0000000000000000
2026/08/28 14:31:48.068, 75 %, 22292 MiB, 69, P2, 1950 MHz, 9501 MHz, 274.29 W, 0x0000000000000000
2026/08/28 14:31:53.089, 76 %, 22292 MiB, 70, P2, 1935 MHz, 9501 MHz, 331.51 W, 0x0000000000000000
2026/08/28 14:31:58.110, 78 %, 22292 MiB, 70, P2, 1935 MHz, 9501 MHz, 322.99 W, 0x0000000000000000
2026/08/28 14:32:03.130, 0 %, 346 MiB, 61, P0, 435 MHz, 5001 MHz, 150.09 W, 0x0000000000000024
2026/08/28 14:32:08.150, 100 %, 20144 MiB, 62, P2, 1950 MHz, 9501 MHz, 170.95 W, 0x0000000000000000
2026/08/28 14:32:13.173, 100 %, 20144 MiB, 62, P2, 1950 MHz, 9501 MHz, 169.93 W, 0x0000000000000000
2026/08/28 14:32:18.197, 99 %, 20800 MiB, 62, P2, 1950 MHz, 9501 MHz, 172.24 W, 0x0000000000000000
2026/08/28 14:32:23.215, 77 %, 20816 MiB, 69, P2, 1950 MHz, 9501 MHz, 332.60 W, 0x0000000000000000
2026/08/28 14:32:28.233, 76 %, 20816 MiB, 70, P2, 1935 MHz, 9501 MHz, 329.12 W, 0x0000000000000000
2026/08/28 14:32:33.251, 67 %, 20824 MiB, 69, P2, 1920 MHz, 9501 MHz, 266.73 W, 0x0000000000000000
2026/08/28 14:32:38.271, 78 %, 20824 MiB, 72, P2, 1935 MHz, 9501 MHz, 334.38 W, 0x0000000000000000
2026/08/28 14:32:43.292, 78 %, 20824 MiB, 72, P2, 1935 MHz, 9501 MHz, 335.08 W, 0x0000000000000000
2026/08/28 14:32:48.312, 76 %, 20824 MiB, 73, P2, 1935 MHz, 9501 MHz, 302.29 W, 0x0000000000000000
2026/08/28 14:32:53.332, 0 %, 346 MiB, 62, P0, 495 MHz, 5001 MHz, 146.82 W, 0x0000000000000000
2026/08/28 14:32:58.352, 100 %, 19044 MiB, 63, P2, 1950 MHz, 9501 MHz, 161.17 W, 0x0000000000000000
2026/08/28 14:33:03.377, 100 %, 19044 MiB, 62, P2, 1950 MHz, 9501 MHz, 171.23 W, 0x0000000000000000
2026/08/28 14:33:08.398, 100 %, 20188 MiB, 61, P2, 1950 MHz, 9501 MHz, 170.40 W, 0x0000000000000000
2026/08/28 14:33:13.417, 76 %, 22286 MiB, 67, P2, 1935 MHz, 9501 MHz, 326.46 W, 0x0000000000000004
2026/08/28 14:33:18.437, 64 %, 22292 MiB, 65, P2, 1935 MHz, 9501 MHz, 252.16 W, 0x0000000000000000
2026/08/28 14:33:23.459, 77 %, 22292 MiB, 69, P2, 1935 MHz, 9501 MHz, 325.72 W, 0x0000000000000004
2026/08/28 14:33:28.478, 0 %, 346 MiB, 62, P2, 1950 MHz, 9501 MHz, 170.69 W, 0x0000000000000000
2026/08/28 14:33:33.497, 100 %, 18082 MiB, 61, P2, 1950 MHz, 9501 MHz, 169.00 W, 0x0000000000000000
2026/08/28 14:33:38.522, 100 %, 18082 MiB, 60, P2, 1950 MHz, 9501 MHz, 167.83 W, 0x0000000000000000
2026/08/28 14:33:43.545, 70 %, 21828 MiB, 65, P2, 1950 MHz, 9501 MHz, 238.71 W, 0x0000000000000000
2026/08/28 14:33:48.565, 74 %, 21828 MiB, 67, P2, 1950 MHz, 9501 MHz, 317.63 W, 0x0000000000000004
2026/08/28 14:33:53.584, 65 %, 21830 MiB, 65, P2, 1935 MHz, 9501 MHz, 277.49 W, 0x0000000000000000
2026/08/28 14:33:58.603, 100 %, 21834 MiB, 63, P2, 1935 MHz, 9501 MHz, 233.65 W, 0x0000000000000000
2026/08/28 14:34:03.623, 60 %, 21834 MiB, 66, P2, 1935 MHz, 9501 MHz, 283.88 W, 0x0000000000000004
2026/08/28 14:34:08.644, 72 %, 21834 MiB, 70, P2, 1935 MHz, 9501 MHz, 318.48 W, 0x0000000000000004
2026/08/28 14:34:13.666, 0 %, 82 MiB, 64, P0, 1935 MHz, 9751 MHz, 171.54 W, 0x0000000000000000
2026/08/28 14:34:18.686, 37 %, 346 MiB, 61, P2, 1695 MHz, 9501 MHz, 144.94 W, 0x0000000000000000
2026/08/28 14:34:23.705, 99 %, 18082 MiB, 61, P2, 1950 MHz, 9501 MHz, 160.50 W, 0x0000000000000000
2026/08/28 14:34:28.727, 37 %, 21828 MiB, 63, P2, 1950 MHz, 9501 MHz, 267.81 W, 0x0000000000000000
2026/08/28 14:34:33.750, 100 %, 21834 MiB, 63, P2, 1800 MHz, 9501 MHz, 247.86 W, 0x0000000000000004
2026/08/28 14:34:38.773, 73 %, 21834 MiB, 65, P2, 1935 MHz, 9501 MHz, 266.86 W, 0x0000000000000000
2026/08/28 14:34:43.794, 74 %, 413 MiB, 64, P2, 1935 MHz, 9501 MHz, 237.89 W, 0x0000000000000000
2026/08/28 14:34:48.876, 0 %, 346 MiB, 61, P2, 1950 MHz, 9501 MHz, 165.21 W, 0x0000000000000000
2026/08/28 14:34:53.895, 100 %, 17618 MiB, 61, P2, 1950 MHz, 9501 MHz, 166.24 W, 0x0000000000000000
2026/08/28 14:34:58.921, 100 %, 17618 MiB, 60, P2, 1950 MHz, 9501 MHz, 165.17 W, 0x0000000000000000
2026/08/28 14:35:03.944, 62 %, 20276 MiB, 63, P2, 1950 MHz, 9501 MHz, 244.77 W, 0x0000000000000000
2026/08/28 14:35:08.965, 68 %, 20288 MiB, 66, P2, 1935 MHz, 9501 MHz, 263.51 W, 0x0000000000000000
2026/08/28 14:35:13.988, 65 %, 20288 MiB, 64, P2, 1935 MHz, 9501 MHz, 249.46 W, 0x0000000000000004
2026/08/28 14:35:19.008, 0 %, 82 MiB, 61, P0, 1935 MHz, 9751 MHz, 164.74 W, 0x0000000000000000
2026/08/28 14:35:24.029, 0 %, 19044 MiB, 59, P2, 1695 MHz, 9501 MHz, 132.13 W, 0x0000000000000000
2026/08/28 14:35:29.054, 100 %, 19044 MiB, 60, P2, 1950 MHz, 9501 MHz, 166.67 W, 0x0000000000000000
2026/08/28 14:35:34.078, 100 %, 19044 MiB, 59, P2, 1950 MHz, 9501 MHz, 165.34 W, 0x0000000000000000
2026/08/28 14:35:39.104, 78 %, 22286 MiB, 64, P2, 1950 MHz, 9501 MHz, 298.57 W, 0x0000000000000000
2026/08/28 14:35:44.127, 78 %, 22286 MiB, 67, P2, 1950 MHz, 9501 MHz, 281.86 W, 0x0000000000000000
2026/08/28 14:35:49.150, 39 %, 22292 MiB, 63, P2, 1935 MHz, 9501 MHz, 260.88 W, 0x0000000000000004
2026/08/28 14:35:54.176, 79 %, 22292 MiB, 68, P2, 1950 MHz, 9501 MHz, 324.32 W, 0x0000000000000000
2026/08/28 14:35:59.193, 81 %, 22292 MiB, 67, P2, 1950 MHz, 9501 MHz, 288.92 W, 0x0000000000000000
2026/08/28 14:36:04.214, 81 %, 22292 MiB, 70, P2, 1920 MHz, 9501 MHz, 318.69 W, 0x0000000000000004
2026/08/28 14:36:09.236, 0 %, 346 MiB, 63, P2, 1935 MHz, 9501 MHz, 165.24 W, 0x0000000000000000
2026/08/28 14:36:14.256, 100 %, 17618 MiB, 62, P2, 1935 MHz, 9501 MHz, 166.85 W, 0x0000000000000000
2026/08/28 14:36:19.281, 100 %, 17618 MiB, 61, P2, 1935 MHz, 9501 MHz, 166.29 W, 0x0000000000000000
2026/08/28 14:36:24.306, 52 %, 20276 MiB, 65, P2, 1935 MHz, 9501 MHz, 243.88 W, 0x0000000000000000
2026/08/28 14:36:29.328, 70 %, 20276 MiB, 67, P2, 1935 MHz, 9501 MHz, 293.54 W, 0x0000000000000000
2026/08/28 14:36:34.349, 71 %, 20280 MiB, 68, P2, 1935 MHz, 9501 MHz, 277.69 W, 0x0000000000000000
2026/08/28 14:36:39.370, 99 %, 20288 MiB, 65, P2, 1935 MHz, 9501 MHz, 229.67 W, 0x0000000000000000
2026/08/28 14:36:44.390, 38 %, 20288 MiB, 68, P2, 1935 MHz, 9501 MHz, 282.35 W, 0x0000000000000000
2026/08/28 14:36:49.410, 27 %, 20288 MiB, 70, P2, 1935 MHz, 9501 MHz, 289.03 W, 0x0000000000000000
2026/08/28 14:36:54.456, 0 %, 346 MiB, 61, P0, 1695 MHz, 9751 MHz, 144.93 W, 0x0000000000000000
2026/08/28 14:36:59.477, 100 %, 19044 MiB, 62, P2, 1935 MHz, 9501 MHz, 160.48 W, 0x0000000000000000
2026/08/28 14:37:04.501, 99 %, 19044 MiB, 61, P2, 1935 MHz, 9501 MHz, 166.23 W, 0x0000000000000000
2026/08/28 14:37:09.522, 0 %, 22236 MiB, 61, P2, 1935 MHz, 9501 MHz, 166.16 W, 0x0000000000000000
2026/08/28 14:37:14.542, 80 %, 22286 MiB, 68, P2, 1935 MHz, 9501 MHz, 318.58 W, 0x0000000000000004
2026/08/28 14:37:19.563, 75 %, 22292 MiB, 68, P2, 1935 MHz, 9501 MHz, 258.47 W, 0x0000000000000000
2026/08/28 14:37:24.583, 80 %, 22292 MiB, 66, P2, 1935 MHz, 9501 MHz, 306.18 W, 0x0000000000000000
2026/08/28 14:37:29.602, 0 %, 346 MiB, 62, P2, 1950 MHz, 9501 MHz, 167.57 W, 0x0000000000000000
2026/08/28 14:37:34.621, 100 %, 19362 MiB, 61, P2, 1950 MHz, 9501 MHz, 164.46 W, 0x0000000000000000
2026/08/28 14:37:39.644, 100 %, 19362 MiB, 60, P2, 1950 MHz, 9501 MHz, 165.92 W, 0x0000000000000000
2026/08/28 14:37:44.672, 82 %, 20768 MiB, 63, P2, 1950 MHz, 9501 MHz, 222.60 W, 0x0000000000000000
2026/08/28 14:37:49.690, 84 %, 20770 MiB, 63, P2, 1950 MHz, 9501 MHz, 225.44 W, 0x0000000000000000
2026/08/28 14:37:54.709, 84 %, 20770 MiB, 62, P2, 1950 MHz, 9501 MHz, 226.42 W, 0x0000000000000000
2026/08/28 14:37:59.730, 81 %, 20770 MiB, 63, P2, 1950 MHz, 9501 MHz, 230.56 W, 0x0000000000000000
2026/08/28 14:38:04.751, 100 %, 20778 MiB, 61, P2, 1950 MHz, 9501 MHz, 207.44 W, 0x0000000000000004
2026/08/28 14:38:09.769, 76 %, 20780 MiB, 63, P2, 1950 MHz, 9501 MHz, 232.71 W, 0x0000000000000000
2026/08/28 14:38:14.787, 80 %, 20780 MiB, 63, P2, 1950 MHz, 9501 MHz, 229.97 W, 0x0000000000000000
2026/08/28 14:38:19.808, 79 %, 20780 MiB, 63, P2, 1950 MHz, 9501 MHz, 226.10 W, 0x0000000000000000
2026/08/28 14:38:24.828, 80 %, 20780 MiB, 63, P2, 1950 MHz, 9501 MHz, 226.60 W, 0x0000000000000000
2026/08/28 14:38:29.849, 85 %, 20780 MiB, 63, P2, 1950 MHz, 9501 MHz, 224.96 W, 0x0000000000000000
2026/08/28 14:38:34.868, 80 %, 20780 MiB, 64, P2, 1950 MHz, 9501 MHz, 226.20 W, 0x0000000000000000
2026/08/28 14:38:40.194, 0 %, 99 MiB, 60, P3, 1950 MHz, 9751 MHz, 160.24 W, 0x0000000000000000
2026/08/28 14:38:45.213, 99 %, 20144 MiB, 60, P2, 1950 MHz, 9501 MHz, 165.41 W, 0x0000000000000000
2026/08/28 14:38:50.237, 100 %, 20144 MiB, 59, P2, 1950 MHz, 9501 MHz, 164.01 W, 0x0000000000000000
2026/08/28 14:38:55.261, 99 %, 20786 MiB, 59, P2, 1950 MHz, 9501 MHz, 164.45 W, 0x0000000000000000
2026/08/28 14:39:00.282, 77 %, 20816 MiB, 67, P2, 1950 MHz, 9501 MHz, 331.39 W, 0x0000000000000000
2026/08/28 14:39:05.302, 77 %, 20816 MiB, 68, P2, 1950 MHz, 9501 MHz, 322.87 W, 0x0000000000000000
2026/08/28 14:39:10.321, 22 %, 20824 MiB, 67, P2, 1935 MHz, 9501 MHz, 265.06 W, 0x0000000000000000
2026/08/28 14:39:15.343, 78 %, 20824 MiB, 70, P2, 1935 MHz, 9501 MHz, 332.23 W, 0x0000000000000000
2026/08/28 14:39:20.365, 77 %, 20824 MiB, 71, P2, 1935 MHz, 9501 MHz, 332.24 W, 0x0000000000000000
2026/08/28 14:39:25.386, 61 %, 20824 MiB, 72, P2, 1935 MHz, 9501 MHz, 300.62 W, 0x0000000000000000
2026/08/28 14:39:30.470, 0 %, 346 MiB, 62, P0, 1695 MHz, 9751 MHz, 151.39 W, 0x0000000000000004
2026/08/28 14:39:35.491, 99 %, 19362 MiB, 63, P2, 1950 MHz, 9501 MHz, 172.01 W, 0x0000000000000000
2026/08/28 14:39:40.516, 100 %, 19362 MiB, 62, P2, 1950 MHz, 9501 MHz, 171.21 W, 0x0000000000000000
2026/08/28 14:39:45.538, 100 %, 20004 MiB, 61, P2, 1950 MHz, 9501 MHz, 170.03 W, 0x0000000000000000
2026/08/28 14:39:50.558, 85 %, 20768 MiB, 63, P2, 1950 MHz, 9501 MHz, 227.69 W, 0x0000000000000000
2026/08/28 14:39:55.577, 82 %, 20772 MiB, 63, P2, 1950 MHz, 9501 MHz, 219.60 W, 0x0000000000000000
2026/08/28 14:40:00.594, 82 %, 20772 MiB, 62, P2, 1950 MHz, 9501 MHz, 226.12 W, 0x0000000000000000
2026/08/28 14:40:05.614, 83 %, 20772 MiB, 63, P2, 1950 MHz, 9501 MHz, 228.58 W, 0x0000000000000000
2026/08/28 14:40:10.635, 81 %, 20772 MiB, 63, P2, 1950 MHz, 9501 MHz, 226.43 W, 0x0000000000000000
2026/08/28 14:40:15.654, 81 %, 20772 MiB, 63, P2, 1950 MHz, 9501 MHz, 226.89 W, 0x0000000000000000
2026/08/28 14:40:20.674, 82 %, 20772 MiB, 64, P2, 1950 MHz, 9501 MHz, 226.87 W, 0x0000000000000000
2026/08/28 14:40:25.695, 81 %, 20774 MiB, 63, P2, 1950 MHz, 9501 MHz, 230.99 W, 0x0000000000000000
2026/08/28 14:40:30.718, 82 %, 20780 MiB, 63, P2, 1950 MHz, 9501 MHz, 229.11 W, 0x0000000000000000
2026/08/28 14:40:35.740, 99 %, 20780 MiB, 62, P2, 1905 MHz, 9501 MHz, 227.10 W, 0x0000000000000004
2026/08/28 14:40:40.761, 84 %, 20780 MiB, 63, P2, 1950 MHz, 9501 MHz, 228.38 W, 0x0000000000000000
2026/08/28 14:40:45.778, 81 %, 20780 MiB, 63, P2, 1950 MHz, 9501 MHz, 229.09 W, 0x0000000000000000
2026/08/28 14:40:50.798, 83 %, 20780 MiB, 63, P2, 1950 MHz, 9501 MHz, 233.65 W, 0x0000000000000000
2026/08/28 14:40:55.819, 81 %, 20780 MiB, 63, P2, 1950 MHz, 9501 MHz, 230.18 W, 0x0000000000000000
2026/08/28 14:41:00.839, 83 %, 20780 MiB, 64, P2, 1950 MHz, 9501 MHz, 234.10 W, 0x0000000000000000
2026/08/28 14:41:05.857, 84 %, 20780 MiB, 63, P2, 1950 MHz, 9501 MHz, 227.09 W, 0x0000000000000000
2026/08/28 14:41:10.875, 84 %, 20780 MiB, 64, P2, 1950 MHz, 9501 MHz, 226.80 W, 0x0000000000000000
2026/08/28 14:41:15.895, 85 %, 20780 MiB, 63, P2, 1950 MHz, 9501 MHz, 227.90 W, 0x0000000000000000
2026/08/28 14:41:20.925, 86 %, 20780 MiB, 64, P2, 1950 MHz, 9501 MHz, 226.12 W, 0x0000000000000000
2026/08/28 14:41:25.944, 100 %, 82 MiB, 62, P2, 1950 MHz, 9501 MHz, 204.36 W, 0x0000000000000000
2026/08/28 14:41:30.962, 8 %, 346 MiB, 59, P2, 1695 MHz, 9501 MHz, 164.21 W, 0x0000000000000000
2026/08/28 14:41:35.982, 100 %, 20144 MiB, 60, P2, 1965 MHz, 9501 MHz, 166.98 W, 0x0000000000000000
2026/08/28 14:41:41.006, 100 %, 20144 MiB, 59, P2, 1965 MHz, 9501 MHz, 166.44 W, 0x0000000000000000
2026/08/28 14:41:46.032, 76 %, 20816 MiB, 65, P2, 1950 MHz, 9501 MHz, 288.07 W, 0x0000000000000000
2026/08/28 14:41:51.051, 77 %, 20824 MiB, 66, P2, 1950 MHz, 9501 MHz, 265.40 W, 0x0000000000000000
2026/08/28 14:41:56.070, 73 %, 20824 MiB, 65, P2, 1890 MHz, 9501 MHz, 292.48 W, 0x0000000000000004
2026/08/28 14:42:01.091, 0 %, 82 MiB, 62, P0, 1950 MHz, 9751 MHz, 173.72 W, 0x0000000000000000
2026/08/28 14:42:06.110, 63 %, 19362 MiB, 59, P2, 1695 MHz, 9501 MHz, 131.12 W, 0x0000000000000000
2026/08/28 14:42:11.135, 99 %, 19362 MiB, 60, P2, 1950 MHz, 9501 MHz, 166.67 W, 0x0000000000000000
2026/08/28 14:42:16.163, 100 %, 19362 MiB, 60, P2, 1950 MHz, 9501 MHz, 165.99 W, 0x0000000000000000
2026/08/28 14:42:21.188, 83 %, 20768 MiB, 62, P2, 1950 MHz, 9501 MHz, 215.24 W, 0x0000000000000000
2026/08/28 14:42:26.211, 84 %, 20770 MiB, 62, P2, 1950 MHz, 9501 MHz, 225.29 W, 0x0000000000000000
2026/08/28 14:42:31.233, 81 %, 20770 MiB, 62, P2, 1950 MHz, 9501 MHz, 224.19 W, 0x0000000000000000
2026/08/28 14:42:36.251, 83 %, 20770 MiB, 63, P2, 1950 MHz, 9501 MHz, 228.89 W, 0x0000000000000000
2026/08/28 14:42:41.269, 82 %, 20772 MiB, 63, P2, 1950 MHz, 9501 MHz, 211.62 W, 0x0000000000000000
2026/08/28 14:42:46.293, 81 %, 20780 MiB, 63, P2, 1950 MHz, 9501 MHz, 231.36 W, 0x0000000000000000
2026/08/28 14:42:51.312, 81 %, 20780 MiB, 63, P2, 1950 MHz, 9501 MHz, 226.99 W, 0x0000000000000000
2026/08/28 14:42:56.330, 80 %, 20780 MiB, 63, P2, 1950 MHz, 9501 MHz, 226.64 W, 0x0000000000000000
2026/08/28 14:43:01.349, 85 %, 20780 MiB, 63, P2, 1950 MHz, 9501 MHz, 225.37 W, 0x0000000000000000
2026/08/28 14:43:06.369, 84 %, 20780 MiB, 63, P2, 1950 MHz, 9501 MHz, 224.46 W, 0x0000000000000000
2026/08/28 14:43:11.388, 80 %, 20780 MiB, 63, P2, 1950 MHz, 9501 MHz, 226.90 W, 0x0000000000000000
2026/08/28 14:43:16.408, 0 %, 82 MiB, 61, P0, 1950 MHz, 9751 MHz, 171.14 W, 0x0000000000000000
2026/08/28 14:43:21.428, 0 %, 17618 MiB, 59, P2, 1695 MHz, 9501 MHz, 130.60 W, 0x0000000000000000
2026/08/28 14:43:26.453, 100 %, 17618 MiB, 60, P2, 1965 MHz, 9501 MHz, 166.12 W, 0x0000000000000000
2026/08/28 14:43:31.477, 100 %, 17618 MiB, 60, P2, 1965 MHz, 9501 MHz, 165.49 W, 0x0000000000000000
2026/08/28 14:43:36.502, 64 %, 20276 MiB, 64, P2, 1950 MHz, 9501 MHz, 283.69 W, 0x0000000000000000
2026/08/28 14:43:41.523, 71 %, 20276 MiB, 67, P2, 1950 MHz, 9501 MHz, 276.31 W, 0x0000000000000000
2026/08/28 14:43:46.544, 84 %, 20288 MiB, 63, P2, 1950 MHz, 9501 MHz, 197.15 W, 0x0000000000000000
2026/08/28 14:43:51.565, 62 %, 20288 MiB, 65, P2, 1950 MHz, 9501 MHz, 296.35 W, 0x0000000000000000
2026/08/28 14:43:56.584, 67 %, 20288 MiB, 69, P2, 1935 MHz, 9501 MHz, 284.00 W, 0x0000000000000004
2026/08/28 14:44:01.606, 100 %, 82 MiB, 65, P0, 1935 MHz, 9751 MHz, 206.74 W, 0x0000000000000000
2026/08/28 14:44:06.624, 8 %, 346 MiB, 61, P2, 1695 MHz, 9501 MHz, 165.57 W, 0x0000000000000000
2026/08/28 14:44:11.644, 100 %, 19362 MiB, 62, P2, 1950 MHz, 9501 MHz, 169.21 W, 0x0000000000000000
2026/08/28 14:44:16.669, 99 %, 19362 MiB, 61, P2, 1950 MHz, 9501 MHz, 168.22 W, 0x0000000000000000
2026/08/28 14:44:21.694, 84 %, 20768 MiB, 63, P2, 1950 MHz, 9501 MHz, 222.76 W, 0x0000000000000000
2026/08/28 14:44:26.713, 83 %, 20770 MiB, 63, P2, 1950 MHz, 9501 MHz, 227.88 W, 0x0000000000000000
2026/08/28 14:44:31.732, 84 %, 20772 MiB, 63, P2, 1950 MHz, 9501 MHz, 227.07 W, 0x0000000000000000
2026/08/28 14:44:36.753, 84 %, 20772 MiB, 63, P2, 1950 MHz, 9501 MHz, 227.02 W, 0x0000000000000000
2026/08/28 14:44:41.773, 10 %, 20772 MiB, 62, P2, 1950 MHz, 9501 MHz, 227.51 W, 0x0000000000000000
2026/08/28 14:44:46.795, 84 %, 20772 MiB, 63, P2, 1950 MHz, 9501 MHz, 227.00 W, 0x0000000000000000
2026/08/28 14:44:51.814, 84 %, 20772 MiB, 63, P2, 1950 MHz, 9501 MHz, 227.67 W, 0x0000000000000000
2026/08/28 14:44:56.837, 83 %, 20772 MiB, 63, P2, 1950 MHz, 9501 MHz, 229.38 W, 0x0000000000000000
2026/08/28 14:45:01.862, 18 %, 20780 MiB, 62, P2, 1935 MHz, 9501 MHz, 209.24 W, 0x0000000000000004
2026/08/28 14:45:06.883, 79 %, 20780 MiB, 64, P2, 1950 MHz, 9501 MHz, 231.74 W, 0x0000000000000000
2026/08/28 14:45:11.903, 81 %, 20780 MiB, 64, P2, 1950 MHz, 9501 MHz, 228.20 W, 0x0000000000000000
2026/08/28 14:45:16.924, 84 %, 20780 MiB, 63, P2, 1950 MHz, 9501 MHz, 229.56 W, 0x0000000000000000
2026/08/28 14:45:21.948, 84 %, 20780 MiB, 64, P2, 1950 MHz, 9501 MHz, 218.61 W, 0x0000000000000000
2026/08/28 14:45:26.969, 84 %, 20780 MiB, 64, P2, 1950 MHz, 9501 MHz, 231.96 W, 0x0000000000000000
2026/08/28 14:45:31.991, 79 %, 20780 MiB, 64, P2, 1950 MHz, 9501 MHz, 228.81 W, 0x0000000000000000
2026/08/28 14:45:37.012, 79 %, 20780 MiB, 64, P2, 1950 MHz, 9501 MHz, 226.24 W, 0x0000000000000000
2026/08/28 14:45:42.030, 85 %, 20780 MiB, 64, P2, 1950 MHz, 9501 MHz, 227.92 W, 0x0000000000000000
2026/08/28 14:45:47.051, 82 %, 20780 MiB, 64, P2, 1950 MHz, 9501 MHz, 227.59 W, 0x0000000000000000
2026/08/28 14:45:52.082, 84 %, 20780 MiB, 64, P2, 1950 MHz, 9501 MHz, 228.46 W, 0x0000000000000000
2026/08/28 14:45:57.103, 84 %, 20780 MiB, 64, P2, 1950 MHz, 9501 MHz, 226.25 W, 0x0000000000000000
2026/08/28 14:46:02.123, 0 %, 346 MiB, 61, P2, 1950 MHz, 9501 MHz, 152.20 W, 0x0000000000000000
2026/08/28 14:46:07.141, 99 %, 17618 MiB, 60, P2, 1950 MHz, 9501 MHz, 166.61 W, 0x0000000000000000
2026/08/28 14:46:12.164, 99 %, 17618 MiB, 60, P2, 1950 MHz, 9501 MHz, 165.55 W, 0x0000000000000000
2026/08/28 14:46:17.187, 100 %, 20248 MiB, 60, P2, 1950 MHz, 9501 MHz, 165.63 W, 0x0000000000000000
2026/08/28 14:46:22.207, 71 %, 20280 MiB, 65, P2, 1950 MHz, 9501 MHz, 308.64 W, 0x0000000000000000
2026/08/28 14:46:27.228, 69 %, 20288 MiB, 66, P2, 1935 MHz, 9501 MHz, 255.53 W, 0x0000000000000000
2026/08/28 14:46:32.248, 70 %, 20288 MiB, 67, P2, 1950 MHz, 9501 MHz, 283.91 W, 0x0000000000000000
2026/08/28 14:46:37.266, 1 %, 346 MiB, 61, P2, 1950 MHz, 9501 MHz, 166.80 W, 0x0000000000000000
2026/08/28 14:46:42.288, 100 %, 20144 MiB, 61, P2, 1950 MHz, 9501 MHz, 166.85 W, 0x0000000000000000
2026/08/28 14:46:47.316, 100 %, 20144 MiB, 60, P2, 1950 MHz, 9501 MHz, 165.63 W, 0x0000000000000000
2026/08/28 14:46:52.341, 68 %, 20816 MiB, 65, P2, 1950 MHz, 9501 MHz, 286.71 W, 0x0000000000000000
2026/08/28 14:46:57.362, 62 %, 20824 MiB, 64, P2, 1935 MHz, 9501 MHz, 228.76 W, 0x0000000000000000
2026/08/28 14:47:02.382, 77 %, 20824 MiB, 68, P2, 1950 MHz, 9501 MHz, 292.59 W, 0x0000000000000000
2026/08/28 14:47:07.402, 100 %, 82 MiB, 64, P0, 1935 MHz, 9751 MHz, 214.40 W, 0x0000000000000024
2026/08/28 14:47:12.420, 19 %, 346 MiB, 60, P2, 1695 MHz, 9501 MHz, 149.57 W, 0x0000000000000000
2026/08/28 14:47:17.442, 99 %, 18082 MiB, 61, P2, 1950 MHz, 9501 MHz, 167.42 W, 0x0000000000000000
2026/08/28 14:47:22.466, 100 %, 18082 MiB, 60, P2, 1950 MHz, 9501 MHz, 166.39 W, 0x0000000000000000
2026/08/28 14:47:27.490, 74 %, 21828 MiB, 66, P2, 1950 MHz, 9501 MHz, 313.05 W, 0x0000000000000004
2026/08/28 14:47:32.510, 75 %, 21828 MiB, 65, P2, 1950 MHz, 9501 MHz, 284.21 W, 0x0000000000000004
2026/08/28 14:47:37.532, 67 %, 21834 MiB, 67, P2, 1950 MHz, 9501 MHz, 312.81 W, 0x0000000000000004
2026/08/28 14:47:42.559, 75 %, 21834 MiB, 69, P2, 1935 MHz, 9501 MHz, 314.83 W, 0x0000000000000004
2026/08/28 14:47:47.577, 67 %, 21834 MiB, 70, P2, 1935 MHz, 9501 MHz, 315.77 W, 0x0000000000000004
2026/08/28 14:47:52.594, 71 %, 21834 MiB, 71, P2, 1935 MHz, 9501 MHz, 321.41 W, 0x0000000000000004
2026/08/28 14:47:57.853, 0 %, 346 MiB, 61, P0, 405 MHz, 5001 MHz, 150.35 W, 0x0000000000000004
2026/08/28 14:48:02.874, 100 %, 20144 MiB, 62, P2, 1950 MHz, 9501 MHz, 169.95 W, 0x0000000000000000
2026/08/28 14:48:07.895, 100 %, 20144 MiB, 62, P2, 1950 MHz, 9501 MHz, 169.82 W, 0x0000000000000000
2026/08/28 14:48:12.917, 99 %, 20144 MiB, 61, P2, 1950 MHz, 9501 MHz, 168.67 W, 0x0000000000000000
2026/08/28 14:48:17.939, 78 %, 20816 MiB, 68, P2, 1950 MHz, 9501 MHz, 332.72 W, 0x0000000000000004
2026/08/28 14:48:22.958, 61 %, 20816 MiB, 69, P2, 1935 MHz, 9501 MHz, 297.66 W, 0x0000000000000004
2026/08/28 14:48:27.980, 78 %, 20824 MiB, 68, P2, 1935 MHz, 9501 MHz, 317.58 W, 0x0000000000000004
2026/08/28 14:48:33.002, 77 %, 20824 MiB, 71, P2, 1935 MHz, 9501 MHz, 335.24 W, 0x0000000000000004
2026/08/28 14:48:38.022, 78 %, 20824 MiB, 72, P2, 1935 MHz, 9501 MHz, 311.41 W, 0x0000000000000004
2026/08/28 14:48:43.042, 76 %, 20824 MiB, 73, P2, 1920 MHz, 9501 MHz, 298.55 W, 0x0000000000000004
2026/08/28 14:48:48.098, 0 %, 346 MiB, 62, P0, 1020 MHz, 5001 MHz, 149.99 W, 0x0000000000000024
2026/08/28 14:48:53.117, 100 %, 18082 MiB, 63, P2, 1950 MHz, 9501 MHz, 164.18 W, 0x0000000000000000
2026/08/28 14:48:58.141, 100 %, 18082 MiB, 62, P2, 1950 MHz, 9501 MHz, 171.25 W, 0x0000000000000000
2026/08/28 14:49:03.165, 98 %, 20636 MiB, 61, P2, 1950 MHz, 9501 MHz, 170.15 W, 0x0000000000000000
2026/08/28 14:49:08.190, 73 %, 21828 MiB, 67, P2, 1935 MHz, 9501 MHz, 313.62 W, 0x0000000000000004
2026/08/28 14:49:13.210, 40 %, 21834 MiB, 63, P2, 1935 MHz, 9501 MHz, 248.19 W, 0x0000000000000000
2026/08/28 14:49:18.229, 67 %, 21834 MiB, 69, P2, 1935 MHz, 9501 MHz, 314.67 W, 0x0000000000000004
2026/08/28 14:49:23.249, 0 %, 346 MiB, 60, P0, 525 MHz, 5001 MHz, 143.14 W, 0x0000000000000000
2026/08/28 14:49:28.268, 100 %, 19044 MiB, 61, P2, 1950 MHz, 9501 MHz, 158.45 W, 0x0000000000000000
2026/08/28 14:49:33.291, 99 %, 19044 MiB, 60, P2, 1950 MHz, 9501 MHz, 168.29 W, 0x0000000000000000
2026/08/28 14:49:38.316, 100 %, 20188 MiB, 60, P2, 1950 MHz, 9501 MHz, 166.95 W, 0x0000000000000000
2026/08/28 14:49:43.338, 74 %, 22286 MiB, 67, P2, 1950 MHz, 9501 MHz, 330.01 W, 0x0000000000000004
2026/08/28 14:49:48.360, 97 %, 22292 MiB, 67, P2, 1950 MHz, 9501 MHz, 268.65 W, 0x0000000000000004
2026/08/28 14:49:53.383, 76 %, 22292 MiB, 65, P2, 1935 MHz, 9501 MHz, 314.32 W, 0x0000000000000004
2026/08/28 14:49:58.402, 0 %, 346 MiB, 61, P2, 1950 MHz, 9501 MHz, 167.63 W, 0x0000000000000000
2026/08/28 14:50:03.423, 100 %, 19044 MiB, 60, P2, 1950 MHz, 9501 MHz, 167.23 W, 0x0000000000000000
2026/08/28 14:50:08.445, 100 %, 19044 MiB, 60, P2, 1950 MHz, 9501 MHz, 166.69 W, 0x0000000000000000
2026/08/28 14:50:13.470, 72 %, 22286 MiB, 63, P2, 1950 MHz, 9501 MHz, 188.59 W, 0x0000000000000004
2026/08/28 14:50:18.492, 78 %, 22286 MiB, 67, P2, 1950 MHz, 9501 MHz, 317.32 W, 0x0000000000000004
2026/08/28 14:50:23.512, 77 %, 22288 MiB, 68, P2, 1935 MHz, 9501 MHz, 286.65 W, 0x0000000000000004
2026/08/28 14:50:28.533, 77 %, 22292 MiB, 68, P2, 1950 MHz, 9501 MHz, 266.05 W, 0x0000000000000004
2026/08/28 14:50:33.554, 77 %, 22292 MiB, 70, P2, 1935 MHz, 9501 MHz, 330.98 W, 0x0000000000000004
2026/08/28 14:50:38.574, 80 %, 22292 MiB, 70, P2, 1935 MHz, 9501 MHz, 325.95 W, 0x0000000000000004
2026/08/28 14:50:43.602, 0 %, 346 MiB, 63, P2, 1950 MHz, 9501 MHz, 153.05 W, 0x0000000000000000
2026/08/28 14:50:48.623, 100 %, 19044 MiB, 62, P2, 1950 MHz, 9501 MHz, 169.50 W, 0x0000000000000000
2026/08/28 14:50:53.646, 100 %, 19044 MiB, 61, P2, 1950 MHz, 9501 MHz, 168.74 W, 0x0000000000000000
2026/08/28 14:50:58.670, 99 %, 21094 MiB, 61, P2, 1950 MHz, 9501 MHz, 169.63 W, 0x0000000000000000
2026/08/28 14:51:03.697, 72 %, 22286 MiB, 66, P2, 1935 MHz, 9501 MHz, 292.07 W, 0x0000000000000004
2026/08/28 14:51:08.717, 44 %, 22288 MiB, 65, P2, 1935 MHz, 9501 MHz, 308.95 W, 0x0000000000000004
2026/08/28 14:51:13.737, 100 %, 22292 MiB, 64, P2, 1935 MHz, 9501 MHz, 276.41 W, 0x0000000000000004
2026/08/28 14:51:18.757, 76 %, 22292 MiB, 69, P2, 1935 MHz, 9501 MHz, 289.72 W, 0x0000000000000004
2026/08/28 14:51:23.779, 78 %, 22292 MiB, 71, P2, 1920 MHz, 9501 MHz, 294.22 W, 0x0000000000000004
2026/08/28 14:51:28.809, 0 %, 85 MiB, 64, P0, 1935 MHz, 9751 MHz, 164.47 W, 0x0000000000000000
2026/08/28 14:51:33.833, 100 %, 19044 MiB, 62, P2, 1950 MHz, 9501 MHz, 147.82 W, 0x0000000000000000
2026/08/28 14:51:38.857, 100 %, 19044 MiB, 62, P2, 1950 MHz, 9501 MHz, 169.72 W, 0x0000000000000000
2026/08/28 14:51:43.886, 100 %, 19044 MiB, 61, P2, 1950 MHz, 9501 MHz, 168.87 W, 0x0000000000000000
2026/08/28 14:51:48.919, 78 %, 22286 MiB, 68, P2, 1950 MHz, 9501 MHz, 304.43 W, 0x0000000000000004
2026/08/28 14:51:53.938, 100 %, 22292 MiB, 65, P2, 1935 MHz, 9501 MHz, 297.44 W, 0x0000000000000004
2026/08/28 14:51:58.958, 81 %, 22292 MiB, 69, P2, 1935 MHz, 9501 MHz, 327.89 W, 0x0000000000000004
2026/08/28 14:52:03.977, 0 %, 346 MiB, 62, P2, 1950 MHz, 9501 MHz, 147.28 W, 0x0000000000000000
2026/08/28 14:52:08.996, 99 %, 18082 MiB, 61, P2, 1950 MHz, 9501 MHz, 167.58 W, 0x0000000000000000
2026/08/28 14:52:14.023, 100 %, 18082 MiB, 60, P2, 1950 MHz, 9501 MHz, 167.46 W, 0x0000000000000000
2026/08/28 14:52:19.045, 54 %, 21828 MiB, 61, P2, 1950 MHz, 9501 MHz, 173.52 W, 0x0000000000000004
2026/08/28 14:52:24.065, 72 %, 21828 MiB, 67, P2, 1950 MHz, 9501 MHz, 313.24 W, 0x0000000000000004
2026/08/28 14:52:29.088, 72 %, 21834 MiB, 67, P2, 1950 MHz, 9501 MHz, 260.79 W, 0x0000000000000004
2026/08/28 14:52:34.108, 73 %, 21834 MiB, 68, P2, 1935 MHz, 9501 MHz, 314.12 W, 0x0000000000000004
2026/08/28 14:52:39.129, 0 %, 346 MiB, 61, P2, 1950 MHz, 9501 MHz, 158.87 W, 0x0000000000000000
2026/08/28 14:52:44.151, 100 %, 20144 MiB, 61, P2, 1950 MHz, 9501 MHz, 166.64 W, 0x0000000000000000
2026/08/28 14:52:49.174, 99 %, 20144 MiB, 60, P2, 1950 MHz, 9501 MHz, 165.87 W, 0x0000000000000000
2026/08/28 14:52:54.198, 76 %, 20816 MiB, 62, P2, 1950 MHz, 9501 MHz, 193.90 W, 0x0000000000000004
2026/08/28 14:52:59.220, 79 %, 20816 MiB, 67, P2, 1935 MHz, 9501 MHz, 330.91 W, 0x0000000000000000
2026/08/28 14:53:04.241, 77 %, 20816 MiB, 68, P2, 1935 MHz, 9501 MHz, 326.17 W, 0x0000000000000000
2026/08/28 14:53:09.260, 77 %, 20824 MiB, 69, P2, 1935 MHz, 9501 MHz, 270.41 W, 0x0000000000000000
2026/08/28 14:53:14.279, 65 %, 20824 MiB, 70, P2, 1935 MHz, 9501 MHz, 329.91 W, 0x0000000000000004
2026/08/28 14:53:19.301, 74 %, 20824 MiB, 72, P2, 1935 MHz, 9501 MHz, 333.75 W, 0x0000000000000004
2026/08/28 14:53:24.320, 77 %, 20824 MiB, 72, P2, 1935 MHz, 9501 MHz, 335.15 W, 0x0000000000000004
2026/08/28 14:53:29.340, 0 %, 346 MiB, 64, P2, 1950 MHz, 9501 MHz, 145.59 W, 0x0000000000000000
2026/08/28 14:53:34.362, 100 %, 18082 MiB, 63, P2, 1950 MHz, 9501 MHz, 168.61 W, 0x0000000000000000
2026/08/28 14:53:39.387, 4 %, 21760 MiB, 61, P2, 1950 MHz, 9501 MHz, 160.64 W, 0x0000000000000000
2026/08/28 14:53:44.406, 66 %, 21828 MiB, 68, P2, 1935 MHz, 9501 MHz, 312.81 W, 0x0000000000000000
2026/08/28 14:53:49.425, 69 %, 21828 MiB, 69, P2, 1935 MHz, 9501 MHz, 313.93 W, 0x0000000000000004
2026/08/28 14:53:54.446, 68 %, 21834 MiB, 69, P2, 1935 MHz, 9501 MHz, 298.30 W, 0x0000000000000000
2026/08/28 14:53:59.468, 68 %, 21834 MiB, 69, P2, 1935 MHz, 9501 MHz, 296.13 W, 0x0000000000000004
2026/08/28 14:54:04.488, 73 %, 21834 MiB, 71, P2, 1935 MHz, 9501 MHz, 316.63 W, 0x0000000000000004
2026/08/28 14:54:09.507, 74 %, 414 MiB, 72, P2, 1935 MHz, 9501 MHz, 327.76 W, 0x0000000000000004
2026/08/28 14:54:14.526, 6 %, 346 MiB, 63, P2, 1950 MHz, 9501 MHz, 161.29 W, 0x0000000000000000
2026/08/28 14:54:19.546, 99 %, 20144 MiB, 61, P2, 1950 MHz, 9501 MHz, 159.30 W, 0x0000000000000000
2026/08/28 14:54:24.570, 77 %, 20816 MiB, 67, P2, 1935 MHz, 9501 MHz, 288.33 W, 0x0000000000000000
2026/08/28 14:54:29.591, 77 %, 20824 MiB, 68, P2, 1935 MHz, 9501 MHz, 270.39 W, 0x0000000000000000
2026/08/28 14:54:34.613, 78 %, 20824 MiB, 69, P2, 1935 MHz, 9501 MHz, 297.67 W, 0x0000000000000004
2026/08/28 14:54:39.631, 0 %, 82 MiB, 63, P0, 1935 MHz, 9751 MHz, 168.33 W, 0x0000000000000000
2026/08/28 14:54:44.649, 0 %, 17618 MiB, 60, P2, 1695 MHz, 9501 MHz, 132.24 W, 0x0000000000000000
2026/08/28 14:54:49.676, 100 %, 17618 MiB, 60, P2, 1950 MHz, 9501 MHz, 157.55 W, 0x0000000000000000
2026/08/28 14:54:54.698, 70 %, 20276 MiB, 66, P2, 1950 MHz, 9501 MHz, 277.38 W, 0x0000000000000000
2026/08/28 14:54:59.721, 69 %, 20288 MiB, 67, P2, 1935 MHz, 9501 MHz, 303.79 W, 0x0000000000000000
2026/08/28 14:55:04.745, 67 %, 20288 MiB, 68, P2, 1935 MHz, 9501 MHz, 309.96 W, 0x0000000000000000
2026/08/28 14:55:09.767, 0 %, 598 MiB, 60, P0, 1860 MHz, 9751 MHz, 143.57 W, 0x0000000000000000
2026/08/28 14:55:14.789, 100 %, 19362 MiB, 61, P2, 1950 MHz, 9501 MHz, 167.65 W, 0x0000000000000000
2026/08/28 14:55:19.813, 100 %, 19362 MiB, 59, P2, 1950 MHz, 9501 MHz, 156.21 W, 0x0000000000000000
2026/08/28 14:55:24.836, 80 %, 20768 MiB, 62, P2, 1950 MHz, 9501 MHz, 224.54 W, 0x0000000000000000
2026/08/28 14:55:29.854, 83 %, 20772 MiB, 61, P2, 1950 MHz, 9501 MHz, 223.63 W, 0x0000000000000000
2026/08/28 14:55:34.874, 84 %, 20772 MiB, 63, P2, 1950 MHz, 9501 MHz, 231.11 W, 0x0000000000000000
2026/08/28 14:55:39.895, 83 %, 20772 MiB, 62, P2, 1950 MHz, 9501 MHz, 230.24 W, 0x0000000000000000
2026/08/28 14:55:44.916, 83 %, 20772 MiB, 63, P2, 1950 MHz, 9501 MHz, 226.20 W, 0x0000000000000000
2026/08/28 14:55:49.934, 80 %, 20772 MiB, 63, P2, 1950 MHz, 9501 MHz, 225.03 W, 0x0000000000000000
2026/08/28 14:55:54.955, 79 %, 20772 MiB, 63, P2, 1950 MHz, 9501 MHz, 225.69 W, 0x0000000000000000
2026/08/28 14:55:59.975, 80 %, 20774 MiB, 63, P2, 1950 MHz, 9501 MHz, 226.03 W, 0x0000000000000000
2026/08/28 14:56:04.996, 84 %, 20780 MiB, 63, P2, 1950 MHz, 9501 MHz, 225.89 W, 0x0000000000000000
2026/08/28 14:56:10.016, 81 %, 20780 MiB, 64, P2, 1950 MHz, 9501 MHz, 233.28 W, 0x0000000000000000
2026/08/28 14:56:15.037, 83 %, 20780 MiB, 64, P2, 1950 MHz, 9501 MHz, 227.90 W, 0x0000000000000000
2026/08/28 14:56:20.056, 84 %, 20780 MiB, 63, P2, 1950 MHz, 9501 MHz, 226.71 W, 0x0000000000000000
2026/08/28 14:56:25.076, 84 %, 20780 MiB, 64, P2, 1950 MHz, 9501 MHz, 232.12 W, 0x0000000000000000
2026/08/28 14:56:30.094, 82 %, 20780 MiB, 64, P2, 1950 MHz, 9501 MHz, 229.93 W, 0x0000000000000000
2026/08/28 14:56:35.114, 82 %, 20780 MiB, 64, P2, 1950 MHz, 9501 MHz, 231.34 W, 0x0000000000000000
2026/08/28 14:56:40.135, 84 %, 20780 MiB, 63, P2, 1950 MHz, 9501 MHz, 226.65 W, 0x0000000000000000
2026/08/28 14:56:45.156, 80 %, 20780 MiB, 64, P2, 1950 MHz, 9501 MHz, 224.30 W, 0x0000000000000000
2026/08/28 14:56:50.178, 84 %, 20780 MiB, 64, P2, 1950 MHz, 9501 MHz, 226.41 W, 0x0000000000000000
2026/08/28 14:56:55.200, 85 %, 20780 MiB, 64, P2, 1950 MHz, 9501 MHz, 227.53 W, 0x0000000000000000
2026/08/28 14:57:00.220, 84 %, 402 MiB, 64, P2, 1950 MHz, 9501 MHz, 232.09 W, 0x0000000000000000
2026/08/28 14:57:05.239, 0 %, 346 MiB, 60, P2, 1950 MHz, 9501 MHz, 164.24 W, 0x0000000000000000
2026/08/28 14:57:10.260, 99 %, 17618 MiB, 59, P2, 1950 MHz, 9501 MHz, 155.44 W, 0x0000000000000000
2026/08/28 14:57:15.283, 67 %, 20276 MiB, 65, P2, 1950 MHz, 9501 MHz, 306.86 W, 0x0000000000000000
2026/08/28 14:57:20.302, 69 %, 20276 MiB, 67, P2, 1935 MHz, 9501 MHz, 308.08 W, 0x0000000000000000
2026/08/28 14:57:25.323, 68 %, 20280 MiB, 68, P2, 1935 MHz, 9501 MHz, 305.04 W, 0x0000000000000000
2026/08/28 14:57:30.341, 64 %, 20288 MiB, 67, P2, 1935 MHz, 9501 MHz, 233.18 W, 0x0000000000000000
2026/08/28 14:57:35.363, 66 %, 20288 MiB, 68, P2, 1935 MHz, 9501 MHz, 284.45 W, 0x0000000000000000
2026/08/28 14:57:40.382, 70 %, 20288 MiB, 70, P2, 1935 MHz, 9501 MHz, 287.30 W, 0x0000000000000000
2026/08/28 14:57:45.402, 0 %, 346 MiB, 63, P2, 1950 MHz, 9501 MHz, 143.37 W, 0x0000000000000000
2026/08/28 14:57:50.421, 100 %, 19362 MiB, 61, P2, 1950 MHz, 9501 MHz, 163.56 W, 0x0000000000000000
2026/08/28 14:57:55.446, 99 %, 19362 MiB, 61, P2, 1950 MHz, 9501 MHz, 163.64 W, 0x0000000000000000
2026/08/28 14:58:00.472, 62 %, 20768 MiB, 62, P2, 1950 MHz, 9501 MHz, 218.47 W, 0x0000000000000004
2026/08/28 14:58:05.496, 84 %, 20770 MiB, 63, P2, 1950 MHz, 9501 MHz, 224.63 W, 0x0000000000000000
2026/08/28 14:58:10.517, 83 %, 20770 MiB, 63, P2, 1950 MHz, 9501 MHz, 222.84 W, 0x0000000000000000
2026/08/28 14:58:15.538, 82 %, 20770 MiB, 63, P2, 1950 MHz, 9501 MHz, 223.21 W, 0x0000000000000000
2026/08/28 14:58:20.560, 32 %, 20772 MiB, 61, P2, 1950 MHz, 9501 MHz, 218.35 W, 0x0000000000000000
2026/08/28 14:58:25.580, 80 %, 20780 MiB, 63, P2, 1950 MHz, 9501 MHz, 227.25 W, 0x0000000000000000
2026/08/28 14:58:30.601, 80 %, 20780 MiB, 63, P2, 1950 MHz, 9501 MHz, 221.26 W, 0x0000000000000000
2026/08/28 14:58:35.625, 78 %, 20780 MiB, 63, P2, 1950 MHz, 9501 MHz, 217.91 W, 0x0000000000000000
2026/08/28 14:58:40.648, 83 %, 20780 MiB, 63, P2, 1950 MHz, 9501 MHz, 224.61 W, 0x0000000000000000
2026/08/28 14:58:45.671, 83 %, 20780 MiB, 63, P2, 1950 MHz, 9501 MHz, 223.25 W, 0x0000000000000000
2026/08/28 14:58:50.691, 82 %, 20780 MiB, 63, P2, 1950 MHz, 9501 MHz, 226.37 W, 0x0000000000000000
2026/08/28 14:58:55.710, 0 %, 82 MiB, 61, P0, 1950 MHz, 9751 MHz, 166.22 W, 0x0000000000000000
2026/08/28 14:59:00.730, 0 %, 82 MiB, 55, P8, 210 MHz, 810 MHz, 51.60 W, 0x0000000000000001
2026/08/28 14:59:05.753, 0 %, 82 MiB, 52, P8, 210 MHz, 405 MHz, 29.74 W, 0x0000000000000001
2026/08/28 14:59:10.774, 7 %, 346 MiB, 56, P2, 1965 MHz, 9501 MHz, 157.80 W, 0x0000000000000000
2026/08/28 14:59:15.795, 100 %, 19362 MiB, 56, P2, 1965 MHz, 9501 MHz, 151.20 W, 0x0000000000000000
2026/08/28 14:59:20.816, 83 %, 20768 MiB, 59, P2, 1965 MHz, 9501 MHz, 205.17 W, 0x0000000000000000
2026/08/28 14:59:25.837, 83 %, 20770 MiB, 60, P2, 1965 MHz, 9501 MHz, 220.63 W, 0x0000000000000000
2026/08/28 14:59:30.858, 81 %, 20770 MiB, 61, P2, 1950 MHz, 9501 MHz, 217.98 W, 0x0000000000000000
2026/08/28 14:59:35.879, 83 %, 20770 MiB, 61, P2, 1950 MHz, 9501 MHz, 219.97 W, 0x0000000000000000
2026/08/28 14:59:40.900, 82 %, 20772 MiB, 62, P2, 1950 MHz, 9501 MHz, 221.70 W, 0x0000000000000000
2026/08/28 14:59:45.921, 85 %, 20780 MiB, 62, P2, 1950 MHz, 9501 MHz, 222.47 W, 0x0000000000000000
2026/08/28 14:59:50.943, 69 %, 20780 MiB, 61, P2, 1950 MHz, 9501 MHz, 211.21 W, 0x0000000000000000
2026/08/28 14:59:55.964, 84 %, 20780 MiB, 63, P2, 1950 MHz, 9501 MHz, 222.97 W, 0x0000000000000000
2026/08/28 15:00:00.987, 85 %, 20780 MiB, 63, P2, 1950 MHz, 9501 MHz, 213.77 W, 0x0000000000000000
2026/08/28 15:00:06.007, 81 %, 20780 MiB, 64, P2, 1950 MHz, 9501 MHz, 225.06 W, 0x0000000000000000
2026/08/28 15:00:11.026, 81 %, 20780 MiB, 64, P2, 1950 MHz, 9501 MHz, 225.13 W, 0x0000000000000000
2026/08/28 15:00:16.045, 6 %, 82 MiB, 62, P0, 1950 MHz, 9501 MHz, 193.11 W, 0x0000000000000000
2026/08/28 15:00:21.064, 0 %, 346 MiB, 61, P2, 1695 MHz, 9501 MHz, 163.79 W, 0x0000000000000000
2026/08/28 15:00:26.083, 100 %, 17618 MiB, 61, P2, 1950 MHz, 9501 MHz, 164.27 W, 0x0000000000000000
2026/08/28 15:00:31.115, 99 %, 17618 MiB, 60, P2, 1950 MHz, 9501 MHz, 163.59 W, 0x0000000000000000
2026/08/28 15:00:36.137, 68 %, 20276 MiB, 66, P2, 1935 MHz, 9501 MHz, 304.18 W, 0x0000000000000000
2026/08/28 15:00:41.158, 68 %, 20276 MiB, 67, P2, 1935 MHz, 9501 MHz, 305.05 W, 0x0000000000000000
2026/08/28 15:00:46.179, 66 %, 20280 MiB, 68, P2, 1935 MHz, 9501 MHz, 310.68 W, 0x0000000000000000
2026/08/28 15:00:51.200, 66 %, 20288 MiB, 69, P2, 1935 MHz, 9501 MHz, 308.11 W, 0x0000000000000000
2026/08/28 15:00:56.219, 65 %, 20288 MiB, 69, P2, 1935 MHz, 9501 MHz, 310.04 W, 0x0000000000000000
2026/08/28 15:01:01.237, 71 %, 20288 MiB, 70, P2, 1935 MHz, 9501 MHz, 320.66 W, 0x0000000000000000
2026/08/28 15:01:06.255, 0 %, 346 MiB, 63, P2, 1935 MHz, 9501 MHz, 158.33 W, 0x0000000000000000
2026/08/28 15:01:11.275, 99 %, 19362 MiB, 62, P2, 1935 MHz, 9501 MHz, 168.29 W, 0x0000000000000000
2026/08/28 15:01:16.301, 100 %, 19362 MiB, 61, P2, 1935 MHz, 9501 MHz, 167.47 W, 0x0000000000000000
2026/08/28 15:01:21.322, 0 %, 20768 MiB, 61, P2, 1950 MHz, 9501 MHz, 167.07 W, 0x0000000000000024
2026/08/28 15:01:26.345, 82 %, 20770 MiB, 63, P2, 1950 MHz, 9501 MHz, 226.58 W, 0x0000000000000000
2026/08/28 15:01:31.365, 83 %, 20772 MiB, 64, P2, 1950 MHz, 9501 MHz, 224.69 W, 0x0000000000000000
2026/08/28 15:01:36.384, 83 %, 20772 MiB, 63, P2, 1950 MHz, 9501 MHz, 218.75 W, 0x0000000000000000
2026/08/28 15:01:41.405, 81 %, 20772 MiB, 63, P2, 1950 MHz, 9501 MHz, 229.45 W, 0x0000000000000000
2026/08/28 15:01:46.425, 81 %, 20772 MiB, 63, P2, 1950 MHz, 9501 MHz, 223.29 W, 0x0000000000000000
2026/08/28 15:01:51.448, 81 %, 20772 MiB, 63, P2, 1950 MHz, 9501 MHz, 222.76 W, 0x0000000000000000
2026/08/28 15:01:56.466, 84 %, 20772 MiB, 62, P2, 1935 MHz, 9501 MHz, 209.69 W, 0x0000000000000004
2026/08/28 15:02:01.486, 84 %, 20774 MiB, 64, P2, 1950 MHz, 9501 MHz, 230.51 W, 0x0000000000000000
2026/08/28 15:02:06.504, 84 %, 20780 MiB, 64, P2, 1950 MHz, 9501 MHz, 230.25 W, 0x0000000000000000
2026/08/28 15:02:11.522, 80 %, 20780 MiB, 63, P2, 1950 MHz, 9501 MHz, 220.47 W, 0x0000000000000000
2026/08/28 15:02:16.542, 79 %, 20780 MiB, 63, P2, 1950 MHz, 9501 MHz, 226.90 W, 0x0000000000000000
2026/08/28 15:02:21.561, 85 %, 20780 MiB, 63, P2, 1950 MHz, 9501 MHz, 227.16 W, 0x0000000000000000
2026/08/28 15:02:26.582, 84 %, 20780 MiB, 64, P2, 1950 MHz, 9501 MHz, 229.53 W, 0x0000000000000000
2026/08/28 15:02:31.600, 82 %, 20780 MiB, 64, P2, 1950 MHz, 9501 MHz, 218.76 W, 0x0000000000000000
2026/08/28 15:02:36.621, 84 %, 20780 MiB, 63, P2, 1950 MHz, 9501 MHz, 231.95 W, 0x0000000000000000
2026/08/28 15:02:41.640, 81 %, 20780 MiB, 63, P2, 1950 MHz, 9501 MHz, 227.42 W, 0x0000000000000000
2026/08/28 15:02:46.660, 84 %, 20780 MiB, 63, P2, 1950 MHz, 9501 MHz, 225.35 W, 0x0000000000000000
2026/08/28 15:02:51.689, 84 %, 20780 MiB, 64, P2, 1950 MHz, 9501 MHz, 220.57 W, 0x0000000000000000
2026/08/28 15:02:56.710, 85 %, 20780 MiB, 63, P2, 1950 MHz, 9501 MHz, 223.27 W, 0x0000000000000000
2026/08/28 15:03:01.728, 0 %, 82 MiB, 61, P0, 1950 MHz, 9751 MHz, 159.54 W, 0x0000000000000000
2026/08/28 15:03:06.746, 0 %, 17618 MiB, 58, P2, 1800 MHz, 9501 MHz, 128.93 W, 0x0000000000000000
2026/08/28 15:03:11.771, 100 %, 17618 MiB, 59, P2, 1950 MHz, 9501 MHz, 162.88 W, 0x0000000000000000
2026/08/28 15:03:16.793, 100 %, 18762 MiB, 60, P2, 1950 MHz, 9501 MHz, 163.20 W, 0x0000000000000000
2026/08/28 15:03:21.814, 66 %, 20276 MiB, 65, P2, 1950 MHz, 9501 MHz, 305.04 W, 0x0000000000000000
2026/08/28 15:03:26.833, 69 %, 20288 MiB, 61, P2, 1935 MHz, 9501 MHz, 225.30 W, 0x0000000000000000
2026/08/28 15:03:31.853, 67 %, 20288 MiB, 67, P2, 1935 MHz, 9501 MHz, 309.89 W, 0x0000000000000000
2026/08/28 15:03:36.873, 0 %, 346 MiB, 61, P2, 1950 MHz, 9501 MHz, 151.84 W, 0x0000000000000000
2026/08/28 15:03:41.893, 99 %, 20144 MiB, 60, P2, 1950 MHz, 9501 MHz, 164.58 W, 0x0000000000000000
2026/08/28 15:03:46.918, 99 %, 20144 MiB, 60, P2, 1950 MHz, 9501 MHz, 163.86 W, 0x0000000000000000
2026/08/28 15:03:51.942, 70 %, 20816 MiB, 64, P2, 1950 MHz, 9501 MHz, 231.69 W, 0x0000000000000000
2026/08/28 15:03:56.963, 21 %, 20824 MiB, 63, P2, 1935 MHz, 9501 MHz, 272.05 W, 0x0000000000000000
2026/08/28 15:04:01.983, 79 %, 20824 MiB, 66, P2, 1935 MHz, 9501 MHz, 294.69 W, 0x0000000000000004
2026/08/28 15:04:07.001, 67 %, 82 MiB, 64, P2, 1935 MHz, 9501 MHz, 256.29 W, 0x0000000000000000
2026/08/28 15:04:12.020, 21 %, 346 MiB, 61, P2, 1695 MHz, 9501 MHz, 163.58 W, 0x0000000000000000
2026/08/28 15:04:17.042, 100 %, 18082 MiB, 61, P2, 1950 MHz, 9501 MHz, 166.13 W, 0x0000000000000000
2026/08/28 15:04:22.068, 99 %, 18082 MiB, 60, P2, 1950 MHz, 9501 MHz, 164.89 W, 0x0000000000000000
2026/08/28 15:04:27.091, 75 %, 21828 MiB, 65, P2, 1935 MHz, 9501 MHz, 304.94 W, 0x0000000000000000
2026/08/28 15:04:32.109, 72 %, 21828 MiB, 67, P2, 1935 MHz, 9501 MHz, 315.80 W, 0x0000000000000000
2026/08/28 15:04:37.127, 72 %, 21830 MiB, 68, P2, 1935 MHz, 9501 MHz, 304.29 W, 0x0000000000000000
2026/08/28 15:04:42.147, 70 %, 21834 MiB, 68, P2, 1935 MHz, 9501 MHz, 280.68 W, 0x0000000000000000
2026/08/28 15:04:47.169, 72 %, 21834 MiB, 69, P2, 1935 MHz, 9501 MHz, 316.28 W, 0x0000000000000000
2026/08/28 15:04:52.190, 72 %, 21834 MiB, 70, P2, 1935 MHz, 9501 MHz, 291.79 W, 0x0000000000000000
2026/08/28 15:04:57.209, 0 %, 82 MiB, 64, P0, 1935 MHz, 9751 MHz, 167.62 W, 0x0000000000000000
2026/08/28 15:05:02.229, 99 %, 20144 MiB, 62, P2, 1935 MHz, 9501 MHz, 155.45 W, 0x0000000000000000
2026/08/28 15:05:07.251, 99 %, 20144 MiB, 62, P2, 1935 MHz, 9501 MHz, 168.13 W, 0x0000000000000000
2026/08/28 15:05:12.272, 99 %, 20800 MiB, 61, P2, 1935 MHz, 9501 MHz, 167.23 W, 0x0000000000000000
2026/08/28 15:05:17.290, 77 %, 20816 MiB, 68, P2, 1935 MHz, 9501 MHz, 327.03 W, 0x0000000000000000
2026/08/28 15:05:22.309, 77 %, 20816 MiB, 69, P2, 1935 MHz, 9501 MHz, 292.25 W, 0x0000000000000000
2026/08/28 15:05:27.329, 78 %, 20824 MiB, 68, P2, 1785 MHz, 9501 MHz, 291.15 W, 0x0000000000000004
2026/08/28 15:05:32.351, 76 %, 20824 MiB, 71, P2, 1935 MHz, 9501 MHz, 333.34 W, 0x0000000000000000
2026/08/28 15:05:37.371, 76 %, 20824 MiB, 73, P2, 1935 MHz, 9501 MHz, 337.47 W, 0x0000000000000000
2026/08/28 15:05:42.391, 62 %, 20824 MiB, 73, P2, 1935 MHz, 9501 MHz, 302.36 W, 0x0000000000000000
2026/08/28 15:05:47.409, 0 %, 346 MiB, 63, P0, 1695 MHz, 9751 MHz, 154.23 W, 0x0000000000000024
2026/08/28 15:05:52.427, 99 %, 18082 MiB, 63, P2, 1935 MHz, 9501 MHz, 163.60 W, 0x0000000000000000
2026/08/28 15:05:57.455, 100 %, 18082 MiB, 62, P2, 1935 MHz, 9501 MHz, 169.59 W, 0x0000000000000000
2026/08/28 15:06:02.480, 46 %, 21828 MiB, 64, P2, 1935 MHz, 9501 MHz, 213.49 W, 0x0000000000000000
2026/08/28 15:06:07.502, 33 %, 21830 MiB, 65, P2, 1935 MHz, 9501 MHz, 296.26 W, 0x0000000000000000
2026/08/28 15:06:12.524, 73 %, 21834 MiB, 68, P2, 1935 MHz, 9501 MHz, 312.65 W, 0x0000000000000000
2026/08/28 15:06:17.545, 67 %, 21834 MiB, 68, P2, 1935 MHz, 9501 MHz, 315.78 W, 0x0000000000000000
2026/08/28 15:06:22.564, 0 %, 346 MiB, 62, P2, 1950 MHz, 9501 MHz, 160.96 W, 0x0000000000000000
2026/08/28 15:06:27.583, 99 %, 19044 MiB, 61, P2, 1950 MHz, 9501 MHz, 167.26 W, 0x0000000000000000
2026/08/28 15:06:32.608, 100 %, 19044 MiB, 60, P2, 1950 MHz, 9501 MHz, 166.22 W, 0x0000000000000000
2026/08/28 15:06:37.628, 0 %, 22218 MiB, 60, P2, 1950 MHz, 9501 MHz, 166.50 W, 0x0000000000000000
2026/08/28 15:06:42.647, 80 %, 22286 MiB, 66, P2, 1935 MHz, 9501 MHz, 321.65 W, 0x0000000000000000
2026/08/28 15:06:47.669, 76 %, 22292 MiB, 66, P2, 1935 MHz, 9501 MHz, 268.69 W, 0x0000000000000004
2026/08/28 15:06:52.689, 80 %, 414 MiB, 66, P2, 1935 MHz, 9501 MHz, 288.09 W, 0x0000000000000000
2026/08/28 15:06:57.709, 0 %, 346 MiB, 61, P2, 1950 MHz, 9501 MHz, 165.69 W, 0x0000000000000000
2026/08/28 15:07:02.728, 99 %, 19044 MiB, 60, P2, 1950 MHz, 9501 MHz, 167.48 W, 0x0000000000000000
2026/08/28 15:07:07.754, 99 %, 19044 MiB, 59, P2, 1950 MHz, 9501 MHz, 166.73 W, 0x0000000000000000
2026/08/28 15:07:12.779, 53 %, 22286 MiB, 64, P2, 1950 MHz, 9501 MHz, 227.70 W, 0x0000000000000000
2026/08/28 15:07:17.801, 78 %, 22286 MiB, 66, P2, 1935 MHz, 9501 MHz, 314.52 W, 0x0000000000000004
2026/08/28 15:07:22.819, 77 %, 22288 MiB, 67, P2, 1935 MHz, 9501 MHz, 278.36 W, 0x0000000000000004
2026/08/28 15:07:27.839, 100 %, 22292 MiB, 68, P2, 1935 MHz, 9501 MHz, 252.26 W, 0x0000000000000000
2026/08/28 15:07:32.859, 78 %, 22292 MiB, 69, P2, 1935 MHz, 9501 MHz, 289.72 W, 0x0000000000000004
2026/08/28 15:07:37.877, 72 %, 22292 MiB, 69, P2, 1935 MHz, 9501 MHz, 291.06 W, 0x0000000000000004
2026/08/28 15:07:43.045, 0 %, 346 MiB, 62, P2, 1770 MHz, 9751 MHz, 150.23 W, 0x0000000000000000
2026/08/28 15:07:48.065, 100 %, 20144 MiB, 62, P2, 1935 MHz, 9501 MHz, 167.68 W, 0x0000000000000000
2026/08/28 15:07:53.087, 100 %, 20144 MiB, 61, P2, 1935 MHz, 9501 MHz, 167.11 W, 0x0000000000000000
2026/08/28 15:07:58.108, 1 %, 20816 MiB, 61, P2, 1935 MHz, 9501 MHz, 168.33 W, 0x0000000000000000
2026/08/28 15:08:03.127, 78 %, 20816 MiB, 68, P2, 1935 MHz, 9501 MHz, 327.65 W, 0x0000000000000000
2026/08/28 15:08:08.146, 77 %, 20824 MiB, 69, P2, 1935 MHz, 9501 MHz, 307.12 W, 0x0000000000000000
2026/08/28 15:08:13.168, 52 %, 20824 MiB, 66, P2, 1935 MHz, 9501 MHz, 306.83 W, 0x0000000000000000
2026/08/28 15:08:18.188, 0 %, 346 MiB, 62, P2, 1950 MHz, 9501 MHz, 169.42 W, 0x0000000000000000
2026/08/28 15:08:23.207, 100 %, 19362 MiB, 61, P2, 1950 MHz, 9501 MHz, 169.34 W, 0x0000000000000000
2026/08/28 15:08:28.232, 100 %, 19362 MiB, 61, P2, 1950 MHz, 9501 MHz, 167.77 W, 0x0000000000000000
2026/08/28 15:08:33.255, 84 %, 20768 MiB, 62, P2, 1950 MHz, 9501 MHz, 189.14 W, 0x0000000000000000
2026/08/28 15:08:38.275, 85 %, 20770 MiB, 63, P2, 1950 MHz, 9501 MHz, 225.61 W, 0x0000000000000000
2026/08/28 15:08:43.295, 80 %, 20772 MiB, 63, P2, 1950 MHz, 9501 MHz, 227.90 W, 0x0000000000000000
2026/08/28 15:08:48.317, 84 %, 20772 MiB, 63, P2, 1950 MHz, 9501 MHz, 225.95 W, 0x0000000000000000
2026/08/28 15:08:53.334, 84 %, 20772 MiB, 64, P2, 1950 MHz, 9501 MHz, 231.38 W, 0x0000000000000000
2026/08/28 15:08:58.354, 82 %, 20772 MiB, 63, P2, 1950 MHz, 9501 MHz, 225.87 W, 0x0000000000000000
2026/08/28 15:09:03.376, 79 %, 20772 MiB, 64, P2, 1950 MHz, 9501 MHz, 229.74 W, 0x0000000000000000
2026/08/28 15:09:08.397, 80 %, 20772 MiB, 63, P2, 1950 MHz, 9501 MHz, 215.65 W, 0x0000000000000000
2026/08/28 15:09:13.417, 83 %, 20774 MiB, 64, P2, 1950 MHz, 9501 MHz, 236.30 W, 0x0000000000000000
2026/08/28 15:09:18.438, 78 %, 20780 MiB, 64, P2, 1950 MHz, 9501 MHz, 231.27 W, 0x0000000000000000
2026/08/28 15:09:23.460, 85 %, 20780 MiB, 63, P2, 1950 MHz, 9501 MHz, 226.82 W, 0x0000000000000000
2026/08/28 15:09:28.483, 80 %, 20780 MiB, 64, P2, 1950 MHz, 9501 MHz, 228.63 W, 0x0000000000000000
2026/08/28 15:09:33.505, 81 %, 20780 MiB, 64, P2, 1950 MHz, 9501 MHz, 231.02 W, 0x0000000000000000
2026/08/28 15:09:38.527, 81 %, 20780 MiB, 64, P2, 1950 MHz, 9501 MHz, 232.10 W, 0x0000000000000000
2026/08/28 15:09:43.548, 83 %, 20780 MiB, 64, P2, 1950 MHz, 9501 MHz, 218.65 W, 0x0000000000000000
2026/08/28 15:09:48.569, 82 %, 20780 MiB, 64, P2, 1950 MHz, 9501 MHz, 237.40 W, 0x0000000000000000
2026/08/28 15:09:53.589, 80 %, 20780 MiB, 64, P2, 1950 MHz, 9501 MHz, 229.68 W, 0x0000000000000000
2026/08/28 15:09:58.608, 81 %, 20780 MiB, 64, P2, 1950 MHz, 9501 MHz, 229.73 W, 0x0000000000000000
2026/08/28 15:10:03.629, 82 %, 20780 MiB, 64, P2, 1950 MHz, 9501 MHz, 221.87 W, 0x0000000000000000
2026/08/28 15:10:08.650, 82 %, 20780 MiB, 64, P2, 1950 MHz, 9501 MHz, 227.11 W, 0x0000000000000000
2026/08/28 15:10:13.670, 0 %, 82 MiB, 62, P0, 1950 MHz, 9751 MHz, 170.27 W, 0x0000000000000001
2026/08/28 15:10:18.690, 100 %, 20144 MiB, 60, P2, 1950 MHz, 9501 MHz, 140.85 W, 0x0000000000000000
2026/08/28 15:10:23.714, 100 %, 20144 MiB, 60, P2, 1950 MHz, 9501 MHz, 165.43 W, 0x0000000000000000
2026/08/28 15:10:28.739, 100 %, 20144 MiB, 60, P2, 1950 MHz, 9501 MHz, 164.25 W, 0x0000000000000000
2026/08/28 15:10:33.762, 77 %, 20816 MiB, 66, P2, 1950 MHz, 9501 MHz, 297.30 W, 0x0000000000000000
2026/08/28 15:10:38.783, 76 %, 20816 MiB, 68, P2, 1950 MHz, 9501 MHz, 328.04 W, 0x0000000000000000
2026/08/28 15:10:43.802, 77 %, 20820 MiB, 69, P2, 1935 MHz, 9501 MHz, 329.70 W, 0x0000000000000000
2026/08/28 15:10:48.821, 75 %, 20824 MiB, 70, P2, 1935 MHz, 9501 MHz, 302.80 W, 0x0000000000000000
2026/08/28 15:10:53.839, 64 %, 20824 MiB, 69, P2, 1920 MHz, 9501 MHz, 290.60 W, 0x0000000000000004
2026/08/28 15:10:58.859, 79 %, 20824 MiB, 72, P2, 1935 MHz, 9501 MHz, 337.71 W, 0x0000000000000000
2026/08/28 15:11:03.881, 0 %, 82 MiB, 66, P0, 1935 MHz, 9751 MHz, 175.76 W, 0x0000000000000001
2026/08/28 15:11:08.900, 97 %, 19362 MiB, 63, P2, 1950 MHz, 9501 MHz, 146.86 W, 0x0000000000000000
2026/08/28 15:11:13.927, 99 %, 19362 MiB, 62, P2, 1950 MHz, 9501 MHz, 171.86 W, 0x0000000000000000
2026/08/28 15:11:18.950, 100 %, 19362 MiB, 61, P2, 1950 MHz, 9501 MHz, 170.25 W, 0x0000000000000000
2026/08/28 15:11:23.977, 83 %, 20768 MiB, 63, P2, 1950 MHz, 9501 MHz, 227.51 W, 0x0000000000000000
2026/08/28 15:11:28.998, 85 %, 20770 MiB, 63, P2, 1950 MHz, 9501 MHz, 226.89 W, 0x0000000000000000
2026/08/28 15:11:34.016, 82 %, 20770 MiB, 63, P2, 1950 MHz, 9501 MHz, 227.21 W, 0x0000000000000000
2026/08/28 15:11:39.039, 83 %, 20770 MiB, 63, P2, 1950 MHz, 9501 MHz, 231.79 W, 0x0000000000000000
2026/08/28 15:11:44.060, 86 %, 20776 MiB, 62, P2, 1950 MHz, 9501 MHz, 215.07 W, 0x0000000000000000
2026/08/28 15:11:49.081, 83 %, 20780 MiB, 63, P2, 1950 MHz, 9501 MHz, 230.11 W, 0x0000000000000000
2026/08/28 15:11:54.101, 81 %, 20780 MiB, 63, P2, 1950 MHz, 9501 MHz, 229.25 W, 0x0000000000000000
2026/08/28 15:11:59.121, 82 %, 20780 MiB, 63, P2, 1950 MHz, 9501 MHz, 234.68 W, 0x0000000000000000
2026/08/28 15:12:04.139, 84 %, 20780 MiB, 63, P2, 1950 MHz, 9501 MHz, 225.76 W, 0x0000000000000000
2026/08/28 15:12:09.160, 77 %, 20780 MiB, 63, P2, 1950 MHz, 9501 MHz, 224.48 W, 0x0000000000000000
2026/08/28 15:12:14.181, 80 %, 20780 MiB, 63, P2, 1950 MHz, 9501 MHz, 228.16 W, 0x0000000000000000
2026/08/28 15:12:19.202, 0 %, 82 MiB, 61, P0, 1950 MHz, 9751 MHz, 168.48 W, 0x0000000000000001
2026/08/28 15:12:24.224, 0 %, 19044 MiB, 58, P2, 1695 MHz, 9501 MHz, 130.60 W, 0x0000000000000000
2026/08/28 15:12:29.247, 100 %, 19044 MiB, 59, P2, 1965 MHz, 9501 MHz, 166.13 W, 0x0000000000000000
2026/08/28 15:12:34.274, 99 %, 19044 MiB, 59, P2, 1965 MHz, 9501 MHz, 165.43 W, 0x0000000000000000
2026/08/28 15:12:39.296, 27 %, 22286 MiB, 64, P2, 1950 MHz, 9501 MHz, 286.73 W, 0x0000000000000000
2026/08/28 15:12:44.317, 77 %, 22292 MiB, 66, P2, 1950 MHz, 9501 MHz, 323.82 W, 0x0000000000000000
2026/08/28 15:12:49.339, 76 %, 22292 MiB, 67, P2, 1950 MHz, 9501 MHz, 301.70 W, 0x0000000000000000
2026/08/28 15:12:54.495, 0 %, 346 MiB, 58, P0, 390 MHz, 5001 MHz, 144.95 W, 0x0000000000000024
2026/08/28 15:12:59.516, 100 %, 17618 MiB, 60, P2, 1965 MHz, 9501 MHz, 162.75 W, 0x0000000000000000
2026/08/28 15:13:04.540, 100 %, 17618 MiB, 59, P2, 1965 MHz, 9501 MHz, 166.43 W, 0x0000000000000000
2026/08/28 15:13:09.568, 0 %, 20136 MiB, 59, P2, 1965 MHz, 9501 MHz, 166.76 W, 0x0000000000000000
2026/08/28 15:13:14.590, 73 %, 20276 MiB, 66, P2, 1950 MHz, 9501 MHz, 313.75 W, 0x0000000000000000
2026/08/28 15:13:19.610, 70 %, 20276 MiB, 67, P2, 1950 MHz, 9501 MHz, 312.87 W, 0x0000000000000000
2026/08/28 15:13:24.630, 68 %, 20288 MiB, 67, P2, 1950 MHz, 9501 MHz, 309.81 W, 0x0000000000000000
2026/08/28 15:13:29.651, 67 %, 20288 MiB, 67, P2, 1950 MHz, 9501 MHz, 289.81 W, 0x0000000000000000
2026/08/28 15:13:34.671, 70 %, 20288 MiB, 69, P2, 1950 MHz, 9501 MHz, 315.57 W, 0x0000000000000000
2026/08/28 15:13:39.693, 0 %, 82 MiB, 64, P0, 1950 MHz, 9751 MHz, 170.60 W, 0x0000000000000000
2026/08/28 15:13:44.715, 0 %, 19044 MiB, 60, P2, 1695 MHz, 9501 MHz, 133.35 W, 0x0000000000000000
2026/08/28 15:13:49.739, 99 %, 19044 MiB, 61, P2, 1950 MHz, 9501 MHz, 168.64 W, 0x0000000000000000
2026/08/28 15:13:54.761, 100 %, 19044 MiB, 61, P2, 1950 MHz, 9501 MHz, 167.25 W, 0x0000000000000000
2026/08/28 15:13:59.784, 76 %, 22286 MiB, 67, P2, 1950 MHz, 9501 MHz, 322.05 W, 0x0000000000000000
2026/08/28 15:14:04.805, 75 %, 22286 MiB, 68, P2, 1950 MHz, 9501 MHz, 282.78 W, 0x0000000000000000
2026/08/28 15:14:09.827, 100 %, 22292 MiB, 64, P2, 1920 MHz, 9501 MHz, 264.30 W, 0x0000000000000004
2026/08/28 15:14:14.864, 78 %, 22292 MiB, 70, P2, 1935 MHz, 9501 MHz, 331.11 W, 0x0000000000000000
2026/08/28 15:14:19.884, 76 %, 22292 MiB, 70, P2, 1935 MHz, 9501 MHz, 299.19 W, 0x0000000000000000
2026/08/28 15:14:24.905, 80 %, 22292 MiB, 71, P2, 1920 MHz, 9501 MHz, 315.66 W, 0x0000000000000004
2026/08/28 15:14:29.927, 0 %, 346 MiB, 64, P2, 1950 MHz, 9501 MHz, 167.42 W, 0x0000000000000000
2026/08/28 15:14:34.947, 99 %, 17618 MiB, 62, P2, 1950 MHz, 9501 MHz, 170.35 W, 0x0000000000000000
2026/08/28 15:14:39.973, 100 %, 17618 MiB, 62, P2, 1950 MHz, 9501 MHz, 169.01 W, 0x0000000000000000
2026/08/28 15:14:44.997, 52 %, 20276 MiB, 66, P2, 1950 MHz, 9501 MHz, 254.76 W, 0x0000000000000000
2026/08/28 15:14:50.018, 91 %, 20288 MiB, 62, P2, 1950 MHz, 9501 MHz, 201.01 W, 0x0000000000000000
2026/08/28 15:14:55.039, 38 %, 20288 MiB, 68, P2, 1950 MHz, 9501 MHz, 273.83 W, 0x0000000000000000
2026/08/28 15:15:00.058, 0 %, 82 MiB, 63, P0, 1950 MHz, 9751 MHz, 174.35 W, 0x0000000000000000
2026/08/28 15:15:05.075, 3 %, 346 MiB, 60, P2, 1695 MHz, 9501 MHz, 139.08 W, 0x0000000000000000
2026/08/28 15:15:10.095, 100 %, 18082 MiB, 61, P2, 1950 MHz, 9501 MHz, 167.76 W, 0x0000000000000000
2026/08/28 15:15:15.117, 100 %, 18082 MiB, 60, P2, 1950 MHz, 9501 MHz, 167.21 W, 0x0000000000000000
2026/08/28 15:15:20.141, 41 %, 21828 MiB, 62, P2, 1950 MHz, 9501 MHz, 260.45 W, 0x0000000000000000
2026/08/28 15:15:25.162, 66 %, 21834 MiB, 65, P2, 1950 MHz, 9501 MHz, 219.19 W, 0x0000000000000000
2026/08/28 15:15:30.184, 69 %, 21834 MiB, 66, P2, 1950 MHz, 9501 MHz, 269.08 W, 0x0000000000000000
2026/08/28 15:15:35.205, 0 %, 82 MiB, 63, P0, 1950 MHz, 9751 MHz, 216.57 W, 0x0000000000000000
2026/08/28 15:15:40.225, 1 %, 1604 MiB, 59, P2, 1695 MHz, 9501 MHz, 145.12 W, 0x0000000000000000
2026/08/28 15:15:45.248, 100 %, 18082 MiB, 60, P2, 1950 MHz, 9501 MHz, 165.51 W, 0x0000000000000000
2026/08/28 15:15:50.277, 100 %, 18082 MiB, 60, P2, 1950 MHz, 9501 MHz, 165.21 W, 0x0000000000000000
2026/08/28 15:15:55.299, 69 %, 21828 MiB, 66, P2, 1950 MHz, 9501 MHz, 318.15 W, 0x0000000000000000
2026/08/28 15:16:00.320, 40 %, 21828 MiB, 64, P2, 1950 MHz, 9501 MHz, 282.74 W, 0x0000000000000000
2026/08/28 15:16:05.340, 72 %, 21830 MiB, 67, P2, 1950 MHz, 9501 MHz, 317.49 W, 0x0000000000000000
2026/08/28 15:16:10.359, 71 %, 21834 MiB, 68, P2, 1950 MHz, 9501 MHz, 313.25 W, 0x0000000000000000
2026/08/28 15:16:15.379, 72 %, 21834 MiB, 69, P2, 1950 MHz, 9501 MHz, 320.31 W, 0x0000000000000000
2026/08/28 15:16:20.401, 72 %, 21834 MiB, 70, P2, 1935 MHz, 9501 MHz, 308.61 W, 0x0000000000000000
2026/08/28 15:16:25.733, 0 %, 99 MiB, 61, P0, 390 MHz, 5001 MHz, 152.31 W, 0x0000000000000000
2026/08/28 15:16:30.756, 100 %, 17618 MiB, 62, P2, 1950 MHz, 9501 MHz, 165.68 W, 0x0000000000000000
2026/08/28 15:16:35.784, 100 %, 17618 MiB, 61, P2, 1950 MHz, 9501 MHz, 169.39 W, 0x0000000000000000
2026/08/28 15:16:40.806, 0 %, 20136 MiB, 61, P2, 1950 MHz, 9501 MHz, 169.76 W, 0x0000000000000000
2026/08/28 15:16:45.831, 70 %, 20276 MiB, 68, P2, 1950 MHz, 9501 MHz, 316.63 W, 0x0000000000000000
2026/08/28 15:16:50.854, 68 %, 20276 MiB, 68, P2, 1950 MHz, 9501 MHz, 317.91 W, 0x0000000000000000
2026/08/28 15:16:55.873, 69 %, 20288 MiB, 68, P2, 1950 MHz, 9501 MHz, 313.13 W, 0x0000000000000000
2026/08/28 15:17:00.894, 70 %, 20288 MiB, 69, P2, 1935 MHz, 9501 MHz, 311.66 W, 0x0000000000000000
2026/08/28 15:17:05.916, 70 %, 20288 MiB, 70, P2, 1935 MHz, 9501 MHz, 317.55 W, 0x0000000000000000
2026/08/28 15:17:10.937, 0 %, 82 MiB, 65, P0, 1935 MHz, 9751 MHz, 173.72 W, 0x0000000000000001
2026/08/28 15:17:15.958, 0 %, 17618 MiB, 61, P2, 1950 MHz, 9501 MHz, 132.79 W, 0x0000000000000000
2026/08/28 15:17:20.985, 99 %, 17618 MiB, 62, P2, 1950 MHz, 9501 MHz, 170.32 W, 0x0000000000000000
2026/08/28 15:17:26.010, 99 %, 17618 MiB, 61, P2, 1950 MHz, 9501 MHz, 169.52 W, 0x0000000000000000
2026/08/28 15:17:31.034, 68 %, 20276 MiB, 66, P2, 1950 MHz, 9501 MHz, 285.37 W, 0x0000000000000000
2026/08/28 15:17:36.059, 67 %, 20288 MiB, 68, P2, 1950 MHz, 9501 MHz, 312.05 W, 0x0000000000000000
2026/08/28 15:17:41.079, 69 %, 20288 MiB, 68, P2, 1950 MHz, 9501 MHz, 310.75 W, 0x0000000000000000
2026/08/28 15:17:46.118, 0 %, 346 MiB, 61, P2, 1950 MHz, 9751 MHz, 142.91 W, 0x0000000000000000
2026/08/28 15:17:51.137, 99 %, 19362 MiB, 61, P2, 1950 MHz, 9501 MHz, 168.79 W, 0x0000000000000000
2026/08/28 15:17:56.161, 100 %, 19362 MiB, 60, P2, 1950 MHz, 9501 MHz, 168.21 W, 0x0000000000000000
2026/08/28 15:18:01.187, 100 %, 20502 MiB, 60, P2, 1950 MHz, 9501 MHz, 168.87 W, 0x0000000000000000
2026/08/28 15:18:06.211, 84 %, 20770 MiB, 63, P2, 1950 MHz, 9501 MHz, 223.93 W, 0x0000000000000000
2026/08/28 15:18:11.232, 82 %, 20770 MiB, 63, P2, 1950 MHz, 9501 MHz, 215.14 W, 0x0000000000000000
2026/08/28 15:18:16.251, 84 %, 20770 MiB, 63, P2, 1950 MHz, 9501 MHz, 225.60 W, 0x0000000000000000
2026/08/28 15:18:21.272, 84 %, 20772 MiB, 63, P2, 1950 MHz, 9501 MHz, 226.89 W, 0x0000000000000000
2026/08/28 15:18:26.292, 90 %, 20778 MiB, 63, P2, 1950 MHz, 9501 MHz, 205.66 W, 0x0000000000000000
2026/08/28 15:18:31.314, 84 %, 20780 MiB, 64, P2, 1950 MHz, 9501 MHz, 232.73 W, 0x0000000000000000
2026/08/28 15:18:36.335, 79 %, 20780 MiB, 63, P2, 1950 MHz, 9501 MHz, 231.18 W, 0x0000000000000000
2026/08/28 15:18:41.357, 81 %, 20780 MiB, 63, P2, 1950 MHz, 9501 MHz, 225.09 W, 0x0000000000000000
2026/08/28 15:18:46.379, 82 %, 20780 MiB, 63, P2, 1950 MHz, 9501 MHz, 228.53 W, 0x0000000000000000
2026/08/28 15:18:51.398, 82 %, 20780 MiB, 63, P2, 1950 MHz, 9501 MHz, 227.13 W, 0x0000000000000000
2026/08/28 15:18:56.429, 81 %, 20780 MiB, 62, P2, 1950 MHz, 9501 MHz, 227.41 W, 0x0000000000000000
2026/08/28 15:19:01.448, 0 %, 346 MiB, 60, P2, 1965 MHz, 9751 MHz, 144.50 W, 0x0000000000000000
2026/08/28 15:19:06.469, 100 %, 18082 MiB, 60, P2, 1965 MHz, 9501 MHz, 167.34 W, 0x0000000000000000
2026/08/28 15:19:11.495, 100 %, 18082 MiB, 60, P2, 1965 MHz, 9501 MHz, 166.61 W, 0x0000000000000000
2026/08/28 15:19:16.516, 0 %, 21760 MiB, 59, P2, 1965 MHz, 9501 MHz, 168.01 W, 0x0000000000000000
2026/08/28 15:19:21.535, 73 %, 21828 MiB, 63, P2, 1950 MHz, 9501 MHz, 297.66 W, 0x0000000000000000
2026/08/28 15:19:26.556, 72 %, 21828 MiB, 67, P2, 1950 MHz, 9501 MHz, 318.78 W, 0x0000000000000000
2026/08/28 15:19:31.577, 70 %, 21834 MiB, 67, P2, 1950 MHz, 9501 MHz, 310.24 W, 0x0000000000000000
2026/08/28 15:19:36.599, 71 %, 21834 MiB, 68, P2, 1950 MHz, 9501 MHz, 311.52 W, 0x0000000000000000
2026/08/28 15:19:41.621, 73 %, 21834 MiB, 69, P2, 1935 MHz, 9501 MHz, 315.42 W, 0x0000000000000000
2026/08/28 15:19:46.643, 75 %, 414 MiB, 70, P2, 1935 MHz, 9501 MHz, 325.10 W, 0x0000000000000000
2026/08/28 15:19:51.664, 0 %, 346 MiB, 63, P2, 1950 MHz, 9501 MHz, 170.70 W, 0x0000000000000000
2026/08/28 15:19:56.686, 100 %, 19362 MiB, 62, P2, 1950 MHz, 9501 MHz, 170.37 W, 0x0000000000000000
2026/08/28 15:20:01.712, 100 %, 19362 MiB, 61, P2, 1950 MHz, 9501 MHz, 169.22 W, 0x0000000000000000
2026/08/28 15:20:06.737, 67 %, 20768 MiB, 63, P2, 1950 MHz, 9501 MHz, 207.92 W, 0x0000000000000000
2026/08/28 15:20:11.759, 83 %, 20770 MiB, 63, P2, 1950 MHz, 9501 MHz, 227.88 W, 0x0000000000000000
2026/08/28 15:20:16.777, 84 %, 20772 MiB, 63, P2, 1950 MHz, 9501 MHz, 227.77 W, 0x0000000000000000
2026/08/28 15:20:21.796, 81 %, 20772 MiB, 63, P2, 1950 MHz, 9501 MHz, 225.35 W, 0x0000000000000000
2026/08/28 15:20:26.816, 85 %, 20772 MiB, 64, P2, 1950 MHz, 9501 MHz, 234.29 W, 0x0000000000000000
2026/08/28 15:20:31.837, 84 %, 20772 MiB, 63, P2, 1950 MHz, 9501 MHz, 225.84 W, 0x0000000000000000
2026/08/28 15:20:36.859, 83 %, 20772 MiB, 63, P2, 1950 MHz, 9501 MHz, 229.68 W, 0x0000000000000000
2026/08/28 15:20:41.879, 84 %, 20772 MiB, 64, P2, 1950 MHz, 9501 MHz, 226.65 W, 0x0000000000000000
2026/08/28 15:20:46.897, 29 %, 20774 MiB, 62, P2, 1950 MHz, 9501 MHz, 231.63 W, 0x0000000000000000
2026/08/28 15:20:51.920, 80 %, 20780 MiB, 63, P2, 1950 MHz, 9501 MHz, 229.42 W, 0x0000000000000000
2026/08/28 15:20:56.940, 81 %, 20780 MiB, 64, P2, 1950 MHz, 9501 MHz, 227.00 W, 0x0000000000000000
2026/08/28 15:21:01.957, 85 %, 20780 MiB, 64, P2, 1950 MHz, 9501 MHz, 229.28 W, 0x0000000000000000
2026/08/28 15:21:06.976, 84 %, 20780 MiB, 64, P2, 1950 MHz, 9501 MHz, 229.97 W, 0x0000000000000000
2026/08/28 15:21:11.997, 81 %, 20780 MiB, 64, P2, 1950 MHz, 9501 MHz, 231.85 W, 0x0000000000000000
2026/08/28 15:21:17.018, 84 %, 20780 MiB, 63, P2, 1950 MHz, 9501 MHz, 226.04 W, 0x0000000000000000
2026/08/28 15:21:22.038, 83 %, 20780 MiB, 63, P2, 1950 MHz, 9501 MHz, 214.82 W, 0x0000000000000000
2026/08/28 15:21:27.055, 81 %, 20780 MiB, 64, P2, 1950 MHz, 9501 MHz, 230.16 W, 0x0000000000000000
2026/08/28 15:21:32.075, 82 %, 20780 MiB, 64, P2, 1950 MHz, 9501 MHz, 230.31 W, 0x0000000000000000
2026/08/28 15:21:37.095, 81 %, 20780 MiB, 64, P2, 1950 MHz, 9501 MHz, 228.33 W, 0x0000000000000000
2026/08/28 15:21:42.116, 81 %, 20780 MiB, 64, P2, 1950 MHz, 9501 MHz, 229.15 W, 0x0000000000000000
2026/08/28 15:21:47.412, 0 %, 99 MiB, 58, P0, 450 MHz, 5001 MHz, 136.56 W, 0x0000000000000000
2026/08/28 15:21:52.436, 100 %, 18082 MiB, 60, P2, 1965 MHz, 9501 MHz, 159.01 W, 0x0000000000000000
2026/08/28 15:21:57.464, 100 %, 18082 MiB, 60, P2, 1965 MHz, 9501 MHz, 166.64 W, 0x0000000000000000
2026/08/28 15:22:02.489, 99 %, 20636 MiB, 60, P2, 1965 MHz, 9501 MHz, 167.64 W, 0x0000000000000000
2026/08/28 15:22:07.515, 70 %, 21828 MiB, 66, P2, 1950 MHz, 9501 MHz, 310.87 W, 0x0000000000000000
2026/08/28 15:22:12.534, 67 %, 21834 MiB, 62, P2, 1935 MHz, 9501 MHz, 261.04 W, 0x0000000000000004
2026/08/28 15:22:17.555, 68 %, 21834 MiB, 67, P2, 1950 MHz, 9501 MHz, 314.03 W, 0x0000000000000000
2026/08/28 15:22:22.603, 0 %, 99 MiB, 59, P0, 390 MHz, 5001 MHz, 145.62 W, 0x0000000000000000
2026/08/28 15:22:27.624, 99 %, 20144 MiB, 61, P2, 1950 MHz, 9501 MHz, 166.95 W, 0x0000000000000000
2026/08/28 15:22:32.650, 100 %, 20144 MiB, 60, P2, 1950 MHz, 9501 MHz, 165.86 W, 0x0000000000000000
2026/08/28 15:22:37.672, 100 %, 20144 MiB, 60, P2, 1950 MHz, 9501 MHz, 165.69 W, 0x0000000000000000
2026/08/28 15:22:42.695, 79 %, 20816 MiB, 67, P2, 1950 MHz, 9501 MHz, 327.61 W, 0x0000000000000000
2026/08/28 15:22:47.716, 76 %, 20824 MiB, 63, P2, 1935 MHz, 9501 MHz, 269.32 W, 0x0000000000000004
2026/08/28 15:22:52.737, 78 %, 20824 MiB, 69, P2, 1935 MHz, 9501 MHz, 327.89 W, 0x0000000000000000
2026/08/28 15:22:57.756, 0 %, 346 MiB, 62, P2, 1950 MHz, 9501 MHz, 145.77 W, 0x0000000000000000
2026/08/28 15:23:02.777, 100 %, 19044 MiB, 61, P2, 1950 MHz, 9501 MHz, 167.58 W, 0x0000000000000000
2026/08/28 15:23:07.801, 100 %, 19044 MiB, 61, P2, 1950 MHz, 9501 MHz, 167.43 W, 0x0000000000000000
2026/08/28 15:23:12.824, 0 %, 21094 MiB, 60, P2, 1950 MHz, 9501 MHz, 168.35 W, 0x0000000000000000
2026/08/28 15:23:17.848, 77 %, 22286 MiB, 67, P2, 1950 MHz, 9501 MHz, 331.78 W, 0x0000000000000000
2026/08/28 15:23:22.869, 78 %, 22286 MiB, 68, P2, 1935 MHz, 9501 MHz, 321.99 W, 0x0000000000000004
2026/08/28 15:23:27.889, 74 %, 22292 MiB, 69, P2, 1935 MHz, 9501 MHz, 327.28 W, 0x0000000000000004
2026/08/28 15:23:32.912, 76 %, 22292 MiB, 67, P2, 1935 MHz, 9501 MHz, 312.53 W, 0x0000000000000004
2026/08/28 15:23:37.933, 76 %, 22292 MiB, 68, P2, 1935 MHz, 9501 MHz, 307.51 W, 0x0000000000000004
2026/08/28 15:23:42.952, 0 %, 82 MiB, 65, P0, 1935 MHz, 9751 MHz, 172.88 W, 0x0000000000000000
2026/08/28 15:23:47.970, 100 %, 20144 MiB, 61, P2, 1950 MHz, 9501 MHz, 133.87 W, 0x0000000000000000
2026/08/28 15:23:52.992, 99 %, 20144 MiB, 62, P2, 1950 MHz, 9501 MHz, 169.61 W, 0x0000000000000000
2026/08/28 15:23:58.019, 99 %, 20144 MiB, 61, P2, 1950 MHz, 9501 MHz, 169.10 W, 0x0000000000000000
2026/08/28 15:24:03.044, 27 %, 20816 MiB, 68, P2, 1950 MHz, 9501 MHz, 294.74 W, 0x0000000000000004
2026/08/28 15:24:08.064, 77 %, 20816 MiB, 69, P2, 1935 MHz, 9501 MHz, 329.94 W, 0x0000000000000004
2026/08/28 15:24:13.086, 77 %, 20820 MiB, 70, P2, 1935 MHz, 9501 MHz, 332.49 W, 0x0000000000000004
2026/08/28 15:24:18.108, 74 %, 20824 MiB, 71, P2, 1935 MHz, 9501 MHz, 269.87 W, 0x0000000000000004
2026/08/28 15:24:23.128, 77 %, 20824 MiB, 68, P2, 1935 MHz, 9501 MHz, 319.91 W, 0x0000000000000004
2026/08/28 15:24:28.146, 76 %, 20824 MiB, 73, P2, 1935 MHz, 9501 MHz, 335.65 W, 0x0000000000000004
2026/08/28 15:24:33.165, 0 %, 82 MiB, 66, P0, 1935 MHz, 9751 MHz, 171.52 W, 0x0000000000000000
2026/08/28 15:24:38.184, 0 %, 19044 MiB, 62, P2, 1695 MHz, 9501 MHz, 135.32 W, 0x0000000000000000
2026/08/28 15:24:43.209, 99 %, 19044 MiB, 63, P2, 1950 MHz, 9501 MHz, 171.76 W, 0x0000000000000000
2026/08/28 15:24:48.232, 100 %, 19044 MiB, 62, P2, 1950 MHz, 9501 MHz, 170.71 W, 0x0000000000000000
2026/08/28 15:24:53.256, 74 %, 22286 MiB, 66, P2, 1950 MHz, 9501 MHz, 293.78 W, 0x0000000000000004
2026/08/28 15:24:58.277, 74 %, 22292 MiB, 68, P2, 1935 MHz, 9501 MHz, 326.18 W, 0x0000000000000004
2026/08/28 15:25:03.297, 75 %, 22292 MiB, 69, P2, 1935 MHz, 9501 MHz, 322.33 W, 0x0000000000000004
2026/08/28 15:25:08.320, 0 %, 346 MiB, 60, P0, 1695 MHz, 9751 MHz, 148.60 W, 0x0000000000000000
2026/08/28 15:25:13.340, 100 %, 18082 MiB, 61, P2, 1950 MHz, 9501 MHz, 165.29 W, 0x0000000000000000
2026/08/28 15:25:18.363, 100 %, 18082 MiB, 60, P2, 1950 MHz, 9501 MHz, 168.40 W, 0x0000000000000000
2026/08/28 15:25:23.385, 98 %, 20636 MiB, 60, P2, 1950 MHz, 9501 MHz, 168.40 W, 0x0000000000000000
2026/08/28 15:25:28.407, 69 %, 21828 MiB, 67, P2, 1950 MHz, 9501 MHz, 315.98 W, 0x0000000000000004
2026/08/28 15:25:33.429, 69 %, 21828 MiB, 67, P2, 1950 MHz, 9501 MHz, 316.16 W, 0x0000000000000004
2026/08/28 15:25:38.449, 63 %, 21834 MiB, 67, P2, 1950 MHz, 9501 MHz, 291.37 W, 0x0000000000000004
2026/08/28 15:25:43.468, 67 %, 21834 MiB, 68, P2, 1935 MHz, 9501 MHz, 298.95 W, 0x0000000000000004
2026/08/28 15:25:48.487, 70 %, 21834 MiB, 69, P2, 1935 MHz, 9501 MHz, 317.79 W, 0x0000000000000004
2026/08/28 15:25:53.506, 75 %, 414 MiB, 70, P2, 1935 MHz, 9501 MHz, 322.05 W, 0x0000000000000004
2026/08/28 15:25:58.525, 0 %, 346 MiB, 63, P2, 1950 MHz, 9501 MHz, 170.21 W, 0x0000000000000000
2026/08/28 15:26:03.546, 100 %, 18082 MiB, 62, P2, 1950 MHz, 9501 MHz, 169.79 W, 0x0000000000000000
2026/08/28 15:26:08.569, 100 %, 18082 MiB, 61, P2, 1950 MHz, 9501 MHz, 168.98 W, 0x0000000000000000
2026/08/28 15:26:13.594, 55 %, 21828 MiB, 65, P2, 1950 MHz, 9501 MHz, 250.32 W, 0x0000000000000004
2026/08/28 15:26:18.615, 39 %, 21834 MiB, 64, P2, 1950 MHz, 9501 MHz, 258.45 W, 0x0000000000000000
2026/08/28 15:26:23.638, 40 %, 21834 MiB, 66, P2, 1950 MHz, 9501 MHz, 280.59 W, 0x0000000000000004
2026/08/28 15:26:28.657, 100 %, 414 MiB, 65, P2, 1935 MHz, 9501 MHz, 254.14 W, 0x0000000000000000
2026/08/28 15:26:33.675, 0 %, 346 MiB, 61, P2, 1950 MHz, 9501 MHz, 168.18 W, 0x0000000000000000
2026/08/28 15:26:38.694, 99 %, 17618 MiB, 61, P2, 1950 MHz, 9501 MHz, 167.90 W, 0x0000000000000000
2026/08/28 15:26:43.717, 100 %, 17618 MiB, 60, P2, 1950 MHz, 9501 MHz, 167.24 W, 0x0000000000000000
2026/08/28 15:26:48.742, 65 %, 20276 MiB, 61, P2, 1950 MHz, 9501 MHz, 250.30 W, 0x0000000000000000
2026/08/28 15:26:53.761, 99 %, 20288 MiB, 65, P2, 1950 MHz, 9501 MHz, 220.71 W, 0x0000000000000004
2026/08/28 15:26:58.783, 40 %, 20288 MiB, 66, P2, 1950 MHz, 9501 MHz, 284.80 W, 0x0000000000000004
2026/08/28 15:27:03.803, 0 %, 82 MiB, 62, P0, 1950 MHz, 9751 MHz, 170.12 W, 0x0000000000000000
2026/08/28 15:27:08.822, 0 %, 19044 MiB, 59, P2, 1950 MHz, 9501 MHz, 131.12 W, 0x0000000000000000
2026/08/28 15:27:13.845, 99 %, 19044 MiB, 60, P2, 1950 MHz, 9501 MHz, 165.97 W, 0x0000000000000000
2026/08/28 15:27:18.867, 99 %, 19044 MiB, 59, P2, 1950 MHz, 9501 MHz, 165.98 W, 0x0000000000000000
2026/08/28 15:27:23.893, 74 %, 22286 MiB, 65, P2, 1950 MHz, 9501 MHz, 299.42 W, 0x0000000000000004
2026/08/28 15:27:28.914, 78 %, 22286 MiB, 67, P2, 1950 MHz, 9501 MHz, 302.26 W, 0x0000000000000004
2026/08/28 15:27:33.937, 99 %, 22292 MiB, 67, P2, 1950 MHz, 9501 MHz, 223.37 W, 0x0000000000000004
2026/08/28 15:27:38.959, 43 %, 22292 MiB, 68, P2, 1935 MHz, 9501 MHz, 300.25 W, 0x0000000000000004
2026/08/28 15:27:43.980, 76 %, 22292 MiB, 70, P2, 1935 MHz, 9501 MHz, 315.28 W, 0x0000000000000004
2026/08/28 15:27:49.000, 80 %, 82 MiB, 66, P2, 1935 MHz, 9501 MHz, 270.89 W, 0x0000000000000000
2026/08/28 15:27:54.018, 0 %, 346 MiB, 61, P2, 1695 MHz, 9501 MHz, 162.55 W, 0x0000000000000000
2026/08/28 15:27:59.036, 100 %, 17618 MiB, 61, P2, 1950 MHz, 9501 MHz, 166.29 W, 0x0000000000000000
2026/08/28 15:28:04.064, 69 %, 20276 MiB, 63, P2, 1950 MHz, 9501 MHz, 170.72 W, 0x0000000000000000
2026/08/28 15:28:09.084, 50 %, 20276 MiB, 67, P2, 1935 MHz, 9501 MHz, 283.60 W, 0x0000000000000000
2026/08/28 15:28:14.102, 27 %, 20280 MiB, 68, P2, 1935 MHz, 9501 MHz, 280.04 W, 0x0000000000000000
2026/08/28 15:28:19.125, 69 %, 20288 MiB, 64, P2, 1935 MHz, 9501 MHz, 272.91 W, 0x0000000000000000
2026/08/28 15:28:24.147, 64 %, 20288 MiB, 66, P2, 1935 MHz, 9501 MHz, 289.58 W, 0x0000000000000004
2026/08/28 15:28:29.168, 69 %, 20288 MiB, 69, P2, 1935 MHz, 9501 MHz, 284.09 W, 0x0000000000000000
2026/08/28 15:28:34.211, 0 %, 346 MiB, 61, P0, 930 MHz, 5001 MHz, 147.10 W, 0x0000000000000024
2026/08/28 15:28:39.229, 100 %, 19044 MiB, 62, P2, 1950 MHz, 9501 MHz, 157.10 W, 0x0000000000000000
2026/08/28 15:28:44.252, 100 %, 21094 MiB, 61, P2, 1950 MHz, 9501 MHz, 157.21 W, 0x0000000000000000
2026/08/28 15:28:49.274, 78 %, 22286 MiB, 68, P2, 1935 MHz, 9501 MHz, 328.17 W, 0x0000000000000004
2026/08/28 15:28:54.295, 66 %, 22292 MiB, 68, P2, 1935 MHz, 9501 MHz, 249.77 W, 0x0000000000000004
2026/08/28 15:28:59.317, 76 %, 414 MiB, 69, P2, 1935 MHz, 9501 MHz, 299.93 W, 0x0000000000000004
2026/08/28 15:29:04.339, 0 %, 346 MiB, 62, P2, 1950 MHz, 9501 MHz, 167.36 W, 0x0000000000000000
2026/08/28 15:29:09.360, 100 %, 19362 MiB, 61, P2, 1950 MHz, 9501 MHz, 166.98 W, 0x0000000000000000
2026/08/28 15:29:14.387, 100 %, 19362 MiB, 61, P2, 1950 MHz, 9501 MHz, 166.08 W, 0x0000000000000000
2026/08/28 15:29:19.411, 69 %, 20768 MiB, 62, P2, 1950 MHz, 9501 MHz, 201.66 W, 0x0000000000000000
2026/08/28 15:29:24.431, 81 %, 20770 MiB, 62, P2, 1950 MHz, 9501 MHz, 220.55 W, 0x0000000000000000
2026/08/28 15:29:29.449, 82 %, 20770 MiB, 63, P2, 1950 MHz, 9501 MHz, 222.16 W, 0x0000000000000000
2026/08/28 15:29:34.467, 80 %, 20770 MiB, 63, P2, 1950 MHz, 9501 MHz, 222.50 W, 0x0000000000000000
2026/08/28 15:29:39.489, 85 %, 20772 MiB, 63, P2, 1950 MHz, 9501 MHz, 224.70 W, 0x0000000000000000
2026/08/28 15:29:44.508, 81 %, 20780 MiB, 63, P2, 1950 MHz, 9501 MHz, 227.44 W, 0x0000000000000000
2026/08/28 15:29:49.529, 83 %, 20780 MiB, 61, P2, 1950 MHz, 9501 MHz, 218.51 W, 0x0000000000000004
2026/08/28 15:29:54.549, 82 %, 20780 MiB, 63, P2, 1950 MHz, 9501 MHz, 225.63 W, 0x0000000000000000
2026/08/28 15:29:59.571, 68 %, 20780 MiB, 63, P2, 1950 MHz, 9501 MHz, 214.78 W, 0x0000000000000000
2026/08/28 15:30:04.594, 78 %, 20780 MiB, 63, P2, 1950 MHz, 9501 MHz, 225.84 W, 0x0000000000000000
2026/08/28 15:30:09.616, 83 %, 20780 MiB, 63, P2, 1950 MHz, 9501 MHz, 225.09 W, 0x0000000000000000
2026/08/28 15:30:14.652, 100 %, 82 MiB, 61, P2, 1950 MHz, 9501 MHz, 201.89 W, 0x0000000000000000
2026/08/28 15:30:19.671, 8 %, 346 MiB, 59, P2, 1695 MHz, 9501 MHz, 153.27 W, 0x0000000000000000
2026/08/28 15:30:24.694, 100 %, 20144 MiB, 59, P2, 1950 MHz, 9501 MHz, 164.02 W, 0x0000000000000000
2026/08/28 15:30:29.721, 100 %, 20144 MiB, 59, P2, 1950 MHz, 9501 MHz, 163.31 W, 0x0000000000000000
2026/08/28 15:30:34.744, 78 %, 20816 MiB, 65, P2, 1950 MHz, 9501 MHz, 318.29 W, 0x0000000000000000
2026/08/28 15:30:39.766, 76 %, 20816 MiB, 67, P2, 1935 MHz, 9501 MHz, 307.24 W, 0x0000000000000000
2026/08/28 15:30:44.786, 77 %, 20820 MiB, 67, P2, 1935 MHz, 9501 MHz, 285.18 W, 0x0000000000000000
2026/08/28 15:30:49.806, 76 %, 20824 MiB, 69, P2, 1935 MHz, 9501 MHz, 332.56 W, 0x0000000000000000
2026/08/28 15:30:54.825, 80 %, 20824 MiB, 70, P2, 1935 MHz, 9501 MHz, 330.70 W, 0x0000000000000000
2026/08/28 15:30:59.845, 77 %, 20824 MiB, 71, P2, 1920 MHz, 9501 MHz, 299.81 W, 0x0000000000000000
2026/08/28 15:31:04.865, 50 %, 389 MiB, 67, P2, 1920 MHz, 9501 MHz, 299.06 W, 0x0000000000000000
2026/08/28 15:31:09.939, 6 %, 346 MiB, 62, P2, 1695 MHz, 9501 MHz, 158.47 W, 0x0000000000000000
2026/08/28 15:31:14.964, 100 %, 19362 MiB, 62, P2, 1935 MHz, 9501 MHz, 169.51 W, 0x0000000000000000
2026/08/28 15:31:19.989, 99 %, 19362 MiB, 61, P2, 1935 MHz, 9501 MHz, 167.53 W, 0x0000000000000000
2026/08/28 15:31:25.014, 81 %, 20768 MiB, 64, P2, 1950 MHz, 9501 MHz, 225.02 W, 0x0000000000000000
2026/08/28 15:31:30.036, 84 %, 20772 MiB, 64, P2, 1950 MHz, 9501 MHz, 230.83 W, 0x0000000000000000
2026/08/28 15:31:35.056, 84 %, 20772 MiB, 63, P2, 1950 MHz, 9501 MHz, 223.90 W, 0x0000000000000000
2026/08/28 15:31:40.074, 80 %, 20772 MiB, 63, P2, 1950 MHz, 9501 MHz, 222.97 W, 0x0000000000000000
2026/08/28 15:31:45.094, 80 %, 20772 MiB, 63, P2, 1950 MHz, 9501 MHz, 214.41 W, 0x0000000000000000
2026/08/28 15:31:50.115, 83 %, 20772 MiB, 63, P2, 1950 MHz, 9501 MHz, 226.35 W, 0x0000000000000000
2026/08/28 15:31:55.136, 82 %, 20772 MiB, 63, P2, 1950 MHz, 9501 MHz, 225.07 W, 0x0000000000000000
2026/08/28 15:32:00.157, 85 %, 20772 MiB, 63, P2, 1950 MHz, 9501 MHz, 225.17 W, 0x0000000000000000
2026/08/28 15:32:05.177, 80 %, 20780 MiB, 62, P2, 1950 MHz, 9501 MHz, 199.76 W, 0x0000000000000000
2026/08/28 15:32:10.197, 83 %, 20780 MiB, 63, P2, 1950 MHz, 9501 MHz, 230.17 W, 0x0000000000000000
2026/08/28 15:32:15.217, 85 %, 20780 MiB, 64, P2, 1950 MHz, 9501 MHz, 227.38 W, 0x0000000000000000
2026/08/28 15:32:20.241, 79 %, 20780 MiB, 63, P2, 1950 MHz, 9501 MHz, 226.15 W, 0x0000000000000000
2026/08/28 15:32:25.261, 84 %, 20780 MiB, 63, P2, 1950 MHz, 9501 MHz, 210.98 W, 0x0000000000000000
2026/08/28 15:32:30.281, 82 %, 20780 MiB, 63, P2, 1950 MHz, 9501 MHz, 225.74 W, 0x0000000000000000
2026/08/28 15:32:35.300, 84 %, 20780 MiB, 64, P2, 1950 MHz, 9501 MHz, 225.06 W, 0x0000000000000000
2026/08/28 15:32:40.318, 80 %, 20780 MiB, 63, P2, 1950 MHz, 9501 MHz, 222.82 W, 0x0000000000000000
2026/08/28 15:32:45.338, 84 %, 20780 MiB, 63, P2, 1950 MHz, 9501 MHz, 222.10 W, 0x0000000000000000
2026/08/28 15:32:50.359, 84 %, 20780 MiB, 63, P2, 1950 MHz, 9501 MHz, 223.63 W, 0x0000000000000000
2026/08/28 15:32:55.380, 84 %, 20780 MiB, 63, P2, 1950 MHz, 9501 MHz, 226.31 W, 0x0000000000000000
2026/08/28 15:33:00.399, 83 %, 20780 MiB, 63, P2, 1950 MHz, 9501 MHz, 226.28 W, 0x0000000000000000
2026/08/28 15:33:05.419, 0 %, 346 MiB, 60, P2, 1950 MHz, 9501 MHz, 140.29 W, 0x0000000000000000
2026/08/28 15:33:10.439, 99 %, 20144 MiB, 60, P2, 1950 MHz, 9501 MHz, 163.83 W, 0x0000000000000000
2026/08/28 15:33:15.462, 100 %, 20144 MiB, 59, P2, 1950 MHz, 9501 MHz, 163.46 W, 0x0000000000000000
2026/08/28 15:33:20.486, 43 %, 20816 MiB, 64, P2, 1950 MHz, 9501 MHz, 261.70 W, 0x0000000000000000
2026/08/28 15:33:25.506, 77 %, 20824 MiB, 62, P2, 1935 MHz, 9501 MHz, 229.12 W, 0x0000000000000004
2026/08/28 15:33:30.529, 74 %, 20824 MiB, 67, P2, 1935 MHz, 9501 MHz, 291.33 W, 0x0000000000000000
2026/08/28 15:33:35.550, 4 %, 82 MiB, 63, P0, 1935 MHz, 9501 MHz, 218.45 W, 0x0000000000000000
2026/08/28 15:33:40.571, 0 %, 1100 MiB, 60, P2, 1695 MHz, 9501 MHz, 158.30 W, 0x0000000000000000
2026/08/28 15:33:45.595, 100 %, 17618 MiB, 60, P2, 1950 MHz, 9501 MHz, 166.18 W, 0x0000000000000000
2026/08/28 15:33:50.622, 100 %, 17618 MiB, 60, P2, 1950 MHz, 9501 MHz, 162.74 W, 0x0000000000000000
2026/08/28 15:33:55.645, 68 %, 20276 MiB, 65, P2, 1950 MHz, 9501 MHz, 270.14 W, 0x0000000000000000
2026/08/28 15:34:00.664, 65 %, 20288 MiB, 66, P2, 1950 MHz, 9501 MHz, 312.01 W, 0x0000000000000000
2026/08/28 15:34:05.685, 67 %, 20288 MiB, 67, P2, 1950 MHz, 9501 MHz, 282.23 W, 0x0000000000000000
2026/08/28 15:34:10.927, 0 %, 346 MiB, 59, P0, 1260 MHz, 5001 MHz, 137.91 W, 0x0000000000000024
2026/08/28 15:34:15.948, 100 %, 18082 MiB, 60, P2, 1965 MHz, 9501 MHz, 159.93 W, 0x0000000000000000
2026/08/28 15:34:20.974, 99 %, 18082 MiB, 60, P2, 1965 MHz, 9501 MHz, 166.87 W, 0x0000000000000000
2026/08/28 15:34:25.996, 37 %, 20636 MiB, 60, P2, 1965 MHz, 9501 MHz, 168.51 W, 0x0000000000000000
2026/08/28 15:34:31.021, 70 %, 21828 MiB, 66, P2, 1950 MHz, 9501 MHz, 318.81 W, 0x0000000000000000
2026/08/28 15:34:36.042, 73 %, 21828 MiB, 67, P2, 1950 MHz, 9501 MHz, 318.41 W, 0x0000000000000000
2026/08/28 15:34:41.064, 72 %, 21834 MiB, 68, P2, 1950 MHz, 9501 MHz, 277.86 W, 0x0000000000000000
2026/08/28 15:34:46.081, 70 %, 21834 MiB, 68, P2, 1950 MHz, 9501 MHz, 289.30 W, 0x0000000000000000
2026/08/28 15:34:51.101, 75 %, 21834 MiB, 70, P2, 1935 MHz, 9501 MHz, 320.69 W, 0x0000000000000000
2026/08/28 15:34:56.123, 76 %, 414 MiB, 67, P2, 1935 MHz, 9501 MHz, 292.01 W, 0x0000000000000000
2026/08/28 15:35:01.143, 0 %, 346 MiB, 63, P2, 1950 MHz, 9501 MHz, 170.95 W, 0x0000000000000000
2026/08/28 15:35:06.162, 100 %, 17618 MiB, 62, P2, 1950 MHz, 9501 MHz, 170.40 W, 0x0000000000000000
2026/08/28 15:35:11.188, 99 %, 17618 MiB, 61, P2, 1950 MHz, 9501 MHz, 169.05 W, 0x0000000000000000
2026/08/28 15:35:16.214, 70 %, 20276 MiB, 66, P2, 1950 MHz, 9501 MHz, 305.75 W, 0x0000000000000000
2026/08/28 15:35:21.233, 68 %, 20276 MiB, 68, P2, 1950 MHz, 9501 MHz, 317.89 W, 0x0000000000000000
2026/08/28 15:35:26.253, 69 %, 20280 MiB, 69, P2, 1950 MHz, 9501 MHz, 316.58 W, 0x0000000000000000
2026/08/28 15:35:31.275, 67 %, 20288 MiB, 68, P2, 1950 MHz, 9501 MHz, 251.34 W, 0x0000000000000000
2026/08/28 15:35:36.295, 68 %, 20288 MiB, 69, P2, 1935 MHz, 9501 MHz, 287.62 W, 0x0000000000000000
2026/08/28 15:35:41.316, 70 %, 20288 MiB, 70, P2, 1935 MHz, 9501 MHz, 300.56 W, 0x0000000000000000
2026/08/28 15:35:46.334, 0 %, 346 MiB, 63, P2, 1950 MHz, 9501 MHz, 147.18 W, 0x0000000000000000
2026/08/28 15:35:51.352, 100 %, 18082 MiB, 62, P2, 1950 MHz, 9501 MHz, 169.89 W, 0x0000000000000000
2026/08/28 15:35:56.377, 100 %, 18082 MiB, 61, P2, 1950 MHz, 9501 MHz, 169.12 W, 0x0000000000000000
2026/08/28 15:36:01.403, 33 %, 21828 MiB, 61, P2, 1950 MHz, 9501 MHz, 171.97 W, 0x0000000000000000
2026/08/28 15:36:06.423, 71 %, 21828 MiB, 68, P2, 1950 MHz, 9501 MHz, 317.98 W, 0x0000000000000004
2026/08/28 15:36:11.441, 71 %, 21834 MiB, 67, P2, 1950 MHz, 9501 MHz, 250.50 W, 0x0000000000000004
2026/08/28 15:36:16.460, 71 %, 21834 MiB, 68, P2, 1935 MHz, 9501 MHz, 314.61 W, 0x0000000000000004
2026/08/28 15:36:21.478, 0 %, 346 MiB, 62, P2, 1950 MHz, 9501 MHz, 159.83 W, 0x0000000000000000
2026/08/28 15:36:26.498, 99 %, 19362 MiB, 61, P2, 1950 MHz, 9501 MHz, 168.62 W, 0x0000000000000000
2026/08/28 15:36:31.523, 99 %, 19362 MiB, 61, P2, 1950 MHz, 9501 MHz, 167.37 W, 0x0000000000000000
2026/08/28 15:36:36.547, 0 %, 20760 MiB, 60, P2, 1950 MHz, 9501 MHz, 168.88 W, 0x0000000000000000
2026/08/28 15:36:41.570, 81 %, 20770 MiB, 62, P2, 1950 MHz, 9501 MHz, 217.15 W, 0x0000000000000000
2026/08/28 15:36:46.593, 81 %, 20770 MiB, 63, P2, 1950 MHz, 9501 MHz, 227.04 W, 0x0000000000000000
2026/08/28 15:36:51.613, 81 %, 20770 MiB, 63, P2, 1950 MHz, 9501 MHz, 226.11 W, 0x0000000000000000
2026/08/28 15:36:56.634, 83 %, 20772 MiB, 63, P2, 1950 MHz, 9501 MHz, 226.71 W, 0x0000000000000000
2026/08/28 15:37:01.654, 82 %, 20778 MiB, 63, P2, 1950 MHz, 9501 MHz, 226.41 W, 0x0000000000000000
2026/08/28 15:37:06.673, 81 %, 20780 MiB, 64, P2, 1950 MHz, 9501 MHz, 230.21 W, 0x0000000000000000
2026/08/28 15:37:11.693, 84 %, 20780 MiB, 63, P2, 1950 MHz, 9501 MHz, 227.55 W, 0x0000000000000000
2026/08/28 15:37:16.712, 85 %, 20780 MiB, 63, P2, 1950 MHz, 9501 MHz, 226.47 W, 0x0000000000000000
2026/08/28 15:37:21.733, 85 %, 20780 MiB, 63, P2, 1950 MHz, 9501 MHz, 227.02 W, 0x0000000000000000
2026/08/28 15:37:26.754, 84 %, 20780 MiB, 63, P2, 1950 MHz, 9501 MHz, 228.04 W, 0x0000000000000000
2026/08/28 15:37:31.774, 83 %, 20780 MiB, 63, P2, 1950 MHz, 9501 MHz, 224.82 W, 0x0000000000000000
2026/08/28 15:37:36.792, 0 %, 346 MiB, 60, P2, 1965 MHz, 9501 MHz, 151.80 W, 0x0000000000000000
2026/08/28 15:37:41.813, 99 %, 19044 MiB, 60, P2, 1965 MHz, 9501 MHz, 166.38 W, 0x0000000000000000
2026/08/28 15:37:46.849, 99 %, 19044 MiB, 59, P2, 1965 MHz, 9501 MHz, 166.25 W, 0x0000000000000000
2026/08/28 15:37:51.871, 99 %, 22286 MiB, 61, P2, 1965 MHz, 9501 MHz, 172.06 W, 0x0000000000000000
2026/08/28 15:37:56.892, 77 %, 22286 MiB, 67, P2, 1950 MHz, 9501 MHz, 293.29 W, 0x0000000000000004
2026/08/28 15:38:01.913, 74 %, 22288 MiB, 68, P2, 1950 MHz, 9501 MHz, 282.57 W, 0x0000000000000004
2026/08/28 15:38:06.933, 100 %, 22292 MiB, 67, P2, 1950 MHz, 9501 MHz, 243.33 W, 0x0000000000000000
2026/08/28 15:38:11.955, 72 %, 22292 MiB, 69, P2, 1935 MHz, 9501 MHz, 300.00 W, 0x0000000000000004
2026/08/28 15:38:16.977, 77 %, 22292 MiB, 70, P2, 1920 MHz, 9501 MHz, 297.06 W, 0x0000000000000004
2026/08/28 15:38:22.149, 0 %, 346 MiB, 62, P0, 390 MHz, 5001 MHz, 157.81 W, 0x0000000000000000
2026/08/28 15:38:27.168, 99 %, 19362 MiB, 62, P2, 1950 MHz, 9501 MHz, 170.12 W, 0x0000000000000000
2026/08/28 15:38:32.191, 99 %, 19362 MiB, 62, P2, 1950 MHz, 9501 MHz, 169.37 W, 0x0000000000000000
2026/08/28 15:38:37.212, 100 %, 20004 MiB, 61, P2, 1950 MHz, 9501 MHz, 168.49 W, 0x0000000000000000
2026/08/28 15:38:42.231, 80 %, 20768 MiB, 63, P2, 1950 MHz, 9501 MHz, 228.98 W, 0x0000000000000000
2026/08/28 15:38:47.248, 68 %, 20772 MiB, 63, P2, 1950 MHz, 9501 MHz, 221.77 W, 0x0000000000000000
2026/08/28 15:38:52.266, 84 %, 20772 MiB, 62, P2, 1950 MHz, 9501 MHz, 232.02 W, 0x0000000000000000
2026/08/28 15:38:57.287, 85 %, 20772 MiB, 64, P2, 1950 MHz, 9501 MHz, 228.87 W, 0x0000000000000000
2026/08/28 15:39:02.307, 82 %, 20772 MiB, 63, P2, 1950 MHz, 9501 MHz, 225.34 W, 0x0000000000000000
2026/08/28 15:39:07.326, 80 %, 20772 MiB, 63, P2, 1950 MHz, 9501 MHz, 226.29 W, 0x0000000000000000
2026/08/28 15:39:12.346, 85 %, 20772 MiB, 64, P2, 1950 MHz, 9501 MHz, 228.07 W, 0x0000000000000000
2026/08/28 15:39:17.365, 84 %, 20774 MiB, 63, P2, 1950 MHz, 9501 MHz, 231.55 W, 0x0000000000000000
2026/08/28 15:39:22.385, 84 %, 20780 MiB, 63, P2, 1950 MHz, 9501 MHz, 228.71 W, 0x0000000000000000
2026/08/28 15:39:27.403, 69 %, 20780 MiB, 63, P2, 1950 MHz, 9501 MHz, 215.27 W, 0x0000000000000000
2026/08/28 15:39:32.424, 83 %, 20780 MiB, 63, P2, 1950 MHz, 9501 MHz, 227.97 W, 0x0000000000000000
2026/08/28 15:39:37.445, 82 %, 20780 MiB, 63, P2, 1950 MHz, 9501 MHz, 229.18 W, 0x0000000000000000
2026/08/28 15:39:42.466, 83 %, 20780 MiB, 64, P2, 1950 MHz, 9501 MHz, 232.44 W, 0x0000000000000000
2026/08/28 15:39:47.487, 80 %, 20780 MiB, 64, P2, 1950 MHz, 9501 MHz, 229.39 W, 0x0000000000000000
2026/08/28 15:39:52.508, 81 %, 20780 MiB, 64, P2, 1950 MHz, 9501 MHz, 234.71 W, 0x0000000000000000
2026/08/28 15:39:57.526, 85 %, 20780 MiB, 63, P2, 1950 MHz, 9501 MHz, 228.32 W, 0x0000000000000000
2026/08/28 15:40:02.546, 84 %, 20780 MiB, 64, P2, 1950 MHz, 9501 MHz, 228.80 W, 0x0000000000000000
2026/08/28 15:40:07.574, 70 %, 20780 MiB, 63, P2, 1950 MHz, 9501 MHz, 220.93 W, 0x0000000000000000
2026/08/28 15:40:12.592, 85 %, 20780 MiB, 64, P2, 1950 MHz, 9501 MHz, 227.31 W, 0x0000000000000000
2026/08/28 15:40:17.610, 0 %, 82 MiB, 61, P0, 1950 MHz, 9751 MHz, 177.60 W, 0x0000000000000000
2026/08/28 15:40:22.630, 1 %, 346 MiB, 59, P2, 1695 MHz, 9501 MHz, 148.07 W, 0x0000000000000000
2026/08/28 15:40:27.657, 100 %, 19044 MiB, 60, P2, 1965 MHz, 9501 MHz, 167.72 W, 0x0000000000000000
2026/08/28 15:40:32.680, 100 %, 19044 MiB, 60, P2, 1965 MHz, 9501 MHz, 166.45 W, 0x0000000000000000
2026/08/28 15:40:37.704, 76 %, 22286 MiB, 65, P2, 1950 MHz, 9501 MHz, 276.04 W, 0x0000000000000004
2026/08/28 15:40:42.723, 77 %, 22292 MiB, 66, P2, 1950 MHz, 9501 MHz, 229.76 W, 0x0000000000000004
2026/08/28 15:40:47.742, 76 %, 22292 MiB, 67, P2, 1950 MHz, 9501 MHz, 264.96 W, 0x0000000000000004
2026/08/28 15:40:52.764, 0 %, 82 MiB, 62, P0, 1950 MHz, 9751 MHz, 168.98 W, 0x0000000000000000
2026/08/28 15:40:57.783, 100 %, 20144 MiB, 61, P2, 1950 MHz, 9501 MHz, 157.31 W, 0x0000000000000000
2026/08/28 15:41:02.810, 99 %, 20144 MiB, 60, P2, 1950 MHz, 9501 MHz, 166.60 W, 0x0000000000000000
2026/08/28 15:41:07.833, 99 %, 20144 MiB, 60, P2, 1950 MHz, 9501 MHz, 165.70 W, 0x0000000000000000
2026/08/28 15:41:12.858, 77 %, 20816 MiB, 67, P2, 1950 MHz, 9501 MHz, 326.25 W, 0x0000000000000004
2026/08/28 15:41:17.877, 37 %, 20824 MiB, 68, P2, 1950 MHz, 9501 MHz, 323.30 W, 0x0000000000000004
2026/08/28 15:41:22.897, 78 %, 20824 MiB, 69, P2, 1935 MHz, 9501 MHz, 328.83 W, 0x0000000000000004
2026/08/28 15:41:27.918, 0 %, 598 MiB, 61, P2, 1950 MHz, 9501 MHz, 150.38 W, 0x0000000000000000
2026/08/28 15:41:32.938, 100 %, 20144 MiB, 61, P2, 1950 MHz, 9501 MHz, 168.13 W, 0x0000000000000000
2026/08/28 15:41:37.960, 100 %, 20144 MiB, 61, P2, 1950 MHz, 9501 MHz, 167.31 W, 0x0000000000000000
2026/08/28 15:41:42.985, 12 %, 20816 MiB, 61, P2, 1950 MHz, 9501 MHz, 170.04 W, 0x0000000000000000
2026/08/28 15:41:48.007, 79 %, 20816 MiB, 68, P2, 1950 MHz, 9501 MHz, 332.57 W, 0x0000000000000004
2026/08/28 15:41:53.027, 76 %, 20816 MiB, 69, P2, 1935 MHz, 9501 MHz, 325.73 W, 0x0000000000000004
2026/08/28 15:41:58.046, 73 %, 20824 MiB, 66, P2, 1935 MHz, 9501 MHz, 266.64 W, 0x0000000000000000
2026/08/28 15:42:03.064, 77 %, 20824 MiB, 71, P2, 1935 MHz, 9501 MHz, 332.24 W, 0x0000000000000004
2026/08/28 15:42:08.083, 75 %, 20824 MiB, 72, P2, 1935 MHz, 9501 MHz, 334.15 W, 0x0000000000000004
2026/08/28 15:42:13.101, 79 %, 20824 MiB, 72, P2, 1935 MHz, 9501 MHz, 301.05 W, 0x0000000000000004
2026/08/28 15:42:18.121, 0 %, 346 MiB, 64, P2, 1950 MHz, 9751 MHz, 157.85 W, 0x0000000000000000
2026/08/28 15:42:23.142, 99 %, 18082 MiB, 63, P2, 1950 MHz, 9501 MHz, 172.36 W, 0x0000000000000000
2026/08/28 15:42:28.164, 100 %, 18082 MiB, 62, P2, 1950 MHz, 9501 MHz, 170.90 W, 0x0000000000000000
2026/08/28 15:42:33.185, 99 %, 21488 MiB, 61, P2, 1950 MHz, 9501 MHz, 171.38 W, 0x0000000000000000
2026/08/28 15:42:38.206, 73 %, 21828 MiB, 68, P2, 1950 MHz, 9501 MHz, 318.17 W, 0x0000000000000004
2026/08/28 15:42:43.225, 71 %, 21834 MiB, 64, P2, 1950 MHz, 9501 MHz, 228.00 W, 0x0000000000000000
2026/08/28 15:42:48.244, 72 %, 21834 MiB, 68, P2, 1935 MHz, 9501 MHz, 319.13 W, 0x0000000000000004
2026/08/28 15:42:53.264, 0 %, 346 MiB, 61, P2, 1950 MHz, 9751 MHz, 148.96 W, 0x0000000000000000
2026/08/28 15:42:58.286, 100 %, 19044 MiB, 61, P2, 1950 MHz, 9501 MHz, 168.75 W, 0x0000000000000000
2026/08/28 15:43:03.311, 100 %, 19044 MiB, 60, P2, 1950 MHz, 9501 MHz, 168.46 W, 0x0000000000000000
2026/08/28 15:43:08.333, 0 %, 21094 MiB, 60, P2, 1950 MHz, 9501 MHz, 169.03 W, 0x0000000000000000
2026/08/28 15:43:13.356, 77 %, 22286 MiB, 67, P2, 1950 MHz, 9501 MHz, 333.92 W, 0x0000000000000004
2026/08/28 15:43:18.378, 76 %, 22286 MiB, 68, P2, 1950 MHz, 9501 MHz, 327.35 W, 0x0000000000000004
2026/08/28 15:43:23.400, 76 %, 22292 MiB, 68, P2, 1935 MHz, 9501 MHz, 330.02 W, 0x0000000000000004
2026/08/28 15:43:28.421, 77 %, 22292 MiB, 69, P2, 1920 MHz, 9501 MHz, 327.26 W, 0x0000000000000004
2026/08/28 15:43:33.442, 74 %, 22292 MiB, 70, P2, 1935 MHz, 9501 MHz, 330.14 W, 0x0000000000000004
2026/08/28 15:43:38.464, 0 %, 82 MiB, 64, P0, 1935 MHz, 9751 MHz, 164.99 W, 0x0000000000000000
2026/08/28 15:43:43.484, 48 %, 18082 MiB, 61, P2, 1695 MHz, 9501 MHz, 133.94 W, 0x0000000000000000
2026/08/28 15:43:48.508, 99 %, 18082 MiB, 61, P2, 1950 MHz, 9501 MHz, 169.38 W, 0x0000000000000000
2026/08/28 15:43:53.533, 99 %, 18082 MiB, 61, P2, 1950 MHz, 9501 MHz, 168.96 W, 0x0000000000000000
2026/08/28 15:43:58.558, 69 %, 21828 MiB, 67, P2, 1950 MHz, 9501 MHz, 289.56 W, 0x0000000000000004
2026/08/28 15:44:03.577, 71 %, 21828 MiB, 68, P2, 1935 MHz, 9501 MHz, 315.80 W, 0x0000000000000004
2026/08/28 15:44:08.596, 99 %, 21834 MiB, 67, P2, 1950 MHz, 9501 MHz, 203.10 W, 0x0000000000000024
2026/08/28 15:44:13.615, 70 %, 21834 MiB, 69, P2, 1935 MHz, 9501 MHz, 287.36 W, 0x0000000000000004
2026/08/28 15:44:18.638, 71 %, 21834 MiB, 70, P2, 1935 MHz, 9501 MHz, 286.70 W, 0x0000000000000004
2026/08/28 15:44:23.659, 73 %, 21834 MiB, 71, P2, 1935 MHz, 9501 MHz, 324.86 W, 0x0000000000000004
2026/08/28 15:44:28.680, 0 %, 346 MiB, 63, P2, 1950 MHz, 9501 MHz, 162.34 W, 0x0000000000000000
2026/08/28 15:44:33.700, 100 %, 19044 MiB, 62, P2, 1950 MHz, 9501 MHz, 170.67 W, 0x0000000000000000
2026/08/28 15:44:38.725, 100 %, 19044 MiB, 62, P2, 1950 MHz, 9501 MHz, 169.46 W, 0x0000000000000000
2026/08/28 15:44:43.749, 34 %, 22218 MiB, 61, P2, 1950 MHz, 9501 MHz, 169.60 W, 0x0000000000000000
2026/08/28 15:44:48.769, 78 %, 22286 MiB, 68, P2, 1950 MHz, 9501 MHz, 331.60 W, 0x0000000000000004
2026/08/28 15:44:53.790, 72 %, 22292 MiB, 68, P2, 1935 MHz, 9501 MHz, 304.01 W, 0x0000000000000004
2026/08/28 15:44:58.811, 53 %, 414 MiB, 67, P2, 1935 MHz, 9501 MHz, 286.09 W, 0x0000000000000004
2026/08/28 15:45:03.832, 20 %, 346 MiB, 62, P2, 1950 MHz, 9501 MHz, 169.41 W, 0x0000000000000000
2026/08/28 15:45:08.853, 99 %, 17618 MiB, 61, P2, 1950 MHz, 9501 MHz, 168.46 W, 0x0000000000000000
2026/08/28 15:45:13.877, 100 %, 17618 MiB, 60, P2, 1950 MHz, 9501 MHz, 167.84 W, 0x0000000000000000
2026/08/28 15:45:18.903, 50 %, 20276 MiB, 65, P2, 1950 MHz, 9501 MHz, 264.37 W, 0x0000000000000000
2026/08/28 15:45:23.924, 64 %, 20288 MiB, 66, P2, 1950 MHz, 9501 MHz, 239.82 W, 0x0000000000000000
2026/08/28 15:45:28.945, 68 %, 20288 MiB, 64, P2, 1950 MHz, 9501 MHz, 255.16 W, 0x0000000000000000
2026/08/28 15:45:33.964, 0 %, 82 MiB, 62, P0, 1950 MHz, 9751 MHz, 170.81 W, 0x0000000000000000
2026/08/28 15:45:38.982, 100 %, 20144 MiB, 60, P2, 1950 MHz, 9501 MHz, 148.76 W, 0x0000000000000000
2026/08/28 15:45:44.007, 100 %, 20144 MiB, 60, P2, 1950 MHz, 9501 MHz, 166.96 W, 0x0000000000000000
2026/08/28 15:45:49.035, 99 %, 20144 MiB, 60, P2, 1950 MHz, 9501 MHz, 165.97 W, 0x0000000000000000
2026/08/28 15:45:54.059, 49 %, 20816 MiB, 65, P2, 1950 MHz, 9501 MHz, 291.99 W, 0x0000000000000000
2026/08/28 15:45:59.080, 78 %, 20816 MiB, 68, P2, 1935 MHz, 9501 MHz, 328.28 W, 0x0000000000000004
2026/08/28 15:46:04.101, 78 %, 20820 MiB, 69, P2, 1935 MHz, 9501 MHz, 329.04 W, 0x0000000000000004
2026/08/28 15:46:09.121, 66 %, 20824 MiB, 69, P2, 1935 MHz, 9501 MHz, 283.95 W, 0x0000000000000004
2026/08/28 15:46:14.140, 78 %, 20824 MiB, 68, P2, 1935 MHz, 9501 MHz, 315.55 W, 0x0000000000000004
2026/08/28 15:46:19.161, 77 %, 20824 MiB, 72, P2, 1935 MHz, 9501 MHz, 334.76 W, 0x0000000000000004
2026/08/28 15:46:24.180, 0 %, 82 MiB, 65, P0, 1935 MHz, 9751 MHz, 167.03 W, 0x0000000000000000
2026/08/28 15:46:29.198, 0 %, 17618 MiB, 61, P2, 1695 MHz, 9501 MHz, 133.73 W, 0x0000000000000000
2026/08/28 15:46:34.224, 100 %, 17618 MiB, 62, P2, 1950 MHz, 9501 MHz, 170.60 W, 0x0000000000000000
2026/08/28 15:46:39.248, 99 %, 17618 MiB, 61, P2, 1950 MHz, 9501 MHz, 169.17 W, 0x0000000000000000
2026/08/28 15:46:44.270, 49 %, 20276 MiB, 67, P2, 1950 MHz, 9501 MHz, 287.58 W, 0x0000000000000000
2026/08/28 15:46:49.289, 69 %, 20276 MiB, 68, P2, 1935 MHz, 9501 MHz, 309.66 W, 0x0000000000000000
2026/08/28 15:46:54.310, 100 %, 20288 MiB, 67, P2, 1935 MHz, 9501 MHz, 215.23 W, 0x0000000000000000
2026/08/28 15:46:59.331, 70 %, 20288 MiB, 67, P2, 1935 MHz, 9501 MHz, 286.64 W, 0x0000000000000004
2026/08/28 15:47:04.352, 46 %, 20288 MiB, 69, P2, 1935 MHz, 9501 MHz, 285.20 W, 0x0000000000000000
2026/08/28 15:47:09.370, 27 %, 82 MiB, 66, P0, 1935 MHz, 9501 MHz, 233.63 W, 0x0000000000000000
2026/08/28 15:47:14.387, 6 %, 346 MiB, 61, P2, 1695 MHz, 9501 MHz, 151.67 W, 0x0000000000000000
2026/08/28 15:47:19.405, 99 %, 20144 MiB, 61, P2, 1950 MHz, 9501 MHz, 158.18 W, 0x0000000000000000
2026/08/28 15:47:24.427, 65 %, 20816 MiB, 67, P2, 1950 MHz, 9501 MHz, 291.55 W, 0x0000000000000000
2026/08/28 15:47:29.448, 77 %, 20824 MiB, 68, P2, 1935 MHz, 9501 MHz, 276.93 W, 0x0000000000000000
2026/08/28 15:47:34.469, 79 %, 20824 MiB, 67, P2, 1935 MHz, 9501 MHz, 296.81 W, 0x0000000000000004
2026/08/28 15:47:39.487, 0 %, 82 MiB, 63, P0, 1935 MHz, 9751 MHz, 167.00 W, 0x0000000000000000
2026/08/28 15:47:44.508, 6 %, 19362 MiB, 60, P2, 1695 MHz, 9501 MHz, 132.34 W, 0x0000000000000000
2026/08/28 15:47:49.530, 99 %, 19362 MiB, 61, P2, 1950 MHz, 9501 MHz, 167.31 W, 0x0000000000000000
2026/08/28 15:47:54.556, 8 %, 20768 MiB, 61, P2, 1950 MHz, 9501 MHz, 175.05 W, 0x0000000000000000
2026/08/28 15:47:59.576, 70 %, 20770 MiB, 63, P2, 1950 MHz, 9501 MHz, 216.58 W, 0x0000000000000000
2026/08/28 15:48:04.597, 84 %, 20770 MiB, 62, P2, 1950 MHz, 9501 MHz, 226.18 W, 0x0000000000000000
2026/08/28 15:48:09.616, 83 %, 20770 MiB, 63, P2, 1950 MHz, 9501 MHz, 223.78 W, 0x0000000000000000
2026/08/28 15:48:14.637, 83 %, 20772 MiB, 63, P2, 1950 MHz, 9501 MHz, 228.71 W, 0x0000000000000000
2026/08/28 15:48:19.659, 85 %, 20780 MiB, 63, P2, 1950 MHz, 9501 MHz, 228.68 W, 0x0000000000000000
2026/08/28 15:48:24.678, 70 %, 20780 MiB, 62, P2, 1950 MHz, 9501 MHz, 215.64 W, 0x0000000000000000
2026/08/28 15:48:29.699, 82 %, 20780 MiB, 63, P2, 1950 MHz, 9501 MHz, 227.36 W, 0x0000000000000000
2026/08/28 15:48:34.719, 84 %, 20780 MiB, 63, P2, 1950 MHz, 9501 MHz, 217.05 W, 0x0000000000000000
2026/08/28 15:48:39.741, 83 %, 20780 MiB, 63, P2, 1950 MHz, 9501 MHz, 227.52 W, 0x0000000000000000
2026/08/28 15:48:44.763, 80 %, 20780 MiB, 63, P2, 1950 MHz, 9501 MHz, 227.98 W, 0x0000000000000000
2026/08/28 15:48:49.780, 14 %, 402 MiB, 62, P2, 1950 MHz, 9501 MHz, 221.23 W, 0x0000000000000000
2026/08/28 15:48:54.807, 6 %, 346 MiB, 60, P2, 1695 MHz, 9501 MHz, 156.01 W, 0x0000000000000000
2026/08/28 15:48:59.826, 99 %, 19362 MiB, 59, P2, 1950 MHz, 9501 MHz, 158.96 W, 0x0000000000000000
2026/08/28 15:49:04.848, 81 %, 20768 MiB, 61, P2, 1950 MHz, 9501 MHz, 214.98 W, 0x0000000000000000
2026/08/28 15:49:09.871, 83 %, 20770 MiB, 62, P2, 1950 MHz, 9501 MHz, 226.32 W, 0x0000000000000000
2026/08/28 15:49:14.889, 84 %, 20772 MiB, 62, P2, 1950 MHz, 9501 MHz, 225.89 W, 0x0000000000000000
2026/08/28 15:49:19.910, 82 %, 20772 MiB, 62, P2, 1950 MHz, 9501 MHz, 226.37 W, 0x0000000000000000
2026/08/28 15:49:24.931, 81 %, 20772 MiB, 62, P2, 1950 MHz, 9501 MHz, 229.32 W, 0x0000000000000000
2026/08/28 15:49:29.952, 79 %, 20772 MiB, 62, P2, 1950 MHz, 9501 MHz, 223.55 W, 0x0000000000000000
2026/08/28 15:49:34.975, 83 %, 20772 MiB, 63, P2, 1950 MHz, 9501 MHz, 230.84 W, 0x0000000000000000
2026/08/28 15:49:39.997, 79 %, 20772 MiB, 63, P2, 1950 MHz, 9501 MHz, 217.32 W, 0x0000000000000000
2026/08/28 15:49:45.015, 84 %, 20774 MiB, 63, P2, 1950 MHz, 9501 MHz, 234.71 W, 0x0000000000000000
2026/08/28 15:49:50.036, 83 %, 20780 MiB, 63, P2, 1950 MHz, 9501 MHz, 226.54 W, 0x0000000000000000
2026/08/28 15:49:55.056, 84 %, 20780 MiB, 63, P2, 1950 MHz, 9501 MHz, 226.38 W, 0x0000000000000000
2026/08/28 15:50:00.074, 84 %, 20780 MiB, 63, P2, 1950 MHz, 9501 MHz, 227.62 W, 0x0000000000000000
2026/08/28 15:50:05.094, 80 %, 20780 MiB, 63, P2, 1950 MHz, 9501 MHz, 228.51 W, 0x0000000000000000
2026/08/28 15:50:10.115, 82 %, 20780 MiB, 64, P2, 1950 MHz, 9501 MHz, 230.01 W, 0x0000000000000000
2026/08/28 15:50:15.137, 84 %, 20780 MiB, 63, P2, 1950 MHz, 9501 MHz, 225.38 W, 0x0000000000000000
2026/08/28 15:50:20.159, 80 %, 20780 MiB, 64, P2, 1950 MHz, 9501 MHz, 217.95 W, 0x0000000000000000
2026/08/28 15:50:25.179, 84 %, 20780 MiB, 63, P2, 1950 MHz, 9501 MHz, 227.63 W, 0x0000000000000000
2026/08/28 15:50:30.199, 82 %, 20780 MiB, 64, P2, 1950 MHz, 9501 MHz, 228.30 W, 0x0000000000000000
2026/08/28 15:50:35.217, 83 %, 20780 MiB, 64, P2, 1950 MHz, 9501 MHz, 226.72 W, 0x0000000000000000
2026/08/28 15:50:40.238, 82 %, 20780 MiB, 64, P2, 1950 MHz, 9501 MHz, 227.65 W, 0x0000000000000000
2026/08/28 15:50:45.283, 0 %, 346 MiB, 59, P0, 450 MHz, 5001 MHz, 137.61 W, 0x0000000000000000
2026/08/28 15:50:50.303, 100 %, 19362 MiB, 60, P2, 1950 MHz, 9501 MHz, 156.23 W, 0x0000000000000000
2026/08/28 15:50:55.326, 29 %, 20742 MiB, 59, P2, 1950 MHz, 9501 MHz, 156.90 W, 0x0000000000000000
2026/08/28 15:51:00.345, 81 %, 20768 MiB, 62, P2, 1950 MHz, 9501 MHz, 225.02 W, 0x0000000000000000
2026/08/28 15:51:05.364, 80 %, 20772 MiB, 62, P2, 1950 MHz, 9501 MHz, 225.06 W, 0x0000000000000000
2026/08/28 15:51:10.381, 80 %, 20772 MiB, 63, P2, 1950 MHz, 9501 MHz, 216.78 W, 0x0000000000000000
2026/08/28 15:51:15.400, 85 %, 20772 MiB, 63, P2, 1950 MHz, 9501 MHz, 225.19 W, 0x0000000000000000
2026/08/28 15:51:20.420, 82 %, 20772 MiB, 63, P2, 1950 MHz, 9501 MHz, 225.07 W, 0x0000000000000000
2026/08/28 15:51:25.441, 80 %, 20772 MiB, 63, P2, 1950 MHz, 9501 MHz, 225.41 W, 0x0000000000000000
2026/08/28 15:51:30.462, 84 %, 20772 MiB, 64, P2, 1950 MHz, 9501 MHz, 228.33 W, 0x0000000000000000
2026/08/28 15:51:35.482, 80 %, 20774 MiB, 64, P2, 1950 MHz, 9501 MHz, 234.38 W, 0x0000000000000000
2026/08/28 15:51:40.500, 80 %, 20780 MiB, 64, P2, 1950 MHz, 9501 MHz, 231.40 W, 0x0000000000000004
2026/08/28 15:51:45.518, 70 %, 20780 MiB, 64, P2, 1950 MHz, 9501 MHz, 210.54 W, 0x0000000000000000
2026/08/28 15:51:50.539, 85 %, 20780 MiB, 64, P2, 1950 MHz, 9501 MHz, 228.83 W, 0x0000000000000000
2026/08/28 15:51:55.562, 80 %, 20780 MiB, 64, P2, 1950 MHz, 9501 MHz, 230.98 W, 0x0000000000000000
2026/08/28 15:52:00.584, 84 %, 20780 MiB, 64, P2, 1950 MHz, 9501 MHz, 230.54 W, 0x0000000000000000
2026/08/28 15:52:05.606, 28 %, 20780 MiB, 65, P2, 1950 MHz, 9501 MHz, 222.59 W, 0x0000000000000000
2026/08/28 15:52:10.628, 84 %, 20780 MiB, 65, P2, 1950 MHz, 9501 MHz, 235.88 W, 0x0000000000000000
2026/08/28 15:52:15.648, 81 %, 20780 MiB, 65, P2, 1950 MHz, 9501 MHz, 227.50 W, 0x0000000000000000
2026/08/28 15:52:20.667, 82 %, 20780 MiB, 64, P2, 1950 MHz, 9501 MHz, 227.49 W, 0x0000000000000000
2026/08/28 15:52:25.685, 67 %, 20780 MiB, 64, P2, 1950 MHz, 9501 MHz, 221.50 W, 0x0000000000000000
2026/08/28 15:52:30.706, 83 %, 20780 MiB, 65, P2, 1950 MHz, 9501 MHz, 226.87 W, 0x0000000000000000
2026/08/28 15:52:35.727, 0 %, 82 MiB, 62, P0, 1950 MHz, 9751 MHz, 162.34 W, 0x0000000000000000
2026/08/28 15:52:40.748, 6 %, 19362 MiB, 59, P2, 1695 MHz, 9501 MHz, 129.09 W, 0x0000000000000000
2026/08/28 15:52:45.771, 99 %, 19362 MiB, 60, P2, 1950 MHz, 9501 MHz, 155.98 W, 0x0000000000000000
2026/08/28 15:52:50.794, 85 %, 20768 MiB, 63, P2, 1950 MHz, 9501 MHz, 223.77 W, 0x0000000000000000
2026/08/28 15:52:55.815, 84 %, 20770 MiB, 64, P2, 1950 MHz, 9501 MHz, 225.72 W, 0x0000000000000000
2026/08/28 15:53:00.835, 85 %, 20770 MiB, 63, P2, 1950 MHz, 9501 MHz, 224.44 W, 0x0000000000000000
2026/08/28 15:53:05.856, 80 %, 20770 MiB, 64, P2, 1950 MHz, 9501 MHz, 232.55 W, 0x0000000000000000
2026/08/28 15:53:10.879, 82 %, 20776 MiB, 63, P2, 1950 MHz, 9501 MHz, 213.82 W, 0x0000000000000000
2026/08/28 15:53:15.899, 80 %, 20780 MiB, 64, P2, 1950 MHz, 9501 MHz, 226.58 W, 0x0000000000000000
2026/08/28 15:53:20.917, 82 %, 20780 MiB, 64, P2, 1950 MHz, 9501 MHz, 227.47 W, 0x0000000000000000
2026/08/28 15:53:25.937, 81 %, 20780 MiB, 64, P2, 1950 MHz, 9501 MHz, 232.69 W, 0x0000000000000000
2026/08/28 15:53:30.955, 84 %, 20780 MiB, 64, P2, 1950 MHz, 9501 MHz, 226.34 W, 0x0000000000000000
2026/08/28 15:53:35.979, 85 %, 20780 MiB, 64, P2, 1950 MHz, 9501 MHz, 224.38 W, 0x0000000000000000
2026/08/28 15:53:40.999, 82 %, 20780 MiB, 64, P2, 1950 MHz, 9501 MHz, 226.87 W, 0x0000000000000000
2026/08/28 15:53:46.020, 0 %, 82 MiB, 61, P3, 1950 MHz, 9751 MHz, 160.33 W, 0x0000000000000001
2026/08/28 15:53:51.041, 100 %, 20144 MiB, 60, P2, 1950 MHz, 9501 MHz, 151.96 W, 0x0000000000000000
2026/08/28 15:53:56.064, 100 %, 20144 MiB, 60, P2, 1950 MHz, 9501 MHz, 155.52 W, 0x0000000000000000
2026/08/28 15:54:01.086, 78 %, 20816 MiB, 67, P2, 1935 MHz, 9501 MHz, 324.52 W, 0x0000000000000000
2026/08/28 15:54:06.106, 77 %, 20824 MiB, 68, P2, 1935 MHz, 9501 MHz, 277.97 W, 0x0000000000000004
2026/08/28 15:54:11.124, 77 %, 20824 MiB, 70, P2, 1935 MHz, 9501 MHz, 327.44 W, 0x0000000000000004
2026/08/28 15:54:16.142, 0 %, 346 MiB, 62, P2, 1950 MHz, 9501 MHz, 146.05 W, 0x0000000000000000
2026/08/28 15:54:21.163, 100 %, 17618 MiB, 61, P2, 1950 MHz, 9501 MHz, 166.55 W, 0x0000000000000000
2026/08/28 15:54:26.185, 100 %, 17618 MiB, 61, P2, 1950 MHz, 9501 MHz, 164.19 W, 0x0000000000000000
2026/08/28 15:54:31.212, 68 %, 20276 MiB, 65, P2, 1950 MHz, 9501 MHz, 284.74 W, 0x0000000000000000
2026/08/28 15:54:36.230, 67 %, 20276 MiB, 67, P2, 1935 MHz, 9501 MHz, 314.17 W, 0x0000000000000000
2026/08/28 15:54:41.252, 69 %, 20280 MiB, 68, P2, 1935 MHz, 9501 MHz, 318.76 W, 0x0000000000000000
2026/08/28 15:54:46.272, 69 %, 20288 MiB, 67, P2, 1935 MHz, 9501 MHz, 227.50 W, 0x0000000000000000
2026/08/28 15:54:51.291, 66 %, 20288 MiB, 69, P2, 1935 MHz, 9501 MHz, 284.92 W, 0x0000000000000000
2026/08/28 15:54:56.312, 71 %, 20288 MiB, 70, P2, 1935 MHz, 9501 MHz, 291.03 W, 0x0000000000000000
2026/08/28 15:55:01.331, 0 %, 346 MiB, 63, P2, 1950 MHz, 9501 MHz, 144.71 W, 0x0000000000000000
2026/08/28 15:55:06.350, 99 %, 20144 MiB, 62, P2, 1950 MHz, 9501 MHz, 168.16 W, 0x0000000000000000
2026/08/28 15:55:11.376, 100 %, 20144 MiB, 61, P2, 1950 MHz, 9501 MHz, 166.78 W, 0x0000000000000000
2026/08/28 15:55:16.400, 24 %, 20802 MiB, 61, P2, 1950 MHz, 9501 MHz, 168.40 W, 0x0000000000000000
2026/08/28 15:55:21.418, 76 %, 20816 MiB, 68, P2, 1935 MHz, 9501 MHz, 328.32 W, 0x0000000000000000
2026/08/28 15:55:26.439, 76 %, 20816 MiB, 69, P2, 1935 MHz, 9501 MHz, 326.99 W, 0x0000000000000000
2026/08/28 15:55:31.457, 75 %, 20824 MiB, 69, P2, 1935 MHz, 9501 MHz, 266.54 W, 0x0000000000000000
2026/08/28 15:55:36.476, 78 %, 20824 MiB, 71, P2, 1920 MHz, 9501 MHz, 329.39 W, 0x0000000000000000
2026/08/28 15:55:41.494, 77 %, 20824 MiB, 72, P2, 1920 MHz, 9501 MHz, 333.42 W, 0x0000000000000000
2026/08/28 15:55:46.513, 77 %, 20824 MiB, 73, P2, 1920 MHz, 9501 MHz, 297.15 W, 0x0000000000000000
2026/08/28 15:55:51.531, 0 %, 346 MiB, 64, P2, 1935 MHz, 9501 MHz, 147.90 W, 0x0000000000000000
2026/08/28 15:55:56.550, 100 %, 17618 MiB, 63, P2, 1935 MHz, 9501 MHz, 168.01 W, 0x0000000000000000
2026/08/28 15:56:01.573, 100 %, 17618 MiB, 62, P2, 1935 MHz, 9501 MHz, 168.38 W, 0x0000000000000000
2026/08/28 15:56:06.598, 66 %, 20276 MiB, 66, P2, 1935 MHz, 9501 MHz, 254.63 W, 0x0000000000000000
2026/08/28 15:56:11.618, 64 %, 20288 MiB, 67, P2, 1935 MHz, 9501 MHz, 236.01 W, 0x0000000000000000
2026/08/28 15:56:16.639, 73 %, 20288 MiB, 65, P2, 1935 MHz, 9501 MHz, 266.93 W, 0x0000000000000000
2026/08/28 15:56:21.659, 0 %, 82 MiB, 62, P0, 1935 MHz, 9751 MHz, 163.98 W, 0x0000000000000000
2026/08/28 15:56:26.677, 100 %, 19044 MiB, 59, P2, 1695 MHz, 9501 MHz, 133.45 W, 0x0000000000000000
2026/08/28 15:56:31.702, 99 %, 19044 MiB, 60, P2, 1950 MHz, 9501 MHz, 167.24 W, 0x0000000000000000
2026/08/28 15:56:36.723, 99 %, 19044 MiB, 59, P2, 1950 MHz, 9501 MHz, 166.49 W, 0x0000000000000000
2026/08/28 15:56:41.746, 78 %, 22286 MiB, 66, P2, 1950 MHz, 9501 MHz, 322.67 W, 0x0000000000000000
2026/08/28 15:56:46.766, 79 %, 22292 MiB, 64, P2, 1950 MHz, 9501 MHz, 309.20 W, 0x0000000000000004
2026/08/28 15:56:51.786, 77 %, 22292 MiB, 67, P2, 1950 MHz, 9501 MHz, 320.34 W, 0x0000000000000000
2026/08/28 15:56:56.805, 0 %, 346 MiB, 61, P2, 1950 MHz, 9501 MHz, 145.04 W, 0x0000000000000000
2026/08/28 15:57:01.825, 100 %, 18082 MiB, 60, P2, 1950 MHz, 9501 MHz, 165.74 W, 0x0000000000000000
2026/08/28 15:57:06.850, 100 %, 18082 MiB, 60, P2, 1950 MHz, 9501 MHz, 165.81 W, 0x0000000000000000
2026/08/28 15:57:11.872, 99 %, 21778 MiB, 59, P2, 1950 MHz, 9501 MHz, 166.80 W, 0x0000000000000000
2026/08/28 15:57:16.892, 66 %, 21828 MiB, 64, P2, 1950 MHz, 9501 MHz, 284.18 W, 0x0000000000000000
2026/08/28 15:57:21.914, 70 %, 21828 MiB, 67, P2, 1950 MHz, 9501 MHz, 316.88 W, 0x0000000000000000
2026/08/28 15:57:26.933, 69 %, 21834 MiB, 67, P2, 1950 MHz, 9501 MHz, 315.61 W, 0x0000000000000000
2026/08/28 15:57:31.953, 64 %, 21834 MiB, 68, P2, 1950 MHz, 9501 MHz, 316.25 W, 0x0000000000000000
2026/08/28 15:57:36.975, 72 %, 21834 MiB, 69, P2, 1935 MHz, 9501 MHz, 316.86 W, 0x0000000000000000
2026/08/28 15:57:41.998, 7 %, 82 MiB, 67, P2, 1935 MHz, 9501 MHz, 296.79 W, 0x0000000000000000
2026/08/28 15:57:47.016, 0 %, 346 MiB, 63, P2, 1695 MHz, 9501 MHz, 169.75 W, 0x0000000000000000
2026/08/28 15:57:52.049, 99 %, 19044 MiB, 62, P2, 1950 MHz, 9501 MHz, 170.03 W, 0x0000000000000000
2026/08/28 15:57:57.074, 99 %, 19044 MiB, 61, P2, 1950 MHz, 9501 MHz, 169.18 W, 0x0000000000000000
2026/08/28 15:58:02.096, 77 %, 22286 MiB, 65, P2, 1950 MHz, 9501 MHz, 228.69 W, 0x0000000000000000
2026/08/28 15:58:07.116, 78 %, 22286 MiB, 67, P2, 1935 MHz, 9501 MHz, 309.48 W, 0x0000000000000004
2026/08/28 15:58:12.137, 79 %, 22288 MiB, 68, P2, 1935 MHz, 9501 MHz, 283.06 W, 0x0000000000000004
2026/08/28 15:58:17.155, 71 %, 22292 MiB, 64, P2, 1935 MHz, 9501 MHz, 233.83 W, 0x0000000000000000
2026/08/28 15:58:22.174, 75 %, 22292 MiB, 68, P2, 1920 MHz, 9501 MHz, 288.74 W, 0x0000000000000004
2026/08/28 15:58:27.195, 81 %, 22292 MiB, 70, P2, 1935 MHz, 9501 MHz, 298.30 W, 0x0000000000000004
2026/08/28 15:58:32.224, 0 %, 82 MiB, 65, P0, 1935 MHz, 9751 MHz, 175.01 W, 0x0000000000000001
2026/08/28 15:58:37.261, 100 %, 18082 MiB, 63, P2, 1950 MHz, 9501 MHz, 152.91 W, 0x0000000000000000
2026/08/28 15:58:42.284, 100 %, 18082 MiB, 62, P2, 1950 MHz, 9501 MHz, 170.61 W, 0x0000000000000000
2026/08/28 15:58:47.309, 98 %, 19730 MiB, 61, P2, 1950 MHz, 9501 MHz, 169.34 W, 0x0000000000000000
2026/08/28 15:58:52.326, 72 %, 21828 MiB, 68, P2, 1950 MHz, 9501 MHz, 315.48 W, 0x0000000000000000
2026/08/28 15:58:57.346, 68 %, 21834 MiB, 68, P2, 1950 MHz, 9501 MHz, 310.56 W, 0x0000000000000000
2026/08/28 15:59:02.369, 67 %, 21834 MiB, 68, P2, 1950 MHz, 9501 MHz, 296.98 W, 0x0000000000000000
2026/08/28 15:59:07.390, 0 %, 82 MiB, 63, P0, 1950 MHz, 9751 MHz, 173.26 W, 0x0000000000000001
2026/08/28 15:59:12.410, 0 %, 19044 MiB, 60, P2, 1695 MHz, 9501 MHz, 132.53 W, 0x0000000000000000
2026/08/28 15:59:17.432, 99 %, 19044 MiB, 61, P2, 1950 MHz, 9501 MHz, 169.74 W, 0x0000000000000000
2026/08/28 15:59:22.455, 100 %, 19044 MiB, 60, P2, 1950 MHz, 9501 MHz, 168.43 W, 0x0000000000000000
2026/08/28 15:59:27.481, 75 %, 22286 MiB, 66, P2, 1950 MHz, 9501 MHz, 316.28 W, 0x0000000000000000
2026/08/28 15:59:32.502, 79 %, 22286 MiB, 68, P2, 1935 MHz, 9501 MHz, 300.14 W, 0x0000000000000004
2026/08/28 15:59:37.523, 22 %, 22292 MiB, 63, P2, 1950 MHz, 9501 MHz, 220.56 W, 0x0000000000000000
2026/08/28 15:59:42.542, 56 %, 22292 MiB, 67, P2, 1950 MHz, 9501 MHz, 294.39 W, 0x0000000000000000
2026/08/28 15:59:47.563, 79 %, 22292 MiB, 70, P2, 1935 MHz, 9501 MHz, 300.34 W, 0x0000000000000004
2026/08/28 15:59:52.583, 78 %, 22292 MiB, 71, P2, 1920 MHz, 9501 MHz, 320.51 W, 0x0000000000000004
2026/08/28 15:59:57.605, 0 %, 346 MiB, 63, P2, 1950 MHz, 9501 MHz, 171.65 W, 0x0000000000000000
2026/08/28 16:00:02.626, 100 %, 19044 MiB, 62, P2, 1950 MHz, 9501 MHz, 170.85 W, 0x0000000000000000
2026/08/28 16:00:07.654, 100 %, 19044 MiB, 61, P2, 1950 MHz, 9501 MHz, 169.88 W, 0x0000000000000000
2026/08/28 16:00:12.678, 99 %, 22266 MiB, 61, P2, 1950 MHz, 9501 MHz, 169.63 W, 0x0000000000000000
2026/08/28 16:00:17.697, 78 %, 22288 MiB, 67, P2, 1935 MHz, 9501 MHz, 318.15 W, 0x0000000000000004
2026/08/28 16:00:22.718, 77 %, 22292 MiB, 68, P2, 1935 MHz, 9501 MHz, 307.33 W, 0x0000000000000004
2026/08/28 16:00:27.740, 28 %, 414 MiB, 69, P2, 1935 MHz, 9501 MHz, 296.37 W, 0x0000000000000000
2026/08/28 16:00:32.761, 0 %, 346 MiB, 62, P2, 1950 MHz, 9501 MHz, 170.01 W, 0x0000000000000000
2026/08/28 16:00:37.780, 100 %, 18082 MiB, 61, P2, 1950 MHz, 9501 MHz, 168.68 W, 0x0000000000000000
2026/08/28 16:00:42.802, 100 %, 18082 MiB, 60, P2, 1950 MHz, 9501 MHz, 167.49 W, 0x0000000000000000
2026/08/28 16:00:47.824, 60 %, 21828 MiB, 65, P2, 1950 MHz, 9501 MHz, 265.79 W, 0x0000000000000000
2026/08/28 16:00:52.846, 77 %, 21834 MiB, 65, P2, 1950 MHz, 9501 MHz, 258.27 W, 0x0000000000000004
2026/08/28 16:00:57.869, 73 %, 21834 MiB, 65, P2, 1935 MHz, 9501 MHz, 287.52 W, 0x0000000000000004
2026/08/28 16:01:02.890, 42 %, 414 MiB, 68, P2, 1950 MHz, 9501 MHz, 290.61 W, 0x0000000000000000
2026/08/28 16:01:07.910, 7 %, 346 MiB, 60, P2, 1920 MHz, 9501 MHz, 156.18 W, 0x0000000000000000
2026/08/28 16:01:12.930, 100 %, 20144 MiB, 60, P2, 1950 MHz, 9501 MHz, 165.66 W, 0x0000000000000000
2026/08/28 16:01:17.955, 100 %, 20144 MiB, 60, P2, 1950 MHz, 9501 MHz, 165.46 W, 0x0000000000000000
2026/08/28 16:01:22.980, 78 %, 20816 MiB, 66, P2, 1950 MHz, 9501 MHz, 316.04 W, 0x0000000000000000
2026/08/28 16:01:28.002, 48 %, 20816 MiB, 67, P2, 1950 MHz, 9501 MHz, 296.16 W, 0x0000000000000000
2026/08/28 16:01:33.024, 76 %, 20820 MiB, 69, P2, 1950 MHz, 9501 MHz, 330.47 W, 0x0000000000000000
2026/08/28 16:01:38.043, 77 %, 20824 MiB, 69, P2, 1935 MHz, 9501 MHz, 329.85 W, 0x0000000000000000
2026/08/28 16:01:43.061, 78 %, 20824 MiB, 71, P2, 1935 MHz, 9501 MHz, 297.33 W, 0x0000000000000000
2026/08/28 16:01:48.079, 79 %, 20824 MiB, 69, P2, 1920 MHz, 9501 MHz, 305.10 W, 0x0000000000000004
2026/08/28 16:01:53.100, 8 %, 20824 MiB, 69, P2, 1935 MHz, 9501 MHz, 324.54 W, 0x0000000000000000
2026/08/28 16:01:58.120, 0 %, 346 MiB, 64, P2, 1950 MHz, 9501 MHz, 172.24 W, 0x0000000000000000
2026/08/28 16:02:03.142, 100 %, 18082 MiB, 62, P2, 1950 MHz, 9501 MHz, 171.52 W, 0x0000000000000000
2026/08/28 16:02:08.169, 100 %, 18082 MiB, 62, P2, 1950 MHz, 9501 MHz, 170.43 W, 0x0000000000000000
2026/08/28 16:02:13.194, 67 %, 21828 MiB, 66, P2, 1950 MHz, 9501 MHz, 279.51 W, 0x0000000000000004
2026/08/28 16:02:18.214, 69 %, 21828 MiB, 68, P2, 1935 MHz, 9501 MHz, 316.32 W, 0x0000000000000004
2026/08/28 16:02:23.234, 66 %, 21830 MiB, 68, P2, 1935 MHz, 9501 MHz, 280.97 W, 0x0000000000000004
2026/08/28 16:02:28.253, 71 %, 21834 MiB, 68, P2, 1935 MHz, 9501 MHz, 263.20 W, 0x0000000000000004
2026/08/28 16:02:33.274, 71 %, 21834 MiB, 69, P2, 1935 MHz, 9501 MHz, 306.25 W, 0x0000000000000004
2026/08/28 16:02:38.293, 69 %, 21834 MiB, 71, P2, 1935 MHz, 9501 MHz, 293.04 W, 0x0000000000000004
2026/08/28 16:02:43.314, 0 %, 82 MiB, 64, P0, 1935 MHz, 9751 MHz, 168.57 W, 0x0000000000000000
2026/08/28 16:02:48.332, 36 %, 20144 MiB, 62, P2, 1950 MHz, 9501 MHz, 137.85 W, 0x0000000000000000
2026/08/28 16:02:53.358, 99 %, 20144 MiB, 61, P2, 1950 MHz, 9501 MHz, 158.29 W, 0x0000000000000000
2026/08/28 16:02:58.379, 74 %, 20816 MiB, 68, P2, 1935 MHz, 9501 MHz, 293.35 W, 0x0000000000000004
2026/08/28 16:03:03.398, 77 %, 20824 MiB, 69, P2, 1935 MHz, 9501 MHz, 330.95 W, 0x0000000000000004
2026/08/28 16:03:08.417, 78 %, 20824 MiB, 70, P2, 1935 MHz, 9501 MHz, 331.94 W, 0x0000000000000004
2026/08/28 16:03:13.449, 0 %, 346 MiB, 61, P0, 930 MHz, 5001 MHz, 141.79 W, 0x0000000000000000
2026/08/28 16:03:18.470, 99 %, 17618 MiB, 61, P2, 1950 MHz, 9501 MHz, 158.92 W, 0x0000000000000000
2026/08/28 16:03:23.493, 17 %, 20248 MiB, 60, P2, 1950 MHz, 9501 MHz, 159.15 W, 0x0000000000000000
2026/08/28 16:03:28.513, 67 %, 20276 MiB, 67, P2, 1950 MHz, 9501 MHz, 312.86 W, 0x0000000000000000
2026/08/28 16:03:33.531, 99 %, 20288 MiB, 66, P2, 1950 MHz, 9501 MHz, 211.36 W, 0x0000000000000000
2026/08/28 16:03:38.550, 66 %, 20288 MiB, 68, P2, 1935 MHz, 9501 MHz, 309.56 W, 0x0000000000000000
2026/08/28 16:03:43.570, 0 %, 346 MiB, 61, P2, 1950 MHz, 9501 MHz, 168.14 W, 0x0000000000000000
2026/08/28 16:03:48.589, 100 %, 19362 MiB, 61, P2, 1950 MHz, 9501 MHz, 167.80 W, 0x0000000000000000
2026/08/28 16:03:53.613, 99 %, 19362 MiB, 60, P2, 1950 MHz, 9501 MHz, 166.99 W, 0x0000000000000000
2026/08/28 16:03:58.637, 0 %, 20768 MiB, 60, P2, 1950 MHz, 9501 MHz, 176.94 W, 0x0000000000000004
2026/08/28 16:04:03.657, 85 %, 20770 MiB, 62, P2, 1950 MHz, 9501 MHz, 225.98 W, 0x0000000000000000
2026/08/28 16:04:08.677, 83 %, 20772 MiB, 62, P2, 1950 MHz, 9501 MHz, 222.10 W, 0x0000000000000000
2026/08/28 16:04:13.697, 82 %, 20772 MiB, 63, P2, 1950 MHz, 9501 MHz, 225.15 W, 0x0000000000000000
2026/08/28 16:04:18.718, 81 %, 20772 MiB, 63, P2, 1950 MHz, 9501 MHz, 231.23 W, 0x0000000000000000
2026/08/28 16:04:23.741, 83 %, 20772 MiB, 63, P2, 1950 MHz, 9501 MHz, 225.28 W, 0x0000000000000000
2026/08/28 16:04:28.763, 82 %, 20772 MiB, 63, P2, 1950 MHz, 9501 MHz, 229.73 W, 0x0000000000000000
2026/08/28 16:04:33.785, 83 %, 20772 MiB, 63, P2, 1950 MHz, 9501 MHz, 216.33 W, 0x0000000000000000
2026/08/28 16:04:38.805, 86 %, 20774 MiB, 63, P2, 1950 MHz, 9501 MHz, 233.47 W, 0x0000000000000000
2026/08/28 16:04:43.824, 84 %, 20780 MiB, 63, P2, 1950 MHz, 9501 MHz, 228.89 W, 0x0000000000000000
2026/08/28 16:04:48.845, 84 %, 20780 MiB, 63, P2, 1950 MHz, 9501 MHz, 225.82 W, 0x0000000000000000
2026/08/28 16:04:53.865, 84 %, 20780 MiB, 63, P2, 1950 MHz, 9501 MHz, 229.82 W, 0x0000000000000000
2026/08/28 16:04:58.885, 79 %, 20780 MiB, 64, P2, 1950 MHz, 9501 MHz, 229.80 W, 0x0000000000000000
2026/08/28 16:05:03.906, 83 %, 20780 MiB, 64, P2, 1950 MHz, 9501 MHz, 231.09 W, 0x0000000000000000
2026/08/28 16:05:08.927, 84 %, 20780 MiB, 63, P2, 1950 MHz, 9501 MHz, 225.24 W, 0x0000000000000000
2026/08/28 16:05:13.946, 83 %, 20780 MiB, 63, P2, 1950 MHz, 9501 MHz, 220.06 W, 0x0000000000000000
2026/08/28 16:05:18.964, 83 %, 20780 MiB, 64, P2, 1950 MHz, 9501 MHz, 231.15 W, 0x0000000000000000
2026/08/28 16:05:23.984, 83 %, 20780 MiB, 63, P2, 1950 MHz, 9501 MHz, 229.14 W, 0x0000000000000000
2026/08/28 16:05:29.012, 84 %, 20780 MiB, 64, P2, 1950 MHz, 9501 MHz, 228.19 W, 0x0000000000000000
2026/08/28 16:05:34.034, 85 %, 20780 MiB, 63, P2, 1950 MHz, 9501 MHz, 228.87 W, 0x0000000000000000
2026/08/28 16:05:39.280, 0 %, 99 MiB, 59, P0, 390 MHz, 5001 MHz, 151.97 W, 0x0000000000000000
2026/08/28 16:05:44.301, 100 %, 17618 MiB, 60, P2, 1950 MHz, 9501 MHz, 160.85 W, 0x0000000000000000
2026/08/28 16:05:49.328, 100 %, 17618 MiB, 60, P2, 1950 MHz, 9501 MHz, 165.91 W, 0x0000000000000000
2026/08/28 16:05:54.352, 0 %, 20136 MiB, 60, P2, 1950 MHz, 9501 MHz, 166.54 W, 0x0000000000000000
2026/08/28 16:05:59.377, 67 %, 20276 MiB, 66, P2, 1950 MHz, 9501 MHz, 311.65 W, 0x0000000000000004
2026/08/28 16:06:04.396, 68 %, 20276 MiB, 67, P2, 1950 MHz, 9501 MHz, 313.47 W, 0x0000000000000004
2026/08/28 16:06:09.417, 68 %, 20288 MiB, 67, P2, 1950 MHz, 9501 MHz, 308.28 W, 0x0000000000000000
2026/08/28 16:06:14.438, 68 %, 20288 MiB, 68, P2, 1935 MHz, 9501 MHz, 297.09 W, 0x0000000000000000
2026/08/28 16:06:19.458, 68 %, 20288 MiB, 69, P2, 1935 MHz, 9501 MHz, 315.92 W, 0x0000000000000004
2026/08/28 16:06:24.481, 0 %, 82 MiB, 64, P0, 1935 MHz, 9751 MHz, 166.47 W, 0x0000000000000000
2026/08/28 16:06:29.499, 8 %, 19362 MiB, 60, P2, 1695 MHz, 9501 MHz, 132.75 W, 0x0000000000000000
2026/08/28 16:06:34.525, 100 %, 19362 MiB, 62, P2, 1950 MHz, 9501 MHz, 168.75 W, 0x0000000000000000
2026/08/28 16:06:39.550, 100 %, 19362 MiB, 61, P2, 1950 MHz, 9501 MHz, 168.15 W, 0x0000000000000000
2026/08/28 16:06:44.571, 54 %, 20768 MiB, 63, P2, 1950 MHz, 9501 MHz, 217.05 W, 0x0000000000000000
2026/08/28 16:06:49.592, 84 %, 20770 MiB, 63, P2, 1950 MHz, 9501 MHz, 225.57 W, 0x0000000000000000
2026/08/28 16:06:54.613, 84 %, 20770 MiB, 63, P2, 1950 MHz, 9501 MHz, 225.49 W, 0x0000000000000000
2026/08/28 16:06:59.635, 82 %, 20770 MiB, 63, P2, 1950 MHz, 9501 MHz, 229.93 W, 0x0000000000000000
2026/08/28 16:07:04.656, 49 %, 20772 MiB, 64, P2, 1950 MHz, 9501 MHz, 217.07 W, 0x0000000000000000
2026/08/28 16:07:09.673, 84 %, 20780 MiB, 63, P2, 1950 MHz, 9501 MHz, 228.93 W, 0x0000000000000000
2026/08/28 16:07:14.694, 84 %, 20780 MiB, 63, P2, 1950 MHz, 9501 MHz, 227.76 W, 0x0000000000000000
2026/08/28 16:07:19.714, 83 %, 20780 MiB, 64, P2, 1950 MHz, 9501 MHz, 230.51 W, 0x0000000000000000
2026/08/28 16:07:24.734, 80 %, 20780 MiB, 63, P2, 1950 MHz, 9501 MHz, 225.88 W, 0x0000000000000000
2026/08/28 16:07:29.753, 85 %, 20780 MiB, 63, P2, 1950 MHz, 9501 MHz, 225.47 W, 0x0000000000000000
2026/08/28 16:07:34.774, 82 %, 20780 MiB, 64, P2, 1950 MHz, 9501 MHz, 227.25 W, 0x0000000000000000
2026/08/28 16:07:39.792, 0 %, 82 MiB, 61, P0, 1950 MHz, 9751 MHz, 168.92 W, 0x0000000000000000
2026/08/28 16:07:44.810, 0 %, 20144 MiB, 58, P2, 1950 MHz, 9501 MHz, 130.33 W, 0x0000000000000000
2026/08/28 16:07:49.832, 100 %, 20144 MiB, 60, P2, 1950 MHz, 9501 MHz, 166.04 W, 0x0000000000000000
2026/08/28 16:07:54.855, 100 %, 20144 MiB, 59, P2, 1950 MHz, 9501 MHz, 165.53 W, 0x0000000000000000
2026/08/28 16:07:59.882, 78 %, 20816 MiB, 66, P2, 1950 MHz, 9501 MHz, 318.08 W, 0x0000000000000004
2026/08/28 16:08:04.902, 78 %, 20816 MiB, 68, P2, 1950 MHz, 9501 MHz, 327.29 W, 0x0000000000000004
2026/08/28 16:08:09.920, 77 %, 20820 MiB, 69, P2, 1935 MHz, 9501 MHz, 330.28 W, 0x0000000000000004
2026/08/28 16:08:14.941, 40 %, 20824 MiB, 68, P2, 1935 MHz, 9501 MHz, 271.92 W, 0x0000000000000000
2026/08/28 16:08:19.961, 68 %, 20824 MiB, 68, P2, 1935 MHz, 9501 MHz, 304.21 W, 0x0000000000000000
2026/08/28 16:08:24.982, 79 %, 20824 MiB, 72, P2, 1935 MHz, 9501 MHz, 337.01 W, 0x0000000000000004
2026/08/28 16:08:30.002, 0 %, 82 MiB, 65, P0, 1935 MHz, 9751 MHz, 170.10 W, 0x0000000000000000
2026/08/28 16:08:35.022, 0 %, 20144 MiB, 62, P2, 1950 MHz, 9501 MHz, 134.71 W, 0x0000000000000000
2026/08/28 16:08:40.050, 100 %, 20144 MiB, 62, P2, 1950 MHz, 9501 MHz, 171.16 W, 0x0000000000000000
2026/08/28 16:08:45.074, 100 %, 20144 MiB, 61, P2, 1950 MHz, 9501 MHz, 170.04 W, 0x0000000000000000
2026/08/28 16:08:50.097, 77 %, 20816 MiB, 66, P2, 1950 MHz, 9501 MHz, 293.31 W, 0x0000000000000004
2026/08/28 16:08:55.115, 78 %, 20824 MiB, 69, P2, 1935 MHz, 9501 MHz, 325.64 W, 0x0000000000000004
2026/08/28 16:09:00.135, 78 %, 20824 MiB, 69, P2, 1935 MHz, 9501 MHz, 296.70 W, 0x0000000000000004
2026/08/28 16:09:05.348, 0 %, 99 MiB, 60, P0, 1695 MHz, 9751 MHz, 147.40 W, 0x0000000000000004
2026/08/28 16:09:10.369, 100 %, 19044 MiB, 61, P2, 1950 MHz, 9501 MHz, 164.15 W, 0x0000000000000000
2026/08/28 16:09:15.394, 100 %, 19044 MiB, 60, P2, 1950 MHz, 9501 MHz, 168.43 W, 0x0000000000000000
2026/08/28 16:09:20.419, 99 %, 19044 MiB, 60, P2, 1950 MHz, 9501 MHz, 167.80 W, 0x0000000000000000
2026/08/28 16:09:25.442, 82 %, 22286 MiB, 66, P2, 1950 MHz, 9501 MHz, 327.66 W, 0x0000000000000004
2026/08/28 16:09:30.462, 77 %, 22292 MiB, 66, P2, 1950 MHz, 9501 MHz, 257.66 W, 0x0000000000000004
2026/08/28 16:09:35.484, 77 %, 22292 MiB, 68, P2, 1935 MHz, 9501 MHz, 329.56 W, 0x0000000000000004
2026/08/28 16:09:40.506, 0 %, 346 MiB, 61, P2, 1950 MHz, 9501 MHz, 154.70 W, 0x0000000000000000
2026/08/28 16:09:45.524, 100 %, 19362 MiB, 60, P2, 1950 MHz, 9501 MHz, 156.63 W, 0x0000000000000000
2026/08/28 16:09:50.546, 84 %, 20768 MiB, 62, P2, 1950 MHz, 9501 MHz, 203.72 W, 0x0000000000000000
2026/08/28 16:09:55.568, 84 %, 20770 MiB, 62, P2, 1950 MHz, 9501 MHz, 225.26 W, 0x0000000000000004
2026/08/28 16:10:00.591, 82 %, 20772 MiB, 62, P2, 1950 MHz, 9501 MHz, 226.35 W, 0x0000000000000000
2026/08/28 16:10:05.614, 84 %, 20772 MiB, 62, P2, 1950 MHz, 9501 MHz, 224.95 W, 0x0000000000000000
2026/08/28 16:10:10.634, 84 %, 20772 MiB, 63, P2, 1950 MHz, 9501 MHz, 232.75 W, 0x0000000000000000
2026/08/28 16:10:15.656, 83 %, 20772 MiB, 62, P2, 1950 MHz, 9501 MHz, 222.99 W, 0x0000000000000000
2026/08/28 16:10:20.675, 83 %, 20772 MiB, 63, P2, 1950 MHz, 9501 MHz, 231.01 W, 0x0000000000000000
2026/08/28 16:10:25.693, 83 %, 20772 MiB, 62, P2, 1950 MHz, 9501 MHz, 216.32 W, 0x0000000000000000
2026/08/28 16:10:30.713, 79 %, 20774 MiB, 63, P2, 1950 MHz, 9501 MHz, 235.44 W, 0x0000000000000000
2026/08/28 16:10:35.734, 81 %, 20780 MiB, 63, P2, 1950 MHz, 9501 MHz, 227.42 W, 0x0000000000000000
2026/08/28 16:10:40.755, 84 %, 20780 MiB, 63, P2, 1950 MHz, 9501 MHz, 224.07 W, 0x0000000000000000
2026/08/28 16:10:45.773, 79 %, 20780 MiB, 63, P2, 1950 MHz, 9501 MHz, 228.71 W, 0x0000000000000000
2026/08/28 16:10:50.793, 82 %, 20780 MiB, 63, P2, 1950 MHz, 9501 MHz, 227.82 W, 0x0000000000000000
2026/08/28 16:10:55.813, 82 %, 20780 MiB, 64, P2, 1950 MHz, 9501 MHz, 230.42 W, 0x0000000000000000
2026/08/28 16:11:00.833, 83 %, 20780 MiB, 64, P2, 1950 MHz, 9501 MHz, 226.19 W, 0x0000000000000000
2026/08/28 16:11:05.852, 84 %, 20780 MiB, 63, P2, 1950 MHz, 9501 MHz, 217.76 W, 0x0000000000000000
2026/08/28 16:11:10.873, 80 %, 20780 MiB, 63, P2, 1950 MHz, 9501 MHz, 228.26 W, 0x0000000000000000
2026/08/28 16:11:15.893, 82 %, 20780 MiB, 64, P2, 1950 MHz, 9501 MHz, 226.62 W, 0x0000000000000000
2026/08/28 16:11:20.913, 80 %, 20780 MiB, 63, P2, 1950 MHz, 9501 MHz, 225.22 W, 0x0000000000000000
2026/08/28 16:11:25.934, 85 %, 20780 MiB, 64, P2, 1950 MHz, 9501 MHz, 226.07 W, 0x0000000000000000
2026/08/28 16:11:31.063, 0 %, 99 MiB, 58, P0, 450 MHz, 5001 MHz, 141.30 W, 0x0000000000000000
2026/08/28 16:11:36.084, 99 %, 19044 MiB, 59, P2, 1950 MHz, 9501 MHz, 150.80 W, 0x0000000000000000
2026/08/28 16:11:41.104, 99 %, 20188 MiB, 59, P2, 1950 MHz, 9501 MHz, 155.33 W, 0x0000000000000000
2026/08/28 16:11:46.125, 79 %, 22286 MiB, 67, P2, 1950 MHz, 9501 MHz, 333.02 W, 0x0000000000000004
2026/08/28 16:11:51.146, 78 %, 22286 MiB, 68, P2, 1935 MHz, 9501 MHz, 329.40 W, 0x0000000000000004
2026/08/28 16:11:56.167, 76 %, 22292 MiB, 69, P2, 1935 MHz, 9501 MHz, 327.71 W, 0x0000000000000004
2026/08/28 16:12:01.185, 78 %, 22292 MiB, 68, P2, 1935 MHz, 9501 MHz, 321.98 W, 0x0000000000000004
2026/08/28 16:12:06.209, 78 %, 22292 MiB, 68, P2, 1935 MHz, 9501 MHz, 308.58 W, 0x0000000000000000
2026/08/28 16:12:11.229, 0 %, 82 MiB, 65, P0, 1935 MHz, 9751 MHz, 172.96 W, 0x0000000000000000
2026/08/28 16:12:16.249, 100 %, 19362 MiB, 61, P2, 1950 MHz, 9501 MHz, 134.30 W, 0x0000000000000000
2026/08/28 16:12:21.273, 99 %, 19362 MiB, 61, P2, 1950 MHz, 9501 MHz, 157.97 W, 0x0000000000000000
2026/08/28 16:12:26.293, 80 %, 20768 MiB, 64, P2, 1950 MHz, 9501 MHz, 222.12 W, 0x0000000000000000
2026/08/28 16:12:31.311, 84 %, 20770 MiB, 63, P2, 1950 MHz, 9501 MHz, 227.49 W, 0x0000000000000000
2026/08/28 16:12:36.330, 82 %, 20770 MiB, 63, P2, 1950 MHz, 9501 MHz, 224.79 W, 0x0000000000000000
2026/08/28 16:12:41.350, 83 %, 20770 MiB, 64, P2, 1950 MHz, 9501 MHz, 231.33 W, 0x0000000000000000
2026/08/28 16:12:46.368, 85 %, 20772 MiB, 64, P2, 1950 MHz, 9501 MHz, 213.54 W, 0x0000000000000000
2026/08/28 16:12:51.388, 83 %, 20780 MiB, 63, P2, 1950 MHz, 9501 MHz, 227.87 W, 0x0000000000000000
2026/08/28 16:12:56.407, 83 %, 20780 MiB, 63, P2, 1950 MHz, 9501 MHz, 227.70 W, 0x0000000000000000
2026/08/28 16:13:01.425, 83 %, 20780 MiB, 63, P2, 1950 MHz, 9501 MHz, 233.45 W, 0x0000000000000000
2026/08/28 16:13:06.445, 83 %, 20780 MiB, 63, P2, 1950 MHz, 9501 MHz, 226.90 W, 0x0000000000000000
2026/08/28 16:13:11.465, 80 %, 20780 MiB, 63, P2, 1950 MHz, 9501 MHz, 223.38 W, 0x0000000000000000
2026/08/28 16:13:16.486, 84 %, 20780 MiB, 63, P2, 1950 MHz, 9501 MHz, 226.89 W, 0x0000000000000000
2026/08/28 16:13:21.505, 0 %, 82 MiB, 60, P0, 1950 MHz, 9751 MHz, 160.29 W, 0x0000000000000000
2026/08/28 16:13:26.524, 76 %, 18082 MiB, 59, P2, 1950 MHz, 9501 MHz, 139.79 W, 0x0000000000000000
2026/08/28 16:13:31.548, 99 %, 18082 MiB, 59, P2, 1950 MHz, 9501 MHz, 154.94 W, 0x0000000000000000
2026/08/28 16:13:36.571, 67 %, 21828 MiB, 65, P2, 1950 MHz, 9501 MHz, 276.25 W, 0x0000000000000000
2026/08/28 16:13:41.594, 70 %, 21834 MiB, 66, P2, 1950 MHz, 9501 MHz, 309.67 W, 0x0000000000000000
2026/08/28 16:13:46.616, 75 %, 21834 MiB, 66, P2, 1950 MHz, 9501 MHz, 282.85 W, 0x0000000000000000
2026/08/28 16:13:51.636, 0 %, 82 MiB, 61, P0, 1950 MHz, 9751 MHz, 165.23 W, 0x0000000000000000
2026/08/28 16:13:56.655, 0 %, 17618 MiB, 59, P2, 1695 MHz, 9501 MHz, 129.71 W, 0x0000000000000000
2026/08/28 16:14:01.677, 99 %, 17618 MiB, 59, P2, 1950 MHz, 9501 MHz, 154.49 W, 0x0000000000000000
2026/08/28 16:14:06.700, 71 %, 20276 MiB, 65, P2, 1950 MHz, 9501 MHz, 314.66 W, 0x0000000000000000
2026/08/28 16:14:11.722, 69 %, 20276 MiB, 66, P2, 1950 MHz, 9501 MHz, 282.70 W, 0x0000000000000000
2026/08/28 16:14:16.741, 68 %, 20284 MiB, 63, P2, 1935 MHz, 9501 MHz, 260.71 W, 0x0000000000000004
2026/08/28 16:14:21.762, 70 %, 20288 MiB, 68, P2, 1935 MHz, 9501 MHz, 311.71 W, 0x0000000000000000
2026/08/28 16:14:26.784, 66 %, 20288 MiB, 66, P2, 1935 MHz, 9501 MHz, 289.70 W, 0x0000000000000004
2026/08/28 16:14:31.805, 68 %, 18802 MiB, 70, P2, 1935 MHz, 9501 MHz, 316.99 W, 0x0000000000000000
2026/08/28 16:14:36.826, 0 %, 1604 MiB, 62, P2, 1950 MHz, 9501 MHz, 161.59 W, 0x0000000000000000
2026/08/28 16:14:41.845, 100 %, 18082 MiB, 61, P2, 1950 MHz, 9501 MHz, 156.32 W, 0x0000000000000000
2026/08/28 16:14:46.866, 71 %, 21828 MiB, 66, P2, 1935 MHz, 9501 MHz, 297.95 W, 0x0000000000000000
2026/08/28 16:14:51.887, 75 %, 21828 MiB, 68, P2, 1935 MHz, 9501 MHz, 315.35 W, 0x0000000000000000
2026/08/28 16:14:56.910, 65 %, 21830 MiB, 69, P2, 1935 MHz, 9501 MHz, 273.03 W, 0x0000000000000000
2026/08/28 16:15:01.931, 76 %, 21834 MiB, 68, P2, 1935 MHz, 9501 MHz, 251.66 W, 0x0000000000000000
2026/08/28 16:15:06.951, 72 %, 21834 MiB, 70, P2, 1935 MHz, 9501 MHz, 297.79 W, 0x0000000000000000
2026/08/28 16:15:11.969, 65 %, 21834 MiB, 71, P2, 1935 MHz, 9501 MHz, 291.13 W, 0x0000000000000004
2026/08/28 16:15:16.989, 0 %, 82 MiB, 65, P0, 1935 MHz, 9751 MHz, 169.86 W, 0x0000000000000000
2026/08/28 16:15:22.008, 0 %, 17618 MiB, 62, P2, 1950 MHz, 9501 MHz, 135.77 W, 0x0000000000000000
2026/08/28 16:15:27.030, 100 %, 17618 MiB, 61, P2, 1950 MHz, 9501 MHz, 158.26 W, 0x0000000000000000
2026/08/28 16:15:32.050, 80 %, 20276 MiB, 66, P2, 1935 MHz, 9501 MHz, 268.36 W, 0x0000000000000000
2026/08/28 16:15:37.070, 64 %, 20288 MiB, 68, P2, 1935 MHz, 9501 MHz, 306.77 W, 0x0000000000000000
2026/08/28 16:15:42.090, 66 %, 20288 MiB, 68, P2, 1935 MHz, 9501 MHz, 303.05 W, 0x0000000000000000
2026/08/28 16:15:47.109, 0 %, 346 MiB, 60, P0, 1695 MHz, 9751 MHz, 139.34 W, 0x0000000000000000
2026/08/28 16:15:52.129, 100 %, 19044 MiB, 61, P2, 1950 MHz, 9501 MHz, 158.82 W, 0x0000000000000000
2026/08/28 16:15:57.155, 100 %, 19044 MiB, 60, P2, 1950 MHz, 9501 MHz, 166.24 W, 0x0000000000000000
2026/08/28 16:16:02.178, 100 %, 20188 MiB, 60, P2, 1950 MHz, 9501 MHz, 165.91 W, 0x0000000000000000
2026/08/28 16:16:07.197, 78 %, 22286 MiB, 66, P2, 1935 MHz, 9501 MHz, 320.49 W, 0x0000000000000004
2026/08/28 16:16:12.219, 75 %, 22292 MiB, 66, P2, 1935 MHz, 9501 MHz, 236.02 W, 0x0000000000000000
2026/08/28 16:16:17.243, 77 %, 22292 MiB, 68, P2, 1935 MHz, 9501 MHz, 319.27 W, 0x0000000000000004
2026/08/28 16:16:22.263, 0 %, 346 MiB, 61, P2, 1950 MHz, 9501 MHz, 142.96 W, 0x0000000000000000
2026/08/28 16:16:27.282, 100 %, 20144 MiB, 60, P2, 1950 MHz, 9501 MHz, 166.34 W, 0x0000000000000000
2026/08/28 16:16:32.307, 100 %, 20144 MiB, 60, P2, 1950 MHz, 9501 MHz, 164.13 W, 0x0000000000000000
2026/08/28 16:16:37.328, 50 %, 20816 MiB, 61, P2, 1950 MHz, 9501 MHz, 172.72 W, 0x0000000000000000
2026/08/28 16:16:42.346, 79 %, 20816 MiB, 67, P2, 1950 MHz, 9501 MHz, 330.64 W, 0x0000000000000000
2026/08/28 16:16:47.367, 77 %, 20816 MiB, 68, P2, 1950 MHz, 9501 MHz, 331.02 W, 0x0000000000000000
2026/08/28 16:16:52.385, 100 %, 20824 MiB, 69, P2, 1950 MHz, 9501 MHz, 260.30 W, 0x0000000000000000
2026/08/28 16:16:57.407, 74 %, 20824 MiB, 70, P2, 1935 MHz, 9501 MHz, 330.97 W, 0x0000000000000000
2026/08/28 16:17:02.427, 78 %, 20824 MiB, 71, P2, 1935 MHz, 9501 MHz, 335.46 W, 0x0000000000000000
2026/08/28 16:17:07.450, 78 %, 20824 MiB, 72, P2, 1935 MHz, 9501 MHz, 336.86 W, 0x0000000000000000
2026/08/28 16:17:12.471, 0 %, 346 MiB, 64, P2, 1950 MHz, 9501 MHz, 163.60 W, 0x0000000000000000
2026/08/28 16:17:17.493, 99 %, 19044 MiB, 63, P2, 1950 MHz, 9501 MHz, 171.28 W, 0x0000000000000000
2026/08/28 16:17:22.517, 99 %, 19044 MiB, 62, P2, 1950 MHz, 9501 MHz, 169.87 W, 0x0000000000000000
2026/08/28 16:17:27.539, 99 %, 21094 MiB, 61, P2, 1950 MHz, 9501 MHz, 170.39 W, 0x0000000000000000
2026/08/28 16:17:32.566, 75 %, 22286 MiB, 66, P2, 1950 MHz, 9501 MHz, 294.77 W, 0x0000000000000004
2026/08/28 16:17:37.586, 27 %, 22288 MiB, 69, P2, 1935 MHz, 9501 MHz, 316.01 W, 0x0000000000000004
2026/08/28 16:17:42.605, 90 %, 22292 MiB, 66, P2, 1935 MHz, 9501 MHz, 305.32 W, 0x0000000000000004
2026/08/28 16:17:47.626, 68 %, 22292 MiB, 68, P2, 1920 MHz, 9501 MHz, 300.75 W, 0x0000000000000004
2026/08/28 16:17:52.648, 78 %, 22292 MiB, 69, P2, 1935 MHz, 9501 MHz, 300.26 W, 0x0000000000000004
2026/08/28 16:17:57.670, 0 %, 82 MiB, 64, P0, 1935 MHz, 9751 MHz, 167.82 W, 0x0000000000000000
2026/08/28 16:18:02.689, 100 %, 20144 MiB, 62, P2, 1950 MHz, 9501 MHz, 145.94 W, 0x0000000000000000
2026/08/28 16:18:07.715, 100 %, 20144 MiB, 62, P2, 1950 MHz, 9501 MHz, 169.91 W, 0x0000000000000000
2026/08/28 16:18:12.738, 99 %, 20144 MiB, 61, P2, 1950 MHz, 9501 MHz, 168.77 W, 0x0000000000000000
2026/08/28 16:18:17.761, 76 %, 20816 MiB, 68, P2, 1950 MHz, 9501 MHz, 292.01 W, 0x0000000000000004
2026/08/28 16:18:22.782, 16 %, 20824 MiB, 66, P2, 1935 MHz, 9501 MHz, 319.90 W, 0x0000000000000000
2026/08/28 16:18:27.805, 76 %, 20824 MiB, 70, P2, 1935 MHz, 9501 MHz, 328.42 W, 0x0000000000000004
2026/08/28 16:18:32.825, 0 %, 346 MiB, 62, P2, 1950 MHz, 9501 MHz, 151.40 W, 0x0000000000000000
2026/08/28 16:18:37.847, 100 %, 18082 MiB, 61, P2, 1950 MHz, 9501 MHz, 168.52 W, 0x0000000000000000
2026/08/28 16:18:42.870, 100 %, 18082 MiB, 61, P2, 1950 MHz, 9501 MHz, 167.53 W, 0x0000000000000000
2026/08/28 16:18:47.891, 71 %, 21760 MiB, 61, P2, 1950 MHz, 9501 MHz, 169.90 W, 0x0000000000000000
2026/08/28 16:18:52.908, 73 %, 21828 MiB, 67, P2, 1950 MHz, 9501 MHz, 314.49 W, 0x0000000000000004
2026/08/28 16:18:57.927, 70 %, 21834 MiB, 66, P2, 1950 MHz, 9501 MHz, 220.23 W, 0x0000000000000004
2026/08/28 16:19:02.947, 68 %, 21834 MiB, 68, P2, 1935 MHz, 9501 MHz, 313.31 W, 0x0000000000000000
2026/08/28 16:19:07.967, 0 %, 346 MiB, 61, P2, 1950 MHz, 9501 MHz, 143.32 W, 0x0000000000000000
2026/08/28 16:19:12.987, 99 %, 19362 MiB, 60, P2, 1950 MHz, 9501 MHz, 161.75 W, 0x0000000000000000
2026/08/28 16:19:18.009, 0 %, 20742 MiB, 59, P2, 1950 MHz, 9501 MHz, 157.12 W, 0x0000000000000000
2026/08/28 16:19:23.028, 83 %, 20768 MiB, 62, P2, 1950 MHz, 9501 MHz, 227.26 W, 0x0000000000000000
2026/08/28 16:19:28.046, 82 %, 20772 MiB, 62, P2, 1950 MHz, 9501 MHz, 225.24 W, 0x0000000000000000
2026/08/28 16:19:33.064, 81 %, 20772 MiB, 63, P2, 1950 MHz, 9501 MHz, 216.40 W, 0x0000000000000000
2026/08/28 16:19:38.082, 85 %, 20772 MiB, 62, P2, 1950 MHz, 9501 MHz, 224.92 W, 0x0000000000000000
2026/08/28 16:19:43.102, 82 %, 20772 MiB, 63, P2, 1950 MHz, 9501 MHz, 224.73 W, 0x0000000000000000
2026/08/28 16:19:48.121, 81 %, 20772 MiB, 63, P2, 1950 MHz, 9501 MHz, 224.72 W, 0x0000000000000000
2026/08/28 16:19:53.139, 82 %, 20772 MiB, 63, P2, 1950 MHz, 9501 MHz, 226.79 W, 0x0000000000000000
2026/08/28 16:19:58.159, 84 %, 20774 MiB, 64, P2, 1950 MHz, 9501 MHz, 231.95 W, 0x0000000000000000
2026/08/28 16:20:03.179, 82 %, 20780 MiB, 63, P2, 1950 MHz, 9501 MHz, 228.90 W, 0x0000000000000000
2026/08/28 16:20:08.200, 99 %, 20780 MiB, 61, P2, 1950 MHz, 9501 MHz, 211.69 W, 0x0000000000000000
2026/08/28 16:20:13.221, 79 %, 20780 MiB, 63, P2, 1950 MHz, 9501 MHz, 227.18 W, 0x0000000000000000
2026/08/28 16:20:18.241, 84 %, 20780 MiB, 63, P2, 1950 MHz, 9501 MHz, 228.37 W, 0x0000000000000000
2026/08/28 16:20:23.261, 79 %, 20780 MiB, 64, P2, 1950 MHz, 9501 MHz, 232.67 W, 0x0000000000000004
2026/08/28 16:20:28.281, 84 %, 20780 MiB, 63, P2, 1950 MHz, 9501 MHz, 228.96 W, 0x0000000000000000
2026/08/28 16:20:33.300, 85 %, 20780 MiB, 64, P2, 1950 MHz, 9501 MHz, 234.00 W, 0x0000000000000000
2026/08/28 16:20:38.318, 84 %, 20780 MiB, 63, P2, 1950 MHz, 9501 MHz, 225.93 W, 0x0000000000000000
2026/08/28 16:20:43.336, 84 %, 20780 MiB, 64, P2, 1950 MHz, 9501 MHz, 228.45 W, 0x0000000000000000
2026/08/28 16:20:48.365, 66 %, 20780 MiB, 64, P2, 1950 MHz, 9501 MHz, 220.21 W, 0x0000000000000000
2026/08/28 16:20:53.383, 82 %, 20780 MiB, 64, P2, 1950 MHz, 9501 MHz, 225.90 W, 0x0000000000000000
2026/08/28 16:20:58.403, 0 %, 82 MiB, 61, P0, 1950 MHz, 9751 MHz, 161.83 W, 0x0000000000000000
2026/08/28 16:21:03.422, 31 %, 346 MiB, 59, P2, 1695 MHz, 9501 MHz, 129.98 W, 0x0000000000000000
2026/08/28 16:21:08.441, 100 %, 18082 MiB, 59, P2, 1950 MHz, 9501 MHz, 155.04 W, 0x0000000000000000
2026/08/28 16:21:13.464, 70 %, 21828 MiB, 65, P2, 1950 MHz, 9501 MHz, 282.51 W, 0x0000000000000000
2026/08/28 16:21:18.484, 49 %, 21828 MiB, 67, P2, 1950 MHz, 9501 MHz, 278.47 W, 0x0000000000000004
2026/08/28 16:21:23.505, 70 %, 21834 MiB, 64, P2, 1935 MHz, 9501 MHz, 272.30 W, 0x0000000000000004
2026/08/28 16:21:28.527, 71 %, 21834 MiB, 68, P2, 1935 MHz, 9501 MHz, 316.31 W, 0x0000000000000000
2026/08/28 16:21:33.547, 73 %, 21834 MiB, 68, P2, 1935 MHz, 9501 MHz, 286.80 W, 0x0000000000000004
2026/08/28 16:21:38.569, 74 %, 21834 MiB, 71, P2, 1935 MHz, 9501 MHz, 323.11 W, 0x0000000000000004
2026/08/28 16:21:43.590, 0 %, 346 MiB, 63, P2, 1950 MHz, 9501 MHz, 152.36 W, 0x0000000000000000
2026/08/28 16:21:48.608, 100 %, 19362 MiB, 62, P2, 1950 MHz, 9501 MHz, 169.71 W, 0x0000000000000000
2026/08/28 16:21:53.629, 99 %, 19362 MiB, 61, P2, 1950 MHz, 9501 MHz, 160.54 W, 0x0000000000000000
2026/08/28 16:21:58.652, 81 %, 20768 MiB, 63, P2, 1950 MHz, 9501 MHz, 219.19 W, 0x0000000000000000
2026/08/28 16:22:03.673, 83 %, 20770 MiB, 64, P2, 1950 MHz, 9501 MHz, 225.09 W, 0x0000000000000000
2026/08/28 16:22:08.695, 85 %, 20770 MiB, 63, P2, 1950 MHz, 9501 MHz, 223.94 W, 0x0000000000000000
2026/08/28 16:22:13.716, 81 %, 20770 MiB, 64, P2, 1950 MHz, 9501 MHz, 229.89 W, 0x0000000000000000
2026/08/28 16:22:18.737, 71 %, 20772 MiB, 63, P2, 1950 MHz, 9501 MHz, 215.96 W, 0x0000000000000000
2026/08/28 16:22:23.757, 80 %, 20780 MiB, 64, P2, 1950 MHz, 9501 MHz, 227.58 W, 0x0000000000000000
2026/08/28 16:22:28.775, 83 %, 20780 MiB, 63, P2, 1950 MHz, 9501 MHz, 225.49 W, 0x0000000000000000
2026/08/28 16:22:33.796, 81 %, 20780 MiB, 63, P2, 1950 MHz, 9501 MHz, 232.06 W, 0x0000000000000000
2026/08/28 16:22:38.817, 81 %, 20780 MiB, 63, P2, 1950 MHz, 9501 MHz, 226.15 W, 0x0000000000000000
2026/08/28 16:22:43.837, 83 %, 20780 MiB, 63, P2, 1950 MHz, 9501 MHz, 224.28 W, 0x0000000000000000
2026/08/28 16:22:48.860, 85 %, 20780 MiB, 63, P2, 1950 MHz, 9501 MHz, 226.24 W, 0x0000000000000000
2026/08/28 16:22:53.877, 0 %, 82 MiB, 60, P0, 1950 MHz, 9751 MHz, 159.88 W, 0x0000000000000000
2026/08/28 16:22:58.895, 0 %, 17618 MiB, 59, P2, 1950 MHz, 9501 MHz, 131.79 W, 0x0000000000000000
2026/08/28 16:23:03.917, 100 %, 17618 MiB, 59, P2, 1950 MHz, 9501 MHz, 154.68 W, 0x0000000000000000
2026/08/28 16:23:08.940, 67 %, 20276 MiB, 65, P2, 1950 MHz, 9501 MHz, 307.78 W, 0x0000000000000000
2026/08/28 16:23:13.962, 100 %, 20288 MiB, 61, P2, 1950 MHz, 9501 MHz, 214.27 W, 0x0000000000000000
2026/08/28 16:23:18.985, 66 %, 20288 MiB, 67, P2, 1950 MHz, 9501 MHz, 310.32 W, 0x0000000000000000
2026/08/28 16:23:24.006, 0 %, 346 MiB, 60, P2, 1950 MHz, 9501 MHz, 164.40 W, 0x0000000000000000
2026/08/28 16:23:29.025, 100 %, 17618 MiB, 59, P2, 1950 MHz, 9501 MHz, 161.74 W, 0x0000000000000000
2026/08/28 16:23:34.051, 100 %, 20276 MiB, 60, P2, 1950 MHz, 9501 MHz, 163.53 W, 0x0000000000000000
2026/08/28 16:23:39.070, 63 %, 20276 MiB, 66, P2, 1950 MHz, 9501 MHz, 285.35 W, 0x0000000000000000
2026/08/28 16:23:44.090, 27 %, 20280 MiB, 67, P2, 1935 MHz, 9501 MHz, 273.49 W, 0x0000000000000000
2026/08/28 16:23:49.110, 70 %, 20288 MiB, 63, P2, 1935 MHz, 9501 MHz, 273.74 W, 0x0000000000000004
2026/08/28 16:23:54.133, 64 %, 20288 MiB, 66, P2, 1935 MHz, 9501 MHz, 296.24 W, 0x0000000000000000
2026/08/28 16:23:59.156, 65 %, 20288 MiB, 66, P2, 1935 MHz, 9501 MHz, 294.93 W, 0x0000000000000000
2026/08/28 16:24:04.178, 0 %, 82 MiB, 63, P3, 420 MHz, 5001 MHz, 158.18 W, 0x0000000000000001
2026/08/28 16:24:09.197, 0 %, 82 MiB, 55, P8, 210 MHz, 810 MHz, 38.93 W, 0x0000000000000001
2026/08/28 16:24:14.222, 0 %, 82 MiB, 52, P8, 210 MHz, 405 MHz, 29.80 W, 0x0000000000000004
2026/08/28 16:24:19.246, 70 %, 20144 MiB, 57, P2, 1965 MHz, 9501 MHz, 129.84 W, 0x0000000000000000
2026/08/28 16:24:24.270, 99 %, 20144 MiB, 58, P2, 1965 MHz, 9501 MHz, 162.10 W, 0x0000000000000000
2026/08/28 16:24:29.297, 99 %, 20144 MiB, 58, P2, 1965 MHz, 9501 MHz, 162.02 W, 0x0000000000000000
2026/08/28 16:24:34.320, 72 %, 20816 MiB, 65, P2, 1950 MHz, 9501 MHz, 281.66 W, 0x0000000000000000
2026/08/28 16:24:39.339, 77 %, 20824 MiB, 66, P2, 1935 MHz, 9501 MHz, 321.43 W, 0x0000000000000000
2026/08/28 16:24:44.360, 77 %, 20824 MiB, 67, P2, 1935 MHz, 9501 MHz, 297.05 W, 0x0000000000000000
2026/08/28 16:24:49.606, 0 %, 346 MiB, 59, P0, 390 MHz, 5001 MHz, 151.01 W, 0x0000000000000024
2026/08/28 16:24:54.625, 100 %, 19362 MiB, 60, P2, 1950 MHz, 9501 MHz, 164.36 W, 0x0000000000000000
2026/08/28 16:24:59.646, 100 %, 19362 MiB, 60, P2, 1950 MHz, 9501 MHz, 163.28 W, 0x0000000000000000
2026/08/28 16:25:04.670, 69 %, 20768 MiB, 62, P2, 1950 MHz, 9501 MHz, 201.08 W, 0x0000000000000000
2026/08/28 16:25:09.692, 84 %, 20770 MiB, 63, P2, 1950 MHz, 9501 MHz, 226.66 W, 0x0000000000000000
2026/08/28 16:25:14.713, 83 %, 20772 MiB, 62, P2, 1950 MHz, 9501 MHz, 226.91 W, 0x0000000000000000
2026/08/28 16:25:19.733, 84 %, 20772 MiB, 63, P2, 1950 MHz, 9501 MHz, 224.17 W, 0x0000000000000000
2026/08/28 16:25:24.754, 84 %, 20772 MiB, 63, P2, 1950 MHz, 9501 MHz, 231.39 W, 0x0000000000000000
2026/08/28 16:25:29.774, 81 %, 20772 MiB, 63, P2, 1950 MHz, 9501 MHz, 222.76 W, 0x0000000000000000
2026/08/28 16:25:34.796, 84 %, 20772 MiB, 63, P2, 1950 MHz, 9501 MHz, 230.50 W, 0x0000000000000000
2026/08/28 16:25:39.817, 85 %, 20772 MiB, 63, P2, 1950 MHz, 9501 MHz, 229.15 W, 0x0000000000000000
2026/08/28 16:25:44.836, 81 %, 20778 MiB, 63, P2, 1950 MHz, 9501 MHz, 230.64 W, 0x0000000000000004
2026/08/28 16:25:49.859, 82 %, 20780 MiB, 64, P2, 1950 MHz, 9501 MHz, 229.49 W, 0x0000000000000000
2026/08/28 16:25:54.879, 84 %, 20780 MiB, 64, P2, 1950 MHz, 9501 MHz, 227.67 W, 0x0000000000000000
2026/08/28 16:25:59.899, 82 %, 20780 MiB, 64, P2, 1950 MHz, 9501 MHz, 228.32 W, 0x0000000000000000
2026/08/28 16:26:04.918, 82 %, 20780 MiB, 64, P2, 1950 MHz, 9501 MHz, 226.26 W, 0x0000000000000000
2026/08/28 16:26:09.935, 80 %, 20780 MiB, 64, P2, 1935 MHz, 9501 MHz, 228.76 W, 0x0000000000000000
2026/08/28 16:26:14.953, 85 %, 20780 MiB, 64, P2, 1935 MHz, 9501 MHz, 225.42 W, 0x0000000000000000
2026/08/28 16:26:19.973, 83 %, 20780 MiB, 64, P2, 1935 MHz, 9501 MHz, 215.29 W, 0x0000000000000000
2026/08/28 16:26:24.994, 79 %, 20780 MiB, 64, P2, 1935 MHz, 9501 MHz, 226.44 W, 0x0000000000000000
2026/08/28 16:26:30.016, 85 %, 20780 MiB, 64, P2, 1935 MHz, 9501 MHz, 226.85 W, 0x0000000000000000
2026/08/28 16:26:35.035, 84 %, 20780 MiB, 65, P2, 1935 MHz, 9501 MHz, 225.02 W, 0x0000000000000000
2026/08/28 16:26:40.052, 84 %, 20780 MiB, 64, P2, 1935 MHz, 9501 MHz, 226.30 W, 0x0000000000000000
2026/08/28 16:26:45.072, 0 %, 152 MiB, 59, P0, 885 MHz, 5001 MHz, 141.77 W, 0x0000000000000024
2026/08/28 16:26:50.093, 100 %, 20144 MiB, 61, P2, 1950 MHz, 9501 MHz, 166.18 W, 0x0000000000000000
2026/08/28 16:26:55.115, 99 %, 20144 MiB, 60, P2, 1950 MHz, 9501 MHz, 164.00 W, 0x0000000000000000
2026/08/28 16:27:00.141, 75 %, 20816 MiB, 64, P2, 1950 MHz, 9501 MHz, 191.33 W, 0x0000000000000000
2026/08/28 16:27:05.160, 79 %, 20816 MiB, 68, P2, 1935 MHz, 9501 MHz, 325.67 W, 0x0000000000000000
2026/08/28 16:27:10.181, 77 %, 20816 MiB, 69, P2, 1935 MHz, 9501 MHz, 328.77 W, 0x0000000000000000
2026/08/28 16:27:15.200, 77 %, 20824 MiB, 70, P2, 1935 MHz, 9501 MHz, 274.86 W, 0x0000000000000000
2026/08/28 16:27:20.221, 21 %, 20824 MiB, 68, P2, 1935 MHz, 9501 MHz, 323.61 W, 0x0000000000000000
2026/08/28 16:27:25.242, 76 %, 20824 MiB, 72, P2, 1935 MHz, 9501 MHz, 334.85 W, 0x0000000000000000
2026/08/28 16:27:30.264, 79 %, 20824 MiB, 73, P2, 1935 MHz, 9501 MHz, 339.05 W, 0x0000000000000000
2026/08/28 16:27:35.287, 0 %, 346 MiB, 65, P2, 1950 MHz, 9501 MHz, 163.31 W, 0x0000000000000000
2026/08/28 16:27:40.307, 99 %, 19362 MiB, 63, P2, 1950 MHz, 9501 MHz, 171.53 W, 0x0000000000000000
2026/08/28 16:27:45.333, 99 %, 19362 MiB, 62, P2, 1950 MHz, 9501 MHz, 170.49 W, 0x0000000000000000
2026/08/28 16:27:50.355, 0 %, 20742 MiB, 61, P2, 1950 MHz, 9501 MHz, 171.27 W, 0x0000000000000000
2026/08/28 16:27:55.375, 79 %, 20770 MiB, 62, P2, 1950 MHz, 9501 MHz, 219.11 W, 0x0000000000000000
2026/08/28 16:28:00.393, 84 %, 20770 MiB, 63, P2, 1950 MHz, 9501 MHz, 226.49 W, 0x0000000000000000
2026/08/28 16:28:05.413, 84 %, 20770 MiB, 63, P2, 1950 MHz, 9501 MHz, 225.19 W, 0x0000000000000000
2026/08/28 16:28:10.434, 84 %, 20772 MiB, 63, P2, 1950 MHz, 9501 MHz, 228.30 W, 0x0000000000000000
2026/08/28 16:28:15.453, 83 %, 20778 MiB, 63, P2, 1950 MHz, 9501 MHz, 227.56 W, 0x0000000000000000
2026/08/28 16:28:20.471, 78 %, 20780 MiB, 63, P2, 1950 MHz, 9501 MHz, 232.90 W, 0x0000000000000000
2026/08/28 16:28:25.491, 83 %, 20780 MiB, 63, P2, 1950 MHz, 9501 MHz, 229.04 W, 0x0000000000000000
2026/08/28 16:28:30.509, 83 %, 20780 MiB, 63, P2, 1950 MHz, 9501 MHz, 227.38 W, 0x0000000000000000
2026/08/28 16:28:35.530, 83 %, 20780 MiB, 63, P2, 1950 MHz, 9501 MHz, 228.60 W, 0x0000000000000000
2026/08/28 16:28:40.550, 80 %, 20780 MiB, 63, P2, 1950 MHz, 9501 MHz, 229.65 W, 0x0000000000000000
2026/08/28 16:28:45.571, 84 %, 20780 MiB, 63, P2, 1950 MHz, 9501 MHz, 219.91 W, 0x0000000000000000
2026/08/28 16:28:50.593, 0 %, 346 MiB, 60, P2, 1965 MHz, 9501 MHz, 128.81 W, 0x0000000000000000
2026/08/28 16:28:55.614, 100 %, 19044 MiB, 59, P2, 1965 MHz, 9501 MHz, 164.63 W, 0x0000000000000000
2026/08/28 16:29:00.637, 100 %, 19044 MiB, 59, P2, 1965 MHz, 9501 MHz, 166.11 W, 0x0000000000000000
2026/08/28 16:29:05.664, 99 %, 21094 MiB, 58, P2, 1965 MHz, 9501 MHz, 167.30 W, 0x0000000000000000
2026/08/28 16:29:10.689, 75 %, 22286 MiB, 66, P2, 1950 MHz, 9501 MHz, 327.70 W, 0x0000000000000000
2026/08/28 16:29:15.709, 77 %, 22292 MiB, 66, P2, 1950 MHz, 9501 MHz, 284.15 W, 0x0000000000000000
2026/08/28 16:29:20.730, 82 %, 22292 MiB, 66, P2, 1950 MHz, 9501 MHz, 296.55 W, 0x0000000000000000
2026/08/28 16:29:25.752, 0 %, 346 MiB, 60, P2, 1965 MHz, 9501 MHz, 166.68 W, 0x0000000000000000
2026/08/28 16:29:30.773, 100 %, 17618 MiB, 60, P2, 1965 MHz, 9501 MHz, 166.43 W, 0x0000000000000000
2026/08/28 16:29:35.797, 100 %, 17618 MiB, 59, P2, 1965 MHz, 9501 MHz, 165.76 W, 0x0000000000000000
2026/08/28 16:29:40.818, 72 %, 20276 MiB, 64, P2, 1950 MHz, 9501 MHz, 294.89 W, 0x0000000000000000
2026/08/28 16:29:45.840, 71 %, 20276 MiB, 66, P2, 1950 MHz, 9501 MHz, 314.23 W, 0x0000000000000000
2026/08/28 16:29:50.863, 69 %, 20280 MiB, 67, P2, 1950 MHz, 9501 MHz, 314.64 W, 0x0000000000000000
2026/08/28 16:29:55.884, 68 %, 20288 MiB, 67, P2, 1950 MHz, 9501 MHz, 232.97 W, 0x0000000000000000
2026/08/28 16:30:00.903, 69 %, 20288 MiB, 68, P2, 1950 MHz, 9501 MHz, 277.93 W, 0x0000000000000000
2026/08/28 16:30:05.922, 72 %, 20288 MiB, 69, P2, 1935 MHz, 9501 MHz, 287.49 W, 0x0000000000000004
2026/08/28 16:30:10.941, 0 %, 346 MiB, 62, P2, 1950 MHz, 9501 MHz, 146.70 W, 0x0000000000000000
2026/08/28 16:30:15.961, 99 %, 19044 MiB, 61, P2, 1950 MHz, 9501 MHz, 167.98 W, 0x0000000000000000
2026/08/28 16:30:20.985, 100 %, 19044 MiB, 61, P2, 1950 MHz, 9501 MHz, 167.76 W, 0x0000000000000000
2026/08/28 16:30:26.010, 0 %, 21094 MiB, 60, P2, 1950 MHz, 9501 MHz, 168.96 W, 0x0000000000000000
2026/08/28 16:30:31.041, 79 %, 22286 MiB, 67, P2, 1950 MHz, 9501 MHz, 319.01 W, 0x0000000000000004
2026/08/28 16:30:36.061, 76 %, 22286 MiB, 68, P2, 1950 MHz, 9501 MHz, 317.43 W, 0x0000000000000000
2026/08/28 16:30:41.080, 77 %, 22292 MiB, 69, P2, 1935 MHz, 9501 MHz, 327.75 W, 0x0000000000000004
2026/08/28 16:30:46.098, 78 %, 22292 MiB, 70, P2, 1935 MHz, 9501 MHz, 327.82 W, 0x0000000000000004
2026/08/28 16:30:51.119, 76 %, 22292 MiB, 71, P2, 1935 MHz, 9501 MHz, 321.93 W, 0x0000000000000004
2026/08/28 16:30:56.139, 0 %, 82 MiB, 65, P0, 1935 MHz, 9751 MHz, 174.00 W, 0x0000000000000000
2026/08/28 16:31:01.159, 100 %, 17618 MiB, 61, P2, 1950 MHz, 9501 MHz, 134.30 W, 0x0000000000000000
2026/08/28 16:31:06.185, 100 %, 17618 MiB, 62, P2, 1950 MHz, 9501 MHz, 170.06 W, 0x0000000000000000
2026/08/28 16:31:11.209, 100 %, 18762 MiB, 61, P2, 1950 MHz, 9501 MHz, 168.88 W, 0x0000000000000000
2026/08/28 16:31:16.232, 69 %, 20276 MiB, 67, P2, 1950 MHz, 9501 MHz, 312.85 W, 0x0000000000000000
2026/08/28 16:31:21.254, 100 %, 20288 MiB, 65, P2, 1905 MHz, 9501 MHz, 277.01 W, 0x0000000000000004
2026/08/28 16:31:26.277, 68 %, 20288 MiB, 68, P2, 1935 MHz, 9501 MHz, 311.74 W, 0x0000000000000004
2026/08/28 16:31:31.299, 0 %, 346 MiB, 61, P2, 1950 MHz, 9501 MHz, 147.84 W, 0x0000000000000000
2026/08/28 16:31:36.320, 100 %, 18082 MiB, 61, P2, 1950 MHz, 9501 MHz, 168.13 W, 0x0000000000000000
2026/08/28 16:31:41.352, 100 %, 18082 MiB, 60, P2, 1950 MHz, 9501 MHz, 167.34 W, 0x0000000000000000
2026/08/28 16:31:46.376, 42 %, 21808 MiB, 60, P2, 1950 MHz, 9501 MHz, 169.57 W, 0x0000000000000000
2026/08/28 16:31:51.396, 72 %, 21828 MiB, 67, P2, 1950 MHz, 9501 MHz, 314.53 W, 0x0000000000000000
2026/08/28 16:31:56.417, 68 %, 21834 MiB, 66, P2, 1950 MHz, 9501 MHz, 251.76 W, 0x0000000000000004
2026/08/28 16:32:01.438, 70 %, 21834 MiB, 68, P2, 1935 MHz, 9501 MHz, 313.68 W, 0x0000000000000004
2026/08/28 16:32:06.458, 0 %, 346 MiB, 61, P2, 1950 MHz, 9501 MHz, 142.54 W, 0x0000000000000000
2026/08/28 16:32:11.478, 100 %, 18082 MiB, 60, P2, 1950 MHz, 9501 MHz, 164.28 W, 0x0000000000000000
2026/08/28 16:32:16.505, 33 %, 19730 MiB, 59, P2, 1950 MHz, 9501 MHz, 157.49 W, 0x0000000000000000
2026/08/28 16:32:21.523, 70 %, 21828 MiB, 66, P2, 1950 MHz, 9501 MHz, 316.38 W, 0x0000000000000000
2026/08/28 16:32:26.545, 69 %, 21828 MiB, 67, P2, 1935 MHz, 9501 MHz, 317.32 W, 0x0000000000000000
2026/08/28 16:32:31.566, 66 %, 21834 MiB, 67, P2, 1935 MHz, 9501 MHz, 298.74 W, 0x0000000000000000
2026/08/28 16:32:36.587, 69 %, 21834 MiB, 68, P2, 1935 MHz, 9501 MHz, 297.13 W, 0x0000000000000004
2026/08/28 16:32:41.614, 72 %, 21834 MiB, 69, P2, 1935 MHz, 9501 MHz, 317.80 W, 0x0000000000000004
2026/08/28 16:32:46.635, 71 %, 21834 MiB, 71, P2, 1935 MHz, 9501 MHz, 322.35 W, 0x0000000000000004
2026/08/28 16:32:51.655, 0 %, 346 MiB, 62, P2, 1950 MHz, 9501 MHz, 158.58 W, 0x0000000000000000
2026/08/28 16:32:56.674, 100 %, 17618 MiB, 61, P2, 1950 MHz, 9501 MHz, 157.86 W, 0x0000000000000000
2026/08/28 16:33:01.697, 68 %, 20276 MiB, 66, P2, 1950 MHz, 9501 MHz, 281.58 W, 0x0000000000000000
2026/08/28 16:33:06.717, 65 %, 20288 MiB, 67, P2, 1950 MHz, 9501 MHz, 246.81 W, 0x0000000000000000
2026/08/28 16:33:11.738, 65 %, 20288 MiB, 67, P2, 1935 MHz, 9501 MHz, 273.70 W, 0x0000000000000000
2026/08/28 16:33:16.756, 0 %, 82 MiB, 62, P0, 1935 MHz, 9751 MHz, 162.14 W, 0x0000000000000024
2026/08/28 16:33:21.774, 31 %, 18082 MiB, 60, P2, 1695 MHz, 9501 MHz, 133.46 W, 0x0000000000000000
2026/08/28 16:33:26.799, 100 %, 18082 MiB, 60, P2, 1950 MHz, 9501 MHz, 155.97 W, 0x0000000000000000
2026/08/28 16:33:31.822, 57 %, 21828 MiB, 64, P2, 1950 MHz, 9501 MHz, 288.31 W, 0x0000000000000000
2026/08/28 16:33:36.842, 67 %, 21828 MiB, 67, P2, 1935 MHz, 9501 MHz, 280.33 W, 0x0000000000000000
2026/08/28 16:33:41.862, 100 %, 21834 MiB, 64, P2, 1935 MHz, 9501 MHz, 277.18 W, 0x0000000000000004
2026/08/28 16:33:46.884, 73 %, 21834 MiB, 69, P2, 1935 MHz, 9501 MHz, 319.57 W, 0x0000000000000000
2026/08/28 16:33:51.905, 67 %, 21834 MiB, 68, P2, 1935 MHz, 9501 MHz, 285.13 W, 0x0000000000000000
2026/08/28 16:33:56.927, 73 %, 21834 MiB, 70, P2, 1935 MHz, 9501 MHz, 325.37 W, 0x0000000000000004
2026/08/28 16:34:01.949, 0 %, 346 MiB, 61, P0, 435 MHz, 5001 MHz, 141.10 W, 0x0000000000000000
2026/08/28 16:34:06.969, 100 %, 17618 MiB, 62, P2, 1950 MHz, 9501 MHz, 164.63 W, 0x0000000000000000
2026/08/28 16:34:11.993, 100 %, 17618 MiB, 61, P2, 1950 MHz, 9501 MHz, 167.00 W, 0x0000000000000000
2026/08/28 16:34:17.020, 100 %, 20276 MiB, 61, P2, 1950 MHz, 9501 MHz, 167.86 W, 0x0000000000000000
2026/08/28 16:34:22.042, 70 %, 20276 MiB, 65, P2, 1935 MHz, 9501 MHz, 284.63 W, 0x0000000000000000
2026/08/28 16:34:27.062, 67 %, 20280 MiB, 68, P2, 1935 MHz, 9501 MHz, 281.29 W, 0x0000000000000000
2026/08/28 16:34:32.087, 100 %, 20288 MiB, 64, P2, 1935 MHz, 9501 MHz, 269.25 W, 0x0000000000000004
2026/08/28 16:34:37.108, 37 %, 20288 MiB, 67, P2, 1935 MHz, 9501 MHz, 304.43 W, 0x0000000000000000
2026/08/28 16:34:42.129, 23 %, 20288 MiB, 68, P2, 1935 MHz, 9501 MHz, 304.50 W, 0x0000000000000000
2026/08/28 16:34:47.166, 0 %, 82 MiB, 63, P3, 1935 MHz, 9751 MHz, 163.11 W, 0x0000000000000001
2026/08/28 16:34:52.203, 100 %, 18082 MiB, 62, P2, 1950 MHz, 9501 MHz, 150.29 W, 0x0000000000000000
2026/08/28 16:34:57.230, 100 %, 18082 MiB, 62, P2, 1950 MHz, 9501 MHz, 167.32 W, 0x0000000000000000
2026/08/28 16:35:02.251, 84 %, 19730 MiB, 61, P2, 1950 MHz, 9501 MHz, 166.66 W, 0x0000000000000000
2026/08/28 16:35:07.270, 71 %, 21828 MiB, 67, P2, 1935 MHz, 9501 MHz, 313.26 W, 0x0000000000000000
2026/08/28 16:35:12.290, 67 %, 21834 MiB, 67, P2, 1935 MHz, 9501 MHz, 309.45 W, 0x0000000000000000
2026/08/28 16:35:17.315, 74 %, 21834 MiB, 68, P2, 1935 MHz, 9501 MHz, 317.45 W, 0x0000000000000000
2026/08/28 16:35:22.627, 0 %, 99 MiB, 60, P0, 390 MHz, 5001 MHz, 145.67 W, 0x0000000000000024
2026/08/28 16:35:27.647, 99 %, 19362 MiB, 61, P2, 1950 MHz, 9501 MHz, 164.89 W, 0x0000000000000000
2026/08/28 16:35:32.672, 100 %, 19362 MiB, 60, P2, 1950 MHz, 9501 MHz, 165.54 W, 0x0000000000000000
2026/08/28 16:35:37.698, 100 %, 19362 MiB, 60, P2, 1950 MHz, 9501 MHz, 165.68 W, 0x0000000000000000
2026/08/28 16:35:42.724, 83 %, 20770 MiB, 62, P2, 1950 MHz, 9501 MHz, 219.21 W, 0x0000000000000000
2026/08/28 16:35:47.742, 50 %, 20770 MiB, 62, P2, 1950 MHz, 9501 MHz, 211.64 W, 0x0000000000000000
2026/08/28 16:35:52.761, 84 %, 20770 MiB, 62, P2, 1950 MHz, 9501 MHz, 223.08 W, 0x0000000000000000
2026/08/28 16:35:57.780, 83 %, 20772 MiB, 62, P2, 1950 MHz, 9501 MHz, 222.44 W, 0x0000000000000004
2026/08/28 16:36:02.801, 99 %, 20778 MiB, 62, P2, 1950 MHz, 9501 MHz, 199.95 W, 0x0000000000000000
2026/08/28 16:36:07.821, 80 %, 20780 MiB, 63, P2, 1950 MHz, 9501 MHz, 228.91 W, 0x0000000000000000
2026/08/28 16:36:12.842, 83 %, 20780 MiB, 63, P2, 1950 MHz, 9501 MHz, 226.83 W, 0x0000000000000000
2026/08/28 16:36:17.863, 76 %, 20780 MiB, 63, P2, 1950 MHz, 9501 MHz, 219.43 W, 0x0000000000000000
2026/08/28 16:36:22.884, 84 %, 20780 MiB, 63, P2, 1950 MHz, 9501 MHz, 224.34 W, 0x0000000000000000
2026/08/28 16:36:27.904, 83 %, 20780 MiB, 63, P2, 1950 MHz, 9501 MHz, 222.24 W, 0x0000000000000000
2026/08/28 16:36:32.934, 85 %, 20780 MiB, 63, P2, 1950 MHz, 9501 MHz, 224.19 W, 0x0000000000000000
2026/08/28 16:36:37.954, 0 %, 346 MiB, 58, P0, 1695 MHz, 9751 MHz, 133.96 W, 0x0000000000000000
2026/08/28 16:36:42.975, 100 %, 19044 MiB, 59, P2, 1950 MHz, 9501 MHz, 158.13 W, 0x0000000000000000
2026/08/28 16:36:47.998, 100 %, 19044 MiB, 59, P2, 1950 MHz, 9501 MHz, 162.38 W, 0x0000000000000000
2026/08/28 16:36:53.020, 100 %, 21094 MiB, 59, P2, 1950 MHz, 9501 MHz, 163.68 W, 0x0000000000000000
2026/08/28 16:36:58.046, 80 %, 22286 MiB, 66, P2, 1935 MHz, 9501 MHz, 320.70 W, 0x0000000000000004
2026/08/28 16:37:03.067, 80 %, 22286 MiB, 67, P2, 1935 MHz, 9501 MHz, 319.27 W, 0x0000000000000004
2026/08/28 16:37:08.087, 77 %, 22292 MiB, 67, P2, 1935 MHz, 9501 MHz, 314.76 W, 0x0000000000000004
2026/08/28 16:37:13.109, 77 %, 22292 MiB, 68, P2, 1935 MHz, 9501 MHz, 321.61 W, 0x0000000000000004
2026/08/28 16:37:18.129, 79 %, 22292 MiB, 69, P2, 1935 MHz, 9501 MHz, 319.65 W, 0x0000000000000004
2026/08/28 16:37:23.149, 0 %, 82 MiB, 64, P0, 1935 MHz, 9751 MHz, 169.42 W, 0x0000000000000000
2026/08/28 16:37:28.166, 0 %, 346 MiB, 61, P2, 1695 MHz, 9501 MHz, 141.78 W, 0x0000000000000000
2026/08/28 16:37:33.188, 99 %, 19362 MiB, 61, P2, 1950 MHz, 9501 MHz, 167.45 W, 0x0000000000000000
2026/08/28 16:37:38.213, 99 %, 19362 MiB, 61, P2, 1950 MHz, 9501 MHz, 165.91 W, 0x0000000000000000
2026/08/28 16:37:43.239, 80 %, 20768 MiB, 63, P2, 1950 MHz, 9501 MHz, 224.17 W, 0x0000000000000000
2026/08/28 16:37:48.259, 83 %, 20772 MiB, 63, P2, 1950 MHz, 9501 MHz, 228.09 W, 0x0000000000000000
2026/08/28 16:37:53.281, 84 %, 20772 MiB, 63, P2, 1950 MHz, 9501 MHz, 223.32 W, 0x0000000000000000
2026/08/28 16:37:58.304, 83 %, 20772 MiB, 63, P2, 1950 MHz, 9501 MHz, 223.92 W, 0x0000000000000000
2026/08/28 16:38:03.325, 56 %, 20772 MiB, 63, P2, 1950 MHz, 9501 MHz, 215.20 W, 0x0000000000000000
2026/08/28 16:38:08.343, 83 %, 20772 MiB, 63, P2, 1950 MHz, 9501 MHz, 224.07 W, 0x0000000000000000
2026/08/28 16:38:13.362, 84 %, 20772 MiB, 63, P2, 1950 MHz, 9501 MHz, 225.29 W, 0x0000000000000000
2026/08/28 16:38:18.382, 80 %, 20772 MiB, 63, P2, 1950 MHz, 9501 MHz, 223.29 W, 0x0000000000000000
2026/08/28 16:38:23.411, 83 %, 20780 MiB, 63, P2, 1950 MHz, 9501 MHz, 206.35 W, 0x0000000000000000
2026/08/28 16:38:28.429, 84 %, 20780 MiB, 63, P2, 1950 MHz, 9501 MHz, 229.22 W, 0x0000000000000000
2026/08/28 16:38:33.448, 84 %, 20780 MiB, 63, P2, 1950 MHz, 9501 MHz, 227.91 W, 0x0000000000000000
2026/08/28 16:38:38.467, 80 %, 20780 MiB, 63, P2, 1950 MHz, 9501 MHz, 224.03 W, 0x0000000000000000
2026/08/28 16:38:43.489, 79 %, 20780 MiB, 64, P2, 1950 MHz, 9501 MHz, 219.46 W, 0x0000000000000000
2026/08/28 16:38:48.511, 80 %, 20780 MiB, 63, P2, 1950 MHz, 9501 MHz, 223.90 W, 0x0000000000000000
2026/08/28 16:38:53.533, 80 %, 20780 MiB, 63, P2, 1950 MHz, 9501 MHz, 226.34 W, 0x0000000000000000
2026/08/28 16:38:58.553, 84 %, 20780 MiB, 63, P2, 1950 MHz, 9501 MHz, 222.22 W, 0x0000000000000000
2026/08/28 16:39:03.572, 82 %, 20780 MiB, 63, P2, 1950 MHz, 9501 MHz, 223.14 W, 0x0000000000000000
2026/08/28 16:39:08.593, 84 %, 20780 MiB, 64, P2, 1950 MHz, 9501 MHz, 223.47 W, 0x0000000000000000
2026/08/28 16:39:13.611, 80 %, 20780 MiB, 64, P2, 1950 MHz, 9501 MHz, 226.05 W, 0x0000000000000000
2026/08/28 16:39:18.632, 83 %, 20780 MiB, 64, P2, 1950 MHz, 9501 MHz, 225.97 W, 0x0000000000000000
2026/08/28 16:39:23.658, 0 %, 346 MiB, 60, P2, 1950 MHz, 9501 MHz, 163.42 W, 0x0000000000000000
2026/08/28 16:39:28.677, 100 %, 19044 MiB, 60, P2, 1950 MHz, 9501 MHz, 161.79 W, 0x0000000000000000
2026/08/28 16:39:33.702, 100 %, 19044 MiB, 60, P2, 1950 MHz, 9501 MHz, 163.12 W, 0x0000000000000000
2026/08/28 16:39:38.725, 53 %, 22286 MiB, 63, P2, 1950 MHz, 9501 MHz, 193.53 W, 0x0000000000000000
2026/08/28 16:39:43.747, 26 %, 22292 MiB, 65, P2, 1935 MHz, 9501 MHz, 264.87 W, 0x0000000000000000
2026/08/28 16:39:48.770, 78 %, 22292 MiB, 67, P2, 1935 MHz, 9501 MHz, 287.14 W, 0x0000000000000000
2026/08/28 16:39:53.788, 0 %, 82 MiB, 63, P0, 1935 MHz, 9501 MHz, 219.88 W, 0x0000000000000000
2026/08/28 16:39:58.807, 3 %, 346 MiB, 60, P2, 1695 MHz, 9501 MHz, 153.86 W, 0x0000000000000000
2026/08/28 16:40:03.826, 100 %, 20144 MiB, 60, P2, 1950 MHz, 9501 MHz, 164.62 W, 0x0000000000000000
2026/08/28 16:40:08.860, 100 %, 20144 MiB, 60, P2, 1950 MHz, 9501 MHz, 163.07 W, 0x0000000000000000
2026/08/28 16:40:13.885, 77 %, 20816 MiB, 66, P2, 1935 MHz, 9501 MHz, 287.45 W, 0x0000000000000000
2026/08/28 16:40:18.901, 75 %, 20824 MiB, 67, P2, 1935 MHz, 9501 MHz, 320.27 W, 0x0000000000000000
2026/08/28 16:40:23.922, 39 %, 20824 MiB, 68, P2, 1935 MHz, 9501 MHz, 284.32 W, 0x0000000000000000
2026/08/28 16:40:28.940, 0 %, 82 MiB, 62, P0, 1935 MHz, 9751 MHz, 164.70 W, 0x0000000000000000
2026/08/28 16:40:33.960, 0 %, 20144 MiB, 60, P2, 1905 MHz, 9501 MHz, 133.04 W, 0x0000000000000000
2026/08/28 16:40:38.985, 99 %, 20144 MiB, 61, P2, 1950 MHz, 9501 MHz, 165.08 W, 0x0000000000000000
2026/08/28 16:40:44.007, 100 %, 20144 MiB, 60, P2, 1950 MHz, 9501 MHz, 165.11 W, 0x0000000000000000
2026/08/28 16:40:49.035, 77 %, 20816 MiB, 67, P2, 1935 MHz, 9501 MHz, 294.39 W, 0x0000000000000000
2026/08/28 16:40:54.053, 72 %, 20816 MiB, 66, P2, 1935 MHz, 9501 MHz, 289.53 W, 0x0000000000000004
2026/08/28 16:40:59.073, 78 %, 20820 MiB, 70, P2, 1935 MHz, 9501 MHz, 329.88 W, 0x0000000000000000
2026/08/28 16:41:04.092, 77 %, 20824 MiB, 70, P2, 1935 MHz, 9501 MHz, 329.42 W, 0x0000000000000000
2026/08/28 16:41:09.112, 77 %, 20824 MiB, 71, P2, 1935 MHz, 9501 MHz, 305.15 W, 0x0000000000000000
2026/08/28 16:41:14.131, 62 %, 20824 MiB, 73, P2, 1935 MHz, 9501 MHz, 336.20 W, 0x0000000000000000
2026/08/28 16:41:19.150, 0 %, 82 MiB, 66, P0, 1935 MHz, 9751 MHz, 175.07 W, 0x0000000000000000
2026/08/28 16:41:24.169, 100 %, 19362 MiB, 63, P2, 1935 MHz, 9501 MHz, 151.66 W, 0x0000000000000000
2026/08/28 16:41:29.193, 99 %, 19362 MiB, 62, P2, 1935 MHz, 9501 MHz, 168.45 W, 0x0000000000000000
2026/08/28 16:41:34.217, 100 %, 19362 MiB, 61, P2, 1935 MHz, 9501 MHz, 168.32 W, 0x0000000000000000
2026/08/28 16:41:39.243, 83 %, 20770 MiB, 63, P2, 1935 MHz, 9501 MHz, 222.41 W, 0x0000000000000000
2026/08/28 16:41:44.267, 84 %, 20770 MiB, 63, P2, 1935 MHz, 9501 MHz, 211.98 W, 0x0000000000000000
2026/08/28 16:41:49.289, 84 %, 20770 MiB, 63, P2, 1935 MHz, 9501 MHz, 225.46 W, 0x0000000000000000
2026/08/28 16:41:54.310, 84 %, 20772 MiB, 63, P2, 1935 MHz, 9501 MHz, 228.57 W, 0x0000000000000000
2026/08/28 16:41:59.330, 81 %, 20778 MiB, 63, P2, 1935 MHz, 9501 MHz, 206.68 W, 0x0000000000000000
2026/08/28 16:42:04.350, 80 %, 20780 MiB, 63, P2, 1935 MHz, 9501 MHz, 230.76 W, 0x0000000000000000
2026/08/28 16:42:09.371, 79 %, 20780 MiB, 63, P2, 1935 MHz, 9501 MHz, 228.72 W, 0x0000000000000000
2026/08/28 16:42:14.390, 81 %, 20780 MiB, 63, P2, 1935 MHz, 9501 MHz, 223.57 W, 0x0000000000000000
2026/08/28 16:42:19.412, 84 %, 20780 MiB, 63, P2, 1935 MHz, 9501 MHz, 226.82 W, 0x0000000000000000
2026/08/28 16:42:24.431, 83 %, 20780 MiB, 62, P2, 1935 MHz, 9501 MHz, 224.42 W, 0x0000000000000000
2026/08/28 16:42:29.451, 46 %, 20780 MiB, 62, P2, 1935 MHz, 9501 MHz, 222.81 W, 0x0000000000000000
2026/08/28 16:42:34.474, 0 %, 1100 MiB, 60, P2, 1950 MHz, 9501 MHz, 147.00 W, 0x0000000000000000
2026/08/28 16:42:39.492, 100 %, 17618 MiB, 59, P2, 1950 MHz, 9501 MHz, 165.96 W, 0x0000000000000000
2026/08/28 16:42:44.521, 100 %, 17618 MiB, 59, P2, 1950 MHz, 9501 MHz, 165.61 W, 0x0000000000000000
2026/08/28 16:42:49.545, 59 %, 20276 MiB, 61, P2, 1950 MHz, 9501 MHz, 183.84 W, 0x0000000000000000
2026/08/28 16:42:54.568, 67 %, 20276 MiB, 65, P2, 1935 MHz, 9501 MHz, 279.54 W, 0x0000000000000000
2026/08/28 16:42:59.591, 71 %, 20280 MiB, 66, P2, 1935 MHz, 9501 MHz, 275.44 W, 0x0000000000000000
2026/08/28 16:43:04.612, 99 %, 20288 MiB, 62, P2, 1935 MHz, 9501 MHz, 269.55 W, 0x0000000000000000
2026/08/28 16:43:09.637, 68 %, 20288 MiB, 66, P2, 1935 MHz, 9501 MHz, 307.22 W, 0x0000000000000000
2026/08/28 16:43:14.658, 24 %, 20288 MiB, 66, P2, 1935 MHz, 9501 MHz, 304.11 W, 0x0000000000000000
2026/08/28 16:43:19.893, 0 %, 99 MiB, 61, P3, 495 MHz, 5001 MHz, 157.80 W, 0x0000000000000001
2026/08/28 16:43:24.912, 100 %, 19362 MiB, 60, P2, 1950 MHz, 9501 MHz, 150.30 W, 0x0000000000000000
2026/08/28 16:43:29.933, 99 %, 19972 MiB, 60, P2, 1950 MHz, 9501 MHz, 156.74 W, 0x0000000000000000
2026/08/28 16:43:34.953, 85 %, 20768 MiB, 63, P2, 1950 MHz, 9501 MHz, 228.06 W, 0x0000000000000000
2026/08/28 16:43:39.975, 86 %, 20772 MiB, 63, P2, 1950 MHz, 9501 MHz, 225.42 W, 0x0000000000000000
2026/08/28 16:43:44.993, 72 %, 20772 MiB, 63, P2, 1950 MHz, 9501 MHz, 214.79 W, 0x0000000000000000
2026/08/28 16:43:50.014, 84 %, 20772 MiB, 63, P2, 1950 MHz, 9501 MHz, 225.81 W, 0x0000000000000000
2026/08/28 16:43:55.032, 83 %, 20772 MiB, 63, P2, 1950 MHz, 9501 MHz, 227.11 W, 0x0000000000000000
2026/08/28 16:44:00.052, 83 %, 20772 MiB, 63, P2, 1950 MHz, 9501 MHz, 226.68 W, 0x0000000000000000
2026/08/28 16:44:05.076, 79 %, 20772 MiB, 63, P2, 1950 MHz, 9501 MHz, 228.23 W, 0x0000000000000000
2026/08/28 16:44:10.094, 79 %, 20774 MiB, 64, P2, 1950 MHz, 9501 MHz, 233.14 W, 0x0000000000000000
2026/08/28 16:44:15.112, 83 %, 20780 MiB, 64, P2, 1950 MHz, 9501 MHz, 229.58 W, 0x0000000000000000
2026/08/28 16:44:20.132, 94 %, 20780 MiB, 63, P2, 1950 MHz, 9501 MHz, 210.12 W, 0x0000000000000000
2026/08/28 16:44:25.150, 84 %, 20780 MiB, 64, P2, 1950 MHz, 9501 MHz, 227.90 W, 0x0000000000000000
2026/08/28 16:44:30.171, 79 %, 20780 MiB, 64, P2, 1950 MHz, 9501 MHz, 229.34 W, 0x0000000000000000
2026/08/28 16:44:35.189, 83 %, 20780 MiB, 64, P2, 1950 MHz, 9501 MHz, 233.20 W, 0x0000000000000000
2026/08/28 16:44:40.209, 85 %, 20780 MiB, 64, P2, 1950 MHz, 9501 MHz, 226.84 W, 0x0000000000000000
2026/08/28 16:44:45.231, 84 %, 20780 MiB, 65, P2, 1950 MHz, 9501 MHz, 235.91 W, 0x0000000000000000
2026/08/28 16:44:50.249, 82 %, 20780 MiB, 64, P2, 1950 MHz, 9501 MHz, 229.94 W, 0x0000000000000000
2026/08/28 16:44:55.267, 84 %, 20780 MiB, 64, P2, 1950 MHz, 9501 MHz, 228.00 W, 0x0000000000000000
2026/08/28 16:45:00.286, 84 %, 20780 MiB, 63, P2, 1950 MHz, 9501 MHz, 220.99 W, 0x0000000000000000
2026/08/28 16:45:05.305, 84 %, 20780 MiB, 64, P2, 1950 MHz, 9501 MHz, 226.62 W, 0x0000000000000000
2026/08/28 16:45:10.324, 100 %, 82 MiB, 62, P0, 1950 MHz, 9751 MHz, 182.03 W, 0x0000000000000000
2026/08/28 16:45:15.341, 0 %, 346 MiB, 59, P2, 1695 MHz, 9501 MHz, 146.05 W, 0x0000000000000000
2026/08/28 16:45:20.359, 100 %, 17618 MiB, 60, P2, 1950 MHz, 9501 MHz, 166.27 W, 0x0000000000000000
2026/08/28 16:45:25.385, 100 %, 17618 MiB, 60, P2, 1950 MHz, 9501 MHz, 165.61 W, 0x0000000000000000
2026/08/28 16:45:30.411, 70 %, 20276 MiB, 65, P2, 1950 MHz, 9501 MHz, 272.10 W, 0x0000000000000000
2026/08/28 16:45:35.429, 67 %, 20288 MiB, 66, P2, 1950 MHz, 9501 MHz, 308.19 W, 0x0000000000000000
2026/08/28 16:45:40.448, 70 %, 20288 MiB, 67, P2, 1950 MHz, 9501 MHz, 281.82 W, 0x0000000000000000
2026/08/28 16:45:45.642, 0 %, 346 MiB, 59, P0, 390 MHz, 5001 MHz, 141.08 W, 0x0000000000000000
2026/08/28 16:45:50.661, 100 %, 20144 MiB, 60, P2, 1950 MHz, 9501 MHz, 163.12 W, 0x0000000000000000
2026/08/28 16:45:55.685, 100 %, 20144 MiB, 60, P2, 1950 MHz, 9501 MHz, 164.74 W, 0x0000000000000000
2026/08/28 16:46:00.709, 100 %, 20816 MiB, 60, P2, 1950 MHz, 9501 MHz, 165.53 W, 0x0000000000000000
2026/08/28 16:46:05.729, 78 %, 20816 MiB, 68, P2, 1950 MHz, 9501 MHz, 330.08 W, 0x0000000000000000
2026/08/28 16:46:10.750, 77 %, 20824 MiB, 68, P2, 1950 MHz, 9501 MHz, 283.32 W, 0x0000000000000000
2026/08/28 16:46:15.771, 75 %, 20824 MiB, 69, P2, 1935 MHz, 9501 MHz, 327.88 W, 0x0000000000000000
2026/08/28 16:46:20.791, 0 %, 346 MiB, 62, P2, 1950 MHz, 9501 MHz, 167.96 W, 0x0000000000000000
2026/08/28 16:46:25.810, 99 %, 18082 MiB, 61, P2, 1950 MHz, 9501 MHz, 168.62 W, 0x0000000000000000
2026/08/28 16:46:30.834, 100 %, 18082 MiB, 61, P2, 1950 MHz, 9501 MHz, 167.22 W, 0x0000000000000000
2026/08/28 16:46:35.860, 36 %, 21828 MiB, 65, P2, 1950 MHz, 9501 MHz, 232.61 W, 0x0000000000000000
2026/08/28 16:46:40.884, 68 %, 21828 MiB, 67, P2, 1950 MHz, 9501 MHz, 306.71 W, 0x0000000000000000
2026/08/28 16:46:45.903, 74 %, 21830 MiB, 65, P2, 1950 MHz, 9501 MHz, 284.10 W, 0x0000000000000000
2026/08/28 16:46:50.922, 71 %, 21834 MiB, 64, P2, 1950 MHz, 9501 MHz, 260.89 W, 0x0000000000000000
2026/08/28 16:46:55.943, 71 %, 21834 MiB, 67, P2, 1935 MHz, 9501 MHz, 298.04 W, 0x0000000000000000
2026/08/28 16:47:00.963, 67 %, 21834 MiB, 70, P2, 1935 MHz, 9501 MHz, 319.02 W, 0x0000000000000000
2026/08/28 16:47:05.985, 100 %, 82 MiB, 66, P0, 1935 MHz, 9751 MHz, 209.35 W, 0x0000000000000000
2026/08/28 16:47:11.006, 0 %, 20144 MiB, 61, P2, 1695 MHz, 9501 MHz, 145.74 W, 0x0000000000000000
2026/08/28 16:47:16.035, 100 %, 20144 MiB, 62, P2, 1950 MHz, 9501 MHz, 170.19 W, 0x0000000000000000
2026/08/28 16:47:21.058, 99 %, 20144 MiB, 61, P2, 1950 MHz, 9501 MHz, 169.23 W, 0x0000000000000000
2026/08/28 16:47:26.081, 77 %, 20816 MiB, 67, P2, 1950 MHz, 9501 MHz, 327.91 W, 0x0000000000000000
2026/08/28 16:47:31.099, 78 %, 20816 MiB, 69, P2, 1935 MHz, 9501 MHz, 331.28 W, 0x0000000000000004
2026/08/28 16:47:36.117, 78 %, 20820 MiB, 70, P2, 1935 MHz, 9501 MHz, 331.64 W, 0x0000000000000004
2026/08/28 16:47:41.138, 76 %, 20824 MiB, 67, P2, 1935 MHz, 9501 MHz, 275.70 W, 0x0000000000000004
2026/08/28 16:47:46.159, 77 %, 20824 MiB, 72, P2, 1935 MHz, 9501 MHz, 337.55 W, 0x0000000000000004
2026/08/28 16:47:51.179, 77 %, 20824 MiB, 73, P2, 1935 MHz, 9501 MHz, 338.44 W, 0x0000000000000004
2026/08/28 16:47:56.200, 0 %, 82 MiB, 67, P0, 1935 MHz, 9751 MHz, 179.34 W, 0x0000000000000000
2026/08/28 16:48:01.220, 37 %, 346 MiB, 62, P2, 1695 MHz, 9501 MHz, 135.17 W, 0x0000000000000000
2026/08/28 16:48:06.242, 99 %, 18082 MiB, 63, P2, 1950 MHz, 9501 MHz, 171.89 W, 0x0000000000000000
2026/08/28 16:48:11.264, 100 %, 18082 MiB, 62, P2, 1950 MHz, 9501 MHz, 170.90 W, 0x0000000000000000
2026/08/28 16:48:16.286, 69 %, 21828 MiB, 63, P2, 1950 MHz, 9501 MHz, 271.50 W, 0x0000000000000000
2026/08/28 16:48:21.310, 66 %, 21834 MiB, 67, P2, 1950 MHz, 9501 MHz, 237.27 W, 0x0000000000000000
2026/08/28 16:48:26.329, 65 %, 21834 MiB, 65, P2, 1950 MHz, 9501 MHz, 259.01 W, 0x0000000000000004
2026/08/28 16:48:31.348, 0 %, 82 MiB, 63, P0, 1950 MHz, 9751 MHz, 174.40 W, 0x0000000000000000
2026/08/28 16:48:36.366, 20 %, 346 MiB, 60, P2, 1695 MHz, 9501 MHz, 156.69 W, 0x0000000000000000
2026/08/28 16:48:41.388, 100 %, 19044 MiB, 61, P2, 1950 MHz, 9501 MHz, 168.34 W, 0x0000000000000000
2026/08/28 16:48:46.411, 100 %, 19044 MiB, 60, P2, 1950 MHz, 9501 MHz, 167.47 W, 0x0000000000000000
2026/08/28 16:48:51.435, 75 %, 22286 MiB, 65, P2, 1950 MHz, 9501 MHz, 285.20 W, 0x0000000000000004
2026/08/28 16:48:56.457, 77 %, 22292 MiB, 67, P2, 1950 MHz, 9501 MHz, 282.27 W, 0x0000000000000004
2026/08/28 16:49:01.483, 76 %, 22292 MiB, 68, P2, 1950 MHz, 9501 MHz, 296.27 W, 0x0000000000000004
2026/08/28 16:49:06.510, 0 %, 85 MiB, 61, P3, 1950 MHz, 9751 MHz, 162.14 W, 0x0000000000000000
2026/08/28 16:49:11.529, 100 %, 19044 MiB, 60, P2, 1965 MHz, 9501 MHz, 140.06 W, 0x0000000000000000
2026/08/28 16:49:16.557, 100 %, 19044 MiB, 60, P2, 1965 MHz, 9501 MHz, 167.27 W, 0x0000000000000000
2026/08/28 16:49:21.583, 100 %, 19044 MiB, 59, P2, 1965 MHz, 9501 MHz, 166.73 W, 0x0000000000000000
2026/08/28 16:49:26.606, 78 %, 22286 MiB, 66, P2, 1950 MHz, 9501 MHz, 292.52 W, 0x0000000000000004
2026/08/28 16:49:31.627, 77 %, 22286 MiB, 67, P2, 1950 MHz, 9501 MHz, 329.97 W, 0x0000000000000004
2026/08/28 16:49:36.648, 75 %, 22292 MiB, 68, P2, 1950 MHz, 9501 MHz, 267.51 W, 0x0000000000000004
2026/08/28 16:49:41.668, 76 %, 22292 MiB, 69, P2, 1935 MHz, 9501 MHz, 294.04 W, 0x0000000000000004
2026/08/28 16:49:46.689, 80 %, 22292 MiB, 69, P2, 1920 MHz, 9501 MHz, 327.51 W, 0x0000000000000004
2026/08/28 16:49:51.712, 0 %, 82 MiB, 65, P0, 1935 MHz, 9751 MHz, 214.02 W, 0x0000000000000000
2026/08/28 16:49:56.730, 0 %, 346 MiB, 61, P2, 1695 MHz, 9501 MHz, 145.43 W, 0x0000000000000000
2026/08/28 16:50:01.749, 100 %, 19044 MiB, 62, P2, 1950 MHz, 9501 MHz, 169.58 W, 0x0000000000000000
2026/08/28 16:50:06.773, 100 %, 19044 MiB, 61, P2, 1950 MHz, 9501 MHz, 168.54 W, 0x0000000000000000
2026/08/28 16:50:11.798, 77 %, 22286 MiB, 66, P2, 1950 MHz, 9501 MHz, 281.05 W, 0x0000000000000004
2026/08/28 16:50:16.819, 76 %, 22292 MiB, 67, P2, 1950 MHz, 9501 MHz, 256.58 W, 0x0000000000000004
2026/08/28 16:50:21.840, 77 %, 22292 MiB, 68, P2, 1950 MHz, 9501 MHz, 271.69 W, 0x0000000000000004
2026/08/28 16:50:26.858, 0 %, 82 MiB, 63, P0, 1950 MHz, 9751 MHz, 171.48 W, 0x0000000000000000
2026/08/28 16:50:31.876, 100 %, 20144 MiB, 61, P2, 1950 MHz, 9501 MHz, 155.04 W, 0x0000000000000000
2026/08/28 16:50:36.900, 100 %, 20144 MiB, 61, P2, 1950 MHz, 9501 MHz, 167.58 W, 0x0000000000000000
2026/08/28 16:50:41.926, 100 %, 20144 MiB, 60, P2, 1950 MHz, 9501 MHz, 166.21 W, 0x0000000000000000
2026/08/28 16:50:46.950, 78 %, 20816 MiB, 67, P2, 1950 MHz, 9501 MHz, 296.61 W, 0x0000000000000004
2026/08/28 16:50:51.969, 65 %, 20816 MiB, 65, P2, 1935 MHz, 9501 MHz, 302.38 W, 0x0000000000000004
2026/08/28 16:50:56.990, 79 %, 20820 MiB, 69, P2, 1935 MHz, 9501 MHz, 329.51 W, 0x0000000000000004
2026/08/28 16:51:02.012, 78 %, 20824 MiB, 70, P2, 1935 MHz, 9501 MHz, 294.79 W, 0x0000000000000004
2026/08/28 16:51:07.033, 76 %, 20824 MiB, 69, P2, 1935 MHz, 9501 MHz, 296.78 W, 0x0000000000000004
2026/08/28 16:51:12.052, 78 %, 20824 MiB, 72, P2, 1935 MHz, 9501 MHz, 338.55 W, 0x0000000000000004
2026/08/28 16:51:17.072, 0 %, 82 MiB, 65, P0, 1935 MHz, 9751 MHz, 168.55 W, 0x0000000000000000
2026/08/28 16:51:22.092, 100 %, 19044 MiB, 61, P2, 1695 MHz, 9501 MHz, 133.43 W, 0x0000000000000000
2026/08/28 16:51:27.119, 100 %, 19044 MiB, 61, P2, 1950 MHz, 9501 MHz, 159.43 W, 0x0000000000000000
2026/08/28 16:51:32.139, 78 %, 22286 MiB, 68, P2, 1935 MHz, 9501 MHz, 301.40 W, 0x0000000000000004
2026/08/28 16:51:37.159, 77 %, 22286 MiB, 69, P2, 1935 MHz, 9501 MHz, 319.98 W, 0x0000000000000004
2026/08/28 16:51:42.179, 78 %, 22292 MiB, 69, P2, 1935 MHz, 9501 MHz, 229.86 W, 0x0000000000000004
2026/08/28 16:51:47.201, 75 %, 22292 MiB, 70, P2, 1935 MHz, 9501 MHz, 297.05 W, 0x0000000000000004
2026/08/28 16:51:52.220, 79 %, 22292 MiB, 71, P2, 1920 MHz, 9501 MHz, 325.27 W, 0x0000000000000004
2026/08/28 16:51:57.238, 100 %, 82 MiB, 67, P2, 1935 MHz, 9501 MHz, 265.18 W, 0x0000000000000000
2026/08/28 16:52:02.256, 8 %, 346 MiB, 62, P2, 1695 MHz, 9501 MHz, 164.93 W, 0x0000000000000000
2026/08/28 16:52:07.277, 100 %, 20144 MiB, 62, P2, 1950 MHz, 9501 MHz, 159.89 W, 0x0000000000000000
2026/08/28 16:52:12.297, 76 %, 20816 MiB, 67, P2, 1950 MHz, 9501 MHz, 297.35 W, 0x0000000000000000
2026/08/28 16:52:17.318, 77 %, 20824 MiB, 69, P2, 1935 MHz, 9501 MHz, 283.60 W, 0x0000000000000000
2026/08/28 16:52:22.339, 77 %, 20824 MiB, 69, P2, 1935 MHz, 9501 MHz, 301.71 W, 0x0000000000000004
2026/08/28 16:52:27.360, 0 %, 82 MiB, 64, P0, 1935 MHz, 9751 MHz, 170.97 W, 0x0000000000000000
2026/08/28 16:52:32.379, 0 %, 18082 MiB, 60, P2, 1695 MHz, 9501 MHz, 133.79 W, 0x0000000000000000
2026/08/28 16:52:37.401, 99 %, 18082 MiB, 61, P2, 1950 MHz, 9501 MHz, 167.71 W, 0x0000000000000000
2026/08/28 16:52:42.426, 65 %, 21828 MiB, 66, P2, 1950 MHz, 9501 MHz, 266.64 W, 0x0000000000000000
2026/08/28 16:52:47.444, 35 %, 21834 MiB, 63, P2, 1800 MHz, 9501 MHz, 248.07 W, 0x0000000000000004
2026/08/28 16:52:52.468, 41 %, 21834 MiB, 67, P2, 1935 MHz, 9501 MHz, 283.01 W, 0x0000000000000000
2026/08/28 16:52:57.489, 70 %, 414 MiB, 65, P2, 1935 MHz, 9501 MHz, 273.22 W, 0x0000000000000000
2026/08/28 16:53:02.508, 0 %, 346 MiB, 61, P2, 1950 MHz, 9501 MHz, 166.63 W, 0x0000000000000000
2026/08/28 16:53:07.527, 100 %, 19362 MiB, 60, P2, 1950 MHz, 9501 MHz, 164.15 W, 0x0000000000000000
2026/08/28 16:53:12.547, 0 %, 20768 MiB, 61, P2, 1950 MHz, 9501 MHz, 174.67 W, 0x0000000000000000
2026/08/28 16:53:17.567, 82 %, 20770 MiB, 62, P2, 1950 MHz, 9501 MHz, 224.34 W, 0x0000000000000000
2026/08/28 16:53:22.585, 85 %, 20772 MiB, 62, P2, 1950 MHz, 9501 MHz, 223.38 W, 0x0000000000000000
2026/08/28 16:53:27.606, 83 %, 20772 MiB, 63, P2, 1950 MHz, 9501 MHz, 225.02 W, 0x0000000000000000
2026/08/28 16:53:32.623, 84 %, 20772 MiB, 63, P2, 1950 MHz, 9501 MHz, 231.33 W, 0x0000000000000000
2026/08/28 16:53:37.642, 81 %, 20772 MiB, 63, P2, 1950 MHz, 9501 MHz, 224.43 W, 0x0000000000000000
2026/08/28 16:53:42.663, 82 %, 20772 MiB, 63, P2, 1950 MHz, 9501 MHz, 227.73 W, 0x0000000000000000
2026/08/28 16:53:47.682, 75 %, 20772 MiB, 63, P2, 1950 MHz, 9501 MHz, 214.59 W, 0x0000000000000000
2026/08/28 16:53:52.702, 83 %, 20774 MiB, 64, P2, 1950 MHz, 9501 MHz, 232.75 W, 0x0000000000000000
2026/08/28 16:53:57.722, 85 %, 20780 MiB, 63, P2, 1950 MHz, 9501 MHz, 229.91 W, 0x0000000000000000
2026/08/28 16:54:02.741, 84 %, 20780 MiB, 63, P2, 1950 MHz, 9501 MHz, 226.66 W, 0x0000000000000000
2026/08/28 16:54:07.761, 84 %, 20780 MiB, 63, P2, 1950 MHz, 9501 MHz, 228.82 W, 0x0000000000000000
2026/08/28 16:54:12.780, 81 %, 20780 MiB, 64, P2, 1950 MHz, 9501 MHz, 229.79 W, 0x0000000000000000
2026/08/28 16:54:17.800, 83 %, 20780 MiB, 64, P2, 1950 MHz, 9501 MHz, 230.85 W, 0x0000000000000000
2026/08/28 16:54:22.821, 83 %, 20780 MiB, 63, P2, 1950 MHz, 9501 MHz, 224.33 W, 0x0000000000000000
2026/08/28 16:54:27.843, 84 %, 20780 MiB, 63, P2, 1950 MHz, 9501 MHz, 224.70 W, 0x0000000000000004
2026/08/28 16:54:32.866, 81 %, 20780 MiB, 63, P2, 1950 MHz, 9501 MHz, 228.20 W, 0x0000000000000000
2026/08/28 16:54:37.886, 80 %, 20780 MiB, 64, P2, 1950 MHz, 9501 MHz, 229.25 W, 0x0000000000000000
2026/08/28 16:54:42.906, 82 %, 20780 MiB, 64, P2, 1950 MHz, 9501 MHz, 227.03 W, 0x0000000000000000
2026/08/28 16:54:47.928, 83 %, 20780 MiB, 64, P2, 1950 MHz, 9501 MHz, 228.46 W, 0x0000000000000000
2026/08/28 16:54:52.952, 0 %, 82 MiB, 61, P0, 1950 MHz, 9751 MHz, 160.41 W, 0x0000000000000000
2026/08/28 16:54:57.975, 100 %, 18082 MiB, 60, P2, 1950 MHz, 9501 MHz, 141.40 W, 0x0000000000000000
2026/08/28 16:55:02.997, 99 %, 18082 MiB, 59, P2, 1950 MHz, 9501 MHz, 155.14 W, 0x0000000000000000
2026/08/28 16:55:08.020, 71 %, 21828 MiB, 65, P2, 1950 MHz, 9501 MHz, 312.95 W, 0x0000000000000000
2026/08/28 16:55:13.039, 68 %, 21828 MiB, 64, P2, 1935 MHz, 9501 MHz, 305.93 W, 0x0000000000000000
2026/08/28 16:55:18.061, 70 %, 21830 MiB, 68, P2, 1935 MHz, 9501 MHz, 312.48 W, 0x0000000000000000
2026/08/28 16:55:23.079, 73 %, 21834 MiB, 68, P2, 1935 MHz, 9501 MHz, 318.10 W, 0x0000000000000000
2026/08/28 16:55:28.098, 72 %, 21834 MiB, 69, P2, 1935 MHz, 9501 MHz, 313.54 W, 0x0000000000000000
2026/08/28 16:55:33.119, 75 %, 21834 MiB, 70, P2, 1935 MHz, 9501 MHz, 318.20 W, 0x0000000000000000
2026/08/28 16:55:38.353, 0 %, 346 MiB, 61, P0, 1695 MHz, 9751 MHz, 137.38 W, 0x0000000000000000
2026/08/28 16:55:43.374, 99 %, 19362 MiB, 62, P2, 1950 MHz, 9501 MHz, 166.98 W, 0x0000000000000000
2026/08/28 16:55:48.398, 100 %, 19362 MiB, 61, P2, 1950 MHz, 9501 MHz, 165.68 W, 0x0000000000000000
2026/08/28 16:55:53.420, 100 %, 20742 MiB, 60, P2, 1950 MHz, 9501 MHz, 166.66 W, 0x0000000000000000
2026/08/28 16:55:58.440, 85 %, 20770 MiB, 63, P2, 1950 MHz, 9501 MHz, 220.24 W, 0x0000000000000000
2026/08/28 16:56:03.457, 81 %, 20770 MiB, 62, P2, 1950 MHz, 9501 MHz, 220.71 W, 0x0000000000000000
2026/08/28 16:56:08.478, 82 %, 20770 MiB, 63, P2, 1950 MHz, 9501 MHz, 222.50 W, 0x0000000000000000
2026/08/28 16:56:13.498, 84 %, 20772 MiB, 63, P2, 1950 MHz, 9501 MHz, 224.49 W, 0x0000000000000000
2026/08/28 16:56:18.518, 83 %, 20778 MiB, 63, P2, 1950 MHz, 9501 MHz, 213.98 W, 0x0000000000000000
2026/08/28 16:56:23.535, 83 %, 20780 MiB, 63, P2, 1950 MHz, 9501 MHz, 228.72 W, 0x0000000000000000
2026/08/28 16:56:28.555, 84 %, 20780 MiB, 63, P2, 1950 MHz, 9501 MHz, 224.80 W, 0x0000000000000000
2026/08/28 16:56:33.575, 83 %, 20780 MiB, 63, P2, 1950 MHz, 9501 MHz, 226.49 W, 0x0000000000000000
2026/08/28 16:56:38.594, 81 %, 20780 MiB, 63, P2, 1950 MHz, 9501 MHz, 224.73 W, 0x0000000000000000
2026/08/28 16:56:43.613, 83 %, 20780 MiB, 63, P2, 1950 MHz, 9501 MHz, 223.54 W, 0x0000000000000000
2026/08/28 16:56:48.634, 84 %, 20780 MiB, 63, P2, 1950 MHz, 9501 MHz, 217.57 W, 0x0000000000000000
2026/08/28 16:56:53.656, 0 %, 346 MiB, 60, P2, 1950 MHz, 9501 MHz, 142.23 W, 0x0000000000000000
2026/08/28 16:56:58.681, 100 %, 17618 MiB, 60, P2, 1950 MHz, 9501 MHz, 164.47 W, 0x0000000000000000
2026/08/28 16:57:03.704, 100 %, 17618 MiB, 59, P2, 1950 MHz, 9501 MHz, 163.37 W, 0x0000000000000000
2026/08/28 16:57:08.731, 63 %, 20276 MiB, 61, P2, 1950 MHz, 9501 MHz, 201.15 W, 0x0000000000000000
2026/08/28 16:57:13.752, 99 %, 20284 MiB, 61, P2, 1950 MHz, 9501 MHz, 215.04 W, 0x0000000000000004
2026/08/28 16:57:18.772, 61 %, 20288 MiB, 66, P2, 1950 MHz, 9501 MHz, 279.02 W, 0x0000000000000000
2026/08/28 16:57:23.793, 0 %, 82 MiB, 61, P0, 1950 MHz, 9751 MHz, 168.53 W, 0x0000000000000024
2026/08/28 16:57:28.813, 0 %, 346 MiB, 59, P2, 1695 MHz, 9501 MHz, 149.77 W, 0x0000000000000000
2026/08/28 16:57:33.832, 100 %, 17618 MiB, 59, P2, 1950 MHz, 9501 MHz, 163.61 W, 0x0000000000000000
2026/08/28 16:57:38.858, 99 %, 17618 MiB, 59, P2, 1950 MHz, 9501 MHz, 163.26 W, 0x0000000000000000
2026/08/28 16:57:43.880, 43 %, 20276 MiB, 62, P2, 1950 MHz, 9501 MHz, 297.51 W, 0x0000000000000000
2026/08/28 16:57:48.900, 67 %, 20276 MiB, 66, P2, 1935 MHz, 9501 MHz, 279.24 W, 0x0000000000000000
2026/08/28 16:57:53.920, 100 %, 20284 MiB, 62, P2, 1935 MHz, 9501 MHz, 243.88 W, 0x0000000000000000
2026/08/28 16:57:58.943, 69 %, 20288 MiB, 68, P2, 1935 MHz, 9501 MHz, 318.88 W, 0x0000000000000000
2026/08/28 16:58:03.964, 38 %, 20288 MiB, 66, P2, 1935 MHz, 9501 MHz, 309.89 W, 0x0000000000000000
2026/08/28 16:58:08.984, 67 %, 20288 MiB, 70, P2, 1935 MHz, 9501 MHz, 318.81 W, 0x0000000000000000
2026/08/28 16:58:14.004, 6 %, 346 MiB, 62, P2, 1950 MHz, 9501 MHz, 166.22 W, 0x0000000000000000
2026/08/28 16:58:19.025, 100 %, 19362 MiB, 61, P2, 1950 MHz, 9501 MHz, 166.97 W, 0x0000000000000000
2026/08/28 16:58:24.052, 100 %, 19362 MiB, 61, P2, 1950 MHz, 9501 MHz, 165.97 W, 0x0000000000000000
2026/08/28 16:58:29.075, 80 %, 20768 MiB, 62, P2, 1950 MHz, 9501 MHz, 219.76 W, 0x0000000000000000
2026/08/28 16:58:34.095, 84 %, 20770 MiB, 63, P2, 1950 MHz, 9501 MHz, 224.41 W, 0x0000000000000000
2026/08/28 16:58:39.115, 85 %, 20772 MiB, 62, P2, 1950 MHz, 9501 MHz, 223.98 W, 0x0000000000000000
2026/08/28 16:58:44.135, 84 %, 20772 MiB, 63, P2, 1950 MHz, 9501 MHz, 223.60 W, 0x0000000000000000
2026/08/28 16:58:49.155, 13 %, 20772 MiB, 62, P2, 1950 MHz, 9501 MHz, 223.75 W, 0x0000000000000000
2026/08/28 16:58:54.175, 84 %, 20772 MiB, 63, P2, 1950 MHz, 9501 MHz, 222.15 W, 0x0000000000000000
2026/08/28 16:58:59.192, 83 %, 20772 MiB, 63, P2, 1950 MHz, 9501 MHz, 226.12 W, 0x0000000000000000
2026/08/28 16:59:04.213, 83 %, 20772 MiB, 63, P2, 1950 MHz, 9501 MHz, 224.64 W, 0x0000000000000000
2026/08/28 16:59:09.237, 29 %, 20778 MiB, 63, P2, 1950 MHz, 9501 MHz, 222.62 W, 0x0000000000000000
2026/08/28 16:59:14.260, 83 %, 20780 MiB, 64, P2, 1950 MHz, 9501 MHz, 227.49 W, 0x0000000000000000
2026/08/28 16:59:19.278, 85 %, 20780 MiB, 63, P2, 1950 MHz, 9501 MHz, 225.29 W, 0x0000000000000000
2026/08/28 16:59:24.297, 84 %, 20780 MiB, 64, P2, 1950 MHz, 9501 MHz, 224.93 W, 0x0000000000000000
2026/08/28 16:59:29.318, 80 %, 20780 MiB, 63, P2, 1950 MHz, 9501 MHz, 223.83 W, 0x0000000000000000
2026/08/28 16:59:34.336, 82 %, 20780 MiB, 64, P2, 1950 MHz, 9501 MHz, 228.52 W, 0x0000000000000000
2026/08/28 16:59:39.357, 83 %, 20780 MiB, 64, P2, 1950 MHz, 9501 MHz, 227.05 W, 0x0000000000000000
2026/08/28 16:59:44.377, 84 %, 20780 MiB, 64, P2, 1950 MHz, 9501 MHz, 219.00 W, 0x0000000000000000
2026/08/28 16:59:49.395, 83 %, 20780 MiB, 64, P2, 1950 MHz, 9501 MHz, 224.91 W, 0x0000000000000000
2026/08/28 16:59:54.415, 85 %, 20780 MiB, 63, P2, 1950 MHz, 9501 MHz, 225.09 W, 0x0000000000000000
2026/08/28 16:59:59.434, 84 %, 20780 MiB, 63, P2, 1950 MHz, 9501 MHz, 223.15 W, 0x0000000000000000
2026/08/28 17:00:04.454, 84 %, 20780 MiB, 64, P2, 1950 MHz, 9501 MHz, 224.78 W, 0x0000000000000000
2026/08/28 17:00:09.473, 0 %, 346 MiB, 59, P0, 1695 MHz, 9751 MHz, 141.64 W, 0x0000000000000004
2026/08/28 17:00:14.494, 100 %, 19362 MiB, 60, P2, 1950 MHz, 9501 MHz, 163.38 W, 0x0000000000000000
2026/08/28 17:00:19.519, 100 %, 19362 MiB, 60, P2, 1950 MHz, 9501 MHz, 163.79 W, 0x0000000000000000
2026/08/28 17:00:24.541, 57 %, 20742 MiB, 59, P2, 1950 MHz, 9501 MHz, 163.20 W, 0x0000000000000000
2026/08/28 17:00:29.560, 81 %, 20770 MiB, 62, P2, 1950 MHz, 9501 MHz, 213.34 W, 0x0000000000000000
2026/08/28 17:00:34.580, 84 %, 20770 MiB, 62, P2, 1950 MHz, 9501 MHz, 222.62 W, 0x0000000000000000
2026/08/28 17:00:39.598, 80 %, 20770 MiB, 62, P2, 1950 MHz, 9501 MHz, 221.24 W, 0x0000000000000000
2026/08/28 17:00:44.617, 83 %, 20772 MiB, 62, P2, 1950 MHz, 9501 MHz, 222.87 W, 0x0000000000000000
2026/08/28 17:00:49.638, 84 %, 20778 MiB, 63, P2, 1950 MHz, 9501 MHz, 222.15 W, 0x0000000000000000
2026/08/28 17:00:54.658, 80 %, 20780 MiB, 63, P2, 1950 MHz, 9501 MHz, 228.87 W, 0x0000000000000000
2026/08/28 17:00:59.678, 84 %, 20780 MiB, 63, P2, 1950 MHz, 9501 MHz, 226.45 W, 0x0000000000000000
2026/08/28 17:01:04.698, 84 %, 20780 MiB, 63, P2, 1950 MHz, 9501 MHz, 222.74 W, 0x0000000000000000
2026/08/28 17:01:09.717, 81 %, 20780 MiB, 63, P2, 1950 MHz, 9501 MHz, 223.57 W, 0x0000000000000000
2026/08/28 17:01:14.738, 83 %, 20780 MiB, 64, P2, 1950 MHz, 9501 MHz, 224.22 W, 0x0000000000000000
2026/08/28 17:01:19.768, 83 %, 20780 MiB, 63, P2, 1950 MHz, 9501 MHz, 215.82 W, 0x0000000000000000
2026/08/28 17:01:24.787, 0 %, 346 MiB, 60, P2, 1950 MHz, 9501 MHz, 163.93 W, 0x0000000000000000
2026/08/28 17:01:29.807, 100 %, 20144 MiB, 60, P2, 1950 MHz, 9501 MHz, 164.93 W, 0x0000000000000000
2026/08/28 17:01:34.833, 100 %, 20144 MiB, 60, P2, 1950 MHz, 9501 MHz, 163.18 W, 0x0000000000000000
2026/08/28 17:01:39.857, 56 %, 20816 MiB, 63, P2, 1950 MHz, 9501 MHz, 215.94 W, 0x0000000000000004
2026/08/28 17:01:44.876, 76 %, 20820 MiB, 64, P2, 1935 MHz, 9501 MHz, 286.10 W, 0x0000000000000000
2026/08/28 17:01:49.896, 77 %, 20824 MiB, 65, P2, 1935 MHz, 9501 MHz, 306.07 W, 0x0000000000000000
2026/08/28 17:01:54.917, 38 %, 392 MiB, 68, P2, 1935 MHz, 9501 MHz, 279.44 W, 0x0000000000000000
2026/08/28 17:01:59.941, 0 %, 346 MiB, 60, P2, 1695 MHz, 9501 MHz, 163.62 W, 0x0000000000000000
2026/08/28 17:02:04.962, 100 %, 17618 MiB, 61, P2, 1950 MHz, 9501 MHz, 164.75 W, 0x0000000000000000
2026/08/28 17:02:09.991, 100 %, 17618 MiB, 60, P2, 1950 MHz, 9501 MHz, 163.90 W, 0x0000000000000000
2026/08/28 17:02:15.015, 71 %, 20276 MiB, 65, P2, 1935 MHz, 9501 MHz, 306.95 W, 0x0000000000000000
2026/08/28 17:02:20.036, 67 %, 20276 MiB, 67, P2, 1935 MHz, 9501 MHz, 311.24 W, 0x0000000000000000
2026/08/28 17:02:25.057, 71 %, 20280 MiB, 68, P2, 1935 MHz, 9501 MHz, 312.58 W, 0x0000000000000000
2026/08/28 17:02:30.079, 65 %, 20288 MiB, 68, P2, 1935 MHz, 9501 MHz, 293.01 W, 0x0000000000000000
2026/08/28 17:02:35.098, 69 %, 20288 MiB, 69, P2, 1935 MHz, 9501 MHz, 313.92 W, 0x0000000000000000
2026/08/28 17:02:40.117, 70 %, 20288 MiB, 70, P2, 1935 MHz, 9501 MHz, 317.59 W, 0x0000000000000000
2026/08/28 17:02:45.138, 0 %, 346 MiB, 63, P2, 1950 MHz, 9501 MHz, 156.42 W, 0x0000000000000000
2026/08/28 17:02:50.163, 100 %, 20144 MiB, 62, P2, 1950 MHz, 9501 MHz, 167.83 W, 0x0000000000000000
2026/08/28 17:02:55.191, 100 %, 20144 MiB, 61, P2, 1950 MHz, 9501 MHz, 167.10 W, 0x0000000000000000
2026/08/28 17:03:00.215, 10 %, 20816 MiB, 64, P2, 1950 MHz, 9501 MHz, 191.63 W, 0x0000000000000004
2026/08/28 17:03:05.236, 77 %, 20816 MiB, 69, P2, 1935 MHz, 9501 MHz, 328.70 W, 0x0000000000000000
2026/08/28 17:03:10.255, 77 %, 20816 MiB, 69, P2, 1935 MHz, 9501 MHz, 329.66 W, 0x0000000000000000
2026/08/28 17:03:15.274, 77 %, 20824 MiB, 70, P2, 1935 MHz, 9501 MHz, 262.73 W, 0x0000000000000000
2026/08/28 17:03:20.292, 78 %, 20824 MiB, 72, P2, 1935 MHz, 9501 MHz, 337.63 W, 0x0000000000000000
2026/08/28 17:03:25.310, 79 %, 20824 MiB, 73, P2, 1935 MHz, 9501 MHz, 340.74 W, 0x0000000000000000
2026/08/28 17:03:30.328, 77 %, 20824 MiB, 73, P2, 1935 MHz, 9501 MHz, 338.64 W, 0x0000000000000000
2026/08/28 17:03:35.348, 0 %, 346 MiB, 64, P2, 1935 MHz, 9501 MHz, 142.32 W, 0x0000000000000000
2026/08/28 17:03:40.368, 100 %, 17618 MiB, 63, P2, 1935 MHz, 9501 MHz, 171.16 W, 0x0000000000000000
2026/08/28 17:03:45.395, 100 %, 17618 MiB, 62, P2, 1935 MHz, 9501 MHz, 170.21 W, 0x0000000000000000
2026/08/28 17:03:50.418, 19 %, 20276 MiB, 63, P2, 1935 MHz, 9501 MHz, 200.41 W, 0x0000000000000000
2026/08/28 17:03:55.437, 64 %, 20284 MiB, 64, P2, 1800 MHz, 9501 MHz, 233.95 W, 0x0000000000000004
2026/08/28 17:04:00.458, 53 %, 20288 MiB, 67, P2, 1935 MHz, 9501 MHz, 285.82 W, 0x0000000000000000
2026/08/28 17:04:05.475, 100 %, 82 MiB, 63, P0, 1935 MHz, 9751 MHz, 214.85 W, 0x0000000000000000
2026/08/28 17:04:10.492, 10 %, 346 MiB, 60, P2, 1695 MHz, 9501 MHz, 146.31 W, 0x0000000000000000
2026/08/28 17:04:15.512, 100 %, 19044 MiB, 60, P2, 1950 MHz, 9501 MHz, 168.34 W, 0x0000000000000000
2026/08/28 17:04:20.535, 99 %, 19044 MiB, 60, P2, 1950 MHz, 9501 MHz, 167.62 W, 0x0000000000000000
2026/08/28 17:04:25.561, 45 %, 22286 MiB, 65, P2, 1950 MHz, 9501 MHz, 273.17 W, 0x0000000000000000
2026/08/28 17:04:30.583, 100 %, 22292 MiB, 66, P2, 1950 MHz, 9501 MHz, 223.76 W, 0x0000000000000000
2026/08/28 17:04:35.605, 59 %, 22292 MiB, 63, P2, 1950 MHz, 9501 MHz, 276.41 W, 0x0000000000000000
2026/08/28 17:04:40.624, 0 %, 82 MiB, 62, P0, 1950 MHz, 9751 MHz, 170.81 W, 0x0000000000000000
2026/08/28 17:04:45.642, 0 %, 18082 MiB, 59, P2, 1950 MHz, 9501 MHz, 132.60 W, 0x0000000000000000
2026/08/28 17:04:50.665, 100 %, 18082 MiB, 60, P2, 1950 MHz, 9501 MHz, 165.62 W, 0x0000000000000000
2026/08/28 17:04:55.699, 100 %, 18082 MiB, 59, P2, 1950 MHz, 9501 MHz, 164.44 W, 0x0000000000000000
2026/08/28 17:05:00.724, 68 %, 21828 MiB, 66, P2, 1950 MHz, 9501 MHz, 290.00 W, 0x0000000000000000
2026/08/28 17:05:05.745, 74 %, 21828 MiB, 67, P2, 1950 MHz, 9501 MHz, 302.34 W, 0x0000000000000000
2026/08/28 17:05:10.764, 100 %, 21834 MiB, 62, P2, 1950 MHz, 9501 MHz, 201.32 W, 0x0000000000000000
2026/08/28 17:05:15.783, 67 %, 21834 MiB, 65, P2, 1950 MHz, 9501 MHz, 294.81 W, 0x0000000000000000
2026/08/28 17:05:20.803, 66 %, 21834 MiB, 69, P2, 1950 MHz, 9501 MHz, 291.59 W, 0x0000000000000000
2026/08/28 17:05:25.823, 72 %, 21834 MiB, 70, P2, 1935 MHz, 9501 MHz, 324.17 W, 0x0000000000000000
2026/08/28 17:05:30.844, 0 %, 346 MiB, 63, P2, 1950 MHz, 9501 MHz, 145.29 W, 0x0000000000000000
2026/08/28 17:05:35.866, 100 %, 19044 MiB, 62, P2, 1950 MHz, 9501 MHz, 169.72 W, 0x0000000000000000
2026/08/28 17:05:40.891, 100 %, 19044 MiB, 61, P2, 1950 MHz, 9501 MHz, 168.93 W, 0x0000000000000000
2026/08/28 17:05:45.918, 0 %, 21094 MiB, 60, P2, 1950 MHz, 9501 MHz, 168.52 W, 0x0000000000000000
2026/08/28 17:05:50.942, 81 %, 22286 MiB, 64, P2, 1935 MHz, 9501 MHz, 284.25 W, 0x0000000000000000
2026/08/28 17:05:55.962, 78 %, 22286 MiB, 68, P2, 1950 MHz, 9501 MHz, 314.61 W, 0x0000000000000000
2026/08/28 17:06:00.981, 76 %, 22292 MiB, 69, P2, 1950 MHz, 9501 MHz, 323.83 W, 0x0000000000000004
2026/08/28 17:06:06.000, 74 %, 22292 MiB, 70, P2, 1920 MHz, 9501 MHz, 324.75 W, 0x0000000000000004
2026/08/28 17:06:11.022, 78 %, 22292 MiB, 71, P2, 1935 MHz, 9501 MHz, 323.58 W, 0x0000000000000000
2026/08/28 17:06:16.041, 0 %, 82 MiB, 65, P0, 1935 MHz, 9751 MHz, 176.69 W, 0x0000000000000000
2026/08/28 17:06:21.062, 32 %, 18082 MiB, 61, P2, 1695 MHz, 9501 MHz, 134.40 W, 0x0000000000000000
2026/08/28 17:06:26.090, 100 %, 18082 MiB, 62, P2, 1950 MHz, 9501 MHz, 170.57 W, 0x0000000000000000
2026/08/28 17:06:31.119, 100 %, 18082 MiB, 61, P2, 1950 MHz, 9501 MHz, 169.50 W, 0x0000000000000000
2026/08/28 17:06:36.144, 68 %, 21828 MiB, 66, P2, 1950 MHz, 9501 MHz, 277.09 W, 0x0000000000000000
2026/08/28 17:06:41.166, 65 %, 21834 MiB, 67, P2, 1950 MHz, 9501 MHz, 253.73 W, 0x0000000000000000
2026/08/28 17:06:46.189, 72 %, 21834 MiB, 66, P2, 1950 MHz, 9501 MHz, 257.21 W, 0x0000000000000000
2026/08/28 17:06:51.208, 0 %, 82 MiB, 63, P0, 1950 MHz, 9751 MHz, 175.52 W, 0x0000000000000000
2026/08/28 17:06:56.228, 0 %, 346 MiB, 60, P2, 1695 MHz, 9501 MHz, 132.52 W, 0x0000000000000000
2026/08/28 17:07:01.248, 100 %, 19044 MiB, 61, P2, 1950 MHz, 9501 MHz, 168.86 W, 0x0000000000000000
2026/08/28 17:07:06.273, 100 %, 19044 MiB, 60, P2, 1950 MHz, 9501 MHz, 167.75 W, 0x0000000000000000
2026/08/28 17:07:11.297, 79 %, 22286 MiB, 67, P2, 1950 MHz, 9501 MHz, 331.15 W, 0x0000000000000000
2026/08/28 17:07:16.319, 75 %, 22286 MiB, 67, P2, 1950 MHz, 9501 MHz, 293.91 W, 0x0000000000000000
2026/08/28 17:07:21.338, 76 %, 22292 MiB, 66, P2, 1950 MHz, 9501 MHz, 312.14 W, 0x0000000000000000
2026/08/28 17:07:26.361, 81 %, 22292 MiB, 69, P2, 1935 MHz, 9501 MHz, 319.47 W, 0x0000000000000004
2026/08/28 17:07:31.382, 77 %, 22292 MiB, 70, P2, 1935 MHz, 9501 MHz, 326.42 W, 0x0000000000000000
2026/08/28 17:07:36.400, 80 %, 22292 MiB, 70, P2, 1920 MHz, 9501 MHz, 318.64 W, 0x0000000000000004
2026/08/28 17:07:41.421, 0 %, 346 MiB, 63, P2, 1950 MHz, 9501 MHz, 171.96 W, 0x0000000000000000
2026/08/28 17:07:46.441, 100 %, 19044 MiB, 62, P2, 1950 MHz, 9501 MHz, 170.54 W, 0x0000000000000000
2026/08/28 17:07:51.467, 100 %, 19044 MiB, 61, P2, 1950 MHz, 9501 MHz, 169.71 W, 0x0000000000000000
2026/08/28 17:07:56.488, 99 %, 22286 MiB, 61, P2, 1950 MHz, 9501 MHz, 172.09 W, 0x0000000000000000
2026/08/28 17:08:01.509, 79 %, 22288 MiB, 67, P2, 1935 MHz, 9501 MHz, 315.95 W, 0x0000000000000004
2026/08/28 17:08:06.529, 75 %, 22292 MiB, 68, P2, 1935 MHz, 9501 MHz, 309.53 W, 0x0000000000000004
2026/08/28 17:08:11.549, 26 %, 414 MiB, 68, P2, 1920 MHz, 9501 MHz, 297.48 W, 0x0000000000000004
2026/08/28 17:08:16.569, 0 %, 346 MiB, 62, P2, 1950 MHz, 9501 MHz, 169.57 W, 0x0000000000000000
2026/08/28 17:08:21.591, 99 %, 18082 MiB, 61, P2, 1950 MHz, 9501 MHz, 168.51 W, 0x0000000000000000
2026/08/28 17:08:26.614, 99 %, 18082 MiB, 60, P2, 1950 MHz, 9501 MHz, 167.52 W, 0x0000000000000000
2026/08/28 17:08:31.638, 54 %, 21828 MiB, 63, P2, 1950 MHz, 9501 MHz, 267.35 W, 0x0000000000000004
2026/08/28 17:08:36.660, 53 %, 21834 MiB, 63, P2, 1815 MHz, 9501 MHz, 244.20 W, 0x0000000000000004
2026/08/28 17:08:41.681, 39 %, 21834 MiB, 67, P2, 1950 MHz, 9501 MHz, 281.40 W, 0x0000000000000004
2026/08/28 17:08:46.701, 72 %, 82 MiB, 65, P2, 1950 MHz, 9501 MHz, 275.99 W, 0x0000000000000004
2026/08/28 17:08:51.719, 0 %, 346 MiB, 61, P2, 1695 MHz, 9501 MHz, 163.43 W, 0x0000000000000000
2026/08/28 17:08:56.744, 100 %, 20144 MiB, 61, P2, 1950 MHz, 9501 MHz, 167.43 W, 0x0000000000000000
2026/08/28 17:09:01.766, 100 %, 20144 MiB, 60, P2, 1950 MHz, 9501 MHz, 166.41 W, 0x0000000000000000
2026/08/28 17:09:06.791, 78 %, 20816 MiB, 66, P2, 1950 MHz, 9501 MHz, 324.92 W, 0x0000000000000004
2026/08/28 17:09:11.810, 76 %, 20816 MiB, 68, P2, 1950 MHz, 9501 MHz, 293.21 W, 0x0000000000000004
2026/08/28 17:09:16.829, 79 %, 20820 MiB, 65, P2, 1875 MHz, 9501 MHz, 287.87 W, 0x0000000000000004
2026/08/28 17:09:21.851, 77 %, 20824 MiB, 70, P2, 1935 MHz, 9501 MHz, 331.70 W, 0x0000000000000004
2026/08/28 17:09:26.870, 78 %, 20824 MiB, 71, P2, 1935 MHz, 9501 MHz, 331.09 W, 0x0000000000000004
2026/08/28 17:09:31.888, 62 %, 20824 MiB, 71, P2, 1935 MHz, 9501 MHz, 301.33 W, 0x0000000000000004
2026/08/28 17:09:36.905, 100 %, 82 MiB, 68, P0, 1935 MHz, 9501 MHz, 266.10 W, 0x0000000000000000
2026/08/28 17:09:41.927, 0 %, 346 MiB, 62, P2, 1695 MHz, 9501 MHz, 165.55 W, 0x0000000000000000
2026/08/28 17:09:46.948, 99 %, 18082 MiB, 63, P2, 1950 MHz, 9501 MHz, 171.18 W, 0x0000000000000000
2026/08/28 17:09:51.972, 100 %, 18082 MiB, 62, P2, 1950 MHz, 9501 MHz, 170.29 W, 0x0000000000000000
2026/08/28 17:09:56.995, 72 %, 21828 MiB, 67, P2, 1950 MHz, 9501 MHz, 318.43 W, 0x0000000000000004
2026/08/28 17:10:02.016, 73 %, 21828 MiB, 68, P2, 1935 MHz, 9501 MHz, 322.70 W, 0x0000000000000004
2026/08/28 17:10:07.038, 70 %, 21830 MiB, 69, P2, 1935 MHz, 9501 MHz, 315.62 W, 0x0000000000000004
2026/08/28 17:10:12.059, 70 %, 21834 MiB, 69, P2, 1935 MHz, 9501 MHz, 318.14 W, 0x0000000000000004
2026/08/28 17:10:17.077, 72 %, 21834 MiB, 70, P2, 1935 MHz, 9501 MHz, 318.58 W, 0x0000000000000004
2026/08/28 17:10:22.095, 74 %, 21834 MiB, 71, P2, 1935 MHz, 9501 MHz, 311.89 W, 0x0000000000000004
2026/08/28 17:10:27.117, 0 %, 82 MiB, 64, P3, 1935 MHz, 9751 MHz, 165.61 W, 0x0000000000000000
2026/08/28 17:10:32.141, 99 %, 20144 MiB, 62, P2, 1950 MHz, 9501 MHz, 159.15 W, 0x0000000000000000
2026/08/28 17:10:37.168, 100 %, 20144 MiB, 61, P2, 1950 MHz, 9501 MHz, 158.02 W, 0x0000000000000000
2026/08/28 17:10:42.190, 78 %, 20816 MiB, 68, P2, 1935 MHz, 9501 MHz, 324.45 W, 0x0000000000000000
2026/08/28 17:10:47.211, 38 %, 20824 MiB, 66, P2, 1935 MHz, 9501 MHz, 312.15 W, 0x0000000000000000
2026/08/28 17:10:52.234, 77 %, 20824 MiB, 70, P2, 1935 MHz, 9501 MHz, 327.13 W, 0x0000000000000000
2026/08/28 17:10:57.255, 0 %, 346 MiB, 62, P2, 1950 MHz, 9501 MHz, 144.05 W, 0x0000000000000000
2026/08/28 17:11:02.276, 100 %, 17618 MiB, 61, P2, 1950 MHz, 9501 MHz, 167.96 W, 0x0000000000000000
2026/08/28 17:11:07.304, 99 %, 17618 MiB, 61, P2, 1950 MHz, 9501 MHz, 166.97 W, 0x0000000000000000
2026/08/28 17:11:12.325, 0 %, 20250 MiB, 60, P2, 1950 MHz, 9501 MHz, 165.78 W, 0x0000000000000000
2026/08/28 17:11:17.345, 42 %, 20280 MiB, 63, P2, 1935 MHz, 9501 MHz, 293.00 W, 0x0000000000000000
2026/08/28 17:11:22.366, 71 %, 20288 MiB, 67, P2, 1935 MHz, 9501 MHz, 308.05 W, 0x0000000000000000
2026/08/28 17:11:27.387, 66 %, 394 MiB, 64, P2, 1935 MHz, 9501 MHz, 257.35 W, 0x0000000000000000
2026/08/28 17:11:32.408, 0 %, 346 MiB, 61, P2, 1950 MHz, 9501 MHz, 165.69 W, 0x0000000000000000
2026/08/28 17:11:37.427, 100 %, 19362 MiB, 60, P2, 1950 MHz, 9501 MHz, 165.52 W, 0x0000000000000000
2026/08/28 17:11:42.453, 100 %, 19362 MiB, 60, P2, 1950 MHz, 9501 MHz, 164.58 W, 0x0000000000000000
2026/08/28 17:11:47.476, 82 %, 20768 MiB, 61, P2, 1950 MHz, 9501 MHz, 217.01 W, 0x0000000000000000
2026/08/28 17:11:52.496, 81 %, 20770 MiB, 61, P2, 1950 MHz, 9501 MHz, 221.29 W, 0x0000000000000000
2026/08/28 17:11:57.514, 77 %, 20772 MiB, 62, P2, 1950 MHz, 9501 MHz, 221.57 W, 0x0000000000000000
2026/08/28 17:12:02.532, 84 %, 20772 MiB, 62, P2, 1950 MHz, 9501 MHz, 223.31 W, 0x0000000000000000
2026/08/28 17:12:07.550, 85 %, 20772 MiB, 63, P2, 1950 MHz, 9501 MHz, 229.31 W, 0x0000000000000000
2026/08/28 17:12:12.572, 81 %, 20772 MiB, 62, P2, 1950 MHz, 9501 MHz, 220.24 W, 0x0000000000000000
2026/08/28 17:12:17.593, 84 %, 20772 MiB, 63, P2, 1950 MHz, 9501 MHz, 225.63 W, 0x0000000000000000
2026/08/28 17:12:22.615, 83 %, 20772 MiB, 62, P2, 1950 MHz, 9501 MHz, 221.06 W, 0x0000000000000000
2026/08/28 17:12:27.634, 83 %, 20774 MiB, 63, P2, 1950 MHz, 9501 MHz, 231.60 W, 0x0000000000000000
2026/08/28 17:12:32.651, 84 %, 20780 MiB, 63, P2, 1950 MHz, 9501 MHz, 223.62 W, 0x0000000000000000
2026/08/28 17:12:37.671, 85 %, 20780 MiB, 63, P2, 1950 MHz, 9501 MHz, 223.85 W, 0x0000000000000000
2026/08/28 17:12:42.690, 84 %, 20780 MiB, 63, P2, 1950 MHz, 9501 MHz, 225.08 W, 0x0000000000000000
2026/08/28 17:12:47.708, 84 %, 20780 MiB, 63, P2, 1950 MHz, 9501 MHz, 225.23 W, 0x0000000000000000
2026/08/28 17:12:52.728, 81 %, 20780 MiB, 63, P2, 1950 MHz, 9501 MHz, 229.68 W, 0x0000000000000000
2026/08/28 17:12:57.748, 83 %, 20780 MiB, 63, P2, 1950 MHz, 9501 MHz, 225.45 W, 0x0000000000000000
2026/08/28 17:13:02.767, 79 %, 20780 MiB, 63, P2, 1950 MHz, 9501 MHz, 215.97 W, 0x0000000000000000
2026/08/28 17:13:07.785, 84 %, 20780 MiB, 63, P2, 1950 MHz, 9501 MHz, 224.73 W, 0x0000000000000000
2026/08/28 17:13:12.805, 83 %, 20780 MiB, 63, P2, 1950 MHz, 9501 MHz, 225.02 W, 0x0000000000000000
2026/08/28 17:13:17.836, 84 %, 20780 MiB, 63, P2, 1950 MHz, 9501 MHz, 222.68 W, 0x0000000000000000
2026/08/28 17:13:22.853, 84 %, 20780 MiB, 63, P2, 1950 MHz, 9501 MHz, 225.16 W, 0x0000000000000000
2026/08/28 17:13:27.945, 0 %, 346 MiB, 58, P0, 450 MHz, 5001 MHz, 136.20 W, 0x0000000000000000
2026/08/28 17:13:32.965, 100 %, 17618 MiB, 60, P2, 1950 MHz, 9501 MHz, 160.99 W, 0x0000000000000000
2026/08/28 17:13:37.988, 100 %, 17618 MiB, 60, P2, 1950 MHz, 9501 MHz, 163.36 W, 0x0000000000000000
2026/08/28 17:13:43.014, 93 %, 20276 MiB, 59, P2, 1950 MHz, 9501 MHz, 163.98 W, 0x0000000000000000
2026/08/28 17:13:48.036, 66 %, 20276 MiB, 65, P2, 1950 MHz, 9501 MHz, 282.28 W, 0x0000000000000000
2026/08/28 17:13:53.057, 78 %, 20280 MiB, 63, P2, 1935 MHz, 9501 MHz, 283.41 W, 0x0000000000000000
2026/08/28 17:13:58.077, 43 %, 20288 MiB, 65, P2, 1935 MHz, 9501 MHz, 301.21 W, 0x0000000000000000
2026/08/28 17:14:03.097, 69 %, 20288 MiB, 68, P2, 1935 MHz, 9501 MHz, 308.00 W, 0x0000000000000000
2026/08/28 17:14:08.115, 67 %, 20288 MiB, 69, P2, 1935 MHz, 9501 MHz, 309.35 W, 0x0000000000000000
2026/08/28 17:14:13.313, 0 %, 99 MiB, 60, P0, 705 MHz, 5001 MHz, 137.20 W, 0x0000000000000000
2026/08/28 17:14:18.332, 100 %, 19362 MiB, 62, P2, 1950 MHz, 9501 MHz, 166.40 W, 0x0000000000000000
2026/08/28 17:14:23.359, 100 %, 19362 MiB, 61, P2, 1950 MHz, 9501 MHz, 165.99 W, 0x0000000000000000
2026/08/28 17:14:28.381, 100 %, 20004 MiB, 60, P2, 1950 MHz, 9501 MHz, 164.52 W, 0x0000000000000000
2026/08/28 17:14:33.400, 82 %, 20770 MiB, 62, P2, 1950 MHz, 9501 MHz, 221.44 W, 0x0000000000000000
2026/08/28 17:14:38.421, 79 %, 20770 MiB, 63, P2, 1950 MHz, 9501 MHz, 211.96 W, 0x0000000000000000
2026/08/28 17:14:43.443, 84 %, 20770 MiB, 63, P2, 1950 MHz, 9501 MHz, 223.60 W, 0x0000000000000000
2026/08/28 17:14:48.465, 85 %, 20772 MiB, 63, P2, 1950 MHz, 9501 MHz, 224.36 W, 0x0000000000000000
2026/08/28 17:14:53.482, 70 %, 20778 MiB, 63, P2, 1950 MHz, 9501 MHz, 205.50 W, 0x0000000000000000
2026/08/28 17:14:58.504, 82 %, 20780 MiB, 63, P2, 1950 MHz, 9501 MHz, 228.53 W, 0x0000000000000000
2026/08/28 17:15:03.527, 79 %, 20780 MiB, 63, P2, 1950 MHz, 9501 MHz, 228.00 W, 0x0000000000000000
2026/08/28 17:15:08.546, 81 %, 20780 MiB, 63, P2, 1950 MHz, 9501 MHz, 218.57 W, 0x0000000000000000
2026/08/28 17:15:13.567, 83 %, 20780 MiB, 63, P2, 1950 MHz, 9501 MHz, 225.29 W, 0x0000000000000000
2026/08/28 17:15:18.585, 84 %, 20780 MiB, 63, P2, 1950 MHz, 9501 MHz, 224.07 W, 0x0000000000000000
2026/08/28 17:15:23.605, 81 %, 20780 MiB, 62, P2, 1950 MHz, 9501 MHz, 217.90 W, 0x0000000000000000
2026/08/28 17:15:28.626, 0 %, 346 MiB, 60, P2, 1950 MHz, 9501 MHz, 139.97 W, 0x0000000000000000
2026/08/28 17:15:33.649, 100 %, 17618 MiB, 60, P2, 1950 MHz, 9501 MHz, 163.69 W, 0x0000000000000000
2026/08/28 17:15:38.678, 100 %, 17618 MiB, 59, P2, 1950 MHz, 9501 MHz, 163.13 W, 0x0000000000000000
2026/08/28 17:15:43.700, 100 %, 20250 MiB, 58, P2, 1950 MHz, 9501 MHz, 158.39 W, 0x0000000000000000
2026/08/28 17:15:48.718, 71 %, 20276 MiB, 65, P2, 1935 MHz, 9501 MHz, 277.87 W, 0x0000000000000000
2026/08/28 17:15:53.740, 69 %, 20280 MiB, 64, P2, 1935 MHz, 9501 MHz, 280.05 W, 0x0000000000000000
2026/08/28 17:15:58.763, 69 %, 20288 MiB, 65, P2, 1935 MHz, 9501 MHz, 295.62 W, 0x0000000000000000
2026/08/28 17:16:03.785, 72 %, 20288 MiB, 68, P2, 1935 MHz, 9501 MHz, 311.36 W, 0x0000000000000000
2026/08/28 17:16:08.804, 66 %, 20288 MiB, 69, P2, 1935 MHz, 9501 MHz, 312.59 W, 0x0000000000000000
2026/08/28 17:16:13.858, 0 %, 82 MiB, 63, P3, 1935 MHz, 9751 MHz, 165.38 W, 0x0000000000000000
2026/08/28 17:16:18.896, 100 %, 17618 MiB, 62, P2, 1950 MHz, 9501 MHz, 148.45 W, 0x0000000000000000
2026/08/28 17:16:23.921, 100 %, 17618 MiB, 61, P2, 1950 MHz, 9501 MHz, 166.34 W, 0x0000000000000000
2026/08/28 17:16:28.946, 99 %, 20136 MiB, 60, P2, 1950 MHz, 9501 MHz, 166.54 W, 0x0000000000000000
2026/08/28 17:16:33.967, 63 %, 20276 MiB, 66, P2, 1935 MHz, 9501 MHz, 309.30 W, 0x0000000000000000
2026/08/28 17:16:38.987, 40 %, 20288 MiB, 62, P2, 1935 MHz, 9501 MHz, 234.02 W, 0x0000000000000000
2026/08/28 17:16:44.005, 70 %, 20288 MiB, 67, P2, 1935 MHz, 9501 MHz, 310.38 W, 0x0000000000000000
2026/08/28 17:16:49.024, 0 %, 346 MiB, 61, P2, 1950 MHz, 9501 MHz, 156.43 W, 0x0000000000000000
2026/08/28 17:16:54.043, 100 %, 19362 MiB, 60, P2, 1950 MHz, 9501 MHz, 164.86 W, 0x0000000000000000
2026/08/28 17:16:59.068, 99 %, 19362 MiB, 60, P2, 1950 MHz, 9501 MHz, 163.96 W, 0x0000000000000000
2026/08/28 17:17:04.095, 95 %, 20744 MiB, 59, P2, 1950 MHz, 9501 MHz, 164.47 W, 0x0000000000000000
2026/08/28 17:17:09.115, 83 %, 20770 MiB, 61, P2, 1950 MHz, 9501 MHz, 213.53 W, 0x0000000000000000
2026/08/28 17:17:14.132, 85 %, 20770 MiB, 62, P2, 1950 MHz, 9501 MHz, 221.37 W, 0x0000000000000000
2026/08/28 17:17:19.153, 84 %, 20770 MiB, 62, P2, 1950 MHz, 9501 MHz, 221.10 W, 0x0000000000000000
2026/08/28 17:17:24.173, 80 %, 20772 MiB, 62, P2, 1950 MHz, 9501 MHz, 221.30 W, 0x0000000000000000
2026/08/28 17:17:29.195, 82 %, 20778 MiB, 63, P2, 1950 MHz, 9501 MHz, 223.87 W, 0x0000000000000000
2026/08/28 17:17:34.216, 81 %, 20780 MiB, 63, P2, 1950 MHz, 9501 MHz, 227.29 W, 0x0000000000000000
2026/08/28 17:17:39.236, 83 %, 20780 MiB, 63, P2, 1950 MHz, 9501 MHz, 226.43 W, 0x0000000000000000
2026/08/28 17:17:44.256, 79 %, 20780 MiB, 63, P2, 1950 MHz, 9501 MHz, 224.49 W, 0x0000000000000000
2026/08/28 17:17:49.276, 80 %, 20780 MiB, 63, P2, 1950 MHz, 9501 MHz, 223.46 W, 0x0000000000000000
2026/08/28 17:17:54.295, 81 %, 20780 MiB, 63, P2, 1950 MHz, 9501 MHz, 222.77 W, 0x0000000000000000
2026/08/28 17:17:59.315, 66 %, 20780 MiB, 63, P2, 1950 MHz, 9501 MHz, 215.18 W, 0x0000000000000000
2026/08/28 17:18:04.332, 0 %, 346 MiB, 60, P2, 1950 MHz, 9501 MHz, 155.45 W, 0x0000000000000000
2026/08/28 17:18:09.352, 100 %, 18082 MiB, 60, P2, 1950 MHz, 9501 MHz, 162.86 W, 0x0000000000000000
2026/08/28 17:18:14.375, 99 %, 18082 MiB, 59, P2, 1950 MHz, 9501 MHz, 162.54 W, 0x0000000000000000
2026/08/28 17:18:19.398, 11 %, 21828 MiB, 59, P2, 1950 MHz, 9501 MHz, 173.62 W, 0x0000000000000000
2026/08/28 17:18:24.417, 57 %, 21828 MiB, 65, P2, 1935 MHz, 9501 MHz, 273.35 W, 0x0000000000000000
2026/08/28 17:18:29.438, 64 %, 21830 MiB, 63, P2, 1935 MHz, 9501 MHz, 275.26 W, 0x0000000000000000
2026/08/28 17:18:34.461, 100 %, 21834 MiB, 62, P2, 1935 MHz, 9501 MHz, 240.62 W, 0x0000000000000000
2026/08/28 17:18:39.489, 55 %, 21834 MiB, 66, P2, 1935 MHz, 9501 MHz, 285.66 W, 0x0000000000000004
2026/08/28 17:18:44.507, 68 %, 21834 MiB, 69, P2, 1935 MHz, 9501 MHz, 314.59 W, 0x0000000000000000
2026/08/28 17:18:49.529, 0 %, 82 MiB, 65, P0, 1935 MHz, 9751 MHz, 193.29 W, 0x0000000000000024
2026/08/28 17:18:54.550, 8 %, 346 MiB, 61, P2, 1695 MHz, 9501 MHz, 145.06 W, 0x0000000000000000
2026/08/28 17:18:59.572, 100 %, 19362 MiB, 61, P2, 1935 MHz, 9501 MHz, 167.13 W, 0x0000000000000000
2026/08/28 17:19:04.600, 100 %, 19362 MiB, 61, P2, 1935 MHz, 9501 MHz, 165.29 W, 0x0000000000000000
2026/08/28 17:19:09.624, 83 %, 20768 MiB, 63, P2, 1935 MHz, 9501 MHz, 225.74 W, 0x0000000000000000
2026/08/28 17:19:14.647, 80 %, 20772 MiB, 63, P2, 1935 MHz, 9501 MHz, 232.68 W, 0x0000000000000000
2026/08/28 17:19:19.666, 84 %, 20772 MiB, 63, P2, 1935 MHz, 9501 MHz, 226.88 W, 0x0000000000000000
2026/08/28 17:19:24.684, 81 %, 20772 MiB, 63, P2, 1935 MHz, 9501 MHz, 223.69 W, 0x0000000000000000
2026/08/28 17:19:29.704, 84 %, 20772 MiB, 63, P2, 1935 MHz, 9501 MHz, 210.33 W, 0x0000000000000000
2026/08/28 17:19:34.724, 85 %, 20772 MiB, 63, P2, 1935 MHz, 9501 MHz, 224.62 W, 0x0000000000000000
2026/08/28 17:19:39.746, 82 %, 20772 MiB, 63, P2, 1935 MHz, 9501 MHz, 226.62 W, 0x0000000000000000
2026/08/28 17:19:44.765, 84 %, 20772 MiB, 63, P2, 1935 MHz, 9501 MHz, 224.58 W, 0x0000000000000000
2026/08/28 17:19:49.785, 80 %, 20780 MiB, 63, P2, 1935 MHz, 9501 MHz, 200.72 W, 0x0000000000000000
2026/08/28 17:19:54.807, 84 %, 20780 MiB, 64, P2, 1935 MHz, 9501 MHz, 230.61 W, 0x0000000000000000
2026/08/28 17:19:59.827, 84 %, 20780 MiB, 63, P2, 1935 MHz, 9501 MHz, 228.47 W, 0x0000000000000000
2026/08/28 17:20:04.847, 84 %, 20780 MiB, 64, P2, 1935 MHz, 9501 MHz, 223.69 W, 0x0000000000000000
2026/08/28 17:20:09.868, 86 %, 20780 MiB, 63, P2, 1935 MHz, 9501 MHz, 211.16 W, 0x0000000000000004
2026/08/28 17:20:14.887, 84 %, 20780 MiB, 63, P2, 1935 MHz, 9501 MHz, 223.88 W, 0x0000000000000000
2026/08/28 17:20:19.904, 82 %, 20780 MiB, 64, P2, 1935 MHz, 9501 MHz, 225.37 W, 0x0000000000000000
2026/08/28 17:20:24.924, 84 %, 20780 MiB, 63, P2, 1935 MHz, 9501 MHz, 222.62 W, 0x0000000000000000
2026/08/28 17:20:29.942, 79 %, 20780 MiB, 63, P2, 1935 MHz, 9501 MHz, 223.63 W, 0x0000000000000000
2026/08/28 17:20:34.963, 82 %, 20780 MiB, 63, P2, 1935 MHz, 9501 MHz, 224.91 W, 0x0000000000000000
2026/08/28 17:20:39.991, 83 %, 20780 MiB, 64, P2, 1935 MHz, 9501 MHz, 224.73 W, 0x0000000000000000
2026/08/28 17:20:45.012, 82 %, 20780 MiB, 63, P2, 1935 MHz, 9501 MHz, 224.47 W, 0x0000000000000000
2026/08/28 17:20:50.034, 0 %, 346 MiB, 60, P2, 1950 MHz, 9501 MHz, 159.37 W, 0x0000000000000000
2026/08/28 17:20:55.054, 100 %, 18082 MiB, 60, P2, 1950 MHz, 9501 MHz, 164.96 W, 0x0000000000000000
2026/08/28 17:21:00.078, 100 %, 18082 MiB, 60, P2, 1950 MHz, 9501 MHz, 164.31 W, 0x0000000000000000
2026/08/28 17:21:05.101, 0 %, 21828 MiB, 62, P2, 1950 MHz, 9501 MHz, 200.14 W, 0x0000000000000000
2026/08/28 17:21:10.119, 67 %, 21828 MiB, 66, P2, 1950 MHz, 9501 MHz, 313.79 W, 0x0000000000000000
2026/08/28 17:21:15.138, 68 %, 21834 MiB, 67, P2, 1950 MHz, 9501 MHz, 291.00 W, 0x0000000000000000
2026/08/28 17:21:20.159, 69 %, 21834 MiB, 68, P2, 1950 MHz, 9501 MHz, 319.13 W, 0x0000000000000000
2026/08/28 17:21:25.179, 0 %, 346 MiB, 61, P2, 1950 MHz, 9501 MHz, 152.46 W, 0x0000000000000000
2026/08/28 17:21:30.199, 100 %, 20144 MiB, 60, P2, 1950 MHz, 9501 MHz, 165.02 W, 0x0000000000000000
2026/08/28 17:21:35.227, 100 %, 20144 MiB, 60, P2, 1950 MHz, 9501 MHz, 164.32 W, 0x0000000000000000
2026/08/28 17:21:40.253, 0 %, 20816 MiB, 62, P2, 1950 MHz, 9501 MHz, 178.01 W, 0x0000000000000004
2026/08/28 17:21:45.274, 76 %, 20820 MiB, 65, P2, 1950 MHz, 9501 MHz, 319.72 W, 0x0000000000000000
2026/08/28 17:21:50.295, 73 %, 20824 MiB, 68, P2, 1950 MHz, 9501 MHz, 299.70 W, 0x0000000000000000
2026/08/28 17:21:55.314, 78 %, 20824 MiB, 66, P2, 1950 MHz, 9501 MHz, 303.27 W, 0x0000000000000000
2026/08/28 17:22:00.334, 0 %, 346 MiB, 62, P2, 1950 MHz, 9501 MHz, 167.58 W, 0x0000000000000000
2026/08/28 17:22:05.352, 100 %, 19044 MiB, 61, P2, 1950 MHz, 9501 MHz, 167.12 W, 0x0000000000000000
2026/08/28 17:22:10.381, 100 %, 19044 MiB, 60, P2, 1950 MHz, 9501 MHz, 166.21 W, 0x0000000000000000
2026/08/28 17:22:15.404, 31 %, 22286 MiB, 65, P2, 1950 MHz, 9501 MHz, 229.83 W, 0x0000000000000000
2026/08/28 17:22:20.425, 77 %, 22286 MiB, 68, P2, 1950 MHz, 9501 MHz, 313.68 W, 0x0000000000000000
2026/08/28 17:22:25.445, 72 %, 22288 MiB, 68, P2, 1950 MHz, 9501 MHz, 282.33 W, 0x0000000000000000
2026/08/28 17:22:30.466, 100 %, 22292 MiB, 68, P2, 1950 MHz, 9501 MHz, 245.26 W, 0x0000000000000000
2026/08/28 17:22:35.488, 61 %, 22292 MiB, 70, P2, 1935 MHz, 9501 MHz, 291.64 W, 0x0000000000000000
2026/08/28 17:22:40.507, 74 %, 22292 MiB, 71, P2, 1935 MHz, 9501 MHz, 291.54 W, 0x0000000000000000
2026/08/28 17:22:45.652, 0 %, 99 MiB, 62, P0, 390 MHz, 5001 MHz, 155.77 W, 0x0000000000000000
2026/08/28 17:22:50.672, 99 %, 20144 MiB, 62, P2, 1950 MHz, 9501 MHz, 170.98 W, 0x0000000000000000
2026/08/28 17:22:55.696, 99 %, 20144 MiB, 62, P2, 1950 MHz, 9501 MHz, 169.96 W, 0x0000000000000000
2026/08/28 17:23:00.725, 100 %, 20144 MiB, 61, P2, 1950 MHz, 9501 MHz, 168.84 W, 0x0000000000000000
2026/08/28 17:23:05.749, 77 %, 20816 MiB, 68, P2, 1950 MHz, 9501 MHz, 330.73 W, 0x0000000000000000
2026/08/28 17:23:10.770, 80 %, 20816 MiB, 69, P2, 1935 MHz, 9501 MHz, 291.05 W, 0x0000000000000000
2026/08/28 17:23:15.792, 79 %, 20824 MiB, 71, P2, 1935 MHz, 9501 MHz, 323.05 W, 0x0000000000000000
2026/08/28 17:23:20.815, 77 %, 20824 MiB, 71, P2, 1935 MHz, 9501 MHz, 334.19 W, 0x0000000000000000
2026/08/28 17:23:25.835, 76 %, 20824 MiB, 72, P2, 1935 MHz, 9501 MHz, 295.86 W, 0x0000000000000000
2026/08/28 17:23:30.853, 77 %, 20824 MiB, 72, P2, 1935 MHz, 9501 MHz, 303.48 W, 0x0000000000000000
2026/08/28 17:23:36.022, 0 %, 99 MiB, 67, P3, 1935 MHz, 9751 MHz, 176.21 W, 0x0000000000000001
2026/08/28 17:23:41.045, 100 %, 19044 MiB, 63, P2, 1950 MHz, 9501 MHz, 151.44 W, 0x0000000000000000
2026/08/28 17:23:46.069, 100 %, 19044 MiB, 62, P2, 1950 MHz, 9501 MHz, 171.46 W, 0x0000000000000000
2026/08/28 17:23:51.095, 100 %, 19044 MiB, 62, P2, 1950 MHz, 9501 MHz, 169.90 W, 0x0000000000000000
2026/08/28 17:23:56.121, 79 %, 22286 MiB, 68, P2, 1935 MHz, 9501 MHz, 323.59 W, 0x0000000000000004
2026/08/28 17:24:01.142, 75 %, 22292 MiB, 66, P2, 1890 MHz, 9501 MHz, 291.13 W, 0x0000000000000004
2026/08/28 17:24:06.164, 78 %, 22292 MiB, 68, P2, 1935 MHz, 9501 MHz, 323.76 W, 0x0000000000000004
2026/08/28 17:24:11.183, 0 %, 346 MiB, 62, P2, 1950 MHz, 9501 MHz, 151.67 W, 0x0000000000000000
2026/08/28 17:24:16.210, 100 %, 20144 MiB, 61, P2, 1950 MHz, 9501 MHz, 169.69 W, 0x0000000000000000
2026/08/28 17:24:21.235, 100 %, 20144 MiB, 60, P2, 1950 MHz, 9501 MHz, 168.52 W, 0x0000000000000000
2026/08/28 17:24:26.259, 100 %, 20816 MiB, 60, P2, 1950 MHz, 9501 MHz, 170.71 W, 0x0000000000000000
2026/08/28 17:24:31.280, 78 %, 20816 MiB, 67, P2, 1950 MHz, 9501 MHz, 328.67 W, 0x0000000000000000
2026/08/28 17:24:36.301, 77 %, 20816 MiB, 68, P2, 1950 MHz, 9501 MHz, 320.58 W, 0x0000000000000000
2026/08/28 17:24:41.324, 78 %, 20824 MiB, 69, P2, 1935 MHz, 9501 MHz, 259.76 W, 0x0000000000000000
2026/08/28 17:24:46.345, 78 %, 20824 MiB, 70, P2, 1935 MHz, 9501 MHz, 334.07 W, 0x0000000000000000
2026/08/28 17:24:51.366, 77 %, 20824 MiB, 71, P2, 1935 MHz, 9501 MHz, 334.38 W, 0x0000000000000000
2026/08/28 17:24:56.387, 77 %, 20824 MiB, 72, P2, 1935 MHz, 9501 MHz, 320.84 W, 0x0000000000000000
2026/08/28 17:25:01.408, 0 %, 346 MiB, 64, P2, 1950 MHz, 9501 MHz, 151.82 W, 0x0000000000000000
2026/08/28 17:25:06.429, 100 %, 20144 MiB, 63, P2, 1950 MHz, 9501 MHz, 171.24 W, 0x0000000000000000
2026/08/28 17:25:11.451, 100 %, 20144 MiB, 62, P2, 1950 MHz, 9501 MHz, 170.23 W, 0x0000000000000000
2026/08/28 17:25:16.473, 21 %, 20800 MiB, 61, P2, 1950 MHz, 9501 MHz, 172.76 W, 0x0000000000000000
2026/08/28 17:25:21.492, 77 %, 20816 MiB, 68, P2, 1935 MHz, 9501 MHz, 325.74 W, 0x0000000000000004
2026/08/28 17:25:26.512, 78 %, 20824 MiB, 69, P2, 1935 MHz, 9501 MHz, 269.44 W, 0x0000000000000004
2026/08/28 17:25:31.532, 76 %, 20824 MiB, 70, P2, 1935 MHz, 9501 MHz, 331.82 W, 0x0000000000000004
2026/08/28 17:25:36.550, 0 %, 346 MiB, 62, P2, 1950 MHz, 9501 MHz, 170.08 W, 0x0000000000000000
2026/08/28 17:25:41.570, 100 %, 19044 MiB, 61, P2, 1950 MHz, 9501 MHz, 169.24 W, 0x0000000000000000
2026/08/28 17:25:46.594, 100 %, 19044 MiB, 61, P2, 1950 MHz, 9501 MHz, 168.00 W, 0x0000000000000000
2026/08/28 17:25:51.616, 38 %, 22286 MiB, 60, P2, 1950 MHz, 9501 MHz, 173.89 W, 0x0000000000000000
2026/08/28 17:25:56.637, 60 %, 22288 MiB, 64, P2, 1950 MHz, 9501 MHz, 289.83 W, 0x0000000000000000
2026/08/28 17:26:01.660, 72 %, 22292 MiB, 65, P2, 1950 MHz, 9501 MHz, 293.00 W, 0x0000000000000004
2026/08/28 17:26:06.681, 62 %, 82 MiB, 64, P0, 1935 MHz, 9501 MHz, 227.13 W, 0x0000000000000000
2026/08/28 17:26:11.700, 8 %, 346 MiB, 59, P2, 1695 MHz, 9501 MHz, 146.10 W, 0x0000000000000000
2026/08/28 17:26:16.723, 99 %, 19362 MiB, 60, P2, 1950 MHz, 9501 MHz, 167.18 W, 0x0000000000000000
2026/08/28 17:26:21.746, 99 %, 19362 MiB, 60, P2, 1950 MHz, 9501 MHz, 166.46 W, 0x0000000000000000
2026/08/28 17:26:26.769, 90 %, 20768 MiB, 61, P2, 1950 MHz, 9501 MHz, 223.33 W, 0x0000000000000004
2026/08/28 17:26:31.788, 84 %, 20770 MiB, 63, P2, 1950 MHz, 9501 MHz, 228.36 W, 0x0000000000000000
2026/08/28 17:26:36.809, 81 %, 20772 MiB, 62, P2, 1950 MHz, 9501 MHz, 226.55 W, 0x0000000000000000
2026/08/28 17:26:41.828, 85 %, 20772 MiB, 62, P2, 1950 MHz, 9501 MHz, 226.43 W, 0x0000000000000000
2026/08/28 17:26:46.845, 64 %, 20772 MiB, 62, P2, 1950 MHz, 9501 MHz, 217.58 W, 0x0000000000000004
2026/08/28 17:26:51.866, 83 %, 20772 MiB, 62, P2, 1950 MHz, 9501 MHz, 224.84 W, 0x0000000000000000
2026/08/28 17:26:56.887, 83 %, 20772 MiB, 63, P2, 1950 MHz, 9501 MHz, 226.62 W, 0x0000000000000000
2026/08/28 17:27:01.908, 84 %, 20772 MiB, 63, P2, 1950 MHz, 9501 MHz, 227.13 W, 0x0000000000000000
2026/08/28 17:27:06.929, 99 %, 20780 MiB, 62, P2, 1800 MHz, 9501 MHz, 226.02 W, 0x0000000000000004
2026/08/28 17:27:11.949, 83 %, 20780 MiB, 64, P2, 1950 MHz, 9501 MHz, 229.84 W, 0x0000000000000000
2026/08/28 17:27:16.968, 82 %, 20780 MiB, 63, P2, 1950 MHz, 9501 MHz, 227.30 W, 0x0000000000000000
2026/08/28 17:27:21.989, 81 %, 20780 MiB, 64, P2, 1950 MHz, 9501 MHz, 226.77 W, 0x0000000000000000
2026/08/28 17:27:27.011, 50 %, 20780 MiB, 63, P2, 1950 MHz, 9501 MHz, 221.29 W, 0x0000000000000000
2026/08/28 17:27:32.033, 81 %, 20780 MiB, 63, P2, 1950 MHz, 9501 MHz, 229.09 W, 0x0000000000000000
2026/08/28 17:27:37.051, 81 %, 20780 MiB, 63, P2, 1950 MHz, 9501 MHz, 229.34 W, 0x0000000000000000
2026/08/28 17:27:42.072, 84 %, 20780 MiB, 63, P2, 1950 MHz, 9501 MHz, 224.35 W, 0x0000000000000000
2026/08/28 17:27:47.093, 80 %, 20780 MiB, 64, P2, 1950 MHz, 9501 MHz, 226.89 W, 0x0000000000000000
2026/08/28 17:27:52.113, 84 %, 20780 MiB, 64, P2, 1950 MHz, 9501 MHz, 228.46 W, 0x0000000000000000
2026/08/28 17:27:57.133, 82 %, 20780 MiB, 64, P2, 1950 MHz, 9501 MHz, 227.30 W, 0x0000000000000000
2026/08/28 17:28:02.154, 81 %, 20780 MiB, 64, P2, 1950 MHz, 9501 MHz, 225.22 W, 0x0000000000000000
2026/08/28 17:28:07.175, 0 %, 346 MiB, 61, P2, 1950 MHz, 9501 MHz, 145.58 W, 0x0000000000000000
2026/08/28 17:28:12.194, 100 %, 19044 MiB, 60, P2, 1950 MHz, 9501 MHz, 165.72 W, 0x0000000000000000
2026/08/28 17:28:17.220, 100 %, 19044 MiB, 60, P2, 1950 MHz, 9501 MHz, 165.27 W, 0x0000000000000000
2026/08/28 17:28:22.248, 100 %, 21094 MiB, 59, P2, 1950 MHz, 9501 MHz, 166.48 W, 0x0000000000000000
2026/08/28 17:28:27.271, 80 %, 22286 MiB, 67, P2, 1950 MHz, 9501 MHz, 331.30 W, 0x0000000000000004
2026/08/28 17:28:32.292, 80 %, 22286 MiB, 68, P2, 1935 MHz, 9501 MHz, 323.59 W, 0x0000000000000004
2026/08/28 17:28:37.312, 72 %, 22292 MiB, 68, P2, 1935 MHz, 9501 MHz, 321.19 W, 0x0000000000000004
2026/08/28 17:28:42.333, 77 %, 22292 MiB, 69, P2, 1935 MHz, 9501 MHz, 323.62 W, 0x0000000000000004
2026/08/28 17:28:47.355, 74 %, 22292 MiB, 71, P2, 1935 MHz, 9501 MHz, 331.29 W, 0x0000000000000004
2026/08/28 17:28:52.378, 0 %, 82 MiB, 64, P0, 1935 MHz, 9751 MHz, 166.56 W, 0x0000000000000000
2026/08/28 17:28:57.403, 100 %, 19362 MiB, 62, P2, 1950 MHz, 9501 MHz, 142.16 W, 0x0000000000000000
2026/08/28 17:29:02.427, 100 %, 19362 MiB, 62, P2, 1950 MHz, 9501 MHz, 165.52 W, 0x0000000000000000
2026/08/28 17:29:07.450, 84 %, 20768 MiB, 63, P2, 1950 MHz, 9501 MHz, 226.81 W, 0x0000000000000000
2026/08/28 17:29:12.470, 84 %, 20770 MiB, 64, P2, 1950 MHz, 9501 MHz, 225.35 W, 0x0000000000000000
2026/08/28 17:29:17.490, 80 %, 20770 MiB, 63, P2, 1950 MHz, 9501 MHz, 224.49 W, 0x0000000000000000
2026/08/28 17:29:22.511, 80 %, 20770 MiB, 63, P2, 1950 MHz, 9501 MHz, 225.83 W, 0x0000000000000000
2026/08/28 17:29:27.528, 83 %, 20772 MiB, 63, P2, 1950 MHz, 9501 MHz, 228.97 W, 0x0000000000000004
2026/08/28 17:29:32.549, 72 %, 20780 MiB, 63, P2, 1950 MHz, 9501 MHz, 231.89 W, 0x0000000000000004
2026/08/28 17:29:37.566, 73 %, 20780 MiB, 63, P2, 1950 MHz, 9501 MHz, 207.38 W, 0x0000000000000000
2026/08/28 17:29:42.586, 84 %, 20780 MiB, 63, P2, 1950 MHz, 9501 MHz, 216.33 W, 0x0000000000000004
2026/08/28 17:29:47.608, 85 %, 20780 MiB, 63, P2, 1950 MHz, 9501 MHz, 224.49 W, 0x0000000000000000
2026/08/28 17:29:52.628, 84 %, 20780 MiB, 63, P2, 1950 MHz, 9501 MHz, 226.64 W, 0x0000000000000000
2026/08/28 17:29:57.648, 80 %, 20780 MiB, 63, P2, 1950 MHz, 9501 MHz, 227.29 W, 0x0000000000000000
2026/08/28 17:30:02.669, 10 %, 82 MiB, 62, P0, 1950 MHz, 9501 MHz, 195.19 W, 0x0000000000000000
2026/08/28 17:30:07.688, 0 %, 346 MiB, 58, P2, 1695 MHz, 9501 MHz, 147.68 W, 0x0000000000000000
2026/08/28 17:30:12.708, 99 %, 18082 MiB, 59, P2, 1950 MHz, 9501 MHz, 155.06 W, 0x0000000000000000
2026/08/28 17:30:17.728, 35 %, 21828 MiB, 64, P2, 1950 MHz, 9501 MHz, 270.44 W, 0x0000000000000000
2026/08/28 17:30:22.750, 70 %, 21834 MiB, 65, P2, 1950 MHz, 9501 MHz, 215.00 W, 0x0000000000000000
2026/08/28 17:30:27.769, 70 %, 21834 MiB, 66, P2, 1950 MHz, 9501 MHz, 272.61 W, 0x0000000000000004
2026/08/28 17:30:32.788, 0 %, 82 MiB, 62, P0, 1950 MHz, 9751 MHz, 202.65 W, 0x0000000000000024
2026/08/28 17:30:37.808, 0 %, 1100 MiB, 58, P2, 1695 MHz, 9501 MHz, 138.68 W, 0x0000000000000000
2026/08/28 17:30:42.829, 99 %, 17618 MiB, 59, P2, 1950 MHz, 9501 MHz, 154.76 W, 0x0000000000000000
2026/08/28 17:30:47.849, 62 %, 20276 MiB, 63, P2, 1950 MHz, 9501 MHz, 285.29 W, 0x0000000000000000
2026/08/28 17:30:52.871, 67 %, 20276 MiB, 67, P2, 1950 MHz, 9501 MHz, 280.42 W, 0x0000000000000000
2026/08/28 17:30:57.893, 100 %, 20288 MiB, 62, P2, 1935 MHz, 9501 MHz, 211.65 W, 0x0000000000000000
2026/08/28 17:31:02.913, 69 %, 20288 MiB, 68, P2, 1935 MHz, 9501 MHz, 313.08 W, 0x0000000000000000
2026/08/28 17:31:07.935, 71 %, 20288 MiB, 66, P2, 1905 MHz, 9501 MHz, 279.70 W, 0x0000000000000004
2026/08/28 17:31:12.957, 22 %, 394 MiB, 67, P2, 1935 MHz, 9501 MHz, 306.72 W, 0x0000000000000000
2026/08/28 17:31:17.975, 0 %, 346 MiB, 62, P2, 1950 MHz, 9501 MHz, 157.59 W, 0x0000000000000000
2026/08/28 17:31:22.994, 100 %, 18082 MiB, 61, P2, 1950 MHz, 9501 MHz, 167.37 W, 0x0000000000000000
2026/08/28 17:31:28.020, 43 %, 21792 MiB, 60, P2, 1950 MHz, 9501 MHz, 163.69 W, 0x0000000000000000
2026/08/28 17:31:33.042, 71 %, 21828 MiB, 67, P2, 1935 MHz, 9501 MHz, 282.52 W, 0x0000000000000000
2026/08/28 17:31:38.063, 66 %, 21828 MiB, 69, P2, 1935 MHz, 9501 MHz, 312.91 W, 0x0000000000000000
2026/08/28 17:31:43.081, 36 %, 21834 MiB, 69, P2, 1935 MHz, 9501 MHz, 305.04 W, 0x0000000000000000
2026/08/28 17:31:48.102, 71 %, 21834 MiB, 70, P2, 1935 MHz, 9501 MHz, 315.96 W, 0x0000000000000000
2026/08/28 17:31:53.123, 72 %, 21834 MiB, 70, P2, 1935 MHz, 9501 MHz, 317.08 W, 0x0000000000000004
2026/08/28 17:31:58.141, 100 %, 82 MiB, 67, P0, 1920 MHz, 9501 MHz, 241.85 W, 0x0000000000000000
2026/08/28 17:32:03.160, 21 %, 346 MiB, 63, P2, 1695 MHz, 9501 MHz, 169.01 W, 0x0000000000000000
2026/08/28 17:32:08.182, 99 %, 17618 MiB, 61, P2, 1950 MHz, 9501 MHz, 159.24 W, 0x0000000000000000
2026/08/28 17:32:13.203, 70 %, 20276 MiB, 66, P2, 1950 MHz, 9501 MHz, 271.05 W, 0x0000000000000000
2026/08/28 17:32:18.221, 68 %, 20288 MiB, 67, P2, 1935 MHz, 9501 MHz, 249.88 W, 0x0000000000000000
2026/08/28 17:32:23.242, 51 %, 20288 MiB, 65, P2, 1935 MHz, 9501 MHz, 255.90 W, 0x0000000000000000
2026/08/28 17:32:28.262, 0 %, 82 MiB, 63, P0, 1935 MHz, 9751 MHz, 163.12 W, 0x0000000000000000
2026/08/28 17:32:33.282, 100 %, 18082 MiB, 59, P2, 1695 MHz, 9501 MHz, 133.26 W, 0x0000000000000000
2026/08/28 17:32:38.307, 100 %, 18082 MiB, 61, P2, 1950 MHz, 9501 MHz, 166.22 W, 0x0000000000000000
2026/08/28 17:32:43.332, 99 %, 18082 MiB, 60, P2, 1950 MHz, 9501 MHz, 165.71 W, 0x0000000000000000
2026/08/28 17:32:48.358, 72 %, 21828 MiB, 66, P2, 1950 MHz, 9501 MHz, 274.78 W, 0x0000000000000000
2026/08/28 17:32:53.376, 72 %, 21834 MiB, 66, P2, 1935 MHz, 9501 MHz, 305.78 W, 0x0000000000000000
2026/08/28 17:32:58.396, 72 %, 21834 MiB, 67, P2, 1935 MHz, 9501 MHz, 287.53 W, 0x0000000000000000
2026/08/28 17:33:03.418, 0 %, 82 MiB, 62, P0, 1935 MHz, 9751 MHz, 163.49 W, 0x0000000000000000
2026/08/28 17:33:08.437, 100 %, 19044 MiB, 59, P2, 1695 MHz, 9501 MHz, 132.05 W, 0x0000000000000000
2026/08/28 17:33:13.462, 99 %, 19044 MiB, 60, P2, 1950 MHz, 9501 MHz, 166.21 W, 0x0000000000000000
2026/08/28 17:33:18.488, 99 %, 19044 MiB, 60, P2, 1950 MHz, 9501 MHz, 165.03 W, 0x0000000000000000
2026/08/28 17:33:23.512, 74 %, 22286 MiB, 64, P2, 1935 MHz, 9501 MHz, 288.79 W, 0x0000000000000000
2026/08/28 17:33:28.531, 77 %, 22286 MiB, 67, P2, 1935 MHz, 9501 MHz, 287.31 W, 0x0000000000000000
2026/08/28 17:33:33.551, 82 %, 22292 MiB, 63, P2, 1935 MHz, 9501 MHz, 238.32 W, 0x0000000000000000
2026/08/28 17:33:38.571, 64 %, 22292 MiB, 65, P2, 1935 MHz, 9501 MHz, 293.84 W, 0x0000000000000004
2026/08/28 17:33:43.590, 79 %, 22292 MiB, 69, P2, 1935 MHz, 9501 MHz, 290.65 W, 0x0000000000000004
2026/08/28 17:33:48.611, 79 %, 22292 MiB, 70, P2, 1920 MHz, 9501 MHz, 315.72 W, 0x0000000000000004
2026/08/28 17:33:53.631, 0 %, 346 MiB, 63, P2, 1935 MHz, 9501 MHz, 167.83 W, 0x0000000000000000
2026/08/28 17:33:58.656, 100 %, 18082 MiB, 62, P2, 1935 MHz, 9501 MHz, 167.56 W, 0x0000000000000000
2026/08/28 17:34:03.678, 100 %, 18082 MiB, 61, P2, 1935 MHz, 9501 MHz, 166.22 W, 0x0000000000000000
2026/08/28 17:34:08.704, 70 %, 21828 MiB, 66, P2, 1935 MHz, 9501 MHz, 313.20 W, 0x0000000000000000
2026/08/28 17:34:13.727, 30 %, 21828 MiB, 68, P2, 1935 MHz, 9501 MHz, 309.53 W, 0x0000000000000000
2026/08/28 17:34:18.748, 71 %, 21830 MiB, 68, P2, 1935 MHz, 9501 MHz, 317.76 W, 0x0000000000000000
2026/08/28 17:34:23.769, 67 %, 21834 MiB, 69, P2, 1935 MHz, 9501 MHz, 314.24 W, 0x0000000000000000
2026/08/28 17:34:28.788, 67 %, 21834 MiB, 70, P2, 1935 MHz, 9501 MHz, 315.39 W, 0x0000000000000000
2026/08/28 17:34:33.809, 72 %, 21834 MiB, 71, P2, 1935 MHz, 9501 MHz, 325.51 W, 0x0000000000000000
2026/08/28 17:34:38.829, 0 %, 99 MiB, 62, P0, 1695 MHz, 9751 MHz, 147.46 W, 0x0000000000000000
2026/08/28 17:34:43.850, 100 %, 19044 MiB, 62, P2, 1950 MHz, 9501 MHz, 161.77 W, 0x0000000000000000
2026/08/28 17:34:48.877, 100 %, 19044 MiB, 62, P2, 1950 MHz, 9501 MHz, 170.63 W, 0x0000000000000000
2026/08/28 17:34:53.902, 100 %, 19044 MiB, 61, P2, 1950 MHz, 9501 MHz, 169.66 W, 0x0000000000000000
2026/08/28 17:34:58.929, 78 %, 22286 MiB, 67, P2, 1950 MHz, 9501 MHz, 318.66 W, 0x0000000000000000
2026/08/28 17:35:03.949, 76 %, 22292 MiB, 63, P2, 1935 MHz, 9501 MHz, 270.33 W, 0x0000000000000004
2026/08/28 17:35:08.970, 79 %, 22292 MiB, 68, P2, 1935 MHz, 9501 MHz, 320.37 W, 0x0000000000000004
2026/08/28 17:35:13.990, 0 %, 346 MiB, 62, P2, 1950 MHz, 9501 MHz, 144.71 W, 0x0000000000000000
2026/08/28 17:35:19.010, 100 %, 17618 MiB, 61, P2, 1950 MHz, 9501 MHz, 166.36 W, 0x0000000000000000
2026/08/28 17:35:24.037, 99 %, 17618 MiB, 60, P2, 1950 MHz, 9501 MHz, 164.29 W, 0x0000000000000000
2026/08/28 17:35:29.061, 67 %, 20276 MiB, 64, P2, 1950 MHz, 9501 MHz, 269.80 W, 0x0000000000000000
2026/08/28 17:35:34.081, 69 %, 20288 MiB, 66, P2, 1950 MHz, 9501 MHz, 312.95 W, 0x0000000000000000
2026/08/28 17:35:39.103, 68 %, 20288 MiB, 67, P2, 1950 MHz, 9501 MHz, 281.11 W, 0x0000000000000000
2026/08/28 17:35:44.437, 0 %, 99 MiB, 61, P3, 405 MHz, 5001 MHz, 162.91 W, 0x0000000000000001
2026/08/28 17:35:49.460, 100 %, 20144 MiB, 60, P2, 1950 MHz, 9501 MHz, 163.16 W, 0x0000000000000000
2026/08/28 17:35:54.487, 100 %, 20144 MiB, 60, P2, 1950 MHz, 9501 MHz, 165.32 W, 0x0000000000000000
2026/08/28 17:35:59.510, 100 %, 20800 MiB, 59, P2, 1950 MHz, 9501 MHz, 164.88 W, 0x0000000000000000
2026/08/28 17:36:04.530, 78 %, 20816 MiB, 67, P2, 1950 MHz, 9501 MHz, 330.91 W, 0x0000000000000000
2026/08/28 17:36:09.549, 78 %, 20816 MiB, 68, P2, 1950 MHz, 9501 MHz, 302.92 W, 0x0000000000000000
2026/08/28 17:36:14.570, 80 %, 20824 MiB, 64, P2, 1785 MHz, 9501 MHz, 279.22 W, 0x0000000000000004
2026/08/28 17:36:19.593, 80 %, 20824 MiB, 70, P2, 1935 MHz, 9501 MHz, 331.10 W, 0x0000000000000000
2026/08/28 17:36:24.612, 76 %, 20824 MiB, 71, P2, 1935 MHz, 9501 MHz, 329.15 W, 0x0000000000000000
2026/08/28 17:36:29.631, 54 %, 20824 MiB, 71, P2, 1935 MHz, 9501 MHz, 291.09 W, 0x0000000000000000
2026/08/28 17:36:34.845, 0 %, 346 MiB, 61, P0, 1695 MHz, 9751 MHz, 144.26 W, 0x0000000000000000
2026/08/28 17:36:39.866, 100 %, 17618 MiB, 63, P2, 1950 MHz, 9501 MHz, 164.43 W, 0x0000000000000000
2026/08/28 17:36:44.890, 100 %, 17618 MiB, 62, P2, 1950 MHz, 9501 MHz, 170.38 W, 0x0000000000000000
2026/08/28 17:36:49.912, 0 %, 20136 MiB, 61, P2, 1950 MHz, 9501 MHz, 170.91 W, 0x0000000000000000
2026/08/28 17:36:54.931, 70 %, 20276 MiB, 68, P2, 1950 MHz, 9501 MHz, 315.58 W, 0x0000000000000004
2026/08/28 17:36:59.953, 69 %, 20280 MiB, 69, P2, 1935 MHz, 9501 MHz, 315.48 W, 0x0000000000000004
2026/08/28 17:37:04.974, 69 %, 20288 MiB, 68, P2, 1935 MHz, 9501 MHz, 310.23 W, 0x0000000000000000
2026/08/28 17:37:09.996, 69 %, 20288 MiB, 69, P2, 1935 MHz, 9501 MHz, 314.23 W, 0x0000000000000000
2026/08/28 17:37:15.017, 71 %, 20288 MiB, 70, P2, 1935 MHz, 9501 MHz, 319.81 W, 0x0000000000000004
2026/08/28 17:37:20.038, 0 %, 82 MiB, 64, P0, 1935 MHz, 9751 MHz, 166.79 W, 0x0000000000000000
2026/08/28 17:37:25.062, 100 %, 20144 MiB, 62, P2, 1950 MHz, 9501 MHz, 147.19 W, 0x0000000000000000
2026/08/28 17:37:30.089, 100 %, 20144 MiB, 61, P2, 1950 MHz, 9501 MHz, 167.99 W, 0x0000000000000000
2026/08/28 17:37:35.114, 99 %, 20144 MiB, 61, P2, 1950 MHz, 9501 MHz, 167.37 W, 0x0000000000000000
2026/08/28 17:37:40.137, 78 %, 20816 MiB, 67, P2, 1935 MHz, 9501 MHz, 291.60 W, 0x0000000000000000
2026/08/28 17:37:45.158, 78 %, 20824 MiB, 68, P2, 1935 MHz, 9501 MHz, 330.39 W, 0x0000000000000000
2026/08/28 17:37:50.177, 76 %, 20824 MiB, 69, P2, 1935 MHz, 9501 MHz, 317.03 W, 0x0000000000000000
2026/08/28 17:37:55.196, 0 %, 346 MiB, 61, P2, 1695 MHz, 9751 MHz, 147.33 W, 0x0000000000000000
2026/08/28 17:38:00.217, 99 %, 19362 MiB, 61, P2, 1950 MHz, 9501 MHz, 166.82 W, 0x0000000000000000
2026/08/28 17:38:05.241, 100 %, 19362 MiB, 60, P2, 1950 MHz, 9501 MHz, 166.31 W, 0x0000000000000000
2026/08/28 17:38:10.263, 100 %, 20502 MiB, 60, P2, 1950 MHz, 9501 MHz, 166.51 W, 0x0000000000000000
2026/08/28 17:38:15.287, 82 %, 20770 MiB, 62, P2, 1950 MHz, 9501 MHz, 220.78 W, 0x0000000000000000
2026/08/28 17:38:20.307, 80 %, 20770 MiB, 62, P2, 1950 MHz, 9501 MHz, 211.77 W, 0x0000000000000000
2026/08/28 17:38:25.330, 82 %, 20770 MiB, 62, P2, 1950 MHz, 9501 MHz, 224.30 W, 0x0000000000000000
2026/08/28 17:38:30.349, 87 %, 20772 MiB, 63, P2, 1950 MHz, 9501 MHz, 223.59 W, 0x0000000000000000
2026/08/28 17:38:35.369, 85 %, 20778 MiB, 62, P2, 1950 MHz, 9501 MHz, 204.18 W, 0x0000000000000000
2026/08/28 17:38:40.391, 84 %, 20780 MiB, 63, P2, 1950 MHz, 9501 MHz, 229.17 W, 0x0000000000000000
2026/08/28 17:38:45.413, 80 %, 20780 MiB, 63, P2, 1950 MHz, 9501 MHz, 228.66 W, 0x0000000000000000
2026/08/28 17:38:50.432, 82 %, 20780 MiB, 63, P2, 1950 MHz, 9501 MHz, 224.56 W, 0x0000000000000000
2026/08/28 17:38:55.452, 85 %, 20780 MiB, 62, P2, 1950 MHz, 9501 MHz, 223.30 W, 0x0000000000000000
2026/08/28 17:39:00.472, 84 %, 20780 MiB, 63, P2, 1950 MHz, 9501 MHz, 223.99 W, 0x0000000000000000
2026/08/28 17:39:05.499, 83 %, 20780 MiB, 62, P2, 1950 MHz, 9501 MHz, 213.84 W, 0x0000000000000000
2026/08/28 17:39:10.520, 0 %, 346 MiB, 60, P2, 1950 MHz, 9501 MHz, 143.46 W, 0x0000000000000000
2026/08/28 17:39:15.538, 100 %, 19362 MiB, 59, P2, 1950 MHz, 9501 MHz, 164.19 W, 0x0000000000000000
2026/08/28 17:39:20.563, 99 %, 19362 MiB, 59, P2, 1950 MHz, 9501 MHz, 163.63 W, 0x0000000000000000
2026/08/28 17:39:25.586, 0 %, 20742 MiB, 58, P2, 1950 MHz, 9501 MHz, 165.49 W, 0x0000000000000000
2026/08/28 17:39:30.604, 85 %, 20768 MiB, 61, P2, 1950 MHz, 9501 MHz, 219.43 W, 0x0000000000000000
2026/08/28 17:39:35.625, 84 %, 20772 MiB, 61, P2, 1950 MHz, 9501 MHz, 217.37 W, 0x0000000000000000
2026/08/28 17:39:40.644, 80 %, 20772 MiB, 61, P2, 1950 MHz, 9501 MHz, 215.11 W, 0x0000000000000000
2026/08/28 17:39:45.662, 81 %, 20772 MiB, 62, P2, 1950 MHz, 9501 MHz, 221.13 W, 0x0000000000000000
2026/08/28 17:39:50.681, 85 %, 20772 MiB, 62, P2, 1950 MHz, 9501 MHz, 219.26 W, 0x0000000000000000
2026/08/28 17:39:55.699, 81 %, 20772 MiB, 62, P2, 1950 MHz, 9501 MHz, 219.87 W, 0x0000000000000000
2026/08/28 17:40:00.717, 85 %, 20772 MiB, 62, P2, 1950 MHz, 9501 MHz, 221.59 W, 0x0000000000000000
2026/08/28 17:40:05.737, 81 %, 20774 MiB, 63, P2, 1950 MHz, 9501 MHz, 230.31 W, 0x0000000000000000
2026/08/28 17:40:10.757, 80 %, 20780 MiB, 63, P2, 1950 MHz, 9501 MHz, 228.00 W, 0x0000000000000000
2026/08/28 17:40:15.777, 85 %, 20780 MiB, 63, P2, 1950 MHz, 9501 MHz, 210.00 W, 0x0000000000000004
2026/08/28 17:40:20.797, 84 %, 20780 MiB, 63, P2, 1950 MHz, 9501 MHz, 224.38 W, 0x0000000000000000
2026/08/28 17:40:25.819, 80 %, 20780 MiB, 63, P2, 1950 MHz, 9501 MHz, 228.35 W, 0x0000000000000000
2026/08/28 17:40:30.839, 82 %, 20780 MiB, 63, P2, 1950 MHz, 9501 MHz, 230.29 W, 0x0000000000000000
2026/08/28 17:40:35.858, 84 %, 20780 MiB, 63, P2, 1950 MHz, 9501 MHz, 218.90 W, 0x0000000000000004
2026/08/28 17:40:40.878, 85 %, 20780 MiB, 64, P2, 1950 MHz, 9501 MHz, 232.26 W, 0x0000000000000000
2026/08/28 17:40:45.896, 85 %, 20780 MiB, 64, P2, 1950 MHz, 9501 MHz, 225.63 W, 0x0000000000000000
2026/08/28 17:40:50.914, 80 %, 20780 MiB, 63, P2, 1950 MHz, 9501 MHz, 225.49 W, 0x0000000000000000
2026/08/28 17:40:55.932, 82 %, 20780 MiB, 64, P2, 1950 MHz, 9501 MHz, 216.28 W, 0x0000000000000000
2026/08/28 17:41:00.952, 85 %, 20780 MiB, 64, P2, 1950 MHz, 9501 MHz, 223.35 W, 0x0000000000000000
2026/08/28 17:41:05.972, 0 %, 82 MiB, 61, P0, 1950 MHz, 9751 MHz, 160.97 W, 0x0000000000000000
2026/08/28 17:41:10.991, 0 %, 18082 MiB, 59, P2, 1695 MHz, 9501 MHz, 131.35 W, 0x0000000000000000
2026/08/28 17:41:16.014, 100 %, 18082 MiB, 60, P2, 1950 MHz, 9501 MHz, 164.00 W, 0x0000000000000000
2026/08/28 17:41:21.040, 100 %, 18082 MiB, 60, P2, 1950 MHz, 9501 MHz, 164.08 W, 0x0000000000000000
2026/08/28 17:41:26.066, 58 %, 21828 MiB, 66, P2, 1950 MHz, 9501 MHz, 285.38 W, 0x0000000000000000
2026/08/28 17:41:31.086, 69 %, 21828 MiB, 67, P2, 1935 MHz, 9501 MHz, 292.26 W, 0x0000000000000000
2026/08/28 17:41:36.106, 100 %, 21834 MiB, 64, P2, 1935 MHz, 9501 MHz, 206.07 W, 0x0000000000000000
2026/08/28 17:41:41.127, 69 %, 21834 MiB, 66, P2, 1935 MHz, 9501 MHz, 300.06 W, 0x0000000000000004
2026/08/28 17:41:46.147, 56 %, 21834 MiB, 69, P2, 1935 MHz, 9501 MHz, 288.98 W, 0x0000000000000000
2026/08/28 17:41:51.167, 76 %, 21834 MiB, 71, P2, 1935 MHz, 9501 MHz, 323.89 W, 0x0000000000000000
2026/08/28 17:41:56.186, 0 %, 346 MiB, 63, P2, 1935 MHz, 9501 MHz, 152.70 W, 0x0000000000000000
2026/08/28 17:42:01.207, 100 %, 18082 MiB, 62, P2, 1950 MHz, 9501 MHz, 168.46 W, 0x0000000000000000
2026/08/28 17:42:06.231, 100 %, 18082 MiB, 61, P2, 1950 MHz, 9501 MHz, 166.80 W, 0x0000000000000000
2026/08/28 17:42:11.252, 43 %, 21828 MiB, 63, P2, 1950 MHz, 9501 MHz, 212.91 W, 0x0000000000000000
2026/08/28 17:42:16.271, 71 %, 21830 MiB, 64, P2, 1935 MHz, 9501 MHz, 287.62 W, 0x0000000000000000
2026/08/28 17:42:21.290, 73 %, 21834 MiB, 67, P2, 1935 MHz, 9501 MHz, 314.29 W, 0x0000000000000000
2026/08/28 17:42:26.308, 68 %, 21834 MiB, 68, P2, 1935 MHz, 9501 MHz, 301.24 W, 0x0000000000000000
2026/08/28 17:42:31.329, 0 %, 346 MiB, 62, P2, 1950 MHz, 9501 MHz, 157.69 W, 0x0000000000000000
2026/08/28 17:42:36.350, 100 %, 17618 MiB, 61, P2, 1950 MHz, 9501 MHz, 166.34 W, 0x0000000000000000
2026/08/28 17:42:41.377, 100 %, 17618 MiB, 60, P2, 1950 MHz, 9501 MHz, 164.63 W, 0x0000000000000000
2026/08/28 17:42:46.400, 60 %, 20276 MiB, 63, P2, 1950 MHz, 9501 MHz, 217.56 W, 0x0000000000000000
2026/08/28 17:42:51.421, 53 %, 20284 MiB, 61, P2, 1935 MHz, 9501 MHz, 199.64 W, 0x0000000000000000
2026/08/28 17:42:56.440, 57 %, 20288 MiB, 66, P2, 1935 MHz, 9501 MHz, 276.37 W, 0x0000000000000000
2026/08/28 17:43:01.460, 100 %, 82 MiB, 62, P0, 1935 MHz, 9751 MHz, 195.96 W, 0x0000000000000000
2026/08/28 17:43:06.477, 0 %, 346 MiB, 59, P2, 1695 MHz, 9501 MHz, 159.12 W, 0x0000000000000000
2026/08/28 17:43:11.499, 100 %, 19044 MiB, 60, P2, 1950 MHz, 9501 MHz, 164.59 W, 0x0000000000000000
2026/08/28 17:43:16.526, 100 %, 19044 MiB, 59, P2, 1950 MHz, 9501 MHz, 163.48 W, 0x0000000000000000
2026/08/28 17:43:21.550, 76 %, 22286 MiB, 65, P2, 1950 MHz, 9501 MHz, 322.31 W, 0x0000000000000004
2026/08/28 17:43:26.571, 80 %, 22286 MiB, 63, P2, 1935 MHz, 9501 MHz, 284.96 W, 0x0000000000000000
2026/08/28 17:43:31.592, 76 %, 22288 MiB, 68, P2, 1935 MHz, 9501 MHz, 323.35 W, 0x0000000000000000
2026/08/28 17:43:36.614, 77 %, 22292 MiB, 68, P2, 1935 MHz, 9501 MHz, 320.63 W, 0x0000000000000004
2026/08/28 17:43:41.634, 80 %, 22292 MiB, 69, P2, 1935 MHz, 9501 MHz, 322.48 W, 0x0000000000000000
2026/08/28 17:43:46.653, 82 %, 22292 MiB, 70, P2, 1935 MHz, 9501 MHz, 327.40 W, 0x0000000000000004
2026/08/28 17:43:51.673, 0 %, 346 MiB, 63, P2, 1950 MHz, 9501 MHz, 144.95 W, 0x0000000000000000
2026/08/28 17:43:56.692, 99 %, 17618 MiB, 62, P2, 1950 MHz, 9501 MHz, 167.51 W, 0x0000000000000000
2026/08/28 17:44:01.715, 100 %, 17618 MiB, 61, P2, 1950 MHz, 9501 MHz, 166.12 W, 0x0000000000000000
2026/08/28 17:44:06.738, 100 %, 20260 MiB, 60, P2, 1950 MHz, 9501 MHz, 167.16 W, 0x0000000000000000
2026/08/28 17:44:11.757, 71 %, 20276 MiB, 66, P2, 1935 MHz, 9501 MHz, 286.44 W, 0x0000000000000000
2026/08/28 17:44:16.778, 67 %, 20280 MiB, 65, P2, 1935 MHz, 9501 MHz, 282.51 W, 0x0000000000000000
2026/08/28 17:44:21.800, 70 %, 20288 MiB, 68, P2, 1935 MHz, 9501 MHz, 312.08 W, 0x0000000000000000
2026/08/28 17:44:26.826, 66 %, 20288 MiB, 69, P2, 1935 MHz, 9501 MHz, 315.34 W, 0x0000000000000000
2026/08/28 17:44:31.846, 70 %, 20288 MiB, 68, P2, 1935 MHz, 9501 MHz, 312.36 W, 0x0000000000000000
2026/08/28 17:44:37.024, 0 %, 99 MiB, 63, P3, 1935 MHz, 9751 MHz, 162.12 W, 0x0000000000000001
2026/08/28 17:44:42.045, 100 %, 19044 MiB, 62, P2, 1950 MHz, 9501 MHz, 143.02 W, 0x0000000000000000
2026/08/28 17:44:47.071, 100 %, 19044 MiB, 61, P2, 1950 MHz, 9501 MHz, 165.99 W, 0x0000000000000000
2026/08/28 17:44:52.096, 100 %, 19044 MiB, 61, P2, 1950 MHz, 9501 MHz, 164.65 W, 0x0000000000000000
2026/08/28 17:44:57.119, 78 %, 22286 MiB, 67, P2, 1935 MHz, 9501 MHz, 318.87 W, 0x0000000000000004
2026/08/28 17:45:02.139, 100 %, 22292 MiB, 64, P2, 1875 MHz, 9501 MHz, 288.19 W, 0x0000000000000004
2026/08/28 17:45:07.158, 79 %, 22292 MiB, 69, P2, 1935 MHz, 9501 MHz, 321.77 W, 0x0000000000000004
2026/08/28 17:45:12.178, 0 %, 346 MiB, 62, P2, 1950 MHz, 9501 MHz, 147.20 W, 0x0000000000000000
2026/08/28 17:45:17.197, 100 %, 19362 MiB, 61, P2, 1950 MHz, 9501 MHz, 165.47 W, 0x0000000000000000
2026/08/28 17:45:22.222, 100 %, 19362 MiB, 60, P2, 1950 MHz, 9501 MHz, 165.28 W, 0x0000000000000000
2026/08/28 17:45:27.243, 0 %, 20744 MiB, 60, P2, 1950 MHz, 9501 MHz, 167.31 W, 0x0000000000000000
2026/08/28 17:45:32.264, 82 %, 20770 MiB, 62, P2, 1950 MHz, 9501 MHz, 213.68 W, 0x0000000000000000
2026/08/28 17:45:37.284, 79 %, 20770 MiB, 63, P2, 1950 MHz, 9501 MHz, 222.88 W, 0x0000000000000000
2026/08/28 17:45:42.304, 81 %, 20770 MiB, 63, P2, 1950 MHz, 9501 MHz, 221.82 W, 0x0000000000000000
2026/08/28 17:45:47.324, 80 %, 20772 MiB, 63, P2, 1950 MHz, 9501 MHz, 223.92 W, 0x0000000000000000
2026/08/28 17:45:52.343, 82 %, 20778 MiB, 63, P2, 1950 MHz, 9501 MHz, 224.75 W, 0x0000000000000000
2026/08/28 17:45:57.364, 84 %, 20780 MiB, 63, P2, 1950 MHz, 9501 MHz, 228.88 W, 0x0000000000000000
2026/08/28 17:46:02.383, 80 %, 20780 MiB, 63, P2, 1950 MHz, 9501 MHz, 227.06 W, 0x0000000000000000
2026/08/28 17:46:07.402, 83 %, 20780 MiB, 63, P2, 1950 MHz, 9501 MHz, 226.28 W, 0x0000000000000000
2026/08/28 17:46:12.424, 84 %, 20780 MiB, 63, P2, 1950 MHz, 9501 MHz, 224.25 W, 0x0000000000000000
2026/08/28 17:46:17.443, 83 %, 20780 MiB, 63, P2, 1950 MHz, 9501 MHz, 224.71 W, 0x0000000000000000
2026/08/28 17:46:22.461, 84 %, 20780 MiB, 63, P2, 1950 MHz, 9501 MHz, 215.62 W, 0x0000000000000000
2026/08/28 17:46:27.482, 0 %, 346 MiB, 60, P2, 1950 MHz, 9501 MHz, 155.88 W, 0x0000000000000000
2026/08/28 17:46:32.504, 99 %, 20144 MiB, 60, P2, 1950 MHz, 9501 MHz, 163.47 W, 0x0000000000000000
2026/08/28 17:46:37.528, 100 %, 20144 MiB, 59, P2, 1950 MHz, 9501 MHz, 162.38 W, 0x0000000000000000
2026/08/28 17:46:42.551, 76 %, 20816 MiB, 63, P2, 1950 MHz, 9501 MHz, 189.28 W, 0x0000000000000000
2026/08/28 17:46:47.572, 78 %, 20816 MiB, 67, P2, 1935 MHz, 9501 MHz, 326.22 W, 0x0000000000000000
2026/08/28 17:46:52.590, 77 %, 20816 MiB, 68, P2, 1935 MHz, 9501 MHz, 325.31 W, 0x0000000000000000
2026/08/28 17:46:57.610, 77 %, 20824 MiB, 69, P2, 1935 MHz, 9501 MHz, 327.10 W, 0x0000000000000000
2026/08/28 17:47:02.627, 69 %, 20824 MiB, 69, P2, 1935 MHz, 9501 MHz, 297.03 W, 0x0000000000000004
2026/08/28 17:47:07.645, 75 %, 20824 MiB, 71, P2, 1920 MHz, 9501 MHz, 328.55 W, 0x0000000000000000
2026/08/28 17:47:12.664, 78 %, 20824 MiB, 72, P2, 1920 MHz, 9501 MHz, 329.93 W, 0x0000000000000000
2026/08/28 17:47:17.683, 0 %, 346 MiB, 64, P2, 1935 MHz, 9501 MHz, 163.67 W, 0x0000000000000000
2026/08/28 17:47:22.704, 100 %, 19362 MiB, 62, P2, 1935 MHz, 9501 MHz, 168.31 W, 0x0000000000000000
2026/08/28 17:47:27.730, 99 %, 19362 MiB, 61, P2, 1935 MHz, 9501 MHz, 165.08 W, 0x0000000000000000
2026/08/28 17:47:32.754, 84 %, 20768 MiB, 63, P2, 1935 MHz, 9501 MHz, 225.40 W, 0x0000000000000000
2026/08/28 17:47:37.774, 84 %, 20770 MiB, 63, P2, 1935 MHz, 9501 MHz, 227.12 W, 0x0000000000000000
2026/08/28 17:47:42.796, 83 %, 20772 MiB, 63, P2, 1935 MHz, 9501 MHz, 228.41 W, 0x0000000000000000
2026/08/28 17:47:47.817, 84 %, 20772 MiB, 63, P2, 1935 MHz, 9501 MHz, 225.52 W, 0x0000000000000000
2026/08/28 17:47:52.840, 86 %, 20772 MiB, 63, P2, 1935 MHz, 9501 MHz, 228.41 W, 0x0000000000000000
2026/08/28 17:47:57.861, 83 %, 20772 MiB, 63, P2, 1935 MHz, 9501 MHz, 223.76 W, 0x0000000000000000
2026/08/28 17:48:02.883, 82 %, 20772 MiB, 63, P2, 1935 MHz, 9501 MHz, 230.69 W, 0x0000000000000000
2026/08/28 17:48:07.902, 82 %, 20772 MiB, 63, P2, 1935 MHz, 9501 MHz, 224.58 W, 0x0000000000000000
2026/08/28 17:48:12.921, 85 %, 20778 MiB, 64, P2, 1935 MHz, 9501 MHz, 232.66 W, 0x0000000000000000
2026/08/28 17:48:17.946, 80 %, 20780 MiB, 63, P2, 1935 MHz, 9501 MHz, 225.77 W, 0x0000000000000000
2026/08/28 17:48:22.969, 79 %, 20780 MiB, 63, P2, 1935 MHz, 9501 MHz, 226.50 W, 0x0000000000000000
2026/08/28 17:48:27.992, 83 %, 20780 MiB, 63, P2, 1935 MHz, 9501 MHz, 227.79 W, 0x0000000000000000
2026/08/28 17:48:33.012, 82 %, 20780 MiB, 63, P2, 1935 MHz, 9501 MHz, 227.91 W, 0x0000000000000000
2026/08/28 17:48:38.033, 80 %, 20780 MiB, 63, P2, 1935 MHz, 9501 MHz, 230.73 W, 0x0000000000000000
2026/08/28 17:48:43.052, 84 %, 20780 MiB, 63, P2, 1935 MHz, 9501 MHz, 225.17 W, 0x0000000000000000
2026/08/28 17:48:48.071, 84 %, 20780 MiB, 63, P2, 1935 MHz, 9501 MHz, 217.98 W, 0x0000000000000000
2026/08/28 17:48:53.091, 80 %, 20780 MiB, 63, P2, 1935 MHz, 9501 MHz, 227.75 W, 0x0000000000000000
2026/08/28 17:48:58.112, 83 %, 20780 MiB, 63, P2, 1935 MHz, 9501 MHz, 226.22 W, 0x0000000000000000
2026/08/28 17:49:03.133, 82 %, 20780 MiB, 63, P2, 1935 MHz, 9501 MHz, 225.32 W, 0x0000000000000000
2026/08/28 17:49:08.152, 79 %, 20780 MiB, 63, P2, 1935 MHz, 9501 MHz, 225.92 W, 0x0000000000000000
2026/08/28 17:49:13.301, 0 %, 346 MiB, 60, P2, 1950 MHz, 9751 MHz, 146.63 W, 0x0000000000000000
2026/08/28 17:49:18.320, 100 %, 20144 MiB, 60, P2, 1950 MHz, 9501 MHz, 163.76 W, 0x0000000000000000
2026/08/28 17:49:23.345, 99 %, 20144 MiB, 59, P2, 1950 MHz, 9501 MHz, 164.16 W, 0x0000000000000000
2026/08/28 17:49:28.366, 7 %, 20800 MiB, 60, P2, 1950 MHz, 9501 MHz, 166.08 W, 0x0000000000000000
2026/08/28 17:49:33.383, 77 %, 20816 MiB, 66, P2, 1935 MHz, 9501 MHz, 319.87 W, 0x0000000000000000
2026/08/28 17:49:38.403, 78 %, 20824 MiB, 67, P2, 1935 MHz, 9501 MHz, 266.21 W, 0x0000000000000000
2026/08/28 17:49:43.422, 76 %, 20824 MiB, 68, P2, 1935 MHz, 9501 MHz, 324.57 W, 0x0000000000000000
