timestamp, index, memory.used [MiB], utilization.gpu [%], clocks.current.graphics [MHz], clocks.current.sm [MHz], power.draw [W], temperature.gpu, pstate, clocks_event_reasons.active
2026/08/26 22:31:46.412, 0, 82 MiB, 0 %, 210 MHz, 210 MHz, 27.58 W, 44, P8, 0x0000000000000001
2026/08/26 22:31:47.418, 0, 82 MiB, 0 %, 210 MHz, 210 MHz, 27.65 W, 44, P8, 0x0000000000000001
2026/08/26 22:31:48.418, 0, 82 MiB, 0 %, 210 MHz, 210 MHz, 27.49 W, 44, P8, 0x0000000000000001
2026/08/26 22:31:49.419, 0, 82 MiB, 0 %, 210 MHz, 210 MHz, 27.39 W, 44, P8, 0x0000000000000001
2026/08/26 22:31:50.419, 0, 82 MiB, 0 %, 210 MHz, 210 MHz, 27.44 W, 44, P8, 0x0000000000000001
2026/08/26 22:31:51.419, 0, 82 MiB, 0 %, 210 MHz, 210 MHz, 27.34 W, 44, P8, 0x0000000000000001
2026/08/26 22:31:52.419, 0, 82 MiB, 0 %, 210 MHz, 210 MHz, 27.38 W, 44, P8, 0x0000000000000001
2026/08/26 22:31:53.419, 0, 82 MiB, 0 %, 210 MHz, 210 MHz, 27.51 W, 43, P8, 0x0000000000000001
2026/08/26 22:31:54.420, 0, 82 MiB, 0 %, 210 MHz, 210 MHz, 27.32 W, 43, P8, 0x0000000000000001
2026/08/26 22:31:55.420, 0, 82 MiB, 0 %, 210 MHz, 210 MHz, 27.13 W, 43, P8, 0x0000000000000001
2026/08/26 22:31:56.420, 0, 82 MiB, 0 %, 210 MHz, 210 MHz, 27.17 W, 43, P8, 0x0000000000000001
2026/08/26 22:31:57.420, 0, 85 MiB, 0 %, 210 MHz, 210 MHz, 27.11 W, 43, P8, 0x0000000000000001
2026/08/26 22:31:58.730, 0, 346 MiB, 0 %, 1965 MHz, 1965 MHz, 69.75 W, 49, P2, 0x0000000000000000
2026/08/26 22:31:59.730, 0, 346 MiB, 7 %, 1980 MHz, 1980 MHz, 153.53 W, 51, P2, 0x0000000000000024
2026/08/26 22:32:00.731, 0, 346 MiB, 5 %, 1695 MHz, 1695 MHz, 149.80 W, 50, P2, 0x0000000000000000
2026/08/26 22:32:01.731, 0, 20144 MiB, 0 %, 1980 MHz, 1980 MHz, 119.54 W, 50, P2, 0x0000000000000000
2026/08/26 22:32:02.731, 0, 20144 MiB, 100 %, 1980 MHz, 1980 MHz, 151.20 W, 52, P2, 0x0000000000000000
2026/08/26 22:32:03.732, 0, 20144 MiB, 99 %, 1980 MHz, 1980 MHz, 156.60 W, 52, P2, 0x0000000000000000
2026/08/26 22:32:04.732, 0, 20144 MiB, 100 %, 1980 MHz, 1980 MHz, 156.56 W, 52, P2, 0x0000000000000000
2026/08/26 22:32:05.732, 0, 20144 MiB, 100 %, 1980 MHz, 1980 MHz, 156.53 W, 53, P2, 0x0000000000000000
2026/08/26 22:32:06.733, 0, 20144 MiB, 100 %, 1980 MHz, 1980 MHz, 157.12 W, 53, P2, 0x0000000000000000
2026/08/26 22:32:07.733, 0, 20144 MiB, 99 %, 1980 MHz, 1980 MHz, 157.21 W, 53, P2, 0x0000000000000000
2026/08/26 22:32:08.733, 0, 20144 MiB, 100 %, 1980 MHz, 1980 MHz, 157.28 W, 53, P2, 0x0000000000000000
2026/08/26 22:32:09.733, 0, 20144 MiB, 100 %, 1980 MHz, 1980 MHz, 157.51 W, 53, P2, 0x0000000000000000
2026/08/26 22:32:10.733, 0, 20144 MiB, 100 %, 1980 MHz, 1980 MHz, 157.40 W, 53, P2, 0x0000000000000000
2026/08/26 22:32:11.733, 0, 20144 MiB, 99 %, 1980 MHz, 1980 MHz, 157.53 W, 54, P2, 0x0000000000000000
2026/08/26 22:32:12.733, 0, 20144 MiB, 99 %, 1980 MHz, 1980 MHz, 157.90 W, 54, P2, 0x0000000000000000
2026/08/26 22:32:13.734, 0, 20816 MiB, 76 %, 1980 MHz, 1980 MHz, 187.17 W, 57, P2, 0x0000000000000000
2026/08/26 22:32:14.734, 0, 20816 MiB, 74 %, 1965 MHz, 1965 MHz, 270.69 W, 58, P2, 0x0000000000000000
2026/08/26 22:32:15.734, 0, 20816 MiB, 62 %, 1965 MHz, 1965 MHz, 281.89 W, 61, P2, 0x0000000000000000
2026/08/26 22:32:16.734, 0, 20816 MiB, 77 %, 1965 MHz, 1965 MHz, 283.37 W, 61, P2, 0x0000000000000000
2026/08/26 22:32:17.734, 0, 20816 MiB, 78 %, 1965 MHz, 1965 MHz, 319.64 W, 62, P2, 0x0000000000000000
2026/08/26 22:32:18.734, 0, 20816 MiB, 66 %, 1950 MHz, 1950 MHz, 291.10 W, 59, P2, 0x0000000000000000
2026/08/26 22:32:19.734, 0, 20824 MiB, 77 %, 1950 MHz, 1950 MHz, 222.73 W, 59, P2, 0x0000000000000024
2026/08/26 22:32:20.735, 0, 20824 MiB, 78 %, 1950 MHz, 1950 MHz, 316.05 W, 62, P2, 0x0000000000000000
2026/08/26 22:32:21.735, 0, 20824 MiB, 78 %, 1950 MHz, 1950 MHz, 318.91 W, 63, P2, 0x0000000000000000
2026/08/26 22:32:22.735, 0, 20824 MiB, 75 %, 1950 MHz, 1950 MHz, 258.01 W, 58, P2, 0x0000000000000004
2026/08/26 22:32:23.735, 0, 20824 MiB, 79 %, 1950 MHz, 1950 MHz, 311.02 W, 63, P2, 0x0000000000000000
2026/08/26 22:32:24.735, 0, 20824 MiB, 79 %, 1950 MHz, 1950 MHz, 289.72 W, 64, P2, 0x0000000000000000
2026/08/26 22:32:25.736, 0, 20824 MiB, 43 %, 1950 MHz, 1950 MHz, 270.43 W, 62, P2, 0x0000000000000000
2026/08/26 22:32:26.736, 0, 20824 MiB, 78 %, 1950 MHz, 1950 MHz, 292.21 W, 64, P2, 0x0000000000000000
2026/08/26 22:32:27.736, 0, 20824 MiB, 76 %, 1950 MHz, 1950 MHz, 321.52 W, 64, P2, 0x0000000000000000
2026/08/26 22:32:28.736, 0, 20824 MiB, 62 %, 1950 MHz, 1950 MHz, 287.23 W, 62, P2, 0x0000000000000000
2026/08/26 22:32:29.736, 0, 85 MiB, 62 %, 1950 MHz, 1950 MHz, 244.36 W, 60, P2, 0x0000000000000000
2026/08/26 22:32:30.759, 0, 346 MiB, 0 %, 1950 MHz, 1950 MHz, 161.02 W, 59, P2, 0x0000000000000000
2026/08/26 22:32:31.760, 0, 346 MiB, 0 %, 1950 MHz, 1950 MHz, 153.69 W, 58, P2, 0x0000000000000000
2026/08/26 22:32:32.760, 0, 1100 MiB, 0 %, 1695 MHz, 1695 MHz, 138.10 W, 57, P2, 0x0000000000000000
2026/08/26 22:32:33.760, 0, 19044 MiB, 0 %, 1695 MHz, 1695 MHz, 126.81 W, 57, P2, 0x0000000000000000
2026/08/26 22:32:34.760, 0, 19044 MiB, 100 %, 1965 MHz, 1965 MHz, 155.01 W, 58, P2, 0x0000000000000000
2026/08/26 22:32:35.760, 0, 19044 MiB, 100 %, 1965 MHz, 1965 MHz, 163.45 W, 58, P2, 0x0000000000000000
2026/08/26 22:32:36.761, 0, 19044 MiB, 99 %, 1965 MHz, 1965 MHz, 163.38 W, 58, P2, 0x0000000000000000
2026/08/26 22:32:37.761, 0, 19044 MiB, 99 %, 1965 MHz, 1965 MHz, 163.53 W, 58, P2, 0x0000000000000000
2026/08/26 22:32:38.761, 0, 19044 MiB, 100 %, 1965 MHz, 1965 MHz, 163.42 W, 58, P2, 0x0000000000000000
2026/08/26 22:32:39.761, 0, 19044 MiB, 100 %, 1965 MHz, 1965 MHz, 163.18 W, 58, P2, 0x0000000000000000
2026/08/26 22:32:40.761, 0, 19044 MiB, 100 %, 1965 MHz, 1965 MHz, 163.39 W, 58, P2, 0x0000000000000000
2026/08/26 22:32:41.761, 0, 19044 MiB, 99 %, 1965 MHz, 1965 MHz, 163.43 W, 58, P2, 0x0000000000000000
2026/08/26 22:32:42.761, 0, 19044 MiB, 100 %, 1965 MHz, 1965 MHz, 163.17 W, 58, P2, 0x0000000000000000
2026/08/26 22:32:43.764, 0, 19044 MiB, 100 %, 1965 MHz, 1965 MHz, 162.93 W, 58, P2, 0x0000000000000000
2026/08/26 22:32:44.764, 0, 19044 MiB, 100 %, 1965 MHz, 1965 MHz, 163.32 W, 58, P2, 0x0000000000000000
2026/08/26 22:32:45.764, 0, 21094 MiB, 99 %, 1965 MHz, 1965 MHz, 164.98 W, 58, P2, 0x0000000000000000
2026/08/26 22:32:46.764, 0, 22286 MiB, 59 %, 1965 MHz, 1965 MHz, 203.76 W, 60, P2, 0x0000000000000004
2026/08/26 22:32:47.764, 0, 22286 MiB, 78 %, 1950 MHz, 1950 MHz, 270.61 W, 63, P2, 0x0000000000000004
2026/08/26 22:32:48.764, 0, 22286 MiB, 78 %, 1950 MHz, 1950 MHz, 286.10 W, 64, P2, 0x0000000000000004
2026/08/26 22:32:49.764, 0, 22286 MiB, 78 %, 1950 MHz, 1950 MHz, 321.66 W, 64, P2, 0x0000000000000004
2026/08/26 22:32:50.765, 0, 22286 MiB, 76 %, 1950 MHz, 1950 MHz, 321.89 W, 65, P2, 0x0000000000000004
2026/08/26 22:32:51.765, 0, 22292 MiB, 100 %, 1935 MHz, 1935 MHz, 242.07 W, 60, P2, 0x0000000000000004
2026/08/26 22:32:52.765, 0, 22292 MiB, 74 %, 1950 MHz, 1950 MHz, 246.73 W, 64, P2, 0x0000000000000000
2026/08/26 22:32:53.765, 0, 22292 MiB, 76 %, 1950 MHz, 1950 MHz, 317.89 W, 65, P2, 0x0000000000000004
2026/08/26 22:32:54.765, 0, 22292 MiB, 72 %, 1950 MHz, 1950 MHz, 236.60 W, 63, P2, 0x0000000000000000
2026/08/26 22:32:55.766, 0, 22292 MiB, 63 %, 1950 MHz, 1950 MHz, 315.10 W, 64, P2, 0x0000000000000004
2026/08/26 22:32:56.766, 0, 22292 MiB, 59 %, 1950 MHz, 1950 MHz, 277.07 W, 63, P2, 0x0000000000000004
2026/08/26 22:32:57.766, 0, 22292 MiB, 79 %, 1950 MHz, 1950 MHz, 273.69 W, 66, P2, 0x0000000000000004
2026/08/26 22:32:58.766, 0, 22292 MiB, 76 %, 1950 MHz, 1950 MHz, 325.56 W, 66, P2, 0x0000000000000004
2026/08/26 22:32:59.766, 0, 22292 MiB, 78 %, 1950 MHz, 1950 MHz, 323.71 W, 66, P2, 0x0000000000000004
2026/08/26 22:33:00.767, 0, 414 MiB, 100 %, 1950 MHz, 1950 MHz, 249.48 W, 62, P2, 0x0000000000000000
2026/08/26 22:33:01.767, 0, 1604 MiB, 0 %, 1950 MHz, 1950 MHz, 170.07 W, 60, P2, 0x0000000000000000
2026/08/26 22:33:02.767, 0, 346 MiB, 0 %, 1950 MHz, 1950 MHz, 155.49 W, 60, P2, 0x0000000000000000
2026/08/26 22:33:03.768, 0, 346 MiB, 17 %, 1695 MHz, 1695 MHz, 149.36 W, 59, P2, 0x0000000000000000
2026/08/26 22:33:04.768, 0, 346 MiB, 0 %, 1695 MHz, 1695 MHz, 128.27 W, 58, P2, 0x0000000000000000
2026/08/26 22:33:05.768, 0, 18082 MiB, 100 %, 1950 MHz, 1950 MHz, 142.50 W, 59, P2, 0x0000000000000000
2026/08/26 22:33:06.768, 0, 18082 MiB, 99 %, 1950 MHz, 1950 MHz, 160.67 W, 59, P2, 0x0000000000000000
2026/08/26 22:33:07.769, 0, 18082 MiB, 100 %, 1950 MHz, 1950 MHz, 157.29 W, 59, P2, 0x0000000000000000
2026/08/26 22:33:08.769, 0, 18082 MiB, 100 %, 1950 MHz, 1950 MHz, 154.39 W, 59, P2, 0x0000000000000000
2026/08/26 22:33:09.769, 0, 18082 MiB, 99 %, 1950 MHz, 1950 MHz, 154.24 W, 59, P2, 0x0000000000000000
2026/08/26 22:33:10.769, 0, 18082 MiB, 99 %, 1950 MHz, 1950 MHz, 154.03 W, 58, P2, 0x0000000000000000
2026/08/26 22:33:11.769, 0, 20636 MiB, 99 %, 1950 MHz, 1950 MHz, 155.89 W, 58, P2, 0x0000000000000000
2026/08/26 22:33:12.770, 0, 21828 MiB, 40 %, 1950 MHz, 1950 MHz, 206.09 W, 61, P2, 0x0000000000000000
2026/08/26 22:33:13.770, 0, 21828 MiB, 68 %, 1950 MHz, 1950 MHz, 247.12 W, 63, P2, 0x0000000000000000
2026/08/26 22:33:14.770, 0, 21828 MiB, 71 %, 1950 MHz, 1950 MHz, 269.30 W, 63, P2, 0x0000000000000004
2026/08/26 22:33:15.770, 0, 21828 MiB, 68 %, 1950 MHz, 1950 MHz, 308.09 W, 65, P2, 0x0000000000000000
2026/08/26 22:33:16.770, 0, 21828 MiB, 68 %, 1950 MHz, 1950 MHz, 314.22 W, 65, P2, 0x0000000000000000
2026/08/26 22:33:17.771, 0, 21830 MiB, 36 %, 1950 MHz, 1950 MHz, 297.33 W, 62, P2, 0x0000000000000000
2026/08/26 22:33:18.771, 0, 21834 MiB, 100 %, 1950 MHz, 1950 MHz, 199.91 W, 61, P2, 0x0000000000000000
2026/08/26 22:33:19.771, 0, 21834 MiB, 69 %, 1950 MHz, 1950 MHz, 253.72 W, 65, P2, 0x0000000000000004
2026/08/26 22:33:20.771, 0, 21834 MiB, 71 %, 1950 MHz, 1950 MHz, 309.27 W, 66, P2, 0x0000000000000004
2026/08/26 22:33:21.771, 0, 21834 MiB, 71 %, 1950 MHz, 1950 MHz, 216.02 W, 65, P2, 0x0000000000000000
2026/08/26 22:33:22.772, 0, 21834 MiB, 71 %, 1950 MHz, 1950 MHz, 311.13 W, 66, P2, 0x0000000000000004
2026/08/26 22:33:23.772, 0, 21834 MiB, 65 %, 1950 MHz, 1950 MHz, 278.86 W, 65, P2, 0x0000000000000000
2026/08/26 22:33:24.772, 0, 21834 MiB, 61 %, 1950 MHz, 1950 MHz, 257.42 W, 64, P2, 0x0000000000000004
2026/08/26 22:33:25.772, 0, 21834 MiB, 71 %, 1950 MHz, 1950 MHz, 307.24 W, 67, P2, 0x0000000000000004
2026/08/26 22:33:26.772, 0, 21834 MiB, 69 %, 1950 MHz, 1950 MHz, 318.12 W, 67, P2, 0x0000000000000004
2026/08/26 22:33:27.773, 0, 21834 MiB, 26 %, 1950 MHz, 1950 MHz, 299.41 W, 64, P2, 0x0000000000000000
2026/08/26 22:33:28.773, 0, 414 MiB, 100 %, 1950 MHz, 1950 MHz, 236.95 W, 63, P2, 0x0000000000000000
2026/08/26 22:33:29.773, 0, 346 MiB, 100 %, 1950 MHz, 1950 MHz, 173.50 W, 62, P2, 0x0000000000000000
2026/08/26 22:33:30.773, 0, 346 MiB, 0 %, 1950 MHz, 1950 MHz, 160.55 W, 61, P2, 0x0000000000000000
2026/08/26 22:33:31.773, 0, 346 MiB, 1 %, 1695 MHz, 1695 MHz, 157.32 W, 61, P2, 0x0000000000000000
2026/08/26 22:33:32.774, 0, 17618 MiB, 0 %, 1695 MHz, 1695 MHz, 132.97 W, 59, P2, 0x0000000000000000
2026/08/26 22:33:33.774, 0, 17618 MiB, 100 %, 1950 MHz, 1950 MHz, 138.87 W, 60, P2, 0x0000000000000000
2026/08/26 22:33:34.774, 0, 17618 MiB, 99 %, 1950 MHz, 1950 MHz, 157.05 W, 60, P2, 0x0000000000000000
2026/08/26 22:33:35.774, 0, 17618 MiB, 100 %, 1950 MHz, 1950 MHz, 155.18 W, 60, P2, 0x0000000000000000
2026/08/26 22:33:36.775, 0, 17618 MiB, 100 %, 1950 MHz, 1950 MHz, 154.91 W, 59, P2, 0x0000000000000000
2026/08/26 22:33:37.775, 0, 17618 MiB, 99 %, 1950 MHz, 1950 MHz, 154.75 W, 59, P2, 0x0000000000000000
2026/08/26 22:33:38.775, 0, 18762 MiB, 99 %, 1950 MHz, 1950 MHz, 154.66 W, 59, P2, 0x0000000000000000
2026/08/26 22:33:39.775, 0, 20276 MiB, 72 %, 1950 MHz, 1950 MHz, 158.50 W, 59, P2, 0x0000000000000000
2026/08/26 22:33:40.775, 0, 20276 MiB, 35 %, 1950 MHz, 1950 MHz, 240.67 W, 64, P2, 0x0000000000000000
2026/08/26 22:33:41.775, 0, 20276 MiB, 69 %, 1950 MHz, 1950 MHz, 271.74 W, 63, P2, 0x0000000000000000
2026/08/26 22:33:42.776, 0, 20276 MiB, 68 %, 1950 MHz, 1950 MHz, 279.31 W, 66, P2, 0x0000000000000000
2026/08/26 22:33:43.776, 0, 20276 MiB, 70 %, 1950 MHz, 1950 MHz, 311.98 W, 66, P2, 0x0000000000000000
2026/08/26 22:33:44.776, 0, 20284 MiB, 67 %, 1950 MHz, 1950 MHz, 280.08 W, 65, P2, 0x0000000000000000
2026/08/26 22:33:45.776, 0, 20288 MiB, 100 %, 1950 MHz, 1950 MHz, 194.92 W, 61, P2, 0x0000000000000000
2026/08/26 22:33:46.777, 0, 20288 MiB, 69 %, 1950 MHz, 1950 MHz, 291.80 W, 66, P2, 0x0000000000000000
2026/08/26 22:33:47.777, 0, 20288 MiB, 69 %, 1950 MHz, 1950 MHz, 309.93 W, 67, P2, 0x0000000000000000
2026/08/26 22:33:48.777, 0, 20288 MiB, 99 %, 1950 MHz, 1950 MHz, 230.30 W, 66, P2, 0x0000000000000000
2026/08/26 22:33:49.777, 0, 20288 MiB, 70 %, 1950 MHz, 1950 MHz, 290.94 W, 63, P2, 0x0000000000000004
2026/08/26 22:33:50.777, 0, 20288 MiB, 67 %, 1950 MHz, 1950 MHz, 263.77 W, 65, P2, 0x0000000000000000
2026/08/26 22:33:51.778, 0, 20288 MiB, 59 %, 1950 MHz, 1950 MHz, 276.33 W, 67, P2, 0x0000000000000004
2026/08/26 22:33:52.778, 0, 20288 MiB, 68 %, 1950 MHz, 1950 MHz, 312.90 W, 67, P2, 0x0000000000000004
2026/08/26 22:33:53.778, 0, 20288 MiB, 69 %, 1950 MHz, 1950 MHz, 305.71 W, 65, P2, 0x0000000000000000
2026/08/26 22:33:54.778, 0, 99 MiB, 71 %, 1935 MHz, 1935 MHz, 220.36 W, 63, P2, 0x0000000000000024
2026/08/26 22:33:55.778, 0, 346 MiB, 0 %, 1950 MHz, 1950 MHz, 171.66 W, 62, P2, 0x0000000000000000
2026/08/26 22:33:56.779, 0, 346 MiB, 0 %, 1950 MHz, 1950 MHz, 166.59 W, 61, P2, 0x0000000000000000
2026/08/26 22:33:57.779, 0, 346 MiB, 6 %, 1695 MHz, 1695 MHz, 151.80 W, 60, P2, 0x0000000000000000
2026/08/26 22:33:58.779, 0, 19362 MiB, 0 %, 1950 MHz, 1950 MHz, 130.90 W, 60, P2, 0x0000000000000000
2026/08/26 22:33:59.779, 0, 19362 MiB, 100 %, 1950 MHz, 1950 MHz, 163.55 W, 61, P2, 0x0000000000000000
2026/08/26 22:34:00.779, 0, 19362 MiB, 100 %, 1950 MHz, 1950 MHz, 166.66 W, 61, P2, 0x0000000000000000
2026/08/26 22:34:01.780, 0, 19362 MiB, 100 %, 1950 MHz, 1950 MHz, 166.31 W, 61, P2, 0x0000000000000000
2026/08/26 22:34:02.780, 0, 19362 MiB, 99 %, 1950 MHz, 1950 MHz, 165.88 W, 61, P2, 0x0000000000000000
2026/08/26 22:34:03.780, 0, 19362 MiB, 100 %, 1950 MHz, 1950 MHz, 166.21 W, 60, P2, 0x0000000000000000
2026/08/26 22:34:04.780, 0, 19362 MiB, 100 %, 1950 MHz, 1950 MHz, 165.62 W, 60, P2, 0x0000000000000000
2026/08/26 22:34:05.780, 0, 19362 MiB, 100 %, 1950 MHz, 1950 MHz, 165.24 W, 60, P2, 0x0000000000000000
2026/08/26 22:34:06.781, 0, 19362 MiB, 100 %, 1950 MHz, 1950 MHz, 165.71 W, 60, P2, 0x0000000000000000
2026/08/26 22:34:07.781, 0, 19362 MiB, 99 %, 1950 MHz, 1950 MHz, 165.11 W, 60, P2, 0x0000000000000000
2026/08/26 22:34:08.781, 0, 19362 MiB, 100 %, 1950 MHz, 1950 MHz, 165.12 W, 60, P2, 0x0000000000000000
2026/08/26 22:34:09.781, 0, 19362 MiB, 100 %, 1950 MHz, 1950 MHz, 165.34 W, 60, P2, 0x0000000000000000
2026/08/26 22:34:10.781, 0, 20758 MiB, 26 %, 1950 MHz, 1950 MHz, 165.79 W, 60, P2, 0x0000000000000000
2026/08/26 22:34:11.782, 0, 20768 MiB, 65 %, 1950 MHz, 1950 MHz, 202.17 W, 61, P2, 0x0000000000000000
2026/08/26 22:34:12.782, 0, 20768 MiB, 84 %, 1950 MHz, 1950 MHz, 221.43 W, 62, P2, 0x0000000000000000
2026/08/26 22:34:13.782, 0, 20768 MiB, 85 %, 1950 MHz, 1950 MHz, 219.65 W, 62, P2, 0x0000000000000000
2026/08/26 22:34:14.782, 0, 20770 MiB, 83 %, 1950 MHz, 1950 MHz, 222.73 W, 62, P2, 0x0000000000000000
2026/08/26 22:34:15.782, 0, 20770 MiB, 84 %, 1950 MHz, 1950 MHz, 214.76 W, 62, P2, 0x0000000000000000
2026/08/26 22:34:16.783, 0, 20770 MiB, 82 %, 1950 MHz, 1950 MHz, 222.92 W, 62, P2, 0x0000000000000000
2026/08/26 22:34:17.783, 0, 20770 MiB, 83 %, 1950 MHz, 1950 MHz, 224.44 W, 62, P2, 0x0000000000000000
2026/08/26 22:34:18.783, 0, 20770 MiB, 84 %, 1950 MHz, 1950 MHz, 225.87 W, 62, P2, 0x0000000000000000
2026/08/26 22:34:19.783, 0, 20770 MiB, 76 %, 1950 MHz, 1950 MHz, 211.69 W, 62, P2, 0x0000000000000000
2026/08/26 22:34:20.784, 0, 20770 MiB, 85 %, 1950 MHz, 1950 MHz, 223.90 W, 62, P2, 0x0000000000000000
2026/08/26 22:34:21.784, 0, 20770 MiB, 81 %, 1950 MHz, 1950 MHz, 223.31 W, 62, P2, 0x0000000000000000
2026/08/26 22:34:22.784, 0, 20770 MiB, 84 %, 1950 MHz, 1950 MHz, 224.82 W, 62, P2, 0x0000000000000000
2026/08/26 22:34:23.784, 0, 20770 MiB, 81 %, 1950 MHz, 1950 MHz, 222.55 W, 62, P2, 0x0000000000000000
2026/08/26 22:34:24.784, 0, 20770 MiB, 84 %, 1950 MHz, 1950 MHz, 225.49 W, 62, P2, 0x0000000000000000
2026/08/26 22:34:25.785, 0, 20770 MiB, 84 %, 1950 MHz, 1950 MHz, 223.61 W, 63, P2, 0x0000000000000000
2026/08/26 22:34:26.785, 0, 20770 MiB, 79 %, 1950 MHz, 1950 MHz, 223.04 W, 62, P2, 0x0000000000000000
2026/08/26 22:34:27.785, 0, 20770 MiB, 82 %, 1950 MHz, 1950 MHz, 223.87 W, 63, P2, 0x0000000000000000
2026/08/26 22:34:28.785, 0, 20770 MiB, 83 %, 1950 MHz, 1950 MHz, 229.80 W, 63, P2, 0x0000000000000000
2026/08/26 22:34:29.785, 0, 20772 MiB, 83 %, 1950 MHz, 1950 MHz, 225.94 W, 63, P2, 0x0000000000000000
2026/08/26 22:34:30.785, 0, 20772 MiB, 83 %, 1950 MHz, 1950 MHz, 225.06 W, 63, P2, 0x0000000000000000
2026/08/26 22:34:31.786, 0, 20772 MiB, 82 %, 1950 MHz, 1950 MHz, 227.36 W, 63, P2, 0x0000000000000000
2026/08/26 22:34:32.786, 0, 20772 MiB, 82 %, 1950 MHz, 1950 MHz, 225.56 W, 62, P2, 0x0000000000000000
2026/08/26 22:34:33.786, 0, 20776 MiB, 84 %, 1950 MHz, 1950 MHz, 214.42 W, 63, P2, 0x0000000000000000
2026/08/26 22:34:34.786, 0, 20778 MiB, 99 %, 1950 MHz, 1950 MHz, 200.94 W, 62, P2, 0x0000000000000000
2026/08/26 22:34:35.786, 0, 20778 MiB, 81 %, 1950 MHz, 1950 MHz, 225.99 W, 63, P2, 0x0000000000000000
2026/08/26 22:34:36.786, 0, 20780 MiB, 81 %, 1950 MHz, 1950 MHz, 228.22 W, 63, P2, 0x0000000000000000
2026/08/26 22:34:37.787, 0, 20780 MiB, 78 %, 1950 MHz, 1950 MHz, 230.46 W, 63, P2, 0x0000000000000000
2026/08/26 22:34:38.787, 0, 20780 MiB, 79 %, 1950 MHz, 1950 MHz, 224.92 W, 63, P2, 0x0000000000000000
2026/08/26 22:34:39.787, 0, 20780 MiB, 82 %, 1950 MHz, 1950 MHz, 231.98 W, 63, P2, 0x0000000000000000
2026/08/26 22:34:40.787, 0, 20780 MiB, 80 %, 1950 MHz, 1950 MHz, 231.25 W, 63, P2, 0x0000000000000000
2026/08/26 22:34:41.787, 0, 20780 MiB, 69 %, 1950 MHz, 1950 MHz, 209.79 W, 61, P2, 0x0000000000000000
2026/08/26 22:34:42.787, 0, 20780 MiB, 83 %, 1950 MHz, 1950 MHz, 220.35 W, 63, P2, 0x0000000000000000
2026/08/26 22:34:43.787, 0, 20780 MiB, 80 %, 1950 MHz, 1950 MHz, 226.59 W, 63, P2, 0x0000000000000000
2026/08/26 22:34:44.788, 0, 20780 MiB, 80 %, 1950 MHz, 1950 MHz, 230.38 W, 63, P2, 0x0000000000000000
2026/08/26 22:34:45.788, 0, 20780 MiB, 83 %, 1950 MHz, 1950 MHz, 228.98 W, 63, P2, 0x0000000000000000
2026/08/26 22:34:46.788, 0, 20780 MiB, 85 %, 1950 MHz, 1950 MHz, 225.62 W, 63, P2, 0x0000000000000000
2026/08/26 22:34:47.788, 0, 20780 MiB, 76 %, 1950 MHz, 1950 MHz, 218.70 W, 63, P2, 0x0000000000000000
2026/08/26 22:34:48.788, 0, 20780 MiB, 80 %, 1950 MHz, 1950 MHz, 230.96 W, 64, P2, 0x0000000000000000
2026/08/26 22:34:49.788, 0, 20780 MiB, 88 %, 1950 MHz, 1950 MHz, 218.15 W, 63, P2, 0x0000000000000000
2026/08/26 22:34:50.789, 0, 20780 MiB, 83 %, 1950 MHz, 1950 MHz, 228.22 W, 63, P2, 0x0000000000000000
2026/08/26 22:34:51.789, 0, 20780 MiB, 66 %, 1950 MHz, 1950 MHz, 211.62 W, 63, P2, 0x0000000000000000
2026/08/26 22:34:52.789, 0, 20780 MiB, 83 %, 1950 MHz, 1950 MHz, 224.60 W, 63, P2, 0x0000000000000000
2026/08/26 22:34:53.789, 0, 20780 MiB, 84 %, 1950 MHz, 1950 MHz, 225.67 W, 63, P2, 0x0000000000000000
2026/08/26 22:34:54.789, 0, 20780 MiB, 84 %, 1950 MHz, 1950 MHz, 226.05 W, 63, P2, 0x0000000000000000
2026/08/26 22:34:55.789, 0, 20780 MiB, 79 %, 1950 MHz, 1950 MHz, 226.61 W, 63, P2, 0x0000000000000000
2026/08/26 22:34:56.789, 0, 20780 MiB, 83 %, 1950 MHz, 1950 MHz, 226.65 W, 63, P2, 0x0000000000000000
2026/08/26 22:34:57.790, 0, 20780 MiB, 83 %, 1950 MHz, 1950 MHz, 225.54 W, 63, P2, 0x0000000000000000
2026/08/26 22:34:58.790, 0, 20780 MiB, 81 %, 1950 MHz, 1950 MHz, 225.58 W, 63, P2, 0x0000000000000000
2026/08/26 22:34:59.790, 0, 20780 MiB, 84 %, 1950 MHz, 1950 MHz, 224.88 W, 63, P2, 0x0000000000000000
2026/08/26 22:35:00.790, 0, 20780 MiB, 85 %, 1950 MHz, 1950 MHz, 227.90 W, 63, P2, 0x0000000000000000
2026/08/26 22:35:01.790, 0, 20780 MiB, 82 %, 1950 MHz, 1950 MHz, 228.51 W, 63, P2, 0x0000000000000000
2026/08/26 22:35:02.790, 0, 20780 MiB, 84 %, 1950 MHz, 1950 MHz, 226.04 W, 63, P2, 0x0000000000000000
2026/08/26 22:35:03.791, 0, 20780 MiB, 82 %, 1950 MHz, 1950 MHz, 226.26 W, 63, P2, 0x0000000000000000
2026/08/26 22:35:04.791, 0, 20780 MiB, 84 %, 1950 MHz, 1950 MHz, 226.76 W, 63, P2, 0x0000000000000000
2026/08/26 22:35:05.791, 0, 20780 MiB, 68 %, 1950 MHz, 1950 MHz, 218.52 W, 63, P2, 0x0000000000000000
2026/08/26 22:35:06.791, 0, 402 MiB, 85 %, 1950 MHz, 1950 MHz, 223.91 W, 63, P2, 0x0000000000000000
2026/08/26 22:35:07.791, 0, 346 MiB, 100 %, 1950 MHz, 1950 MHz, 173.86 W, 61, P2, 0x0000000000000000
2026/08/26 22:35:08.791, 0, 346 MiB, 0 %, 1950 MHz, 1950 MHz, 167.53 W, 61, P2, 0x0000000000000000
2026/08/26 22:35:09.792, 0, 346 MiB, 20 %, 1695 MHz, 1695 MHz, 166.45 W, 61, P2, 0x0000000000000000
2026/08/26 22:35:10.792, 0, 346 MiB, 21 %, 1695 MHz, 1695 MHz, 133.85 W, 59, P2, 0x0000000000000000
2026/08/26 22:35:11.792, 0, 19044 MiB, 25 %, 1950 MHz, 1950 MHz, 137.12 W, 60, P2, 0x0000000000000000
2026/08/26 22:35:12.792, 0, 19044 MiB, 99 %, 1950 MHz, 1950 MHz, 165.57 W, 60, P2, 0x0000000000000000
2026/08/26 22:35:13.792, 0, 19044 MiB, 100 %, 1950 MHz, 1950 MHz, 165.53 W, 60, P2, 0x0000000000000000
2026/08/26 22:35:14.792, 0, 19044 MiB, 100 %, 1950 MHz, 1950 MHz, 165.83 W, 60, P2, 0x0000000000000000
2026/08/26 22:35:15.792, 0, 19044 MiB, 100 %, 1950 MHz, 1950 MHz, 165.62 W, 60, P2, 0x0000000000000000
2026/08/26 22:35:16.793, 0, 19044 MiB, 100 %, 1950 MHz, 1950 MHz, 165.36 W, 60, P2, 0x0000000000000000
2026/08/26 22:35:17.793, 0, 19044 MiB, 99 %, 1950 MHz, 1950 MHz, 165.59 W, 60, P2, 0x0000000000000000
2026/08/26 22:35:18.793, 0, 19044 MiB, 100 %, 1950 MHz, 1950 MHz, 165.31 W, 60, P2, 0x0000000000000000
2026/08/26 22:35:19.793, 0, 19044 MiB, 100 %, 1950 MHz, 1950 MHz, 164.99 W, 60, P2, 0x0000000000000000
2026/08/26 22:35:20.793, 0, 19044 MiB, 100 %, 1950 MHz, 1950 MHz, 165.07 W, 60, P2, 0x0000000000000000
2026/08/26 22:35:21.793, 0, 19044 MiB, 99 %, 1950 MHz, 1950 MHz, 164.77 W, 59, P2, 0x0000000000000000
2026/08/26 22:35:22.793, 0, 20188 MiB, 100 %, 1950 MHz, 1950 MHz, 164.48 W, 59, P2, 0x0000000000000000
2026/08/26 22:35:23.794, 0, 22236 MiB, 99 %, 1950 MHz, 1950 MHz, 168.89 W, 59, P2, 0x0000000000000000
2026/08/26 22:35:24.794, 0, 22286 MiB, 70 %, 1950 MHz, 1950 MHz, 243.10 W, 65, P2, 0x0000000000000004
2026/08/26 22:35:25.794, 0, 22286 MiB, 72 %, 1950 MHz, 1950 MHz, 293.33 W, 66, P2, 0x0000000000000004
2026/08/26 22:35:26.794, 0, 22286 MiB, 76 %, 1950 MHz, 1950 MHz, 287.39 W, 66, P2, 0x0000000000000004
2026/08/26 22:35:27.794, 0, 22286 MiB, 74 %, 1950 MHz, 1950 MHz, 327.48 W, 66, P2, 0x0000000000000004
2026/08/26 22:35:28.794, 0, 22288 MiB, 76 %, 1950 MHz, 1950 MHz, 311.79 W, 63, P2, 0x0000000000000004
2026/08/26 22:35:29.794, 0, 22292 MiB, 44 %, 1950 MHz, 1950 MHz, 204.81 W, 61, P2, 0x0000000000000000
2026/08/26 22:35:30.794, 0, 22292 MiB, 78 %, 1950 MHz, 1950 MHz, 284.75 W, 67, P2, 0x0000000000000004
2026/08/26 22:35:31.795, 0, 22292 MiB, 75 %, 1950 MHz, 1950 MHz, 325.25 W, 67, P2, 0x0000000000000004
2026/08/26 22:35:32.795, 0, 22292 MiB, 85 %, 1950 MHz, 1950 MHz, 262.80 W, 67, P2, 0x0000000000000004
2026/08/26 22:35:33.795, 0, 22292 MiB, 76 %, 1950 MHz, 1950 MHz, 293.61 W, 66, P2, 0x0000000000000004
2026/08/26 22:35:34.795, 0, 22292 MiB, 52 %, 1950 MHz, 1950 MHz, 288.84 W, 67, P2, 0x0000000000000004
2026/08/26 22:35:35.795, 0, 22292 MiB, 75 %, 1950 MHz, 1950 MHz, 299.06 W, 67, P2, 0x0000000000000004
2026/08/26 22:35:36.795, 0, 22292 MiB, 77 %, 1935 MHz, 1935 MHz, 327.06 W, 68, P2, 0x0000000000000004
2026/08/26 22:35:37.795, 0, 22292 MiB, 78 %, 1935 MHz, 1935 MHz, 300.77 W, 65, P2, 0x0000000000000004
2026/08/26 22:35:38.796, 0, 85 MiB, 7 %, 1935 MHz, 1935 MHz, 227.25 W, 63, P0, 0x0000000000000000
2026/08/26 22:35:39.905, 0, 346 MiB, 0 %, 1950 MHz, 1950 MHz, 171.76 W, 62, P2, 0x0000000000000000
2026/08/26 22:35:40.905, 0, 346 MiB, 0 %, 1950 MHz, 1950 MHz, 167.16 W, 62, P2, 0x0000000000000000
2026/08/26 22:35:41.905, 0, 346 MiB, 0 %, 1695 MHz, 1695 MHz, 150.46 W, 60, P2, 0x0000000000000000
2026/08/26 22:35:42.905, 0, 18082 MiB, 11 %, 1695 MHz, 1695 MHz, 130.97 W, 60, P2, 0x0000000000000000
2026/08/26 22:35:43.905, 0, 18082 MiB, 100 %, 1950 MHz, 1950 MHz, 153.84 W, 61, P2, 0x0000000000000000
2026/08/26 22:35:44.906, 0, 18082 MiB, 100 %, 1950 MHz, 1950 MHz, 166.57 W, 61, P2, 0x0000000000000000
2026/08/26 22:35:45.906, 0, 18082 MiB, 99 %, 1950 MHz, 1950 MHz, 166.66 W, 61, P2, 0x0000000000000000
2026/08/26 22:35:46.906, 0, 18082 MiB, 100 %, 1950 MHz, 1950 MHz, 166.18 W, 61, P2, 0x0000000000000000
2026/08/26 22:35:47.906, 0, 18082 MiB, 100 %, 1950 MHz, 1950 MHz, 166.46 W, 60, P2, 0x0000000000000000
2026/08/26 22:35:48.906, 0, 18082 MiB, 100 %, 1950 MHz, 1950 MHz, 166.09 W, 60, P2, 0x0000000000000000
2026/08/26 22:35:49.906, 0, 18082 MiB, 99 %, 1950 MHz, 1950 MHz, 165.43 W, 60, P2, 0x0000000000000000
2026/08/26 22:35:50.906, 0, 18082 MiB, 100 %, 1950 MHz, 1950 MHz, 165.70 W, 60, P2, 0x0000000000000000
2026/08/26 22:35:51.907, 0, 18082 MiB, 100 %, 1950 MHz, 1950 MHz, 165.52 W, 60, P2, 0x0000000000000000
2026/08/26 22:35:52.907, 0, 18082 MiB, 100 %, 1950 MHz, 1950 MHz, 165.19 W, 60, P2, 0x0000000000000000
2026/08/26 22:35:53.907, 0, 20636 MiB, 100 %, 1950 MHz, 1950 MHz, 166.85 W, 60, P2, 0x0000000000000000
2026/08/26 22:35:54.907, 0, 21792 MiB, 99 %, 1950 MHz, 1950 MHz, 165.85 W, 59, P2, 0x0000000000000000
2026/08/26 22:35:55.907, 0, 21828 MiB, 70 %, 1950 MHz, 1950 MHz, 239.42 W, 64, P2, 0x0000000000000000
2026/08/26 22:35:56.907, 0, 21828 MiB, 65 %, 1950 MHz, 1950 MHz, 272.41 W, 65, P2, 0x0000000000000004
2026/08/26 22:35:57.907, 0, 21828 MiB, 44 %, 1950 MHz, 1950 MHz, 279.12 W, 66, P2, 0x0000000000000004
2026/08/26 22:35:58.907, 0, 21828 MiB, 73 %, 1950 MHz, 1950 MHz, 316.48 W, 66, P2, 0x0000000000000004
2026/08/26 22:35:59.908, 0, 21828 MiB, 68 %, 1950 MHz, 1950 MHz, 313.89 W, 66, P2, 0x0000000000000004
2026/08/26 22:36:00.908, 0, 21830 MiB, 67 %, 1950 MHz, 1950 MHz, 274.64 W, 65, P2, 0x0000000000000000
2026/08/26 22:36:01.908, 0, 21834 MiB, 99 %, 1950 MHz, 1950 MHz, 196.79 W, 63, P2, 0x0000000000000000
2026/08/26 22:36:02.908, 0, 21834 MiB, 68 %, 1950 MHz, 1950 MHz, 305.65 W, 66, P2, 0x0000000000000004
2026/08/26 22:36:03.908, 0, 21834 MiB, 72 %, 1950 MHz, 1950 MHz, 280.32 W, 63, P2, 0x0000000000000000
2026/08/26 22:36:04.908, 0, 21834 MiB, 70 %, 1950 MHz, 1950 MHz, 255.82 W, 67, P2, 0x0000000000000004
2026/08/26 22:36:05.909, 0, 21834 MiB, 70 %, 1950 MHz, 1950 MHz, 287.15 W, 65, P2, 0x0000000000000004
2026/08/26 22:36:06.909, 0, 21834 MiB, 70 %, 1950 MHz, 1950 MHz, 278.29 W, 66, P2, 0x0000000000000004
2026/08/26 22:36:07.909, 0, 21834 MiB, 53 %, 1950 MHz, 1950 MHz, 285.68 W, 67, P2, 0x0000000000000004
2026/08/26 22:36:08.916, 0, 21834 MiB, 71 %, 1950 MHz, 1950 MHz, 316.75 W, 68, P2, 0x0000000000000004
2026/08/26 22:36:09.917, 0, 21834 MiB, 74 %, 1935 MHz, 1935 MHz, 312.22 W, 68, P2, 0x0000000000000004
2026/08/26 22:36:10.917, 0, 21834 MiB, 59 %, 1935 MHz, 1935 MHz, 282.23 W, 68, P2, 0x0000000000000004
2026/08/26 22:36:11.917, 0, 346 MiB, 100 %, 1935 MHz, 1935 MHz, 214.58 W, 63, P0, 0x0000000000000000
2026/08/26 22:36:13.170, 0, 346 MiB, 0 %, 1950 MHz, 1950 MHz, 169.68 W, 62, P2, 0x0000000000000000
2026/08/26 22:36:14.170, 0, 346 MiB, 0 %, 1950 MHz, 1950 MHz, 167.39 W, 62, P2, 0x0000000000000000
2026/08/26 22:36:15.171, 0, 346 MiB, 0 %, 1695 MHz, 1695 MHz, 151.03 W, 60, P2, 0x0000000000000000
2026/08/26 22:36:16.171, 0, 17618 MiB, 0 %, 1695 MHz, 1695 MHz, 129.97 W, 59, P2, 0x0000000000000000
2026/08/26 22:36:17.171, 0, 17618 MiB, 100 %, 1950 MHz, 1950 MHz, 158.29 W, 61, P2, 0x0000000000000000
2026/08/26 22:36:18.171, 0, 17618 MiB, 100 %, 1950 MHz, 1950 MHz, 167.00 W, 61, P2, 0x0000000000000000
2026/08/26 22:36:19.171, 0, 17618 MiB, 99 %, 1950 MHz, 1950 MHz, 166.52 W, 61, P2, 0x0000000000000000
2026/08/26 22:36:20.172, 0, 17618 MiB, 99 %, 1950 MHz, 1950 MHz, 166.28 W, 61, P2, 0x0000000000000000
2026/08/26 22:36:21.172, 0, 17618 MiB, 100 %, 1950 MHz, 1950 MHz, 166.37 W, 60, P2, 0x0000000000000000
2026/08/26 22:36:22.172, 0, 17618 MiB, 100 %, 1950 MHz, 1950 MHz, 166.01 W, 60, P2, 0x0000000000000000
2026/08/26 22:36:23.172, 0, 17618 MiB, 100 %, 1950 MHz, 1950 MHz, 165.96 W, 60, P2, 0x0000000000000000
2026/08/26 22:36:24.172, 0, 17618 MiB, 99 %, 1950 MHz, 1950 MHz, 166.13 W, 60, P2, 0x0000000000000000
2026/08/26 22:36:25.173, 0, 17618 MiB, 100 %, 1950 MHz, 1950 MHz, 165.46 W, 60, P2, 0x0000000000000000
2026/08/26 22:36:26.173, 0, 18762 MiB, 100 %, 1950 MHz, 1950 MHz, 165.52 W, 60, P2, 0x0000000000000000
2026/08/26 22:36:27.173, 0, 20136 MiB, 0 %, 1950 MHz, 1950 MHz, 165.56 W, 60, P2, 0x0000000000000000
2026/08/26 22:36:28.173, 0, 20276 MiB, 42 %, 1950 MHz, 1950 MHz, 172.16 W, 61, P2, 0x0000000000000000
2026/08/26 22:36:29.173, 0, 20276 MiB, 68 %, 1950 MHz, 1950 MHz, 248.64 W, 61, P2, 0x0000000000000000
2026/08/26 22:36:30.174, 0, 20276 MiB, 65 %, 1950 MHz, 1950 MHz, 253.44 W, 62, P2, 0x0000000000000004
2026/08/26 22:36:31.174, 0, 20276 MiB, 66 %, 1950 MHz, 1950 MHz, 293.31 W, 66, P2, 0x0000000000000004
2026/08/26 22:36:32.174, 0, 20276 MiB, 65 %, 1950 MHz, 1950 MHz, 307.58 W, 66, P2, 0x0000000000000000
2026/08/26 22:36:33.174, 0, 20284 MiB, 70 %, 1950 MHz, 1950 MHz, 275.34 W, 65, P2, 0x0000000000000004
2026/08/26 22:36:34.174, 0, 20288 MiB, 100 %, 1950 MHz, 1950 MHz, 195.45 W, 63, P2, 0x0000000000000000
2026/08/26 22:36:35.174, 0, 20288 MiB, 66 %, 1950 MHz, 1950 MHz, 297.42 W, 66, P2, 0x0000000000000000
2026/08/26 22:36:36.175, 0, 20288 MiB, 69 %, 1950 MHz, 1950 MHz, 306.33 W, 67, P2, 0x0000000000000000
2026/08/26 22:36:37.175, 0, 20288 MiB, 99 %, 1950 MHz, 1950 MHz, 220.09 W, 65, P2, 0x0000000000000000
2026/08/26 22:36:38.175, 0, 20288 MiB, 68 %, 1950 MHz, 1950 MHz, 297.19 W, 64, P2, 0x0000000000000004
2026/08/26 22:36:39.175, 0, 20288 MiB, 63 %, 1950 MHz, 1950 MHz, 261.76 W, 65, P2, 0x0000000000000000
2026/08/26 22:36:40.176, 0, 20288 MiB, 37 %, 1950 MHz, 1950 MHz, 257.86 W, 66, P2, 0x0000000000000000
2026/08/26 22:36:41.176, 0, 20288 MiB, 70 %, 1950 MHz, 1950 MHz, 312.64 W, 67, P2, 0x0000000000000004
2026/08/26 22:36:42.176, 0, 20288 MiB, 70 %, 1950 MHz, 1950 MHz, 313.02 W, 67, P2, 0x0000000000000004
2026/08/26 22:36:43.176, 0, 85 MiB, 61 %, 1950 MHz, 1950 MHz, 246.87 W, 63, P2, 0x0000000000000000
2026/08/26 22:36:44.281, 0, 346 MiB, 0 %, 1950 MHz, 1950 MHz, 175.75 W, 62, P2, 0x0000000000000000
2026/08/26 22:36:45.281, 0, 346 MiB, 0 %, 1950 MHz, 1950 MHz, 167.28 W, 62, P2, 0x0000000000000000
2026/08/26 22:36:46.281, 0, 346 MiB, 6 %, 1695 MHz, 1695 MHz, 163.54 W, 60, P2, 0x0000000000000000
2026/08/26 22:36:47.281, 0, 19362 MiB, 6 %, 1695 MHz, 1695 MHz, 130.33 W, 59, P2, 0x0000000000000000
2026/08/26 22:36:48.281, 0, 19362 MiB, 100 %, 1950 MHz, 1950 MHz, 154.12 W, 61, P2, 0x0000000000000000
2026/08/26 22:36:49.282, 0, 19362 MiB, 100 %, 1950 MHz, 1950 MHz, 166.79 W, 61, P2, 0x0000000000000000
2026/08/26 22:36:50.282, 0, 19362 MiB, 99 %, 1950 MHz, 1950 MHz, 166.26 W, 61, P2, 0x0000000000000000
2026/08/26 22:36:51.282, 0, 19362 MiB, 99 %, 1950 MHz, 1950 MHz, 166.12 W, 60, P2, 0x0000000000000000
2026/08/26 22:36:52.282, 0, 19362 MiB, 100 %, 1950 MHz, 1950 MHz, 165.87 W, 60, P2, 0x0000000000000000
2026/08/26 22:36:53.282, 0, 19362 MiB, 100 %, 1950 MHz, 1950 MHz, 165.54 W, 60, P2, 0x0000000000000000
2026/08/26 22:36:54.283, 0, 19362 MiB, 100 %, 1950 MHz, 1950 MHz, 165.57 W, 60, P2, 0x0000000000000000
2026/08/26 22:36:55.283, 0, 19362 MiB, 99 %, 1950 MHz, 1950 MHz, 165.79 W, 60, P2, 0x0000000000000000
2026/08/26 22:36:56.283, 0, 19362 MiB, 100 %, 1950 MHz, 1950 MHz, 165.23 W, 60, P2, 0x0000000000000000
2026/08/26 22:36:57.283, 0, 19362 MiB, 100 %, 1950 MHz, 1950 MHz, 165.06 W, 60, P2, 0x0000000000000000
2026/08/26 22:36:58.283, 0, 19362 MiB, 100 %, 1950 MHz, 1950 MHz, 165.27 W, 60, P2, 0x0000000000000000
2026/08/26 22:36:59.283, 0, 20744 MiB, 100 %, 1950 MHz, 1950 MHz, 165.47 W, 60, P2, 0x0000000000000000
2026/08/26 22:37:00.284, 0, 20768 MiB, 24 %, 1950 MHz, 1950 MHz, 187.05 W, 61, P2, 0x0000000000000000
2026/08/26 22:37:01.284, 0, 20768 MiB, 84 %, 1950 MHz, 1950 MHz, 223.47 W, 61, P2, 0x0000000000000000
2026/08/26 22:37:02.284, 0, 20768 MiB, 77 %, 1950 MHz, 1950 MHz, 217.26 W, 62, P2, 0x0000000000000000
2026/08/26 22:37:03.284, 0, 20770 MiB, 80 %, 1950 MHz, 1950 MHz, 221.57 W, 62, P2, 0x0000000000000000
2026/08/26 22:37:04.285, 0, 20770 MiB, 83 %, 1950 MHz, 1950 MHz, 223.51 W, 61, P2, 0x0000000000000000
2026/08/26 22:37:05.285, 0, 20770 MiB, 80 %, 1950 MHz, 1950 MHz, 214.03 W, 62, P2, 0x0000000000000000
2026/08/26 22:37:06.285, 0, 20770 MiB, 84 %, 1950 MHz, 1950 MHz, 224.23 W, 62, P2, 0x0000000000000000
2026/08/26 22:37:07.285, 0, 20770 MiB, 82 %, 1950 MHz, 1950 MHz, 224.23 W, 62, P2, 0x0000000000000000
2026/08/26 22:37:08.285, 0, 20770 MiB, 84 %, 1950 MHz, 1950 MHz, 212.20 W, 62, P2, 0x0000000000000000
2026/08/26 22:37:09.286, 0, 20770 MiB, 83 %, 1950 MHz, 1950 MHz, 224.12 W, 62, P2, 0x0000000000000000
2026/08/26 22:37:10.286, 0, 20770 MiB, 81 %, 1950 MHz, 1950 MHz, 224.48 W, 62, P2, 0x0000000000000000
2026/08/26 22:37:11.286, 0, 20770 MiB, 80 %, 1950 MHz, 1950 MHz, 226.55 W, 62, P2, 0x0000000000000000
2026/08/26 22:37:12.286, 0, 20770 MiB, 85 %, 1950 MHz, 1950 MHz, 224.65 W, 63, P2, 0x0000000000000000
2026/08/26 22:37:13.286, 0, 20770 MiB, 81 %, 1950 MHz, 1950 MHz, 226.80 W, 63, P2, 0x0000000000000000
2026/08/26 22:37:14.287, 0, 20770 MiB, 80 %, 1950 MHz, 1950 MHz, 225.59 W, 62, P2, 0x0000000000000000
2026/08/26 22:37:15.287, 0, 20770 MiB, 84 %, 1950 MHz, 1950 MHz, 225.10 W, 63, P2, 0x0000000000000000
2026/08/26 22:37:16.287, 0, 20770 MiB, 84 %, 1950 MHz, 1950 MHz, 224.52 W, 62, P2, 0x0000000000000000
2026/08/26 22:37:17.287, 0, 20770 MiB, 85 %, 1950 MHz, 1950 MHz, 228.25 W, 63, P2, 0x0000000000000000
2026/08/26 22:37:18.288, 0, 20772 MiB, 85 %, 1950 MHz, 1950 MHz, 227.30 W, 63, P2, 0x0000000000000000
2026/08/26 22:37:19.288, 0, 20772 MiB, 81 %, 1950 MHz, 1950 MHz, 228.70 W, 62, P2, 0x0000000000000000
2026/08/26 22:37:20.288, 0, 20772 MiB, 80 %, 1950 MHz, 1950 MHz, 226.04 W, 62, P2, 0x0000000000000000
2026/08/26 22:37:21.288, 0, 20772 MiB, 81 %, 1950 MHz, 1950 MHz, 229.18 W, 62, P2, 0x0000000000000000
2026/08/26 22:37:22.288, 0, 20776 MiB, 59 %, 1950 MHz, 1950 MHz, 212.51 W, 62, P2, 0x0000000000000004
2026/08/26 22:37:23.288, 0, 20778 MiB, 69 %, 1950 MHz, 1950 MHz, 205.16 W, 62, P2, 0x0000000000000000
2026/08/26 22:37:24.289, 0, 20778 MiB, 84 %, 1950 MHz, 1950 MHz, 223.58 W, 62, P2, 0x0000000000000000
2026/08/26 22:37:25.289, 0, 20780 MiB, 83 %, 1950 MHz, 1950 MHz, 226.74 W, 62, P2, 0x0000000000000000
2026/08/26 22:37:26.289, 0, 20780 MiB, 81 %, 1950 MHz, 1950 MHz, 230.34 W, 63, P2, 0x0000000000000000
2026/08/26 22:37:27.289, 0, 20780 MiB, 84 %, 1950 MHz, 1950 MHz, 225.41 W, 62, P2, 0x0000000000000000
2026/08/26 22:37:28.289, 0, 20780 MiB, 79 %, 1950 MHz, 1950 MHz, 230.36 W, 63, P2, 0x0000000000000000
2026/08/26 22:37:29.289, 0, 20780 MiB, 84 %, 1950 MHz, 1950 MHz, 230.20 W, 63, P2, 0x0000000000000000
2026/08/26 22:37:30.290, 0, 20780 MiB, 82 %, 1950 MHz, 1950 MHz, 223.94 W, 63, P2, 0x0000000000000004
2026/08/26 22:37:31.290, 0, 20780 MiB, 73 %, 1950 MHz, 1950 MHz, 207.96 W, 62, P2, 0x0000000000000000
2026/08/26 22:37:32.290, 0, 20780 MiB, 82 %, 1950 MHz, 1950 MHz, 226.24 W, 63, P2, 0x0000000000000000
2026/08/26 22:37:33.290, 0, 20780 MiB, 85 %, 1950 MHz, 1950 MHz, 229.52 W, 63, P2, 0x0000000000000004
2026/08/26 22:37:34.290, 0, 20780 MiB, 79 %, 1950 MHz, 1950 MHz, 228.13 W, 63, P2, 0x0000000000000000
2026/08/26 22:37:35.290, 0, 20780 MiB, 79 %, 1950 MHz, 1950 MHz, 225.13 W, 63, P2, 0x0000000000000000
2026/08/26 22:37:36.291, 0, 20780 MiB, 67 %, 1950 MHz, 1950 MHz, 221.50 W, 64, P2, 0x0000000000000004
2026/08/26 22:37:37.291, 0, 20780 MiB, 84 %, 1950 MHz, 1950 MHz, 231.66 W, 63, P2, 0x0000000000000000
2026/08/26 22:37:38.291, 0, 20780 MiB, 69 %, 1950 MHz, 1950 MHz, 217.30 W, 63, P2, 0x0000000000000000
2026/08/26 22:37:39.291, 0, 20780 MiB, 84 %, 1950 MHz, 1950 MHz, 225.08 W, 64, P2, 0x0000000000000000
2026/08/26 22:37:40.291, 0, 20780 MiB, 29 %, 1950 MHz, 1950 MHz, 217.12 W, 62, P2, 0x0000000000000000
2026/08/26 22:37:41.291, 0, 20780 MiB, 80 %, 1950 MHz, 1950 MHz, 226.06 W, 63, P2, 0x0000000000000000
2026/08/26 22:37:42.292, 0, 20780 MiB, 84 %, 1950 MHz, 1950 MHz, 225.43 W, 63, P2, 0x0000000000000000
2026/08/26 22:37:43.292, 0, 20780 MiB, 81 %, 1950 MHz, 1950 MHz, 227.35 W, 63, P2, 0x0000000000000004
2026/08/26 22:37:44.292, 0, 20780 MiB, 84 %, 1950 MHz, 1950 MHz, 227.18 W, 63, P2, 0x0000000000000000
2026/08/26 22:37:45.292, 0, 20780 MiB, 84 %, 1950 MHz, 1950 MHz, 227.10 W, 63, P2, 0x0000000000000000
2026/08/26 22:37:46.292, 0, 20780 MiB, 83 %, 1950 MHz, 1950 MHz, 224.09 W, 63, P2, 0x0000000000000000
2026/08/26 22:37:47.292, 0, 20780 MiB, 80 %, 1950 MHz, 1950 MHz, 224.62 W, 63, P2, 0x0000000000000000
2026/08/26 22:37:48.293, 0, 20780 MiB, 83 %, 1950 MHz, 1950 MHz, 224.14 W, 63, P2, 0x0000000000000000
2026/08/26 22:37:49.293, 0, 20780 MiB, 84 %, 1950 MHz, 1950 MHz, 225.34 W, 63, P2, 0x0000000000000000
2026/08/26 22:37:50.293, 0, 20780 MiB, 82 %, 1950 MHz, 1950 MHz, 226.60 W, 63, P2, 0x0000000000000000
2026/08/26 22:37:51.293, 0, 20780 MiB, 81 %, 1950 MHz, 1950 MHz, 226.80 W, 63, P2, 0x0000000000000000
2026/08/26 22:37:52.293, 0, 20780 MiB, 78 %, 1950 MHz, 1950 MHz, 226.43 W, 64, P2, 0x0000000000000000
2026/08/26 22:37:53.294, 0, 20780 MiB, 82 %, 1950 MHz, 1950 MHz, 227.10 W, 63, P2, 0x0000000000000000
2026/08/26 22:37:54.294, 0, 20780 MiB, 68 %, 1950 MHz, 1950 MHz, 219.32 W, 63, P2, 0x0000000000000000
2026/08/26 22:37:55.294, 0, 402 MiB, 85 %, 1950 MHz, 1950 MHz, 224.91 W, 63, P2, 0x0000000000000000
2026/08/26 22:37:56.294, 0, 346 MiB, 100 %, 1950 MHz, 1950 MHz, 184.30 W, 62, P0, 0x0000000000000000
2026/08/26 22:37:57.294, 0, 346 MiB, 0 %, 1950 MHz, 1950 MHz, 167.92 W, 61, P2, 0x0000000000000000
2026/08/26 22:37:58.295, 0, 346 MiB, 7 %, 1950 MHz, 1950 MHz, 165.73 W, 61, P2, 0x0000000000000000
2026/08/26 22:37:59.295, 0, 20144 MiB, 8 %, 1695 MHz, 1695 MHz, 146.06 W, 59, P2, 0x0000000000000000
2026/08/26 22:38:00.295, 0, 20144 MiB, 100 %, 1950 MHz, 1950 MHz, 142.47 W, 60, P2, 0x0000000000000000
2026/08/26 22:38:01.295, 0, 20144 MiB, 100 %, 1950 MHz, 1950 MHz, 165.59 W, 60, P2, 0x0000000000000000
2026/08/26 22:38:02.295, 0, 20144 MiB, 99 %, 1950 MHz, 1950 MHz, 165.30 W, 60, P2, 0x0000000000000000
2026/08/26 22:38:03.296, 0, 20144 MiB, 100 %, 1950 MHz, 1950 MHz, 165.07 W, 60, P2, 0x0000000000000000
2026/08/26 22:38:04.296, 0, 20144 MiB, 100 %, 1950 MHz, 1950 MHz, 164.92 W, 60, P2, 0x0000000000000000
2026/08/26 22:38:05.296, 0, 20144 MiB, 100 %, 1950 MHz, 1950 MHz, 164.89 W, 60, P2, 0x0000000000000000
2026/08/26 22:38:06.296, 0, 20144 MiB, 99 %, 1950 MHz, 1950 MHz, 164.97 W, 60, P2, 0x0000000000000000
2026/08/26 22:38:07.296, 0, 20144 MiB, 100 %, 1950 MHz, 1950 MHz, 164.43 W, 60, P2, 0x0000000000000000
2026/08/26 22:38:08.297, 0, 20144 MiB, 100 %, 1950 MHz, 1950 MHz, 164.23 W, 60, P2, 0x0000000000000000
2026/08/26 22:38:09.297, 0, 20144 MiB, 100 %, 1950 MHz, 1950 MHz, 164.74 W, 60, P2, 0x0000000000000000
2026/08/26 22:38:10.297, 0, 20144 MiB, 99 %, 1950 MHz, 1950 MHz, 164.25 W, 59, P2, 0x0000000000000000
2026/08/26 22:38:11.297, 0, 20800 MiB, 99 %, 1950 MHz, 1950 MHz, 163.99 W, 59, P2, 0x0000000000000000
2026/08/26 22:38:12.297, 0, 20816 MiB, 28 %, 1950 MHz, 1950 MHz, 180.39 W, 63, P2, 0x0000000000000000
2026/08/26 22:38:13.297, 0, 20816 MiB, 73 %, 1950 MHz, 1950 MHz, 283.73 W, 63, P2, 0x0000000000000004
2026/08/26 22:38:14.297, 0, 20816 MiB, 78 %, 1950 MHz, 1950 MHz, 294.14 W, 66, P2, 0x0000000000000000
2026/08/26 22:38:15.298, 0, 20816 MiB, 78 %, 1950 MHz, 1950 MHz, 285.07 W, 66, P2, 0x0000000000000004
2026/08/26 22:38:16.298, 0, 20816 MiB, 78 %, 1950 MHz, 1950 MHz, 326.07 W, 67, P2, 0x0000000000000004
2026/08/26 22:38:17.298, 0, 20820 MiB, 79 %, 1950 MHz, 1950 MHz, 307.05 W, 63, P2, 0x0000000000000004
2026/08/26 22:38:18.298, 0, 20824 MiB, 40 %, 1950 MHz, 1950 MHz, 225.68 W, 65, P2, 0x0000000000000000
2026/08/26 22:38:19.298, 0, 20824 MiB, 77 %, 1950 MHz, 1950 MHz, 325.54 W, 67, P2, 0x0000000000000004
2026/08/26 22:38:20.299, 0, 20824 MiB, 74 %, 1950 MHz, 1950 MHz, 328.88 W, 68, P2, 0x0000000000000004
2026/08/26 22:38:21.299, 0, 20824 MiB, 49 %, 1935 MHz, 1935 MHz, 266.23 W, 66, P2, 0x0000000000000024
2026/08/26 22:38:22.299, 0, 20824 MiB, 77 %, 1935 MHz, 1935 MHz, 319.71 W, 68, P2, 0x0000000000000000
2026/08/26 22:38:23.299, 0, 20824 MiB, 74 %, 1935 MHz, 1935 MHz, 292.90 W, 68, P2, 0x0000000000000000
2026/08/26 22:38:24.299, 0, 20824 MiB, 65 %, 1935 MHz, 1935 MHz, 279.12 W, 65, P2, 0x0000000000000000
2026/08/26 22:38:25.299, 0, 20824 MiB, 76 %, 1935 MHz, 1935 MHz, 304.27 W, 68, P2, 0x0000000000000000
2026/08/26 22:38:26.299, 0, 20824 MiB, 78 %, 1935 MHz, 1935 MHz, 326.64 W, 69, P2, 0x0000000000000004
2026/08/26 22:38:27.300, 0, 392 MiB, 79 %, 1935 MHz, 1935 MHz, 289.45 W, 67, P2, 0x0000000000000000
2026/08/26 22:38:28.300, 0, 346 MiB, 100 %, 1935 MHz, 1935 MHz, 212.26 W, 63, P0, 0x0000000000000000
2026/08/26 22:38:29.300, 0, 346 MiB, 0 %, 1950 MHz, 1950 MHz, 168.94 W, 62, P2, 0x0000000000000000
2026/08/26 22:38:30.300, 0, 346 MiB, 0 %, 1950 MHz, 1950 MHz, 168.46 W, 62, P2, 0x0000000000000000
2026/08/26 22:38:31.300, 0, 346 MiB, 38 %, 1695 MHz, 1695 MHz, 148.64 W, 60, P2, 0x0000000000000000
2026/08/26 22:38:32.301, 0, 18082 MiB, 0 %, 1695 MHz, 1695 MHz, 130.85 W, 60, P2, 0x0000000000000000
2026/08/26 22:38:33.301, 0, 18082 MiB, 100 %, 1950 MHz, 1950 MHz, 158.50 W, 61, P2, 0x0000000000000000
2026/08/26 22:38:34.301, 0, 18082 MiB, 100 %, 1950 MHz, 1950 MHz, 166.59 W, 61, P2, 0x0000000000000000
2026/08/26 22:38:35.301, 0, 18082 MiB, 100 %, 1950 MHz, 1950 MHz, 166.90 W, 61, P2, 0x0000000000000000
2026/08/26 22:38:36.301, 0, 18082 MiB, 100 %, 1950 MHz, 1950 MHz, 166.34 W, 61, P2, 0x0000000000000000
2026/08/26 22:38:37.301, 0, 18082 MiB, 99 %, 1950 MHz, 1950 MHz, 166.29 W, 61, P2, 0x0000000000000000
2026/08/26 22:38:38.301, 0, 18082 MiB, 100 %, 1950 MHz, 1950 MHz, 166.53 W, 60, P2, 0x0000000000000000
2026/08/26 22:38:39.302, 0, 18082 MiB, 100 %, 1950 MHz, 1950 MHz, 165.92 W, 60, P2, 0x0000000000000000
2026/08/26 22:38:40.302, 0, 18082 MiB, 100 %, 1950 MHz, 1950 MHz, 165.91 W, 60, P2, 0x0000000000000000
2026/08/26 22:38:41.302, 0, 18082 MiB, 99 %, 1950 MHz, 1950 MHz, 165.78 W, 60, P2, 0x0000000000000000
2026/08/26 22:38:42.302, 0, 18082 MiB, 100 %, 1950 MHz, 1950 MHz, 165.37 W, 60, P2, 0x0000000000000000
2026/08/26 22:38:43.302, 0, 20636 MiB, 100 %, 1950 MHz, 1950 MHz, 167.08 W, 60, P2, 0x0000000000000000
2026/08/26 22:38:44.302, 0, 21828 MiB, 99 %, 1950 MHz, 1950 MHz, 171.80 W, 60, P2, 0x0000000000000000
2026/08/26 22:38:45.302, 0, 21828 MiB, 57 %, 1950 MHz, 1950 MHz, 257.49 W, 65, P2, 0x0000000000000000
2026/08/26 22:38:46.302, 0, 21828 MiB, 71 %, 1950 MHz, 1950 MHz, 281.39 W, 63, P2, 0x0000000000000000
2026/08/26 22:38:47.303, 0, 21828 MiB, 68 %, 1950 MHz, 1950 MHz, 279.47 W, 66, P2, 0x0000000000000004
2026/08/26 22:38:48.303, 0, 21828 MiB, 69 %, 1950 MHz, 1950 MHz, 314.12 W, 66, P2, 0x0000000000000004
2026/08/26 22:38:49.303, 0, 21830 MiB, 66 %, 1950 MHz, 1950 MHz, 312.57 W, 66, P2, 0x0000000000000004
2026/08/26 22:38:50.303, 0, 21834 MiB, 74 %, 1950 MHz, 1950 MHz, 254.33 W, 65, P2, 0x0000000000000004
2026/08/26 22:38:51.303, 0, 21834 MiB, 99 %, 1950 MHz, 1950 MHz, 217.79 W, 66, P2, 0x0000000000000000
2026/08/26 22:38:52.303, 0, 21834 MiB, 70 %, 1950 MHz, 1950 MHz, 307.65 W, 67, P2, 0x0000000000000004
2026/08/26 22:38:53.304, 0, 21834 MiB, 31 %, 1950 MHz, 1950 MHz, 244.94 W, 62, P2, 0x0000000000000000
2026/08/26 22:38:54.304, 0, 21834 MiB, 67 %, 1950 MHz, 1950 MHz, 272.73 W, 66, P2, 0x0000000000000004
2026/08/26 22:38:55.304, 0, 21834 MiB, 70 %, 1950 MHz, 1950 MHz, 289.59 W, 66, P2, 0x0000000000000004
2026/08/26 22:38:56.304, 0, 21834 MiB, 64 %, 1950 MHz, 1950 MHz, 280.44 W, 67, P2, 0x0000000000000004
2026/08/26 22:38:57.304, 0, 21834 MiB, 70 %, 1950 MHz, 1950 MHz, 285.55 W, 67, P2, 0x0000000000000004
2026/08/26 22:38:58.305, 0, 21834 MiB, 69 %, 1935 MHz, 1935 MHz, 315.63 W, 67, P2, 0x0000000000000004
2026/08/26 22:38:59.305, 0, 21834 MiB, 73 %, 1935 MHz, 1935 MHz, 315.50 W, 68, P2, 0x0000000000000004
2026/08/26 22:39:00.305, 0, 82 MiB, 62 %, 1935 MHz, 1935 MHz, 267.68 W, 66, P2, 0x0000000000000000
2026/08/26 22:39:01.340, 0, 346 MiB, 100 %, 1935 MHz, 1935 MHz, 172.52 W, 63, P2, 0x0000000000000024
2026/08/26 22:39:02.341, 0, 346 MiB, 0 %, 1950 MHz, 1950 MHz, 167.75 W, 62, P2, 0x0000000000000000
2026/08/26 22:39:03.341, 0, 346 MiB, 1 %, 1695 MHz, 1695 MHz, 166.45 W, 62, P2, 0x0000000000000000
2026/08/26 22:39:04.341, 0, 17618 MiB, 0 %, 1695 MHz, 1695 MHz, 135.55 W, 60, P2, 0x0000000000000000
2026/08/26 22:39:05.341, 0, 17618 MiB, 100 %, 1950 MHz, 1950 MHz, 140.74 W, 61, P2, 0x0000000000000000
2026/08/26 22:39:06.341, 0, 17618 MiB, 100 %, 1950 MHz, 1950 MHz, 165.42 W, 61, P2, 0x0000000000000000
2026/08/26 22:39:07.342, 0, 17618 MiB, 100 %, 1950 MHz, 1950 MHz, 166.02 W, 61, P2, 0x0000000000000000
2026/08/26 22:39:08.342, 0, 17618 MiB, 99 %, 1950 MHz, 1950 MHz, 165.22 W, 60, P2, 0x0000000000000000
2026/08/26 22:39:09.342, 0, 17618 MiB, 100 %, 1950 MHz, 1950 MHz, 165.68 W, 60, P2, 0x0000000000000000
2026/08/26 22:39:10.342, 0, 17618 MiB, 100 %, 1950 MHz, 1950 MHz, 165.44 W, 60, P2, 0x0000000000000000
2026/08/26 22:39:11.342, 0, 17618 MiB, 100 %, 1950 MHz, 1950 MHz, 165.08 W, 60, P2, 0x0000000000000000
2026/08/26 22:39:12.343, 0, 17618 MiB, 99 %, 1950 MHz, 1950 MHz, 165.10 W, 60, P2, 0x0000000000000000
2026/08/26 22:39:13.343, 0, 17618 MiB, 99 %, 1950 MHz, 1950 MHz, 164.79 W, 60, P2, 0x0000000000000000
2026/08/26 22:39:14.343, 0, 17618 MiB, 100 %, 1950 MHz, 1950 MHz, 164.80 W, 60, P2, 0x0000000000000000
2026/08/26 22:39:15.343, 0, 20136 MiB, 100 %, 1950 MHz, 1950 MHz, 165.68 W, 60, P2, 0x0000000000000000
2026/08/26 22:39:16.344, 0, 20248 MiB, 100 %, 1950 MHz, 1950 MHz, 165.87 W, 60, P2, 0x0000000000000000
2026/08/26 22:39:17.344, 0, 20276 MiB, 0 %, 1950 MHz, 1950 MHz, 197.15 W, 62, P2, 0x0000000000000000
2026/08/26 22:39:18.344, 0, 20276 MiB, 69 %, 1950 MHz, 1950 MHz, 245.82 W, 64, P2, 0x0000000000000000
2026/08/26 22:39:19.344, 0, 20276 MiB, 67 %, 1950 MHz, 1950 MHz, 273.65 W, 65, P2, 0x0000000000000004
2026/08/26 22:39:20.345, 0, 20276 MiB, 68 %, 1950 MHz, 1950 MHz, 308.97 W, 65, P2, 0x0000000000000000
2026/08/26 22:39:21.345, 0, 20280 MiB, 70 %, 1950 MHz, 1950 MHz, 307.72 W, 66, P2, 0x0000000000000000
2026/08/26 22:39:22.345, 0, 20284 MiB, 56 %, 1815 MHz, 1815 MHz, 250.87 W, 62, P2, 0x0000000000000004
2026/08/26 22:39:23.345, 0, 20288 MiB, 99 %, 1950 MHz, 1950 MHz, 221.13 W, 66, P2, 0x0000000000000000
2026/08/26 22:39:24.345, 0, 20288 MiB, 69 %, 1950 MHz, 1950 MHz, 309.76 W, 66, P2, 0x0000000000000000
2026/08/26 22:39:25.346, 0, 20288 MiB, 69 %, 1950 MHz, 1950 MHz, 261.95 W, 62, P2, 0x0000000000000004
2026/08/26 22:39:26.346, 0, 20288 MiB, 67 %, 1950 MHz, 1950 MHz, 243.91 W, 66, P2, 0x0000000000000000
2026/08/26 22:39:27.346, 0, 20288 MiB, 69 %, 1950 MHz, 1950 MHz, 283.16 W, 66, P2, 0x0000000000000000
2026/08/26 22:39:28.346, 0, 20288 MiB, 42 %, 1950 MHz, 1950 MHz, 279.03 W, 65, P2, 0x0000000000000004
2026/08/26 22:39:29.346, 0, 20288 MiB, 70 %, 1950 MHz, 1950 MHz, 281.18 W, 67, P2, 0x0000000000000000
2026/08/26 22:39:30.347, 0, 20288 MiB, 69 %, 1950 MHz, 1950 MHz, 312.97 W, 67, P2, 0x0000000000000004
2026/08/26 22:39:31.347, 0, 394 MiB, 68 %, 1950 MHz, 1950 MHz, 285.16 W, 66, P2, 0x0000000000000000
2026/08/26 22:39:32.347, 0, 346 MiB, 100 %, 1950 MHz, 1950 MHz, 213.09 W, 62, P0, 0x0000000000000000
2026/08/26 22:39:33.347, 0, 346 MiB, 0 %, 1950 MHz, 1950 MHz, 168.95 W, 62, P2, 0x0000000000000000
2026/08/26 22:39:34.348, 0, 598 MiB, 0 %, 1950 MHz, 1950 MHz, 166.10 W, 61, P2, 0x0000000000000000
2026/08/26 22:39:35.348, 0, 346 MiB, 6 %, 1695 MHz, 1695 MHz, 141.23 W, 59, P2, 0x0000000000000000
2026/08/26 22:39:36.348, 0, 19362 MiB, 23 %, 1950 MHz, 1950 MHz, 133.91 W, 60, P2, 0x0000000000000000
2026/08/26 22:39:37.348, 0, 19362 MiB, 99 %, 1950 MHz, 1950 MHz, 165.28 W, 60, P2, 0x0000000000000000
2026/08/26 22:39:38.348, 0, 19362 MiB, 99 %, 1950 MHz, 1950 MHz, 165.97 W, 60, P2, 0x0000000000000000
2026/08/26 22:39:39.349, 0, 19362 MiB, 100 %, 1950 MHz, 1950 MHz, 165.27 W, 60, P2, 0x0000000000000000
2026/08/26 22:39:40.349, 0, 19362 MiB, 100 %, 1950 MHz, 1950 MHz, 165.89 W, 60, P2, 0x0000000000000000
2026/08/26 22:39:41.349, 0, 19362 MiB, 100 %, 1950 MHz, 1950 MHz, 165.32 W, 60, P2, 0x0000000000000000
2026/08/26 22:39:42.349, 0, 19362 MiB, 99 %, 1950 MHz, 1950 MHz, 164.87 W, 60, P2, 0x0000000000000000
2026/08/26 22:39:43.349, 0, 19362 MiB, 100 %, 1950 MHz, 1950 MHz, 165.08 W, 60, P2, 0x0000000000000000
2026/08/26 22:39:44.349, 0, 19362 MiB, 100 %, 1950 MHz, 1950 MHz, 164.71 W, 60, P2, 0x0000000000000000
2026/08/26 22:39:45.350, 0, 19362 MiB, 100 %, 1950 MHz, 1950 MHz, 165.23 W, 60, P2, 0x0000000000000000
2026/08/26 22:39:46.350, 0, 19362 MiB, 99 %, 1950 MHz, 1950 MHz, 164.83 W, 60, P2, 0x0000000000000000
2026/08/26 22:39:47.350, 0, 20004 MiB, 100 %, 1950 MHz, 1950 MHz, 164.07 W, 60, P2, 0x0000000000000000
2026/08/26 22:39:48.350, 0, 20768 MiB, 11 %, 1950 MHz, 1950 MHz, 166.33 W, 59, P2, 0x0000000000000000
2026/08/26 22:39:49.350, 0, 20768 MiB, 83 %, 1950 MHz, 1950 MHz, 213.43 W, 62, P2, 0x0000000000000000
2026/08/26 22:39:50.351, 0, 20768 MiB, 80 %, 1950 MHz, 1950 MHz, 218.57 W, 61, P2, 0x0000000000000000
2026/08/26 22:39:51.351, 0, 20768 MiB, 79 %, 1950 MHz, 1950 MHz, 225.31 W, 61, P2, 0x0000000000000000
2026/08/26 22:39:52.351, 0, 20770 MiB, 82 %, 1950 MHz, 1950 MHz, 221.13 W, 62, P2, 0x0000000000000000
2026/08/26 22:39:53.351, 0, 20770 MiB, 32 %, 1950 MHz, 1950 MHz, 215.09 W, 62, P2, 0x0000000000000000
2026/08/26 22:39:54.351, 0, 20770 MiB, 85 %, 1950 MHz, 1950 MHz, 224.50 W, 62, P2, 0x0000000000000000
2026/08/26 22:39:55.351, 0, 20770 MiB, 81 %, 1950 MHz, 1950 MHz, 225.16 W, 61, P2, 0x0000000000000000
2026/08/26 22:39:56.352, 0, 20770 MiB, 84 %, 1950 MHz, 1950 MHz, 224.42 W, 62, P2, 0x0000000000000000
2026/08/26 22:39:57.352, 0, 20770 MiB, 77 %, 1950 MHz, 1950 MHz, 212.27 W, 62, P2, 0x0000000000000000
2026/08/26 22:39:58.352, 0, 20770 MiB, 85 %, 1950 MHz, 1950 MHz, 222.86 W, 62, P2, 0x0000000000000000
2026/08/26 22:39:59.352, 0, 20770 MiB, 81 %, 1950 MHz, 1950 MHz, 222.35 W, 62, P2, 0x0000000000000000
2026/08/26 22:40:00.352, 0, 20770 MiB, 82 %, 1950 MHz, 1950 MHz, 220.59 W, 62, P2, 0x0000000000000000
2026/08/26 22:40:01.352, 0, 20770 MiB, 84 %, 1950 MHz, 1950 MHz, 222.29 W, 62, P2, 0x0000000000000000
2026/08/26 22:40:02.353, 0, 20770 MiB, 82 %, 1950 MHz, 1950 MHz, 224.62 W, 62, P2, 0x0000000000000000
2026/08/26 22:40:03.353, 0, 20770 MiB, 84 %, 1950 MHz, 1950 MHz, 222.18 W, 62, P2, 0x0000000000000000
2026/08/26 22:40:04.353, 0, 20770 MiB, 82 %, 1950 MHz, 1950 MHz, 221.81 W, 62, P2, 0x0000000000000000
2026/08/26 22:40:05.353, 0, 20770 MiB, 85 %, 1950 MHz, 1950 MHz, 223.78 W, 62, P2, 0x0000000000000000
2026/08/26 22:40:06.353, 0, 20770 MiB, 84 %, 1950 MHz, 1950 MHz, 228.34 W, 63, P2, 0x0000000000000000
2026/08/26 22:40:07.354, 0, 20772 MiB, 82 %, 1950 MHz, 1950 MHz, 224.07 W, 62, P2, 0x0000000000000000
2026/08/26 22:40:08.354, 0, 20772 MiB, 84 %, 1950 MHz, 1950 MHz, 224.00 W, 63, P2, 0x0000000000000000
2026/08/26 22:40:09.354, 0, 20772 MiB, 83 %, 1950 MHz, 1950 MHz, 224.00 W, 62, P2, 0x0000000000000000
2026/08/26 22:40:10.354, 0, 20772 MiB, 84 %, 1950 MHz, 1950 MHz, 212.68 W, 61, P2, 0x0000000000000000
2026/08/26 22:40:11.354, 0, 20776 MiB, 83 %, 1950 MHz, 1950 MHz, 216.66 W, 61, P2, 0x0000000000000000
2026/08/26 22:40:12.355, 0, 20778 MiB, 82 %, 1950 MHz, 1950 MHz, 204.44 W, 62, P2, 0x0000000000000000
2026/08/26 22:40:13.355, 0, 20778 MiB, 82 %, 1950 MHz, 1950 MHz, 226.26 W, 62, P2, 0x0000000000000000
2026/08/26 22:40:14.355, 0, 20780 MiB, 81 %, 1950 MHz, 1950 MHz, 228.17 W, 62, P2, 0x0000000000000000
2026/08/26 22:40:15.355, 0, 20780 MiB, 80 %, 1950 MHz, 1950 MHz, 230.60 W, 62, P2, 0x0000000000000000
2026/08/26 22:40:16.356, 0, 20780 MiB, 79 %, 1950 MHz, 1950 MHz, 229.79 W, 63, P2, 0x0000000000000004
2026/08/26 22:40:17.356, 0, 20780 MiB, 85 %, 1950 MHz, 1950 MHz, 230.98 W, 63, P2, 0x0000000000000000
2026/08/26 22:40:18.356, 0, 20780 MiB, 83 %, 1950 MHz, 1950 MHz, 231.94 W, 63, P2, 0x0000000000000000
2026/08/26 22:40:19.356, 0, 20780 MiB, 63 %, 1950 MHz, 1950 MHz, 207.57 W, 62, P2, 0x0000000000000000
2026/08/26 22:40:20.356, 0, 20780 MiB, 80 %, 1950 MHz, 1950 MHz, 226.18 W, 62, P2, 0x0000000000000000
2026/08/26 22:40:21.357, 0, 20780 MiB, 81 %, 1950 MHz, 1950 MHz, 227.99 W, 63, P2, 0x0000000000000000
2026/08/26 22:40:22.357, 0, 20780 MiB, 80 %, 1950 MHz, 1950 MHz, 229.86 W, 63, P2, 0x0000000000000000
2026/08/26 22:40:23.357, 0, 20780 MiB, 84 %, 1950 MHz, 1950 MHz, 228.57 W, 63, P2, 0x0000000000000000
2026/08/26 22:40:24.357, 0, 20780 MiB, 84 %, 1950 MHz, 1950 MHz, 222.33 W, 63, P2, 0x0000000000000000
2026/08/26 22:40:25.357, 0, 20780 MiB, 82 %, 1950 MHz, 1950 MHz, 218.80 W, 63, P2, 0x0000000000000000
2026/08/26 22:40:26.358, 0, 20780 MiB, 78 %, 1950 MHz, 1950 MHz, 227.52 W, 63, P2, 0x0000000000000000
2026/08/26 22:40:27.358, 0, 20780 MiB, 82 %, 1950 MHz, 1950 MHz, 217.23 W, 63, P2, 0x0000000000000000
2026/08/26 22:40:28.358, 0, 20780 MiB, 83 %, 1950 MHz, 1950 MHz, 227.82 W, 63, P2, 0x0000000000000000
2026/08/26 22:40:29.358, 0, 20780 MiB, 81 %, 1950 MHz, 1950 MHz, 215.35 W, 63, P2, 0x0000000000000000
2026/08/26 22:40:30.358, 0, 20780 MiB, 84 %, 1950 MHz, 1950 MHz, 225.78 W, 63, P2, 0x0000000000000000
2026/08/26 22:40:31.359, 0, 20780 MiB, 82 %, 1950 MHz, 1950 MHz, 224.81 W, 63, P2, 0x0000000000000000
2026/08/26 22:40:32.359, 0, 20780 MiB, 78 %, 1950 MHz, 1950 MHz, 227.58 W, 63, P2, 0x0000000000000000
2026/08/26 22:40:33.359, 0, 20780 MiB, 82 %, 1950 MHz, 1950 MHz, 227.67 W, 63, P2, 0x0000000000000000
2026/08/26 22:40:34.359, 0, 20780 MiB, 78 %, 1950 MHz, 1950 MHz, 226.39 W, 63, P2, 0x0000000000000000
2026/08/26 22:40:35.360, 0, 20780 MiB, 82 %, 1950 MHz, 1950 MHz, 225.71 W, 63, P2, 0x0000000000000000
2026/08/26 22:40:36.360, 0, 20780 MiB, 84 %, 1950 MHz, 1950 MHz, 224.44 W, 63, P2, 0x0000000000000000
2026/08/26 22:40:37.360, 0, 20780 MiB, 85 %, 1950 MHz, 1950 MHz, 225.77 W, 62, P2, 0x0000000000000000
2026/08/26 22:40:38.360, 0, 20780 MiB, 83 %, 1950 MHz, 1950 MHz, 227.20 W, 63, P2, 0x0000000000000000
2026/08/26 22:40:39.360, 0, 20780 MiB, 81 %, 1950 MHz, 1950 MHz, 227.95 W, 63, P2, 0x0000000000000000
2026/08/26 22:40:40.361, 0, 20780 MiB, 81 %, 1950 MHz, 1950 MHz, 228.49 W, 63, P2, 0x0000000000000000
2026/08/26 22:40:41.361, 0, 20780 MiB, 85 %, 1950 MHz, 1950 MHz, 225.98 W, 63, P2, 0x0000000000000000
2026/08/26 22:40:42.361, 0, 20780 MiB, 82 %, 1950 MHz, 1950 MHz, 225.78 W, 63, P2, 0x0000000000000000
2026/08/26 22:40:43.361, 0, 20780 MiB, 82 %, 1950 MHz, 1950 MHz, 219.99 W, 63, P2, 0x0000000000000000
2026/08/26 22:40:44.361, 0, 82 MiB, 85 %, 1950 MHz, 1950 MHz, 217.23 W, 62, P2, 0x0000000000000000
2026/08/26 22:40:45.362, 0, 346 MiB, 85 %, 1950 MHz, 1950 MHz, 173.22 W, 61, P2, 0x0000000000000000
2026/08/26 22:40:46.362, 0, 346 MiB, 0 %, 1950 MHz, 1950 MHz, 166.25 W, 61, P2, 0x0000000000000000
2026/08/26 22:40:47.362, 0, 346 MiB, 0 %, 1695 MHz, 1695 MHz, 165.27 W, 60, P2, 0x0000000000000000
2026/08/26 22:40:48.362, 0, 20144 MiB, 0 %, 1695 MHz, 1695 MHz, 132.43 W, 59, P2, 0x0000000000000000
2026/08/26 22:40:49.362, 0, 20144 MiB, 100 %, 1950 MHz, 1950 MHz, 156.87 W, 60, P2, 0x0000000000000000
2026/08/26 22:40:50.362, 0, 20144 MiB, 100 %, 1950 MHz, 1950 MHz, 164.97 W, 60, P2, 0x0000000000000000
2026/08/26 22:40:51.362, 0, 20144 MiB, 99 %, 1950 MHz, 1950 MHz, 164.82 W, 60, P2, 0x0000000000000000
2026/08/26 22:40:52.363, 0, 20144 MiB, 100 %, 1950 MHz, 1950 MHz, 164.89 W, 60, P2, 0x0000000000000000
2026/08/26 22:40:53.363, 0, 20144 MiB, 100 %, 1950 MHz, 1950 MHz, 164.79 W, 60, P2, 0x0000000000000000
2026/08/26 22:40:54.363, 0, 20144 MiB, 100 %, 1950 MHz, 1950 MHz, 165.22 W, 60, P2, 0x0000000000000000
2026/08/26 22:40:55.363, 0, 20144 MiB, 99 %, 1950 MHz, 1950 MHz, 164.54 W, 59, P2, 0x0000000000000000
2026/08/26 22:40:56.363, 0, 20144 MiB, 100 %, 1950 MHz, 1950 MHz, 164.13 W, 60, P2, 0x0000000000000000
2026/08/26 22:40:57.363, 0, 20144 MiB, 100 %, 1950 MHz, 1950 MHz, 164.89 W, 59, P2, 0x0000000000000000
2026/08/26 22:40:58.363, 0, 20144 MiB, 100 %, 1950 MHz, 1950 MHz, 164.33 W, 59, P2, 0x0000000000000000
2026/08/26 22:40:59.364, 0, 20144 MiB, 99 %, 1950 MHz, 1950 MHz, 164.23 W, 59, P2, 0x0000000000000000
2026/08/26 22:41:00.364, 0, 20800 MiB, 99 %, 1950 MHz, 1950 MHz, 164.19 W, 59, P2, 0x0000000000000000
2026/08/26 22:41:01.364, 0, 20816 MiB, 11 %, 1950 MHz, 1950 MHz, 209.50 W, 62, P2, 0x0000000000000000
2026/08/26 22:41:02.364, 0, 20816 MiB, 77 %, 1950 MHz, 1950 MHz, 263.93 W, 63, P2, 0x0000000000000000
2026/08/26 22:41:03.364, 0, 20816 MiB, 75 %, 1950 MHz, 1950 MHz, 287.19 W, 62, P2, 0x0000000000000000
2026/08/26 22:41:04.364, 0, 20816 MiB, 78 %, 1950 MHz, 1950 MHz, 304.85 W, 66, P2, 0x0000000000000000
2026/08/26 22:41:05.364, 0, 20816 MiB, 78 %, 1950 MHz, 1950 MHz, 326.80 W, 66, P2, 0x0000000000000004
2026/08/26 22:41:06.365, 0, 20824 MiB, 76 %, 1950 MHz, 1950 MHz, 284.32 W, 64, P2, 0x0000000000000000
2026/08/26 22:41:07.365, 0, 20824 MiB, 100 %, 1950 MHz, 1950 MHz, 256.16 W, 66, P2, 0x0000000000000004
2026/08/26 22:41:08.365, 0, 20824 MiB, 78 %, 1950 MHz, 1950 MHz, 326.93 W, 67, P2, 0x0000000000000004
2026/08/26 22:41:09.365, 0, 20824 MiB, 79 %, 1950 MHz, 1950 MHz, 328.34 W, 68, P2, 0x0000000000000004
2026/08/26 22:41:10.365, 0, 20824 MiB, 100 %, 1950 MHz, 1950 MHz, 267.89 W, 67, P2, 0x0000000000000000
2026/08/26 22:41:11.365, 0, 20824 MiB, 78 %, 1935 MHz, 1935 MHz, 310.42 W, 64, P2, 0x0000000000000000
2026/08/26 22:41:12.365, 0, 20824 MiB, 77 %, 1935 MHz, 1935 MHz, 293.79 W, 67, P2, 0x0000000000000000
2026/08/26 22:41:13.366, 0, 20824 MiB, 77 %, 1935 MHz, 1935 MHz, 272.07 W, 67, P2, 0x0000000000000000
2026/08/26 22:41:14.366, 0, 20824 MiB, 78 %, 1935 MHz, 1935 MHz, 326.42 W, 68, P2, 0x0000000000000004
2026/08/26 22:41:15.366, 0, 20824 MiB, 77 %, 1935 MHz, 1935 MHz, 326.48 W, 68, P2, 0x0000000000000004
2026/08/26 22:41:16.366, 0, 82 MiB, 28 %, 1935 MHz, 1935 MHz, 280.61 W, 65, P2, 0x0000000000000004
2026/08/26 22:41:17.366, 0, 346 MiB, 100 %, 1935 MHz, 1935 MHz, 176.76 W, 63, P2, 0x0000000000000000
2026/08/26 22:41:18.366, 0, 346 MiB, 0 %, 1950 MHz, 1950 MHz, 162.09 W, 62, P2, 0x0000000000000000
2026/08/26 22:41:19.366, 0, 346 MiB, 19 %, 1695 MHz, 1695 MHz, 155.64 W, 61, P2, 0x0000000000000000
2026/08/26 22:41:20.367, 0, 346 MiB, 21 %, 1695 MHz, 1695 MHz, 128.76 W, 59, P2, 0x0000000000000000
2026/08/26 22:41:21.367, 0, 19044 MiB, 26 %, 1950 MHz, 1950 MHz, 135.68 W, 60, P2, 0x0000000000000000
2026/08/26 22:41:22.367, 0, 19044 MiB, 99 %, 1950 MHz, 1950 MHz, 162.66 W, 61, P2, 0x0000000000000000
2026/08/26 22:41:23.367, 0, 19044 MiB, 99 %, 1950 MHz, 1950 MHz, 159.62 W, 61, P2, 0x0000000000000000
2026/08/26 22:41:24.367, 0, 19044 MiB, 99 %, 1950 MHz, 1950 MHz, 162.43 W, 60, P2, 0x0000000000000000
2026/08/26 22:41:25.367, 0, 19044 MiB, 100 %, 1950 MHz, 1950 MHz, 157.99 W, 60, P2, 0x0000000000000000
2026/08/26 22:41:26.368, 0, 19044 MiB, 99 %, 1950 MHz, 1950 MHz, 155.34 W, 60, P2, 0x0000000000000000
2026/08/26 22:41:27.368, 0, 19044 MiB, 99 %, 1950 MHz, 1950 MHz, 154.99 W, 59, P2, 0x0000000000000000
2026/08/26 22:41:28.368, 0, 22218 MiB, 42 %, 1950 MHz, 1950 MHz, 156.75 W, 59, P2, 0x0000000000000000
2026/08/26 22:41:29.368, 0, 22286 MiB, 0 %, 1950 MHz, 1950 MHz, 193.93 W, 63, P2, 0x0000000000000000
2026/08/26 22:41:30.368, 0, 22286 MiB, 76 %, 1950 MHz, 1950 MHz, 260.31 W, 64, P2, 0x0000000000000000
2026/08/26 22:41:31.369, 0, 22286 MiB, 76 %, 1950 MHz, 1950 MHz, 288.85 W, 65, P2, 0x0000000000000004
2026/08/26 22:41:32.369, 0, 22286 MiB, 77 %, 1950 MHz, 1950 MHz, 325.94 W, 67, P2, 0x0000000000000004
2026/08/26 22:41:33.369, 0, 22286 MiB, 76 %, 1950 MHz, 1950 MHz, 327.72 W, 67, P2, 0x0000000000000004
2026/08/26 22:41:34.369, 0, 22292 MiB, 27 %, 1950 MHz, 1950 MHz, 267.50 W, 64, P2, 0x0000000000000004
2026/08/26 22:41:35.369, 0, 22292 MiB, 90 %, 1950 MHz, 1950 MHz, 234.04 W, 66, P2, 0x0000000000000004
2026/08/26 22:41:36.369, 0, 22292 MiB, 75 %, 1950 MHz, 1950 MHz, 324.73 W, 67, P2, 0x0000000000000004
2026/08/26 22:41:37.369, 0, 22292 MiB, 53 %, 1935 MHz, 1935 MHz, 259.41 W, 63, P2, 0x0000000000000000
2026/08/26 22:41:38.370, 0, 22292 MiB, 78 %, 1935 MHz, 1935 MHz, 297.72 W, 67, P2, 0x0000000000000004
2026/08/26 22:41:39.370, 0, 22292 MiB, 73 %, 1935 MHz, 1935 MHz, 292.18 W, 68, P2, 0x0000000000000004
2026/08/26 22:41:40.378, 0, 22292 MiB, 76 %, 1935 MHz, 1935 MHz, 260.88 W, 65, P2, 0x0000000000000004
2026/08/26 22:41:41.378, 0, 22292 MiB, 78 %, 1935 MHz, 1935 MHz, 322.64 W, 68, P2, 0x0000000000000004
2026/08/26 22:41:42.379, 0, 22292 MiB, 76 %, 1935 MHz, 1935 MHz, 326.77 W, 68, P2, 0x0000000000000004
2026/08/26 22:41:43.379, 0, 411 MiB, 58 %, 1935 MHz, 1935 MHz, 290.91 W, 66, P2, 0x0000000000000004
2026/08/26 22:41:44.379, 0, 346 MiB, 100 %, 1935 MHz, 1935 MHz, 173.57 W, 63, P2, 0x0000000000000000
2026/08/26 22:41:45.383, 0, 346 MiB, 0 %, 1950 MHz, 1950 MHz, 167.53 W, 62, P2, 0x0000000000000000
2026/08/26 22:41:46.383, 0, 346 MiB, 0 %, 1695 MHz, 1695 MHz, 161.81 W, 61, P2, 0x0000000000000000
2026/08/26 22:41:47.383, 0, 17618 MiB, 0 %, 1695 MHz, 1695 MHz, 132.26 W, 60, P2, 0x0000000000000000
2026/08/26 22:41:48.383, 0, 17618 MiB, 100 %, 1950 MHz, 1950 MHz, 140.83 W, 61, P2, 0x0000000000000000
2026/08/26 22:41:49.384, 0, 17618 MiB, 100 %, 1950 MHz, 1950 MHz, 166.79 W, 61, P2, 0x0000000000000000
2026/08/26 22:41:50.384, 0, 17618 MiB, 100 %, 1950 MHz, 1950 MHz, 167.24 W, 61, P2, 0x0000000000000000
2026/08/26 22:41:51.384, 0, 17618 MiB, 99 %, 1950 MHz, 1950 MHz, 166.62 W, 61, P2, 0x0000000000000000
2026/08/26 22:41:52.384, 0, 17618 MiB, 100 %, 1950 MHz, 1950 MHz, 166.88 W, 61, P2, 0x0000000000000000
2026/08/26 22:41:53.384, 0, 17618 MiB, 100 %, 1950 MHz, 1950 MHz, 166.39 W, 60, P2, 0x0000000000000000
2026/08/26 22:41:54.384, 0, 17618 MiB, 100 %, 1950 MHz, 1950 MHz, 166.56 W, 60, P2, 0x0000000000000000
2026/08/26 22:41:55.384, 0, 17618 MiB, 99 %, 1950 MHz, 1950 MHz, 166.67 W, 60, P2, 0x0000000000000000
2026/08/26 22:41:56.385, 0, 17618 MiB, 100 %, 1950 MHz, 1950 MHz, 165.95 W, 60, P2, 0x0000000000000000
2026/08/26 22:41:57.385, 0, 17618 MiB, 100 %, 1950 MHz, 1950 MHz, 165.88 W, 60, P2, 0x0000000000000000
2026/08/26 22:41:58.385, 0, 20136 MiB, 100 %, 1950 MHz, 1950 MHz, 167.93 W, 60, P2, 0x0000000000000000
2026/08/26 22:41:59.385, 0, 20248 MiB, 100 %, 1950 MHz, 1950 MHz, 167.37 W, 60, P2, 0x0000000000000000
2026/08/26 22:42:00.385, 0, 20276 MiB, 3 %, 1950 MHz, 1950 MHz, 199.07 W, 63, P2, 0x0000000000000000
2026/08/26 22:42:01.393, 0, 20276 MiB, 66 %, 1950 MHz, 1950 MHz, 248.83 W, 64, P2, 0x0000000000000000
2026/08/26 22:42:02.393, 0, 20276 MiB, 31 %, 1950 MHz, 1950 MHz, 275.96 W, 65, P2, 0x0000000000000000
2026/08/26 22:42:03.393, 0, 20276 MiB, 64 %, 1950 MHz, 1950 MHz, 306.65 W, 65, P2, 0x0000000000000000
2026/08/26 22:42:04.393, 0, 20280 MiB, 68 %, 1950 MHz, 1950 MHz, 310.83 W, 66, P2, 0x0000000000000000
2026/08/26 22:42:05.393, 0, 20284 MiB, 68 %, 1950 MHz, 1950 MHz, 239.28 W, 63, P2, 0x0000000000000004
2026/08/26 22:42:06.394, 0, 20288 MiB, 62 %, 1950 MHz, 1950 MHz, 235.32 W, 66, P2, 0x0000000000000000
2026/08/26 22:42:07.394, 0, 20288 MiB, 67 %, 1950 MHz, 1950 MHz, 310.91 W, 66, P2, 0x0000000000000000
2026/08/26 22:42:08.394, 0, 20288 MiB, 59 %, 1950 MHz, 1950 MHz, 248.49 W, 62, P2, 0x0000000000000004
2026/08/26 22:42:09.394, 0, 20288 MiB, 68 %, 1950 MHz, 1950 MHz, 255.93 W, 66, P2, 0x0000000000000000
2026/08/26 22:42:10.394, 0, 20288 MiB, 39 %, 1950 MHz, 1950 MHz, 276.16 W, 66, P2, 0x0000000000000000
2026/08/26 22:42:11.395, 0, 20288 MiB, 63 %, 1950 MHz, 1950 MHz, 273.71 W, 66, P2, 0x0000000000000000
2026/08/26 22:42:12.395, 0, 20288 MiB, 67 %, 1950 MHz, 1950 MHz, 284.24 W, 67, P2, 0x0000000000000000
2026/08/26 22:42:13.395, 0, 20288 MiB, 70 %, 1950 MHz, 1950 MHz, 314.20 W, 67, P2, 0x0000000000000000
2026/08/26 22:42:14.395, 0, 18802 MiB, 69 %, 1950 MHz, 1950 MHz, 285.65 W, 65, P2, 0x0000000000000000
2026/08/26 22:42:15.395, 0, 346 MiB, 100 %, 1950 MHz, 1950 MHz, 212.56 W, 63, P0, 0x0000000000000000
2026/08/26 22:42:16.415, 0, 346 MiB, 0 %, 1950 MHz, 1950 MHz, 169.64 W, 62, P2, 0x0000000000000000
2026/08/26 22:42:17.415, 0, 346 MiB, 0 %, 1950 MHz, 1950 MHz, 166.70 W, 61, P2, 0x0000000000000000
2026/08/26 22:42:18.415, 0, 346 MiB, 6 %, 1695 MHz, 1695 MHz, 141.75 W, 59, P2, 0x0000000000000000
2026/08/26 22:42:19.415, 0, 19362 MiB, 38 %, 1950 MHz, 1950 MHz, 134.39 W, 60, P2, 0x0000000000000000
2026/08/26 22:42:20.415, 0, 19362 MiB, 99 %, 1950 MHz, 1950 MHz, 165.64 W, 61, P2, 0x0000000000000000
2026/08/26 22:42:21.416, 0, 19362 MiB, 100 %, 1950 MHz, 1950 MHz, 166.47 W, 60, P2, 0x0000000000000000
2026/08/26 22:42:22.416, 0, 19362 MiB, 100 %, 1950 MHz, 1950 MHz, 166.33 W, 60, P2, 0x0000000000000000
2026/08/26 22:42:23.416, 0, 19362 MiB, 100 %, 1950 MHz, 1950 MHz, 166.78 W, 60, P2, 0x0000000000000000
2026/08/26 22:42:24.416, 0, 19362 MiB, 99 %, 1950 MHz, 1950 MHz, 166.58 W, 60, P2, 0x0000000000000000
2026/08/26 22:42:25.416, 0, 19362 MiB, 99 %, 1950 MHz, 1950 MHz, 165.86 W, 60, P2, 0x0000000000000000
2026/08/26 22:42:26.417, 0, 19362 MiB, 100 %, 1950 MHz, 1950 MHz, 165.91 W, 60, P2, 0x0000000000000000
2026/08/26 22:42:27.417, 0, 19362 MiB, 100 %, 1950 MHz, 1950 MHz, 166.07 W, 60, P2, 0x0000000000000000
2026/08/26 22:42:28.417, 0, 19362 MiB, 100 %, 1950 MHz, 1950 MHz, 165.38 W, 60, P2, 0x0000000000000000
2026/08/26 22:42:29.417, 0, 19362 MiB, 99 %, 1950 MHz, 1950 MHz, 165.38 W, 60, P2, 0x0000000000000000
2026/08/26 22:42:30.417, 0, 20004 MiB, 100 %, 1950 MHz, 1950 MHz, 165.51 W, 60, P2, 0x0000000000000000
2026/08/26 22:42:31.418, 0, 20768 MiB, 24 %, 1950 MHz, 1950 MHz, 167.00 W, 60, P2, 0x0000000000000000
2026/08/26 22:42:32.418, 0, 20768 MiB, 82 %, 1950 MHz, 1950 MHz, 214.08 W, 62, P2, 0x0000000000000000
2026/08/26 22:42:33.418, 0, 20768 MiB, 82 %, 1950 MHz, 1950 MHz, 218.20 W, 61, P2, 0x0000000000000000
2026/08/26 22:42:34.418, 0, 20768 MiB, 82 %, 1950 MHz, 1950 MHz, 223.80 W, 62, P2, 0x0000000000000000
2026/08/26 22:42:35.418, 0, 20770 MiB, 82 %, 1950 MHz, 1950 MHz, 220.56 W, 62, P2, 0x0000000000000000
2026/08/26 22:42:36.419, 0, 20770 MiB, 32 %, 1950 MHz, 1950 MHz, 214.14 W, 62, P2, 0x0000000000000000
2026/08/26 22:42:37.419, 0, 20770 MiB, 80 %, 1950 MHz, 1950 MHz, 223.75 W, 62, P2, 0x0000000000000000
2026/08/26 22:42:38.419, 0, 20770 MiB, 82 %, 1950 MHz, 1950 MHz, 224.44 W, 62, P2, 0x0000000000000000
2026/08/26 22:42:39.419, 0, 20770 MiB, 80 %, 1950 MHz, 1950 MHz, 223.22 W, 62, P2, 0x0000000000000000
2026/08/26 22:42:40.419, 0, 20770 MiB, 84 %, 1950 MHz, 1950 MHz, 212.08 W, 62, P2, 0x0000000000000000
2026/08/26 22:42:41.420, 0, 20770 MiB, 83 %, 1950 MHz, 1950 MHz, 223.96 W, 62, P2, 0x0000000000000000
2026/08/26 22:42:42.420, 0, 20770 MiB, 83 %, 1950 MHz, 1950 MHz, 223.76 W, 62, P2, 0x0000000000000000
2026/08/26 22:42:43.420, 0, 20770 MiB, 76 %, 1950 MHz, 1950 MHz, 224.33 W, 62, P2, 0x0000000000000000
2026/08/26 22:42:44.420, 0, 20770 MiB, 84 %, 1950 MHz, 1950 MHz, 224.58 W, 62, P2, 0x0000000000000000
2026/08/26 22:42:45.421, 0, 20770 MiB, 83 %, 1950 MHz, 1950 MHz, 226.23 W, 62, P2, 0x0000000000000000
2026/08/26 22:42:46.421, 0, 20770 MiB, 84 %, 1950 MHz, 1950 MHz, 224.17 W, 62, P2, 0x0000000000000000
2026/08/26 22:42:47.421, 0, 20770 MiB, 82 %, 1950 MHz, 1950 MHz, 224.69 W, 63, P2, 0x0000000000000000
2026/08/26 22:42:48.421, 0, 20770 MiB, 85 %, 1950 MHz, 1950 MHz, 225.73 W, 63, P2, 0x0000000000000000
2026/08/26 22:42:49.421, 0, 20770 MiB, 84 %, 1950 MHz, 1950 MHz, 228.87 W, 63, P2, 0x0000000000000000
2026/08/26 22:42:50.422, 0, 20772 MiB, 84 %, 1950 MHz, 1950 MHz, 226.84 W, 62, P2, 0x0000000000000000
2026/08/26 22:42:51.422, 0, 20772 MiB, 79 %, 1950 MHz, 1950 MHz, 226.93 W, 63, P2, 0x0000000000000000
2026/08/26 22:42:52.422, 0, 20772 MiB, 85 %, 1950 MHz, 1950 MHz, 229.07 W, 63, P2, 0x0000000000000000
2026/08/26 22:42:53.422, 0, 20772 MiB, 85 %, 1950 MHz, 1950 MHz, 215.95 W, 61, P2, 0x0000000000000000
2026/08/26 22:42:54.422, 0, 20776 MiB, 84 %, 1950 MHz, 1950 MHz, 217.09 W, 61, P2, 0x0000000000000000
2026/08/26 22:42:55.423, 0, 20778 MiB, 68 %, 1950 MHz, 1950 MHz, 206.95 W, 63, P2, 0x0000000000000000
2026/08/26 22:42:56.423, 0, 20778 MiB, 83 %, 1950 MHz, 1950 MHz, 226.16 W, 62, P2, 0x0000000000000000
2026/08/26 22:42:57.423, 0, 20780 MiB, 83 %, 1950 MHz, 1950 MHz, 228.09 W, 63, P2, 0x0000000000000000
2026/08/26 22:42:58.423, 0, 20780 MiB, 83 %, 1950 MHz, 1950 MHz, 228.52 W, 63, P2, 0x0000000000000000
2026/08/26 22:42:59.424, 0, 20780 MiB, 79 %, 1950 MHz, 1950 MHz, 228.52 W, 63, P2, 0x0000000000000004
2026/08/26 22:43:00.424, 0, 20780 MiB, 81 %, 1950 MHz, 1950 MHz, 231.63 W, 63, P2, 0x0000000000000000
2026/08/26 22:43:01.424, 0, 20780 MiB, 82 %, 1950 MHz, 1950 MHz, 230.32 W, 63, P2, 0x0000000000000004
2026/08/26 22:43:02.424, 0, 20780 MiB, 89 %, 1950 MHz, 1950 MHz, 208.47 W, 62, P2, 0x0000000000000000
2026/08/26 22:43:03.424, 0, 20780 MiB, 79 %, 1950 MHz, 1950 MHz, 227.80 W, 63, P2, 0x0000000000000000
2026/08/26 22:43:04.425, 0, 20780 MiB, 85 %, 1950 MHz, 1950 MHz, 226.30 W, 62, P2, 0x0000000000000000
2026/08/26 22:43:05.425, 0, 20780 MiB, 77 %, 1950 MHz, 1950 MHz, 229.56 W, 63, P2, 0x0000000000000000
2026/08/26 22:43:06.425, 0, 20780 MiB, 81 %, 1950 MHz, 1950 MHz, 227.77 W, 63, P2, 0x0000000000000000
2026/08/26 22:43:07.425, 0, 20780 MiB, 84 %, 1950 MHz, 1950 MHz, 220.43 W, 62, P2, 0x0000000000000000
2026/08/26 22:43:08.425, 0, 20780 MiB, 80 %, 1950 MHz, 1950 MHz, 222.48 W, 63, P2, 0x0000000000000000
2026/08/26 22:43:09.426, 0, 20780 MiB, 77 %, 1950 MHz, 1950 MHz, 226.56 W, 62, P2, 0x0000000000000000
2026/08/26 22:43:10.426, 0, 20780 MiB, 81 %, 1950 MHz, 1950 MHz, 220.80 W, 63, P2, 0x0000000000000000
2026/08/26 22:43:11.426, 0, 20780 MiB, 80 %, 1950 MHz, 1950 MHz, 226.89 W, 63, P2, 0x0000000000000000
2026/08/26 22:43:12.426, 0, 20780 MiB, 81 %, 1950 MHz, 1950 MHz, 214.52 W, 62, P2, 0x0000000000000000
2026/08/26 22:43:13.426, 0, 20780 MiB, 81 %, 1950 MHz, 1950 MHz, 225.82 W, 63, P2, 0x0000000000000000
2026/08/26 22:43:14.426, 0, 20780 MiB, 84 %, 1950 MHz, 1950 MHz, 225.22 W, 63, P2, 0x0000000000000000
2026/08/26 22:43:15.427, 0, 20780 MiB, 82 %, 1950 MHz, 1950 MHz, 226.54 W, 63, P2, 0x0000000000000000
2026/08/26 22:43:16.427, 0, 20780 MiB, 81 %, 1950 MHz, 1950 MHz, 227.43 W, 63, P2, 0x0000000000000000
2026/08/26 22:43:17.427, 0, 20780 MiB, 83 %, 1950 MHz, 1950 MHz, 227.48 W, 63, P2, 0x0000000000000000
2026/08/26 22:43:18.427, 0, 20780 MiB, 84 %, 1950 MHz, 1950 MHz, 225.39 W, 62, P2, 0x0000000000000000
2026/08/26 22:43:19.427, 0, 20780 MiB, 85 %, 1950 MHz, 1950 MHz, 224.02 W, 63, P2, 0x0000000000000000
2026/08/26 22:43:20.427, 0, 20780 MiB, 81 %, 1950 MHz, 1950 MHz, 225.44 W, 63, P2, 0x0000000000000000
2026/08/26 22:43:21.427, 0, 20780 MiB, 82 %, 1950 MHz, 1950 MHz, 226.15 W, 63, P2, 0x0000000000000000
2026/08/26 22:43:22.428, 0, 20780 MiB, 83 %, 1950 MHz, 1950 MHz, 226.71 W, 63, P2, 0x0000000000000000
2026/08/26 22:43:23.428, 0, 20780 MiB, 84 %, 1950 MHz, 1950 MHz, 225.82 W, 63, P2, 0x0000000000000000
2026/08/26 22:43:24.428, 0, 20780 MiB, 81 %, 1950 MHz, 1950 MHz, 226.12 W, 63, P2, 0x0000000000000000
2026/08/26 22:43:25.428, 0, 20780 MiB, 83 %, 1950 MHz, 1950 MHz, 223.15 W, 63, P2, 0x0000000000000000
2026/08/26 22:43:26.428, 0, 20780 MiB, 84 %, 1950 MHz, 1950 MHz, 219.48 W, 63, P2, 0x0000000000000000
2026/08/26 22:43:27.428, 0, 399 MiB, 83 %, 1950 MHz, 1950 MHz, 216.35 W, 62, P2, 0x0000000000000000
2026/08/26 22:43:28.428, 0, 346 MiB, 0 %, 1950 MHz, 1950 MHz, 174.02 W, 61, P2, 0x0000000000000000
2026/08/26 22:43:29.429, 0, 346 MiB, 0 %, 1950 MHz, 1950 MHz, 166.40 W, 61, P2, 0x0000000000000000
2026/08/26 22:43:30.429, 0, 346 MiB, 7 %, 1695 MHz, 1695 MHz, 159.20 W, 59, P2, 0x0000000000000000
2026/08/26 22:43:31.429, 0, 20144 MiB, 0 %, 1950 MHz, 1950 MHz, 131.69 W, 59, P2, 0x0000000000000000
2026/08/26 22:43:32.429, 0, 20144 MiB, 100 %, 1950 MHz, 1950 MHz, 163.97 W, 60, P2, 0x0000000000000000
2026/08/26 22:43:33.429, 0, 20144 MiB, 100 %, 1950 MHz, 1950 MHz, 165.68 W, 60, P2, 0x0000000000000000
2026/08/26 22:43:34.429, 0, 20144 MiB, 100 %, 1950 MHz, 1950 MHz, 165.76 W, 60, P2, 0x0000000000000000
2026/08/26 22:43:35.429, 0, 20144 MiB, 99 %, 1950 MHz, 1950 MHz, 165.73 W, 60, P2, 0x0000000000000000
2026/08/26 22:43:36.430, 0, 20144 MiB, 100 %, 1950 MHz, 1950 MHz, 165.25 W, 60, P2, 0x0000000000000000
2026/08/26 22:43:37.430, 0, 20144 MiB, 100 %, 1950 MHz, 1950 MHz, 165.24 W, 60, P2, 0x0000000000000000
2026/08/26 22:43:38.430, 0, 20144 MiB, 100 %, 1950 MHz, 1950 MHz, 165.34 W, 60, P2, 0x0000000000000000
2026/08/26 22:43:39.430, 0, 20144 MiB, 100 %, 1950 MHz, 1950 MHz, 165.07 W, 59, P2, 0x0000000000000000
2026/08/26 22:43:40.430, 0, 20144 MiB, 99 %, 1950 MHz, 1950 MHz, 164.67 W, 59, P2, 0x0000000000000000
2026/08/26 22:43:41.430, 0, 20144 MiB, 100 %, 1950 MHz, 1950 MHz, 165.18 W, 59, P2, 0x0000000000000000
2026/08/26 22:43:42.430, 0, 20144 MiB, 100 %, 1950 MHz, 1950 MHz, 164.60 W, 59, P2, 0x0000000000000000
2026/08/26 22:43:43.431, 0, 20800 MiB, 100 %, 1950 MHz, 1950 MHz, 167.97 W, 60, P2, 0x0000000000000000
2026/08/26 22:43:44.431, 0, 20816 MiB, 76 %, 1950 MHz, 1950 MHz, 220.07 W, 62, P2, 0x0000000000000000
2026/08/26 22:43:45.431, 0, 20816 MiB, 77 %, 1950 MHz, 1950 MHz, 280.03 W, 65, P2, 0x0000000000000000
2026/08/26 22:43:46.431, 0, 20816 MiB, 79 %, 1950 MHz, 1950 MHz, 293.61 W, 65, P2, 0x0000000000000000
2026/08/26 22:43:47.431, 0, 20816 MiB, 78 %, 1950 MHz, 1950 MHz, 324.46 W, 66, P2, 0x0000000000000000
2026/08/26 22:43:48.431, 0, 20816 MiB, 77 %, 1950 MHz, 1950 MHz, 324.46 W, 67, P2, 0x0000000000000004
2026/08/26 22:43:49.432, 0, 20824 MiB, 5 %, 1950 MHz, 1950 MHz, 273.35 W, 64, P2, 0x0000000000000000
2026/08/26 22:43:50.432, 0, 20824 MiB, 76 %, 1950 MHz, 1950 MHz, 266.09 W, 67, P2, 0x0000000000000000
2026/08/26 22:43:51.432, 0, 20824 MiB, 78 %, 1950 MHz, 1950 MHz, 326.82 W, 67, P2, 0x0000000000000004
2026/08/26 22:43:52.432, 0, 20824 MiB, 78 %, 1950 MHz, 1950 MHz, 325.10 W, 66, P2, 0x0000000000000000
2026/08/26 22:43:53.432, 0, 20824 MiB, 77 %, 1950 MHz, 1950 MHz, 274.11 W, 67, P2, 0x0000000000000004
2026/08/26 22:43:54.432, 0, 20824 MiB, 79 %, 1935 MHz, 1935 MHz, 299.85 W, 67, P2, 0x0000000000000000
2026/08/26 22:43:55.432, 0, 20824 MiB, 77 %, 1875 MHz, 1875 MHz, 295.37 W, 66, P2, 0x0000000000000004
2026/08/26 22:43:56.432, 0, 20824 MiB, 64 %, 1935 MHz, 1935 MHz, 285.37 W, 68, P2, 0x0000000000000000
2026/08/26 22:43:57.433, 0, 20824 MiB, 79 %, 1935 MHz, 1935 MHz, 325.54 W, 68, P2, 0x0000000000000000
2026/08/26 22:43:58.433, 0, 20824 MiB, 76 %, 1935 MHz, 1935 MHz, 327.49 W, 69, P2, 0x0000000000000004
2026/08/26 22:43:59.433, 0, 82 MiB, 79 %, 1935 MHz, 1935 MHz, 243.63 W, 64, P2, 0x0000000000000000
2026/08/26 22:44:00.433, 0, 346 MiB, 0 %, 1935 MHz, 1935 MHz, 173.74 W, 62, P2, 0x0000000000000024
2026/08/26 22:44:01.433, 0, 346 MiB, 0 %, 1950 MHz, 1950 MHz, 166.76 W, 62, P2, 0x0000000000000000
2026/08/26 22:44:02.433, 0, 346 MiB, 1 %, 1695 MHz, 1695 MHz, 161.76 W, 60, P2, 0x0000000000000000
2026/08/26 22:44:03.434, 0, 346 MiB, 0 %, 1695 MHz, 1695 MHz, 132.15 W, 60, P2, 0x0000000000000000
2026/08/26 22:44:04.434, 0, 19044 MiB, 100 %, 1950 MHz, 1950 MHz, 144.00 W, 61, P2, 0x0000000000000000
2026/08/26 22:44:05.434, 0, 19044 MiB, 100 %, 1950 MHz, 1950 MHz, 166.96 W, 61, P2, 0x0000000000000000
2026/08/26 22:44:06.434, 0, 19044 MiB, 100 %, 1950 MHz, 1950 MHz, 166.21 W, 61, P2, 0x0000000000000000
2026/08/26 22:44:07.434, 0, 19044 MiB, 99 %, 1950 MHz, 1950 MHz, 166.29 W, 61, P2, 0x0000000000000000
2026/08/26 22:44:08.434, 0, 19044 MiB, 100 %, 1950 MHz, 1950 MHz, 166.09 W, 60, P2, 0x0000000000000000
2026/08/26 22:44:09.434, 0, 19044 MiB, 100 %, 1950 MHz, 1950 MHz, 165.90 W, 60, P2, 0x0000000000000000
2026/08/26 22:44:10.435, 0, 19044 MiB, 100 %, 1950 MHz, 1950 MHz, 166.12 W, 60, P2, 0x0000000000000000
2026/08/26 22:44:11.435, 0, 19044 MiB, 99 %, 1950 MHz, 1950 MHz, 165.39 W, 60, P2, 0x0000000000000000
2026/08/26 22:44:12.435, 0, 19044 MiB, 100 %, 1950 MHz, 1950 MHz, 165.08 W, 60, P2, 0x0000000000000000
2026/08/26 22:44:13.435, 0, 19044 MiB, 100 %, 1950 MHz, 1950 MHz, 165.77 W, 60, P2, 0x0000000000000000
2026/08/26 22:44:14.435, 0, 19044 MiB, 100 %, 1950 MHz, 1950 MHz, 165.08 W, 60, P2, 0x0000000000000000
2026/08/26 22:44:15.435, 0, 21094 MiB, 100 %, 1950 MHz, 1950 MHz, 166.61 W, 60, P2, 0x0000000000000000
2026/08/26 22:44:16.435, 0, 22286 MiB, 99 %, 1950 MHz, 1950 MHz, 172.70 W, 60, P2, 0x0000000000000000
2026/08/26 22:44:17.436, 0, 22286 MiB, 68 %, 1950 MHz, 1950 MHz, 263.45 W, 62, P2, 0x0000000000000004
2026/08/26 22:44:18.436, 0, 22286 MiB, 77 %, 1950 MHz, 1950 MHz, 268.89 W, 63, P2, 0x0000000000000004
2026/08/26 22:44:19.436, 0, 22286 MiB, 77 %, 1950 MHz, 1950 MHz, 295.23 W, 66, P2, 0x0000000000000004
2026/08/26 22:44:20.436, 0, 22286 MiB, 74 %, 1950 MHz, 1950 MHz, 327.37 W, 67, P2, 0x0000000000000004
2026/08/26 22:44:21.436, 0, 22288 MiB, 77 %, 1950 MHz, 1950 MHz, 287.00 W, 63, P2, 0x0000000000000004
2026/08/26 22:44:22.437, 0, 22292 MiB, 100 %, 1950 MHz, 1950 MHz, 207.28 W, 64, P2, 0x0000000000000000
2026/08/26 22:44:23.437, 0, 22292 MiB, 77 %, 1950 MHz, 1950 MHz, 315.30 W, 67, P2, 0x0000000000000004
2026/08/26 22:44:24.437, 0, 22292 MiB, 74 %, 1950 MHz, 1950 MHz, 305.01 W, 65, P2, 0x0000000000000004
2026/08/26 22:44:25.437, 0, 22292 MiB, 73 %, 1950 MHz, 1950 MHz, 245.77 W, 66, P2, 0x0000000000000004
2026/08/26 22:44:26.437, 0, 22292 MiB, 78 %, 1950 MHz, 1950 MHz, 293.37 W, 66, P2, 0x0000000000000004
2026/08/26 22:44:27.438, 0, 22292 MiB, 38 %, 1950 MHz, 1950 MHz, 291.55 W, 67, P2, 0x0000000000000004
2026/08/26 22:44:28.438, 0, 22292 MiB, 77 %, 1935 MHz, 1935 MHz, 300.08 W, 67, P2, 0x0000000000000004
2026/08/26 22:44:29.438, 0, 22292 MiB, 76 %, 1935 MHz, 1935 MHz, 325.61 W, 68, P2, 0x0000000000000004
2026/08/26 22:44:30.438, 0, 22292 MiB, 78 %, 1935 MHz, 1935 MHz, 296.53 W, 66, P2, 0x0000000000000000
2026/08/26 22:44:31.439, 0, 85 MiB, 67 %, 1935 MHz, 1935 MHz, 269.56 W, 64, P2, 0x0000000000000004
2026/08/26 22:44:32.563, 0, 346 MiB, 0 %, 1950 MHz, 1950 MHz, 174.45 W, 62, P2, 0x0000000000000024
2026/08/26 22:44:33.564, 0, 346 MiB, 0 %, 1950 MHz, 1950 MHz, 167.87 W, 62, P2, 0x0000000000000000
2026/08/26 22:44:34.564, 0, 346 MiB, 39 %, 1695 MHz, 1695 MHz, 146.88 W, 60, P2, 0x0000000000000000
2026/08/26 22:44:35.564, 0, 18082 MiB, 0 %, 1950 MHz, 1950 MHz, 132.38 W, 59, P2, 0x0000000000000000
2026/08/26 22:44:36.564, 0, 18082 MiB, 100 %, 1950 MHz, 1950 MHz, 162.67 W, 61, P2, 0x0000000000000000
2026/08/26 22:44:37.564, 0, 18082 MiB, 100 %, 1950 MHz, 1950 MHz, 165.81 W, 61, P2, 0x0000000000000000
2026/08/26 22:44:38.564, 0, 18082 MiB, 100 %, 1950 MHz, 1950 MHz, 166.05 W, 60, P2, 0x0000000000000000
2026/08/26 22:44:39.565, 0, 18082 MiB, 100 %, 1950 MHz, 1950 MHz, 165.90 W, 60, P2, 0x0000000000000000
2026/08/26 22:44:40.565, 0, 18082 MiB, 99 %, 1950 MHz, 1950 MHz, 166.09 W, 60, P2, 0x0000000000000000
2026/08/26 22:44:41.565, 0, 18082 MiB, 100 %, 1950 MHz, 1950 MHz, 165.84 W, 60, P2, 0x0000000000000000
2026/08/26 22:44:42.565, 0, 18082 MiB, 100 %, 1950 MHz, 1950 MHz, 165.33 W, 60, P2, 0x0000000000000000
2026/08/26 22:44:43.565, 0, 18082 MiB, 100 %, 1950 MHz, 1950 MHz, 165.69 W, 60, P2, 0x0000000000000000
2026/08/26 22:44:44.565, 0, 18082 MiB, 99 %, 1950 MHz, 1950 MHz, 164.82 W, 60, P2, 0x0000000000000000
2026/08/26 22:44:45.565, 0, 18082 MiB, 100 %, 1950 MHz, 1950 MHz, 164.55 W, 60, P2, 0x0000000000000000
2026/08/26 22:44:46.566, 0, 20636 MiB, 100 %, 1950 MHz, 1950 MHz, 166.02 W, 60, P2, 0x0000000000000000
2026/08/26 22:44:47.566, 0, 21810 MiB, 92 %, 1950 MHz, 1950 MHz, 171.16 W, 61, P2, 0x0000000000000000
2026/08/26 22:44:48.566, 0, 21828 MiB, 61 %, 1950 MHz, 1950 MHz, 262.28 W, 65, P2, 0x0000000000000000
2026/08/26 22:44:49.566, 0, 21828 MiB, 68 %, 1950 MHz, 1950 MHz, 275.60 W, 63, P2, 0x0000000000000004
2026/08/26 22:44:50.566, 0, 21828 MiB, 69 %, 1950 MHz, 1950 MHz, 277.89 W, 65, P2, 0x0000000000000000
2026/08/26 22:44:51.566, 0, 21828 MiB, 68 %, 1950 MHz, 1950 MHz, 311.32 W, 66, P2, 0x0000000000000004
2026/08/26 22:44:52.566, 0, 21828 MiB, 67 %, 1950 MHz, 1950 MHz, 314.51 W, 66, P2, 0x0000000000000004
2026/08/26 22:44:53.567, 0, 21834 MiB, 44 %, 1815 MHz, 1815 MHz, 250.76 W, 63, P2, 0x0000000000000004
2026/08/26 22:44:54.567, 0, 21834 MiB, 99 %, 1950 MHz, 1950 MHz, 218.48 W, 65, P2, 0x0000000000000004
2026/08/26 22:44:55.567, 0, 21834 MiB, 69 %, 1950 MHz, 1950 MHz, 307.26 W, 67, P2, 0x0000000000000004
2026/08/26 22:44:56.567, 0, 21834 MiB, 32 %, 1950 MHz, 1950 MHz, 240.77 W, 62, P2, 0x0000000000000000
2026/08/26 22:44:57.567, 0, 21834 MiB, 74 %, 1950 MHz, 1950 MHz, 285.94 W, 67, P2, 0x0000000000000000
2026/08/26 22:44:58.567, 0, 21834 MiB, 37 %, 1950 MHz, 1950 MHz, 283.31 W, 66, P2, 0x0000000000000004
2026/08/26 22:44:59.568, 0, 21834 MiB, 56 %, 1950 MHz, 1950 MHz, 284.01 W, 66, P2, 0x0000000000000004
2026/08/26 22:45:00.568, 0, 21834 MiB, 73 %, 1950 MHz, 1950 MHz, 287.41 W, 67, P2, 0x0000000000000004
2026/08/26 22:45:01.568, 0, 21834 MiB, 71 %, 1935 MHz, 1935 MHz, 314.07 W, 67, P2, 0x0000000000000004
2026/08/26 22:45:02.568, 0, 21834 MiB, 70 %, 1935 MHz, 1935 MHz, 314.61 W, 68, P2, 0x0000000000000004
2026/08/26 22:45:03.568, 0, 19494 MiB, 70 %, 1935 MHz, 1935 MHz, 271.58 W, 64, P2, 0x0000000000000000
2026/08/26 22:45:04.568, 0, 346 MiB, 0 %, 1935 MHz, 1935 MHz, 213.91 W, 63, P0, 0x0000000000000000
2026/08/26 22:45:05.569, 0, 346 MiB, 0 %, 1950 MHz, 1950 MHz, 168.52 W, 62, P2, 0x0000000000000000
2026/08/26 22:45:06.569, 0, 346 MiB, 6 %, 1950 MHz, 1950 MHz, 166.72 W, 62, P2, 0x0000000000000000
2026/08/26 22:45:07.569, 0, 346 MiB, 8 %, 1695 MHz, 1695 MHz, 143.58 W, 60, P2, 0x0000000000000000
2026/08/26 22:45:08.569, 0, 19362 MiB, 100 %, 1950 MHz, 1950 MHz, 134.80 W, 60, P2, 0x0000000000000000
2026/08/26 22:45:09.569, 0, 19362 MiB, 100 %, 1950 MHz, 1950 MHz, 165.33 W, 61, P2, 0x0000000000000000
2026/08/26 22:45:10.569, 0, 19362 MiB, 99 %, 1950 MHz, 1950 MHz, 166.11 W, 61, P2, 0x0000000000000000
2026/08/26 22:45:11.570, 0, 19362 MiB, 100 %, 1950 MHz, 1950 MHz, 165.76 W, 61, P2, 0x0000000000000000
2026/08/26 22:45:12.570, 0, 19362 MiB, 100 %, 1950 MHz, 1950 MHz, 165.22 W, 61, P2, 0x0000000000000000
2026/08/26 22:45:13.570, 0, 19362 MiB, 100 %, 1950 MHz, 1950 MHz, 165.58 W, 60, P2, 0x0000000000000000
2026/08/26 22:45:14.570, 0, 19362 MiB, 100 %, 1950 MHz, 1950 MHz, 164.98 W, 60, P2, 0x0000000000000000
2026/08/26 22:45:15.570, 0, 19362 MiB, 99 %, 1950 MHz, 1950 MHz, 165.13 W, 60, P2, 0x0000000000000000
2026/08/26 22:45:16.570, 0, 19362 MiB, 100 %, 1950 MHz, 1950 MHz, 165.45 W, 60, P2, 0x0000000000000000
2026/08/26 22:45:17.570, 0, 19362 MiB, 100 %, 1950 MHz, 1950 MHz, 164.82 W, 60, P2, 0x0000000000000000
2026/08/26 22:45:18.571, 0, 19362 MiB, 100 %, 1950 MHz, 1950 MHz, 165.19 W, 60, P2, 0x0000000000000000
2026/08/26 22:45:19.571, 0, 20004 MiB, 100 %, 1950 MHz, 1950 MHz, 165.01 W, 60, P2, 0x0000000000000000
2026/08/26 22:45:20.571, 0, 20768 MiB, 26 %, 1950 MHz, 1950 MHz, 169.58 W, 60, P2, 0x0000000000000000
2026/08/26 22:45:21.571, 0, 20768 MiB, 87 %, 1950 MHz, 1950 MHz, 214.30 W, 61, P2, 0x0000000000000000
2026/08/26 22:45:22.571, 0, 20768 MiB, 76 %, 1950 MHz, 1950 MHz, 216.56 W, 62, P2, 0x0000000000000000
2026/08/26 22:45:23.571, 0, 20768 MiB, 84 %, 1950 MHz, 1950 MHz, 225.15 W, 62, P2, 0x0000000000000000
2026/08/26 22:45:24.572, 0, 20770 MiB, 83 %, 1950 MHz, 1950 MHz, 222.48 W, 62, P2, 0x0000000000000000
2026/08/26 22:45:25.572, 0, 20770 MiB, 78 %, 1950 MHz, 1950 MHz, 214.76 W, 62, P2, 0x0000000000000000
2026/08/26 22:45:26.572, 0, 20770 MiB, 84 %, 1950 MHz, 1950 MHz, 224.07 W, 62, P2, 0x0000000000000000
2026/08/26 22:45:27.572, 0, 20770 MiB, 84 %, 1950 MHz, 1950 MHz, 224.33 W, 62, P2, 0x0000000000000000
2026/08/26 22:45:28.572, 0, 20770 MiB, 82 %, 1950 MHz, 1950 MHz, 224.52 W, 62, P2, 0x0000000000000000
2026/08/26 22:45:29.573, 0, 20770 MiB, 81 %, 1950 MHz, 1950 MHz, 211.43 W, 62, P2, 0x0000000000000000
2026/08/26 22:45:30.573, 0, 20770 MiB, 83 %, 1950 MHz, 1950 MHz, 223.29 W, 62, P2, 0x0000000000000000
2026/08/26 22:45:31.573, 0, 20770 MiB, 81 %, 1950 MHz, 1950 MHz, 222.14 W, 62, P2, 0x0000000000000000
2026/08/26 22:45:32.573, 0, 20770 MiB, 84 %, 1950 MHz, 1950 MHz, 224.58 W, 62, P2, 0x0000000000000000
2026/08/26 22:45:33.574, 0, 20770 MiB, 82 %, 1950 MHz, 1950 MHz, 222.63 W, 62, P2, 0x0000000000000000
2026/08/26 22:45:34.574, 0, 20770 MiB, 79 %, 1950 MHz, 1950 MHz, 224.62 W, 63, P2, 0x0000000000000000
2026/08/26 22:45:35.574, 0, 20770 MiB, 84 %, 1950 MHz, 1950 MHz, 223.31 W, 62, P2, 0x0000000000000000
2026/08/26 22:45:36.574, 0, 20770 MiB, 80 %, 1950 MHz, 1950 MHz, 223.02 W, 62, P2, 0x0000000000000000
2026/08/26 22:45:37.574, 0, 20770 MiB, 84 %, 1950 MHz, 1950 MHz, 223.35 W, 63, P2, 0x0000000000000000
2026/08/26 22:45:38.575, 0, 20770 MiB, 84 %, 1950 MHz, 1950 MHz, 227.51 W, 63, P2, 0x0000000000000000
2026/08/26 22:45:39.575, 0, 20772 MiB, 80 %, 1950 MHz, 1950 MHz, 225.53 W, 63, P2, 0x0000000000000000
2026/08/26 22:45:40.575, 0, 20772 MiB, 81 %, 1950 MHz, 1950 MHz, 225.08 W, 63, P2, 0x0000000000000000
2026/08/26 22:45:41.575, 0, 20772 MiB, 80 %, 1950 MHz, 1950 MHz, 224.93 W, 63, P2, 0x0000000000000000
2026/08/26 22:45:42.576, 0, 20772 MiB, 65 %, 1950 MHz, 1950 MHz, 216.74 W, 62, P2, 0x0000000000000000
2026/08/26 22:45:43.576, 0, 20776 MiB, 64 %, 1950 MHz, 1950 MHz, 216.23 W, 62, P2, 0x0000000000000000
2026/08/26 22:45:44.576, 0, 20778 MiB, 82 %, 1950 MHz, 1950 MHz, 203.88 W, 63, P2, 0x0000000000000000
2026/08/26 22:45:45.576, 0, 20778 MiB, 83 %, 1950 MHz, 1950 MHz, 225.65 W, 63, P2, 0x0000000000000000
2026/08/26 22:45:46.576, 0, 20780 MiB, 81 %, 1950 MHz, 1950 MHz, 227.11 W, 63, P2, 0x0000000000000000
2026/08/26 22:45:47.576, 0, 20780 MiB, 78 %, 1950 MHz, 1950 MHz, 230.27 W, 63, P2, 0x0000000000000000
2026/08/26 22:45:48.577, 0, 20780 MiB, 82 %, 1950 MHz, 1950 MHz, 228.62 W, 63, P2, 0x0000000000000004
2026/08/26 22:45:49.577, 0, 20780 MiB, 83 %, 1950 MHz, 1950 MHz, 229.07 W, 63, P2, 0x0000000000000000
2026/08/26 22:45:50.577, 0, 20780 MiB, 78 %, 1950 MHz, 1950 MHz, 230.70 W, 63, P2, 0x0000000000000000
2026/08/26 22:45:51.577, 0, 20780 MiB, 80 %, 1950 MHz, 1950 MHz, 212.44 W, 62, P2, 0x0000000000000000
2026/08/26 22:45:52.577, 0, 20780 MiB, 79 %, 1950 MHz, 1950 MHz, 225.75 W, 63, P2, 0x0000000000000000
2026/08/26 22:45:53.577, 0, 20780 MiB, 82 %, 1950 MHz, 1950 MHz, 227.45 W, 62, P2, 0x0000000000000000
2026/08/26 22:45:54.578, 0, 20780 MiB, 81 %, 1950 MHz, 1950 MHz, 229.24 W, 63, P2, 0x0000000000000000
2026/08/26 22:45:55.578, 0, 20780 MiB, 80 %, 1950 MHz, 1950 MHz, 227.62 W, 63, P2, 0x0000000000000000
2026/08/26 22:45:56.578, 0, 20780 MiB, 44 %, 1950 MHz, 1950 MHz, 220.16 W, 62, P2, 0x0000000000000000
2026/08/26 22:45:57.578, 0, 20780 MiB, 82 %, 1950 MHz, 1950 MHz, 219.11 W, 63, P2, 0x0000000000000000
2026/08/26 22:45:58.578, 0, 20780 MiB, 42 %, 1950 MHz, 1950 MHz, 225.54 W, 62, P2, 0x0000000000000000
2026/08/26 22:45:59.579, 0, 20780 MiB, 84 %, 1950 MHz, 1950 MHz, 221.12 W, 63, P2, 0x0000000000000000
2026/08/26 22:46:00.579, 0, 20780 MiB, 83 %, 1950 MHz, 1950 MHz, 227.30 W, 63, P2, 0x0000000000000000
2026/08/26 22:46:01.579, 0, 20780 MiB, 84 %, 1950 MHz, 1950 MHz, 212.82 W, 62, P2, 0x0000000000000000
2026/08/26 22:46:02.579, 0, 20780 MiB, 83 %, 1950 MHz, 1950 MHz, 224.48 W, 63, P2, 0x0000000000000000
2026/08/26 22:46:03.580, 0, 20780 MiB, 84 %, 1950 MHz, 1950 MHz, 224.62 W, 63, P2, 0x0000000000000000
2026/08/26 22:46:04.580, 0, 20780 MiB, 80 %, 1950 MHz, 1950 MHz, 226.56 W, 63, P2, 0x0000000000000000
2026/08/26 22:46:05.580, 0, 20780 MiB, 82 %, 1950 MHz, 1950 MHz, 227.50 W, 63, P2, 0x0000000000000000
2026/08/26 22:46:06.580, 0, 20780 MiB, 84 %, 1950 MHz, 1950 MHz, 226.09 W, 63, P2, 0x0000000000000000
2026/08/26 22:46:07.580, 0, 20780 MiB, 83 %, 1950 MHz, 1950 MHz, 223.76 W, 63, P2, 0x0000000000000000
2026/08/26 22:46:08.581, 0, 20780 MiB, 81 %, 1950 MHz, 1950 MHz, 222.68 W, 63, P2, 0x0000000000000000
2026/08/26 22:46:09.581, 0, 20780 MiB, 81 %, 1950 MHz, 1950 MHz, 225.32 W, 63, P2, 0x0000000000000000
2026/08/26 22:46:10.581, 0, 20780 MiB, 81 %, 1950 MHz, 1950 MHz, 225.97 W, 63, P2, 0x0000000000000000
2026/08/26 22:46:11.581, 0, 20780 MiB, 83 %, 1950 MHz, 1950 MHz, 225.62 W, 63, P2, 0x0000000000000000
2026/08/26 22:46:12.582, 0, 20780 MiB, 83 %, 1950 MHz, 1950 MHz, 225.70 W, 63, P2, 0x0000000000000000
2026/08/26 22:46:13.582, 0, 20780 MiB, 84 %, 1950 MHz, 1950 MHz, 226.32 W, 63, P2, 0x0000000000000000
2026/08/26 22:46:14.582, 0, 20780 MiB, 31 %, 1950 MHz, 1950 MHz, 217.14 W, 62, P2, 0x0000000000000000
2026/08/26 22:46:15.582, 0, 20780 MiB, 83 %, 1950 MHz, 1950 MHz, 218.81 W, 63, P2, 0x0000000000000000
2026/08/26 22:46:16.582, 0, 85 MiB, 86 %, 1950 MHz, 1950 MHz, 209.56 W, 61, P2, 0x0000000000000000
2026/08/26 22:46:17.801, 0, 346 MiB, 0 %, 1950 MHz, 1950 MHz, 167.66 W, 61, P2, 0x0000000000000000
2026/08/26 22:46:18.801, 0, 346 MiB, 5 %, 1950 MHz, 1950 MHz, 165.06 W, 60, P2, 0x0000000000000000
2026/08/26 22:46:19.801, 0, 346 MiB, 6 %, 1695 MHz, 1695 MHz, 142.05 W, 59, P2, 0x0000000000000000
2026/08/26 22:46:20.802, 0, 20144 MiB, 100 %, 1950 MHz, 1950 MHz, 131.61 W, 59, P2, 0x0000000000000000
2026/08/26 22:46:21.802, 0, 20144 MiB, 99 %, 1950 MHz, 1950 MHz, 165.20 W, 60, P2, 0x0000000000000000
2026/08/26 22:46:22.802, 0, 20144 MiB, 100 %, 1950 MHz, 1950 MHz, 165.20 W, 60, P2, 0x0000000000000000
2026/08/26 22:46:23.802, 0, 20144 MiB, 100 %, 1950 MHz, 1950 MHz, 164.95 W, 60, P2, 0x0000000000000000
2026/08/26 22:46:24.802, 0, 20144 MiB, 100 %, 1950 MHz, 1950 MHz, 164.63 W, 59, P2, 0x0000000000000000
2026/08/26 22:46:25.813, 0, 20144 MiB, 100 %, 1950 MHz, 1950 MHz, 164.39 W, 60, P2, 0x0000000000000000
2026/08/26 22:46:26.813, 0, 20144 MiB, 99 %, 1950 MHz, 1950 MHz, 164.32 W, 60, P2, 0x0000000000000000
2026/08/26 22:46:27.813, 0, 20144 MiB, 100 %, 1950 MHz, 1950 MHz, 164.20 W, 60, P2, 0x0000000000000000
2026/08/26 22:46:28.813, 0, 20144 MiB, 100 %, 1950 MHz, 1950 MHz, 164.04 W, 59, P2, 0x0000000000000000
2026/08/26 22:46:29.814, 0, 20144 MiB, 100 %, 1950 MHz, 1950 MHz, 163.91 W, 59, P2, 0x0000000000000000
2026/08/26 22:46:30.814, 0, 20144 MiB, 99 %, 1950 MHz, 1950 MHz, 163.66 W, 59, P2, 0x0000000000000000
2026/08/26 22:46:31.814, 0, 20144 MiB, 100 %, 1950 MHz, 1950 MHz, 163.66 W, 59, P2, 0x0000000000000000
2026/08/26 22:46:32.814, 0, 20816 MiB, 19 %, 1950 MHz, 1950 MHz, 178.88 W, 61, P2, 0x0000000000000000
2026/08/26 22:46:33.814, 0, 20816 MiB, 65 %, 1950 MHz, 1950 MHz, 282.50 W, 62, P2, 0x0000000000000000
2026/08/26 22:46:34.814, 0, 20816 MiB, 76 %, 1950 MHz, 1950 MHz, 289.19 W, 65, P2, 0x0000000000000000
2026/08/26 22:46:35.814, 0, 20816 MiB, 76 %, 1950 MHz, 1950 MHz, 286.59 W, 66, P2, 0x0000000000000000
2026/08/26 22:46:36.815, 0, 20816 MiB, 77 %, 1950 MHz, 1950 MHz, 324.61 W, 66, P2, 0x0000000000000000
2026/08/26 22:46:37.815, 0, 20816 MiB, 77 %, 1950 MHz, 1950 MHz, 309.59 W, 63, P2, 0x0000000000000004
2026/08/26 22:46:38.815, 0, 20824 MiB, 38 %, 1950 MHz, 1950 MHz, 225.74 W, 65, P2, 0x0000000000000000
2026/08/26 22:46:39.815, 0, 20824 MiB, 76 %, 1950 MHz, 1950 MHz, 322.09 W, 67, P2, 0x0000000000000004
2026/08/26 22:46:40.815, 0, 20824 MiB, 74 %, 1950 MHz, 1950 MHz, 325.81 W, 67, P2, 0x0000000000000000
2026/08/26 22:46:41.815, 0, 20824 MiB, 52 %, 1950 MHz, 1950 MHz, 280.23 W, 66, P2, 0x0000000000000000
2026/08/26 22:46:42.815, 0, 20824 MiB, 77 %, 1935 MHz, 1935 MHz, 324.06 W, 67, P2, 0x0000000000000000
2026/08/26 22:46:43.815, 0, 20824 MiB, 75 %, 1935 MHz, 1935 MHz, 291.88 W, 68, P2, 0x0000000000000000
2026/08/26 22:46:44.816, 0, 20824 MiB, 74 %, 1935 MHz, 1935 MHz, 266.97 W, 64, P2, 0x0000000000000004
2026/08/26 22:46:45.816, 0, 20824 MiB, 78 %, 1935 MHz, 1935 MHz, 309.95 W, 68, P2, 0x0000000000000004
2026/08/26 22:46:46.816, 0, 20824 MiB, 80 %, 1935 MHz, 1935 MHz, 328.14 W, 68, P2, 0x0000000000000004
2026/08/26 22:46:47.816, 0, 20824 MiB, 80 %, 1935 MHz, 1935 MHz, 295.22 W, 68, P2, 0x0000000000000004
2026/08/26 22:46:48.816, 0, 346 MiB, 100 %, 1935 MHz, 1935 MHz, 237.48 W, 64, P2, 0x0000000000000000
2026/08/26 22:46:49.949, 0, 346 MiB, 0 %, 1950 MHz, 1950 MHz, 170.30 W, 62, P2, 0x0000000000000000
2026/08/26 22:46:50.949, 0, 346 MiB, 0 %, 1695 MHz, 1695 MHz, 158.91 W, 62, P2, 0x0000000000000000
2026/08/26 22:46:51.949, 0, 346 MiB, 19 %, 1695 MHz, 1695 MHz, 130.51 W, 60, P2, 0x0000000000000000
2026/08/26 22:46:52.949, 0, 19044 MiB, 0 %, 1950 MHz, 1950 MHz, 129.21 W, 59, P2, 0x0000000000000000
2026/08/26 22:46:53.951, 0, 19044 MiB, 100 %, 1950 MHz, 1950 MHz, 156.53 W, 60, P2, 0x0000000000000000
2026/08/26 22:46:54.951, 0, 19044 MiB, 100 %, 1950 MHz, 1950 MHz, 155.25 W, 60, P2, 0x0000000000000000
2026/08/26 22:46:55.951, 0, 19044 MiB, 99 %, 1950 MHz, 1950 MHz, 155.21 W, 60, P2, 0x0000000000000000
2026/08/26 22:46:56.951, 0, 19044 MiB, 99 %, 1950 MHz, 1950 MHz, 154.85 W, 60, P2, 0x0000000000000000
2026/08/26 22:46:57.951, 0, 19044 MiB, 99 %, 1950 MHz, 1950 MHz, 154.68 W, 60, P2, 0x0000000000000000
2026/08/26 22:46:58.951, 0, 21094 MiB, 100 %, 1950 MHz, 1950 MHz, 156.53 W, 60, P2, 0x0000000000000000
2026/08/26 22:46:59.952, 0, 22286 MiB, 10 %, 1950 MHz, 1950 MHz, 195.03 W, 64, P2, 0x0000000000000004
2026/08/26 22:47:00.952, 0, 22286 MiB, 79 %, 1950 MHz, 1950 MHz, 265.79 W, 64, P2, 0x0000000000000000
2026/08/26 22:47:01.952, 0, 22286 MiB, 61 %, 1950 MHz, 1950 MHz, 288.44 W, 65, P2, 0x0000000000000004
2026/08/26 22:47:02.952, 0, 22286 MiB, 80 %, 1950 MHz, 1950 MHz, 330.24 W, 67, P2, 0x0000000000000004
2026/08/26 22:47:03.953, 0, 22286 MiB, 78 %, 1950 MHz, 1950 MHz, 330.55 W, 67, P2, 0x0000000000000004
2026/08/26 22:47:04.953, 0, 22292 MiB, 59 %, 1935 MHz, 1935 MHz, 259.96 W, 63, P2, 0x0000000000000004
2026/08/26 22:47:05.953, 0, 22292 MiB, 55 %, 1950 MHz, 1950 MHz, 232.46 W, 66, P2, 0x0000000000000004
2026/08/26 22:47:06.953, 0, 22292 MiB, 78 %, 1950 MHz, 1950 MHz, 327.00 W, 67, P2, 0x0000000000000004
2026/08/26 22:47:07.953, 0, 22292 MiB, 65 %, 1935 MHz, 1935 MHz, 248.74 W, 63, P2, 0x0000000000000004
2026/08/26 22:47:08.954, 0, 22292 MiB, 77 %, 1935 MHz, 1935 MHz, 292.48 W, 67, P2, 0x0000000000000000
2026/08/26 22:47:09.954, 0, 22292 MiB, 67 %, 1935 MHz, 1935 MHz, 297.15 W, 68, P2, 0x0000000000000004
2026/08/26 22:47:10.954, 0, 22292 MiB, 77 %, 1920 MHz, 1920 MHz, 266.57 W, 65, P2, 0x0000000000000004
2026/08/26 22:47:11.954, 0, 22292 MiB, 77 %, 1935 MHz, 1935 MHz, 323.24 W, 68, P2, 0x0000000000000004
2026/08/26 22:47:12.954, 0, 22292 MiB, 77 %, 1935 MHz, 1935 MHz, 327.63 W, 68, P2, 0x0000000000000004
2026/08/26 22:47:13.955, 0, 22292 MiB, 60 %, 1935 MHz, 1935 MHz, 290.05 W, 69, P2, 0x0000000000000004
2026/08/26 22:47:14.955, 0, 346 MiB, 100 %, 1935 MHz, 1935 MHz, 226.04 W, 63, P0, 0x0000000000000000
2026/08/26 22:47:16.002, 0, 346 MiB, 0 %, 1950 MHz, 1950 MHz, 170.84 W, 62, P2, 0x0000000000000000
2026/08/26 22:47:17.002, 0, 346 MiB, 0 %, 1695 MHz, 1695 MHz, 157.68 W, 61, P2, 0x0000000000000000
2026/08/26 22:47:18.002, 0, 346 MiB, 14 %, 1695 MHz, 1695 MHz, 131.64 W, 59, P2, 0x0000000000000000
2026/08/26 22:47:19.003, 0, 18082 MiB, 100 %, 1950 MHz, 1950 MHz, 126.65 W, 59, P2, 0x0000000000000000
2026/08/26 22:47:20.003, 0, 18082 MiB, 99 %, 1950 MHz, 1950 MHz, 156.85 W, 60, P2, 0x0000000000000000
2026/08/26 22:47:21.011, 0, 18082 MiB, 99 %, 1950 MHz, 1950 MHz, 155.54 W, 60, P2, 0x0000000000000000
2026/08/26 22:47:22.011, 0, 18082 MiB, 99 %, 1950 MHz, 1950 MHz, 155.25 W, 60, P2, 0x0000000000000000
2026/08/26 22:47:23.011, 0, 18082 MiB, 100 %, 1950 MHz, 1950 MHz, 155.10 W, 60, P2, 0x0000000000000000
2026/08/26 22:47:24.011, 0, 18082 MiB, 100 %, 1950 MHz, 1950 MHz, 155.05 W, 60, P2, 0x0000000000000000
2026/08/26 22:47:25.012, 0, 21776 MiB, 2 %, 1950 MHz, 1950 MHz, 159.89 W, 60, P2, 0x0000000000000000
2026/08/26 22:47:26.012, 0, 21828 MiB, 66 %, 1950 MHz, 1950 MHz, 225.48 W, 64, P2, 0x0000000000000000
2026/08/26 22:47:27.012, 0, 21828 MiB, 76 %, 1950 MHz, 1950 MHz, 268.39 W, 65, P2, 0x0000000000000000
2026/08/26 22:47:28.012, 0, 21828 MiB, 40 %, 1950 MHz, 1950 MHz, 275.79 W, 66, P2, 0x0000000000000004
2026/08/26 22:47:29.012, 0, 21828 MiB, 69 %, 1950 MHz, 1950 MHz, 314.05 W, 67, P2, 0x0000000000000004
2026/08/26 22:47:30.013, 0, 21828 MiB, 73 %, 1950 MHz, 1950 MHz, 316.36 W, 67, P2, 0x0000000000000004
2026/08/26 22:47:31.013, 0, 21830 MiB, 69 %, 1950 MHz, 1950 MHz, 277.61 W, 64, P2, 0x0000000000000004
2026/08/26 22:47:32.013, 0, 21834 MiB, 100 %, 1950 MHz, 1950 MHz, 196.36 W, 61, P2, 0x0000000000000000
2026/08/26 22:47:33.013, 0, 21834 MiB, 71 %, 1950 MHz, 1950 MHz, 284.46 W, 67, P2, 0x0000000000000004
2026/08/26 22:47:34.013, 0, 21834 MiB, 69 %, 1950 MHz, 1950 MHz, 294.73 W, 65, P2, 0x0000000000000004
2026/08/26 22:47:35.013, 0, 21834 MiB, 67 %, 1950 MHz, 1950 MHz, 240.92 W, 67, P2, 0x0000000000000004
2026/08/26 22:47:36.014, 0, 21834 MiB, 70 %, 1935 MHz, 1935 MHz, 296.85 W, 64, P2, 0x0000000000000004
2026/08/26 22:47:37.014, 0, 21834 MiB, 70 %, 1920 MHz, 1920 MHz, 256.95 W, 65, P2, 0x0000000000000004
2026/08/26 22:47:38.014, 0, 21834 MiB, 39 %, 1935 MHz, 1935 MHz, 276.37 W, 67, P2, 0x0000000000000000
2026/08/26 22:47:39.014, 0, 21834 MiB, 70 %, 1935 MHz, 1935 MHz, 315.43 W, 68, P2, 0x0000000000000000
2026/08/26 22:47:40.014, 0, 21834 MiB, 72 %, 1935 MHz, 1935 MHz, 316.32 W, 68, P2, 0x0000000000000004
2026/08/26 22:47:41.015, 0, 21834 MiB, 73 %, 1935 MHz, 1935 MHz, 285.61 W, 67, P2, 0x0000000000000004
2026/08/26 22:47:42.015, 0, 85 MiB, 1 %, 1935 MHz, 1935 MHz, 267.45 W, 64, P2, 0x0000000000000000
2026/08/26 22:47:43.135, 0, 346 MiB, 0 %, 1950 MHz, 1950 MHz, 170.12 W, 63, P2, 0x0000000000000024
2026/08/26 22:47:44.135, 0, 346 MiB, 0 %, 1950 MHz, 1950 MHz, 156.33 W, 62, P2, 0x0000000000000000
2026/08/26 22:47:45.135, 0, 346 MiB, 0 %, 1695 MHz, 1695 MHz, 138.44 W, 60, P2, 0x0000000000000000
2026/08/26 22:47:46.135, 0, 17618 MiB, 0 %, 1950 MHz, 1950 MHz, 129.78 W, 60, P2, 0x0000000000000000
2026/08/26 22:47:47.136, 0, 17618 MiB, 100 %, 1950 MHz, 1950 MHz, 161.73 W, 61, P2, 0x0000000000000000
2026/08/26 22:47:48.136, 0, 17618 MiB, 99 %, 1950 MHz, 1950 MHz, 156.84 W, 60, P2, 0x0000000000000000
2026/08/26 22:47:49.139, 0, 17618 MiB, 99 %, 1950 MHz, 1950 MHz, 155.51 W, 60, P2, 0x0000000000000000
2026/08/26 22:47:50.139, 0, 17618 MiB, 99 %, 1950 MHz, 1950 MHz, 155.53 W, 60, P2, 0x0000000000000000
2026/08/26 22:47:51.139, 0, 17618 MiB, 100 %, 1950 MHz, 1950 MHz, 155.27 W, 60, P2, 0x0000000000000000
2026/08/26 22:47:52.139, 0, 20136 MiB, 98 %, 1950 MHz, 1950 MHz, 156.84 W, 60, P2, 0x0000000000000000
2026/08/26 22:47:53.139, 0, 20276 MiB, 0 %, 1950 MHz, 1950 MHz, 193.15 W, 64, P2, 0x0000000000000000
2026/08/26 22:47:54.139, 0, 20276 MiB, 68 %, 1950 MHz, 1950 MHz, 244.59 W, 63, P2, 0x0000000000000000
2026/08/26 22:47:55.139, 0, 20276 MiB, 70 %, 1950 MHz, 1950 MHz, 277.22 W, 65, P2, 0x0000000000000000
2026/08/26 22:47:56.139, 0, 20276 MiB, 69 %, 1950 MHz, 1950 MHz, 311.48 W, 66, P2, 0x0000000000000000
2026/08/26 22:47:57.140, 0, 20276 MiB, 69 %, 1950 MHz, 1950 MHz, 311.82 W, 67, P2, 0x0000000000000000
2026/08/26 22:47:58.140, 0, 20284 MiB, 50 %, 1935 MHz, 1935 MHz, 247.99 W, 64, P2, 0x0000000000000004
2026/08/26 22:47:59.140, 0, 20288 MiB, 100 %, 1950 MHz, 1950 MHz, 216.80 W, 65, P2, 0x0000000000000000
2026/08/26 22:48:00.140, 0, 20288 MiB, 64 %, 1950 MHz, 1950 MHz, 306.70 W, 67, P2, 0x0000000000000000
2026/08/26 22:48:01.140, 0, 20288 MiB, 70 %, 1875 MHz, 1875 MHz, 272.39 W, 64, P2, 0x0000000000000004
2026/08/26 22:48:02.140, 0, 20288 MiB, 84 %, 1950 MHz, 1950 MHz, 227.06 W, 66, P2, 0x0000000000000000
2026/08/26 22:48:03.140, 0, 20288 MiB, 68 %, 1950 MHz, 1950 MHz, 282.89 W, 64, P2, 0x0000000000000000
2026/08/26 22:48:04.140, 0, 20288 MiB, 66 %, 1950 MHz, 1950 MHz, 283.75 W, 66, P2, 0x0000000000000000
2026/08/26 22:48:05.140, 0, 20288 MiB, 69 %, 1950 MHz, 1950 MHz, 282.72 W, 67, P2, 0x0000000000000000
2026/08/26 22:48:06.141, 0, 20288 MiB, 67 %, 1935 MHz, 1935 MHz, 310.49 W, 67, P2, 0x0000000000000004
2026/08/26 22:48:07.141, 0, 20288 MiB, 65 %, 1935 MHz, 1935 MHz, 289.88 W, 65, P2, 0x0000000000000000
2026/08/26 22:48:08.141, 0, 82 MiB, 6 %, 1935 MHz, 1935 MHz, 214.78 W, 63, P0, 0x0000000000000000
2026/08/26 22:48:09.141, 0, 82 MiB, 0 %, 1950 MHz, 1950 MHz, 164.15 W, 62, P0, 0x0000000000000000
2026/08/26 22:48:10.141, 0, 82 MiB, 0 %, 1950 MHz, 1950 MHz, 157.15 W, 61, P3, 0x0000000000000001
2026/08/26 22:48:11.141, 0, 82 MiB, 0 %, 1950 MHz, 1950 MHz, 124.07 W, 58, P3, 0x0000000000000001
2026/08/26 22:48:12.142, 0, 82 MiB, 0 %, 270 MHz, 270 MHz, 87.41 W, 57, P3, 0x0000000000000001
2026/08/26 22:48:13.142, 0, 82 MiB, 0 %, 210 MHz, 210 MHz, 78.94 W, 56, P5, 0x0000000000000001
2026/08/26 22:48:14.142, 0, 82 MiB, 0 %, 210 MHz, 210 MHz, 56.12 W, 55, P5, 0x0000000000000004
2026/08/26 22:48:15.142, 0, 82 MiB, 0 %, 210 MHz, 210 MHz, 36.41 W, 54, P8, 0x0000000000000001
2026/08/26 22:48:16.142, 0, 82 MiB, 0 %, 210 MHz, 210 MHz, 32.31 W, 54, P8, 0x0000000000000001
2026/08/26 22:48:17.142, 0, 82 MiB, 0 %, 210 MHz, 210 MHz, 30.38 W, 53, P8, 0x0000000000000001
2026/08/26 22:48:18.143, 0, 82 MiB, 0 %, 210 MHz, 210 MHz, 30.84 W, 52, P8, 0x0000000000000001
2026/08/26 22:48:19.143, 0, 85 MiB, 0 %, 210 MHz, 210 MHz, 30.84 W, 52, P8, 0x0000000000000001
2026/08/26 22:48:20.304, 0, 346 MiB, 0 %, 1980 MHz, 1980 MHz, 66.45 W, 57, P2, 0x0000000000000000
2026/08/26 22:48:21.304, 0, 346 MiB, 7 %, 1965 MHz, 1965 MHz, 160.21 W, 57, P2, 0x0000000000000000
2026/08/26 22:48:22.304, 0, 346 MiB, 8 %, 1695 MHz, 1695 MHz, 158.26 W, 57, P2, 0x0000000000000000
2026/08/26 22:48:23.304, 0, 20144 MiB, 100 %, 1695 MHz, 1695 MHz, 127.43 W, 56, P2, 0x0000000000000000
2026/08/26 22:48:24.304, 0, 20144 MiB, 100 %, 1965 MHz, 1965 MHz, 155.33 W, 58, P2, 0x0000000000000000
2026/08/26 22:48:25.304, 0, 20144 MiB, 99 %, 1965 MHz, 1965 MHz, 162.30 W, 58, P2, 0x0000000000000000
2026/08/26 22:48:26.372, 0, 20144 MiB, 100 %, 1965 MHz, 1965 MHz, 162.67 W, 58, P2, 0x0000000000000000
2026/08/26 22:48:27.372, 0, 20144 MiB, 100 %, 1965 MHz, 1965 MHz, 162.53 W, 58, P2, 0x0000000000000000
2026/08/26 22:48:28.372, 0, 20144 MiB, 99 %, 1965 MHz, 1965 MHz, 162.83 W, 58, P2, 0x0000000000000000
2026/08/26 22:48:29.372, 0, 20144 MiB, 100 %, 1965 MHz, 1965 MHz, 163.10 W, 58, P2, 0x0000000000000000
2026/08/26 22:48:30.373, 0, 20144 MiB, 100 %, 1965 MHz, 1965 MHz, 162.63 W, 58, P2, 0x0000000000000000
2026/08/26 22:48:31.373, 0, 20144 MiB, 100 %, 1965 MHz, 1965 MHz, 162.71 W, 58, P2, 0x0000000000000000
2026/08/26 22:48:32.373, 0, 20144 MiB, 100 %, 1965 MHz, 1965 MHz, 162.80 W, 58, P2, 0x0000000000000000
2026/08/26 22:48:33.373, 0, 20144 MiB, 99 %, 1965 MHz, 1965 MHz, 162.71 W, 58, P2, 0x0000000000000000
2026/08/26 22:48:34.373, 0, 20144 MiB, 100 %, 1965 MHz, 1965 MHz, 162.48 W, 58, P2, 0x0000000000000000
2026/08/26 22:48:35.373, 0, 20816 MiB, 23 %, 1950 MHz, 1950 MHz, 174.38 W, 60, P2, 0x0000000000000004
2026/08/26 22:48:36.373, 0, 20816 MiB, 77 %, 1950 MHz, 1950 MHz, 301.12 W, 64, P2, 0x0000000000000000
2026/08/26 22:48:37.373, 0, 20816 MiB, 78 %, 1950 MHz, 1950 MHz, 317.62 W, 64, P2, 0x0000000000000000
2026/08/26 22:48:38.374, 0, 20816 MiB, 79 %, 1950 MHz, 1950 MHz, 290.61 W, 64, P2, 0x0000000000000000
2026/08/26 22:48:39.374, 0, 20816 MiB, 79 %, 1950 MHz, 1950 MHz, 319.77 W, 65, P2, 0x0000000000000004
2026/08/26 22:48:40.374, 0, 20816 MiB, 79 %, 1950 MHz, 1950 MHz, 321.60 W, 66, P2, 0x0000000000000004
2026/08/26 22:48:41.374, 0, 20816 MiB, 26 %, 1950 MHz, 1950 MHz, 285.89 W, 66, P2, 0x0000000000000000
2026/08/26 22:48:42.374, 0, 20816 MiB, 78 %, 1950 MHz, 1950 MHz, 327.57 W, 66, P2, 0x0000000000000004
2026/08/26 22:48:43.374, 0, 20816 MiB, 79 %, 1950 MHz, 1950 MHz, 327.08 W, 67, P2, 0x0000000000000004
2026/08/26 22:48:44.374, 0, 20816 MiB, 69 %, 1950 MHz, 1950 MHz, 291.99 W, 67, P2, 0x0000000000000004
2026/08/26 22:48:45.375, 0, 20816 MiB, 79 %, 1950 MHz, 1950 MHz, 327.35 W, 67, P2, 0x0000000000000004
2026/08/26 22:48:46.375, 0, 20816 MiB, 79 %, 1935 MHz, 1935 MHz, 310.37 W, 66, P2, 0x0000000000000000
2026/08/26 22:48:47.375, 0, 20820 MiB, 77 %, 1935 MHz, 1935 MHz, 280.65 W, 67, P2, 0x0000000000000000
2026/08/26 22:48:48.375, 0, 20820 MiB, 78 %, 1935 MHz, 1935 MHz, 323.63 W, 67, P2, 0x0000000000000000
2026/08/26 22:48:49.375, 0, 20824 MiB, 78 %, 1935 MHz, 1935 MHz, 305.06 W, 65, P2, 0x0000000000000004
2026/08/26 22:48:50.375, 0, 20824 MiB, 77 %, 1935 MHz, 1935 MHz, 278.13 W, 68, P2, 0x0000000000000000
2026/08/26 22:48:51.375, 0, 20824 MiB, 75 %, 1935 MHz, 1935 MHz, 323.44 W, 68, P2, 0x0000000000000000
2026/08/26 22:48:52.376, 0, 20824 MiB, 79 %, 1935 MHz, 1935 MHz, 306.57 W, 66, P2, 0x0000000000000004
2026/08/26 22:48:53.376, 0, 20824 MiB, 71 %, 1935 MHz, 1935 MHz, 274.58 W, 68, P2, 0x0000000000000000
2026/08/26 22:48:54.376, 0, 20824 MiB, 79 %, 1935 MHz, 1935 MHz, 327.70 W, 69, P2, 0x0000000000000004
2026/08/26 22:48:55.376, 0, 20824 MiB, 80 %, 1935 MHz, 1935 MHz, 309.74 W, 66, P2, 0x0000000000000004
2026/08/26 22:48:56.376, 0, 20824 MiB, 79 %, 1935 MHz, 1935 MHz, 308.10 W, 69, P2, 0x0000000000000004
2026/08/26 22:48:57.376, 0, 20824 MiB, 79 %, 1935 MHz, 1935 MHz, 328.20 W, 69, P2, 0x0000000000000004
2026/08/26 22:48:58.376, 0, 20824 MiB, 78 %, 1935 MHz, 1935 MHz, 296.46 W, 66, P2, 0x0000000000000000
2026/08/26 22:48:59.377, 0, 20824 MiB, 77 %, 1935 MHz, 1935 MHz, 325.46 W, 70, P2, 0x0000000000000004
2026/08/26 22:49:00.377, 0, 20824 MiB, 77 %, 1935 MHz, 1935 MHz, 328.08 W, 70, P2, 0x0000000000000004
2026/08/26 22:49:01.377, 0, 20824 MiB, 54 %, 1935 MHz, 1935 MHz, 294.26 W, 69, P2, 0x0000000000000004
2026/08/26 22:49:02.377, 0, 20824 MiB, 78 %, 1935 MHz, 1935 MHz, 328.26 W, 70, P2, 0x0000000000000004
2026/08/26 22:49:03.377, 0, 20824 MiB, 78 %, 1935 MHz, 1935 MHz, 328.98 W, 70, P2, 0x0000000000000004
2026/08/26 22:49:04.377, 0, 20824 MiB, 67 %, 1935 MHz, 1935 MHz, 296.41 W, 70, P2, 0x0000000000000004
2026/08/26 22:49:05.377, 0, 20824 MiB, 78 %, 1935 MHz, 1935 MHz, 331.15 W, 71, P2, 0x0000000000000004
2026/08/26 22:49:06.377, 0, 20824 MiB, 79 %, 1935 MHz, 1935 MHz, 333.04 W, 71, P2, 0x0000000000000004
2026/08/26 22:49:07.378, 0, 346 MiB, 100 %, 1935 MHz, 1935 MHz, 274.66 W, 66, P2, 0x0000000000000000
2026/08/26 22:49:08.528, 0, 346 MiB, 0 %, 1935 MHz, 1935 MHz, 171.35 W, 64, P2, 0x0000000000000000
2026/08/26 22:49:09.528, 0, 346 MiB, 17 %, 1695 MHz, 1695 MHz, 159.46 W, 63, P2, 0x0000000000000000
2026/08/26 22:49:10.529, 0, 346 MiB, 19 %, 1695 MHz, 1695 MHz, 137.71 W, 61, P2, 0x0000000000000000
2026/08/26 22:49:11.529, 0, 19044 MiB, 37 %, 1950 MHz, 1950 MHz, 133.64 W, 61, P2, 0x0000000000000000
2026/08/26 22:49:12.530, 0, 19044 MiB, 99 %, 1950 MHz, 1950 MHz, 169.05 W, 62, P2, 0x0000000000000000
2026/08/26 22:49:13.530, 0, 19044 MiB, 100 %, 1950 MHz, 1950 MHz, 168.55 W, 62, P2, 0x0000000000000000
2026/08/26 22:49:14.530, 0, 19044 MiB, 99 %, 1950 MHz, 1950 MHz, 168.58 W, 61, P2, 0x0000000000000000
2026/08/26 22:49:15.531, 0, 19044 MiB, 100 %, 1950 MHz, 1950 MHz, 167.36 W, 61, P2, 0x0000000000000000
2026/08/26 22:49:16.531, 0, 19044 MiB, 100 %, 1950 MHz, 1950 MHz, 165.21 W, 61, P2, 0x0000000000000000
2026/08/26 22:49:17.531, 0, 19044 MiB, 99 %, 1950 MHz, 1950 MHz, 166.44 W, 61, P2, 0x0000000000000000
2026/08/26 22:49:18.531, 0, 19044 MiB, 100 %, 1950 MHz, 1950 MHz, 167.89 W, 61, P2, 0x0000000000000000
2026/08/26 22:49:19.531, 0, 19044 MiB, 99 %, 1950 MHz, 1950 MHz, 166.62 W, 61, P2, 0x0000000000000000
2026/08/26 22:49:20.531, 0, 19044 MiB, 100 %, 1950 MHz, 1950 MHz, 167.37 W, 61, P2, 0x0000000000000000
2026/08/26 22:49:21.531, 0, 21094 MiB, 99 %, 1950 MHz, 1950 MHz, 167.09 W, 61, P2, 0x0000000000000000
2026/08/26 22:49:22.532, 0, 22286 MiB, 0 %, 1950 MHz, 1950 MHz, 205.94 W, 65, P2, 0x0000000000000004
2026/08/26 22:49:23.532, 0, 22286 MiB, 75 %, 1950 MHz, 1950 MHz, 326.97 W, 67, P2, 0x0000000000000004
2026/08/26 22:49:24.532, 0, 22286 MiB, 76 %, 1950 MHz, 1950 MHz, 299.93 W, 64, P2, 0x0000000000000004
2026/08/26 22:49:25.532, 0, 22286 MiB, 79 %, 1935 MHz, 1935 MHz, 318.01 W, 68, P2, 0x0000000000000004
2026/08/26 22:49:26.532, 0, 22286 MiB, 79 %, 1935 MHz, 1935 MHz, 297.58 W, 64, P2, 0x0000000000000004
2026/08/26 22:49:27.532, 0, 22286 MiB, 78 %, 1935 MHz, 1935 MHz, 313.79 W, 68, P2, 0x0000000000000004
2026/08/26 22:49:28.532, 0, 22286 MiB, 78 %, 1935 MHz, 1935 MHz, 324.92 W, 67, P2, 0x0000000000000004
2026/08/26 22:49:29.532, 0, 22286 MiB, 78 %, 1935 MHz, 1935 MHz, 288.16 W, 68, P2, 0x0000000000000004
2026/08/26 22:49:30.533, 0, 22286 MiB, 79 %, 1935 MHz, 1935 MHz, 331.98 W, 69, P2, 0x0000000000000004
2026/08/26 22:49:31.533, 0, 22286 MiB, 77 %, 1935 MHz, 1935 MHz, 329.18 W, 67, P2, 0x0000000000000004
2026/08/26 22:49:32.533, 0, 22288 MiB, 79 %, 1935 MHz, 1935 MHz, 282.27 W, 69, P2, 0x0000000000000004
2026/08/26 22:49:33.533, 0, 22288 MiB, 77 %, 1935 MHz, 1935 MHz, 330.02 W, 69, P2, 0x0000000000000004
2026/08/26 22:49:34.533, 0, 22292 MiB, 100 %, 1935 MHz, 1935 MHz, 221.32 W, 66, P2, 0x0000000000000000
2026/08/26 22:49:35.533, 0, 22292 MiB, 77 %, 1935 MHz, 1935 MHz, 316.63 W, 69, P2, 0x0000000000000004
2026/08/26 22:49:36.533, 0, 22292 MiB, 76 %, 1935 MHz, 1935 MHz, 309.64 W, 67, P2, 0x0000000000000004
2026/08/26 22:49:37.534, 0, 22292 MiB, 79 %, 1935 MHz, 1935 MHz, 252.16 W, 69, P2, 0x0000000000000004
2026/08/26 22:49:38.534, 0, 22292 MiB, 80 %, 1935 MHz, 1935 MHz, 332.71 W, 69, P2, 0x0000000000000004
2026/08/26 22:49:39.534, 0, 22292 MiB, 52 %, 1935 MHz, 1935 MHz, 296.10 W, 69, P2, 0x0000000000000004
2026/08/26 22:49:40.534, 0, 22292 MiB, 77 %, 1935 MHz, 1935 MHz, 327.24 W, 70, P2, 0x0000000000000004
2026/08/26 22:49:41.534, 0, 22292 MiB, 75 %, 1935 MHz, 1935 MHz, 300.90 W, 67, P2, 0x0000000000000004
2026/08/26 22:49:42.534, 0, 22292 MiB, 79 %, 1935 MHz, 1935 MHz, 319.25 W, 70, P2, 0x0000000000000004
2026/08/26 22:49:43.534, 0, 22292 MiB, 73 %, 1935 MHz, 1935 MHz, 313.92 W, 66, P2, 0x0000000000000004
2026/08/26 22:49:44.535, 0, 22292 MiB, 78 %, 1935 MHz, 1935 MHz, 301.14 W, 70, P2, 0x0000000000000004
2026/08/26 22:49:45.535, 0, 22292 MiB, 78 %, 1935 MHz, 1935 MHz, 332.20 W, 70, P2, 0x0000000000000004
2026/08/26 22:49:46.535, 0, 22292 MiB, 79 %, 1935 MHz, 1935 MHz, 301.59 W, 70, P2, 0x0000000000000004
2026/08/26 22:49:47.535, 0, 22292 MiB, 78 %, 1935 MHz, 1935 MHz, 334.30 W, 71, P2, 0x0000000000000004
2026/08/26 22:49:48.535, 0, 22292 MiB, 79 %, 1935 MHz, 1935 MHz, 333.45 W, 71, P2, 0x0000000000000004
2026/08/26 22:49:49.535, 0, 82 MiB, 52 %, 1935 MHz, 1935 MHz, 258.34 W, 66, P2, 0x0000000000000000
2026/08/26 22:49:50.536, 0, 346 MiB, 0 %, 1935 MHz, 1935 MHz, 174.88 W, 65, P2, 0x0000000000000000
2026/08/26 22:49:51.536, 0, 346 MiB, 0 %, 1935 MHz, 1935 MHz, 165.09 W, 64, P2, 0x0000000000000000
2026/08/26 22:49:52.536, 0, 346 MiB, 0 %, 1695 MHz, 1695 MHz, 160.61 W, 63, P2, 0x0000000000000000
2026/08/26 22:49:53.536, 0, 18082 MiB, 0 %, 1695 MHz, 1695 MHz, 138.01 W, 61, P2, 0x0000000000000000
2026/08/26 22:49:54.536, 0, 18082 MiB, 99 %, 1950 MHz, 1950 MHz, 143.41 W, 62, P2, 0x0000000000000000
2026/08/26 22:49:55.536, 0, 18082 MiB, 99 %, 1950 MHz, 1950 MHz, 166.84 W, 62, P2, 0x0000000000000000
2026/08/26 22:49:56.537, 0, 18082 MiB, 99 %, 1950 MHz, 1950 MHz, 166.47 W, 62, P2, 0x0000000000000000
2026/08/26 22:49:57.537, 0, 18082 MiB, 100 %, 1950 MHz, 1950 MHz, 165.72 W, 62, P2, 0x0000000000000000
2026/08/26 22:49:58.537, 0, 18082 MiB, 100 %, 1950 MHz, 1950 MHz, 166.08 W, 62, P2, 0x0000000000000000
2026/08/26 22:49:59.537, 0, 18082 MiB, 100 %, 1950 MHz, 1950 MHz, 166.99 W, 62, P2, 0x0000000000000000
2026/08/26 22:50:00.537, 0, 18082 MiB, 100 %, 1950 MHz, 1950 MHz, 168.35 W, 62, P2, 0x0000000000000000
2026/08/26 22:50:01.537, 0, 18082 MiB, 100 %, 1950 MHz, 1950 MHz, 166.96 W, 61, P2, 0x0000000000000000
2026/08/26 22:50:02.537, 0, 18082 MiB, 99 %, 1950 MHz, 1950 MHz, 167.00 W, 61, P2, 0x0000000000000000
2026/08/26 22:50:03.538, 0, 21760 MiB, 99 %, 1950 MHz, 1950 MHz, 166.61 W, 60, P2, 0x0000000000000000
2026/08/26 22:50:04.538, 0, 21828 MiB, 66 %, 1950 MHz, 1950 MHz, 186.77 W, 64, P2, 0x0000000000000000
2026/08/26 22:50:05.538, 0, 21828 MiB, 71 %, 1950 MHz, 1950 MHz, 313.60 W, 67, P2, 0x0000000000000000
2026/08/26 22:50:06.538, 0, 21828 MiB, 72 %, 1935 MHz, 1935 MHz, 313.03 W, 67, P2, 0x0000000000000004
2026/08/26 22:50:07.538, 0, 21828 MiB, 72 %, 1935 MHz, 1935 MHz, 279.69 W, 67, P2, 0x0000000000000000
2026/08/26 22:50:08.538, 0, 21828 MiB, 68 %, 1935 MHz, 1935 MHz, 309.64 W, 67, P2, 0x0000000000000000
2026/08/26 22:50:09.539, 0, 21828 MiB, 71 %, 1935 MHz, 1935 MHz, 285.35 W, 67, P2, 0x0000000000000000
2026/08/26 22:50:10.539, 0, 21828 MiB, 73 %, 1935 MHz, 1935 MHz, 319.78 W, 68, P2, 0x0000000000000000
2026/08/26 22:50:11.539, 0, 21828 MiB, 69 %, 1935 MHz, 1935 MHz, 283.99 W, 67, P2, 0x0000000000000000
2026/08/26 22:50:12.539, 0, 21828 MiB, 69 %, 1935 MHz, 1935 MHz, 313.42 W, 68, P2, 0x0000000000000000
2026/08/26 22:50:13.539, 0, 21828 MiB, 69 %, 1935 MHz, 1935 MHz, 312.74 W, 68, P2, 0x0000000000000000
2026/08/26 22:50:14.539, 0, 21830 MiB, 19 %, 1935 MHz, 1935 MHz, 303.51 W, 65, P2, 0x0000000000000004
2026/08/26 22:50:15.539, 0, 21830 MiB, 69 %, 1935 MHz, 1935 MHz, 274.52 W, 69, P2, 0x0000000000000000
2026/08/26 22:50:16.539, 0, 21834 MiB, 25 %, 1935 MHz, 1935 MHz, 304.76 W, 66, P2, 0x0000000000000000
2026/08/26 22:50:17.540, 0, 21834 MiB, 64 %, 1935 MHz, 1935 MHz, 196.06 W, 66, P2, 0x0000000000000000
2026/08/26 22:50:18.540, 0, 21834 MiB, 69 %, 1935 MHz, 1935 MHz, 307.50 W, 68, P2, 0x0000000000000000
2026/08/26 22:50:19.540, 0, 21834 MiB, 100 %, 1905 MHz, 1905 MHz, 276.88 W, 64, P2, 0x0000000000000004
2026/08/26 22:50:20.540, 0, 21834 MiB, 72 %, 1935 MHz, 1935 MHz, 239.12 W, 68, P2, 0x0000000000000000
2026/08/26 22:50:21.540, 0, 21834 MiB, 74 %, 1935 MHz, 1935 MHz, 317.20 W, 69, P2, 0x0000000000000004
2026/08/26 22:50:22.540, 0, 21834 MiB, 64 %, 1860 MHz, 1860 MHz, 287.01 W, 66, P2, 0x0000000000000004
2026/08/26 22:50:23.541, 0, 21834 MiB, 69 %, 1935 MHz, 1935 MHz, 295.81 W, 69, P2, 0x0000000000000000
2026/08/26 22:50:24.541, 0, 21834 MiB, 43 %, 1935 MHz, 1935 MHz, 309.51 W, 67, P2, 0x0000000000000000
2026/08/26 22:50:25.541, 0, 21834 MiB, 74 %, 1935 MHz, 1935 MHz, 281.30 W, 69, P2, 0x0000000000000000
2026/08/26 22:50:26.541, 0, 21834 MiB, 67 %, 1935 MHz, 1935 MHz, 317.42 W, 69, P2, 0x0000000000000004
2026/08/26 22:50:27.541, 0, 21834 MiB, 69 %, 1935 MHz, 1935 MHz, 282.96 W, 69, P2, 0x0000000000000000
2026/08/26 22:50:28.542, 0, 21834 MiB, 73 %, 1935 MHz, 1935 MHz, 316.93 W, 70, P2, 0x0000000000000004
2026/08/26 22:50:29.542, 0, 21834 MiB, 69 %, 1935 MHz, 1935 MHz, 317.78 W, 70, P2, 0x0000000000000004
2026/08/26 22:50:30.542, 0, 21834 MiB, 73 %, 1935 MHz, 1935 MHz, 289.14 W, 70, P2, 0x0000000000000004
2026/08/26 22:50:31.542, 0, 21834 MiB, 72 %, 1935 MHz, 1935 MHz, 322.61 W, 70, P2, 0x0000000000000000
2026/08/26 22:50:32.543, 0, 21834 MiB, 71 %, 1935 MHz, 1935 MHz, 322.48 W, 70, P2, 0x0000000000000000
2026/08/26 22:50:33.543, 0, 414 MiB, 73 %, 1935 MHz, 1935 MHz, 323.19 W, 71, P2, 0x0000000000000004
2026/08/26 22:50:34.543, 0, 346 MiB, 0 %, 1935 MHz, 1935 MHz, 214.23 W, 65, P0, 0x0000000000000000
2026/08/26 22:50:35.543, 0, 346 MiB, 0 %, 1935 MHz, 1935 MHz, 169.00 W, 64, P2, 0x0000000000000000
2026/08/26 22:50:36.543, 0, 346 MiB, 0 %, 1935 MHz, 1935 MHz, 159.50 W, 63, P2, 0x0000000000000000
2026/08/26 22:50:37.544, 0, 346 MiB, 22 %, 1695 MHz, 1695 MHz, 141.66 W, 61, P2, 0x0000000000000000
2026/08/26 22:50:38.544, 0, 17618 MiB, 100 %, 1695 MHz, 1695 MHz, 133.10 W, 61, P2, 0x0000000000000000
2026/08/26 22:50:39.544, 0, 17618 MiB, 100 %, 1950 MHz, 1950 MHz, 161.36 W, 62, P2, 0x0000000000000000
2026/08/26 22:50:40.544, 0, 17618 MiB, 99 %, 1950 MHz, 1950 MHz, 168.51 W, 62, P2, 0x0000000000000000
2026/08/26 22:50:41.544, 0, 17618 MiB, 100 %, 1950 MHz, 1950 MHz, 168.62 W, 62, P2, 0x0000000000000000
2026/08/26 22:50:42.545, 0, 17618 MiB, 100 %, 1950 MHz, 1950 MHz, 167.48 W, 61, P2, 0x0000000000000000
2026/08/26 22:50:43.545, 0, 17618 MiB, 100 %, 1950 MHz, 1950 MHz, 165.38 W, 62, P2, 0x0000000000000000
2026/08/26 22:50:44.545, 0, 17618 MiB, 100 %, 1950 MHz, 1950 MHz, 166.49 W, 61, P2, 0x0000000000000000
2026/08/26 22:50:45.545, 0, 17618 MiB, 100 %, 1950 MHz, 1950 MHz, 167.82 W, 61, P2, 0x0000000000000000
2026/08/26 22:50:46.545, 0, 17618 MiB, 100 %, 1950 MHz, 1950 MHz, 165.62 W, 61, P2, 0x0000000000000000
2026/08/26 22:50:47.545, 0, 20136 MiB, 0 %, 1950 MHz, 1950 MHz, 165.21 W, 61, P2, 0x0000000000000000
2026/08/26 22:50:48.546, 0, 20276 MiB, 49 %, 1950 MHz, 1950 MHz, 165.44 W, 62, P2, 0x0000000000000000
2026/08/26 22:50:49.546, 0, 20276 MiB, 68 %, 1950 MHz, 1950 MHz, 288.90 W, 66, P2, 0x0000000000000000
2026/08/26 22:50:50.546, 0, 20276 MiB, 71 %, 1935 MHz, 1935 MHz, 314.23 W, 67, P2, 0x0000000000000004
2026/08/26 22:50:51.546, 0, 20276 MiB, 66 %, 1935 MHz, 1935 MHz, 282.38 W, 67, P2, 0x0000000000000000
2026/08/26 22:50:52.547, 0, 20276 MiB, 68 %, 1935 MHz, 1935 MHz, 308.98 W, 67, P2, 0x0000000000000000
2026/08/26 22:50:53.547, 0, 20276 MiB, 67 %, 1935 MHz, 1935 MHz, 281.94 W, 67, P2, 0x0000000000000000
2026/08/26 22:50:54.547, 0, 20276 MiB, 71 %, 1935 MHz, 1935 MHz, 311.14 W, 68, P2, 0x0000000000000000
2026/08/26 22:50:55.547, 0, 20276 MiB, 64 %, 1935 MHz, 1935 MHz, 282.52 W, 66, P2, 0x0000000000000000
2026/08/26 22:50:56.547, 0, 20276 MiB, 67 %, 1935 MHz, 1935 MHz, 310.05 W, 68, P2, 0x0000000000000000
2026/08/26 22:50:57.547, 0, 20276 MiB, 65 %, 1935 MHz, 1935 MHz, 311.25 W, 68, P2, 0x0000000000000000
2026/08/26 22:50:58.547, 0, 20280 MiB, 69 %, 1935 MHz, 1935 MHz, 277.85 W, 68, P2, 0x0000000000000000
2026/08/26 22:50:59.547, 0, 20280 MiB, 66 %, 1935 MHz, 1935 MHz, 310.77 W, 68, P2, 0x0000000000000000
2026/08/26 22:51:00.548, 0, 20284 MiB, 82 %, 1935 MHz, 1935 MHz, 289.67 W, 67, P2, 0x0000000000000004
2026/08/26 22:51:01.548, 0, 20288 MiB, 67 %, 1935 MHz, 1935 MHz, 210.69 W, 67, P2, 0x0000000000000000
2026/08/26 22:51:02.548, 0, 20288 MiB, 68 %, 1935 MHz, 1935 MHz, 307.77 W, 68, P2, 0x0000000000000000
2026/08/26 22:51:03.548, 0, 20288 MiB, 100 %, 1860 MHz, 1860 MHz, 286.79 W, 65, P2, 0x0000000000000004
2026/08/26 22:51:04.548, 0, 20288 MiB, 66 %, 1935 MHz, 1935 MHz, 228.02 W, 68, P2, 0x0000000000000000
2026/08/26 22:51:05.548, 0, 20288 MiB, 71 %, 1935 MHz, 1935 MHz, 310.73 W, 68, P2, 0x0000000000000000
2026/08/26 22:51:06.548, 0, 20288 MiB, 59 %, 1935 MHz, 1935 MHz, 286.38 W, 67, P2, 0x0000000000000000
2026/08/26 22:51:07.549, 0, 20288 MiB, 65 %, 1935 MHz, 1935 MHz, 302.80 W, 68, P2, 0x0000000000000000
2026/08/26 22:51:08.549, 0, 20288 MiB, 69 %, 1935 MHz, 1935 MHz, 309.51 W, 69, P2, 0x0000000000000000
2026/08/26 22:51:09.549, 0, 20288 MiB, 68 %, 1935 MHz, 1935 MHz, 276.94 W, 69, P2, 0x0000000000000000
2026/08/26 22:51:10.549, 0, 20288 MiB, 72 %, 1935 MHz, 1935 MHz, 314.89 W, 69, P2, 0x0000000000000000
2026/08/26 22:51:11.549, 0, 20288 MiB, 69 %, 1935 MHz, 1935 MHz, 286.88 W, 69, P2, 0x0000000000000000
2026/08/26 22:51:12.550, 0, 20288 MiB, 68 %, 1935 MHz, 1935 MHz, 314.69 W, 70, P2, 0x0000000000000000
2026/08/26 22:51:13.550, 0, 20288 MiB, 24 %, 1935 MHz, 1935 MHz, 304.99 W, 67, P2, 0x0000000000000004
2026/08/26 22:51:14.550, 0, 20288 MiB, 71 %, 1935 MHz, 1935 MHz, 289.13 W, 70, P2, 0x0000000000000004
2026/08/26 22:51:15.550, 0, 20288 MiB, 68 %, 1935 MHz, 1935 MHz, 319.00 W, 70, P2, 0x0000000000000000
2026/08/26 22:51:16.551, 0, 346 MiB, 100 %, 1935 MHz, 1935 MHz, 240.58 W, 65, P0, 0x0000000000000000
2026/08/26 22:51:17.632, 0, 346 MiB, 0 %, 1935 MHz, 1935 MHz, 169.40 W, 64, P2, 0x0000000000000000
2026/08/26 22:51:18.632, 0, 346 MiB, 0 %, 1935 MHz, 1935 MHz, 157.72 W, 63, P2, 0x0000000000000000
2026/08/26 22:51:19.632, 0, 346 MiB, 0 %, 1695 MHz, 1695 MHz, 145.38 W, 61, P2, 0x0000000000000000
2026/08/26 22:51:20.632, 0, 19362 MiB, 100 %, 1950 MHz, 1950 MHz, 132.97 W, 61, P2, 0x0000000000000000
2026/08/26 22:51:21.632, 0, 19362 MiB, 100 %, 1950 MHz, 1950 MHz, 162.54 W, 62, P2, 0x0000000000000000
2026/08/26 22:51:22.633, 0, 19362 MiB, 100 %, 1950 MHz, 1950 MHz, 162.54 W, 62, P2, 0x0000000000000000
2026/08/26 22:51:23.633, 0, 19362 MiB, 100 %, 1950 MHz, 1950 MHz, 165.54 W, 62, P2, 0x0000000000000000
2026/08/26 22:51:24.633, 0, 19362 MiB, 99 %, 1950 MHz, 1950 MHz, 160.58 W, 61, P2, 0x0000000000000000
2026/08/26 22:51:25.633, 0, 19362 MiB, 99 %, 1950 MHz, 1950 MHz, 157.48 W, 61, P2, 0x0000000000000000
2026/08/26 22:51:26.633, 0, 19362 MiB, 99 %, 1950 MHz, 1950 MHz, 157.16 W, 61, P2, 0x0000000000000000
2026/08/26 22:51:27.634, 0, 20742 MiB, 0 %, 1950 MHz, 1950 MHz, 158.63 W, 61, P2, 0x0000000000000000
2026/08/26 22:51:28.634, 0, 20768 MiB, 71 %, 1950 MHz, 1950 MHz, 175.61 W, 62, P2, 0x0000000000000004
2026/08/26 22:51:29.634, 0, 20768 MiB, 84 %, 1950 MHz, 1950 MHz, 224.25 W, 63, P2, 0x0000000000000000
2026/08/26 22:51:30.634, 0, 20768 MiB, 84 %, 1950 MHz, 1950 MHz, 227.01 W, 63, P2, 0x0000000000000000
2026/08/26 22:51:31.635, 0, 20768 MiB, 84 %, 1950 MHz, 1950 MHz, 220.85 W, 63, P2, 0x0000000000000000
2026/08/26 22:51:32.635, 0, 20768 MiB, 81 %, 1950 MHz, 1950 MHz, 226.48 W, 64, P2, 0x0000000000000000
2026/08/26 22:51:33.635, 0, 20770 MiB, 81 %, 1950 MHz, 1950 MHz, 227.65 W, 63, P2, 0x0000000000000000
2026/08/26 22:51:34.635, 0, 20770 MiB, 84 %, 1950 MHz, 1950 MHz, 228.22 W, 64, P2, 0x0000000000000000
2026/08/26 22:51:35.636, 0, 20772 MiB, 80 %, 1950 MHz, 1950 MHz, 233.60 W, 63, P2, 0x0000000000000000
2026/08/26 22:51:36.636, 0, 20772 MiB, 80 %, 1950 MHz, 1950 MHz, 222.58 W, 63, P2, 0x0000000000000000
2026/08/26 22:51:37.636, 0, 20772 MiB, 81 %, 1950 MHz, 1950 MHz, 226.39 W, 63, P2, 0x0000000000000000
2026/08/26 22:51:38.636, 0, 20772 MiB, 84 %, 1950 MHz, 1950 MHz, 223.64 W, 63, P2, 0x0000000000000000
2026/08/26 22:51:39.636, 0, 20772 MiB, 85 %, 1950 MHz, 1950 MHz, 227.01 W, 64, P2, 0x0000000000000000
2026/08/26 22:51:40.637, 0, 20772 MiB, 85 %, 1950 MHz, 1950 MHz, 229.07 W, 63, P2, 0x0000000000000000
2026/08/26 22:51:41.637, 0, 20772 MiB, 82 %, 1950 MHz, 1950 MHz, 231.61 W, 64, P2, 0x0000000000000000
2026/08/26 22:51:42.637, 0, 20772 MiB, 83 %, 1950 MHz, 1950 MHz, 217.28 W, 64, P2, 0x0000000000000000
2026/08/26 22:51:43.637, 0, 20772 MiB, 85 %, 1950 MHz, 1950 MHz, 225.44 W, 63, P2, 0x0000000000000000
2026/08/26 22:51:44.638, 0, 20772 MiB, 83 %, 1950 MHz, 1950 MHz, 226.14 W, 63, P2, 0x0000000000000000
2026/08/26 22:51:45.638, 0, 20772 MiB, 83 %, 1950 MHz, 1950 MHz, 226.99 W, 63, P2, 0x0000000000000000
2026/08/26 22:51:46.638, 0, 20772 MiB, 85 %, 1950 MHz, 1950 MHz, 228.69 W, 63, P2, 0x0000000000000000
2026/08/26 22:51:47.638, 0, 20772 MiB, 82 %, 1950 MHz, 1950 MHz, 226.15 W, 64, P2, 0x0000000000000000
2026/08/26 22:51:48.638, 0, 20772 MiB, 84 %, 1950 MHz, 1950 MHz, 230.40 W, 63, P2, 0x0000000000000000
2026/08/26 22:51:49.638, 0, 20772 MiB, 18 %, 1950 MHz, 1950 MHz, 226.28 W, 62, P2, 0x0000000000000000
2026/08/26 22:51:50.638, 0, 20772 MiB, 84 %, 1950 MHz, 1950 MHz, 213.61 W, 63, P2, 0x0000000000000000
2026/08/26 22:51:51.639, 0, 20772 MiB, 79 %, 1950 MHz, 1950 MHz, 225.65 W, 63, P2, 0x0000000000000000
2026/08/26 22:51:52.639, 0, 20772 MiB, 84 %, 1950 MHz, 1950 MHz, 224.82 W, 63, P2, 0x0000000000000000
2026/08/26 22:51:53.639, 0, 20772 MiB, 84 %, 1950 MHz, 1950 MHz, 224.53 W, 63, P2, 0x0000000000000000
2026/08/26 22:51:54.639, 0, 20772 MiB, 80 %, 1950 MHz, 1950 MHz, 225.23 W, 63, P2, 0x0000000000000000
2026/08/26 22:51:55.639, 0, 20772 MiB, 84 %, 1950 MHz, 1950 MHz, 227.67 W, 63, P2, 0x0000000000000000
2026/08/26 22:51:56.639, 0, 20772 MiB, 80 %, 1950 MHz, 1950 MHz, 224.83 W, 63, P2, 0x0000000000000000
2026/08/26 22:51:57.640, 0, 20772 MiB, 83 %, 1950 MHz, 1950 MHz, 225.56 W, 63, P2, 0x0000000000000000
2026/08/26 22:51:58.640, 0, 20772 MiB, 81 %, 1950 MHz, 1950 MHz, 229.71 W, 64, P2, 0x0000000000000000
2026/08/26 22:51:59.640, 0, 20772 MiB, 80 %, 1950 MHz, 1950 MHz, 227.22 W, 64, P2, 0x0000000000000000
2026/08/26 22:52:00.640, 0, 20772 MiB, 84 %, 1950 MHz, 1950 MHz, 227.06 W, 63, P2, 0x0000000000000000
2026/08/26 22:52:01.640, 0, 20772 MiB, 82 %, 1950 MHz, 1950 MHz, 224.58 W, 63, P2, 0x0000000000000000
2026/08/26 22:52:02.640, 0, 20772 MiB, 80 %, 1950 MHz, 1950 MHz, 227.50 W, 64, P2, 0x0000000000000000
2026/08/26 22:52:03.640, 0, 20772 MiB, 81 %, 1950 MHz, 1950 MHz, 210.57 W, 63, P2, 0x0000000000000000
2026/08/26 22:52:04.641, 0, 20772 MiB, 85 %, 1950 MHz, 1950 MHz, 227.32 W, 63, P2, 0x0000000000000000
2026/08/26 22:52:05.641, 0, 20774 MiB, 80 %, 1950 MHz, 1950 MHz, 225.25 W, 63, P2, 0x0000000000000000
2026/08/26 22:52:06.641, 0, 20774 MiB, 83 %, 1950 MHz, 1950 MHz, 227.93 W, 63, P2, 0x0000000000000000
2026/08/26 22:52:07.641, 0, 20774 MiB, 81 %, 1950 MHz, 1950 MHz, 231.89 W, 63, P2, 0x0000000000000000
2026/08/26 22:52:08.641, 0, 20774 MiB, 84 %, 1950 MHz, 1950 MHz, 232.38 W, 63, P2, 0x0000000000000000
2026/08/26 22:52:09.641, 0, 20780 MiB, 67 %, 1950 MHz, 1950 MHz, 228.65 W, 62, P2, 0x0000000000000004
2026/08/26 22:52:10.642, 0, 20780 MiB, 83 %, 1950 MHz, 1950 MHz, 207.62 W, 63, P2, 0x0000000000000000
2026/08/26 22:52:11.642, 0, 20780 MiB, 83 %, 1950 MHz, 1950 MHz, 228.03 W, 63, P2, 0x0000000000000004
2026/08/26 22:52:12.642, 0, 20780 MiB, 81 %, 1950 MHz, 1950 MHz, 228.80 W, 63, P2, 0x0000000000000000
2026/08/26 22:52:13.642, 0, 20780 MiB, 80 %, 1950 MHz, 1950 MHz, 229.94 W, 63, P2, 0x0000000000000000
2026/08/26 22:52:14.642, 0, 20780 MiB, 82 %, 1950 MHz, 1950 MHz, 228.28 W, 63, P2, 0x0000000000000004
2026/08/26 22:52:15.642, 0, 20780 MiB, 79 %, 1950 MHz, 1950 MHz, 231.36 W, 64, P2, 0x0000000000000000
2026/08/26 22:52:16.643, 0, 20780 MiB, 76 %, 1950 MHz, 1950 MHz, 232.12 W, 64, P2, 0x0000000000000000
2026/08/26 22:52:17.643, 0, 20780 MiB, 81 %, 1950 MHz, 1950 MHz, 209.00 W, 62, P2, 0x0000000000000000
2026/08/26 22:52:18.643, 0, 20780 MiB, 80 %, 1950 MHz, 1950 MHz, 228.95 W, 63, P2, 0x0000000000000000
2026/08/26 22:52:19.643, 0, 20780 MiB, 85 %, 1950 MHz, 1950 MHz, 225.88 W, 63, P2, 0x0000000000000000
2026/08/26 22:52:20.643, 0, 20780 MiB, 84 %, 1950 MHz, 1950 MHz, 230.07 W, 63, P2, 0x0000000000000000
2026/08/26 22:52:21.643, 0, 20780 MiB, 83 %, 1950 MHz, 1950 MHz, 227.71 W, 63, P2, 0x0000000000000000
2026/08/26 22:52:22.644, 0, 20780 MiB, 84 %, 1950 MHz, 1950 MHz, 224.93 W, 63, P2, 0x0000000000000000
2026/08/26 22:52:23.644, 0, 20780 MiB, 82 %, 1950 MHz, 1950 MHz, 226.62 W, 63, P2, 0x0000000000000000
2026/08/26 22:52:24.644, 0, 20780 MiB, 81 %, 1950 MHz, 1950 MHz, 227.00 W, 63, P2, 0x0000000000000000
2026/08/26 22:52:25.644, 0, 20780 MiB, 85 %, 1950 MHz, 1950 MHz, 227.01 W, 63, P2, 0x0000000000000000
2026/08/26 22:52:26.644, 0, 20780 MiB, 83 %, 1950 MHz, 1950 MHz, 225.89 W, 63, P2, 0x0000000000000000
2026/08/26 22:52:27.644, 0, 20780 MiB, 79 %, 1950 MHz, 1950 MHz, 228.95 W, 63, P2, 0x0000000000000000
2026/08/26 22:52:28.644, 0, 20780 MiB, 81 %, 1950 MHz, 1950 MHz, 227.84 W, 63, P2, 0x0000000000000000
2026/08/26 22:52:29.645, 0, 20780 MiB, 79 %, 1950 MHz, 1950 MHz, 224.61 W, 63, P2, 0x0000000000000000
2026/08/26 22:52:30.645, 0, 20780 MiB, 79 %, 1950 MHz, 1950 MHz, 216.25 W, 63, P2, 0x0000000000000000
2026/08/26 22:52:31.645, 0, 20780 MiB, 81 %, 1950 MHz, 1950 MHz, 232.27 W, 63, P2, 0x0000000000000000
2026/08/26 22:52:32.645, 0, 20780 MiB, 83 %, 1950 MHz, 1950 MHz, 229.55 W, 64, P2, 0x0000000000000000
2026/08/26 22:52:33.645, 0, 20780 MiB, 79 %, 1950 MHz, 1950 MHz, 230.01 W, 64, P2, 0x0000000000000000
2026/08/26 22:52:34.646, 0, 20780 MiB, 82 %, 1950 MHz, 1950 MHz, 225.60 W, 63, P2, 0x0000000000000000
2026/08/26 22:52:35.646, 0, 20780 MiB, 83 %, 1950 MHz, 1950 MHz, 229.33 W, 63, P2, 0x0000000000000000
2026/08/26 22:52:36.646, 0, 20780 MiB, 84 %, 1950 MHz, 1950 MHz, 225.74 W, 63, P2, 0x0000000000000000
2026/08/26 22:52:37.646, 0, 20780 MiB, 47 %, 1950 MHz, 1950 MHz, 221.37 W, 63, P2, 0x0000000000000000
2026/08/26 22:52:38.646, 0, 20780 MiB, 84 %, 1950 MHz, 1950 MHz, 225.28 W, 63, P2, 0x0000000000000000
2026/08/26 22:52:39.647, 0, 20780 MiB, 82 %, 1950 MHz, 1950 MHz, 228.31 W, 63, P2, 0x0000000000000000
2026/08/26 22:52:40.647, 0, 20780 MiB, 80 %, 1950 MHz, 1950 MHz, 230.31 W, 63, P2, 0x0000000000000000
2026/08/26 22:52:41.647, 0, 20780 MiB, 83 %, 1950 MHz, 1950 MHz, 232.37 W, 63, P2, 0x0000000000000000
2026/08/26 22:52:42.647, 0, 20780 MiB, 83 %, 1950 MHz, 1950 MHz, 235.35 W, 63, P2, 0x0000000000000000
2026/08/26 22:52:43.647, 0, 20780 MiB, 59 %, 1950 MHz, 1950 MHz, 218.99 W, 63, P2, 0x0000000000000000
2026/08/26 22:52:44.648, 0, 20780 MiB, 84 %, 1950 MHz, 1950 MHz, 226.02 W, 63, P2, 0x0000000000000000
2026/08/26 22:52:45.648, 0, 20780 MiB, 82 %, 1950 MHz, 1950 MHz, 224.89 W, 63, P2, 0x0000000000000000
2026/08/26 22:52:46.648, 0, 20780 MiB, 80 %, 1950 MHz, 1950 MHz, 227.12 W, 63, P2, 0x0000000000000000
2026/08/26 22:52:47.648, 0, 20780 MiB, 84 %, 1950 MHz, 1950 MHz, 227.12 W, 63, P2, 0x0000000000000000
2026/08/26 22:52:48.649, 0, 20780 MiB, 84 %, 1950 MHz, 1950 MHz, 226.17 W, 63, P2, 0x0000000000000000
2026/08/26 22:52:49.649, 0, 20780 MiB, 81 %, 1950 MHz, 1950 MHz, 224.38 W, 63, P2, 0x0000000000000000
2026/08/26 22:52:50.649, 0, 20780 MiB, 84 %, 1950 MHz, 1950 MHz, 223.66 W, 63, P2, 0x0000000000000000
2026/08/26 22:52:51.649, 0, 20780 MiB, 84 %, 1950 MHz, 1950 MHz, 224.36 W, 63, P2, 0x0000000000000000
2026/08/26 22:52:52.649, 0, 20780 MiB, 80 %, 1950 MHz, 1950 MHz, 224.99 W, 63, P2, 0x0000000000000000
2026/08/26 22:52:53.650, 0, 20780 MiB, 78 %, 1950 MHz, 1950 MHz, 225.94 W, 63, P2, 0x0000000000000000
2026/08/26 22:52:54.650, 0, 20780 MiB, 82 %, 1950 MHz, 1950 MHz, 228.20 W, 63, P2, 0x0000000000000000
2026/08/26 22:52:55.650, 0, 20780 MiB, 81 %, 1950 MHz, 1950 MHz, 226.75 W, 63, P2, 0x0000000000000000
2026/08/26 22:52:56.650, 0, 20780 MiB, 83 %, 1950 MHz, 1950 MHz, 223.99 W, 63, P2, 0x0000000000000000
2026/08/26 22:52:57.650, 0, 20780 MiB, 80 %, 1950 MHz, 1950 MHz, 218.18 W, 63, P2, 0x0000000000000000
2026/08/26 22:52:58.651, 0, 20780 MiB, 81 %, 1950 MHz, 1950 MHz, 223.74 W, 63, P2, 0x0000000000000000
2026/08/26 22:52:59.651, 0, 20780 MiB, 82 %, 1950 MHz, 1950 MHz, 227.27 W, 63, P2, 0x0000000000000000
2026/08/26 22:53:00.651, 0, 20780 MiB, 82 %, 1950 MHz, 1950 MHz, 226.15 W, 63, P2, 0x0000000000000000
2026/08/26 22:53:01.651, 0, 20780 MiB, 84 %, 1950 MHz, 1950 MHz, 224.40 W, 63, P2, 0x0000000000000000
2026/08/26 22:53:02.651, 0, 20780 MiB, 85 %, 1950 MHz, 1950 MHz, 224.47 W, 63, P2, 0x0000000000000000
2026/08/26 22:53:03.651, 0, 20780 MiB, 82 %, 1950 MHz, 1950 MHz, 227.04 W, 63, P2, 0x0000000000000000
2026/08/26 22:53:04.652, 0, 20780 MiB, 84 %, 1950 MHz, 1950 MHz, 224.76 W, 63, P2, 0x0000000000000000
2026/08/26 22:53:05.652, 0, 20780 MiB, 84 %, 1950 MHz, 1950 MHz, 229.32 W, 63, P2, 0x0000000000000000
2026/08/26 22:53:06.652, 0, 82 MiB, 4 %, 1950 MHz, 1950 MHz, 195.99 W, 61, P0, 0x0000000000000000
2026/08/26 22:53:07.654, 0, 346 MiB, 0 %, 1950 MHz, 1950 MHz, 169.98 W, 61, P2, 0x0000000000000000
2026/08/26 22:53:08.654, 0, 346 MiB, 0 %, 1950 MHz, 1950 MHz, 158.87 W, 60, P2, 0x0000000000000000
2026/08/26 22:53:09.654, 0, 1100 MiB, 22 %, 1695 MHz, 1695 MHz, 152.71 W, 59, P2, 0x0000000000000000
2026/08/26 22:53:10.654, 0, 346 MiB, 22 %, 1695 MHz, 1695 MHz, 125.93 W, 58, P2, 0x0000000000000000
2026/08/26 22:53:11.654, 0, 19044 MiB, 100 %, 1950 MHz, 1950 MHz, 131.18 W, 59, P2, 0x0000000000000000
2026/08/26 22:53:12.654, 0, 19044 MiB, 100 %, 1950 MHz, 1950 MHz, 155.88 W, 59, P2, 0x0000000000000000
2026/08/26 22:53:13.655, 0, 19044 MiB, 100 %, 1950 MHz, 1950 MHz, 155.44 W, 59, P2, 0x0000000000000000
2026/08/26 22:53:14.655, 0, 19044 MiB, 100 %, 1950 MHz, 1950 MHz, 154.26 W, 59, P2, 0x0000000000000000
2026/08/26 22:53:15.655, 0, 19044 MiB, 99 %, 1950 MHz, 1950 MHz, 154.23 W, 59, P2, 0x0000000000000000
2026/08/26 22:53:16.655, 0, 19044 MiB, 99 %, 1950 MHz, 1950 MHz, 154.15 W, 59, P2, 0x0000000000000000
2026/08/26 22:53:17.655, 0, 22218 MiB, 99 %, 1950 MHz, 1950 MHz, 155.74 W, 59, P2, 0x0000000000000000
2026/08/26 22:53:18.655, 0, 22286 MiB, 75 %, 1950 MHz, 1950 MHz, 205.91 W, 63, P2, 0x0000000000000000
2026/08/26 22:53:19.656, 0, 22286 MiB, 76 %, 1950 MHz, 1950 MHz, 323.65 W, 65, P2, 0x0000000000000004
2026/08/26 22:53:20.656, 0, 22286 MiB, 68 %, 1950 MHz, 1950 MHz, 296.91 W, 62, P2, 0x0000000000000004
2026/08/26 22:53:21.663, 0, 22286 MiB, 77 %, 1950 MHz, 1950 MHz, 321.25 W, 66, P2, 0x0000000000000004
2026/08/26 22:53:22.664, 0, 22286 MiB, 74 %, 1950 MHz, 1950 MHz, 291.32 W, 63, P2, 0x0000000000000000
2026/08/26 22:53:23.664, 0, 22286 MiB, 77 %, 1950 MHz, 1950 MHz, 314.39 W, 67, P2, 0x0000000000000004
2026/08/26 22:53:24.664, 0, 22286 MiB, 71 %, 1935 MHz, 1935 MHz, 322.79 W, 67, P2, 0x0000000000000004
2026/08/26 22:53:25.664, 0, 22286 MiB, 77 %, 1935 MHz, 1935 MHz, 284.48 W, 67, P2, 0x0000000000000004
2026/08/26 22:53:26.666, 0, 22286 MiB, 76 %, 1935 MHz, 1935 MHz, 325.64 W, 67, P2, 0x0000000000000004
2026/08/26 22:53:27.666, 0, 22288 MiB, 78 %, 1935 MHz, 1935 MHz, 324.03 W, 68, P2, 0x0000000000000004
2026/08/26 22:53:28.667, 0, 22288 MiB, 77 %, 1935 MHz, 1935 MHz, 290.39 W, 67, P2, 0x0000000000000004
2026/08/26 22:53:29.667, 0, 22292 MiB, 77 %, 1935 MHz, 1935 MHz, 324.59 W, 68, P2, 0x0000000000000004
2026/08/26 22:53:30.667, 0, 22292 MiB, 69 %, 1935 MHz, 1935 MHz, 218.35 W, 62, P2, 0x0000000000000000
2026/08/26 22:53:31.667, 0, 22292 MiB, 76 %, 1935 MHz, 1935 MHz, 315.41 W, 68, P2, 0x0000000000000004
2026/08/26 22:53:32.667, 0, 22292 MiB, 68 %, 1935 MHz, 1935 MHz, 306.54 W, 65, P2, 0x0000000000000004
2026/08/26 22:53:33.668, 0, 22292 MiB, 77 %, 1935 MHz, 1935 MHz, 262.31 W, 67, P2, 0x0000000000000000
2026/08/26 22:53:34.668, 0, 22292 MiB, 75 %, 1935 MHz, 1935 MHz, 330.19 W, 69, P2, 0x0000000000000004
2026/08/26 22:53:35.668, 0, 22292 MiB, 77 %, 1935 MHz, 1935 MHz, 299.83 W, 68, P2, 0x0000000000000004
2026/08/26 22:53:36.668, 0, 22292 MiB, 76 %, 1935 MHz, 1935 MHz, 327.65 W, 69, P2, 0x0000000000000004
2026/08/26 22:53:37.668, 0, 22292 MiB, 72 %, 1935 MHz, 1935 MHz, 297.55 W, 66, P2, 0x0000000000000004
2026/08/26 22:53:38.669, 0, 22292 MiB, 77 %, 1935 MHz, 1935 MHz, 328.21 W, 69, P2, 0x0000000000000004
2026/08/26 22:53:39.669, 0, 22292 MiB, 66 %, 1935 MHz, 1935 MHz, 300.35 W, 66, P2, 0x0000000000000004
2026/08/26 22:53:40.669, 0, 22292 MiB, 76 %, 1935 MHz, 1935 MHz, 313.39 W, 69, P2, 0x0000000000000004
2026/08/26 22:53:41.669, 0, 22292 MiB, 76 %, 1935 MHz, 1935 MHz, 331.33 W, 70, P2, 0x0000000000000004
2026/08/26 22:53:42.670, 0, 22292 MiB, 79 %, 1935 MHz, 1935 MHz, 301.49 W, 70, P2, 0x0000000000000004
2026/08/26 22:53:43.670, 0, 22292 MiB, 79 %, 1935 MHz, 1935 MHz, 336.32 W, 70, P2, 0x0000000000000004
2026/08/26 22:53:44.670, 0, 22292 MiB, 80 %, 1935 MHz, 1935 MHz, 334.49 W, 70, P2, 0x0000000000000004
2026/08/26 22:53:45.670, 0, 346 MiB, 100 %, 1935 MHz, 1935 MHz, 244.60 W, 66, P2, 0x0000000000000000
2026/08/26 22:53:46.860, 0, 346 MiB, 0 %, 1935 MHz, 1935 MHz, 173.86 W, 64, P2, 0x0000000000000000
2026/08/26 22:53:47.860, 0, 346 MiB, 0 %, 1935 MHz, 1935 MHz, 169.81 W, 63, P2, 0x0000000000000000
2026/08/26 22:53:48.860, 0, 346 MiB, 0 %, 1695 MHz, 1695 MHz, 138.71 W, 61, P2, 0x0000000000000000
2026/08/26 22:53:49.861, 0, 18082 MiB, 100 %, 1950 MHz, 1950 MHz, 134.17 W, 61, P2, 0x0000000000000000
2026/08/26 22:53:50.861, 0, 18082 MiB, 100 %, 1950 MHz, 1950 MHz, 167.54 W, 62, P2, 0x0000000000000000
2026/08/26 22:53:51.861, 0, 18082 MiB, 99 %, 1950 MHz, 1950 MHz, 167.99 W, 62, P2, 0x0000000000000000
2026/08/26 22:53:52.861, 0, 18082 MiB, 99 %, 1950 MHz, 1950 MHz, 164.97 W, 62, P2, 0x0000000000000000
2026/08/26 22:53:53.861, 0, 18082 MiB, 100 %, 1950 MHz, 1950 MHz, 161.35 W, 61, P2, 0x0000000000000000
2026/08/26 22:53:54.861, 0, 18082 MiB, 100 %, 1950 MHz, 1950 MHz, 157.53 W, 61, P2, 0x0000000000000000
2026/08/26 22:53:55.862, 0, 18082 MiB, 99 %, 1950 MHz, 1950 MHz, 157.28 W, 60, P2, 0x0000000000000000
2026/08/26 22:53:56.862, 0, 20636 MiB, 99 %, 1950 MHz, 1950 MHz, 159.13 W, 60, P2, 0x0000000000000000
2026/08/26 22:53:57.862, 0, 21828 MiB, 26 %, 1950 MHz, 1950 MHz, 206.10 W, 65, P2, 0x0000000000000004
2026/08/26 22:53:58.862, 0, 21828 MiB, 72 %, 1950 MHz, 1950 MHz, 316.03 W, 67, P2, 0x0000000000000004
2026/08/26 22:53:59.862, 0, 21828 MiB, 73 %, 1935 MHz, 1935 MHz, 300.13 W, 65, P2, 0x0000000000000000
2026/08/26 22:54:00.863, 0, 21828 MiB, 72 %, 1935 MHz, 1935 MHz, 287.07 W, 67, P2, 0x0000000000000000
2026/08/26 22:54:01.871, 0, 21828 MiB, 70 %, 1935 MHz, 1935 MHz, 298.05 W, 64, P2, 0x0000000000000000
2026/08/26 22:54:02.871, 0, 21828 MiB, 73 %, 1935 MHz, 1935 MHz, 287.13 W, 68, P2, 0x0000000000000000
2026/08/26 22:54:03.871, 0, 21828 MiB, 73 %, 1935 MHz, 1935 MHz, 319.30 W, 68, P2, 0x0000000000000000
2026/08/26 22:54:04.871, 0, 21828 MiB, 26 %, 1935 MHz, 1935 MHz, 277.73 W, 68, P2, 0x0000000000000000
2026/08/26 22:54:05.872, 0, 21828 MiB, 71 %, 1935 MHz, 1935 MHz, 310.99 W, 68, P2, 0x0000000000000000
2026/08/26 22:54:06.873, 0, 21828 MiB, 66 %, 1935 MHz, 1935 MHz, 312.93 W, 68, P2, 0x0000000000000000
2026/08/26 22:54:07.874, 0, 21830 MiB, 65 %, 1935 MHz, 1935 MHz, 289.20 W, 66, P2, 0x0000000000000004
2026/08/26 22:54:08.874, 0, 21830 MiB, 72 %, 1935 MHz, 1935 MHz, 289.91 W, 68, P2, 0x0000000000000000
2026/08/26 22:54:09.874, 0, 21834 MiB, 68 %, 1935 MHz, 1935 MHz, 297.28 W, 67, P2, 0x0000000000000004
2026/08/26 22:54:10.874, 0, 21834 MiB, 100 %, 1935 MHz, 1935 MHz, 209.20 W, 67, P2, 0x0000000000000000
2026/08/26 22:54:11.878, 0, 21834 MiB, 66 %, 1935 MHz, 1935 MHz, 307.39 W, 68, P2, 0x0000000000000000
2026/08/26 22:54:12.878, 0, 21834 MiB, 70 %, 1935 MHz, 1935 MHz, 255.43 W, 64, P2, 0x0000000000000000
2026/08/26 22:54:13.878, 0, 21834 MiB, 73 %, 1935 MHz, 1935 MHz, 277.94 W, 68, P2, 0x0000000000000000
2026/08/26 22:54:14.878, 0, 21834 MiB, 74 %, 1935 MHz, 1935 MHz, 317.43 W, 69, P2, 0x0000000000000000
2026/08/26 22:54:15.878, 0, 21834 MiB, 38 %, 1935 MHz, 1935 MHz, 282.54 W, 68, P2, 0x0000000000000000
2026/08/26 22:54:16.880, 0, 21834 MiB, 67 %, 1935 MHz, 1935 MHz, 310.67 W, 69, P2, 0x0000000000000000
2026/08/26 22:54:17.881, 0, 21834 MiB, 70 %, 1890 MHz, 1890 MHz, 283.48 W, 67, P2, 0x0000000000000004
2026/08/26 22:54:18.881, 0, 21834 MiB, 69 %, 1935 MHz, 1935 MHz, 306.08 W, 69, P2, 0x0000000000000000
2026/08/26 22:54:19.881, 0, 21834 MiB, 67 %, 1935 MHz, 1935 MHz, 297.72 W, 67, P2, 0x0000000000000004
2026/08/26 22:54:20.881, 0, 21834 MiB, 72 %, 1935 MHz, 1935 MHz, 297.08 W, 70, P2, 0x0000000000000004
2026/08/26 22:54:21.882, 0, 21834 MiB, 70 %, 1935 MHz, 1935 MHz, 319.71 W, 70, P2, 0x0000000000000004
2026/08/26 22:54:22.882, 0, 21834 MiB, 71 %, 1935 MHz, 1935 MHz, 320.17 W, 70, P2, 0x0000000000000004
2026/08/26 22:54:23.883, 0, 21834 MiB, 73 %, 1935 MHz, 1935 MHz, 291.70 W, 70, P2, 0x0000000000000004
2026/08/26 22:54:24.883, 0, 21834 MiB, 71 %, 1935 MHz, 1935 MHz, 323.36 W, 70, P2, 0x0000000000000004
2026/08/26 22:54:25.883, 0, 21834 MiB, 75 %, 1935 MHz, 1935 MHz, 324.43 W, 71, P2, 0x0000000000000000
2026/08/26 22:54:26.889, 0, 414 MiB, 76 %, 1935 MHz, 1935 MHz, 298.08 W, 67, P2, 0x0000000000000004
2026/08/26 22:54:27.889, 0, 346 MiB, 0 %, 1935 MHz, 1935 MHz, 216.01 W, 66, P0, 0x0000000000000000
2026/08/26 22:54:28.889, 0, 346 MiB, 0 %, 1935 MHz, 1935 MHz, 167.84 W, 64, P2, 0x0000000000000000
2026/08/26 22:54:29.890, 0, 346 MiB, 0 %, 1935 MHz, 1935 MHz, 159.76 W, 63, P2, 0x0000000000000000
2026/08/26 22:54:30.890, 0, 346 MiB, 0 %, 1695 MHz, 1695 MHz, 141.82 W, 61, P2, 0x0000000000000000
2026/08/26 22:54:31.890, 0, 17618 MiB, 100 %, 1950 MHz, 1950 MHz, 137.40 W, 62, P2, 0x0000000000000000
2026/08/26 22:54:32.890, 0, 17618 MiB, 100 %, 1950 MHz, 1950 MHz, 169.58 W, 62, P2, 0x0000000000000000
2026/08/26 22:54:33.890, 0, 17618 MiB, 100 %, 1950 MHz, 1950 MHz, 167.59 W, 62, P2, 0x0000000000000000
2026/08/26 22:54:34.891, 0, 17618 MiB, 99 %, 1950 MHz, 1950 MHz, 168.88 W, 62, P2, 0x0000000000000000
2026/08/26 22:54:35.891, 0, 17618 MiB, 99 %, 1950 MHz, 1950 MHz, 167.64 W, 62, P2, 0x0000000000000000
2026/08/26 22:54:36.891, 0, 17618 MiB, 99 %, 1950 MHz, 1950 MHz, 161.79 W, 61, P2, 0x0000000000000000
2026/08/26 22:54:37.891, 0, 17618 MiB, 99 %, 1950 MHz, 1950 MHz, 157.79 W, 61, P2, 0x0000000000000000
2026/08/26 22:54:38.891, 0, 20136 MiB, 99 %, 1950 MHz, 1950 MHz, 157.50 W, 61, P2, 0x0000000000000000
2026/08/26 22:54:39.891, 0, 20276 MiB, 0 %, 1950 MHz, 1950 MHz, 160.92 W, 61, P2, 0x0000000000000000
2026/08/26 22:54:40.891, 0, 20276 MiB, 72 %, 1950 MHz, 1950 MHz, 260.11 W, 66, P2, 0x0000000000000000
2026/08/26 22:54:41.892, 0, 20276 MiB, 71 %, 1950 MHz, 1950 MHz, 312.78 W, 67, P2, 0x0000000000000000
2026/08/26 22:54:42.892, 0, 20276 MiB, 68 %, 1935 MHz, 1935 MHz, 285.15 W, 66, P2, 0x0000000000000000
2026/08/26 22:54:43.892, 0, 20276 MiB, 70 %, 1935 MHz, 1935 MHz, 313.23 W, 68, P2, 0x0000000000000000
2026/08/26 22:54:44.892, 0, 20276 MiB, 70 %, 1935 MHz, 1935 MHz, 286.22 W, 67, P2, 0x0000000000000000
2026/08/26 22:54:45.900, 0, 20276 MiB, 70 %, 1935 MHz, 1935 MHz, 312.02 W, 68, P2, 0x0000000000000000
2026/08/26 22:54:46.900, 0, 20276 MiB, 76 %, 1935 MHz, 1935 MHz, 291.47 W, 65, P2, 0x0000000000000000
2026/08/26 22:54:47.900, 0, 20276 MiB, 68 %, 1935 MHz, 1935 MHz, 290.19 W, 68, P2, 0x0000000000000000
2026/08/26 22:54:48.900, 0, 20276 MiB, 64 %, 1935 MHz, 1935 MHz, 312.24 W, 68, P2, 0x0000000000000000
2026/08/26 22:54:49.901, 0, 20280 MiB, 64 %, 1935 MHz, 1935 MHz, 281.37 W, 67, P2, 0x0000000000000000
2026/08/26 22:54:50.901, 0, 20280 MiB, 71 %, 1935 MHz, 1935 MHz, 313.78 W, 69, P2, 0x0000000000000000
2026/08/26 22:54:51.901, 0, 20284 MiB, 48 %, 1935 MHz, 1935 MHz, 295.73 W, 66, P2, 0x0000000000000000
2026/08/26 22:54:52.901, 0, 20288 MiB, 70 %, 1935 MHz, 1935 MHz, 196.01 W, 67, P2, 0x0000000000000000
2026/08/26 22:54:53.901, 0, 20288 MiB, 67 %, 1935 MHz, 1935 MHz, 307.80 W, 68, P2, 0x0000000000000000
2026/08/26 22:54:54.902, 0, 20288 MiB, 39 %, 1935 MHz, 1935 MHz, 303.26 W, 66, P2, 0x0000000000000000
2026/08/26 22:54:55.902, 0, 20288 MiB, 71 %, 1935 MHz, 1935 MHz, 230.66 W, 68, P2, 0x0000000000000004
2026/08/26 22:54:56.902, 0, 20288 MiB, 70 %, 1935 MHz, 1935 MHz, 316.56 W, 69, P2, 0x0000000000000000
2026/08/26 22:54:57.902, 0, 20288 MiB, 72 %, 1935 MHz, 1935 MHz, 285.33 W, 67, P2, 0x0000000000000004
2026/08/26 22:54:58.903, 0, 20288 MiB, 71 %, 1935 MHz, 1935 MHz, 306.05 W, 69, P2, 0x0000000000000000
2026/08/26 22:54:59.903, 0, 20288 MiB, 65 %, 1935 MHz, 1935 MHz, 312.14 W, 68, P2, 0x0000000000000000
2026/08/26 22:55:00.903, 0, 20288 MiB, 68 %, 1935 MHz, 1935 MHz, 287.07 W, 69, P2, 0x0000000000000000
2026/08/26 22:55:01.903, 0, 20288 MiB, 71 %, 1935 MHz, 1935 MHz, 315.55 W, 70, P2, 0x0000000000000000
2026/08/26 22:55:02.903, 0, 20288 MiB, 72 %, 1935 MHz, 1935 MHz, 284.55 W, 69, P2, 0x0000000000000000
2026/08/26 22:55:03.904, 0, 20288 MiB, 66 %, 1935 MHz, 1935 MHz, 317.41 W, 70, P2, 0x0000000000000000
2026/08/26 22:55:04.904, 0, 20288 MiB, 42 %, 1935 MHz, 1935 MHz, 298.91 W, 67, P2, 0x0000000000000000
2026/08/26 22:55:05.904, 0, 20288 MiB, 71 %, 1935 MHz, 1935 MHz, 294.80 W, 70, P2, 0x0000000000000000
2026/08/26 22:55:06.904, 0, 18802 MiB, 71 %, 1935 MHz, 1935 MHz, 319.01 W, 70, P2, 0x0000000000000004
2026/08/26 22:55:07.904, 0, 346 MiB, 0 %, 1935 MHz, 1935 MHz, 208.50 W, 65, P0, 0x0000000000000000
2026/08/26 22:55:08.933, 0, 346 MiB, 0 %, 1935 MHz, 1935 MHz, 171.25 W, 64, P2, 0x0000000000000000
2026/08/26 22:55:09.934, 0, 346 MiB, 7 %, 1935 MHz, 1935 MHz, 168.54 W, 64, P2, 0x0000000000000000
2026/08/26 22:55:10.934, 0, 346 MiB, 8 %, 1695 MHz, 1695 MHz, 145.46 W, 61, P2, 0x0000000000000000
2026/08/26 22:55:11.934, 0, 19362 MiB, 100 %, 1950 MHz, 1950 MHz, 136.53 W, 62, P2, 0x0000000000000000
2026/08/26 22:55:12.934, 0, 19362 MiB, 100 %, 1950 MHz, 1950 MHz, 170.29 W, 63, P2, 0x0000000000000000
2026/08/26 22:55:13.935, 0, 19362 MiB, 100 %, 1950 MHz, 1950 MHz, 168.18 W, 62, P2, 0x0000000000000000
2026/08/26 22:55:14.935, 0, 19362 MiB, 100 %, 1950 MHz, 1950 MHz, 168.50 W, 62, P2, 0x0000000000000000
2026/08/26 22:55:15.935, 0, 19362 MiB, 100 %, 1950 MHz, 1950 MHz, 168.80 W, 62, P2, 0x0000000000000000
2026/08/26 22:55:16.935, 0, 19362 MiB, 100 %, 1950 MHz, 1950 MHz, 167.54 W, 61, P2, 0x0000000000000000
2026/08/26 22:55:17.935, 0, 19362 MiB, 99 %, 1950 MHz, 1950 MHz, 160.91 W, 61, P2, 0x0000000000000000
2026/08/26 22:55:18.935, 0, 19362 MiB, 100 %, 1950 MHz, 1950 MHz, 158.09 W, 61, P2, 0x0000000000000000
2026/08/26 22:55:19.936, 0, 20502 MiB, 66 %, 1950 MHz, 1950 MHz, 158.04 W, 61, P2, 0x0000000000000000
2026/08/26 22:55:20.936, 0, 20768 MiB, 24 %, 1950 MHz, 1950 MHz, 164.65 W, 61, P2, 0x0000000000000000
2026/08/26 22:55:21.936, 0, 20768 MiB, 86 %, 1950 MHz, 1950 MHz, 215.62 W, 63, P2, 0x0000000000000000
2026/08/26 22:55:22.936, 0, 20768 MiB, 81 %, 1950 MHz, 1950 MHz, 224.18 W, 64, P2, 0x0000000000000000
2026/08/26 22:55:23.936, 0, 20768 MiB, 84 %, 1950 MHz, 1950 MHz, 226.71 W, 63, P2, 0x0000000000000000
2026/08/26 22:55:24.936, 0, 20768 MiB, 81 %, 1950 MHz, 1950 MHz, 226.65 W, 63, P2, 0x0000000000000000
2026/08/26 22:55:25.937, 0, 20770 MiB, 85 %, 1950 MHz, 1950 MHz, 225.26 W, 63, P2, 0x0000000000000000
2026/08/26 22:55:26.937, 0, 20770 MiB, 84 %, 1950 MHz, 1950 MHz, 227.66 W, 63, P2, 0x0000000000000000
2026/08/26 22:55:27.937, 0, 20772 MiB, 85 %, 1950 MHz, 1950 MHz, 229.84 W, 63, P2, 0x0000000000000000
2026/08/26 22:55:28.937, 0, 20772 MiB, 32 %, 1950 MHz, 1950 MHz, 226.76 W, 63, P2, 0x0000000000000000
2026/08/26 22:55:29.937, 0, 20772 MiB, 85 %, 1950 MHz, 1950 MHz, 219.24 W, 63, P2, 0x0000000000000000
2026/08/26 22:55:30.937, 0, 20772 MiB, 83 %, 1950 MHz, 1950 MHz, 224.50 W, 63, P2, 0x0000000000000000
2026/08/26 22:55:31.938, 0, 20772 MiB, 79 %, 1950 MHz, 1950 MHz, 229.25 W, 63, P2, 0x0000000000000000
2026/08/26 22:55:32.938, 0, 20772 MiB, 84 %, 1950 MHz, 1950 MHz, 227.22 W, 63, P2, 0x0000000000000000
2026/08/26 22:55:33.938, 0, 20772 MiB, 80 %, 1950 MHz, 1950 MHz, 230.84 W, 64, P2, 0x0000000000000000
2026/08/26 22:55:34.938, 0, 20772 MiB, 74 %, 1950 MHz, 1950 MHz, 220.07 W, 62, P2, 0x0000000000000000
2026/08/26 22:55:35.938, 0, 20772 MiB, 83 %, 1950 MHz, 1950 MHz, 224.13 W, 63, P2, 0x0000000000000000
2026/08/26 22:55:36.938, 0, 20772 MiB, 82 %, 1950 MHz, 1950 MHz, 226.83 W, 64, P2, 0x0000000000000000
2026/08/26 22:55:37.939, 0, 20772 MiB, 80 %, 1950 MHz, 1950 MHz, 226.89 W, 63, P2, 0x0000000000000000
2026/08/26 22:55:38.939, 0, 20772 MiB, 80 %, 1950 MHz, 1950 MHz, 229.35 W, 63, P2, 0x0000000000000000
2026/08/26 22:55:39.939, 0, 20772 MiB, 84 %, 1950 MHz, 1950 MHz, 225.73 W, 63, P2, 0x0000000000000000
2026/08/26 22:55:40.939, 0, 20772 MiB, 85 %, 1950 MHz, 1950 MHz, 227.97 W, 63, P2, 0x0000000000000000
2026/08/26 22:55:41.939, 0, 20772 MiB, 85 %, 1950 MHz, 1950 MHz, 233.01 W, 64, P2, 0x0000000000000000
2026/08/26 22:55:42.940, 0, 20772 MiB, 84 %, 1950 MHz, 1950 MHz, 217.46 W, 63, P2, 0x0000000000000000
2026/08/26 22:55:43.940, 0, 20772 MiB, 85 %, 1950 MHz, 1950 MHz, 225.79 W, 63, P2, 0x0000000000000000
2026/08/26 22:55:44.940, 0, 20772 MiB, 84 %, 1950 MHz, 1950 MHz, 224.99 W, 63, P2, 0x0000000000000000
2026/08/26 22:55:45.940, 0, 20772 MiB, 85 %, 1950 MHz, 1950 MHz, 226.39 W, 63, P2, 0x0000000000000000
2026/08/26 22:55:46.941, 0, 20772 MiB, 82 %, 1950 MHz, 1950 MHz, 223.92 W, 63, P2, 0x0000000000000000
2026/08/26 22:55:47.941, 0, 20772 MiB, 83 %, 1950 MHz, 1950 MHz, 228.14 W, 63, P2, 0x0000000000000000
2026/08/26 22:55:48.941, 0, 20772 MiB, 83 %, 1950 MHz, 1950 MHz, 224.30 W, 63, P2, 0x0000000000000000
2026/08/26 22:55:49.941, 0, 20772 MiB, 84 %, 1950 MHz, 1950 MHz, 224.86 W, 63, P2, 0x0000000000000000
2026/08/26 22:55:50.941, 0, 20772 MiB, 83 %, 1950 MHz, 1950 MHz, 225.37 W, 63, P2, 0x0000000000000000
2026/08/26 22:55:51.942, 0, 20772 MiB, 83 %, 1950 MHz, 1950 MHz, 229.65 W, 63, P2, 0x0000000000000000
2026/08/26 22:55:52.942, 0, 20772 MiB, 84 %, 1950 MHz, 1950 MHz, 224.39 W, 63, P2, 0x0000000000000000
2026/08/26 22:55:53.942, 0, 20772 MiB, 82 %, 1950 MHz, 1950 MHz, 227.20 W, 63, P2, 0x0000000000000000
2026/08/26 22:55:54.942, 0, 20772 MiB, 83 %, 1950 MHz, 1950 MHz, 226.72 W, 63, P2, 0x0000000000000000
2026/08/26 22:55:55.942, 0, 20772 MiB, 54 %, 1950 MHz, 1950 MHz, 218.48 W, 61, P2, 0x0000000000000000
2026/08/26 22:55:56.943, 0, 20772 MiB, 82 %, 1950 MHz, 1950 MHz, 218.95 W, 63, P2, 0x0000000000000000
2026/08/26 22:55:57.943, 0, 20772 MiB, 82 %, 1950 MHz, 1950 MHz, 226.71 W, 63, P2, 0x0000000000000000
2026/08/26 22:55:58.943, 0, 20774 MiB, 84 %, 1950 MHz, 1950 MHz, 225.52 W, 63, P2, 0x0000000000000004
2026/08/26 22:55:59.943, 0, 20774 MiB, 84 %, 1950 MHz, 1950 MHz, 230.77 W, 63, P2, 0x0000000000000000
2026/08/26 22:56:00.944, 0, 20774 MiB, 84 %, 1950 MHz, 1950 MHz, 232.40 W, 63, P2, 0x0000000000000000
2026/08/26 22:56:01.944, 0, 20774 MiB, 84 %, 1950 MHz, 1950 MHz, 233.42 W, 63, P2, 0x0000000000000000
2026/08/26 22:56:02.944, 0, 20780 MiB, 79 %, 1950 MHz, 1950 MHz, 204.60 W, 63, P2, 0x0000000000000000
2026/08/26 22:56:03.944, 0, 20780 MiB, 82 %, 1950 MHz, 1950 MHz, 227.79 W, 63, P2, 0x0000000000000000
2026/08/26 22:56:04.944, 0, 20780 MiB, 84 %, 1950 MHz, 1950 MHz, 227.51 W, 63, P2, 0x0000000000000000
2026/08/26 22:56:05.944, 0, 20780 MiB, 80 %, 1950 MHz, 1950 MHz, 231.71 W, 63, P2, 0x0000000000000000
2026/08/26 22:56:06.944, 0, 20780 MiB, 83 %, 1950 MHz, 1950 MHz, 226.43 W, 63, P2, 0x0000000000000000
2026/08/26 22:56:07.945, 0, 20780 MiB, 83 %, 1950 MHz, 1950 MHz, 231.68 W, 63, P2, 0x0000000000000000
2026/08/26 22:56:08.945, 0, 20780 MiB, 81 %, 1950 MHz, 1950 MHz, 232.30 W, 63, P2, 0x0000000000000000
2026/08/26 22:56:09.945, 0, 20780 MiB, 99 %, 1950 MHz, 1950 MHz, 223.41 W, 62, P2, 0x0000000000000000
2026/08/26 22:56:10.945, 0, 20780 MiB, 84 %, 1950 MHz, 1950 MHz, 214.19 W, 63, P2, 0x0000000000000000
2026/08/26 22:56:11.945, 0, 20780 MiB, 78 %, 1950 MHz, 1950 MHz, 225.73 W, 63, P2, 0x0000000000000000
2026/08/26 22:56:12.945, 0, 20780 MiB, 82 %, 1950 MHz, 1950 MHz, 230.06 W, 63, P2, 0x0000000000000000
2026/08/26 22:56:13.946, 0, 20780 MiB, 84 %, 1950 MHz, 1950 MHz, 227.37 W, 63, P2, 0x0000000000000000
2026/08/26 22:56:14.946, 0, 20780 MiB, 83 %, 1950 MHz, 1950 MHz, 226.91 W, 63, P2, 0x0000000000000000
2026/08/26 22:56:15.946, 0, 20780 MiB, 83 %, 1950 MHz, 1950 MHz, 229.18 W, 63, P2, 0x0000000000000000
2026/08/26 22:56:16.946, 0, 20780 MiB, 84 %, 1950 MHz, 1950 MHz, 227.59 W, 63, P2, 0x0000000000000000
2026/08/26 22:56:17.946, 0, 20780 MiB, 82 %, 1950 MHz, 1950 MHz, 226.94 W, 63, P2, 0x0000000000000000
2026/08/26 22:56:18.946, 0, 20780 MiB, 82 %, 1950 MHz, 1950 MHz, 226.94 W, 63, P2, 0x0000000000000000
2026/08/26 22:56:19.947, 0, 20780 MiB, 84 %, 1950 MHz, 1950 MHz, 227.47 W, 63, P2, 0x0000000000000000
2026/08/26 22:56:20.947, 0, 20780 MiB, 84 %, 1950 MHz, 1950 MHz, 226.07 W, 63, P2, 0x0000000000000000
2026/08/26 22:56:21.947, 0, 20780 MiB, 83 %, 1950 MHz, 1950 MHz, 227.11 W, 63, P2, 0x0000000000000000
2026/08/26 22:56:22.947, 0, 20780 MiB, 83 %, 1950 MHz, 1950 MHz, 218.92 W, 64, P2, 0x0000000000000004
2026/08/26 22:56:23.947, 0, 20780 MiB, 77 %, 1950 MHz, 1950 MHz, 233.50 W, 63, P2, 0x0000000000000000
2026/08/26 22:56:24.948, 0, 20780 MiB, 83 %, 1950 MHz, 1950 MHz, 231.00 W, 63, P2, 0x0000000000000000
2026/08/26 22:56:25.948, 0, 20780 MiB, 78 %, 1950 MHz, 1950 MHz, 230.89 W, 63, P2, 0x0000000000000000
2026/08/26 22:56:26.948, 0, 20780 MiB, 80 %, 1950 MHz, 1950 MHz, 230.37 W, 63, P2, 0x0000000000000000
2026/08/26 22:56:27.948, 0, 20780 MiB, 82 %, 1950 MHz, 1950 MHz, 226.39 W, 63, P2, 0x0000000000000000
2026/08/26 22:56:28.948, 0, 20780 MiB, 83 %, 1950 MHz, 1950 MHz, 228.87 W, 63, P2, 0x0000000000000000
2026/08/26 22:56:29.948, 0, 20780 MiB, 84 %, 1950 MHz, 1950 MHz, 228.80 W, 63, P2, 0x0000000000000004
2026/08/26 22:56:30.948, 0, 20780 MiB, 85 %, 1950 MHz, 1950 MHz, 219.01 W, 63, P2, 0x0000000000000000
2026/08/26 22:56:31.949, 0, 20780 MiB, 82 %, 1950 MHz, 1950 MHz, 226.28 W, 63, P2, 0x0000000000000000
2026/08/26 22:56:32.949, 0, 20780 MiB, 81 %, 1950 MHz, 1950 MHz, 226.62 W, 63, P2, 0x0000000000000000
2026/08/26 22:56:33.949, 0, 20780 MiB, 79 %, 1950 MHz, 1950 MHz, 229.95 W, 63, P2, 0x0000000000000000
2026/08/26 22:56:34.949, 0, 20780 MiB, 83 %, 1950 MHz, 1950 MHz, 233.59 W, 64, P2, 0x0000000000000000
2026/08/26 22:56:35.949, 0, 20780 MiB, 84 %, 1950 MHz, 1950 MHz, 235.85 W, 64, P2, 0x0000000000000000
2026/08/26 22:56:36.950, 0, 20780 MiB, 84 %, 1950 MHz, 1950 MHz, 218.51 W, 63, P2, 0x0000000000000000
2026/08/26 22:56:37.950, 0, 20780 MiB, 83 %, 1950 MHz, 1950 MHz, 225.41 W, 63, P2, 0x0000000000000000
2026/08/26 22:56:38.950, 0, 20780 MiB, 80 %, 1950 MHz, 1950 MHz, 225.39 W, 63, P2, 0x0000000000000000
2026/08/26 22:56:39.950, 0, 20780 MiB, 85 %, 1950 MHz, 1950 MHz, 226.79 W, 63, P2, 0x0000000000000000
2026/08/26 22:56:40.950, 0, 20780 MiB, 83 %, 1950 MHz, 1950 MHz, 226.24 W, 63, P2, 0x0000000000000000
2026/08/26 22:56:41.950, 0, 20780 MiB, 84 %, 1950 MHz, 1950 MHz, 226.63 W, 63, P2, 0x0000000000000000
2026/08/26 22:56:42.951, 0, 20780 MiB, 83 %, 1950 MHz, 1950 MHz, 225.74 W, 63, P2, 0x0000000000000000
2026/08/26 22:56:43.951, 0, 20780 MiB, 83 %, 1950 MHz, 1950 MHz, 222.43 W, 63, P2, 0x0000000000000000
2026/08/26 22:56:44.951, 0, 20780 MiB, 81 %, 1950 MHz, 1950 MHz, 225.60 W, 63, P2, 0x0000000000000000
2026/08/26 22:56:45.951, 0, 20780 MiB, 82 %, 1950 MHz, 1950 MHz, 227.56 W, 63, P2, 0x0000000000000000
2026/08/26 22:56:46.951, 0, 20780 MiB, 84 %, 1950 MHz, 1950 MHz, 226.23 W, 63, P2, 0x0000000000000000
2026/08/26 22:56:47.951, 0, 20780 MiB, 80 %, 1950 MHz, 1950 MHz, 226.09 W, 63, P2, 0x0000000000000000
2026/08/26 22:56:48.952, 0, 20780 MiB, 84 %, 1950 MHz, 1950 MHz, 226.84 W, 63, P2, 0x0000000000000000
2026/08/26 22:56:49.952, 0, 20780 MiB, 46 %, 1950 MHz, 1950 MHz, 219.94 W, 62, P2, 0x0000000000000000
2026/08/26 22:56:50.952, 0, 20780 MiB, 83 %, 1950 MHz, 1950 MHz, 220.85 W, 63, P2, 0x0000000000000000
2026/08/26 22:56:51.952, 0, 20780 MiB, 81 %, 1950 MHz, 1950 MHz, 225.91 W, 63, P2, 0x0000000000000000
2026/08/26 22:56:52.952, 0, 20780 MiB, 85 %, 1950 MHz, 1950 MHz, 226.25 W, 63, P2, 0x0000000000000000
2026/08/26 22:56:53.952, 0, 20780 MiB, 81 %, 1950 MHz, 1950 MHz, 225.07 W, 63, P2, 0x0000000000000000
2026/08/26 22:56:54.952, 0, 20780 MiB, 84 %, 1950 MHz, 1950 MHz, 223.96 W, 63, P2, 0x0000000000000000
2026/08/26 22:56:55.953, 0, 20780 MiB, 84 %, 1950 MHz, 1950 MHz, 225.64 W, 63, P2, 0x0000000000000000
2026/08/26 22:56:56.953, 0, 20780 MiB, 81 %, 1950 MHz, 1950 MHz, 226.98 W, 63, P2, 0x0000000000000000
2026/08/26 22:56:57.953, 0, 20780 MiB, 84 %, 1950 MHz, 1950 MHz, 227.63 W, 63, P2, 0x0000000000000000
2026/08/26 22:56:58.953, 0, 402 MiB, 83 %, 1950 MHz, 1950 MHz, 230.88 W, 64, P2, 0x0000000000000000
2026/08/26 22:56:59.953, 0, 346 MiB, 0 %, 1950 MHz, 1950 MHz, 169.34 W, 61, P2, 0x0000000000000000
2026/08/26 22:57:00.954, 0, 346 MiB, 0 %, 1950 MHz, 1950 MHz, 158.91 W, 60, P2, 0x0000000000000000
2026/08/26 22:57:01.954, 0, 346 MiB, 0 %, 1695 MHz, 1695 MHz, 156.88 W, 60, P2, 0x0000000000000000
2026/08/26 22:57:02.954, 0, 20144 MiB, 100 %, 1695 MHz, 1695 MHz, 131.89 W, 58, P2, 0x0000000000000000
2026/08/26 22:57:03.954, 0, 20144 MiB, 100 %, 1950 MHz, 1950 MHz, 153.76 W, 60, P2, 0x0000000000000000
2026/08/26 22:57:04.954, 0, 20144 MiB, 99 %, 1950 MHz, 1950 MHz, 156.46 W, 59, P2, 0x0000000000000000
2026/08/26 22:57:05.955, 0, 20144 MiB, 99 %, 1950 MHz, 1950 MHz, 155.30 W, 59, P2, 0x0000000000000000
2026/08/26 22:57:06.955, 0, 20144 MiB, 99 %, 1950 MHz, 1950 MHz, 155.24 W, 59, P2, 0x0000000000000000
2026/08/26 22:57:07.955, 0, 20144 MiB, 100 %, 1950 MHz, 1950 MHz, 155.05 W, 59, P2, 0x0000000000000000
2026/08/26 22:57:08.955, 0, 20144 MiB, 100 %, 1950 MHz, 1950 MHz, 154.97 W, 59, P2, 0x0000000000000000
2026/08/26 22:57:09.955, 0, 20816 MiB, 0 %, 1950 MHz, 1950 MHz, 158.08 W, 58, P2, 0x0000000000000000
2026/08/26 22:57:10.955, 0, 20816 MiB, 75 %, 1950 MHz, 1950 MHz, 284.86 W, 65, P2, 0x0000000000000000
2026/08/26 22:57:11.955, 0, 20816 MiB, 77 %, 1950 MHz, 1950 MHz, 324.02 W, 66, P2, 0x0000000000000000
2026/08/26 22:57:12.955, 0, 20816 MiB, 59 %, 1950 MHz, 1950 MHz, 300.91 W, 62, P2, 0x0000000000000000
2026/08/26 22:57:13.956, 0, 20816 MiB, 79 %, 1950 MHz, 1950 MHz, 313.35 W, 67, P2, 0x0000000000000004
2026/08/26 22:57:14.956, 0, 20816 MiB, 80 %, 1950 MHz, 1950 MHz, 329.25 W, 67, P2, 0x0000000000000004
2026/08/26 22:57:15.956, 0, 20816 MiB, 78 %, 1935 MHz, 1935 MHz, 291.95 W, 66, P2, 0x0000000000000000
2026/08/26 22:57:16.956, 0, 20816 MiB, 78 %, 1935 MHz, 1935 MHz, 322.29 W, 67, P2, 0x0000000000000000
2026/08/26 22:57:17.956, 0, 20816 MiB, 79 %, 1935 MHz, 1935 MHz, 323.65 W, 67, P2, 0x0000000000000000
2026/08/26 22:57:18.956, 0, 20816 MiB, 78 %, 1935 MHz, 1935 MHz, 292.74 W, 67, P2, 0x0000000000000000
2026/08/26 22:57:19.956, 0, 20816 MiB, 79 %, 1935 MHz, 1935 MHz, 325.13 W, 68, P2, 0x0000000000000000
2026/08/26 22:57:20.956, 0, 20816 MiB, 78 %, 1935 MHz, 1935 MHz, 325.49 W, 68, P2, 0x0000000000000000
2026/08/26 22:57:21.957, 0, 20820 MiB, 79 %, 1935 MHz, 1935 MHz, 285.49 W, 68, P2, 0x0000000000000000
2026/08/26 22:57:22.957, 0, 20820 MiB, 77 %, 1935 MHz, 1935 MHz, 324.68 W, 68, P2, 0x0000000000000000
2026/08/26 22:57:23.957, 0, 20820 MiB, 79 %, 1935 MHz, 1935 MHz, 327.97 W, 69, P2, 0x0000000000000004
2026/08/26 22:57:24.957, 0, 20824 MiB, 79 %, 1935 MHz, 1935 MHz, 263.54 W, 68, P2, 0x0000000000000000
2026/08/26 22:57:25.957, 0, 20824 MiB, 78 %, 1935 MHz, 1935 MHz, 326.40 W, 69, P2, 0x0000000000000000
2026/08/26 22:57:26.958, 0, 20824 MiB, 78 %, 1935 MHz, 1935 MHz, 327.93 W, 69, P2, 0x0000000000000000
2026/08/26 22:57:27.958, 0, 20824 MiB, 79 %, 1935 MHz, 1935 MHz, 277.07 W, 69, P2, 0x0000000000000000
2026/08/26 22:57:28.958, 0, 20824 MiB, 75 %, 1935 MHz, 1935 MHz, 327.15 W, 69, P2, 0x0000000000000000
2026/08/26 22:57:29.958, 0, 20824 MiB, 79 %, 1935 MHz, 1935 MHz, 327.48 W, 70, P2, 0x0000000000000004
2026/08/26 22:57:30.958, 0, 20824 MiB, 76 %, 1935 MHz, 1935 MHz, 291.78 W, 69, P2, 0x0000000000000000
2026/08/26 22:57:31.958, 0, 20824 MiB, 78 %, 1935 MHz, 1935 MHz, 329.61 W, 70, P2, 0x0000000000000004
2026/08/26 22:57:32.959, 0, 20824 MiB, 77 %, 1935 MHz, 1935 MHz, 328.08 W, 70, P2, 0x0000000000000000
2026/08/26 22:57:33.959, 0, 20824 MiB, 78 %, 1935 MHz, 1935 MHz, 292.91 W, 70, P2, 0x0000000000000004
2026/08/26 22:57:34.959, 0, 20824 MiB, 76 %, 1935 MHz, 1935 MHz, 329.35 W, 70, P2, 0x0000000000000004
2026/08/26 22:57:35.959, 0, 20824 MiB, 39 %, 1935 MHz, 1935 MHz, 316.12 W, 67, P2, 0x0000000000000004
2026/08/26 22:57:36.959, 0, 20824 MiB, 77 %, 1935 MHz, 1935 MHz, 298.49 W, 71, P2, 0x0000000000000004
2026/08/26 22:57:37.959, 0, 20824 MiB, 79 %, 1935 MHz, 1935 MHz, 330.80 W, 71, P2, 0x0000000000000004
2026/08/26 22:57:38.959, 0, 20824 MiB, 64 %, 1935 MHz, 1935 MHz, 298.03 W, 69, P2, 0x0000000000000004
2026/08/26 22:57:39.959, 0, 20824 MiB, 77 %, 1935 MHz, 1935 MHz, 323.74 W, 71, P2, 0x0000000000000004
2026/08/26 22:57:40.960, 0, 20824 MiB, 74 %, 1935 MHz, 1935 MHz, 333.10 W, 72, P2, 0x0000000000000004
2026/08/26 22:57:41.960, 0, 85 MiB, 100 %, 1935 MHz, 1935 MHz, 262.93 W, 66, P0, 0x0000000000000000
2026/08/26 22:57:43.070, 0, 346 MiB, 0 %, 1935 MHz, 1935 MHz, 172.56 W, 64, P2, 0x0000000000000000
2026/08/26 22:57:44.070, 0, 346 MiB, 0 %, 1935 MHz, 1935 MHz, 162.40 W, 64, P2, 0x0000000000000000
2026/08/26 22:57:45.070, 0, 346 MiB, 0 %, 1695 MHz, 1695 MHz, 150.10 W, 62, P2, 0x0000000000000000
2026/08/26 22:57:46.071, 0, 18082 MiB, 100 %, 1695 MHz, 1695 MHz, 130.88 W, 61, P2, 0x0000000000000000
2026/08/26 22:57:47.071, 0, 18082 MiB, 100 %, 1950 MHz, 1950 MHz, 153.94 W, 62, P2, 0x0000000000000000
2026/08/26 22:57:48.071, 0, 18082 MiB, 100 %, 1950 MHz, 1950 MHz, 159.40 W, 62, P2, 0x0000000000000000
2026/08/26 22:57:49.071, 0, 18082 MiB, 100 %, 1950 MHz, 1950 MHz, 158.73 W, 62, P2, 0x0000000000000000
2026/08/26 22:57:50.071, 0, 18082 MiB, 99 %, 1950 MHz, 1950 MHz, 158.69 W, 61, P2, 0x0000000000000000
2026/08/26 22:57:51.071, 0, 18082 MiB, 99 %, 1950 MHz, 1950 MHz, 158.31 W, 61, P2, 0x0000000000000000
2026/08/26 22:57:52.071, 0, 20636 MiB, 0 %, 1950 MHz, 1950 MHz, 160.15 W, 61, P2, 0x0000000000000000
2026/08/26 22:57:53.071, 0, 21828 MiB, 71 %, 1950 MHz, 1950 MHz, 193.85 W, 65, P2, 0x0000000000000000
2026/08/26 22:57:54.072, 0, 21828 MiB, 75 %, 1935 MHz, 1935 MHz, 312.67 W, 67, P2, 0x0000000000000000
2026/08/26 22:57:55.072, 0, 21828 MiB, 65 %, 1935 MHz, 1935 MHz, 314.83 W, 66, P2, 0x0000000000000004
2026/08/26 22:57:56.072, 0, 21828 MiB, 72 %, 1935 MHz, 1935 MHz, 288.53 W, 68, P2, 0x0000000000000004
2026/08/26 22:57:57.072, 0, 21828 MiB, 65 %, 1935 MHz, 1935 MHz, 313.99 W, 68, P2, 0x0000000000000004
2026/08/26 22:57:58.072, 0, 21828 MiB, 68 %, 1935 MHz, 1935 MHz, 285.30 W, 68, P2, 0x0000000000000000
2026/08/26 22:57:59.072, 0, 21828 MiB, 74 %, 1935 MHz, 1935 MHz, 320.76 W, 69, P2, 0x0000000000000004
2026/08/26 22:58:00.072, 0, 21828 MiB, 69 %, 1935 MHz, 1935 MHz, 281.92 W, 68, P2, 0x0000000000000000
2026/08/26 22:58:01.072, 0, 21828 MiB, 69 %, 1935 MHz, 1935 MHz, 314.40 W, 69, P2, 0x0000000000000004
2026/08/26 22:58:02.073, 0, 21828 MiB, 73 %, 1935 MHz, 1935 MHz, 315.47 W, 69, P2, 0x0000000000000004
2026/08/26 22:58:03.073, 0, 21830 MiB, 43 %, 1935 MHz, 1935 MHz, 297.32 W, 65, P2, 0x0000000000000000
2026/08/26 22:58:04.073, 0, 21830 MiB, 73 %, 1935 MHz, 1935 MHz, 286.63 W, 69, P2, 0x0000000000000004
2026/08/26 22:58:05.073, 0, 21834 MiB, 58 %, 1935 MHz, 1935 MHz, 296.01 W, 66, P2, 0x0000000000000000
2026/08/26 22:58:06.073, 0, 21834 MiB, 72 %, 1935 MHz, 1935 MHz, 206.70 W, 67, P2, 0x0000000000000000
2026/08/26 22:58:07.073, 0, 21834 MiB, 68 %, 1935 MHz, 1935 MHz, 310.19 W, 69, P2, 0x0000000000000004
2026/08/26 22:58:08.073, 0, 21834 MiB, 99 %, 1935 MHz, 1935 MHz, 259.64 W, 64, P2, 0x0000000000000004
2026/08/26 22:58:09.074, 0, 21834 MiB, 68 %, 1935 MHz, 1935 MHz, 260.33 W, 68, P2, 0x0000000000000004
2026/08/26 22:58:10.074, 0, 21834 MiB, 74 %, 1935 MHz, 1935 MHz, 319.27 W, 69, P2, 0x0000000000000004
2026/08/26 22:58:11.074, 0, 21834 MiB, 72 %, 1935 MHz, 1935 MHz, 284.82 W, 68, P2, 0x0000000000000004
2026/08/26 22:58:12.074, 0, 21834 MiB, 73 %, 1935 MHz, 1935 MHz, 312.19 W, 70, P2, 0x0000000000000004
2026/08/26 22:58:13.074, 0, 21834 MiB, 51 %, 1935 MHz, 1935 MHz, 296.47 W, 67, P2, 0x0000000000000004
2026/08/26 22:58:14.074, 0, 21834 MiB, 70 %, 1935 MHz, 1935 MHz, 296.16 W, 70, P2, 0x0000000000000004
2026/08/26 22:58:15.074, 0, 21834 MiB, 45 %, 1935 MHz, 1935 MHz, 312.24 W, 68, P2, 0x0000000000000004
2026/08/26 22:58:16.074, 0, 21834 MiB, 68 %, 1935 MHz, 1935 MHz, 288.39 W, 70, P2, 0x0000000000000004
2026/08/26 22:58:17.075, 0, 21834 MiB, 71 %, 1935 MHz, 1935 MHz, 317.61 W, 70, P2, 0x0000000000000004
2026/08/26 22:58:18.075, 0, 21834 MiB, 74 %, 1935 MHz, 1935 MHz, 318.76 W, 70, P2, 0x0000000000000004
2026/08/26 22:58:19.075, 0, 21834 MiB, 72 %, 1935 MHz, 1935 MHz, 289.69 W, 70, P2, 0x0000000000000004
2026/08/26 22:58:20.075, 0, 21834 MiB, 73 %, 1935 MHz, 1935 MHz, 324.11 W, 71, P2, 0x0000000000000004
2026/08/26 22:58:21.075, 0, 21834 MiB, 74 %, 1935 MHz, 1935 MHz, 323.01 W, 71, P2, 0x0000000000000004
2026/08/26 22:58:22.075, 0, 414 MiB, 75 %, 1935 MHz, 1935 MHz, 323.81 W, 70, P2, 0x0000000000000004
2026/08/26 22:58:23.075, 0, 346 MiB, 0 %, 1935 MHz, 1935 MHz, 178.07 W, 65, P2, 0x0000000000000000
2026/08/26 22:58:24.076, 0, 346 MiB, 0 %, 1935 MHz, 1935 MHz, 166.40 W, 64, P2, 0x0000000000000000
2026/08/26 22:58:25.076, 0, 346 MiB, 0 %, 1695 MHz, 1695 MHz, 161.70 W, 63, P2, 0x0000000000000000
2026/08/26 22:58:26.076, 0, 346 MiB, 0 %, 1695 MHz, 1695 MHz, 135.66 W, 61, P2, 0x0000000000000000
2026/08/26 22:58:27.076, 0, 17618 MiB, 100 %, 1950 MHz, 1950 MHz, 143.23 W, 63, P2, 0x0000000000000000
2026/08/26 22:58:28.076, 0, 17618 MiB, 100 %, 1950 MHz, 1950 MHz, 166.85 W, 62, P2, 0x0000000000000000
2026/08/26 22:58:29.077, 0, 17618 MiB, 99 %, 1950 MHz, 1950 MHz, 161.96 W, 62, P2, 0x0000000000000000
2026/08/26 22:58:30.077, 0, 17618 MiB, 99 %, 1950 MHz, 1950 MHz, 158.99 W, 62, P2, 0x0000000000000000
2026/08/26 22:58:31.077, 0, 17618 MiB, 99 %, 1950 MHz, 1950 MHz, 158.56 W, 61, P2, 0x0000000000000000
2026/08/26 22:58:32.077, 0, 17618 MiB, 100 %, 1950 MHz, 1950 MHz, 158.28 W, 61, P2, 0x0000000000000000
2026/08/26 22:58:33.077, 0, 20226 MiB, 100 %, 1950 MHz, 1950 MHz, 159.83 W, 61, P2, 0x0000000000000000
2026/08/26 22:58:34.077, 0, 20276 MiB, 69 %, 1950 MHz, 1950 MHz, 234.75 W, 66, P2, 0x0000000000000000
2026/08/26 22:58:35.077, 0, 20276 MiB, 70 %, 1935 MHz, 1935 MHz, 314.17 W, 67, P2, 0x0000000000000000
2026/08/26 22:58:36.078, 0, 20276 MiB, 62 %, 1935 MHz, 1935 MHz, 286.14 W, 64, P2, 0x0000000000000000
2026/08/26 22:58:37.078, 0, 20276 MiB, 71 %, 1935 MHz, 1935 MHz, 301.40 W, 68, P2, 0x0000000000000000
2026/08/26 22:58:38.078, 0, 20276 MiB, 54 %, 1935 MHz, 1935 MHz, 288.96 W, 64, P2, 0x0000000000000000
2026/08/26 22:58:39.078, 0, 20276 MiB, 69 %, 1935 MHz, 1935 MHz, 298.97 W, 68, P2, 0x0000000000000000
2026/08/26 22:58:40.078, 0, 20276 MiB, 70 %, 1935 MHz, 1935 MHz, 312.74 W, 68, P2, 0x0000000000000000
2026/08/26 22:58:41.078, 0, 20276 MiB, 70 %, 1935 MHz, 1935 MHz, 282.71 W, 68, P2, 0x0000000000000000
2026/08/26 22:58:42.079, 0, 20276 MiB, 68 %, 1935 MHz, 1935 MHz, 312.21 W, 69, P2, 0x0000000000000000
2026/08/26 22:58:43.079, 0, 20280 MiB, 42 %, 1935 MHz, 1935 MHz, 296.52 W, 65, P2, 0x0000000000000000
2026/08/26 22:58:44.079, 0, 20280 MiB, 71 %, 1935 MHz, 1935 MHz, 287.71 W, 69, P2, 0x0000000000000000
2026/08/26 22:58:45.079, 0, 20280 MiB, 70 %, 1935 MHz, 1935 MHz, 313.93 W, 69, P2, 0x0000000000000000
2026/08/26 22:58:46.079, 0, 20288 MiB, 67 %, 1935 MHz, 1935 MHz, 206.60 W, 66, P2, 0x0000000000000000
2026/08/26 22:58:47.080, 0, 20288 MiB, 67 %, 1935 MHz, 1935 MHz, 303.74 W, 69, P2, 0x0000000000000000
2026/08/26 22:58:48.080, 0, 20288 MiB, 59 %, 1935 MHz, 1935 MHz, 310.46 W, 68, P2, 0x0000000000000000
2026/08/26 22:58:49.080, 0, 20288 MiB, 67 %, 1935 MHz, 1935 MHz, 214.54 W, 68, P2, 0x0000000000000000
2026/08/26 22:58:50.080, 0, 20288 MiB, 72 %, 1935 MHz, 1935 MHz, 309.93 W, 69, P2, 0x0000000000000000
2026/08/26 22:58:51.080, 0, 20288 MiB, 37 %, 1935 MHz, 1935 MHz, 304.68 W, 67, P2, 0x0000000000000004
2026/08/26 22:58:52.081, 0, 20288 MiB, 69 %, 1935 MHz, 1935 MHz, 281.40 W, 69, P2, 0x0000000000000000
2026/08/26 22:58:53.081, 0, 20288 MiB, 67 %, 1935 MHz, 1935 MHz, 312.40 W, 69, P2, 0x0000000000000000
2026/08/26 22:58:54.081, 0, 20288 MiB, 71 %, 1935 MHz, 1935 MHz, 287.87 W, 69, P2, 0x0000000000000000
2026/08/26 22:58:55.081, 0, 20288 MiB, 66 %, 1935 MHz, 1935 MHz, 314.38 W, 69, P2, 0x0000000000000000
2026/08/26 22:58:56.081, 0, 20288 MiB, 70 %, 1935 MHz, 1935 MHz, 286.73 W, 70, P2, 0x0000000000000000
2026/08/26 22:58:57.082, 0, 20288 MiB, 71 %, 1935 MHz, 1935 MHz, 315.74 W, 70, P2, 0x0000000000000000
2026/08/26 22:58:58.082, 0, 20288 MiB, 71 %, 1935 MHz, 1935 MHz, 313.15 W, 70, P2, 0x0000000000000000
2026/08/26 22:58:59.082, 0, 20288 MiB, 68 %, 1935 MHz, 1935 MHz, 288.80 W, 70, P2, 0x0000000000000000
2026/08/26 22:59:00.082, 0, 20288 MiB, 67 %, 1935 MHz, 1935 MHz, 318.07 W, 70, P2, 0x0000000000000000
2026/08/26 22:59:01.083, 0, 82 MiB, 100 %, 1935 MHz, 1935 MHz, 245.55 W, 66, P2, 0x0000000000000000
2026/08/26 22:59:02.083, 0, 346 MiB, 100 %, 1935 MHz, 1935 MHz, 174.75 W, 65, P2, 0x0000000000000000
2026/08/26 22:59:03.083, 0, 346 MiB, 2 %, 1935 MHz, 1935 MHz, 162.68 W, 64, P2, 0x0000000000000000
2026/08/26 22:59:04.083, 0, 346 MiB, 0 %, 1695 MHz, 1695 MHz, 158.32 W, 63, P2, 0x0000000000000000
2026/08/26 22:59:05.084, 0, 19362 MiB, 0 %, 1695 MHz, 1695 MHz, 133.54 W, 61, P2, 0x0000000000000000
2026/08/26 22:59:06.084, 0, 19362 MiB, 100 %, 1950 MHz, 1950 MHz, 153.55 W, 62, P2, 0x0000000000000000
2026/08/26 22:59:07.084, 0, 19362 MiB, 100 %, 1950 MHz, 1950 MHz, 159.71 W, 62, P2, 0x0000000000000000
2026/08/26 22:59:08.084, 0, 19362 MiB, 99 %, 1950 MHz, 1950 MHz, 159.27 W, 62, P2, 0x0000000000000000
2026/08/26 22:59:09.084, 0, 19362 MiB, 99 %, 1950 MHz, 1950 MHz, 158.91 W, 61, P2, 0x0000000000000000
2026/08/26 22:59:10.084, 0, 19362 MiB, 99 %, 1950 MHz, 1950 MHz, 158.78 W, 61, P2, 0x0000000000000000
2026/08/26 22:59:11.084, 0, 19362 MiB, 100 %, 1950 MHz, 1950 MHz, 158.32 W, 61, P2, 0x0000000000000000
2026/08/26 22:59:12.085, 0, 20768 MiB, 72 %, 1950 MHz, 1950 MHz, 162.07 W, 61, P2, 0x0000000000000000
2026/08/26 22:59:13.085, 0, 20768 MiB, 84 %, 1950 MHz, 1950 MHz, 214.38 W, 63, P2, 0x0000000000000000
2026/08/26 22:59:14.085, 0, 20768 MiB, 85 %, 1950 MHz, 1950 MHz, 227.71 W, 63, P2, 0x0000000000000000
2026/08/26 22:59:15.085, 0, 20768 MiB, 80 %, 1950 MHz, 1950 MHz, 228.67 W, 63, P2, 0x0000000000000000
2026/08/26 22:59:16.085, 0, 20768 MiB, 80 %, 1950 MHz, 1950 MHz, 227.64 W, 64, P2, 0x0000000000000000
2026/08/26 22:59:17.085, 0, 20770 MiB, 85 %, 1950 MHz, 1950 MHz, 228.74 W, 64, P2, 0x0000000000000000
2026/08/26 22:59:18.085, 0, 20770 MiB, 82 %, 1950 MHz, 1950 MHz, 227.89 W, 64, P2, 0x0000000000000000
2026/08/26 22:59:19.085, 0, 20772 MiB, 85 %, 1950 MHz, 1950 MHz, 232.93 W, 64, P2, 0x0000000000000000
2026/08/26 22:59:20.086, 0, 20772 MiB, 85 %, 1950 MHz, 1950 MHz, 229.42 W, 63, P2, 0x0000000000000000
2026/08/26 22:59:21.086, 0, 20772 MiB, 80 %, 1950 MHz, 1950 MHz, 223.37 W, 64, P2, 0x0000000000000000
2026/08/26 22:59:22.086, 0, 20772 MiB, 84 %, 1950 MHz, 1950 MHz, 226.03 W, 63, P2, 0x0000000000000000
2026/08/26 22:59:23.086, 0, 20772 MiB, 84 %, 1950 MHz, 1950 MHz, 227.70 W, 64, P2, 0x0000000000000000
2026/08/26 22:59:24.086, 0, 20772 MiB, 84 %, 1950 MHz, 1950 MHz, 227.02 W, 64, P2, 0x0000000000000000
2026/08/26 22:59:25.086, 0, 20772 MiB, 85 %, 1950 MHz, 1950 MHz, 232.62 W, 64, P2, 0x0000000000000000
2026/08/26 22:59:26.086, 0, 20772 MiB, 85 %, 1950 MHz, 1950 MHz, 219.30 W, 62, P2, 0x0000000000000000
2026/08/26 22:59:27.087, 0, 20772 MiB, 83 %, 1950 MHz, 1950 MHz, 225.55 W, 63, P2, 0x0000000000000000
2026/08/26 22:59:28.087, 0, 20772 MiB, 84 %, 1950 MHz, 1950 MHz, 228.47 W, 64, P2, 0x0000000000000000
2026/08/26 22:59:29.087, 0, 20772 MiB, 80 %, 1950 MHz, 1950 MHz, 228.86 W, 64, P2, 0x0000000000000000
2026/08/26 22:59:30.087, 0, 20772 MiB, 84 %, 1950 MHz, 1950 MHz, 229.61 W, 64, P2, 0x0000000000000000
2026/08/26 22:59:31.087, 0, 20772 MiB, 83 %, 1950 MHz, 1950 MHz, 227.62 W, 63, P2, 0x0000000000000000
2026/08/26 22:59:32.087, 0, 20772 MiB, 80 %, 1950 MHz, 1950 MHz, 231.55 W, 64, P2, 0x0000000000000000
2026/08/26 22:59:33.087, 0, 20772 MiB, 84 %, 1950 MHz, 1950 MHz, 233.84 W, 64, P2, 0x0000000000000000
2026/08/26 22:59:34.088, 0, 20772 MiB, 72 %, 1950 MHz, 1950 MHz, 215.15 W, 63, P2, 0x0000000000000000
2026/08/26 22:59:35.088, 0, 20772 MiB, 83 %, 1950 MHz, 1950 MHz, 226.60 W, 64, P2, 0x0000000000000000
2026/08/26 22:59:36.088, 0, 20772 MiB, 85 %, 1950 MHz, 1950 MHz, 225.39 W, 63, P2, 0x0000000000000000
2026/08/26 22:59:37.088, 0, 20772 MiB, 81 %, 1950 MHz, 1950 MHz, 226.54 W, 64, P2, 0x0000000000000000
2026/08/26 22:59:38.088, 0, 20772 MiB, 84 %, 1950 MHz, 1950 MHz, 225.05 W, 63, P2, 0x0000000000000000
2026/08/26 22:59:39.088, 0, 20772 MiB, 85 %, 1950 MHz, 1950 MHz, 228.05 W, 63, P2, 0x0000000000000000
2026/08/26 22:59:40.088, 0, 20772 MiB, 81 %, 1950 MHz, 1950 MHz, 226.62 W, 64, P2, 0x0000000000000000
2026/08/26 22:59:41.088, 0, 20772 MiB, 84 %, 1950 MHz, 1950 MHz, 226.91 W, 63, P2, 0x0000000000000000
2026/08/26 22:59:42.089, 0, 20772 MiB, 81 %, 1950 MHz, 1950 MHz, 226.93 W, 64, P2, 0x0000000000000000
2026/08/26 22:59:43.089, 0, 20772 MiB, 83 %, 1950 MHz, 1950 MHz, 231.42 W, 64, P2, 0x0000000000000000
2026/08/26 22:59:44.089, 0, 20772 MiB, 84 %, 1950 MHz, 1950 MHz, 228.19 W, 63, P2, 0x0000000000000000
2026/08/26 22:59:45.089, 0, 20772 MiB, 84 %, 1950 MHz, 1950 MHz, 226.45 W, 63, P2, 0x0000000000000000
2026/08/26 22:59:46.089, 0, 20772 MiB, 83 %, 1950 MHz, 1950 MHz, 228.57 W, 64, P2, 0x0000000000000000
2026/08/26 22:59:47.089, 0, 20772 MiB, 81 %, 1950 MHz, 1950 MHz, 219.06 W, 62, P2, 0x0000000000000000
2026/08/26 22:59:48.090, 0, 20772 MiB, 83 %, 1950 MHz, 1950 MHz, 221.69 W, 63, P2, 0x0000000000000000
2026/08/26 22:59:49.090, 0, 20772 MiB, 80 %, 1950 MHz, 1950 MHz, 228.56 W, 64, P2, 0x0000000000000000
2026/08/26 22:59:50.090, 0, 20774 MiB, 84 %, 1950 MHz, 1950 MHz, 226.58 W, 63, P2, 0x0000000000000000
2026/08/26 22:59:51.090, 0, 20774 MiB, 82 %, 1950 MHz, 1950 MHz, 231.25 W, 63, P2, 0x0000000000000000
2026/08/26 22:59:52.090, 0, 20774 MiB, 84 %, 1950 MHz, 1950 MHz, 233.83 W, 64, P2, 0x0000000000000000
2026/08/26 22:59:53.090, 0, 20778 MiB, 80 %, 1950 MHz, 1950 MHz, 236.50 W, 64, P2, 0x0000000000000000
2026/08/26 22:59:54.091, 0, 20780 MiB, 100 %, 1950 MHz, 1950 MHz, 204.68 W, 63, P2, 0x0000000000000000
2026/08/26 22:59:55.091, 0, 20780 MiB, 84 %, 1950 MHz, 1950 MHz, 226.52 W, 64, P2, 0x0000000000000000
2026/08/26 22:59:56.091, 0, 20780 MiB, 83 %, 1950 MHz, 1950 MHz, 229.37 W, 63, P2, 0x0000000000000000
2026/08/26 22:59:57.091, 0, 20780 MiB, 83 %, 1950 MHz, 1950 MHz, 231.91 W, 63, P2, 0x0000000000000000
2026/08/26 22:59:58.091, 0, 20780 MiB, 80 %, 1950 MHz, 1950 MHz, 226.58 W, 63, P2, 0x0000000000000000
2026/08/26 22:59:59.091, 0, 20780 MiB, 82 %, 1950 MHz, 1950 MHz, 231.48 W, 63, P2, 0x0000000000000000
2026/08/26 23:00:00.092, 0, 20780 MiB, 84 %, 1950 MHz, 1950 MHz, 231.78 W, 64, P2, 0x0000000000000000
2026/08/26 23:00:01.092, 0, 20780 MiB, 83 %, 1875 MHz, 1875 MHz, 222.77 W, 62, P2, 0x0000000000000004
2026/08/26 23:00:02.092, 0, 20780 MiB, 85 %, 1950 MHz, 1950 MHz, 210.77 W, 63, P2, 0x0000000000000000
2026/08/26 23:00:03.092, 0, 20780 MiB, 82 %, 1950 MHz, 1950 MHz, 226.71 W, 64, P2, 0x0000000000000000
2026/08/26 23:00:04.092, 0, 20780 MiB, 82 %, 1950 MHz, 1950 MHz, 231.44 W, 63, P2, 0x0000000000000000
2026/08/26 23:00:05.092, 0, 20780 MiB, 82 %, 1950 MHz, 1950 MHz, 227.85 W, 63, P2, 0x0000000000000000
2026/08/26 23:00:06.092, 0, 20780 MiB, 81 %, 1950 MHz, 1950 MHz, 228.02 W, 63, P2, 0x0000000000000000
2026/08/26 23:00:07.093, 0, 20780 MiB, 84 %, 1950 MHz, 1950 MHz, 228.46 W, 63, P2, 0x0000000000000000
2026/08/26 23:00:08.093, 0, 20780 MiB, 82 %, 1950 MHz, 1950 MHz, 227.51 W, 63, P2, 0x0000000000000000
2026/08/26 23:00:09.093, 0, 20780 MiB, 82 %, 1950 MHz, 1950 MHz, 228.65 W, 64, P2, 0x0000000000000000
2026/08/26 23:00:10.093, 0, 20780 MiB, 80 %, 1950 MHz, 1950 MHz, 226.79 W, 63, P2, 0x0000000000000000
2026/08/26 23:00:11.093, 0, 20780 MiB, 85 %, 1950 MHz, 1950 MHz, 228.79 W, 63, P2, 0x0000000000000000
2026/08/26 23:00:12.093, 0, 20780 MiB, 82 %, 1950 MHz, 1950 MHz, 227.55 W, 63, P2, 0x0000000000000000
2026/08/26 23:00:13.094, 0, 20780 MiB, 82 %, 1950 MHz, 1950 MHz, 228.00 W, 63, P2, 0x0000000000000000
2026/08/26 23:00:14.094, 0, 20780 MiB, 47 %, 1950 MHz, 1950 MHz, 214.01 W, 63, P2, 0x0000000000000000
2026/08/26 23:00:15.094, 0, 20780 MiB, 83 %, 1950 MHz, 1950 MHz, 233.13 W, 63, P2, 0x0000000000000000
2026/08/26 23:00:16.094, 0, 20780 MiB, 83 %, 1950 MHz, 1950 MHz, 232.72 W, 63, P2, 0x0000000000000000
2026/08/26 23:00:17.094, 0, 20780 MiB, 83 %, 1950 MHz, 1950 MHz, 231.67 W, 63, P2, 0x0000000000000000
2026/08/26 23:00:18.095, 0, 20780 MiB, 83 %, 1950 MHz, 1950 MHz, 233.80 W, 64, P2, 0x0000000000000000
2026/08/26 23:00:19.095, 0, 20780 MiB, 83 %, 1950 MHz, 1950 MHz, 226.07 W, 63, P2, 0x0000000000000000
2026/08/26 23:00:20.095, 0, 20780 MiB, 84 %, 1950 MHz, 1950 MHz, 229.08 W, 63, P2, 0x0000000000000000
2026/08/26 23:00:21.095, 0, 20780 MiB, 81 %, 1950 MHz, 1950 MHz, 230.73 W, 64, P2, 0x0000000000000004
2026/08/26 23:00:22.095, 0, 20780 MiB, 68 %, 1950 MHz, 1950 MHz, 221.48 W, 63, P2, 0x0000000000000000
2026/08/26 23:00:23.096, 0, 20780 MiB, 84 %, 1950 MHz, 1950 MHz, 227.19 W, 63, P2, 0x0000000000000000
2026/08/26 23:00:24.096, 0, 20780 MiB, 83 %, 1950 MHz, 1950 MHz, 228.98 W, 64, P2, 0x0000000000000000
2026/08/26 23:00:25.096, 0, 20780 MiB, 80 %, 1950 MHz, 1950 MHz, 230.88 W, 63, P2, 0x0000000000000000
2026/08/26 23:00:26.096, 0, 20780 MiB, 85 %, 1950 MHz, 1950 MHz, 235.12 W, 63, P2, 0x0000000000000000
2026/08/26 23:00:27.096, 0, 20780 MiB, 84 %, 1950 MHz, 1950 MHz, 236.42 W, 64, P2, 0x0000000000000000
2026/08/26 23:00:28.097, 0, 20780 MiB, 76 %, 1950 MHz, 1950 MHz, 219.58 W, 63, P2, 0x0000000000000000
2026/08/26 23:00:29.097, 0, 20780 MiB, 80 %, 1950 MHz, 1950 MHz, 227.43 W, 63, P2, 0x0000000000000000
2026/08/26 23:00:30.097, 0, 20780 MiB, 84 %, 1950 MHz, 1950 MHz, 225.34 W, 63, P2, 0x0000000000000000
2026/08/26 23:00:31.097, 0, 20780 MiB, 80 %, 1950 MHz, 1950 MHz, 228.19 W, 63, P2, 0x0000000000000000
2026/08/26 23:00:32.097, 0, 20780 MiB, 81 %, 1950 MHz, 1950 MHz, 228.91 W, 63, P2, 0x0000000000000000
2026/08/26 23:00:33.097, 0, 20780 MiB, 76 %, 1950 MHz, 1950 MHz, 228.37 W, 63, P2, 0x0000000000000000
2026/08/26 23:00:34.098, 0, 20780 MiB, 84 %, 1950 MHz, 1950 MHz, 225.85 W, 63, P2, 0x0000000000000000
2026/08/26 23:00:35.098, 0, 20780 MiB, 84 %, 1950 MHz, 1950 MHz, 223.70 W, 63, P2, 0x0000000000000000
2026/08/26 23:00:36.098, 0, 20780 MiB, 81 %, 1950 MHz, 1950 MHz, 226.26 W, 63, P2, 0x0000000000000000
2026/08/26 23:00:37.098, 0, 20780 MiB, 85 %, 1950 MHz, 1950 MHz, 228.02 W, 63, P2, 0x0000000000000000
2026/08/26 23:00:38.099, 0, 20780 MiB, 85 %, 1950 MHz, 1950 MHz, 227.95 W, 63, P2, 0x0000000000000000
2026/08/26 23:00:39.099, 0, 20780 MiB, 83 %, 1950 MHz, 1950 MHz, 228.88 W, 63, P2, 0x0000000000000000
2026/08/26 23:00:40.099, 0, 20780 MiB, 80 %, 1950 MHz, 1950 MHz, 227.70 W, 63, P2, 0x0000000000000000
2026/08/26 23:00:41.099, 0, 20780 MiB, 82 %, 1950 MHz, 1950 MHz, 226.75 W, 63, P2, 0x0000000000000000
2026/08/26 23:00:42.099, 0, 20780 MiB, 83 %, 1950 MHz, 1950 MHz, 220.29 W, 63, P2, 0x0000000000000000
2026/08/26 23:00:43.099, 0, 20780 MiB, 86 %, 1950 MHz, 1950 MHz, 226.68 W, 63, P2, 0x0000000000000000
2026/08/26 23:00:44.100, 0, 20780 MiB, 80 %, 1950 MHz, 1950 MHz, 227.50 W, 63, P2, 0x0000000000000000
2026/08/26 23:00:45.100, 0, 20780 MiB, 85 %, 1950 MHz, 1950 MHz, 227.09 W, 63, P2, 0x0000000000000000
2026/08/26 23:00:46.100, 0, 20780 MiB, 85 %, 1950 MHz, 1950 MHz, 225.17 W, 63, P2, 0x0000000000000000
2026/08/26 23:00:47.100, 0, 20780 MiB, 82 %, 1950 MHz, 1950 MHz, 225.51 W, 63, P2, 0x0000000000000000
2026/08/26 23:00:48.100, 0, 20780 MiB, 83 %, 1950 MHz, 1950 MHz, 229.12 W, 63, P2, 0x0000000000000000
2026/08/26 23:00:49.101, 0, 20780 MiB, 82 %, 1950 MHz, 1950 MHz, 227.26 W, 63, P2, 0x0000000000000000
2026/08/26 23:00:50.101, 0, 402 MiB, 80 %, 1950 MHz, 1950 MHz, 230.85 W, 64, P2, 0x0000000000000000
2026/08/26 23:00:51.101, 0, 346 MiB, 85 %, 1950 MHz, 1950 MHz, 188.12 W, 61, P0, 0x0000000000000000
2026/08/26 23:00:52.101, 0, 346 MiB, 0 %, 1950 MHz, 1950 MHz, 165.03 W, 60, P2, 0x0000000000000000
2026/08/26 23:00:53.102, 0, 346 MiB, 6 %, 1950 MHz, 1950 MHz, 157.26 W, 60, P2, 0x0000000000000000
2026/08/26 23:00:54.102, 0, 20144 MiB, 8 %, 1695 MHz, 1695 MHz, 139.74 W, 58, P2, 0x0000000000000000
2026/08/26 23:00:55.102, 0, 20144 MiB, 100 %, 1950 MHz, 1950 MHz, 141.71 W, 59, P2, 0x0000000000000000
2026/08/26 23:00:56.102, 0, 20144 MiB, 99 %, 1950 MHz, 1950 MHz, 155.03 W, 59, P2, 0x0000000000000000
2026/08/26 23:00:57.102, 0, 20144 MiB, 99 %, 1950 MHz, 1950 MHz, 154.83 W, 59, P2, 0x0000000000000000
2026/08/26 23:00:58.102, 0, 20144 MiB, 100 %, 1950 MHz, 1950 MHz, 154.75 W, 59, P2, 0x0000000000000000
2026/08/26 23:00:59.103, 0, 20144 MiB, 100 %, 1950 MHz, 1950 MHz, 154.48 W, 59, P2, 0x0000000000000000
2026/08/26 23:01:00.103, 0, 20144 MiB, 99 %, 1950 MHz, 1950 MHz, 154.51 W, 59, P2, 0x0000000000000000
2026/08/26 23:01:01.103, 0, 20816 MiB, 99 %, 1950 MHz, 1950 MHz, 157.77 W, 59, P2, 0x0000000000000000
2026/08/26 23:01:02.103, 0, 20816 MiB, 52 %, 1950 MHz, 1950 MHz, 231.32 W, 64, P2, 0x0000000000000000
2026/08/26 23:01:03.103, 0, 20816 MiB, 78 %, 1950 MHz, 1950 MHz, 325.09 W, 65, P2, 0x0000000000000000
2026/08/26 23:01:04.103, 0, 20816 MiB, 76 %, 1950 MHz, 1950 MHz, 326.30 W, 66, P2, 0x0000000000000000
2026/08/26 23:01:05.103, 0, 20816 MiB, 78 %, 1950 MHz, 1950 MHz, 294.21 W, 66, P2, 0x0000000000000000
2026/08/26 23:01:06.103, 0, 20816 MiB, 79 %, 1950 MHz, 1950 MHz, 325.72 W, 67, P2, 0x0000000000000004
2026/08/26 23:01:07.104, 0, 20816 MiB, 79 %, 1935 MHz, 1935 MHz, 315.50 W, 64, P2, 0x0000000000000000
2026/08/26 23:01:08.104, 0, 20816 MiB, 76 %, 1935 MHz, 1935 MHz, 281.30 W, 67, P2, 0x0000000000000000
2026/08/26 23:01:09.104, 0, 20816 MiB, 76 %, 1935 MHz, 1935 MHz, 321.98 W, 67, P2, 0x0000000000000000
2026/08/26 23:01:10.104, 0, 20816 MiB, 76 %, 1935 MHz, 1935 MHz, 296.86 W, 64, P2, 0x0000000000000000
2026/08/26 23:01:11.104, 0, 20816 MiB, 79 %, 1935 MHz, 1935 MHz, 303.26 W, 68, P2, 0x0000000000000000
2026/08/26 23:01:12.104, 0, 20816 MiB, 76 %, 1935 MHz, 1935 MHz, 323.90 W, 68, P2, 0x0000000000000000
2026/08/26 23:01:13.104, 0, 20820 MiB, 78 %, 1935 MHz, 1935 MHz, 285.05 W, 66, P2, 0x0000000000000004
2026/08/26 23:01:14.104, 0, 20820 MiB, 78 %, 1935 MHz, 1935 MHz, 317.34 W, 68, P2, 0x0000000000000000
2026/08/26 23:01:15.105, 0, 20820 MiB, 78 %, 1935 MHz, 1935 MHz, 326.65 W, 68, P2, 0x0000000000000000
2026/08/26 23:01:16.105, 0, 20824 MiB, 73 %, 1935 MHz, 1935 MHz, 264.23 W, 64, P2, 0x0000000000000000
2026/08/26 23:01:17.105, 0, 20824 MiB, 79 %, 1935 MHz, 1935 MHz, 309.35 W, 69, P2, 0x0000000000000000
2026/08/26 23:01:18.105, 0, 20824 MiB, 77 %, 1935 MHz, 1935 MHz, 329.54 W, 69, P2, 0x0000000000000000
2026/08/26 23:01:19.105, 0, 20824 MiB, 80 %, 1935 MHz, 1935 MHz, 279.39 W, 64, P2, 0x0000000000000004
2026/08/26 23:01:20.105, 0, 20824 MiB, 76 %, 1935 MHz, 1935 MHz, 307.14 W, 69, P2, 0x0000000000000000
2026/08/26 23:01:21.105, 0, 20824 MiB, 79 %, 1935 MHz, 1935 MHz, 331.22 W, 69, P2, 0x0000000000000000
2026/08/26 23:01:22.106, 0, 20824 MiB, 77 %, 1935 MHz, 1935 MHz, 302.42 W, 69, P2, 0x0000000000000000
2026/08/26 23:01:23.106, 0, 20824 MiB, 77 %, 1935 MHz, 1935 MHz, 330.25 W, 70, P2, 0x0000000000000000
2026/08/26 23:01:24.106, 0, 20824 MiB, 77 %, 1935 MHz, 1935 MHz, 331.15 W, 70, P2, 0x0000000000000000
2026/08/26 23:01:25.106, 0, 20824 MiB, 12 %, 1935 MHz, 1935 MHz, 293.92 W, 70, P2, 0x0000000000000004
2026/08/26 23:01:26.106, 0, 20824 MiB, 78 %, 1935 MHz, 1935 MHz, 333.81 W, 71, P2, 0x0000000000000004
2026/08/26 23:01:27.106, 0, 20824 MiB, 79 %, 1935 MHz, 1935 MHz, 336.22 W, 71, P2, 0x0000000000000004
2026/08/26 23:01:28.107, 0, 20824 MiB, 60 %, 1935 MHz, 1935 MHz, 304.35 W, 71, P2, 0x0000000000000004
2026/08/26 23:01:29.107, 0, 20824 MiB, 79 %, 1935 MHz, 1935 MHz, 333.96 W, 71, P2, 0x0000000000000004
2026/08/26 23:01:30.107, 0, 20824 MiB, 78 %, 1935 MHz, 1935 MHz, 322.92 W, 71, P2, 0x0000000000000004
2026/08/26 23:01:31.107, 0, 20824 MiB, 76 %, 1935 MHz, 1935 MHz, 292.92 W, 71, P2, 0x0000000000000004
2026/08/26 23:01:32.107, 0, 20824 MiB, 78 %, 1935 MHz, 1935 MHz, 332.31 W, 71, P2, 0x0000000000000004
2026/08/26 23:01:33.108, 0, 85 MiB, 79 %, 1935 MHz, 1935 MHz, 299.98 W, 68, P2, 0x0000000000000004
2026/08/26 23:01:34.264, 0, 346 MiB, 31 %, 1935 MHz, 1935 MHz, 171.29 W, 65, P2, 0x0000000000000000
2026/08/26 23:01:35.264, 0, 346 MiB, 0 %, 1935 MHz, 1935 MHz, 160.48 W, 63, P2, 0x0000000000000000
2026/08/26 23:01:36.265, 0, 346 MiB, 0 %, 1695 MHz, 1695 MHz, 144.04 W, 62, P2, 0x0000000000000000
2026/08/26 23:01:37.265, 0, 19044 MiB, 0 %, 1695 MHz, 1695 MHz, 131.76 W, 61, P2, 0x0000000000000000
2026/08/26 23:01:38.265, 0, 19044 MiB, 99 %, 1950 MHz, 1950 MHz, 162.25 W, 62, P2, 0x0000000000000000
2026/08/26 23:01:39.265, 0, 19044 MiB, 99 %, 1950 MHz, 1950 MHz, 165.37 W, 62, P2, 0x0000000000000000
2026/08/26 23:01:40.265, 0, 19044 MiB, 100 %, 1950 MHz, 1950 MHz, 163.81 W, 62, P2, 0x0000000000000000
2026/08/26 23:01:41.265, 0, 19044 MiB, 99 %, 1950 MHz, 1950 MHz, 158.85 W, 61, P2, 0x0000000000000000
2026/08/26 23:01:42.266, 0, 19044 MiB, 99 %, 1950 MHz, 1950 MHz, 158.38 W, 61, P2, 0x0000000000000000
2026/08/26 23:01:43.266, 0, 19044 MiB, 99 %, 1950 MHz, 1950 MHz, 158.18 W, 61, P2, 0x0000000000000000
2026/08/26 23:01:44.266, 0, 21094 MiB, 99 %, 1950 MHz, 1950 MHz, 159.85 W, 61, P2, 0x0000000000000000
2026/08/26 23:01:45.266, 0, 22286 MiB, 76 %, 1950 MHz, 1950 MHz, 234.30 W, 66, P2, 0x0000000000000004
2026/08/26 23:01:46.266, 0, 22286 MiB, 77 %, 1935 MHz, 1935 MHz, 328.27 W, 67, P2, 0x0000000000000004
2026/08/26 23:01:47.266, 0, 22286 MiB, 77 %, 1935 MHz, 1935 MHz, 294.35 W, 66, P2, 0x0000000000000004
2026/08/26 23:01:48.266, 0, 22286 MiB, 78 %, 1935 MHz, 1935 MHz, 329.39 W, 68, P2, 0x0000000000000004
2026/08/26 23:01:49.266, 0, 22286 MiB, 77 %, 1935 MHz, 1935 MHz, 299.23 W, 67, P2, 0x0000000000000004
2026/08/26 23:01:50.267, 0, 22286 MiB, 78 %, 1935 MHz, 1935 MHz, 332.29 W, 69, P2, 0x0000000000000004
2026/08/26 23:01:51.267, 0, 22286 MiB, 47 %, 1935 MHz, 1935 MHz, 297.67 W, 66, P2, 0x0000000000000004
2026/08/26 23:01:52.267, 0, 22286 MiB, 78 %, 1935 MHz, 1935 MHz, 318.56 W, 69, P2, 0x0000000000000004
2026/08/26 23:01:53.267, 0, 22286 MiB, 75 %, 1935 MHz, 1935 MHz, 332.11 W, 69, P2, 0x0000000000000004
2026/08/26 23:01:54.267, 0, 22288 MiB, 50 %, 1935 MHz, 1935 MHz, 294.74 W, 66, P2, 0x0000000000000000
2026/08/26 23:01:55.268, 0, 22288 MiB, 77 %, 1935 MHz, 1935 MHz, 320.23 W, 70, P2, 0x0000000000000004
2026/08/26 23:01:56.268, 0, 22292 MiB, 66 %, 1935 MHz, 1935 MHz, 308.62 W, 67, P2, 0x0000000000000004
2026/08/26 23:01:57.268, 0, 22292 MiB, 77 %, 1935 MHz, 1935 MHz, 234.79 W, 69, P2, 0x0000000000000004
2026/08/26 23:01:58.268, 0, 22292 MiB, 76 %, 1935 MHz, 1935 MHz, 326.01 W, 70, P2, 0x0000000000000004
2026/08/26 23:01:59.268, 0, 22292 MiB, 100 %, 1935 MHz, 1935 MHz, 260.51 W, 65, P2, 0x0000000000000000
2026/08/26 23:02:00.269, 0, 22292 MiB, 78 %, 1935 MHz, 1935 MHz, 301.16 W, 70, P2, 0x0000000000000004
2026/08/26 23:02:01.269, 0, 22292 MiB, 79 %, 1935 MHz, 1935 MHz, 334.13 W, 70, P2, 0x0000000000000004
2026/08/26 23:02:02.269, 0, 22292 MiB, 78 %, 1935 MHz, 1935 MHz, 302.09 W, 70, P2, 0x0000000000000004
2026/08/26 23:02:03.269, 0, 22292 MiB, 75 %, 1935 MHz, 1935 MHz, 330.18 W, 70, P2, 0x0000000000000004
2026/08/26 23:02:04.269, 0, 22292 MiB, 77 %, 1935 MHz, 1935 MHz, 294.28 W, 70, P2, 0x0000000000000004
2026/08/26 23:02:05.270, 0, 22292 MiB, 76 %, 1935 MHz, 1935 MHz, 332.29 W, 71, P2, 0x0000000000000004
2026/08/26 23:02:06.270, 0, 22292 MiB, 78 %, 1935 MHz, 1935 MHz, 295.12 W, 69, P2, 0x0000000000000004
2026/08/26 23:02:07.270, 0, 22292 MiB, 78 %, 1935 MHz, 1935 MHz, 332.20 W, 71, P2, 0x0000000000000004
2026/08/26 23:02:08.270, 0, 22292 MiB, 75 %, 1935 MHz, 1935 MHz, 331.97 W, 71, P2, 0x0000000000000004
2026/08/26 23:02:09.270, 0, 22292 MiB, 78 %, 1935 MHz, 1935 MHz, 299.87 W, 71, P2, 0x0000000000000004
2026/08/26 23:02:10.271, 0, 22292 MiB, 81 %, 1935 MHz, 1935 MHz, 328.63 W, 71, P2, 0x0000000000000004
2026/08/26 23:02:11.271, 0, 22292 MiB, 80 %, 1935 MHz, 1935 MHz, 329.30 W, 71, P2, 0x0000000000000004
2026/08/26 23:02:12.271, 0, 85 MiB, 80 %, 1935 MHz, 1935 MHz, 288.46 W, 68, P2, 0x0000000000000000
2026/08/26 23:02:13.335, 0, 346 MiB, 0 %, 1935 MHz, 1935 MHz, 170.97 W, 65, P2, 0x0000000000000000
2026/08/26 23:02:14.335, 0, 346 MiB, 0 %, 1935 MHz, 1935 MHz, 161.12 W, 64, P2, 0x0000000000000000
2026/08/26 23:02:15.335, 0, 346 MiB, 0 %, 1695 MHz, 1695 MHz, 142.39 W, 62, P2, 0x0000000000000000
2026/08/26 23:02:16.336, 0, 17618 MiB, 100 %, 1950 MHz, 1950 MHz, 133.40 W, 61, P2, 0x0000000000000000
2026/08/26 23:02:17.336, 0, 17618 MiB, 100 %, 1950 MHz, 1950 MHz, 163.61 W, 63, P2, 0x0000000000000000
2026/08/26 23:02:18.336, 0, 17618 MiB, 100 %, 1950 MHz, 1950 MHz, 170.21 W, 63, P2, 0x0000000000000000
2026/08/26 23:02:19.339, 0, 17618 MiB, 99 %, 1950 MHz, 1950 MHz, 168.93 W, 62, P2, 0x0000000000000000
2026/08/26 23:02:20.339, 0, 17618 MiB, 100 %, 1950 MHz, 1950 MHz, 169.91 W, 62, P2, 0x0000000000000000
2026/08/26 23:02:21.339, 0, 17618 MiB, 100 %, 1950 MHz, 1950 MHz, 167.00 W, 62, P2, 0x0000000000000000
2026/08/26 23:02:22.339, 0, 17618 MiB, 100 %, 1950 MHz, 1950 MHz, 164.96 W, 62, P2, 0x0000000000000000
2026/08/26 23:02:23.339, 0, 17618 MiB, 99 %, 1950 MHz, 1950 MHz, 163.01 W, 61, P2, 0x0000000000000000
2026/08/26 23:02:24.339, 0, 20136 MiB, 0 %, 1950 MHz, 1950 MHz, 159.59 W, 61, P2, 0x0000000000000000
2026/08/26 23:02:25.339, 0, 20276 MiB, 45 %, 1950 MHz, 1950 MHz, 165.84 W, 62, P2, 0x0000000000000004
2026/08/26 23:02:26.340, 0, 20276 MiB, 70 %, 1950 MHz, 1950 MHz, 290.63 W, 67, P2, 0x0000000000000000
2026/08/26 23:02:27.340, 0, 20276 MiB, 68 %, 1935 MHz, 1935 MHz, 314.04 W, 67, P2, 0x0000000000000000
2026/08/26 23:02:28.340, 0, 20276 MiB, 67 %, 1935 MHz, 1935 MHz, 285.31 W, 67, P2, 0x0000000000000000
2026/08/26 23:02:29.340, 0, 20276 MiB, 70 %, 1935 MHz, 1935 MHz, 314.04 W, 68, P2, 0x0000000000000000
2026/08/26 23:02:30.340, 0, 20276 MiB, 71 %, 1935 MHz, 1935 MHz, 285.46 W, 67, P2, 0x0000000000000000
2026/08/26 23:02:31.340, 0, 20276 MiB, 68 %, 1935 MHz, 1935 MHz, 312.27 W, 68, P2, 0x0000000000000000
2026/08/26 23:02:32.341, 0, 20276 MiB, 66 %, 1935 MHz, 1935 MHz, 280.28 W, 67, P2, 0x0000000000000000
2026/08/26 23:02:33.341, 0, 20276 MiB, 68 %, 1935 MHz, 1935 MHz, 313.29 W, 68, P2, 0x0000000000000000
2026/08/26 23:02:34.341, 0, 20276 MiB, 70 %, 1935 MHz, 1935 MHz, 314.09 W, 69, P2, 0x0000000000000000
2026/08/26 23:02:35.341, 0, 20280 MiB, 69 %, 1935 MHz, 1935 MHz, 282.73 W, 68, P2, 0x0000000000000000
2026/08/26 23:02:36.341, 0, 20280 MiB, 66 %, 1935 MHz, 1935 MHz, 313.68 W, 69, P2, 0x0000000000000000
2026/08/26 23:02:37.342, 0, 20284 MiB, 100 %, 1935 MHz, 1935 MHz, 271.24 W, 64, P2, 0x0000000000000004
2026/08/26 23:02:38.342, 0, 20288 MiB, 67 %, 1935 MHz, 1935 MHz, 223.19 W, 68, P2, 0x0000000000000004
2026/08/26 23:02:39.342, 0, 20288 MiB, 67 %, 1935 MHz, 1935 MHz, 309.86 W, 68, P2, 0x0000000000000000
2026/08/26 23:02:40.342, 0, 20288 MiB, 100 %, 1935 MHz, 1935 MHz, 264.39 W, 64, P2, 0x0000000000000004
2026/08/26 23:02:41.342, 0, 20288 MiB, 69 %, 1935 MHz, 1935 MHz, 242.57 W, 68, P2, 0x0000000000000000
2026/08/26 23:02:42.343, 0, 20288 MiB, 69 %, 1935 MHz, 1935 MHz, 314.09 W, 69, P2, 0x0000000000000000
2026/08/26 23:02:43.343, 0, 20288 MiB, 66 %, 1935 MHz, 1935 MHz, 287.00 W, 68, P2, 0x0000000000000000
2026/08/26 23:02:44.343, 0, 20288 MiB, 69 %, 1935 MHz, 1935 MHz, 310.93 W, 69, P2, 0x0000000000000000
2026/08/26 23:02:45.343, 0, 20288 MiB, 58 %, 1935 MHz, 1935 MHz, 295.13 W, 66, P2, 0x0000000000000000
2026/08/26 23:02:46.344, 0, 20288 MiB, 72 %, 1935 MHz, 1935 MHz, 293.59 W, 69, P2, 0x0000000000000000
2026/08/26 23:02:47.344, 0, 20288 MiB, 67 %, 1935 MHz, 1935 MHz, 310.86 W, 70, P2, 0x0000000000000000
2026/08/26 23:02:48.344, 0, 20288 MiB, 71 %, 1935 MHz, 1935 MHz, 286.38 W, 69, P2, 0x0000000000000000
2026/08/26 23:02:49.344, 0, 20288 MiB, 67 %, 1935 MHz, 1935 MHz, 313.50 W, 70, P2, 0x0000000000000000
2026/08/26 23:02:50.344, 0, 20288 MiB, 61 %, 1935 MHz, 1935 MHz, 285.25 W, 67, P2, 0x0000000000000000
2026/08/26 23:02:51.345, 0, 20288 MiB, 72 %, 1935 MHz, 1935 MHz, 305.86 W, 70, P2, 0x0000000000000000
2026/08/26 23:02:52.345, 0, 20288 MiB, 69 %, 1935 MHz, 1935 MHz, 319.21 W, 70, P2, 0x0000000000000000
2026/08/26 23:02:53.345, 0, 99 MiB, 0 %, 1935 MHz, 1935 MHz, 216.95 W, 65, P0, 0x0000000000000000
2026/08/26 23:02:54.346, 0, 346 MiB, 0 %, 1935 MHz, 1935 MHz, 168.70 W, 63, P2, 0x0000000000000000
2026/08/26 23:02:55.346, 0, 346 MiB, 3 %, 1935 MHz, 1935 MHz, 159.28 W, 63, P2, 0x0000000000000000
2026/08/26 23:02:56.346, 0, 346 MiB, 0 %, 1695 MHz, 1695 MHz, 141.02 W, 61, P2, 0x0000000000000000
2026/08/26 23:02:57.346, 0, 19362 MiB, 100 %, 1950 MHz, 1950 MHz, 137.38 W, 62, P2, 0x0000000000000000
2026/08/26 23:02:58.347, 0, 19362 MiB, 100 %, 1950 MHz, 1950 MHz, 169.34 W, 62, P2, 0x0000000000000000
2026/08/26 23:02:59.347, 0, 19362 MiB, 99 %, 1950 MHz, 1950 MHz, 169.51 W, 62, P2, 0x0000000000000000
2026/08/26 23:03:00.347, 0, 19362 MiB, 99 %, 1950 MHz, 1950 MHz, 166.57 W, 62, P2, 0x0000000000000000
2026/08/26 23:03:01.347, 0, 19362 MiB, 100 %, 1950 MHz, 1950 MHz, 165.59 W, 61, P2, 0x0000000000000000
2026/08/26 23:03:02.348, 0, 19362 MiB, 99 %, 1950 MHz, 1950 MHz, 160.11 W, 61, P2, 0x0000000000000000
2026/08/26 23:03:03.348, 0, 19362 MiB, 99 %, 1950 MHz, 1950 MHz, 158.50 W, 61, P2, 0x0000000000000000
2026/08/26 23:03:04.348, 0, 19362 MiB, 99 %, 1950 MHz, 1950 MHz, 157.21 W, 60, P2, 0x0000000000000000
2026/08/26 23:03:05.348, 0, 20744 MiB, 71 %, 1950 MHz, 1950 MHz, 164.44 W, 60, P2, 0x0000000000000000
2026/08/26 23:03:06.348, 0, 20768 MiB, 83 %, 1950 MHz, 1950 MHz, 220.46 W, 63, P2, 0x0000000000000000
2026/08/26 23:03:07.348, 0, 20768 MiB, 84 %, 1950 MHz, 1950 MHz, 226.14 W, 63, P2, 0x0000000000000000
2026/08/26 23:03:08.348, 0, 20768 MiB, 81 %, 1950 MHz, 1950 MHz, 227.32 W, 63, P2, 0x0000000000000000
2026/08/26 23:03:09.349, 0, 20768 MiB, 81 %, 1950 MHz, 1950 MHz, 226.26 W, 63, P2, 0x0000000000000000
2026/08/26 23:03:10.349, 0, 20768 MiB, 82 %, 1950 MHz, 1950 MHz, 226.54 W, 63, P2, 0x0000000000000000
2026/08/26 23:03:11.349, 0, 20770 MiB, 83 %, 1950 MHz, 1950 MHz, 226.45 W, 63, P2, 0x0000000000000000
2026/08/26 23:03:12.349, 0, 20770 MiB, 83 %, 1950 MHz, 1950 MHz, 229.82 W, 64, P2, 0x0000000000000000
2026/08/26 23:03:13.349, 0, 20772 MiB, 82 %, 1950 MHz, 1950 MHz, 226.95 W, 63, P2, 0x0000000000000000
2026/08/26 23:03:14.349, 0, 20772 MiB, 81 %, 1950 MHz, 1950 MHz, 220.05 W, 64, P2, 0x0000000000000000
2026/08/26 23:03:15.350, 0, 20772 MiB, 82 %, 1950 MHz, 1950 MHz, 224.81 W, 63, P2, 0x0000000000000000
2026/08/26 23:03:16.350, 0, 20772 MiB, 84 %, 1950 MHz, 1950 MHz, 228.61 W, 64, P2, 0x0000000000000000
2026/08/26 23:03:17.350, 0, 20772 MiB, 84 %, 1950 MHz, 1950 MHz, 228.19 W, 64, P2, 0x0000000000000000
2026/08/26 23:03:18.350, 0, 20772 MiB, 85 %, 1950 MHz, 1950 MHz, 231.19 W, 64, P2, 0x0000000000000000
2026/08/26 23:03:19.350, 0, 20772 MiB, 71 %, 1950 MHz, 1950 MHz, 220.20 W, 63, P2, 0x0000000000000000
2026/08/26 23:03:20.350, 0, 20772 MiB, 78 %, 1950 MHz, 1950 MHz, 224.19 W, 63, P2, 0x0000000000000000
2026/08/26 23:03:21.351, 0, 20772 MiB, 84 %, 1950 MHz, 1950 MHz, 226.86 W, 63, P2, 0x0000000000000000
2026/08/26 23:03:22.351, 0, 20772 MiB, 82 %, 1950 MHz, 1950 MHz, 227.55 W, 63, P2, 0x0000000000000000
2026/08/26 23:03:23.351, 0, 20772 MiB, 82 %, 1950 MHz, 1950 MHz, 228.28 W, 63, P2, 0x0000000000000000
2026/08/26 23:03:24.351, 0, 20772 MiB, 80 %, 1950 MHz, 1950 MHz, 228.00 W, 63, P2, 0x0000000000000000
2026/08/26 23:03:25.352, 0, 20772 MiB, 84 %, 1950 MHz, 1950 MHz, 229.35 W, 63, P2, 0x0000000000000000
2026/08/26 23:03:26.352, 0, 20772 MiB, 84 %, 1950 MHz, 1950 MHz, 231.90 W, 63, P2, 0x0000000000000000
2026/08/26 23:03:27.352, 0, 20772 MiB, 81 %, 1950 MHz, 1950 MHz, 217.14 W, 63, P2, 0x0000000000000000
2026/08/26 23:03:28.352, 0, 20772 MiB, 80 %, 1950 MHz, 1950 MHz, 225.89 W, 63, P2, 0x0000000000000000
2026/08/26 23:03:29.352, 0, 20772 MiB, 85 %, 1950 MHz, 1950 MHz, 225.33 W, 63, P2, 0x0000000000000000
2026/08/26 23:03:30.353, 0, 20772 MiB, 81 %, 1950 MHz, 1950 MHz, 226.38 W, 63, P2, 0x0000000000000000
2026/08/26 23:03:31.353, 0, 20772 MiB, 84 %, 1950 MHz, 1950 MHz, 224.70 W, 63, P2, 0x0000000000000000
2026/08/26 23:03:32.353, 0, 20772 MiB, 80 %, 1950 MHz, 1950 MHz, 228.02 W, 63, P2, 0x0000000000000000
2026/08/26 23:03:33.353, 0, 20772 MiB, 85 %, 1950 MHz, 1950 MHz, 226.01 W, 63, P2, 0x0000000000000000
2026/08/26 23:03:34.353, 0, 20772 MiB, 84 %, 1950 MHz, 1950 MHz, 226.72 W, 63, P2, 0x0000000000000000
2026/08/26 23:03:35.354, 0, 20772 MiB, 82 %, 1950 MHz, 1950 MHz, 225.78 W, 63, P2, 0x0000000000000000
2026/08/26 23:03:36.354, 0, 20772 MiB, 85 %, 1950 MHz, 1950 MHz, 229.61 W, 64, P2, 0x0000000000000000
2026/08/26 23:03:37.354, 0, 20772 MiB, 81 %, 1950 MHz, 1950 MHz, 227.32 W, 63, P2, 0x0000000000000000
2026/08/26 23:03:38.354, 0, 20772 MiB, 84 %, 1950 MHz, 1950 MHz, 226.11 W, 63, P2, 0x0000000000000000
2026/08/26 23:03:39.355, 0, 20772 MiB, 81 %, 1950 MHz, 1950 MHz, 228.47 W, 63, P2, 0x0000000000000000
2026/08/26 23:03:40.355, 0, 20772 MiB, 63 %, 1950 MHz, 1950 MHz, 218.81 W, 62, P2, 0x0000000000000000
2026/08/26 23:03:41.355, 0, 20772 MiB, 81 %, 1950 MHz, 1950 MHz, 221.28 W, 63, P2, 0x0000000000000000
2026/08/26 23:03:42.355, 0, 20772 MiB, 81 %, 1950 MHz, 1950 MHz, 228.26 W, 63, P2, 0x0000000000000000
2026/08/26 23:03:43.355, 0, 20774 MiB, 80 %, 1950 MHz, 1950 MHz, 225.57 W, 63, P2, 0x0000000000000000
2026/08/26 23:03:44.355, 0, 20774 MiB, 82 %, 1950 MHz, 1950 MHz, 231.07 W, 63, P2, 0x0000000000000000
2026/08/26 23:03:45.355, 0, 20774 MiB, 81 %, 1950 MHz, 1950 MHz, 233.28 W, 63, P2, 0x0000000000000000
2026/08/26 23:03:46.356, 0, 20774 MiB, 81 %, 1950 MHz, 1950 MHz, 235.38 W, 63, P2, 0x0000000000000000
2026/08/26 23:03:47.356, 0, 20780 MiB, 79 %, 1950 MHz, 1950 MHz, 204.29 W, 62, P2, 0x0000000000000000
2026/08/26 23:03:48.356, 0, 20780 MiB, 83 %, 1950 MHz, 1950 MHz, 226.33 W, 63, P2, 0x0000000000000000
2026/08/26 23:03:49.356, 0, 20780 MiB, 84 %, 1950 MHz, 1950 MHz, 227.93 W, 63, P2, 0x0000000000000000
2026/08/26 23:03:50.356, 0, 20780 MiB, 83 %, 1950 MHz, 1950 MHz, 231.37 W, 63, P2, 0x0000000000000000
2026/08/26 23:03:51.356, 0, 20780 MiB, 84 %, 1950 MHz, 1950 MHz, 226.18 W, 63, P2, 0x0000000000000000
2026/08/26 23:03:52.357, 0, 20780 MiB, 83 %, 1950 MHz, 1950 MHz, 231.52 W, 63, P2, 0x0000000000000000
2026/08/26 23:03:53.357, 0, 20780 MiB, 81 %, 1950 MHz, 1950 MHz, 230.55 W, 63, P2, 0x0000000000000000
2026/08/26 23:03:54.357, 0, 20780 MiB, 99 %, 1860 MHz, 1860 MHz, 222.99 W, 63, P2, 0x0000000000000004
2026/08/26 23:03:55.357, 0, 20780 MiB, 83 %, 1950 MHz, 1950 MHz, 210.61 W, 63, P2, 0x0000000000000000
2026/08/26 23:03:56.357, 0, 20780 MiB, 84 %, 1950 MHz, 1950 MHz, 225.24 W, 62, P2, 0x0000000000000000
2026/08/26 23:03:57.358, 0, 20780 MiB, 85 %, 1950 MHz, 1950 MHz, 229.36 W, 63, P2, 0x0000000000000000
2026/08/26 23:03:58.358, 0, 20780 MiB, 85 %, 1950 MHz, 1950 MHz, 227.64 W, 63, P2, 0x0000000000000000
2026/08/26 23:03:59.358, 0, 20780 MiB, 81 %, 1950 MHz, 1950 MHz, 226.43 W, 63, P2, 0x0000000000000000
2026/08/26 23:04:00.358, 0, 20780 MiB, 80 %, 1950 MHz, 1950 MHz, 229.70 W, 63, P2, 0x0000000000000000
2026/08/26 23:04:01.358, 0, 20780 MiB, 84 %, 1950 MHz, 1950 MHz, 227.78 W, 63, P2, 0x0000000000000000
2026/08/26 23:04:02.359, 0, 20780 MiB, 80 %, 1950 MHz, 1950 MHz, 227.90 W, 63, P2, 0x0000000000000000
2026/08/26 23:04:03.359, 0, 20780 MiB, 83 %, 1950 MHz, 1950 MHz, 226.51 W, 63, P2, 0x0000000000000000
2026/08/26 23:04:04.359, 0, 20780 MiB, 85 %, 1950 MHz, 1950 MHz, 228.07 W, 63, P2, 0x0000000000000000
2026/08/26 23:04:05.359, 0, 20780 MiB, 84 %, 1950 MHz, 1950 MHz, 225.93 W, 63, P2, 0x0000000000000000
2026/08/26 23:04:06.359, 0, 20780 MiB, 84 %, 1950 MHz, 1950 MHz, 228.32 W, 63, P2, 0x0000000000000000
2026/08/26 23:04:07.359, 0, 20780 MiB, 80 %, 1950 MHz, 1950 MHz, 218.48 W, 63, P2, 0x0000000000000000
2026/08/26 23:04:08.360, 0, 20780 MiB, 82 %, 1950 MHz, 1950 MHz, 234.05 W, 63, P2, 0x0000000000000000
2026/08/26 23:04:09.360, 0, 20780 MiB, 82 %, 1950 MHz, 1950 MHz, 232.46 W, 63, P2, 0x0000000000000000
2026/08/26 23:04:10.360, 0, 20780 MiB, 81 %, 1950 MHz, 1950 MHz, 231.48 W, 63, P2, 0x0000000000000000
2026/08/26 23:04:11.360, 0, 20780 MiB, 82 %, 1950 MHz, 1950 MHz, 230.49 W, 63, P2, 0x0000000000000000
2026/08/26 23:04:12.360, 0, 20780 MiB, 84 %, 1950 MHz, 1950 MHz, 225.07 W, 63, P2, 0x0000000000000000
2026/08/26 23:04:13.361, 0, 20780 MiB, 84 %, 1950 MHz, 1950 MHz, 229.06 W, 63, P2, 0x0000000000000000
2026/08/26 23:04:14.361, 0, 20780 MiB, 82 %, 1950 MHz, 1950 MHz, 228.86 W, 63, P2, 0x0000000000000000
2026/08/26 23:04:15.361, 0, 20780 MiB, 83 %, 1950 MHz, 1950 MHz, 224.93 W, 63, P2, 0x0000000000000000
2026/08/26 23:04:16.361, 0, 20780 MiB, 81 %, 1950 MHz, 1950 MHz, 224.98 W, 63, P2, 0x0000000000000000
2026/08/26 23:04:17.361, 0, 20780 MiB, 80 %, 1950 MHz, 1950 MHz, 229.03 W, 63, P2, 0x0000000000000000
2026/08/26 23:04:18.362, 0, 20780 MiB, 80 %, 1950 MHz, 1950 MHz, 229.71 W, 63, P2, 0x0000000000000000
2026/08/26 23:04:19.362, 0, 20780 MiB, 84 %, 1950 MHz, 1950 MHz, 234.05 W, 63, P2, 0x0000000000000000
2026/08/26 23:04:20.362, 0, 20780 MiB, 83 %, 1950 MHz, 1950 MHz, 234.51 W, 63, P2, 0x0000000000000000
2026/08/26 23:04:21.362, 0, 20780 MiB, 82 %, 1950 MHz, 1950 MHz, 213.93 W, 63, P2, 0x0000000000000000
2026/08/26 23:04:22.362, 0, 20780 MiB, 85 %, 1950 MHz, 1950 MHz, 225.35 W, 62, P2, 0x0000000000000000
2026/08/26 23:04:23.363, 0, 20780 MiB, 84 %, 1950 MHz, 1950 MHz, 225.51 W, 63, P2, 0x0000000000000000
2026/08/26 23:04:24.363, 0, 20780 MiB, 84 %, 1950 MHz, 1950 MHz, 226.04 W, 63, P2, 0x0000000000000000
2026/08/26 23:04:25.363, 0, 20780 MiB, 84 %, 1950 MHz, 1950 MHz, 225.81 W, 63, P2, 0x0000000000000000
2026/08/26 23:04:26.363, 0, 20780 MiB, 81 %, 1950 MHz, 1950 MHz, 226.10 W, 63, P2, 0x0000000000000000
2026/08/26 23:04:27.363, 0, 20780 MiB, 84 %, 1950 MHz, 1950 MHz, 225.85 W, 63, P2, 0x0000000000000000
2026/08/26 23:04:28.364, 0, 20780 MiB, 81 %, 1950 MHz, 1950 MHz, 223.53 W, 63, P2, 0x0000000000000000
2026/08/26 23:04:29.364, 0, 20780 MiB, 84 %, 1950 MHz, 1950 MHz, 224.87 W, 63, P2, 0x0000000000000000
2026/08/26 23:04:30.364, 0, 20780 MiB, 79 %, 1950 MHz, 1950 MHz, 228.25 W, 63, P2, 0x0000000000000000
2026/08/26 23:04:31.364, 0, 20780 MiB, 80 %, 1950 MHz, 1950 MHz, 227.07 W, 63, P2, 0x0000000000000000
2026/08/26 23:04:32.365, 0, 20780 MiB, 84 %, 1950 MHz, 1950 MHz, 226.98 W, 63, P2, 0x0000000000000000
2026/08/26 23:04:33.365, 0, 20780 MiB, 81 %, 1950 MHz, 1950 MHz, 227.68 W, 63, P2, 0x0000000000000000
2026/08/26 23:04:34.365, 0, 20780 MiB, 53 %, 1950 MHz, 1950 MHz, 226.02 W, 62, P2, 0x0000000000000000
2026/08/26 23:04:35.365, 0, 20780 MiB, 81 %, 1950 MHz, 1950 MHz, 219.74 W, 62, P2, 0x0000000000000000
2026/08/26 23:04:36.365, 0, 20780 MiB, 81 %, 1950 MHz, 1950 MHz, 225.43 W, 63, P2, 0x0000000000000000
2026/08/26 23:04:37.365, 0, 20780 MiB, 82 %, 1950 MHz, 1950 MHz, 227.73 W, 63, P2, 0x0000000000000000
2026/08/26 23:04:38.365, 0, 20780 MiB, 82 %, 1950 MHz, 1950 MHz, 226.22 W, 62, P2, 0x0000000000000000
2026/08/26 23:04:39.366, 0, 20780 MiB, 81 %, 1950 MHz, 1950 MHz, 225.38 W, 63, P2, 0x0000000000000000
2026/08/26 23:04:40.366, 0, 20780 MiB, 85 %, 1950 MHz, 1950 MHz, 224.43 W, 62, P2, 0x0000000000000000
2026/08/26 23:04:41.366, 0, 20780 MiB, 81 %, 1950 MHz, 1950 MHz, 227.52 W, 62, P2, 0x0000000000000000
2026/08/26 23:04:42.366, 0, 20780 MiB, 83 %, 1950 MHz, 1950 MHz, 225.05 W, 63, P2, 0x0000000000000000
2026/08/26 23:04:43.366, 0, 20780 MiB, 83 %, 1950 MHz, 1950 MHz, 230.35 W, 63, P2, 0x0000000000000000
2026/08/26 23:04:44.366, 0, 85 MiB, 83 %, 1950 MHz, 1950 MHz, 213.46 W, 61, P2, 0x0000000000000000
2026/08/26 23:04:45.419, 0, 346 MiB, 0 %, 1950 MHz, 1950 MHz, 168.82 W, 60, P2, 0x0000000000000000
2026/08/26 23:04:46.420, 0, 346 MiB, 0 %, 1950 MHz, 1950 MHz, 155.95 W, 60, P2, 0x0000000000000000
2026/08/26 23:04:47.420, 0, 346 MiB, 0 %, 1695 MHz, 1695 MHz, 136.99 W, 58, P2, 0x0000000000000000
2026/08/26 23:04:48.420, 0, 20144 MiB, 99 %, 1950 MHz, 1950 MHz, 147.87 W, 60, P2, 0x0000000000000000
2026/08/26 23:04:49.420, 0, 20144 MiB, 99 %, 1950 MHz, 1950 MHz, 158.34 W, 59, P2, 0x0000000000000000
2026/08/26 23:04:50.420, 0, 20144 MiB, 100 %, 1950 MHz, 1950 MHz, 154.52 W, 59, P2, 0x0000000000000000
2026/08/26 23:04:51.420, 0, 20144 MiB, 100 %, 1950 MHz, 1950 MHz, 154.34 W, 59, P2, 0x0000000000000000
2026/08/26 23:04:52.421, 0, 20144 MiB, 99 %, 1950 MHz, 1950 MHz, 154.34 W, 59, P2, 0x0000000000000000
2026/08/26 23:04:53.421, 0, 20144 MiB, 99 %, 1950 MHz, 1950 MHz, 154.17 W, 59, P2, 0x0000000000000000
2026/08/26 23:04:54.421, 0, 20786 MiB, 64 %, 1950 MHz, 1950 MHz, 154.21 W, 58, P2, 0x0000000000000000
2026/08/26 23:04:55.421, 0, 20816 MiB, 77 %, 1950 MHz, 1950 MHz, 240.94 W, 64, P2, 0x0000000000000000
2026/08/26 23:04:56.421, 0, 20816 MiB, 75 %, 1950 MHz, 1950 MHz, 322.66 W, 65, P2, 0x0000000000000000
2026/08/26 23:04:57.421, 0, 20816 MiB, 78 %, 1950 MHz, 1950 MHz, 323.73 W, 66, P2, 0x0000000000000000
2026/08/26 23:04:58.422, 0, 20816 MiB, 80 %, 1950 MHz, 1950 MHz, 295.07 W, 66, P2, 0x0000000000000000
2026/08/26 23:04:59.422, 0, 20816 MiB, 79 %, 1950 MHz, 1950 MHz, 329.63 W, 67, P2, 0x0000000000000004
2026/08/26 23:05:00.422, 0, 20816 MiB, 20 %, 1950 MHz, 1950 MHz, 311.63 W, 66, P2, 0x0000000000000004
2026/08/26 23:05:01.422, 0, 20816 MiB, 79 %, 1950 MHz, 1950 MHz, 289.11 W, 67, P2, 0x0000000000000000
2026/08/26 23:05:02.422, 0, 20816 MiB, 78 %, 1935 MHz, 1935 MHz, 326.55 W, 67, P2, 0x0000000000000000
2026/08/26 23:05:03.423, 0, 20816 MiB, 70 %, 1935 MHz, 1935 MHz, 292.22 W, 63, P2, 0x0000000000000004
2026/08/26 23:05:04.423, 0, 20816 MiB, 78 %, 1935 MHz, 1935 MHz, 308.51 W, 67, P2, 0x0000000000000000
2026/08/26 23:05:05.423, 0, 20816 MiB, 75 %, 1935 MHz, 1935 MHz, 325.23 W, 68, P2, 0x0000000000000000
2026/08/26 23:05:06.423, 0, 20820 MiB, 77 %, 1935 MHz, 1935 MHz, 288.83 W, 65, P2, 0x0000000000000000
2026/08/26 23:05:07.423, 0, 20820 MiB, 80 %, 1935 MHz, 1935 MHz, 328.09 W, 68, P2, 0x0000000000000004
2026/08/26 23:05:08.424, 0, 20820 MiB, 77 %, 1935 MHz, 1935 MHz, 328.34 W, 68, P2, 0x0000000000000000
2026/08/26 23:05:09.424, 0, 20824 MiB, 72 %, 1935 MHz, 1935 MHz, 264.86 W, 64, P2, 0x0000000000000004
2026/08/26 23:05:10.424, 0, 20824 MiB, 77 %, 1935 MHz, 1935 MHz, 319.93 W, 68, P2, 0x0000000000000000
2026/08/26 23:05:11.424, 0, 20824 MiB, 77 %, 1935 MHz, 1935 MHz, 326.84 W, 69, P2, 0x0000000000000004
2026/08/26 23:05:12.424, 0, 20824 MiB, 68 %, 1935 MHz, 1935 MHz, 269.41 W, 64, P2, 0x0000000000000004
2026/08/26 23:05:13.425, 0, 20824 MiB, 76 %, 1935 MHz, 1935 MHz, 312.67 W, 69, P2, 0x0000000000000000
2026/08/26 23:05:14.425, 0, 20824 MiB, 78 %, 1935 MHz, 1935 MHz, 327.75 W, 69, P2, 0x0000000000000004
2026/08/26 23:05:15.425, 0, 20824 MiB, 76 %, 1935 MHz, 1935 MHz, 294.00 W, 67, P2, 0x0000000000000004
2026/08/26 23:05:16.425, 0, 20824 MiB, 79 %, 1935 MHz, 1935 MHz, 323.84 W, 70, P2, 0x0000000000000004
2026/08/26 23:05:17.425, 0, 20824 MiB, 78 %, 1935 MHz, 1935 MHz, 327.97 W, 70, P2, 0x0000000000000004
2026/08/26 23:05:18.426, 0, 20824 MiB, 79 %, 1935 MHz, 1935 MHz, 299.06 W, 70, P2, 0x0000000000000004
2026/08/26 23:05:19.426, 0, 20824 MiB, 77 %, 1935 MHz, 1935 MHz, 329.52 W, 70, P2, 0x0000000000000004
2026/08/26 23:05:20.426, 0, 20824 MiB, 76 %, 1935 MHz, 1935 MHz, 328.54 W, 70, P2, 0x0000000000000004
2026/08/26 23:05:21.426, 0, 20824 MiB, 77 %, 1935 MHz, 1935 MHz, 300.87 W, 70, P2, 0x0000000000000004
2026/08/26 23:05:22.426, 0, 20824 MiB, 78 %, 1935 MHz, 1935 MHz, 331.30 W, 71, P2, 0x0000000000000004
2026/08/26 23:05:23.426, 0, 20824 MiB, 79 %, 1935 MHz, 1935 MHz, 330.89 W, 71, P2, 0x0000000000000004
2026/08/26 23:05:24.426, 0, 20824 MiB, 77 %, 1935 MHz, 1935 MHz, 297.12 W, 71, P2, 0x0000000000000004
2026/08/26 23:05:25.427, 0, 20824 MiB, 78 %, 1935 MHz, 1935 MHz, 332.80 W, 71, P2, 0x0000000000000004
2026/08/26 23:05:26.427, 0, 392 MiB, 0 %, 1935 MHz, 1935 MHz, 308.75 W, 69, P2, 0x0000000000000004
2026/08/26 23:05:27.427, 0, 346 MiB, 0 %, 1935 MHz, 1935 MHz, 224.22 W, 66, P0, 0x0000000000000000
2026/08/26 23:05:28.427, 0, 346 MiB, 0 %, 1935 MHz, 1935 MHz, 168.59 W, 64, P2, 0x0000000000000000
2026/08/26 23:05:29.427, 0, 346 MiB, 0 %, 1935 MHz, 1935 MHz, 161.02 W, 63, P2, 0x0000000000000000
2026/08/26 23:05:30.427, 0, 346 MiB, 18 %, 1695 MHz, 1695 MHz, 142.11 W, 62, P2, 0x0000000000000000
2026/08/26 23:05:31.428, 0, 19044 MiB, 0 %, 1695 MHz, 1695 MHz, 132.65 W, 61, P2, 0x0000000000000000
2026/08/26 23:05:32.428, 0, 19044 MiB, 100 %, 1950 MHz, 1950 MHz, 157.96 W, 62, P2, 0x0000000000000000
2026/08/26 23:05:33.428, 0, 19044 MiB, 100 %, 1950 MHz, 1950 MHz, 163.45 W, 62, P2, 0x0000000000000000
2026/08/26 23:05:34.428, 0, 19044 MiB, 100 %, 1950 MHz, 1950 MHz, 160.49 W, 62, P2, 0x0000000000000000
2026/08/26 23:05:35.428, 0, 19044 MiB, 99 %, 1950 MHz, 1950 MHz, 158.23 W, 61, P2, 0x0000000000000000
2026/08/26 23:05:36.428, 0, 19044 MiB, 99 %, 1950 MHz, 1950 MHz, 158.19 W, 61, P2, 0x0000000000000000
2026/08/26 23:05:37.428, 0, 20188 MiB, 99 %, 1950 MHz, 1950 MHz, 157.94 W, 61, P2, 0x0000000000000000
2026/08/26 23:05:38.429, 0, 22236 MiB, 0 %, 1950 MHz, 1950 MHz, 161.91 W, 61, P2, 0x0000000000000000
2026/08/26 23:05:39.429, 0, 22286 MiB, 42 %, 1950 MHz, 1950 MHz, 221.23 W, 66, P2, 0x0000000000000000
2026/08/26 23:05:40.429, 0, 22286 MiB, 79 %, 1935 MHz, 1935 MHz, 321.28 W, 67, P2, 0x0000000000000004
2026/08/26 23:05:41.429, 0, 22286 MiB, 74 %, 1935 MHz, 1935 MHz, 294.52 W, 66, P2, 0x0000000000000000
2026/08/26 23:05:42.429, 0, 22286 MiB, 77 %, 1935 MHz, 1935 MHz, 325.43 W, 68, P2, 0x0000000000000004
2026/08/26 23:05:43.429, 0, 22286 MiB, 80 %, 1935 MHz, 1935 MHz, 299.17 W, 67, P2, 0x0000000000000000
2026/08/26 23:05:44.430, 0, 22286 MiB, 75 %, 1935 MHz, 1935 MHz, 327.49 W, 69, P2, 0x0000000000000004
2026/08/26 23:05:45.430, 0, 22286 MiB, 73 %, 1935 MHz, 1935 MHz, 307.13 W, 65, P2, 0x0000000000000004
2026/08/26 23:05:46.430, 0, 22286 MiB, 78 %, 1935 MHz, 1935 MHz, 293.42 W, 69, P2, 0x0000000000000004
2026/08/26 23:05:47.430, 0, 22286 MiB, 78 %, 1935 MHz, 1935 MHz, 330.70 W, 69, P2, 0x0000000000000004
2026/08/26 23:05:48.431, 0, 22288 MiB, 78 %, 1935 MHz, 1935 MHz, 309.50 W, 65, P2, 0x0000000000000004
2026/08/26 23:05:49.431, 0, 22288 MiB, 76 %, 1935 MHz, 1935 MHz, 297.93 W, 69, P2, 0x0000000000000004
2026/08/26 23:05:50.431, 0, 22292 MiB, 77 %, 1935 MHz, 1935 MHz, 325.46 W, 68, P2, 0x0000000000000004
2026/08/26 23:05:51.431, 0, 22292 MiB, 100 %, 1935 MHz, 1935 MHz, 224.67 W, 68, P2, 0x0000000000000000
2026/08/26 23:05:52.431, 0, 22292 MiB, 76 %, 1935 MHz, 1935 MHz, 321.96 W, 69, P2, 0x0000000000000004
2026/08/26 23:05:53.432, 0, 22292 MiB, 76 %, 1920 MHz, 1920 MHz, 288.62 W, 65, P2, 0x0000000000000004
2026/08/26 23:05:54.432, 0, 22292 MiB, 76 %, 1935 MHz, 1935 MHz, 271.64 W, 70, P2, 0x0000000000000004
2026/08/26 23:05:55.432, 0, 22292 MiB, 79 %, 1935 MHz, 1935 MHz, 332.26 W, 70, P2, 0x0000000000000004
2026/08/26 23:05:56.432, 0, 22292 MiB, 52 %, 1935 MHz, 1935 MHz, 302.33 W, 70, P2, 0x0000000000000004
2026/08/26 23:05:57.433, 0, 22292 MiB, 75 %, 1935 MHz, 1935 MHz, 324.83 W, 70, P2, 0x0000000000000004
2026/08/26 23:05:58.433, 0, 22292 MiB, 78 %, 1935 MHz, 1935 MHz, 294.25 W, 69, P2, 0x0000000000000004
2026/08/26 23:05:59.433, 0, 22292 MiB, 77 %, 1935 MHz, 1935 MHz, 327.04 W, 70, P2, 0x0000000000000004
2026/08/26 23:06:00.433, 0, 22292 MiB, 75 %, 1935 MHz, 1935 MHz, 297.97 W, 68, P2, 0x0000000000000000
2026/08/26 23:06:01.433, 0, 22292 MiB, 77 %, 1935 MHz, 1935 MHz, 320.27 W, 71, P2, 0x0000000000000004
2026/08/26 23:06:02.434, 0, 22292 MiB, 80 %, 1935 MHz, 1935 MHz, 326.89 W, 71, P2, 0x0000000000000004
2026/08/26 23:06:03.434, 0, 22292 MiB, 28 %, 1935 MHz, 1935 MHz, 304.85 W, 71, P2, 0x0000000000000004
2026/08/26 23:06:04.434, 0, 22292 MiB, 79 %, 1920 MHz, 1920 MHz, 332.45 W, 71, P2, 0x0000000000000004
2026/08/26 23:06:05.434, 0, 22292 MiB, 82 %, 1920 MHz, 1920 MHz, 325.99 W, 71, P2, 0x0000000000000004
2026/08/26 23:06:06.434, 0, 346 MiB, 42 %, 1935 MHz, 1935 MHz, 249.51 W, 66, P0, 0x0000000000000000
2026/08/26 23:06:07.611, 0, 346 MiB, 0 %, 1935 MHz, 1935 MHz, 165.76 W, 65, P2, 0x0000000000000000
2026/08/26 23:06:08.611, 0, 346 MiB, 0 %, 1695 MHz, 1695 MHz, 161.42 W, 64, P2, 0x0000000000000000
2026/08/26 23:06:09.611, 0, 346 MiB, 0 %, 1695 MHz, 1695 MHz, 136.96 W, 62, P2, 0x0000000000000000
2026/08/26 23:06:10.611, 0, 18082 MiB, 0 %, 1950 MHz, 1950 MHz, 131.66 W, 61, P2, 0x0000000000000000
2026/08/26 23:06:11.611, 0, 18082 MiB, 100 %, 1950 MHz, 1950 MHz, 170.51 W, 62, P2, 0x0000000000000000
2026/08/26 23:06:12.612, 0, 18082 MiB, 100 %, 1950 MHz, 1950 MHz, 161.84 W, 62, P2, 0x0000000000000000
2026/08/26 23:06:13.612, 0, 18082 MiB, 100 %, 1950 MHz, 1950 MHz, 158.87 W, 62, P2, 0x0000000000000000
2026/08/26 23:06:14.612, 0, 18082 MiB, 99 %, 1950 MHz, 1950 MHz, 158.79 W, 61, P2, 0x0000000000000000
2026/08/26 23:06:15.612, 0, 18082 MiB, 99 %, 1950 MHz, 1950 MHz, 158.41 W, 61, P2, 0x0000000000000000
2026/08/26 23:06:16.612, 0, 20636 MiB, 99 %, 1950 MHz, 1950 MHz, 160.00 W, 61, P2, 0x0000000000000000
2026/08/26 23:06:17.612, 0, 21828 MiB, 70 %, 1950 MHz, 1950 MHz, 191.44 W, 65, P2, 0x0000000000000000
2026/08/26 23:06:18.612, 0, 21828 MiB, 75 %, 1935 MHz, 1935 MHz, 313.34 W, 67, P2, 0x0000000000000004
2026/08/26 23:06:19.612, 0, 21828 MiB, 72 %, 1935 MHz, 1935 MHz, 313.55 W, 68, P2, 0x0000000000000000
2026/08/26 23:06:20.613, 0, 21828 MiB, 72 %, 1935 MHz, 1935 MHz, 287.95 W, 68, P2, 0x0000000000000000
2026/08/26 23:06:21.613, 0, 21828 MiB, 71 %, 1935 MHz, 1935 MHz, 316.47 W, 67, P2, 0x0000000000000000
2026/08/26 23:06:22.613, 0, 21828 MiB, 68 %, 1935 MHz, 1935 MHz, 287.70 W, 68, P2, 0x0000000000000000
2026/08/26 23:06:23.613, 0, 21828 MiB, 73 %, 1935 MHz, 1935 MHz, 319.55 W, 69, P2, 0x0000000000000000
2026/08/26 23:06:24.613, 0, 21828 MiB, 75 %, 1935 MHz, 1935 MHz, 284.33 W, 68, P2, 0x0000000000000000
2026/08/26 23:06:25.613, 0, 21828 MiB, 74 %, 1935 MHz, 1935 MHz, 317.96 W, 69, P2, 0x0000000000000004
2026/08/26 23:06:26.613, 0, 21828 MiB, 71 %, 1935 MHz, 1935 MHz, 320.53 W, 69, P2, 0x0000000000000004
2026/08/26 23:06:27.613, 0, 21830 MiB, 65 %, 1935 MHz, 1935 MHz, 295.02 W, 66, P2, 0x0000000000000004
2026/08/26 23:06:28.614, 0, 21830 MiB, 70 %, 1935 MHz, 1935 MHz, 294.82 W, 69, P2, 0x0000000000000000
2026/08/26 23:06:29.614, 0, 21834 MiB, 72 %, 1935 MHz, 1935 MHz, 298.30 W, 68, P2, 0x0000000000000004
2026/08/26 23:06:30.614, 0, 21834 MiB, 68 %, 1935 MHz, 1935 MHz, 209.53 W, 68, P2, 0x0000000000000000
2026/08/26 23:06:31.614, 0, 21834 MiB, 67 %, 1935 MHz, 1935 MHz, 308.66 W, 69, P2, 0x0000000000000004
2026/08/26 23:06:32.614, 0, 21834 MiB, 99 %, 1935 MHz, 1935 MHz, 257.22 W, 65, P2, 0x0000000000000000
2026/08/26 23:06:33.615, 0, 21834 MiB, 72 %, 1935 MHz, 1935 MHz, 262.70 W, 69, P2, 0x0000000000000004
2026/08/26 23:06:34.615, 0, 21834 MiB, 71 %, 1935 MHz, 1935 MHz, 320.17 W, 69, P2, 0x0000000000000000
2026/08/26 23:06:35.615, 0, 21834 MiB, 70 %, 1935 MHz, 1935 MHz, 284.92 W, 68, P2, 0x0000000000000004
2026/08/26 23:06:36.615, 0, 21834 MiB, 72 %, 1935 MHz, 1935 MHz, 312.71 W, 69, P2, 0x0000000000000004
2026/08/26 23:06:37.615, 0, 21834 MiB, 52 %, 1935 MHz, 1935 MHz, 293.96 W, 67, P2, 0x0000000000000004
2026/08/26 23:06:38.616, 0, 21834 MiB, 67 %, 1935 MHz, 1935 MHz, 302.69 W, 70, P2, 0x0000000000000004
2026/08/26 23:06:39.616, 0, 21834 MiB, 35 %, 1935 MHz, 1935 MHz, 306.08 W, 67, P2, 0x0000000000000004
2026/08/26 23:06:40.616, 0, 21834 MiB, 66 %, 1935 MHz, 1935 MHz, 286.92 W, 70, P2, 0x0000000000000004
2026/08/26 23:06:41.616, 0, 21834 MiB, 70 %, 1935 MHz, 1935 MHz, 315.47 W, 70, P2, 0x0000000000000004
2026/08/26 23:06:42.617, 0, 21834 MiB, 70 %, 1935 MHz, 1935 MHz, 319.12 W, 70, P2, 0x0000000000000004
2026/08/26 23:06:43.617, 0, 21834 MiB, 73 %, 1935 MHz, 1935 MHz, 290.58 W, 70, P2, 0x0000000000000004
2026/08/26 23:06:44.617, 0, 21834 MiB, 73 %, 1935 MHz, 1935 MHz, 324.10 W, 71, P2, 0x0000000000000004
2026/08/26 23:06:45.617, 0, 21834 MiB, 74 %, 1935 MHz, 1935 MHz, 324.57 W, 71, P2, 0x0000000000000004
2026/08/26 23:06:46.617, 0, 21834 MiB, 43 %, 1935 MHz, 1935 MHz, 321.66 W, 69, P2, 0x0000000000000004
2026/08/26 23:06:47.618, 0, 346 MiB, 43 %, 1935 MHz, 1935 MHz, 251.53 W, 66, P0, 0x0000000000000000
2026/08/26 23:06:48.643, 0, 346 MiB, 0 %, 1935 MHz, 1935 MHz, 164.81 W, 65, P2, 0x0000000000000000
2026/08/26 23:06:49.643, 0, 346 MiB, 0 %, 1695 MHz, 1695 MHz, 161.52 W, 64, P2, 0x0000000000000000
2026/08/26 23:06:50.644, 0, 346 MiB, 0 %, 1695 MHz, 1695 MHz, 135.72 W, 61, P2, 0x0000000000000000
2026/08/26 23:06:51.644, 0, 19362 MiB, 99 %, 1950 MHz, 1950 MHz, 146.96 W, 62, P2, 0x0000000000000000
2026/08/26 23:06:52.644, 0, 19362 MiB, 100 %, 1950 MHz, 1950 MHz, 159.70 W, 62, P2, 0x0000000000000000
2026/08/26 23:06:53.644, 0, 19362 MiB, 100 %, 1950 MHz, 1950 MHz, 159.44 W, 62, P2, 0x0000000000000000
2026/08/26 23:06:54.644, 0, 19362 MiB, 99 %, 1950 MHz, 1950 MHz, 159.14 W, 61, P2, 0x0000000000000000
2026/08/26 23:06:55.645, 0, 19362 MiB, 99 %, 1950 MHz, 1950 MHz, 158.95 W, 61, P2, 0x0000000000000000
2026/08/26 23:06:56.645, 0, 19362 MiB, 99 %, 1950 MHz, 1950 MHz, 158.49 W, 61, P2, 0x0000000000000000
2026/08/26 23:06:57.645, 0, 20742 MiB, 0 %, 1950 MHz, 1950 MHz, 161.72 W, 61, P2, 0x0000000000000000
2026/08/26 23:06:58.645, 0, 20768 MiB, 86 %, 1950 MHz, 1950 MHz, 206.87 W, 63, P2, 0x0000000000000000
2026/08/26 23:06:59.646, 0, 20768 MiB, 82 %, 1950 MHz, 1950 MHz, 226.08 W, 64, P2, 0x0000000000000000
2026/08/26 23:07:00.646, 0, 20768 MiB, 84 %, 1950 MHz, 1950 MHz, 227.38 W, 63, P2, 0x0000000000000000
2026/08/26 23:07:01.646, 0, 20768 MiB, 82 %, 1950 MHz, 1950 MHz, 227.70 W, 63, P2, 0x0000000000000000
2026/08/26 23:07:02.646, 0, 20768 MiB, 84 %, 1950 MHz, 1950 MHz, 226.74 W, 64, P2, 0x0000000000000000
2026/08/26 23:07:03.647, 0, 20770 MiB, 84 %, 1950 MHz, 1950 MHz, 228.43 W, 64, P2, 0x0000000000000000
2026/08/26 23:07:04.647, 0, 20770 MiB, 84 %, 1950 MHz, 1950 MHz, 230.11 W, 64, P2, 0x0000000000000000
2026/08/26 23:07:05.647, 0, 20772 MiB, 84 %, 1950 MHz, 1950 MHz, 234.97 W, 64, P2, 0x0000000000000000
2026/08/26 23:07:06.647, 0, 20772 MiB, 83 %, 1950 MHz, 1950 MHz, 219.77 W, 64, P2, 0x0000000000000000
2026/08/26 23:07:07.648, 0, 20772 MiB, 84 %, 1950 MHz, 1950 MHz, 225.88 W, 64, P2, 0x0000000000000000
2026/08/26 23:07:08.648, 0, 20772 MiB, 82 %, 1950 MHz, 1950 MHz, 228.56 W, 64, P2, 0x0000000000000000
2026/08/26 23:07:09.648, 0, 20772 MiB, 85 %, 1950 MHz, 1950 MHz, 227.50 W, 64, P2, 0x0000000000000000
2026/08/26 23:07:10.648, 0, 20772 MiB, 86 %, 1950 MHz, 1950 MHz, 231.95 W, 64, P2, 0x0000000000000000
2026/08/26 23:07:11.648, 0, 20772 MiB, 56 %, 1950 MHz, 1950 MHz, 225.21 W, 62, P2, 0x0000000000000000
2026/08/26 23:07:12.649, 0, 20772 MiB, 84 %, 1950 MHz, 1950 MHz, 217.90 W, 64, P2, 0x0000000000000000
2026/08/26 23:07:13.649, 0, 20772 MiB, 80 %, 1950 MHz, 1950 MHz, 227.50 W, 63, P2, 0x0000000000000000
2026/08/26 23:07:14.649, 0, 20772 MiB, 84 %, 1950 MHz, 1950 MHz, 227.44 W, 63, P2, 0x0000000000000000
2026/08/26 23:07:15.649, 0, 20772 MiB, 84 %, 1950 MHz, 1950 MHz, 229.35 W, 64, P2, 0x0000000000000000
2026/08/26 23:07:16.649, 0, 20772 MiB, 82 %, 1950 MHz, 1950 MHz, 228.16 W, 64, P2, 0x0000000000000000
2026/08/26 23:07:17.649, 0, 20772 MiB, 85 %, 1950 MHz, 1950 MHz, 227.97 W, 64, P2, 0x0000000000000000
2026/08/26 23:07:18.650, 0, 20772 MiB, 84 %, 1950 MHz, 1950 MHz, 234.20 W, 64, P2, 0x0000000000000000
2026/08/26 23:07:19.650, 0, 20772 MiB, 82 %, 1950 MHz, 1950 MHz, 219.27 W, 64, P2, 0x0000000000000000
2026/08/26 23:07:20.650, 0, 20772 MiB, 83 %, 1950 MHz, 1950 MHz, 226.60 W, 63, P2, 0x0000000000000048
2026/08/26 23:07:21.650, 0, 20772 MiB, 83 %, 1950 MHz, 1950 MHz, 225.76 W, 64, P2, 0x0000000000000000
2026/08/26 23:07:22.650, 0, 20772 MiB, 81 %, 1950 MHz, 1950 MHz, 227.83 W, 63, P2, 0x0000000000000000
2026/08/26 23:07:23.651, 0, 20772 MiB, 84 %, 1950 MHz, 1950 MHz, 225.03 W, 64, P2, 0x0000000000000000
2026/08/26 23:07:24.651, 0, 20772 MiB, 82 %, 1950 MHz, 1950 MHz, 228.27 W, 63, P2, 0x0000000000000000
2026/08/26 23:07:25.651, 0, 20772 MiB, 85 %, 1950 MHz, 1950 MHz, 225.27 W, 63, P2, 0x0000000000000000
2026/08/26 23:07:26.651, 0, 20772 MiB, 82 %, 1950 MHz, 1950 MHz, 225.36 W, 63, P2, 0x0000000000000000
2026/08/26 23:07:27.651, 0, 20772 MiB, 83 %, 1950 MHz, 1950 MHz, 226.96 W, 63, P2, 0x0000000000000000
2026/08/26 23:07:28.651, 0, 20772 MiB, 81 %, 1950 MHz, 1950 MHz, 230.71 W, 64, P2, 0x0000000000000000
2026/08/26 23:07:29.652, 0, 20772 MiB, 81 %, 1950 MHz, 1950 MHz, 227.27 W, 64, P2, 0x0000000000000000
2026/08/26 23:07:30.652, 0, 20772 MiB, 83 %, 1950 MHz, 1950 MHz, 225.96 W, 63, P2, 0x0000000000000000
2026/08/26 23:07:31.652, 0, 20772 MiB, 82 %, 1950 MHz, 1950 MHz, 229.02 W, 64, P2, 0x0000000000000000
2026/08/26 23:07:32.652, 0, 20772 MiB, 48 %, 1950 MHz, 1950 MHz, 226.81 W, 62, P2, 0x0000000000000000
2026/08/26 23:07:33.652, 0, 20772 MiB, 79 %, 1950 MHz, 1950 MHz, 217.24 W, 64, P2, 0x0000000000000000
2026/08/26 23:07:34.653, 0, 20772 MiB, 84 %, 1950 MHz, 1950 MHz, 229.50 W, 63, P2, 0x0000000000000000
2026/08/26 23:07:35.653, 0, 20774 MiB, 80 %, 1950 MHz, 1950 MHz, 226.25 W, 63, P2, 0x0000000000000000
2026/08/26 23:07:36.653, 0, 20774 MiB, 79 %, 1950 MHz, 1950 MHz, 233.65 W, 63, P2, 0x0000000000000000
2026/08/26 23:07:37.653, 0, 20774 MiB, 84 %, 1950 MHz, 1950 MHz, 232.21 W, 63, P2, 0x0000000000000000
2026/08/26 23:07:38.653, 0, 20774 MiB, 85 %, 1950 MHz, 1950 MHz, 233.75 W, 64, P2, 0x0000000000000000
2026/08/26 23:07:39.653, 0, 20780 MiB, 74 %, 1950 MHz, 1950 MHz, 206.15 W, 62, P2, 0x0000000000000000
2026/08/26 23:07:40.654, 0, 20780 MiB, 84 %, 1950 MHz, 1950 MHz, 223.99 W, 63, P2, 0x0000000000000000
2026/08/26 23:07:41.654, 0, 20780 MiB, 84 %, 1950 MHz, 1950 MHz, 227.12 W, 63, P2, 0x0000000000000000
2026/08/26 23:07:42.654, 0, 20780 MiB, 83 %, 1950 MHz, 1950 MHz, 229.79 W, 64, P2, 0x0000000000000000
2026/08/26 23:07:43.654, 0, 20780 MiB, 80 %, 1950 MHz, 1950 MHz, 225.90 W, 63, P2, 0x0000000000000000
2026/08/26 23:07:44.654, 0, 20780 MiB, 84 %, 1950 MHz, 1950 MHz, 229.67 W, 63, P2, 0x0000000000000000
2026/08/26 23:07:45.654, 0, 20780 MiB, 82 %, 1950 MHz, 1950 MHz, 232.16 W, 63, P2, 0x0000000000000000
2026/08/26 23:07:46.654, 0, 20780 MiB, 75 %, 1950 MHz, 1950 MHz, 230.16 W, 64, P2, 0x0000000000000004
2026/08/26 23:07:47.655, 0, 20780 MiB, 83 %, 1950 MHz, 1950 MHz, 212.07 W, 63, P2, 0x0000000000000000
2026/08/26 23:07:48.655, 0, 20780 MiB, 84 %, 1950 MHz, 1950 MHz, 225.38 W, 63, P2, 0x0000000000000000
2026/08/26 23:07:49.655, 0, 20780 MiB, 84 %, 1950 MHz, 1950 MHz, 227.77 W, 63, P2, 0x0000000000000000
2026/08/26 23:07:50.655, 0, 20780 MiB, 83 %, 1950 MHz, 1950 MHz, 229.21 W, 63, P2, 0x0000000000000000
2026/08/26 23:07:51.655, 0, 20780 MiB, 81 %, 1950 MHz, 1950 MHz, 226.99 W, 63, P2, 0x0000000000000000
2026/08/26 23:07:52.656, 0, 20780 MiB, 82 %, 1950 MHz, 1950 MHz, 228.55 W, 63, P2, 0x0000000000000000
2026/08/26 23:07:53.656, 0, 20780 MiB, 84 %, 1950 MHz, 1950 MHz, 226.93 W, 63, P2, 0x0000000000000000
2026/08/26 23:07:54.656, 0, 20780 MiB, 80 %, 1950 MHz, 1950 MHz, 227.25 W, 63, P2, 0x0000000000000000
2026/08/26 23:07:55.656, 0, 20780 MiB, 84 %, 1950 MHz, 1950 MHz, 227.32 W, 63, P2, 0x0000000000000000
2026/08/26 23:07:56.656, 0, 20780 MiB, 84 %, 1950 MHz, 1950 MHz, 228.33 W, 63, P2, 0x0000000000000000
2026/08/26 23:07:57.657, 0, 20780 MiB, 83 %, 1950 MHz, 1950 MHz, 229.50 W, 63, P2, 0x0000000000000000
2026/08/26 23:07:58.657, 0, 20780 MiB, 84 %, 1950 MHz, 1950 MHz, 228.96 W, 63, P2, 0x0000000000000000
2026/08/26 23:07:59.657, 0, 20780 MiB, 83 %, 1950 MHz, 1950 MHz, 219.46 W, 63, P2, 0x0000000000000000
2026/08/26 23:08:00.657, 0, 20780 MiB, 83 %, 1950 MHz, 1950 MHz, 231.81 W, 63, P2, 0x0000000000000000
2026/08/26 23:08:01.657, 0, 20780 MiB, 79 %, 1950 MHz, 1950 MHz, 232.57 W, 63, P2, 0x0000000000000000
2026/08/26 23:08:02.657, 0, 20780 MiB, 82 %, 1950 MHz, 1950 MHz, 229.73 W, 63, P2, 0x0000000000000000
2026/08/26 23:08:03.658, 0, 20780 MiB, 82 %, 1950 MHz, 1950 MHz, 231.92 W, 63, P2, 0x0000000000000000
2026/08/26 23:08:04.658, 0, 20780 MiB, 85 %, 1950 MHz, 1950 MHz, 226.43 W, 63, P2, 0x0000000000000000
2026/08/26 23:08:05.658, 0, 20780 MiB, 81 %, 1950 MHz, 1950 MHz, 230.86 W, 63, P2, 0x0000000000000000
2026/08/26 23:08:06.658, 0, 20780 MiB, 82 %, 1950 MHz, 1950 MHz, 228.51 W, 63, P2, 0x0000000000000000
2026/08/26 23:08:07.658, 0, 20780 MiB, 82 %, 1950 MHz, 1950 MHz, 224.04 W, 63, P2, 0x0000000000000000
2026/08/26 23:08:08.658, 0, 20780 MiB, 81 %, 1950 MHz, 1950 MHz, 225.94 W, 63, P2, 0x0000000000000000
2026/08/26 23:08:09.658, 0, 20780 MiB, 80 %, 1950 MHz, 1950 MHz, 227.69 W, 63, P2, 0x0000000000000000
2026/08/26 23:08:10.658, 0, 20780 MiB, 84 %, 1950 MHz, 1950 MHz, 228.29 W, 63, P2, 0x0000000000000000
2026/08/26 23:08:11.659, 0, 20780 MiB, 84 %, 1950 MHz, 1950 MHz, 233.24 W, 63, P2, 0x0000000000000000
2026/08/26 23:08:12.659, 0, 20780 MiB, 81 %, 1950 MHz, 1950 MHz, 236.07 W, 63, P2, 0x0000000000000000
2026/08/26 23:08:13.659, 0, 20780 MiB, 81 %, 1950 MHz, 1950 MHz, 214.67 W, 62, P2, 0x0000000000000000
2026/08/26 23:08:14.659, 0, 20780 MiB, 81 %, 1950 MHz, 1950 MHz, 226.20 W, 63, P2, 0x0000000000000000
2026/08/26 23:08:15.659, 0, 20780 MiB, 85 %, 1950 MHz, 1950 MHz, 225.39 W, 63, P2, 0x0000000000000000
2026/08/26 23:08:16.660, 0, 20780 MiB, 81 %, 1950 MHz, 1950 MHz, 227.34 W, 63, P2, 0x0000000000000000
2026/08/26 23:08:17.660, 0, 20780 MiB, 81 %, 1950 MHz, 1950 MHz, 227.38 W, 63, P2, 0x0000000000000000
2026/08/26 23:08:18.660, 0, 20780 MiB, 84 %, 1950 MHz, 1950 MHz, 227.59 W, 63, P2, 0x0000000000000000
2026/08/26 23:08:19.660, 0, 20780 MiB, 81 %, 1950 MHz, 1950 MHz, 224.74 W, 63, P2, 0x0000000000000000
2026/08/26 23:08:20.660, 0, 20780 MiB, 82 %, 1950 MHz, 1950 MHz, 222.88 W, 63, P2, 0x0000000000000000
2026/08/26 23:08:21.660, 0, 20780 MiB, 81 %, 1950 MHz, 1950 MHz, 224.53 W, 63, P2, 0x0000000000000000
2026/08/26 23:08:22.660, 0, 20780 MiB, 83 %, 1950 MHz, 1950 MHz, 225.56 W, 63, P2, 0x0000000000000000
2026/08/26 23:08:23.661, 0, 20780 MiB, 79 %, 1950 MHz, 1950 MHz, 227.09 W, 63, P2, 0x0000000000000000
2026/08/26 23:08:24.661, 0, 20780 MiB, 85 %, 1950 MHz, 1950 MHz, 226.21 W, 62, P2, 0x0000000000000000
2026/08/26 23:08:25.661, 0, 20780 MiB, 81 %, 1950 MHz, 1950 MHz, 225.85 W, 63, P2, 0x0000000000000000
2026/08/26 23:08:26.661, 0, 20780 MiB, 84 %, 1950 MHz, 1950 MHz, 226.05 W, 63, P2, 0x0000000000000000
2026/08/26 23:08:27.661, 0, 20780 MiB, 85 %, 1950 MHz, 1950 MHz, 218.41 W, 63, P2, 0x0000000000000000
2026/08/26 23:08:28.661, 0, 20780 MiB, 83 %, 1950 MHz, 1950 MHz, 225.72 W, 63, P2, 0x0000000000000000
2026/08/26 23:08:29.661, 0, 20780 MiB, 84 %, 1950 MHz, 1950 MHz, 226.74 W, 63, P2, 0x0000000000000000
2026/08/26 23:08:30.662, 0, 20780 MiB, 85 %, 1950 MHz, 1950 MHz, 226.54 W, 63, P2, 0x0000000000000000
2026/08/26 23:08:31.662, 0, 20780 MiB, 83 %, 1950 MHz, 1950 MHz, 224.41 W, 62, P2, 0x0000000000000000
2026/08/26 23:08:32.662, 0, 20780 MiB, 85 %, 1950 MHz, 1950 MHz, 224.35 W, 63, P2, 0x0000000000000000
2026/08/26 23:08:33.662, 0, 20780 MiB, 82 %, 1950 MHz, 1950 MHz, 227.31 W, 63, P2, 0x0000000000000000
2026/08/26 23:08:34.662, 0, 20780 MiB, 82 %, 1950 MHz, 1950 MHz, 226.05 W, 63, P2, 0x0000000000000000
2026/08/26 23:08:35.663, 0, 20780 MiB, 83 %, 1950 MHz, 1950 MHz, 230.03 W, 63, P2, 0x0000000000000000
2026/08/26 23:08:36.663, 0, 85 MiB, 83 %, 1950 MHz, 1950 MHz, 216.66 W, 61, P2, 0x0000000000000000
2026/08/26 23:08:37.770, 0, 346 MiB, 0 %, 1950 MHz, 1950 MHz, 163.90 W, 60, P2, 0x0000000000000000
2026/08/26 23:08:38.770, 0, 346 MiB, 3 %, 1950 MHz, 1950 MHz, 157.26 W, 60, P2, 0x0000000000000000
2026/08/26 23:08:39.771, 0, 346 MiB, 0 %, 1695 MHz, 1695 MHz, 139.24 W, 58, P2, 0x0000000000000000
2026/08/26 23:08:40.771, 0, 20144 MiB, 100 %, 1950 MHz, 1950 MHz, 144.06 W, 59, P2, 0x0000000000000000
2026/08/26 23:08:41.771, 0, 20144 MiB, 99 %, 1950 MHz, 1950 MHz, 154.74 W, 59, P2, 0x0000000000000000
2026/08/26 23:08:42.772, 0, 20144 MiB, 99 %, 1950 MHz, 1950 MHz, 154.65 W, 59, P2, 0x0000000000000000
2026/08/26 23:08:43.772, 0, 20144 MiB, 100 %, 1950 MHz, 1950 MHz, 154.54 W, 59, P2, 0x0000000000000000
2026/08/26 23:08:44.772, 0, 20144 MiB, 100 %, 1950 MHz, 1950 MHz, 154.30 W, 59, P2, 0x0000000000000000
2026/08/26 23:08:45.772, 0, 20144 MiB, 100 %, 1950 MHz, 1950 MHz, 154.02 W, 58, P2, 0x0000000000000000
2026/08/26 23:08:46.772, 0, 20816 MiB, 60 %, 1950 MHz, 1950 MHz, 168.44 W, 60, P2, 0x0000000000000004
2026/08/26 23:08:47.772, 0, 20816 MiB, 78 %, 1950 MHz, 1950 MHz, 315.15 W, 65, P2, 0x0000000000000000
2026/08/26 23:08:48.772, 0, 20816 MiB, 75 %, 1950 MHz, 1950 MHz, 325.19 W, 66, P2, 0x0000000000000000
2026/08/26 23:08:49.773, 0, 20816 MiB, 77 %, 1950 MHz, 1950 MHz, 292.36 W, 65, P2, 0x0000000000000000
2026/08/26 23:08:50.773, 0, 20816 MiB, 77 %, 1950 MHz, 1950 MHz, 326.14 W, 67, P2, 0x0000000000000004
2026/08/26 23:08:51.781, 0, 20816 MiB, 79 %, 1950 MHz, 1950 MHz, 327.68 W, 67, P2, 0x0000000000000004
2026/08/26 23:08:52.781, 0, 20816 MiB, 77 %, 1950 MHz, 1950 MHz, 293.89 W, 66, P2, 0x0000000000000000
2026/08/26 23:08:53.781, 0, 20816 MiB, 78 %, 1935 MHz, 1935 MHz, 324.61 W, 67, P2, 0x0000000000000000
2026/08/26 23:08:54.781, 0, 20816 MiB, 77 %, 1935 MHz, 1935 MHz, 324.99 W, 67, P2, 0x0000000000000000
2026/08/26 23:08:55.782, 0, 20816 MiB, 78 %, 1935 MHz, 1935 MHz, 290.19 W, 67, P2, 0x0000000000000000
2026/08/26 23:08:56.785, 0, 20816 MiB, 78 %, 1935 MHz, 1935 MHz, 324.16 W, 68, P2, 0x0000000000000000
2026/08/26 23:08:57.785, 0, 20816 MiB, 80 %, 1935 MHz, 1935 MHz, 323.93 W, 67, P2, 0x0000000000000004
2026/08/26 23:08:58.785, 0, 20820 MiB, 78 %, 1935 MHz, 1935 MHz, 282.11 W, 68, P2, 0x0000000000000000
2026/08/26 23:08:59.786, 0, 20820 MiB, 77 %, 1935 MHz, 1935 MHz, 324.40 W, 68, P2, 0x0000000000000000
2026/08/26 23:09:00.786, 0, 20820 MiB, 18 %, 1935 MHz, 1935 MHz, 312.53 W, 65, P2, 0x0000000000000000
2026/08/26 23:09:01.786, 0, 20824 MiB, 79 %, 1935 MHz, 1935 MHz, 264.51 W, 68, P2, 0x0000000000000000
2026/08/26 23:09:02.786, 0, 20824 MiB, 73 %, 1935 MHz, 1935 MHz, 324.91 W, 68, P2, 0x0000000000000000
2026/08/26 23:09:03.786, 0, 20824 MiB, 78 %, 1935 MHz, 1935 MHz, 326.34 W, 68, P2, 0x0000000000000000
2026/08/26 23:09:04.786, 0, 20824 MiB, 78 %, 1935 MHz, 1935 MHz, 271.75 W, 69, P2, 0x0000000000000000
2026/08/26 23:09:05.786, 0, 20824 MiB, 80 %, 1935 MHz, 1935 MHz, 326.59 W, 69, P2, 0x0000000000000004
2026/08/26 23:09:06.786, 0, 20824 MiB, 78 %, 1935 MHz, 1935 MHz, 329.45 W, 69, P2, 0x0000000000000004
2026/08/26 23:09:07.787, 0, 20824 MiB, 77 %, 1935 MHz, 1935 MHz, 298.84 W, 69, P2, 0x0000000000000000
2026/08/26 23:09:08.787, 0, 20824 MiB, 77 %, 1935 MHz, 1935 MHz, 327.96 W, 70, P2, 0x0000000000000000
2026/08/26 23:09:09.787, 0, 20824 MiB, 62 %, 1935 MHz, 1935 MHz, 305.41 W, 67, P2, 0x0000000000000004
2026/08/26 23:09:10.787, 0, 20824 MiB, 77 %, 1935 MHz, 1935 MHz, 299.76 W, 70, P2, 0x0000000000000004
2026/08/26 23:09:11.787, 0, 20824 MiB, 72 %, 1935 MHz, 1935 MHz, 327.20 W, 70, P2, 0x0000000000000000
2026/08/26 23:09:12.787, 0, 20824 MiB, 77 %, 1905 MHz, 1905 MHz, 295.60 W, 68, P2, 0x0000000000000004
2026/08/26 23:09:13.787, 0, 20824 MiB, 80 %, 1935 MHz, 1935 MHz, 320.55 W, 71, P2, 0x0000000000000004
2026/08/26 23:09:14.788, 0, 20824 MiB, 78 %, 1935 MHz, 1935 MHz, 331.97 W, 71, P2, 0x0000000000000004
2026/08/26 23:09:15.788, 0, 20824 MiB, 79 %, 1935 MHz, 1935 MHz, 297.04 W, 70, P2, 0x0000000000000004
2026/08/26 23:09:16.788, 0, 20824 MiB, 77 %, 1935 MHz, 1935 MHz, 330.69 W, 71, P2, 0x0000000000000004
2026/08/26 23:09:17.788, 0, 20824 MiB, 78 %, 1935 MHz, 1935 MHz, 330.55 W, 71, P2, 0x0000000000000004
2026/08/26 23:09:18.788, 0, 85 MiB, 78 %, 1935 MHz, 1935 MHz, 306.89 W, 67, P2, 0x0000000000000004
2026/08/26 23:09:19.874, 0, 1100 MiB, 0 %, 1935 MHz, 1935 MHz, 167.45 W, 65, P2, 0x0000000000000000
2026/08/26 23:09:20.874, 0, 346 MiB, 0 %, 1935 MHz, 1935 MHz, 159.88 W, 64, P2, 0x0000000000000000
2026/08/26 23:09:21.875, 0, 1100 MiB, 0 %, 1695 MHz, 1695 MHz, 143.88 W, 62, P2, 0x0000000000000000
2026/08/26 23:09:22.875, 0, 19044 MiB, 0 %, 1695 MHz, 1695 MHz, 132.87 W, 61, P2, 0x0000000000000000
2026/08/26 23:09:23.875, 0, 19044 MiB, 100 %, 1950 MHz, 1950 MHz, 159.00 W, 62, P2, 0x0000000000000000
2026/08/26 23:09:24.875, 0, 19044 MiB, 99 %, 1950 MHz, 1950 MHz, 165.51 W, 62, P2, 0x0000000000000000
2026/08/26 23:09:25.875, 0, 19044 MiB, 99 %, 1950 MHz, 1950 MHz, 160.00 W, 62, P2, 0x0000000000000000
2026/08/26 23:09:26.875, 0, 19044 MiB, 99 %, 1950 MHz, 1950 MHz, 158.49 W, 61, P2, 0x0000000000000000
2026/08/26 23:09:27.876, 0, 19044 MiB, 100 %, 1950 MHz, 1950 MHz, 158.27 W, 61, P2, 0x0000000000000000
2026/08/26 23:09:28.876, 0, 19044 MiB, 100 %, 1950 MHz, 1950 MHz, 157.90 W, 61, P2, 0x0000000000000000
2026/08/26 23:09:29.876, 0, 21094 MiB, 99 %, 1950 MHz, 1950 MHz, 159.49 W, 61, P2, 0x0000000000000000
2026/08/26 23:09:30.876, 0, 22286 MiB, 78 %, 1950 MHz, 1950 MHz, 225.04 W, 66, P2, 0x0000000000000000
2026/08/26 23:09:31.876, 0, 22286 MiB, 78 %, 1935 MHz, 1935 MHz, 325.69 W, 68, P2, 0x0000000000000004
2026/08/26 23:09:32.876, 0, 22286 MiB, 78 %, 1935 MHz, 1935 MHz, 295.51 W, 66, P2, 0x0000000000000000
2026/08/26 23:09:33.876, 0, 22286 MiB, 79 %, 1935 MHz, 1935 MHz, 323.03 W, 68, P2, 0x0000000000000004
2026/08/26 23:09:34.876, 0, 22286 MiB, 75 %, 1935 MHz, 1935 MHz, 300.71 W, 67, P2, 0x0000000000000000
2026/08/26 23:09:35.881, 0, 22286 MiB, 78 %, 1935 MHz, 1935 MHz, 330.17 W, 69, P2, 0x0000000000000004
2026/08/26 23:09:36.881, 0, 22286 MiB, 71 %, 1935 MHz, 1935 MHz, 306.49 W, 66, P2, 0x0000000000000004
2026/08/26 23:09:37.881, 0, 22286 MiB, 80 %, 1920 MHz, 1920 MHz, 303.45 W, 69, P2, 0x0000000000000004
2026/08/26 23:09:38.882, 0, 22286 MiB, 79 %, 1935 MHz, 1935 MHz, 329.83 W, 70, P2, 0x0000000000000004
2026/08/26 23:09:39.882, 0, 22288 MiB, 59 %, 1935 MHz, 1935 MHz, 305.23 W, 66, P2, 0x0000000000000004
2026/08/26 23:09:40.882, 0, 22288 MiB, 76 %, 1935 MHz, 1935 MHz, 302.16 W, 69, P2, 0x0000000000000004
2026/08/26 23:09:41.882, 0, 22288 MiB, 28 %, 1935 MHz, 1935 MHz, 320.84 W, 67, P2, 0x0000000000000004
2026/08/26 23:09:42.882, 0, 22292 MiB, 75 %, 1935 MHz, 1935 MHz, 217.47 W, 68, P2, 0x0000000000000004
2026/08/26 23:09:43.882, 0, 22292 MiB, 71 %, 1935 MHz, 1935 MHz, 323.63 W, 69, P2, 0x0000000000000004
2026/08/26 23:09:44.882, 0, 22292 MiB, 100 %, 1845 MHz, 1845 MHz, 287.54 W, 65, P2, 0x0000000000000004
2026/08/26 23:09:45.883, 0, 22292 MiB, 80 %, 1935 MHz, 1935 MHz, 269.17 W, 69, P2, 0x0000000000000004
2026/08/26 23:09:46.883, 0, 22292 MiB, 78 %, 1935 MHz, 1935 MHz, 333.67 W, 70, P2, 0x0000000000000004
2026/08/26 23:09:47.883, 0, 22292 MiB, 76 %, 1935 MHz, 1935 MHz, 295.97 W, 70, P2, 0x0000000000000004
2026/08/26 23:09:48.883, 0, 22292 MiB, 73 %, 1935 MHz, 1935 MHz, 326.73 W, 70, P2, 0x0000000000000004
2026/08/26 23:09:49.883, 0, 22292 MiB, 78 %, 1935 MHz, 1935 MHz, 293.05 W, 69, P2, 0x0000000000000004
2026/08/26 23:09:50.883, 0, 22292 MiB, 78 %, 1935 MHz, 1935 MHz, 327.08 W, 71, P2, 0x0000000000000004
2026/08/26 23:09:51.883, 0, 22292 MiB, 62 %, 1935 MHz, 1935 MHz, 301.61 W, 68, P2, 0x0000000000000000
2026/08/26 23:09:52.883, 0, 22292 MiB, 76 %, 1935 MHz, 1935 MHz, 320.46 W, 71, P2, 0x0000000000000004
2026/08/26 23:09:53.884, 0, 22292 MiB, 74 %, 1935 MHz, 1935 MHz, 331.92 W, 71, P2, 0x0000000000000004
2026/08/26 23:09:54.884, 0, 22292 MiB, 79 %, 1935 MHz, 1935 MHz, 303.64 W, 71, P2, 0x0000000000000004
2026/08/26 23:09:55.884, 0, 22292 MiB, 79 %, 1935 MHz, 1935 MHz, 326.52 W, 71, P2, 0x0000000000000004
2026/08/26 23:09:56.884, 0, 22292 MiB, 81 %, 1920 MHz, 1920 MHz, 329.49 W, 71, P2, 0x0000000000000004
2026/08/26 23:09:57.884, 0, 82 MiB, 100 %, 1935 MHz, 1935 MHz, 255.25 W, 67, P0, 0x0000000000000000
2026/08/26 23:09:58.884, 0, 346 MiB, 100 %, 1935 MHz, 1935 MHz, 179.07 W, 66, P2, 0x0000000000000000
2026/08/26 23:09:59.885, 0, 346 MiB, 0 %, 1935 MHz, 1935 MHz, 172.83 W, 65, P2, 0x0000000000000000
2026/08/26 23:10:00.885, 0, 346 MiB, 0 %, 1695 MHz, 1695 MHz, 168.15 W, 63, P2, 0x0000000000000000
2026/08/26 23:10:01.885, 0, 18082 MiB, 0 %, 1695 MHz, 1695 MHz, 137.27 W, 62, P2, 0x0000000000000000
2026/08/26 23:10:02.885, 0, 18082 MiB, 100 %, 1950 MHz, 1950 MHz, 141.29 W, 62, P2, 0x0000000000000000
2026/08/26 23:10:03.885, 0, 18082 MiB, 100 %, 1950 MHz, 1950 MHz, 167.95 W, 63, P2, 0x0000000000000000
2026/08/26 23:10:04.885, 0, 18082 MiB, 100 %, 1950 MHz, 1950 MHz, 168.83 W, 63, P2, 0x0000000000000000
2026/08/26 23:10:05.885, 0, 18082 MiB, 100 %, 1950 MHz, 1950 MHz, 169.18 W, 62, P2, 0x0000000000000000
2026/08/26 23:10:06.886, 0, 18082 MiB, 100 %, 1950 MHz, 1950 MHz, 164.04 W, 62, P2, 0x0000000000000000
2026/08/26 23:10:07.886, 0, 18082 MiB, 100 %, 1950 MHz, 1950 MHz, 163.10 W, 61, P2, 0x0000000000000000
2026/08/26 23:10:08.886, 0, 18082 MiB, 99 %, 1950 MHz, 1950 MHz, 159.67 W, 61, P2, 0x0000000000000000
2026/08/26 23:10:09.886, 0, 20636 MiB, 99 %, 1950 MHz, 1950 MHz, 158.36 W, 61, P2, 0x0000000000000000
2026/08/26 23:10:10.886, 0, 21828 MiB, 99 %, 1950 MHz, 1950 MHz, 162.29 W, 61, P2, 0x0000000000000000
2026/08/26 23:10:11.886, 0, 21828 MiB, 68 %, 1950 MHz, 1950 MHz, 257.36 W, 66, P2, 0x0000000000000000
2026/08/26 23:10:12.887, 0, 21828 MiB, 75 %, 1935 MHz, 1935 MHz, 318.96 W, 67, P2, 0x0000000000000000
2026/08/26 23:10:13.887, 0, 21828 MiB, 73 %, 1935 MHz, 1935 MHz, 280.79 W, 66, P2, 0x0000000000000000
2026/08/26 23:10:14.887, 0, 21828 MiB, 71 %, 1935 MHz, 1935 MHz, 310.99 W, 68, P2, 0x0000000000000000
2026/08/26 23:10:15.887, 0, 21828 MiB, 74 %, 1935 MHz, 1935 MHz, 283.32 W, 67, P2, 0x0000000000000000
2026/08/26 23:10:16.887, 0, 21828 MiB, 69 %, 1935 MHz, 1935 MHz, 313.81 W, 68, P2, 0x0000000000000000
2026/08/26 23:10:17.887, 0, 21828 MiB, 73 %, 1935 MHz, 1935 MHz, 319.56 W, 69, P2, 0x0000000000000000
2026/08/26 23:10:18.887, 0, 21828 MiB, 68 %, 1935 MHz, 1935 MHz, 279.55 W, 68, P2, 0x0000000000000000
2026/08/26 23:10:19.888, 0, 21828 MiB, 71 %, 1935 MHz, 1935 MHz, 315.89 W, 69, P2, 0x0000000000000000
2026/08/26 23:10:20.888, 0, 21828 MiB, 73 %, 1935 MHz, 1935 MHz, 317.24 W, 69, P2, 0x0000000000000000
2026/08/26 23:10:21.888, 0, 21830 MiB, 40 %, 1935 MHz, 1935 MHz, 277.17 W, 68, P2, 0x0000000000000000
2026/08/26 23:10:22.888, 0, 21830 MiB, 73 %, 1935 MHz, 1935 MHz, 319.93 W, 69, P2, 0x0000000000000000
2026/08/26 23:10:23.888, 0, 21834 MiB, 24 %, 1935 MHz, 1935 MHz, 248.82 W, 64, P2, 0x0000000000000000
2026/08/26 23:10:24.889, 0, 21834 MiB, 68 %, 1935 MHz, 1935 MHz, 247.30 W, 68, P2, 0x0000000000000004
2026/08/26 23:10:25.889, 0, 21834 MiB, 67 %, 1935 MHz, 1935 MHz, 312.48 W, 69, P2, 0x0000000000000000
2026/08/26 23:10:26.889, 0, 21834 MiB, 100 %, 1935 MHz, 1935 MHz, 219.75 W, 67, P2, 0x0000000000000000
2026/08/26 23:10:27.889, 0, 21834 MiB, 72 %, 1935 MHz, 1935 MHz, 311.58 W, 69, P2, 0x0000000000000000
2026/08/26 23:10:28.890, 0, 21834 MiB, 73 %, 1935 MHz, 1935 MHz, 315.81 W, 69, P2, 0x0000000000000000
2026/08/26 23:10:29.890, 0, 21834 MiB, 62 %, 1935 MHz, 1935 MHz, 288.27 W, 69, P2, 0x0000000000000000
2026/08/26 23:10:30.890, 0, 21834 MiB, 72 %, 1935 MHz, 1935 MHz, 316.49 W, 69, P2, 0x0000000000000004
2026/08/26 23:10:31.890, 0, 21834 MiB, 43 %, 1935 MHz, 1935 MHz, 287.43 W, 69, P2, 0x0000000000000000
2026/08/26 23:10:32.890, 0, 21834 MiB, 70 %, 1935 MHz, 1935 MHz, 316.73 W, 70, P2, 0x0000000000000000
2026/08/26 23:10:33.891, 0, 21834 MiB, 69 %, 1935 MHz, 1935 MHz, 286.05 W, 69, P2, 0x0000000000000000
2026/08/26 23:10:34.891, 0, 21834 MiB, 72 %, 1935 MHz, 1935 MHz, 316.18 W, 70, P2, 0x0000000000000004
2026/08/26 23:10:35.898, 0, 21834 MiB, 74 %, 1935 MHz, 1935 MHz, 320.98 W, 70, P2, 0x0000000000000004
2026/08/26 23:10:36.898, 0, 21834 MiB, 71 %, 1935 MHz, 1935 MHz, 291.05 W, 68, P2, 0x0000000000000000
2026/08/26 23:10:37.898, 0, 21834 MiB, 71 %, 1935 MHz, 1935 MHz, 313.37 W, 71, P2, 0x0000000000000004
2026/08/26 23:10:38.898, 0, 21834 MiB, 76 %, 1935 MHz, 1935 MHz, 326.97 W, 71, P2, 0x0000000000000004
2026/08/26 23:10:39.899, 0, 21834 MiB, 75 %, 1935 MHz, 1935 MHz, 325.62 W, 71, P2, 0x0000000000000004
2026/08/26 23:10:40.901, 0, 346 MiB, 72 %, 1935 MHz, 1935 MHz, 258.02 W, 66, P2, 0x0000000000000000
2026/08/26 23:10:42.104, 0, 346 MiB, 0 %, 1935 MHz, 1935 MHz, 163.64 W, 64, P2, 0x0000000000000000
2026/08/26 23:10:43.104, 0, 346 MiB, 23 %, 1695 MHz, 1695 MHz, 156.91 W, 64, P2, 0x0000000000000000
2026/08/26 23:10:44.104, 0, 346 MiB, 0 %, 1695 MHz, 1695 MHz, 133.88 W, 61, P2, 0x0000000000000000
2026/08/26 23:10:45.104, 0, 17618 MiB, 0 %, 1950 MHz, 1950 MHz, 133.96 W, 61, P2, 0x0000000000000000
2026/08/26 23:10:46.104, 0, 17618 MiB, 100 %, 1950 MHz, 1950 MHz, 170.75 W, 63, P2, 0x0000000000000000
2026/08/26 23:10:47.104, 0, 17618 MiB, 100 %, 1950 MHz, 1950 MHz, 170.05 W, 62, P2, 0x0000000000000000
2026/08/26 23:10:48.105, 0, 17618 MiB, 100 %, 1950 MHz, 1950 MHz, 170.01 W, 62, P2, 0x0000000000000000
2026/08/26 23:10:49.107, 0, 17618 MiB, 100 %, 1950 MHz, 1950 MHz, 169.54 W, 62, P2, 0x0000000000000000
2026/08/26 23:10:50.107, 0, 17618 MiB, 100 %, 1950 MHz, 1950 MHz, 166.49 W, 62, P2, 0x0000000000000000
2026/08/26 23:10:51.108, 0, 17618 MiB, 100 %, 1950 MHz, 1950 MHz, 168.48 W, 62, P2, 0x0000000000000000
2026/08/26 23:10:52.108, 0, 17618 MiB, 100 %, 1950 MHz, 1950 MHz, 167.70 W, 61, P2, 0x0000000000000000
2026/08/26 23:10:53.108, 0, 17618 MiB, 99 %, 1950 MHz, 1950 MHz, 168.11 W, 61, P2, 0x0000000000000000
2026/08/26 23:10:54.108, 0, 17618 MiB, 100 %, 1950 MHz, 1950 MHz, 168.24 W, 61, P2, 0x0000000000000000
2026/08/26 23:10:55.108, 0, 20136 MiB, 100 %, 1950 MHz, 1950 MHz, 166.66 W, 61, P2, 0x0000000000000000
2026/08/26 23:10:56.116, 0, 20276 MiB, 66 %, 1950 MHz, 1950 MHz, 242.35 W, 66, P2, 0x0000000000000000
2026/08/26 23:10:57.116, 0, 20276 MiB, 70 %, 1950 MHz, 1950 MHz, 312.72 W, 66, P2, 0x0000000000000000
2026/08/26 23:10:58.116, 0, 20276 MiB, 57 %, 1935 MHz, 1935 MHz, 287.46 W, 64, P2, 0x0000000000000000
2026/08/26 23:10:59.117, 0, 20276 MiB, 73 %, 1935 MHz, 1935 MHz, 303.95 W, 67, P2, 0x0000000000000000
2026/08/26 23:11:00.117, 0, 20276 MiB, 58 %, 1935 MHz, 1935 MHz, 288.89 W, 64, P2, 0x0000000000000000
2026/08/26 23:11:01.117, 0, 20276 MiB, 72 %, 1935 MHz, 1935 MHz, 301.89 W, 68, P2, 0x0000000000000000
2026/08/26 23:11:02.117, 0, 20276 MiB, 72 %, 1935 MHz, 1935 MHz, 317.43 W, 68, P2, 0x0000000000000000
2026/08/26 23:11:03.117, 0, 20276 MiB, 69 %, 1935 MHz, 1935 MHz, 277.58 W, 68, P2, 0x0000000000000000
2026/08/26 23:11:04.117, 0, 20276 MiB, 70 %, 1935 MHz, 1935 MHz, 312.68 W, 68, P2, 0x0000000000000000
2026/08/26 23:11:05.117, 0, 20276 MiB, 33 %, 1935 MHz, 1935 MHz, 297.38 W, 67, P2, 0x0000000000000000
2026/08/26 23:11:06.119, 0, 20280 MiB, 70 %, 1935 MHz, 1935 MHz, 283.79 W, 68, P2, 0x0000000000000000
2026/08/26 23:11:07.119, 0, 20280 MiB, 70 %, 1935 MHz, 1935 MHz, 313.32 W, 69, P2, 0x0000000000000000
2026/08/26 23:11:08.119, 0, 20288 MiB, 95 %, 1935 MHz, 1935 MHz, 203.26 W, 63, P2, 0x0000000000000000
2026/08/26 23:11:09.119, 0, 20288 MiB, 69 %, 1935 MHz, 1935 MHz, 290.28 W, 68, P2, 0x0000000000000000
2026/08/26 23:11:10.119, 0, 20288 MiB, 69 %, 1935 MHz, 1935 MHz, 310.52 W, 68, P2, 0x0000000000000000
2026/08/26 23:11:11.119, 0, 20288 MiB, 64 %, 1935 MHz, 1935 MHz, 211.47 W, 65, P2, 0x0000000000000000
2026/08/26 23:11:12.119, 0, 20288 MiB, 70 %, 1935 MHz, 1935 MHz, 304.24 W, 68, P2, 0x0000000000000000
2026/08/26 23:11:13.119, 0, 20288 MiB, 65 %, 1935 MHz, 1935 MHz, 311.73 W, 69, P2, 0x0000000000000000
2026/08/26 23:11:14.119, 0, 20288 MiB, 70 %, 1935 MHz, 1935 MHz, 279.64 W, 68, P2, 0x0000000000000000
2026/08/26 23:11:15.120, 0, 20288 MiB, 68 %, 1935 MHz, 1935 MHz, 311.59 W, 69, P2, 0x0000000000000000
2026/08/26 23:11:16.128, 0, 20288 MiB, 68 %, 1935 MHz, 1935 MHz, 284.94 W, 68, P2, 0x0000000000000000
2026/08/26 23:11:17.128, 0, 20288 MiB, 66 %, 1935 MHz, 1935 MHz, 311.21 W, 69, P2, 0x0000000000000000
2026/08/26 23:11:18.129, 0, 20288 MiB, 64 %, 1935 MHz, 1935 MHz, 284.28 W, 66, P2, 0x0000000000000000
2026/08/26 23:11:19.129, 0, 20288 MiB, 66 %, 1935 MHz, 1935 MHz, 311.98 W, 69, P2, 0x0000000000000000
2026/08/26 23:11:20.129, 0, 20288 MiB, 67 %, 1935 MHz, 1935 MHz, 313.65 W, 70, P2, 0x0000000000000000
2026/08/26 23:11:21.129, 0, 20288 MiB, 66 %, 1935 MHz, 1935 MHz, 284.40 W, 70, P2, 0x0000000000000000
2026/08/26 23:11:22.129, 0, 20288 MiB, 71 %, 1935 MHz, 1935 MHz, 318.02 W, 70, P2, 0x0000000000000000
2026/08/26 23:11:23.129, 0, 394 MiB, 0 %, 1935 MHz, 1935 MHz, 296.03 W, 67, P2, 0x0000000000000000
