ts,util,mem_used,temp,pstate,clk_sm,clk_mem,pwr,throttle
2026/08/27 10:29:06.898, 45 %, 82 MiB, 65, P2, 1935 MHz, 9501 MHz, 250.54 W, 0x0000000000000000
2026/08/27 10:29:11.917, 8 %, 346 MiB, 61, P2, 1695 MHz, 9501 MHz, 163.26 W, 0x0000000000000000
2026/08/27 10:29:16.940, 100 %, 18082 MiB, 61, P2, 1950 MHz, 9501 MHz, 168.82 W, 0x0000000000000000
2026/08/27 10:29:21.963, 100 %, 18082 MiB, 60, P2, 1950 MHz, 9501 MHz, 167.51 W, 0x0000000000000000
2026/08/27 10:29:26.985, 73 %, 21828 MiB, 65, P2, 1950 MHz, 9501 MHz, 262.57 W, 0x0000000000000000
2026/08/27 10:29:32.005, 100 %, 21834 MiB, 62, P2, 1950 MHz, 9501 MHz, 201.87 W, 0x0000000000000000
2026/08/27 10:29:37.027, 67 %, 21834 MiB, 65, P2, 1950 MHz, 9501 MHz, 272.10 W, 0x0000000000000000
2026/08/27 10:29:42.045, 74 %, 82 MiB, 64, P2, 1950 MHz, 9501 MHz, 245.16 W, 0x0000000000000000
2026/08/27 10:29:47.064, 27 %, 346 MiB, 60, P2, 1695 MHz, 9501 MHz, 159.58 W, 0x0000000000000000
2026/08/27 10:29:52.086, 100 %, 18082 MiB, 60, P2, 1950 MHz, 9501 MHz, 167.21 W, 0x0000000000000000
2026/08/27 10:29:57.111, 100 %, 18082 MiB, 60, P2, 1950 MHz, 9501 MHz, 164.84 W, 0x0000000000000000
2026/08/27 10:30:02.134, 70 %, 21828 MiB, 64, P2, 1950 MHz, 9501 MHz, 290.08 W, 0x0000000000000000
2026/08/27 10:30:07.156, 60 %, 21828 MiB, 67, P2, 1950 MHz, 9501 MHz, 279.50 W, 0x0000000000000000
2026/08/27 10:30:12.177, 68 %, 21834 MiB, 63, P2, 1935 MHz, 9501 MHz, 277.31 W, 0x0000000000000004
2026/08/27 10:30:17.199, 73 %, 21834 MiB, 68, P2, 1950 MHz, 9501 MHz, 320.97 W, 0x0000000000000000
2026/08/27 10:30:22.217, 71 %, 21834 MiB, 67, P2, 1935 MHz, 9501 MHz, 287.51 W, 0x0000000000000004
2026/08/27 10:30:27.239, 73 %, 21834 MiB, 70, P2, 1935 MHz, 9501 MHz, 328.89 W, 0x0000000000000000
2026/08/27 10:30:32.258, 0 %, 346 MiB, 63, P2, 1950 MHz, 9501 MHz, 146.33 W, 0x0000000000000000
2026/08/27 10:30:37.277, 100 %, 17618 MiB, 62, P2, 1950 MHz, 9501 MHz, 169.97 W, 0x0000000000000000
2026/08/27 10:30:42.300, 100 %, 17618 MiB, 61, P2, 1950 MHz, 9501 MHz, 169.22 W, 0x0000000000000000
2026/08/27 10:30:47.324, 100 %, 20250 MiB, 60, P2, 1950 MHz, 9501 MHz, 168.91 W, 0x0000000000000000
2026/08/27 10:30:52.345, 63 %, 20280 MiB, 67, P2, 1950 MHz, 9501 MHz, 311.57 W, 0x0000000000000000
2026/08/27 10:30:57.365, 67 %, 20288 MiB, 67, P2, 1950 MHz, 9501 MHz, 269.30 W, 0x0000000000000000
2026/08/27 10:31:02.383, 67 %, 394 MiB, 67, P2, 1950 MHz, 9501 MHz, 283.28 W, 0x0000000000000000
2026/08/27 10:31:07.402, 0 %, 346 MiB, 61, P2, 1965 MHz, 9501 MHz, 169.04 W, 0x0000000000000000
2026/08/27 10:31:12.423, 99 %, 17618 MiB, 60, P2, 1965 MHz, 9501 MHz, 168.58 W, 0x0000000000000000
2026/08/27 10:31:17.447, 99 %, 17618 MiB, 60, P2, 1965 MHz, 9501 MHz, 167.80 W, 0x0000000000000000
2026/08/27 10:31:22.467, 73 %, 20276 MiB, 65, P2, 1950 MHz, 9501 MHz, 309.20 W, 0x0000000000000000
2026/08/27 10:31:27.487, 75 %, 20276 MiB, 66, P2, 1950 MHz, 9501 MHz, 313.05 W, 0x0000000000000000
2026/08/27 10:31:32.506, 69 %, 20280 MiB, 67, P2, 1950 MHz, 9501 MHz, 314.74 W, 0x0000000000000000
2026/08/27 10:31:37.525, 62 %, 20288 MiB, 67, P2, 1950 MHz, 9501 MHz, 247.50 W, 0x0000000000000000
2026/08/27 10:31:42.544, 69 %, 20288 MiB, 68, P2, 1950 MHz, 9501 MHz, 290.69 W, 0x0000000000000000
2026/08/27 10:31:47.563, 71 %, 20288 MiB, 69, P2, 1935 MHz, 9501 MHz, 307.24 W, 0x0000000000000000
2026/08/27 10:31:52.585, 0 %, 346 MiB, 62, P2, 1950 MHz, 9501 MHz, 158.30 W, 0x0000000000000000
2026/08/27 10:31:57.604, 100 %, 19362 MiB, 61, P2, 1950 MHz, 9501 MHz, 168.43 W, 0x0000000000000000
2026/08/27 10:32:02.628, 100 %, 19362 MiB, 61, P2, 1950 MHz, 9501 MHz, 167.77 W, 0x0000000000000000
2026/08/27 10:32:07.648, 31 %, 20758 MiB, 60, P2, 1950 MHz, 9501 MHz, 168.47 W, 0x0000000000000000
2026/08/27 10:32:12.665, 84 %, 20770 MiB, 62, P2, 1950 MHz, 9501 MHz, 217.10 W, 0x0000000000000000
2026/08/27 10:32:17.683, 84 %, 20770 MiB, 62, P2, 1950 MHz, 9501 MHz, 225.46 W, 0x0000000000000000
2026/08/27 10:32:22.703, 81 %, 20770 MiB, 62, P2, 1950 MHz, 9501 MHz, 223.73 W, 0x0000000000000000
2026/08/27 10:32:27.722, 80 %, 20772 MiB, 62, P2, 1950 MHz, 9501 MHz, 224.79 W, 0x0000000000000000
2026/08/27 10:32:32.743, 83 %, 20778 MiB, 63, P2, 1950 MHz, 9501 MHz, 226.40 W, 0x0000000000000000
2026/08/27 10:32:37.764, 82 %, 20780 MiB, 63, P2, 1950 MHz, 9501 MHz, 233.16 W, 0x0000000000000000
2026/08/27 10:32:42.783, 83 %, 20780 MiB, 63, P2, 1950 MHz, 9501 MHz, 230.04 W, 0x0000000000000000
2026/08/27 10:32:47.804, 84 %, 20780 MiB, 63, P2, 1950 MHz, 9501 MHz, 225.09 W, 0x0000000000000000
2026/08/27 10:32:52.823, 83 %, 20780 MiB, 63, P2, 1950 MHz, 9501 MHz, 226.48 W, 0x0000000000000000
2026/08/27 10:32:57.842, 82 %, 20780 MiB, 63, P2, 1950 MHz, 9501 MHz, 228.19 W, 0x0000000000000000
2026/08/27 10:33:02.863, 15 %, 20780 MiB, 63, P2, 1950 MHz, 9501 MHz, 221.08 W, 0x0000000000000000
2026/08/27 10:33:07.883, 0 %, 346 MiB, 60, P2, 1965 MHz, 9501 MHz, 155.02 W, 0x0000000000000000
2026/08/27 10:33:12.910, 100 %, 19362 MiB, 59, P2, 1965 MHz, 9501 MHz, 166.06 W, 0x0000000000000000
2026/08/27 10:33:17.934, 100 %, 19362 MiB, 59, P2, 1965 MHz, 9501 MHz, 165.82 W, 0x0000000000000000
2026/08/27 10:33:22.956, 2 %, 20744 MiB, 59, P2, 1965 MHz, 9501 MHz, 168.04 W, 0x0000000000000000
2026/08/27 10:33:27.975, 80 %, 20768 MiB, 62, P2, 1965 MHz, 9501 MHz, 224.98 W, 0x0000000000000000
2026/08/27 10:33:32.993, 78 %, 20772 MiB, 61, P2, 1965 MHz, 9501 MHz, 222.25 W, 0x0000000000000000
2026/08/27 10:33:38.014, 84 %, 20772 MiB, 61, P2, 1965 MHz, 9501 MHz, 218.70 W, 0x0000000000000000
2026/08/27 10:33:43.036, 81 %, 20772 MiB, 62, P2, 1965 MHz, 9501 MHz, 228.97 W, 0x0000000000000000
2026/08/27 10:33:48.055, 84 %, 20772 MiB, 62, P2, 1965 MHz, 9501 MHz, 226.08 W, 0x0000000000000000
2026/08/27 10:33:53.074, 84 %, 20772 MiB, 62, P2, 1965 MHz, 9501 MHz, 225.58 W, 0x0000000000000000
2026/08/27 10:33:58.094, 82 %, 20772 MiB, 61, P2, 1965 MHz, 9501 MHz, 222.20 W, 0x0000000000000000
2026/08/27 10:34:03.115, 75 %, 20774 MiB, 63, P2, 1965 MHz, 9501 MHz, 232.99 W, 0x0000000000000000
2026/08/27 10:34:08.134, 78 %, 20780 MiB, 63, P2, 1950 MHz, 9501 MHz, 229.63 W, 0x0000000000000000
2026/08/27 10:34:13.153, 99 %, 20780 MiB, 63, P2, 1950 MHz, 9501 MHz, 204.41 W, 0x0000000000000000
2026/08/27 10:34:18.171, 80 %, 20780 MiB, 63, P2, 1950 MHz, 9501 MHz, 227.14 W, 0x0000000000000000
2026/08/27 10:34:23.191, 84 %, 20780 MiB, 63, P2, 1950 MHz, 9501 MHz, 228.11 W, 0x0000000000000000
2026/08/27 10:34:28.212, 82 %, 20780 MiB, 64, P2, 1950 MHz, 9501 MHz, 230.12 W, 0x0000000000000000
2026/08/27 10:34:33.232, 85 %, 20780 MiB, 63, P2, 1950 MHz, 9501 MHz, 224.17 W, 0x0000000000000004
2026/08/27 10:34:38.252, 39 %, 20780 MiB, 63, P2, 1950 MHz, 9501 MHz, 231.13 W, 0x0000000000000000
2026/08/27 10:34:43.273, 80 %, 20780 MiB, 63, P2, 1950 MHz, 9501 MHz, 227.70 W, 0x0000000000000000
2026/08/27 10:34:48.293, 83 %, 20780 MiB, 63, P2, 1950 MHz, 9501 MHz, 227.81 W, 0x0000000000000000
2026/08/27 10:34:53.311, 83 %, 20780 MiB, 64, P2, 1950 MHz, 9501 MHz, 221.46 W, 0x0000000000000000
2026/08/27 10:34:58.331, 83 %, 20780 MiB, 64, P2, 1950 MHz, 9501 MHz, 225.90 W, 0x0000000000000000
2026/08/27 10:35:03.349, 0 %, 82 MiB, 61, P0, 1950 MHz, 9751 MHz, 168.18 W, 0x0000000000000000
2026/08/27 10:35:08.367, 0 %, 20144 MiB, 59, P2, 1965 MHz, 9501 MHz, 130.28 W, 0x0000000000000000
2026/08/27 10:35:13.391, 100 %, 20144 MiB, 60, P2, 1965 MHz, 9501 MHz, 166.15 W, 0x0000000000000000
2026/08/27 10:35:18.417, 100 %, 20144 MiB, 60, P2, 1965 MHz, 9501 MHz, 165.42 W, 0x0000000000000000
2026/08/27 10:35:23.440, 78 %, 20816 MiB, 67, P2, 1950 MHz, 9501 MHz, 321.49 W, 0x0000000000000004
2026/08/27 10:35:28.460, 77 %, 20816 MiB, 68, P2, 1950 MHz, 9501 MHz, 330.09 W, 0x0000000000000004
2026/08/27 10:35:33.480, 79 %, 20820 MiB, 69, P2, 1935 MHz, 9501 MHz, 330.54 W, 0x0000000000000004
2026/08/27 10:35:38.501, 78 %, 20824 MiB, 70, P2, 1935 MHz, 9501 MHz, 274.34 W, 0x0000000000000004
2026/08/27 10:35:43.523, 71 %, 20824 MiB, 68, P2, 1920 MHz, 9501 MHz, 303.47 W, 0x0000000000000004
2026/08/27 10:35:48.544, 77 %, 20824 MiB, 72, P2, 1935 MHz, 9501 MHz, 338.57 W, 0x0000000000000004
2026/08/27 10:35:53.565, 0 %, 82 MiB, 66, P0, 1935 MHz, 9751 MHz, 174.40 W, 0x0000000000000000
2026/08/27 10:35:58.583, 100 %, 19044 MiB, 61, P2, 1695 MHz, 9501 MHz, 134.90 W, 0x0000000000000000
2026/08/27 10:36:03.607, 100 %, 19044 MiB, 62, P2, 1950 MHz, 9501 MHz, 171.04 W, 0x0000000000000000
2026/08/27 10:36:08.630, 100 %, 19044 MiB, 61, P2, 1950 MHz, 9501 MHz, 169.55 W, 0x0000000000000000
2026/08/27 10:36:13.653, 77 %, 22286 MiB, 66, P2, 1950 MHz, 9501 MHz, 296.09 W, 0x0000000000000004
2026/08/27 10:36:18.675, 77 %, 22292 MiB, 68, P2, 1935 MHz, 9501 MHz, 326.48 W, 0x0000000000000004
2026/08/27 10:36:23.695, 78 %, 22292 MiB, 68, P2, 1935 MHz, 9501 MHz, 331.07 W, 0x0000000000000004
2026/08/27 10:36:28.772, 0 %, 346 MiB, 61, P2, 1950 MHz, 9501 MHz, 140.63 W, 0x0000000000000000
2026/08/27 10:36:33.791, 100 %, 19044 MiB, 60, P2, 1950 MHz, 9501 MHz, 168.01 W, 0x0000000000000000
2026/08/27 10:36:38.816, 99 %, 19044 MiB, 59, P2, 1950 MHz, 9501 MHz, 155.97 W, 0x0000000000000000
2026/08/27 10:36:43.838, 78 %, 22286 MiB, 67, P2, 1950 MHz, 9501 MHz, 323.81 W, 0x0000000000000004
2026/08/27 10:36:48.859, 77 %, 22286 MiB, 68, P2, 1935 MHz, 9501 MHz, 333.17 W, 0x0000000000000004
2026/08/27 10:36:53.878, 74 %, 22292 MiB, 68, P2, 1935 MHz, 9501 MHz, 322.39 W, 0x0000000000000004
2026/08/27 10:36:58.899, 74 %, 22292 MiB, 69, P2, 1935 MHz, 9501 MHz, 328.35 W, 0x0000000000000004
2026/08/27 10:37:03.920, 76 %, 22292 MiB, 70, P2, 1935 MHz, 9501 MHz, 329.61 W, 0x0000000000000004
2026/08/27 10:37:08.941, 0 %, 82 MiB, 64, P0, 1935 MHz, 9751 MHz, 167.69 W, 0x0000000000000000
2026/08/27 10:37:13.959, 0 %, 346 MiB, 60, P2, 1695 MHz, 9501 MHz, 134.44 W, 0x0000000000000000
2026/08/27 10:37:18.978, 100 %, 18082 MiB, 61, P2, 1950 MHz, 9501 MHz, 168.66 W, 0x0000000000000000
2026/08/27 10:37:24.003, 100 %, 18082 MiB, 60, P2, 1950 MHz, 9501 MHz, 166.79 W, 0x0000000000000000
2026/08/27 10:37:29.025, 68 %, 21828 MiB, 65, P2, 1950 MHz, 9501 MHz, 271.10 W, 0x0000000000000000
2026/08/27 10:37:34.045, 67 %, 21834 MiB, 67, P2, 1950 MHz, 9501 MHz, 273.54 W, 0x0000000000000004
2026/08/27 10:37:39.065, 68 %, 21834 MiB, 65, P2, 1950 MHz, 9501 MHz, 260.10 W, 0x0000000000000004
2026/08/27 10:37:44.083, 0 %, 82 MiB, 62, P0, 1950 MHz, 9751 MHz, 169.72 W, 0x0000000000000000
2026/08/27 10:37:49.102, 26 %, 346 MiB, 59, P2, 1695 MHz, 9501 MHz, 146.62 W, 0x0000000000000000
2026/08/27 10:37:54.122, 99 %, 18082 MiB, 60, P2, 1950 MHz, 9501 MHz, 166.08 W, 0x0000000000000000
2026/08/27 10:37:59.147, 99 %, 18082 MiB, 60, P2, 1950 MHz, 9501 MHz, 166.05 W, 0x0000000000000000
2026/08/27 10:38:04.173, 71 %, 21828 MiB, 65, P2, 1950 MHz, 9501 MHz, 317.38 W, 0x0000000000000004
2026/08/27 10:38:09.195, 71 %, 21828 MiB, 67, P2, 1950 MHz, 9501 MHz, 278.26 W, 0x0000000000000000
2026/08/27 10:38:14.216, 100 %, 21834 MiB, 63, P2, 1800 MHz, 9501 MHz, 275.60 W, 0x0000000000000004
2026/08/27 10:38:19.241, 71 %, 21834 MiB, 67, P2, 1935 MHz, 9501 MHz, 316.79 W, 0x0000000000000000
2026/08/27 10:38:24.261, 75 %, 21834 MiB, 66, P2, 1935 MHz, 9501 MHz, 293.02 W, 0x0000000000000004
2026/08/27 10:38:29.283, 73 %, 21834 MiB, 70, P2, 1935 MHz, 9501 MHz, 324.89 W, 0x0000000000000004
2026/08/27 10:38:34.302, 0 %, 346 MiB, 60, P0, 870 MHz, 5001 MHz, 139.14 W, 0x0000000000000000
2026/08/27 10:38:39.550, 100 %, 17618 MiB, 62, P2, 1950 MHz, 9501 MHz, 167.73 W, 0x0000000000000000
2026/08/27 10:38:44.576, 100 %, 17618 MiB, 61, P2, 1950 MHz, 9501 MHz, 167.93 W, 0x0000000000000000
2026/08/27 10:38:49.599, 100 %, 20136 MiB, 60, P2, 1950 MHz, 9501 MHz, 168.30 W, 0x0000000000000000
2026/08/27 10:38:54.620, 72 %, 20280 MiB, 67, P2, 1950 MHz, 9501 MHz, 313.53 W, 0x0000000000000004
2026/08/27 10:38:59.639, 65 %, 20288 MiB, 66, P2, 1950 MHz, 9501 MHz, 241.96 W, 0x0000000000000000
2026/08/27 10:39:04.659, 58 %, 18778 MiB, 65, P2, 1935 MHz, 9501 MHz, 282.88 W, 0x0000000000000000
2026/08/27 10:39:09.676, 0 %, 346 MiB, 61, P2, 1950 MHz, 9501 MHz, 166.94 W, 0x0000000000000000
2026/08/27 10:39:14.695, 100 %, 17618 MiB, 60, P2, 1950 MHz, 9501 MHz, 166.20 W, 0x0000000000000000
2026/08/27 10:39:19.721, 100 %, 17618 MiB, 60, P2, 1950 MHz, 9501 MHz, 166.29 W, 0x0000000000000000
2026/08/27 10:39:24.744, 71 %, 20276 MiB, 65, P2, 1950 MHz, 9501 MHz, 304.72 W, 0x0000000000000004
2026/08/27 10:39:29.763, 69 %, 20276 MiB, 66, P2, 1950 MHz, 9501 MHz, 314.41 W, 0x0000000000000000
2026/08/27 10:39:34.785, 65 %, 20280 MiB, 67, P2, 1950 MHz, 9501 MHz, 312.22 W, 0x0000000000000000
2026/08/27 10:39:39.807, 67 %, 20288 MiB, 67, P2, 1950 MHz, 9501 MHz, 258.78 W, 0x0000000000000000
2026/08/27 10:39:44.829, 66 %, 20288 MiB, 68, P2, 1935 MHz, 9501 MHz, 294.87 W, 0x0000000000000000
2026/08/27 10:39:49.850, 72 %, 20288 MiB, 69, P2, 1935 MHz, 9501 MHz, 310.48 W, 0x0000000000000004
2026/08/27 10:39:54.872, 0 %, 346 MiB, 62, P2, 1950 MHz, 9501 MHz, 154.24 W, 0x0000000000000000
2026/08/27 10:39:59.894, 100 %, 19362 MiB, 61, P2, 1950 MHz, 9501 MHz, 168.07 W, 0x0000000000000000
2026/08/27 10:40:04.917, 99 %, 19362 MiB, 61, P2, 1950 MHz, 9501 MHz, 167.12 W, 0x0000000000000000
2026/08/27 10:40:09.941, 0 %, 20744 MiB, 60, P2, 1950 MHz, 9501 MHz, 167.49 W, 0x0000000000000000
2026/08/27 10:40:14.962, 72 %, 20770 MiB, 61, P2, 1950 MHz, 9501 MHz, 215.87 W, 0x0000000000000000
2026/08/27 10:40:19.985, 81 %, 20770 MiB, 63, P2, 1950 MHz, 9501 MHz, 224.27 W, 0x0000000000000000
2026/08/27 10:40:25.005, 83 %, 20770 MiB, 63, P2, 1950 MHz, 9501 MHz, 225.39 W, 0x0000000000000000
2026/08/27 10:40:30.023, 82 %, 20772 MiB, 63, P2, 1950 MHz, 9501 MHz, 226.28 W, 0x0000000000000000
2026/08/27 10:40:35.043, 85 %, 20778 MiB, 62, P2, 1950 MHz, 9501 MHz, 226.16 W, 0x0000000000000000
2026/08/27 10:40:40.063, 79 %, 20780 MiB, 63, P2, 1950 MHz, 9501 MHz, 231.67 W, 0x0000000000000000
2026/08/27 10:40:45.083, 81 %, 20780 MiB, 63, P2, 1950 MHz, 9501 MHz, 226.66 W, 0x0000000000000000
2026/08/27 10:40:50.105, 80 %, 20780 MiB, 63, P2, 1950 MHz, 9501 MHz, 225.98 W, 0x0000000000000000
2026/08/27 10:40:55.121, 81 %, 20780 MiB, 63, P2, 1950 MHz, 9501 MHz, 227.15 W, 0x0000000000000000
2026/08/27 10:41:00.140, 82 %, 20780 MiB, 63, P2, 1950 MHz, 9501 MHz, 226.32 W, 0x0000000000000000
2026/08/27 10:41:05.159, 85 %, 20780 MiB, 63, P2, 1950 MHz, 9501 MHz, 218.90 W, 0x0000000000000000
2026/08/27 10:41:10.178, 0 %, 346 MiB, 60, P2, 1950 MHz, 9501 MHz, 159.25 W, 0x0000000000000000
2026/08/27 10:41:15.199, 99 %, 19362 MiB, 60, P2, 1950 MHz, 9501 MHz, 164.74 W, 0x0000000000000000
2026/08/27 10:41:20.224, 100 %, 19362 MiB, 59, P2, 1950 MHz, 9501 MHz, 164.37 W, 0x0000000000000000
2026/08/27 10:41:25.248, 0 %, 20768 MiB, 59, P2, 1950 MHz, 9501 MHz, 165.14 W, 0x0000000000000000
2026/08/27 10:41:30.266, 83 %, 20770 MiB, 61, P2, 1950 MHz, 9501 MHz, 222.82 W, 0x0000000000000000
2026/08/27 10:41:35.286, 81 %, 20772 MiB, 62, P2, 1950 MHz, 9501 MHz, 221.81 W, 0x0000000000000000
2026/08/27 10:41:40.305, 82 %, 20772 MiB, 62, P2, 1950 MHz, 9501 MHz, 217.16 W, 0x0000000000000000
2026/08/27 10:41:45.324, 84 %, 20772 MiB, 62, P2, 1950 MHz, 9501 MHz, 226.98 W, 0x0000000000000000
2026/08/27 10:41:50.345, 85 %, 20772 MiB, 62, P2, 1950 MHz, 9501 MHz, 224.26 W, 0x0000000000000000
2026/08/27 10:41:55.366, 81 %, 20772 MiB, 63, P2, 1950 MHz, 9501 MHz, 224.19 W, 0x0000000000000000
2026/08/27 10:42:00.388, 31 %, 20772 MiB, 63, P2, 1950 MHz, 9501 MHz, 212.92 W, 0x0000000000000000
2026/08/27 10:42:05.409, 85 %, 20774 MiB, 63, P2, 1950 MHz, 9501 MHz, 233.43 W, 0x0000000000000000
2026/08/27 10:42:10.428, 83 %, 20780 MiB, 63, P2, 1950 MHz, 9501 MHz, 228.49 W, 0x0000000000000000
2026/08/27 10:42:15.449, 84 %, 20780 MiB, 63, P2, 1950 MHz, 9501 MHz, 226.04 W, 0x0000000000000000
2026/08/27 10:42:20.471, 85 %, 20780 MiB, 63, P2, 1950 MHz, 9501 MHz, 227.10 W, 0x0000000000000000
2026/08/27 10:42:25.492, 81 %, 20780 MiB, 63, P2, 1950 MHz, 9501 MHz, 229.01 W, 0x0000000000000000
2026/08/27 10:42:30.513, 84 %, 20780 MiB, 64, P2, 1950 MHz, 9501 MHz, 230.27 W, 0x0000000000000000
2026/08/27 10:42:35.535, 78 %, 20780 MiB, 64, P2, 1950 MHz, 9501 MHz, 218.98 W, 0x0000000000000000
2026/08/27 10:42:40.554, 85 %, 20780 MiB, 62, P2, 1950 MHz, 9501 MHz, 223.03 W, 0x0000000000000000
2026/08/27 10:42:45.575, 82 %, 20780 MiB, 64, P2, 1950 MHz, 9501 MHz, 228.19 W, 0x0000000000000000
2026/08/27 10:42:50.594, 82 %, 20780 MiB, 64, P2, 1950 MHz, 9501 MHz, 227.36 W, 0x0000000000000000
2026/08/27 10:42:55.614, 84 %, 20780 MiB, 64, P2, 1950 MHz, 9501 MHz, 227.21 W, 0x0000000000000000
2026/08/27 10:43:00.635, 82 %, 20780 MiB, 64, P2, 1950 MHz, 9501 MHz, 226.78 W, 0x0000000000000000
2026/08/27 10:43:05.657, 0 %, 82 MiB, 62, P0, 1950 MHz, 9751 MHz, 168.03 W, 0x0000000000000000
2026/08/27 10:43:10.677, 100 %, 20144 MiB, 60, P2, 1950 MHz, 9501 MHz, 146.48 W, 0x0000000000000000
2026/08/27 10:43:15.702, 99 %, 20144 MiB, 60, P2, 1950 MHz, 9501 MHz, 165.75 W, 0x0000000000000000
2026/08/27 10:43:20.724, 99 %, 20144 MiB, 60, P2, 1950 MHz, 9501 MHz, 164.54 W, 0x0000000000000000
2026/08/27 10:43:25.748, 75 %, 20816 MiB, 66, P2, 1950 MHz, 9501 MHz, 288.19 W, 0x0000000000000000
2026/08/27 10:43:30.766, 79 %, 20824 MiB, 68, P2, 1935 MHz, 9501 MHz, 327.17 W, 0x0000000000000004
2026/08/27 10:43:35.785, 78 %, 20824 MiB, 68, P2, 1935 MHz, 9501 MHz, 314.88 W, 0x0000000000000004
2026/08/27 10:43:40.806, 0 %, 346 MiB, 60, P2, 1695 MHz, 9751 MHz, 142.90 W, 0x0000000000000000
2026/08/27 10:43:45.826, 99 %, 19044 MiB, 61, P2, 1950 MHz, 9501 MHz, 164.71 W, 0x0000000000000000
2026/08/27 10:43:50.849, 100 %, 19044 MiB, 60, P2, 1950 MHz, 9501 MHz, 165.96 W, 0x0000000000000000
2026/08/27 10:43:55.877, 100 %, 20188 MiB, 60, P2, 1950 MHz, 9501 MHz, 165.73 W, 0x0000000000000000
2026/08/27 10:44:00.897, 76 %, 22286 MiB, 67, P2, 1950 MHz, 9501 MHz, 329.21 W, 0x0000000000000004
2026/08/27 10:44:05.918, 60 %, 22292 MiB, 67, P2, 1950 MHz, 9501 MHz, 261.45 W, 0x0000000000000004
2026/08/27 10:44:10.941, 78 %, 22292 MiB, 65, P2, 1935 MHz, 9501 MHz, 301.06 W, 0x0000000000000004
2026/08/27 10:44:15.962, 0 %, 346 MiB, 61, P2, 1950 MHz, 9501 MHz, 166.62 W, 0x0000000000000000
2026/08/27 10:44:20.984, 100 %, 19044 MiB, 60, P2, 1950 MHz, 9501 MHz, 166.45 W, 0x0000000000000000
2026/08/27 10:44:26.009, 100 %, 19044 MiB, 60, P2, 1950 MHz, 9501 MHz, 165.45 W, 0x0000000000000000
2026/08/27 10:44:31.034, 62 %, 22286 MiB, 63, P2, 1950 MHz, 9501 MHz, 191.91 W, 0x0000000000000004
2026/08/27 10:44:36.057, 75 %, 22286 MiB, 67, P2, 1950 MHz, 9501 MHz, 306.25 W, 0x0000000000000004
2026/08/27 10:44:41.078, 78 %, 22288 MiB, 68, P2, 1935 MHz, 9501 MHz, 288.97 W, 0x0000000000000004
2026/08/27 10:44:46.099, 74 %, 22292 MiB, 69, P2, 1935 MHz, 9501 MHz, 280.61 W, 0x0000000000000004
2026/08/27 10:44:51.119, 78 %, 22292 MiB, 70, P2, 1935 MHz, 9501 MHz, 332.16 W, 0x0000000000000004
2026/08/27 10:44:56.141, 77 %, 22292 MiB, 71, P2, 1935 MHz, 9501 MHz, 331.76 W, 0x0000000000000004
2026/08/27 10:45:01.161, 0 %, 346 MiB, 63, P2, 1950 MHz, 9501 MHz, 151.26 W, 0x0000000000000000
2026/08/27 10:45:06.183, 99 %, 18082 MiB, 62, P2, 1950 MHz, 9501 MHz, 167.92 W, 0x0000000000000000
2026/08/27 10:45:11.205, 100 %, 18082 MiB, 60, P2, 1950 MHz, 9501 MHz, 157.21 W, 0x0000000000000000
2026/08/27 10:45:16.227, 69 %, 21828 MiB, 67, P2, 1935 MHz, 9501 MHz, 315.24 W, 0x0000000000000000
2026/08/27 10:45:21.248, 67 %, 21834 MiB, 65, P2, 1935 MHz, 9501 MHz, 293.37 W, 0x0000000000000000
2026/08/27 10:45:26.269, 70 %, 21834 MiB, 68, P2, 1935 MHz, 9501 MHz, 315.27 W, 0x0000000000000000
2026/08/27 10:45:31.288, 0 %, 152 MiB, 62, P3, 405 MHz, 5001 MHz, 161.85 W, 0x0000000000000001
2026/08/27 10:45:36.311, 99 %, 18082 MiB, 60, P2, 1950 MHz, 9501 MHz, 155.09 W, 0x0000000000000000
2026/08/27 10:45:41.331, 99 %, 20636 MiB, 60, P2, 1950 MHz, 9501 MHz, 157.27 W, 0x0000000000000000
2026/08/27 10:45:46.352, 72 %, 21828 MiB, 66, P2, 1950 MHz, 9501 MHz, 316.03 W, 0x0000000000000000
2026/08/27 10:45:51.372, 72 %, 21828 MiB, 68, P2, 1935 MHz, 9501 MHz, 314.08 W, 0x0000000000000000
2026/08/27 10:45:56.392, 70 %, 21834 MiB, 67, P2, 1935 MHz, 9501 MHz, 292.99 W, 0x0000000000000000
2026/08/27 10:46:01.413, 66 %, 21834 MiB, 69, P2, 1935 MHz, 9501 MHz, 302.20 W, 0x0000000000000000
2026/08/27 10:46:06.432, 74 %, 21834 MiB, 69, P2, 1935 MHz, 9501 MHz, 317.71 W, 0x0000000000000000
2026/08/27 10:46:11.455, 72 %, 414 MiB, 71, P2, 1935 MHz, 9501 MHz, 323.93 W, 0x0000000000000004
2026/08/27 10:46:16.474, 0 %, 346 MiB, 62, P2, 1950 MHz, 9501 MHz, 168.75 W, 0x0000000000000000
2026/08/27 10:46:21.492, 100 %, 17618 MiB, 61, P2, 1950 MHz, 9501 MHz, 158.43 W, 0x0000000000000000
2026/08/27 10:46:26.513, 66 %, 20276 MiB, 62, P2, 1950 MHz, 9501 MHz, 247.48 W, 0x0000000000000000
2026/08/27 10:46:31.533, 99 %, 20288 MiB, 64, P2, 1935 MHz, 9501 MHz, 195.59 W, 0x0000000000000000
2026/08/27 10:46:36.552, 69 %, 20288 MiB, 65, P2, 1935 MHz, 9501 MHz, 273.92 W, 0x0000000000000004
2026/08/27 10:46:41.573, 0 %, 82 MiB, 62, P0, 1935 MHz, 9751 MHz, 163.46 W, 0x0000000000000000
2026/08/27 10:46:46.595, 0 %, 17618 MiB, 59, P2, 1695 MHz, 9501 MHz, 131.85 W, 0x0000000000000000
2026/08/27 10:46:51.619, 100 %, 17618 MiB, 60, P2, 1950 MHz, 9501 MHz, 162.87 W, 0x0000000000000000
2026/08/27 10:46:56.644, 66 %, 20276 MiB, 63, P2, 1950 MHz, 9501 MHz, 185.17 W, 0x0000000000000004
2026/08/27 10:47:01.664, 70 %, 20276 MiB, 67, P2, 1950 MHz, 9501 MHz, 286.80 W, 0x0000000000000000
2026/08/27 10:47:06.687, 70 %, 20280 MiB, 67, P2, 1935 MHz, 9501 MHz, 281.18 W, 0x0000000000000000
2026/08/27 10:47:11.707, 88 %, 20288 MiB, 63, P2, 1935 MHz, 9501 MHz, 235.62 W, 0x0000000000000000
2026/08/27 10:47:16.728, 67 %, 20288 MiB, 67, P2, 1935 MHz, 9501 MHz, 282.01 W, 0x0000000000000004
2026/08/27 10:47:21.747, 72 %, 20288 MiB, 69, P2, 1935 MHz, 9501 MHz, 284.64 W, 0x0000000000000000
2026/08/27 10:47:26.877, 0 %, 346 MiB, 60, P0, 1695 MHz, 9751 MHz, 140.57 W, 0x0000000000000000
2026/08/27 10:47:31.896, 100 %, 19362 MiB, 61, P2, 1950 MHz, 9501 MHz, 167.23 W, 0x0000000000000000
2026/08/27 10:47:36.922, 100 %, 19362 MiB, 61, P2, 1950 MHz, 9501 MHz, 166.24 W, 0x0000000000000000
2026/08/27 10:47:41.948, 100 %, 20502 MiB, 60, P2, 1950 MHz, 9501 MHz, 165.25 W, 0x0000000000000000
2026/08/27 10:47:46.975, 80 %, 20770 MiB, 62, P2, 1950 MHz, 9501 MHz, 220.36 W, 0x0000000000000000
2026/08/27 10:47:51.996, 82 %, 20770 MiB, 62, P2, 1950 MHz, 9501 MHz, 213.01 W, 0x0000000000000000
2026/08/27 10:47:57.017, 84 %, 20770 MiB, 62, P2, 1950 MHz, 9501 MHz, 225.12 W, 0x0000000000000000
2026/08/27 10:48:02.034, 80 %, 20772 MiB, 62, P2, 1950 MHz, 9501 MHz, 224.55 W, 0x0000000000000000
2026/08/27 10:48:07.052, 83 %, 20778 MiB, 63, P2, 1950 MHz, 9501 MHz, 204.59 W, 0x0000000000000000
2026/08/27 10:48:12.073, 84 %, 20780 MiB, 63, P2, 1950 MHz, 9501 MHz, 230.58 W, 0x0000000000000000
2026/08/27 10:48:17.095, 85 %, 20780 MiB, 63, P2, 1950 MHz, 9501 MHz, 228.46 W, 0x0000000000000000
2026/08/27 10:48:22.117, 82 %, 20780 MiB, 63, P2, 1950 MHz, 9501 MHz, 223.65 W, 0x0000000000000000
2026/08/27 10:48:27.136, 83 %, 20780 MiB, 63, P2, 1950 MHz, 9501 MHz, 224.88 W, 0x0000000000000000
2026/08/27 10:48:32.156, 85 %, 20780 MiB, 63, P2, 1950 MHz, 9501 MHz, 225.74 W, 0x0000000000000000
2026/08/27 10:48:37.176, 60 %, 20780 MiB, 62, P2, 1950 MHz, 9501 MHz, 218.08 W, 0x0000000000000000
2026/08/27 10:48:42.198, 0 %, 346 MiB, 59, P2, 1950 MHz, 9501 MHz, 142.26 W, 0x0000000000000000
2026/08/27 10:48:47.220, 100 %, 19362 MiB, 59, P2, 1950 MHz, 9501 MHz, 163.58 W, 0x0000000000000000
2026/08/27 10:48:52.242, 100 %, 19362 MiB, 59, P2, 1950 MHz, 9501 MHz, 162.48 W, 0x0000000000000000
2026/08/27 10:48:57.265, 100 %, 20742 MiB, 59, P2, 1950 MHz, 9501 MHz, 163.85 W, 0x0000000000000000
2026/08/27 10:49:02.281, 80 %, 20768 MiB, 61, P2, 1950 MHz, 9501 MHz, 220.69 W, 0x0000000000000000
2026/08/27 10:49:07.299, 80 %, 20772 MiB, 62, P2, 1950 MHz, 9501 MHz, 221.08 W, 0x0000000000000000
2026/08/27 10:49:12.319, 84 %, 20772 MiB, 61, P2, 1950 MHz, 9501 MHz, 213.34 W, 0x0000000000000000
2026/08/27 10:49:17.340, 83 %, 20772 MiB, 61, P2, 1950 MHz, 9501 MHz, 221.45 W, 0x0000000000000000
2026/08/27 10:49:22.360, 81 %, 20772 MiB, 62, P2, 1950 MHz, 9501 MHz, 221.46 W, 0x0000000000000000
2026/08/27 10:49:27.380, 79 %, 20772 MiB, 62, P2, 1950 MHz, 9501 MHz, 219.23 W, 0x0000000000000000
2026/08/27 10:49:32.398, 84 %, 20772 MiB, 62, P2, 1950 MHz, 9501 MHz, 224.46 W, 0x0000000000000000
2026/08/27 10:49:37.417, 78 %, 20774 MiB, 63, P2, 1950 MHz, 9501 MHz, 227.65 W, 0x0000000000000000
2026/08/27 10:49:42.438, 83 %, 20780 MiB, 63, P2, 1950 MHz, 9501 MHz, 228.31 W, 0x0000000000000000
2026/08/27 10:49:47.460, 83 %, 20780 MiB, 63, P2, 1950 MHz, 9501 MHz, 212.50 W, 0x0000000000000000
2026/08/27 10:49:52.479, 85 %, 20780 MiB, 63, P2, 1950 MHz, 9501 MHz, 224.63 W, 0x0000000000000000
2026/08/27 10:49:57.498, 84 %, 20780 MiB, 62, P2, 1950 MHz, 9501 MHz, 224.20 W, 0x0000000000000000
2026/08/27 10:50:02.518, 83 %, 20780 MiB, 63, P2, 1950 MHz, 9501 MHz, 225.92 W, 0x0000000000000000
2026/08/27 10:50:07.538, 48 %, 20780 MiB, 63, P2, 1950 MHz, 9501 MHz, 217.15 W, 0x0000000000000000
2026/08/27 10:50:12.556, 80 %, 20780 MiB, 63, P2, 1950 MHz, 9501 MHz, 229.93 W, 0x0000000000000000
2026/08/27 10:50:17.575, 79 %, 20780 MiB, 63, P2, 1950 MHz, 9501 MHz, 223.65 W, 0x0000000000000000
2026/08/27 10:50:22.595, 84 %, 20780 MiB, 64, P2, 1950 MHz, 9501 MHz, 223.21 W, 0x0000000000000000
2026/08/27 10:50:27.613, 81 %, 20780 MiB, 63, P2, 1950 MHz, 9501 MHz, 216.93 W, 0x0000000000000000
2026/08/27 10:50:32.633, 82 %, 20780 MiB, 63, P2, 1950 MHz, 9501 MHz, 222.54 W, 0x0000000000000000
2026/08/27 10:50:37.651, 0 %, 82 MiB, 61, P0, 1950 MHz, 9751 MHz, 157.73 W, 0x0000000000000000
2026/08/27 10:50:42.670, 0 %, 20144 MiB, 59, P2, 1950 MHz, 9501 MHz, 129.82 W, 0x0000000000000000
2026/08/27 10:50:47.695, 100 %, 20144 MiB, 60, P2, 1950 MHz, 9501 MHz, 163.86 W, 0x0000000000000000
2026/08/27 10:50:52.719, 100 %, 20144 MiB, 59, P2, 1950 MHz, 9501 MHz, 163.24 W, 0x0000000000000000
2026/08/27 10:50:57.740, 76 %, 20816 MiB, 65, P2, 1950 MHz, 9501 MHz, 288.08 W, 0x0000000000000000
2026/08/27 10:51:02.758, 79 %, 20824 MiB, 67, P2, 1935 MHz, 9501 MHz, 327.79 W, 0x0000000000000000
2026/08/27 10:51:07.776, 71 %, 20824 MiB, 68, P2, 1935 MHz, 9501 MHz, 293.96 W, 0x0000000000000000
2026/08/27 10:51:12.954, 0 %, 99 MiB, 59, P0, 435 MHz, 5001 MHz, 138.57 W, 0x0000000000000000
2026/08/27 10:51:17.975, 100 %, 20144 MiB, 61, P2, 1950 MHz, 9501 MHz, 164.07 W, 0x0000000000000000
2026/08/27 10:51:22.999, 99 %, 20144 MiB, 60, P2, 1950 MHz, 9501 MHz, 163.59 W, 0x0000000000000000
2026/08/27 10:51:28.024, 76 %, 20816 MiB, 66, P2, 1935 MHz, 9501 MHz, 320.36 W, 0x0000000000000000
2026/08/27 10:51:33.044, 77 %, 20816 MiB, 68, P2, 1935 MHz, 9501 MHz, 306.26 W, 0x0000000000000000
2026/08/27 10:51:38.062, 77 %, 20820 MiB, 68, P2, 1935 MHz, 9501 MHz, 287.75 W, 0x0000000000000000
2026/08/27 10:51:43.081, 78 %, 20824 MiB, 70, P2, 1935 MHz, 9501 MHz, 331.13 W, 0x0000000000000000
2026/08/27 10:51:48.101, 78 %, 20824 MiB, 71, P2, 1935 MHz, 9501 MHz, 334.28 W, 0x0000000000000000
2026/08/27 10:51:53.121, 76 %, 20824 MiB, 72, P2, 1935 MHz, 9501 MHz, 297.35 W, 0x0000000000000000
2026/08/27 10:51:58.144, 96 %, 82 MiB, 68, P2, 1935 MHz, 9501 MHz, 299.84 W, 0x0000000000000000
2026/08/27 10:52:03.165, 0 %, 346 MiB, 62, P2, 1695 MHz, 9501 MHz, 163.99 W, 0x0000000000000000
2026/08/27 10:52:08.186, 100 %, 19044 MiB, 62, P2, 1935 MHz, 9501 MHz, 168.78 W, 0x0000000000000000
2026/08/27 10:52:13.214, 100 %, 19044 MiB, 61, P2, 1935 MHz, 9501 MHz, 168.68 W, 0x0000000000000000
2026/08/27 10:52:18.237, 81 %, 22286 MiB, 67, P2, 1935 MHz, 9501 MHz, 326.70 W, 0x0000000000000004
2026/08/27 10:52:23.257, 76 %, 22286 MiB, 66, P2, 1935 MHz, 9501 MHz, 282.50 W, 0x0000000000000000
2026/08/27 10:52:28.277, 78 %, 22288 MiB, 69, P2, 1935 MHz, 9501 MHz, 318.19 W, 0x0000000000000004
2026/08/27 10:52:33.298, 79 %, 22292 MiB, 69, P2, 1935 MHz, 9501 MHz, 319.72 W, 0x0000000000000004
2026/08/27 10:52:38.318, 78 %, 22292 MiB, 70, P2, 1935 MHz, 9501 MHz, 321.99 W, 0x0000000000000000
2026/08/27 10:52:43.338, 79 %, 22292 MiB, 70, P2, 1920 MHz, 9501 MHz, 318.83 W, 0x0000000000000004
2026/08/27 10:52:48.360, 0 %, 1604 MiB, 63, P2, 1935 MHz, 9501 MHz, 151.97 W, 0x0000000000000000
2026/08/27 10:52:53.383, 100 %, 18082 MiB, 62, P2, 1935 MHz, 9501 MHz, 168.07 W, 0x0000000000000000
2026/08/27 10:52:58.406, 99 %, 18082 MiB, 61, P2, 1935 MHz, 9501 MHz, 165.97 W, 0x0000000000000000
2026/08/27 10:53:03.431, 67 %, 21828 MiB, 64, P2, 1935 MHz, 9501 MHz, 193.01 W, 0x0000000000000000
2026/08/27 10:53:08.450, 73 %, 21830 MiB, 67, P2, 1935 MHz, 9501 MHz, 314.97 W, 0x0000000000000000
2026/08/27 10:53:13.468, 69 %, 21834 MiB, 67, P2, 1935 MHz, 9501 MHz, 301.48 W, 0x0000000000000000
2026/08/27 10:53:18.488, 69 %, 21834 MiB, 68, P2, 1935 MHz, 9501 MHz, 315.21 W, 0x0000000000000000
2026/08/27 10:53:23.510, 0 %, 346 MiB, 61, P2, 1950 MHz, 9501 MHz, 162.10 W, 0x0000000000000000
2026/08/27 10:53:28.529, 100 %, 18082 MiB, 60, P2, 1950 MHz, 9501 MHz, 166.90 W, 0x0000000000000000
2026/08/27 10:53:33.555, 100 %, 18082 MiB, 60, P2, 1950 MHz, 9501 MHz, 164.81 W, 0x0000000000000000
2026/08/27 10:53:38.580, 74 %, 21828 MiB, 64, P2, 1950 MHz, 9501 MHz, 273.56 W, 0x0000000000000000
2026/08/27 10:53:43.601, 75 %, 21828 MiB, 67, P2, 1950 MHz, 9501 MHz, 315.69 W, 0x0000000000000000
2026/08/27 10:53:48.620, 72 %, 21830 MiB, 66, P2, 1950 MHz, 9501 MHz, 270.21 W, 0x0000000000000000
2026/08/27 10:53:53.641, 68 %, 21834 MiB, 66, P2, 1950 MHz, 9501 MHz, 217.93 W, 0x0000000000000000
2026/08/27 10:53:58.663, 73 %, 21834 MiB, 67, P2, 1950 MHz, 9501 MHz, 283.22 W, 0x0000000000000000
2026/08/27 10:54:03.683, 58 %, 21834 MiB, 66, P2, 1935 MHz, 9501 MHz, 295.65 W, 0x0000000000000000
2026/08/27 10:54:08.703, 0 %, 82 MiB, 64, P0, 1935 MHz, 9751 MHz, 176.24 W, 0x0000000000000000
2026/08/27 10:54:13.724, 0 %, 17618 MiB, 60, P2, 1695 MHz, 9501 MHz, 133.38 W, 0x0000000000000000
2026/08/27 10:54:18.748, 100 %, 17618 MiB, 61, P2, 1950 MHz, 9501 MHz, 169.08 W, 0x0000000000000000
2026/08/27 10:54:23.774, 100 %, 17618 MiB, 61, P2, 1950 MHz, 9501 MHz, 167.87 W, 0x0000000000000000
2026/08/27 10:54:28.797, 66 %, 20276 MiB, 65, P2, 1950 MHz, 9501 MHz, 276.74 W, 0x0000000000000000
2026/08/27 10:54:33.817, 69 %, 20288 MiB, 67, P2, 1950 MHz, 9501 MHz, 310.08 W, 0x0000000000000000
2026/08/27 10:54:38.838, 65 %, 20288 MiB, 67, P2, 1950 MHz, 9501 MHz, 300.42 W, 0x0000000000000000
2026/08/27 10:54:43.858, 0 %, 346 MiB, 59, P0, 510 MHz, 5001 MHz, 139.69 W, 0x0000000000000024
2026/08/27 10:54:48.878, 100 %, 17618 MiB, 60, P2, 1950 MHz, 9501 MHz, 165.08 W, 0x0000000000000000
2026/08/27 10:54:53.903, 100 %, 17618 MiB, 60, P2, 1950 MHz, 9501 MHz, 165.47 W, 0x0000000000000000
2026/08/27 10:54:58.926, 0 %, 20276 MiB, 60, P2, 1950 MHz, 9501 MHz, 164.72 W, 0x0000000000000000
2026/08/27 10:55:03.946, 66 %, 20276 MiB, 64, P2, 1950 MHz, 9501 MHz, 286.74 W, 0x0000000000000000
2026/08/27 10:55:08.967, 53 %, 20280 MiB, 63, P2, 1950 MHz, 9501 MHz, 280.97 W, 0x0000000000000000
2026/08/27 10:55:13.988, 67 %, 20288 MiB, 67, P2, 1950 MHz, 9501 MHz, 311.82 W, 0x0000000000000000
2026/08/27 10:55:19.008, 71 %, 20288 MiB, 68, P2, 1950 MHz, 9501 MHz, 317.10 W, 0x0000000000000000
2026/08/27 10:55:24.026, 68 %, 20288 MiB, 69, P2, 1950 MHz, 9501 MHz, 320.01 W, 0x0000000000000000
2026/08/27 10:55:29.332, 0 %, 99 MiB, 60, P0, 390 MHz, 5001 MHz, 149.45 W, 0x0000000000000004
2026/08/27 10:55:34.355, 100 %, 19362 MiB, 62, P2, 1950 MHz, 9501 MHz, 169.54 W, 0x0000000000000000
2026/08/27 10:55:39.378, 99 %, 19362 MiB, 61, P2, 1950 MHz, 9501 MHz, 168.48 W, 0x0000000000000000
2026/08/27 10:55:44.403, 100 %, 19362 MiB, 60, P2, 1950 MHz, 9501 MHz, 167.23 W, 0x0000000000000000
2026/08/27 10:55:49.427, 84 %, 20770 MiB, 62, P2, 1950 MHz, 9501 MHz, 223.85 W, 0x0000000000000000
2026/08/27 10:55:54.447, 81 %, 20770 MiB, 62, P2, 1950 MHz, 9501 MHz, 213.56 W, 0x0000000000000000
2026/08/27 10:55:59.468, 81 %, 20770 MiB, 63, P2, 1950 MHz, 9501 MHz, 228.24 W, 0x0000000000000000
2026/08/27 10:56:04.485, 83 %, 20772 MiB, 63, P2, 1950 MHz, 9501 MHz, 228.93 W, 0x0000000000000000
2026/08/27 10:56:09.506, 70 %, 20778 MiB, 63, P2, 1950 MHz, 9501 MHz, 203.82 W, 0x0000000000000000
2026/08/27 10:56:14.524, 85 %, 20780 MiB, 64, P2, 1950 MHz, 9501 MHz, 234.28 W, 0x0000000000000000
2026/08/27 10:56:19.544, 85 %, 20780 MiB, 63, P2, 1950 MHz, 9501 MHz, 230.92 W, 0x0000000000000000
2026/08/27 10:56:24.563, 83 %, 20780 MiB, 63, P2, 1950 MHz, 9501 MHz, 214.37 W, 0x0000000000000000
2026/08/27 10:56:29.585, 81 %, 20780 MiB, 63, P2, 1950 MHz, 9501 MHz, 228.97 W, 0x0000000000000000
2026/08/27 10:56:34.606, 84 %, 20780 MiB, 63, P2, 1950 MHz, 9501 MHz, 226.41 W, 0x0000000000000000
2026/08/27 10:56:39.625, 85 %, 20780 MiB, 63, P2, 1950 MHz, 9501 MHz, 226.74 W, 0x0000000000000000
2026/08/27 10:56:44.646, 0 %, 346 MiB, 60, P2, 1965 MHz, 9501 MHz, 141.01 W, 0x0000000000000000
2026/08/27 10:56:49.665, 99 %, 19362 MiB, 60, P2, 1965 MHz, 9501 MHz, 166.53 W, 0x0000000000000000
2026/08/27 10:56:54.689, 100 %, 19362 MiB, 59, P2, 1965 MHz, 9501 MHz, 165.98 W, 0x0000000000000000
2026/08/27 10:56:59.712, 100 %, 20502 MiB, 59, P2, 1965 MHz, 9501 MHz, 166.81 W, 0x0000000000000000
2026/08/27 10:57:04.737, 81 %, 20768 MiB, 61, P2, 1965 MHz, 9501 MHz, 226.80 W, 0x0000000000000000
2026/08/27 10:57:09.757, 83 %, 20772 MiB, 62, P2, 1965 MHz, 9501 MHz, 222.89 W, 0x0000000000000000
2026/08/27 10:57:14.778, 84 %, 20772 MiB, 62, P2, 1965 MHz, 9501 MHz, 215.18 W, 0x0000000000000000
2026/08/27 10:57:19.799, 83 %, 20772 MiB, 62, P2, 1965 MHz, 9501 MHz, 225.05 W, 0x0000000000000000
2026/08/27 10:57:24.819, 81 %, 20772 MiB, 62, P2, 1965 MHz, 9501 MHz, 224.17 W, 0x0000000000000000
2026/08/27 10:57:29.838, 80 %, 20772 MiB, 62, P2, 1965 MHz, 9501 MHz, 223.56 W, 0x0000000000000000
2026/08/27 10:57:34.859, 80 %, 20772 MiB, 62, P2, 1965 MHz, 9501 MHz, 228.36 W, 0x0000000000000000
2026/08/27 10:57:39.881, 82 %, 20774 MiB, 63, P2, 1950 MHz, 9501 MHz, 229.48 W, 0x0000000000000004
2026/08/27 10:57:44.902, 85 %, 20780 MiB, 63, P2, 1950 MHz, 9501 MHz, 228.01 W, 0x0000000000000000
2026/08/27 10:57:49.922, 83 %, 20780 MiB, 61, P2, 1890 MHz, 9501 MHz, 222.31 W, 0x0000000000000004
2026/08/27 10:57:54.941, 83 %, 20780 MiB, 63, P2, 1950 MHz, 9501 MHz, 226.86 W, 0x0000000000000000
2026/08/27 10:57:59.959, 81 %, 20780 MiB, 63, P2, 1950 MHz, 9501 MHz, 230.92 W, 0x0000000000000000
2026/08/27 10:58:04.979, 86 %, 20780 MiB, 63, P2, 1950 MHz, 9501 MHz, 229.96 W, 0x0000000000000000
2026/08/27 10:58:09.997, 84 %, 20780 MiB, 64, P2, 1950 MHz, 9501 MHz, 227.14 W, 0x0000000000000000
2026/08/27 10:58:15.017, 86 %, 20780 MiB, 64, P2, 1950 MHz, 9501 MHz, 235.75 W, 0x0000000000000000
2026/08/27 10:58:20.038, 80 %, 20780 MiB, 64, P2, 1950 MHz, 9501 MHz, 225.86 W, 0x0000000000000000
2026/08/27 10:58:25.059, 84 %, 20780 MiB, 64, P2, 1950 MHz, 9501 MHz, 226.30 W, 0x0000000000000000
2026/08/27 10:58:30.080, 75 %, 20780 MiB, 63, P2, 1950 MHz, 9501 MHz, 217.49 W, 0x0000000000000004
2026/08/27 10:58:35.100, 84 %, 20780 MiB, 63, P2, 1950 MHz, 9501 MHz, 225.53 W, 0x0000000000000000
2026/08/27 10:58:40.121, 0 %, 82 MiB, 62, P0, 1950 MHz, 9751 MHz, 174.92 W, 0x0000000000000000
2026/08/27 10:58:45.137, 0 %, 346 MiB, 59, P2, 1695 MHz, 9501 MHz, 144.60 W, 0x0000000000000000
2026/08/27 10:58:50.158, 99 %, 20144 MiB, 60, P2, 1965 MHz, 9501 MHz, 166.37 W, 0x0000000000000000
2026/08/27 10:58:55.184, 99 %, 20144 MiB, 60, P2, 1965 MHz, 9501 MHz, 165.94 W, 0x0000000000000000
2026/08/27 10:59:00.210, 76 %, 20816 MiB, 66, P2, 1950 MHz, 9501 MHz, 293.58 W, 0x0000000000000004
2026/08/27 10:59:05.231, 77 %, 20824 MiB, 67, P2, 1950 MHz, 9501 MHz, 324.70 W, 0x0000000000000004
2026/08/27 10:59:10.253, 62 %, 20824 MiB, 65, P2, 1935 MHz, 9501 MHz, 271.26 W, 0x0000000000000004
2026/08/27 10:59:15.272, 0 %, 82 MiB, 63, P0, 1950 MHz, 9751 MHz, 169.56 W, 0x0000000000000000
2026/08/27 10:59:20.290, 100 %, 20144 MiB, 61, P2, 1950 MHz, 9501 MHz, 147.12 W, 0x0000000000000000
2026/08/27 10:59:25.314, 100 %, 20144 MiB, 61, P2, 1950 MHz, 9501 MHz, 166.86 W, 0x0000000000000000
2026/08/27 10:59:30.342, 100 %, 20144 MiB, 60, P2, 1950 MHz, 9501 MHz, 166.01 W, 0x0000000000000000
2026/08/27 10:59:35.365, 78 %, 20816 MiB, 66, P2, 1950 MHz, 9501 MHz, 295.64 W, 0x0000000000000000
2026/08/27 10:59:40.384, 76 %, 20816 MiB, 68, P2, 1935 MHz, 9501 MHz, 327.11 W, 0x0000000000000004
2026/08/27 10:59:45.401, 77 %, 20820 MiB, 69, P2, 1935 MHz, 9501 MHz, 331.11 W, 0x0000000000000004
2026/08/27 10:59:50.422, 77 %, 20824 MiB, 70, P2, 1935 MHz, 9501 MHz, 284.52 W, 0x0000000000000004
2026/08/27 10:59:55.441, 78 %, 20824 MiB, 69, P2, 1860 MHz, 9501 MHz, 301.91 W, 0x0000000000000004
2026/08/27 11:00:00.460, 78 %, 20824 MiB, 72, P2, 1935 MHz, 9501 MHz, 335.44 W, 0x0000000000000004
2026/08/27 11:00:05.478, 0 %, 82 MiB, 65, P0, 1935 MHz, 9751 MHz, 165.79 W, 0x0000000000000000
2026/08/27 11:00:10.495, 100 %, 19044 MiB, 61, P2, 1695 MHz, 9501 MHz, 134.17 W, 0x0000000000000000
2026/08/27 11:00:15.523, 100 %, 19044 MiB, 62, P2, 1950 MHz, 9501 MHz, 170.14 W, 0x0000000000000000
2026/08/27 11:00:20.546, 100 %, 19044 MiB, 61, P2, 1950 MHz, 9501 MHz, 169.19 W, 0x0000000000000000
2026/08/27 11:00:25.570, 79 %, 22286 MiB, 66, P2, 1950 MHz, 9501 MHz, 291.27 W, 0x0000000000000004
2026/08/27 11:00:30.591, 78 %, 22292 MiB, 68, P2, 1935 MHz, 9501 MHz, 327.94 W, 0x0000000000000004
2026/08/27 11:00:35.609, 76 %, 22292 MiB, 69, P2, 1935 MHz, 9501 MHz, 332.56 W, 0x0000000000000004
2026/08/27 11:00:40.630, 0 %, 346 MiB, 61, P2, 1950 MHz, 9501 MHz, 149.21 W, 0x0000000000000000
2026/08/27 11:00:45.649, 100 %, 18082 MiB, 60, P2, 1950 MHz, 9501 MHz, 168.40 W, 0x0000000000000000
2026/08/27 11:00:50.675, 100 %, 18082 MiB, 60, P2, 1950 MHz, 9501 MHz, 167.35 W, 0x0000000000000000
2026/08/27 11:00:55.699, 99 %, 21778 MiB, 59, P2, 1950 MHz, 9501 MHz, 169.59 W, 0x0000000000000000
2026/08/27 11:01:00.718, 71 %, 21828 MiB, 66, P2, 1950 MHz, 9501 MHz, 317.51 W, 0x0000000000000004
2026/08/27 11:01:05.737, 72 %, 21834 MiB, 65, P2, 1950 MHz, 9501 MHz, 215.97 W, 0x0000000000000004
2026/08/27 11:01:10.756, 72 %, 21834 MiB, 68, P2, 1950 MHz, 9501 MHz, 321.14 W, 0x0000000000000004
2026/08/27 11:01:15.775, 0 %, 346 MiB, 60, P2, 1965 MHz, 9501 MHz, 138.31 W, 0x0000000000000000
2026/08/27 11:01:20.793, 100 %, 18082 MiB, 60, P2, 1965 MHz, 9501 MHz, 166.95 W, 0x0000000000000000
2026/08/27 11:01:25.821, 100 %, 18082 MiB, 59, P2, 1965 MHz, 9501 MHz, 166.26 W, 0x0000000000000000
2026/08/27 11:01:30.846, 85 %, 21792 MiB, 59, P2, 1965 MHz, 9501 MHz, 167.37 W, 0x0000000000000000
2026/08/27 11:01:35.866, 70 %, 21828 MiB, 65, P2, 1950 MHz, 9501 MHz, 283.59 W, 0x0000000000000004
2026/08/27 11:01:40.887, 70 %, 21828 MiB, 67, P2, 1950 MHz, 9501 MHz, 314.43 W, 0x0000000000000004
2026/08/27 11:01:45.909, 73 %, 21834 MiB, 67, P2, 1950 MHz, 9501 MHz, 311.98 W, 0x0000000000000004
2026/08/27 11:01:50.934, 70 %, 21834 MiB, 68, P2, 1950 MHz, 9501 MHz, 320.17 W, 0x0000000000000004
2026/08/27 11:01:55.952, 72 %, 21834 MiB, 69, P2, 1935 MHz, 9501 MHz, 320.95 W, 0x0000000000000004
2026/08/27 11:02:00.971, 100 %, 82 MiB, 65, P2, 1935 MHz, 9501 MHz, 247.43 W, 0x0000000000000000
2026/08/27 11:02:05.990, 1 %, 346 MiB, 61, P2, 1695 MHz, 9501 MHz, 162.49 W, 0x0000000000000000
2026/08/27 11:02:11.012, 100 %, 17618 MiB, 61, P2, 1950 MHz, 9501 MHz, 168.64 W, 0x0000000000000000
2026/08/27 11:02:16.036, 100 %, 17618 MiB, 61, P2, 1950 MHz, 9501 MHz, 167.52 W, 0x0000000000000000
2026/08/27 11:02:21.060, 70 %, 20276 MiB, 65, P2, 1950 MHz, 9501 MHz, 270.51 W, 0x0000000000000000
2026/08/27 11:02:26.081, 72 %, 20288 MiB, 67, P2, 1950 MHz, 9501 MHz, 310.82 W, 0x0000000000000000
2026/08/27 11:02:31.099, 65 %, 20288 MiB, 67, P2, 1950 MHz, 9501 MHz, 281.05 W, 0x0000000000000000
2026/08/27 11:02:36.321, 0 %, 99 MiB, 61, P3, 1950 MHz, 9751 MHz, 162.63 W, 0x0000000000000000
2026/08/27 11:02:41.344, 100 %, 17618 MiB, 60, P2, 1950 MHz, 9501 MHz, 158.07 W, 0x0000000000000000
2026/08/27 11:02:46.367, 99 %, 17618 MiB, 60, P2, 1950 MHz, 9501 MHz, 167.13 W, 0x0000000000000000
2026/08/27 11:02:51.392, 56 %, 20136 MiB, 60, P2, 1950 MHz, 9501 MHz, 167.80 W, 0x0000000000000000
2026/08/27 11:02:56.416, 72 %, 20276 MiB, 66, P2, 1950 MHz, 9501 MHz, 311.31 W, 0x0000000000000004
2026/08/27 11:03:01.434, 69 %, 20276 MiB, 67, P2, 1950 MHz, 9501 MHz, 312.92 W, 0x0000000000000004
2026/08/27 11:03:06.456, 69 %, 20288 MiB, 67, P2, 1950 MHz, 9501 MHz, 310.53 W, 0x0000000000000000
2026/08/27 11:03:11.479, 65 %, 20288 MiB, 68, P2, 1935 MHz, 9501 MHz, 293.34 W, 0x0000000000000000
2026/08/27 11:03:16.502, 70 %, 20288 MiB, 69, P2, 1935 MHz, 9501 MHz, 314.96 W, 0x0000000000000000
2026/08/27 11:03:21.525, 0 %, 82 MiB, 63, P0, 1935 MHz, 9751 MHz, 168.46 W, 0x0000000000000000
2026/08/27 11:03:26.546, 6 %, 19362 MiB, 60, P2, 1695 MHz, 9501 MHz, 132.76 W, 0x0000000000000000
2026/08/27 11:03:31.569, 100 %, 19362 MiB, 61, P2, 1950 MHz, 9501 MHz, 168.24 W, 0x0000000000000000
2026/08/27 11:03:36.594, 100 %, 19362 MiB, 61, P2, 1950 MHz, 9501 MHz, 166.85 W, 0x0000000000000000
2026/08/27 11:03:41.619, 66 %, 20768 MiB, 62, P2, 1950 MHz, 9501 MHz, 217.63 W, 0x0000000000000000
2026/08/27 11:03:46.639, 83 %, 20770 MiB, 63, P2, 1950 MHz, 9501 MHz, 226.60 W, 0x0000000000000000
2026/08/27 11:03:51.659, 81 %, 20770 MiB, 63, P2, 1950 MHz, 9501 MHz, 225.40 W, 0x0000000000000000
2026/08/27 11:03:56.680, 85 %, 20770 MiB, 63, P2, 1950 MHz, 9501 MHz, 227.71 W, 0x0000000000000000
2026/08/27 11:04:01.700, 84 %, 20772 MiB, 63, P2, 1950 MHz, 9501 MHz, 214.21 W, 0x0000000000000000
2026/08/27 11:04:06.721, 84 %, 20780 MiB, 63, P2, 1950 MHz, 9501 MHz, 226.14 W, 0x0000000000000000
2026/08/27 11:04:11.739, 80 %, 20780 MiB, 63, P2, 1950 MHz, 9501 MHz, 227.65 W, 0x0000000000000000
2026/08/27 11:04:16.758, 81 %, 20780 MiB, 63, P2, 1950 MHz, 9501 MHz, 233.50 W, 0x0000000000000000
2026/08/27 11:04:21.778, 84 %, 20780 MiB, 63, P2, 1950 MHz, 9501 MHz, 225.88 W, 0x0000000000000000
2026/08/27 11:04:26.798, 85 %, 20780 MiB, 63, P2, 1950 MHz, 9501 MHz, 224.45 W, 0x0000000000000000
2026/08/27 11:04:31.817, 82 %, 20780 MiB, 63, P2, 1950 MHz, 9501 MHz, 227.57 W, 0x0000000000000000
2026/08/27 11:04:36.836, 0 %, 82 MiB, 61, P0, 1950 MHz, 9751 MHz, 168.60 W, 0x0000000000000000
2026/08/27 11:04:41.853, 100 %, 19362 MiB, 58, P2, 1950 MHz, 9501 MHz, 133.31 W, 0x0000000000000000
2026/08/27 11:04:46.881, 100 %, 19362 MiB, 59, P2, 1950 MHz, 9501 MHz, 165.57 W, 0x0000000000000000
2026/08/27 11:04:51.904, 100 %, 19362 MiB, 59, P2, 1950 MHz, 9501 MHz, 164.50 W, 0x0000000000000000
2026/08/27 11:04:56.928, 83 %, 20768 MiB, 61, P2, 1950 MHz, 9501 MHz, 223.01 W, 0x0000000000000000
2026/08/27 11:05:01.947, 85 %, 20772 MiB, 62, P2, 1950 MHz, 9501 MHz, 229.02 W, 0x0000000000000000
2026/08/27 11:05:06.965, 85 %, 20772 MiB, 62, P2, 1950 MHz, 9501 MHz, 229.43 W, 0x0000000000000000
2026/08/27 11:05:11.985, 85 %, 20772 MiB, 62, P2, 1950 MHz, 9501 MHz, 226.73 W, 0x0000000000000000
2026/08/27 11:05:17.003, 82 %, 20772 MiB, 62, P2, 1950 MHz, 9501 MHz, 225.93 W, 0x0000000000000000
2026/08/27 11:05:22.021, 82 %, 20772 MiB, 62, P2, 1950 MHz, 9501 MHz, 224.89 W, 0x0000000000000000
2026/08/27 11:05:27.041, 83 %, 20772 MiB, 62, P2, 1950 MHz, 9501 MHz, 226.94 W, 0x0000000000000000
2026/08/27 11:05:32.061, 78 %, 20774 MiB, 63, P2, 1950 MHz, 9501 MHz, 224.62 W, 0x0000000000000000
2026/08/27 11:05:37.082, 83 %, 20780 MiB, 62, P2, 1950 MHz, 9501 MHz, 216.24 W, 0x0000000000000000
2026/08/27 11:05:42.104, 79 %, 20780 MiB, 63, P2, 1950 MHz, 9501 MHz, 231.74 W, 0x0000000000000000
2026/08/27 11:05:47.125, 80 %, 20780 MiB, 63, P2, 1950 MHz, 9501 MHz, 231.02 W, 0x0000000000000000
2026/08/27 11:05:52.145, 80 %, 20780 MiB, 63, P2, 1950 MHz, 9501 MHz, 226.05 W, 0x0000000000000000
2026/08/27 11:05:57.166, 78 %, 20780 MiB, 64, P2, 1950 MHz, 9501 MHz, 228.37 W, 0x0000000000000000
2026/08/27 11:06:02.184, 80 %, 20780 MiB, 64, P2, 1950 MHz, 9501 MHz, 231.95 W, 0x0000000000000000
2026/08/27 11:06:07.202, 81 %, 20780 MiB, 64, P2, 1950 MHz, 9501 MHz, 229.19 W, 0x0000000000000000
2026/08/27 11:06:12.220, 84 %, 20780 MiB, 63, P2, 1950 MHz, 9501 MHz, 226.25 W, 0x0000000000000000
2026/08/27 11:06:17.238, 80 %, 20780 MiB, 64, P2, 1950 MHz, 9501 MHz, 225.21 W, 0x0000000000000000
2026/08/27 11:06:22.256, 81 %, 20780 MiB, 64, P2, 1950 MHz, 9501 MHz, 227.66 W, 0x0000000000000000
2026/08/27 11:06:27.286, 80 %, 20780 MiB, 64, P2, 1950 MHz, 9501 MHz, 225.53 W, 0x0000000000000000
2026/08/27 11:06:32.304, 82 %, 20780 MiB, 64, P2, 1950 MHz, 9501 MHz, 232.52 W, 0x0000000000000000
2026/08/27 11:06:37.324, 6 %, 346 MiB, 61, P2, 1950 MHz, 9501 MHz, 166.37 W, 0x0000000000000000
2026/08/27 11:06:42.343, 100 %, 20144 MiB, 60, P2, 1950 MHz, 9501 MHz, 166.00 W, 0x0000000000000000
2026/08/27 11:06:47.368, 100 %, 20144 MiB, 60, P2, 1950 MHz, 9501 MHz, 165.98 W, 0x0000000000000000
2026/08/27 11:06:52.392, 75 %, 20816 MiB, 63, P2, 1950 MHz, 9501 MHz, 287.03 W, 0x0000000000000000
2026/08/27 11:06:57.410, 40 %, 20824 MiB, 66, P2, 1950 MHz, 9501 MHz, 227.12 W, 0x0000000000000000
2026/08/27 11:07:02.432, 79 %, 20824 MiB, 68, P2, 1935 MHz, 9501 MHz, 296.94 W, 0x0000000000000004
2026/08/27 11:07:07.450, 100 %, 82 MiB, 63, P0, 1935 MHz, 9751 MHz, 212.63 W, 0x0000000000000000
2026/08/27 11:07:12.467, 6 %, 346 MiB, 60, P2, 1695 MHz, 9501 MHz, 142.34 W, 0x0000000000000000
2026/08/27 11:07:17.486, 100 %, 20144 MiB, 61, P2, 1950 MHz, 9501 MHz, 167.15 W, 0x0000000000000000
2026/08/27 11:07:22.508, 100 %, 20144 MiB, 60, P2, 1950 MHz, 9501 MHz, 166.29 W, 0x0000000000000000
2026/08/27 11:07:27.530, 78 %, 20816 MiB, 67, P2, 1950 MHz, 9501 MHz, 330.46 W, 0x0000000000000004
2026/08/27 11:07:32.551, 78 %, 20816 MiB, 68, P2, 1935 MHz, 9501 MHz, 329.69 W, 0x0000000000000004
2026/08/27 11:07:37.570, 77 %, 20820 MiB, 69, P2, 1935 MHz, 9501 MHz, 292.52 W, 0x0000000000000004
2026/08/27 11:07:42.592, 78 %, 20824 MiB, 67, P2, 1935 MHz, 9501 MHz, 316.58 W, 0x0000000000000004
2026/08/27 11:07:47.616, 79 %, 20824 MiB, 71, P2, 1935 MHz, 9501 MHz, 335.18 W, 0x0000000000000004
2026/08/27 11:07:52.637, 77 %, 20824 MiB, 72, P2, 1935 MHz, 9501 MHz, 334.17 W, 0x0000000000000004
2026/08/27 11:07:57.657, 100 %, 82 MiB, 67, P0, 1935 MHz, 9751 MHz, 224.79 W, 0x0000000000000000
2026/08/27 11:08:02.677, 0 %, 346 MiB, 62, P2, 1695 MHz, 9501 MHz, 162.76 W, 0x0000000000000000
2026/08/27 11:08:07.698, 100 %, 19044 MiB, 62, P2, 1950 MHz, 9501 MHz, 169.30 W, 0x0000000000000000
2026/08/27 11:08:12.718, 100 %, 19044 MiB, 61, P2, 1950 MHz, 9501 MHz, 168.53 W, 0x0000000000000000
2026/08/27 11:08:17.745, 41 %, 22286 MiB, 67, P2, 1950 MHz, 9501 MHz, 290.49 W, 0x0000000000000004
2026/08/27 11:08:22.766, 75 %, 22292 MiB, 68, P2, 1935 MHz, 9501 MHz, 325.14 W, 0x0000000000000004
2026/08/27 11:08:27.787, 76 %, 22292 MiB, 69, P2, 1935 MHz, 9501 MHz, 333.16 W, 0x0000000000000004
2026/08/27 11:08:32.817, 0 %, 346 MiB, 61, P2, 1950 MHz, 9501 MHz, 149.40 W, 0x0000000000000000
2026/08/27 11:08:37.839, 100 %, 19044 MiB, 60, P2, 1950 MHz, 9501 MHz, 167.35 W, 0x0000000000000000
2026/08/27 11:08:42.864, 100 %, 19044 MiB, 60, P2, 1950 MHz, 9501 MHz, 165.62 W, 0x0000000000000000
2026/08/27 11:08:47.884, 65 %, 22236 MiB, 59, P2, 1950 MHz, 9501 MHz, 163.35 W, 0x0000000000000000
2026/08/27 11:08:52.908, 59 %, 22286 MiB, 67, P2, 1950 MHz, 9501 MHz, 297.10 W, 0x0000000000000004
2026/08/27 11:08:57.930, 26 %, 22288 MiB, 67, P2, 1935 MHz, 9501 MHz, 292.01 W, 0x0000000000000004
2026/08/27 11:09:02.952, 99 %, 22292 MiB, 68, P2, 1935 MHz, 9501 MHz, 265.62 W, 0x0000000000000004
2026/08/27 11:09:07.975, 79 %, 22292 MiB, 69, P2, 1935 MHz, 9501 MHz, 297.70 W, 0x0000000000000004
2026/08/27 11:09:12.997, 80 %, 22292 MiB, 70, P2, 1935 MHz, 9501 MHz, 328.11 W, 0x0000000000000004
2026/08/27 11:09:18.020, 0 %, 1604 MiB, 62, P2, 1950 MHz, 9501 MHz, 146.05 W, 0x0000000000000000
2026/08/27 11:09:23.042, 100 %, 18082 MiB, 61, P2, 1950 MHz, 9501 MHz, 168.14 W, 0x0000000000000000
2026/08/27 11:09:28.067, 100 %, 18082 MiB, 61, P2, 1950 MHz, 9501 MHz, 167.68 W, 0x0000000000000000
2026/08/27 11:09:33.087, 71 %, 21828 MiB, 66, P2, 1950 MHz, 9501 MHz, 305.28 W, 0x0000000000000000
2026/08/27 11:09:38.107, 75 %, 21828 MiB, 67, P2, 1935 MHz, 9501 MHz, 320.62 W, 0x0000000000000000
2026/08/27 11:09:43.128, 74 %, 21830 MiB, 68, P2, 1935 MHz, 9501 MHz, 280.08 W, 0x0000000000000000
2026/08/27 11:09:48.150, 70 %, 21834 MiB, 68, P2, 1935 MHz, 9501 MHz, 273.38 W, 0x0000000000000000
2026/08/27 11:09:53.169, 71 %, 21834 MiB, 69, P2, 1935 MHz, 9501 MHz, 303.59 W, 0x0000000000000000
2026/08/27 11:09:58.191, 61 %, 21834 MiB, 70, P2, 1935 MHz, 9501 MHz, 288.76 W, 0x0000000000000000
2026/08/27 11:10:03.211, 0 %, 82 MiB, 64, P0, 1935 MHz, 9751 MHz, 164.99 W, 0x0000000000000000
2026/08/27 11:10:08.229, 0 %, 17618 MiB, 60, P2, 1695 MHz, 9501 MHz, 133.63 W, 0x0000000000000000
2026/08/27 11:10:13.256, 100 %, 17618 MiB, 61, P2, 1950 MHz, 9501 MHz, 167.82 W, 0x0000000000000000
2026/08/27 11:10:18.278, 100 %, 17618 MiB, 61, P2, 1950 MHz, 9501 MHz, 166.76 W, 0x0000000000000000
2026/08/27 11:10:23.298, 71 %, 20276 MiB, 66, P2, 1935 MHz, 9501 MHz, 309.36 W, 0x0000000000000000
2026/08/27 11:10:28.319, 67 %, 20288 MiB, 65, P2, 1935 MHz, 9501 MHz, 285.65 W, 0x0000000000000004
2026/08/27 11:10:33.344, 64 %, 20288 MiB, 68, P2, 1935 MHz, 9501 MHz, 316.46 W, 0x0000000000000000
2026/08/27 11:10:38.363, 0 %, 346 MiB, 59, P0, 1695 MHz, 9751 MHz, 136.14 W, 0x0000000000000000
2026/08/27 11:10:43.383, 99 %, 17618 MiB, 60, P2, 1950 MHz, 9501 MHz, 165.82 W, 0x0000000000000000
2026/08/27 11:10:48.411, 100 %, 17618 MiB, 60, P2, 1950 MHz, 9501 MHz, 165.82 W, 0x0000000000000000
2026/08/27 11:10:53.432, 100 %, 20248 MiB, 59, P2, 1950 MHz, 9501 MHz, 163.67 W, 0x0000000000000000
2026/08/27 11:10:58.448, 71 %, 20276 MiB, 63, P2, 1935 MHz, 9501 MHz, 276.35 W, 0x0000000000000000
2026/08/27 11:11:03.469, 70 %, 20280 MiB, 64, P2, 1935 MHz, 9501 MHz, 288.73 W, 0x0000000000000004
2026/08/27 11:11:08.490, 66 %, 20288 MiB, 67, P2, 1935 MHz, 9501 MHz, 309.44 W, 0x0000000000000000
2026/08/27 11:11:13.511, 72 %, 20288 MiB, 68, P2, 1935 MHz, 9501 MHz, 312.35 W, 0x0000000000000000
2026/08/27 11:11:18.531, 71 %, 20288 MiB, 69, P2, 1935 MHz, 9501 MHz, 316.38 W, 0x0000000000000000
2026/08/27 11:11:23.548, 0 %, 82 MiB, 63, P3, 1935 MHz, 9751 MHz, 165.51 W, 0x0000000000000000
2026/08/27 11:11:28.566, 100 %, 19362 MiB, 61, P2, 1950 MHz, 9501 MHz, 135.71 W, 0x0000000000000000
2026/08/27 11:11:33.594, 99 %, 19362 MiB, 61, P2, 1950 MHz, 9501 MHz, 165.15 W, 0x0000000000000000
2026/08/27 11:11:38.618, 99 %, 19362 MiB, 60, P2, 1950 MHz, 9501 MHz, 165.48 W, 0x0000000000000000
2026/08/27 11:11:43.642, 84 %, 20770 MiB, 62, P2, 1950 MHz, 9501 MHz, 221.27 W, 0x0000000000000000
2026/08/27 11:11:48.661, 73 %, 20770 MiB, 62, P2, 1950 MHz, 9501 MHz, 212.29 W, 0x0000000000000000
2026/08/27 11:11:53.680, 84 %, 20770 MiB, 63, P2, 1950 MHz, 9501 MHz, 224.35 W, 0x0000000000000000
2026/08/27 11:11:58.700, 79 %, 20772 MiB, 62, P2, 1950 MHz, 9501 MHz, 225.24 W, 0x0000000000000000
2026/08/27 11:12:03.721, 88 %, 20778 MiB, 62, P2, 1950 MHz, 9501 MHz, 201.61 W, 0x0000000000000000
2026/08/27 11:12:08.742, 84 %, 20780 MiB, 63, P2, 1950 MHz, 9501 MHz, 230.07 W, 0x0000000000000000
2026/08/27 11:12:13.761, 84 %, 20780 MiB, 63, P2, 1950 MHz, 9501 MHz, 227.24 W, 0x0000000000000000
2026/08/27 11:12:18.781, 82 %, 20780 MiB, 62, P2, 1950 MHz, 9501 MHz, 217.61 W, 0x0000000000000000
2026/08/27 11:12:23.799, 79 %, 20780 MiB, 62, P2, 1950 MHz, 9501 MHz, 224.75 W, 0x0000000000000000
2026/08/27 11:12:28.819, 85 %, 20780 MiB, 63, P2, 1950 MHz, 9501 MHz, 223.11 W, 0x0000000000000000
2026/08/27 11:12:33.838, 81 %, 20780 MiB, 62, P2, 1950 MHz, 9501 MHz, 223.38 W, 0x0000000000000000
2026/08/27 11:12:38.858, 0 %, 346 MiB, 59, P2, 1950 MHz, 9751 MHz, 137.29 W, 0x0000000000000000
2026/08/27 11:12:43.878, 99 %, 19362 MiB, 59, P2, 1950 MHz, 9501 MHz, 164.07 W, 0x0000000000000000
2026/08/27 11:12:48.900, 100 %, 19362 MiB, 59, P2, 1950 MHz, 9501 MHz, 163.43 W, 0x0000000000000000
2026/08/27 11:12:53.923, 100 %, 20742 MiB, 59, P2, 1950 MHz, 9501 MHz, 164.51 W, 0x0000000000000000
2026/08/27 11:12:58.940, 82 %, 20768 MiB, 61, P2, 1950 MHz, 9501 MHz, 220.85 W, 0x0000000000000000
2026/08/27 11:13:03.958, 82 %, 20772 MiB, 61, P2, 1950 MHz, 9501 MHz, 221.17 W, 0x0000000000000000
2026/08/27 11:13:08.978, 80 %, 20772 MiB, 62, P2, 1950 MHz, 9501 MHz, 209.52 W, 0x0000000000000000
2026/08/27 11:13:13.998, 84 %, 20772 MiB, 62, P2, 1950 MHz, 9501 MHz, 221.62 W, 0x0000000000000000
2026/08/27 11:13:19.017, 82 %, 20772 MiB, 62, P2, 1950 MHz, 9501 MHz, 221.09 W, 0x0000000000000000
2026/08/27 11:13:24.036, 81 %, 20772 MiB, 62, P2, 1950 MHz, 9501 MHz, 222.67 W, 0x0000000000000000
2026/08/27 11:13:29.056, 82 %, 20772 MiB, 62, P2, 1950 MHz, 9501 MHz, 225.99 W, 0x0000000000000000
2026/08/27 11:13:34.075, 83 %, 20774 MiB, 63, P2, 1950 MHz, 9501 MHz, 229.11 W, 0x0000000000000000
2026/08/27 11:13:39.094, 82 %, 20780 MiB, 63, P2, 1950 MHz, 9501 MHz, 224.68 W, 0x0000000000000000
2026/08/27 11:13:44.114, 93 %, 20780 MiB, 63, P2, 1950 MHz, 9501 MHz, 210.23 W, 0x0000000000000004
2026/08/27 11:13:49.134, 83 %, 20780 MiB, 63, P2, 1950 MHz, 9501 MHz, 224.45 W, 0x0000000000000000
2026/08/27 11:13:54.154, 82 %, 20780 MiB, 63, P2, 1950 MHz, 9501 MHz, 226.50 W, 0x0000000000000000
2026/08/27 11:13:59.176, 84 %, 20780 MiB, 63, P2, 1950 MHz, 9501 MHz, 229.26 W, 0x0000000000000000
2026/08/27 11:14:04.196, 79 %, 20780 MiB, 63, P2, 1935 MHz, 9501 MHz, 220.90 W, 0x0000000000000004
2026/08/27 11:14:09.216, 84 %, 20780 MiB, 64, P2, 1950 MHz, 9501 MHz, 231.28 W, 0x0000000000000000
2026/08/27 11:14:14.236, 84 %, 20780 MiB, 63, P2, 1950 MHz, 9501 MHz, 223.38 W, 0x0000000000000000
2026/08/27 11:14:19.259, 83 %, 20780 MiB, 63, P2, 1950 MHz, 9501 MHz, 224.39 W, 0x0000000000000000
2026/08/27 11:14:24.281, 84 %, 20780 MiB, 63, P2, 1950 MHz, 9501 MHz, 216.46 W, 0x0000000000000000
2026/08/27 11:14:29.303, 84 %, 20780 MiB, 64, P2, 1950 MHz, 9501 MHz, 223.67 W, 0x0000000000000000
2026/08/27 11:14:34.324, 0 %, 82 MiB, 61, P0, 1950 MHz, 9751 MHz, 157.95 W, 0x0000000000000000
2026/08/27 11:14:39.342, 0 %, 20144 MiB, 59, P2, 1950 MHz, 9501 MHz, 129.61 W, 0x0000000000000000
2026/08/27 11:14:44.364, 100 %, 20144 MiB, 60, P2, 1950 MHz, 9501 MHz, 163.54 W, 0x0000000000000000
2026/08/27 11:14:49.387, 100 %, 20144 MiB, 59, P2, 1950 MHz, 9501 MHz, 162.15 W, 0x0000000000000000
2026/08/27 11:14:54.409, 77 %, 20816 MiB, 66, P2, 1935 MHz, 9501 MHz, 322.60 W, 0x0000000000000000
2026/08/27 11:14:59.430, 76 %, 20824 MiB, 67, P2, 1935 MHz, 9501 MHz, 265.36 W, 0x0000000000000000
2026/08/27 11:15:04.450, 77 %, 20824 MiB, 68, P2, 1935 MHz, 9501 MHz, 327.42 W, 0x0000000000000000
2026/08/27 11:15:09.471, 0 %, 346 MiB, 61, P2, 1950 MHz, 9501 MHz, 144.59 W, 0x0000000000000000
2026/08/27 11:15:14.493, 99 %, 20144 MiB, 61, P2, 1950 MHz, 9501 MHz, 165.00 W, 0x0000000000000000
2026/08/27 11:15:19.518, 99 %, 20144 MiB, 60, P2, 1950 MHz, 9501 MHz, 164.63 W, 0x0000000000000000
2026/08/27 11:15:24.540, 76 %, 20816 MiB, 62, P2, 1935 MHz, 9501 MHz, 191.24 W, 0x0000000000000004
2026/08/27 11:15:29.560, 76 %, 20816 MiB, 67, P2, 1935 MHz, 9501 MHz, 324.16 W, 0x0000000000000000
2026/08/27 11:15:34.581, 77 %, 20816 MiB, 68, P2, 1935 MHz, 9501 MHz, 328.87 W, 0x0000000000000000
2026/08/27 11:15:39.600, 77 %, 20824 MiB, 69, P2, 1935 MHz, 9501 MHz, 267.46 W, 0x0000000000000000
2026/08/27 11:15:44.621, 27 %, 20824 MiB, 70, P2, 1935 MHz, 9501 MHz, 320.06 W, 0x0000000000000000
2026/08/27 11:15:49.639, 77 %, 20824 MiB, 71, P2, 1935 MHz, 9501 MHz, 335.34 W, 0x0000000000000000
2026/08/27 11:15:54.658, 79 %, 20824 MiB, 72, P2, 1935 MHz, 9501 MHz, 340.72 W, 0x0000000000000000
2026/08/27 11:15:59.676, 0 %, 346 MiB, 64, P2, 1935 MHz, 9501 MHz, 147.27 W, 0x0000000000000000
2026/08/27 11:16:04.694, 100 %, 19044 MiB, 62, P2, 1935 MHz, 9501 MHz, 169.62 W, 0x0000000000000000
2026/08/27 11:16:09.721, 100 %, 19044 MiB, 61, P2, 1935 MHz, 9501 MHz, 169.47 W, 0x0000000000000000
2026/08/27 11:16:14.742, 7 %, 22264 MiB, 60, P2, 1950 MHz, 9501 MHz, 163.99 W, 0x0000000000000024
2026/08/27 11:16:19.760, 80 %, 22286 MiB, 67, P2, 1935 MHz, 9501 MHz, 318.65 W, 0x0000000000000004
2026/08/27 11:16:24.780, 46 %, 22292 MiB, 65, P2, 1935 MHz, 9501 MHz, 307.20 W, 0x0000000000000004
2026/08/27 11:16:29.799, 76 %, 414 MiB, 67, P2, 1935 MHz, 9501 MHz, 291.11 W, 0x0000000000000004
2026/08/27 11:16:34.817, 1 %, 346 MiB, 60, P2, 1695 MHz, 9501 MHz, 161.48 W, 0x0000000000000000
2026/08/27 11:16:39.838, 100 %, 19044 MiB, 60, P2, 1950 MHz, 9501 MHz, 166.01 W, 0x0000000000000000
2026/08/27 11:16:44.865, 99 %, 19044 MiB, 59, P2, 1950 MHz, 9501 MHz, 164.74 W, 0x0000000000000000
2026/08/27 11:16:49.891, 81 %, 22286 MiB, 65, P2, 1935 MHz, 9501 MHz, 316.45 W, 0x0000000000000000
2026/08/27 11:16:54.912, 77 %, 22286 MiB, 67, P2, 1935 MHz, 9501 MHz, 324.56 W, 0x0000000000000000
2026/08/27 11:16:59.933, 76 %, 22288 MiB, 68, P2, 1935 MHz, 9501 MHz, 326.29 W, 0x0000000000000000
2026/08/27 11:17:04.953, 80 %, 22292 MiB, 68, P2, 1935 MHz, 9501 MHz, 320.55 W, 0x0000000000000004
2026/08/27 11:17:09.973, 79 %, 22292 MiB, 69, P2, 1935 MHz, 9501 MHz, 324.49 W, 0x0000000000000004
2026/08/27 11:17:14.993, 81 %, 22292 MiB, 70, P2, 1935 MHz, 9501 MHz, 324.96 W, 0x0000000000000004
2026/08/27 11:17:20.014, 0 %, 1604 MiB, 62, P2, 1935 MHz, 9501 MHz, 148.98 W, 0x0000000000000000
2026/08/27 11:17:25.033, 100 %, 18082 MiB, 61, P2, 1935 MHz, 9501 MHz, 167.86 W, 0x0000000000000000
2026/08/27 11:17:30.057, 100 %, 18082 MiB, 61, P2, 1935 MHz, 9501 MHz, 166.37 W, 0x0000000000000000
2026/08/27 11:17:35.079, 0 %, 21760 MiB, 60, P2, 1935 MHz, 9501 MHz, 167.52 W, 0x0000000000000000
2026/08/27 11:17:40.098, 70 %, 21828 MiB, 67, P2, 1935 MHz, 9501 MHz, 311.31 W, 0x0000000000000000
2026/08/27 11:17:45.119, 66 %, 21834 MiB, 66, P2, 1935 MHz, 9501 MHz, 223.14 W, 0x0000000000000000
2026/08/27 11:17:50.147, 70 %, 21834 MiB, 68, P2, 1935 MHz, 9501 MHz, 317.06 W, 0x0000000000000000
2026/08/27 11:17:55.166, 0 %, 346 MiB, 61, P2, 1950 MHz, 9501 MHz, 144.87 W, 0x0000000000000000
2026/08/27 11:18:00.187, 100 %, 17618 MiB, 60, P2, 1950 MHz, 9501 MHz, 165.87 W, 0x0000000000000000
2026/08/27 11:18:05.211, 100 %, 17618 MiB, 60, P2, 1950 MHz, 9501 MHz, 166.48 W, 0x0000000000000000
2026/08/27 11:18:10.231, 63 %, 20276 MiB, 62, P2, 1950 MHz, 9501 MHz, 181.08 W, 0x0000000000000004
2026/08/27 11:18:15.250, 33 %, 20284 MiB, 63, P2, 1950 MHz, 9501 MHz, 263.72 W, 0x0000000000000000
2026/08/27 11:18:20.273, 53 %, 20288 MiB, 63, P2, 1950 MHz, 9501 MHz, 293.13 W, 0x0000000000000000
2026/08/27 11:18:25.292, 100 %, 82 MiB, 63, P2, 1950 MHz, 9501 MHz, 235.27 W, 0x0000000000000000
2026/08/27 11:18:30.312, 0 %, 346 MiB, 61, P2, 1965 MHz, 9501 MHz, 167.62 W, 0x0000000000000000
2026/08/27 11:18:35.333, 99 %, 17618 MiB, 60, P2, 1965 MHz, 9501 MHz, 167.25 W, 0x0000000000000000
2026/08/27 11:18:40.358, 100 %, 17618 MiB, 59, P2, 1965 MHz, 9501 MHz, 165.95 W, 0x0000000000000000
2026/08/27 11:18:45.382, 69 %, 20276 MiB, 65, P2, 1950 MHz, 9501 MHz, 310.54 W, 0x0000000000000000
2026/08/27 11:18:50.402, 23 %, 20276 MiB, 63, P2, 1950 MHz, 9501 MHz, 301.95 W, 0x0000000000000000
2026/08/27 11:18:55.420, 65 %, 20280 MiB, 67, P2, 1950 MHz, 9501 MHz, 313.59 W, 0x0000000000000000
2026/08/27 11:19:00.442, 72 %, 20288 MiB, 67, P2, 1950 MHz, 9501 MHz, 310.84 W, 0x0000000000000000
2026/08/27 11:19:05.462, 67 %, 20288 MiB, 68, P2, 1950 MHz, 9501 MHz, 317.41 W, 0x0000000000000000
2026/08/27 11:19:10.482, 69 %, 20288 MiB, 69, P2, 1935 MHz, 9501 MHz, 321.79 W, 0x0000000000000004
2026/08/27 11:19:15.503, 0 %, 346 MiB, 62, P2, 1950 MHz, 9501 MHz, 168.80 W, 0x0000000000000000
2026/08/27 11:19:20.525, 100 %, 19362 MiB, 61, P2, 1950 MHz, 9501 MHz, 167.90 W, 0x0000000000000000
2026/08/27 11:19:25.549, 100 %, 19362 MiB, 61, P2, 1950 MHz, 9501 MHz, 167.93 W, 0x0000000000000000
2026/08/27 11:19:30.572, 82 %, 20768 MiB, 62, P2, 1950 MHz, 9501 MHz, 191.00 W, 0x0000000000000000
2026/08/27 11:19:35.592, 80 %, 20770 MiB, 62, P2, 1950 MHz, 9501 MHz, 214.58 W, 0x0000000000000000
2026/08/27 11:19:40.612, 83 %, 20770 MiB, 62, P2, 1950 MHz, 9501 MHz, 225.70 W, 0x0000000000000000
2026/08/27 11:19:45.630, 81 %, 20770 MiB, 63, P2, 1950 MHz, 9501 MHz, 225.80 W, 0x0000000000000000
2026/08/27 11:19:50.647, 81 %, 20772 MiB, 63, P2, 1950 MHz, 9501 MHz, 227.93 W, 0x0000000000000000
2026/08/27 11:19:55.667, 80 %, 20778 MiB, 63, P2, 1950 MHz, 9501 MHz, 229.95 W, 0x0000000000000000
2026/08/27 11:20:00.689, 64 %, 20780 MiB, 62, P2, 1950 MHz, 9501 MHz, 228.55 W, 0x0000000000000000
2026/08/27 11:20:05.714, 85 %, 20780 MiB, 63, P2, 1950 MHz, 9501 MHz, 226.55 W, 0x0000000000000000
2026/08/27 11:20:10.736, 85 %, 20780 MiB, 63, P2, 1950 MHz, 9501 MHz, 215.85 W, 0x0000000000000004
2026/08/27 11:20:15.755, 85 %, 20780 MiB, 63, P2, 1950 MHz, 9501 MHz, 228.10 W, 0x0000000000000000
2026/08/27 11:20:20.775, 84 %, 20780 MiB, 64, P2, 1950 MHz, 9501 MHz, 229.53 W, 0x0000000000000000
2026/08/27 11:20:25.795, 83 %, 20550 MiB, 64, P2, 1950 MHz, 9501 MHz, 226.57 W, 0x0000000000000000
2026/08/27 11:20:30.814, 7 %, 346 MiB, 60, P2, 1965 MHz, 9501 MHz, 166.29 W, 0x0000000000000000
2026/08/27 11:20:35.832, 99 %, 19362 MiB, 60, P2, 1965 MHz, 9501 MHz, 166.13 W, 0x0000000000000000
2026/08/27 11:20:40.859, 99 %, 19362 MiB, 59, P2, 1965 MHz, 9501 MHz, 165.67 W, 0x0000000000000000
2026/08/27 11:20:45.884, 81 %, 20768 MiB, 61, P2, 1965 MHz, 9501 MHz, 218.09 W, 0x0000000000000000
2026/08/27 11:20:50.906, 83 %, 20770 MiB, 62, P2, 1965 MHz, 9501 MHz, 227.11 W, 0x0000000000000000
2026/08/27 11:20:55.925, 82 %, 20772 MiB, 62, P2, 1965 MHz, 9501 MHz, 225.57 W, 0x0000000000000000
2026/08/27 11:21:00.943, 84 %, 20772 MiB, 62, P2, 1965 MHz, 9501 MHz, 226.85 W, 0x0000000000000000
2026/08/27 11:21:05.960, 84 %, 20772 MiB, 63, P2, 1965 MHz, 9501 MHz, 233.49 W, 0x0000000000000000
2026/08/27 11:21:10.978, 82 %, 20772 MiB, 62, P2, 1965 MHz, 9501 MHz, 225.98 W, 0x0000000000000000
2026/08/27 11:21:15.997, 84 %, 20772 MiB, 63, P2, 1965 MHz, 9501 MHz, 231.81 W, 0x0000000000000000
2026/08/27 11:21:21.019, 84 %, 20772 MiB, 63, P2, 1965 MHz, 9501 MHz, 228.13 W, 0x0000000000000000
2026/08/27 11:21:26.037, 85 %, 20778 MiB, 63, P2, 1950 MHz, 9501 MHz, 231.44 W, 0x0000000000000000
2026/08/27 11:21:31.062, 78 %, 20780 MiB, 63, P2, 1950 MHz, 9501 MHz, 225.51 W, 0x0000000000000000
2026/08/27 11:21:36.081, 84 %, 20780 MiB, 63, P2, 1950 MHz, 9501 MHz, 224.62 W, 0x0000000000000000
2026/08/27 11:21:41.099, 84 %, 20780 MiB, 63, P2, 1950 MHz, 9501 MHz, 226.93 W, 0x0000000000000000
2026/08/27 11:21:46.119, 80 %, 20780 MiB, 62, P2, 1950 MHz, 9501 MHz, 217.37 W, 0x0000000000000000
2026/08/27 11:21:51.141, 83 %, 20780 MiB, 63, P2, 1950 MHz, 9501 MHz, 227.13 W, 0x0000000000000000
2026/08/27 11:21:56.159, 83 %, 20780 MiB, 64, P2, 1950 MHz, 9501 MHz, 227.01 W, 0x0000000000000000
2026/08/27 11:22:01.178, 81 %, 20780 MiB, 64, P2, 1950 MHz, 9501 MHz, 227.99 W, 0x0000000000000000
2026/08/27 11:22:06.199, 81 %, 20780 MiB, 64, P2, 1950 MHz, 9501 MHz, 227.44 W, 0x0000000000000000
2026/08/27 11:22:11.219, 84 %, 20780 MiB, 64, P2, 1950 MHz, 9501 MHz, 227.60 W, 0x0000000000000000
2026/08/27 11:22:16.247, 83 %, 20780 MiB, 64, P2, 1950 MHz, 9501 MHz, 227.39 W, 0x0000000000000000
2026/08/27 11:22:21.266, 85 %, 20780 MiB, 64, P2, 1950 MHz, 9501 MHz, 227.07 W, 0x0000000000000000
2026/08/27 11:22:26.287, 0 %, 598 MiB, 60, P2, 1950 MHz, 9501 MHz, 147.57 W, 0x0000000000000000
2026/08/27 11:22:31.310, 100 %, 20144 MiB, 60, P2, 1950 MHz, 9501 MHz, 166.73 W, 0x0000000000000000
2026/08/27 11:22:36.334, 100 %, 20144 MiB, 60, P2, 1950 MHz, 9501 MHz, 165.85 W, 0x0000000000000000
2026/08/27 11:22:41.356, 100 %, 20800 MiB, 61, P2, 1950 MHz, 9501 MHz, 168.53 W, 0x0000000000000000
2026/08/27 11:22:46.372, 79 %, 20816 MiB, 67, P2, 1950 MHz, 9501 MHz, 330.40 W, 0x0000000000000004
2026/08/27 11:22:51.392, 73 %, 20824 MiB, 68, P2, 1950 MHz, 9501 MHz, 279.12 W, 0x0000000000000004
2026/08/27 11:22:56.413, 78 %, 20824 MiB, 69, P2, 1935 MHz, 9501 MHz, 326.38 W, 0x0000000000000004
2026/08/27 11:23:01.430, 0 %, 346 MiB, 62, P2, 1950 MHz, 9501 MHz, 167.80 W, 0x0000000000000000
2026/08/27 11:23:06.451, 100 %, 20144 MiB, 61, P2, 1950 MHz, 9501 MHz, 167.62 W, 0x0000000000000000
2026/08/27 11:23:11.477, 99 %, 20144 MiB, 60, P2, 1950 MHz, 9501 MHz, 167.33 W, 0x0000000000000000
2026/08/27 11:23:16.501, 77 %, 20816 MiB, 65, P2, 1950 MHz, 9501 MHz, 261.74 W, 0x0000000000000004
2026/08/27 11:23:21.521, 77 %, 20816 MiB, 63, P2, 1950 MHz, 9501 MHz, 297.05 W, 0x0000000000000004
2026/08/27 11:23:26.541, 78 %, 20816 MiB, 69, P2, 1935 MHz, 9501 MHz, 330.87 W, 0x0000000000000004
2026/08/27 11:23:31.562, 78 %, 20824 MiB, 70, P2, 1935 MHz, 9501 MHz, 334.23 W, 0x0000000000000004
2026/08/27 11:23:36.581, 52 %, 20824 MiB, 71, P2, 1935 MHz, 9501 MHz, 305.09 W, 0x0000000000000004
2026/08/27 11:23:41.600, 79 %, 20824 MiB, 72, P2, 1935 MHz, 9501 MHz, 328.01 W, 0x0000000000000004
2026/08/27 11:23:46.620, 80 %, 20824 MiB, 73, P2, 1935 MHz, 9501 MHz, 340.05 W, 0x0000000000000004
2026/08/27 11:23:51.639, 0 %, 346 MiB, 63, P2, 1950 MHz, 9501 MHz, 161.14 W, 0x0000000000000000
2026/08/27 11:23:56.659, 99 %, 19044 MiB, 61, P2, 1950 MHz, 9501 MHz, 159.76 W, 0x0000000000000000
2026/08/27 11:24:01.681, 42 %, 22286 MiB, 62, P2, 1950 MHz, 9501 MHz, 167.35 W, 0x0000000000000000
2026/08/27 11:24:06.702, 78 %, 22288 MiB, 65, P2, 1875 MHz, 9501 MHz, 290.28 W, 0x0000000000000004
2026/08/27 11:24:11.720, 67 %, 22292 MiB, 68, P2, 1935 MHz, 9501 MHz, 296.24 W, 0x0000000000000004
2026/08/27 11:24:16.741, 100 %, 82 MiB, 63, P0, 1935 MHz, 9751 MHz, 200.67 W, 0x0000000000000000
2026/08/27 11:24:21.759, 1 %, 346 MiB, 60, P2, 1695 MHz, 9501 MHz, 145.88 W, 0x0000000000000000
2026/08/27 11:24:26.779, 100 %, 19044 MiB, 61, P2, 1950 MHz, 9501 MHz, 168.12 W, 0x0000000000000000
2026/08/27 11:24:31.802, 100 %, 19044 MiB, 60, P2, 1950 MHz, 9501 MHz, 166.67 W, 0x0000000000000000
2026/08/27 11:24:36.827, 73 %, 22286 MiB, 66, P2, 1950 MHz, 9501 MHz, 323.96 W, 0x0000000000000004
2026/08/27 11:24:41.849, 75 %, 22286 MiB, 63, P2, 1950 MHz, 9501 MHz, 297.11 W, 0x0000000000000004
2026/08/27 11:24:46.869, 75 %, 22292 MiB, 65, P2, 1935 MHz, 9501 MHz, 311.32 W, 0x0000000000000004
2026/08/27 11:24:51.889, 78 %, 22292 MiB, 68, P2, 1935 MHz, 9501 MHz, 330.00 W, 0x0000000000000004
2026/08/27 11:24:56.909, 76 %, 22292 MiB, 69, P2, 1935 MHz, 9501 MHz, 298.11 W, 0x0000000000000004
2026/08/27 11:25:01.931, 80 %, 414 MiB, 70, P2, 1920 MHz, 9501 MHz, 327.61 W, 0x0000000000000004
2026/08/27 11:25:06.952, 0 %, 346 MiB, 62, P2, 1950 MHz, 9501 MHz, 169.15 W, 0x0000000000000000
2026/08/27 11:25:11.971, 100 %, 18082 MiB, 61, P2, 1950 MHz, 9501 MHz, 167.41 W, 0x0000000000000000
2026/08/27 11:25:16.994, 100 %, 18082 MiB, 61, P2, 1950 MHz, 9501 MHz, 165.68 W, 0x0000000000000000
2026/08/27 11:25:22.019, 63 %, 21828 MiB, 65, P2, 1950 MHz, 9501 MHz, 260.10 W, 0x0000000000000000
2026/08/27 11:25:27.040, 57 %, 21834 MiB, 64, P2, 1935 MHz, 9501 MHz, 257.29 W, 0x0000000000000004
2026/08/27 11:25:32.061, 37 %, 21834 MiB, 67, P2, 1935 MHz, 9501 MHz, 290.05 W, 0x0000000000000000
2026/08/27 11:25:37.079, 61 %, 414 MiB, 66, P2, 1935 MHz, 9501 MHz, 282.26 W, 0x0000000000000000
2026/08/27 11:25:42.098, 0 %, 346 MiB, 61, P2, 1695 MHz, 9501 MHz, 162.11 W, 0x0000000000000000
2026/08/27 11:25:47.118, 100 %, 18082 MiB, 60, P2, 1950 MHz, 9501 MHz, 162.20 W, 0x0000000000000000
2026/08/27 11:25:52.142, 99 %, 18082 MiB, 60, P2, 1950 MHz, 9501 MHz, 163.99 W, 0x0000000000000000
2026/08/27 11:25:57.167, 69 %, 21828 MiB, 65, P2, 1935 MHz, 9501 MHz, 297.77 W, 0x0000000000000004
2026/08/27 11:26:02.187, 34 %, 21828 MiB, 66, P2, 1935 MHz, 9501 MHz, 280.42 W, 0x0000000000000000
2026/08/27 11:26:07.206, 70 %, 21834 MiB, 65, P2, 1935 MHz, 9501 MHz, 290.36 W, 0x0000000000000004
2026/08/27 11:26:12.230, 71 %, 21834 MiB, 68, P2, 1935 MHz, 9501 MHz, 316.80 W, 0x0000000000000000
2026/08/27 11:26:17.250, 68 %, 21834 MiB, 67, P2, 1935 MHz, 9501 MHz, 298.97 W, 0x0000000000000000
2026/08/27 11:26:22.270, 71 %, 21834 MiB, 70, P2, 1935 MHz, 9501 MHz, 326.79 W, 0x0000000000000000
2026/08/27 11:26:27.290, 0 %, 346 MiB, 61, P2, 1935 MHz, 9501 MHz, 148.96 W, 0x0000000000000000
2026/08/27 11:26:32.307, 99 %, 17618 MiB, 61, P2, 1950 MHz, 9501 MHz, 164.38 W, 0x0000000000000000
2026/08/27 11:26:37.330, 99 %, 17618 MiB, 61, P2, 1950 MHz, 9501 MHz, 162.85 W, 0x0000000000000000
2026/08/27 11:26:42.352, 71 %, 20276 MiB, 66, P2, 1935 MHz, 9501 MHz, 309.93 W, 0x0000000000000000
2026/08/27 11:26:47.373, 69 %, 20276 MiB, 65, P2, 1935 MHz, 9501 MHz, 283.59 W, 0x0000000000000004
2026/08/27 11:26:52.392, 67 %, 20284 MiB, 66, P2, 1935 MHz, 9501 MHz, 295.90 W, 0x0000000000000000
2026/08/27 11:26:57.413, 68 %, 20288 MiB, 68, P2, 1935 MHz, 9501 MHz, 310.40 W, 0x0000000000000000
2026/08/27 11:27:02.430, 70 %, 20288 MiB, 69, P2, 1935 MHz, 9501 MHz, 316.63 W, 0x0000000000000000
2026/08/27 11:27:07.448, 71 %, 20288 MiB, 70, P2, 1935 MHz, 9501 MHz, 320.39 W, 0x0000000000000000
2026/08/27 11:27:12.466, 0 %, 346 MiB, 63, P2, 1950 MHz, 9501 MHz, 168.14 W, 0x0000000000000000
2026/08/27 11:27:17.485, 100 %, 19362 MiB, 62, P2, 1950 MHz, 9501 MHz, 167.23 W, 0x0000000000000000
2026/08/27 11:27:22.511, 99 %, 19362 MiB, 61, P2, 1950 MHz, 9501 MHz, 166.26 W, 0x0000000000000000
2026/08/27 11:27:27.536, 71 %, 20768 MiB, 62, P2, 1950 MHz, 9501 MHz, 200.64 W, 0x0000000000000000
2026/08/27 11:27:32.554, 83 %, 20770 MiB, 62, P2, 1950 MHz, 9501 MHz, 221.25 W, 0x0000000000000000
2026/08/27 11:27:37.572, 84 %, 20770 MiB, 63, P2, 1950 MHz, 9501 MHz, 222.71 W, 0x0000000000000000
2026/08/27 11:27:42.592, 83 %, 20770 MiB, 63, P2, 1950 MHz, 9501 MHz, 223.49 W, 0x0000000000000000
2026/08/27 11:27:47.610, 81 %, 20772 MiB, 63, P2, 1950 MHz, 9501 MHz, 226.37 W, 0x0000000000000000
2026/08/27 11:27:52.629, 82 %, 20780 MiB, 63, P2, 1950 MHz, 9501 MHz, 229.57 W, 0x0000000000000000
2026/08/27 11:27:57.652, 81 %, 20780 MiB, 63, P2, 1950 MHz, 9501 MHz, 205.83 W, 0x0000000000000000
2026/08/27 11:28:02.671, 74 %, 20780 MiB, 63, P2, 1950 MHz, 9501 MHz, 217.04 W, 0x0000000000000004
2026/08/27 11:28:07.692, 82 %, 20780 MiB, 63, P2, 1950 MHz, 9501 MHz, 220.99 W, 0x0000000000000000
2026/08/27 11:28:12.712, 82 %, 20780 MiB, 63, P2, 1950 MHz, 9501 MHz, 223.66 W, 0x0000000000000000
2026/08/27 11:28:17.734, 81 %, 20780 MiB, 62, P2, 1950 MHz, 9501 MHz, 226.29 W, 0x0000000000000000
2026/08/27 11:28:22.752, 100 %, 82 MiB, 61, P0, 1950 MHz, 9501 MHz, 193.01 W, 0x0000000000000000
2026/08/27 11:28:27.771, 0 %, 346 MiB, 59, P2, 1695 MHz, 9501 MHz, 163.44 W, 0x0000000000000000
2026/08/27 11:28:32.791, 100 %, 19362 MiB, 59, P2, 1950 MHz, 9501 MHz, 163.55 W, 0x0000000000000000
2026/08/27 11:28:37.813, 100 %, 19362 MiB, 59, P2, 1950 MHz, 9501 MHz, 162.11 W, 0x0000000000000000
2026/08/27 11:28:42.840, 84 %, 20768 MiB, 61, P2, 1950 MHz, 9501 MHz, 222.80 W, 0x0000000000000000
2026/08/27 11:28:47.860, 86 %, 20770 MiB, 62, P2, 1950 MHz, 9501 MHz, 227.80 W, 0x0000000000000000
2026/08/27 11:28:52.879, 81 %, 20772 MiB, 62, P2, 1950 MHz, 9501 MHz, 224.92 W, 0x0000000000000000
2026/08/27 11:28:57.899, 85 %, 20772 MiB, 61, P2, 1950 MHz, 9501 MHz, 223.14 W, 0x0000000000000000
2026/08/27 11:29:02.920, 81 %, 20772 MiB, 62, P2, 1950 MHz, 9501 MHz, 212.54 W, 0x0000000000000004
2026/08/27 11:29:07.940, 83 %, 20772 MiB, 62, P2, 1950 MHz, 9501 MHz, 222.90 W, 0x0000000000000000
2026/08/27 11:29:12.960, 80 %, 20772 MiB, 62, P2, 1950 MHz, 9501 MHz, 224.24 W, 0x0000000000000000
2026/08/27 11:29:17.979, 85 %, 20772 MiB, 62, P2, 1950 MHz, 9501 MHz, 224.29 W, 0x0000000000000000
2026/08/27 11:29:22.997, 99 %, 20780 MiB, 60, P2, 1950 MHz, 9501 MHz, 207.28 W, 0x0000000000000004
2026/08/27 11:29:28.019, 81 %, 20780 MiB, 62, P2, 1950 MHz, 9501 MHz, 227.16 W, 0x0000000000000000
2026/08/27 11:29:33.039, 82 %, 20780 MiB, 63, P2, 1950 MHz, 9501 MHz, 223.75 W, 0x0000000000000000
2026/08/27 11:29:38.060, 85 %, 20780 MiB, 62, P2, 1950 MHz, 9501 MHz, 223.77 W, 0x0000000000000000
2026/08/27 11:29:43.081, 70 %, 20780 MiB, 63, P2, 1950 MHz, 9501 MHz, 216.51 W, 0x0000000000000004
2026/08/27 11:29:48.100, 80 %, 20780 MiB, 63, P2, 1950 MHz, 9501 MHz, 225.94 W, 0x0000000000000000
2026/08/27 11:29:53.120, 85 %, 20780 MiB, 63, P2, 1950 MHz, 9501 MHz, 225.03 W, 0x0000000000000000
2026/08/27 11:29:58.144, 83 %, 20780 MiB, 63, P2, 1950 MHz, 9501 MHz, 222.03 W, 0x0000000000000000
2026/08/27 11:30:03.165, 80 %, 20780 MiB, 63, P2, 1950 MHz, 9501 MHz, 223.22 W, 0x0000000000000000
2026/08/27 11:30:08.182, 85 %, 20780 MiB, 63, P2, 1950 MHz, 9501 MHz, 223.76 W, 0x0000000000000000
2026/08/27 11:30:13.200, 82 %, 20780 MiB, 63, P2, 1950 MHz, 9501 MHz, 223.90 W, 0x0000000000000000
2026/08/27 11:30:18.221, 86 %, 20780 MiB, 63, P2, 1950 MHz, 9501 MHz, 222.51 W, 0x0000000000000000
2026/08/27 11:30:23.241, 0 %, 346 MiB, 60, P2, 1950 MHz, 9501 MHz, 142.70 W, 0x0000000000000000
2026/08/27 11:30:28.261, 100 %, 20144 MiB, 60, P2, 1950 MHz, 9501 MHz, 164.05 W, 0x0000000000000000
2026/08/27 11:30:33.285, 100 %, 20144 MiB, 60, P2, 1950 MHz, 9501 MHz, 163.23 W, 0x0000000000000000
2026/08/27 11:30:38.309, 0 %, 20816 MiB, 63, P2, 1950 MHz, 9501 MHz, 191.58 W, 0x0000000000000004
2026/08/27 11:30:43.328, 77 %, 20820 MiB, 64, P2, 1935 MHz, 9501 MHz, 290.98 W, 0x0000000000000000
2026/08/27 11:30:48.347, 79 %, 20824 MiB, 67, P2, 1935 MHz, 9501 MHz, 323.07 W, 0x0000000000000000
2026/08/27 11:30:53.366, 77 %, 20824 MiB, 67, P2, 1935 MHz, 9501 MHz, 285.09 W, 0x0000000000000004
2026/08/27 11:30:58.385, 7 %, 346 MiB, 61, P2, 1950 MHz, 9501 MHz, 162.33 W, 0x0000000000000000
2026/08/27 11:31:03.404, 99 %, 20144 MiB, 60, P2, 1950 MHz, 9501 MHz, 154.47 W, 0x0000000000000000
2026/08/27 11:31:08.423, 75 %, 20816 MiB, 66, P2, 1935 MHz, 9501 MHz, 317.29 W, 0x0000000000000000
2026/08/27 11:31:13.441, 78 %, 20816 MiB, 68, P2, 1935 MHz, 9501 MHz, 294.14 W, 0x0000000000000000
2026/08/27 11:31:18.459, 42 %, 20820 MiB, 65, P2, 1935 MHz, 9501 MHz, 294.85 W, 0x0000000000000000
2026/08/27 11:31:23.477, 77 %, 20824 MiB, 70, P2, 1935 MHz, 9501 MHz, 329.14 W, 0x0000000000000000
2026/08/27 11:31:28.495, 79 %, 20824 MiB, 71, P2, 1935 MHz, 9501 MHz, 320.48 W, 0x0000000000000000
2026/08/27 11:31:33.516, 78 %, 20824 MiB, 72, P2, 1935 MHz, 9501 MHz, 314.48 W, 0x0000000000000000
2026/08/27 11:31:38.562, 66 %, 82 MiB, 68, P2, 1935 MHz, 9501 MHz, 268.04 W, 0x0000000000000000
2026/08/27 11:31:43.585, 16 %, 346 MiB, 62, P2, 1695 MHz, 9501 MHz, 166.75 W, 0x0000000000000000
2026/08/27 11:31:48.603, 100 %, 19044 MiB, 62, P2, 1935 MHz, 9501 MHz, 168.90 W, 0x0000000000000000
2026/08/27 11:31:53.628, 100 %, 19044 MiB, 61, P2, 1935 MHz, 9501 MHz, 167.93 W, 0x0000000000000000
2026/08/27 11:31:58.651, 80 %, 22286 MiB, 64, P2, 1935 MHz, 9501 MHz, 274.03 W, 0x0000000000000000
2026/08/27 11:32:03.672, 79 %, 22292 MiB, 67, P2, 1935 MHz, 9501 MHz, 289.02 W, 0x0000000000000004
2026/08/27 11:32:08.690, 74 %, 22292 MiB, 68, P2, 1935 MHz, 9501 MHz, 288.06 W, 0x0000000000000004
2026/08/27 11:32:13.710, 0 %, 82 MiB, 62, P0, 1935 MHz, 9751 MHz, 169.52 W, 0x0000000000000000
2026/08/27 11:32:18.727, 100 %, 19044 MiB, 59, P2, 1695 MHz, 9501 MHz, 132.61 W, 0x0000000000000000
2026/08/27 11:32:23.751, 100 %, 19044 MiB, 60, P2, 1950 MHz, 9501 MHz, 165.12 W, 0x0000000000000000
2026/08/27 11:32:28.776, 2 %, 22218 MiB, 59, P2, 1950 MHz, 9501 MHz, 165.52 W, 0x0000000000000000
2026/08/27 11:32:33.795, 78 %, 22286 MiB, 66, P2, 1935 MHz, 9501 MHz, 324.20 W, 0x0000000000000004
2026/08/27 11:32:38.816, 75 %, 22286 MiB, 68, P2, 1935 MHz, 9501 MHz, 320.75 W, 0x0000000000000004
2026/08/27 11:32:43.837, 77 %, 22292 MiB, 68, P2, 1935 MHz, 9501 MHz, 322.65 W, 0x0000000000000000
2026/08/27 11:32:48.854, 79 %, 22292 MiB, 69, P2, 1935 MHz, 9501 MHz, 322.17 W, 0x0000000000000004
2026/08/27 11:32:53.874, 77 %, 22292 MiB, 69, P2, 1935 MHz, 9501 MHz, 319.57 W, 0x0000000000000004
2026/08/27 11:32:58.895, 0 %, 82 MiB, 64, P0, 1935 MHz, 9751 MHz, 171.79 W, 0x0000000000000000
2026/08/27 11:33:03.916, 32 %, 18082 MiB, 60, P2, 1695 MHz, 9501 MHz, 136.68 W, 0x0000000000000000
2026/08/27 11:33:08.944, 100 %, 18082 MiB, 61, P2, 1935 MHz, 9501 MHz, 165.80 W, 0x0000000000000000
2026/08/27 11:33:13.965, 100 %, 19730 MiB, 60, P2, 1935 MHz, 9501 MHz, 165.99 W, 0x0000000000000000
2026/08/27 11:33:18.984, 72 %, 21828 MiB, 66, P2, 1935 MHz, 9501 MHz, 311.01 W, 0x0000000000000000
2026/08/27 11:33:24.004, 69 %, 21834 MiB, 65, P2, 1935 MHz, 9501 MHz, 283.18 W, 0x0000000000000004
2026/08/27 11:33:29.027, 71 %, 21834 MiB, 68, P2, 1935 MHz, 9501 MHz, 311.48 W, 0x0000000000000000
2026/08/27 11:33:34.046, 0 %, 82 MiB, 62, P3, 1935 MHz, 9751 MHz, 158.71 W, 0x0000000000000000
2026/08/27 11:33:39.063, 100 %, 18082 MiB, 60, P2, 1950 MHz, 9501 MHz, 143.82 W, 0x0000000000000000
2026/08/27 11:33:44.088, 100 %, 18082 MiB, 60, P2, 1950 MHz, 9501 MHz, 163.72 W, 0x0000000000000000
2026/08/27 11:33:49.108, 40 %, 21828 MiB, 64, P2, 1950 MHz, 9501 MHz, 229.48 W, 0x0000000000000000
2026/08/27 11:33:54.128, 73 %, 21828 MiB, 66, P2, 1935 MHz, 9501 MHz, 299.50 W, 0x0000000000000000
2026/08/27 11:33:59.149, 68 %, 21830 MiB, 64, P2, 1935 MHz, 9501 MHz, 282.66 W, 0x0000000000000000
2026/08/27 11:34:04.169, 58 %, 21834 MiB, 63, P2, 1935 MHz, 9501 MHz, 249.15 W, 0x0000000000000004
2026/08/27 11:34:09.187, 67 %, 21834 MiB, 65, P2, 1935 MHz, 9501 MHz, 292.61 W, 0x0000000000000004
2026/08/27 11:34:14.205, 74 %, 21834 MiB, 69, P2, 1935 MHz, 9501 MHz, 317.64 W, 0x0000000000000000
2026/08/27 11:34:19.223, 100 %, 82 MiB, 65, P0, 1935 MHz, 9751 MHz, 182.55 W, 0x0000000000000000
2026/08/27 11:34:24.244, 0 %, 346 MiB, 61, P2, 1695 MHz, 9501 MHz, 149.17 W, 0x0000000000000000
2026/08/27 11:34:29.262, 100 %, 17618 MiB, 61, P2, 1935 MHz, 9501 MHz, 166.19 W, 0x0000000000000000
2026/08/27 11:34:34.285, 99 %, 20136 MiB, 60, P2, 1935 MHz, 9501 MHz, 163.59 W, 0x0000000000000000
2026/08/27 11:34:39.306, 67 %, 20276 MiB, 67, P2, 1935 MHz, 9501 MHz, 309.02 W, 0x0000000000000000
2026/08/27 11:34:44.328, 87 %, 20288 MiB, 66, P2, 1935 MHz, 9501 MHz, 230.67 W, 0x0000000000000000
2026/08/27 11:34:49.350, 64 %, 20288 MiB, 65, P2, 1935 MHz, 9501 MHz, 296.85 W, 0x0000000000000000
2026/08/27 11:34:54.369, 0 %, 346 MiB, 61, P2, 1950 MHz, 9501 MHz, 165.17 W, 0x0000000000000000
2026/08/27 11:34:59.389, 100 %, 19362 MiB, 60, P2, 1950 MHz, 9501 MHz, 164.25 W, 0x0000000000000000
2026/08/27 11:35:04.414, 100 %, 19362 MiB, 60, P2, 1950 MHz, 9501 MHz, 163.88 W, 0x0000000000000000
2026/08/27 11:35:09.435, 85 %, 20768 MiB, 61, P2, 1950 MHz, 9501 MHz, 222.87 W, 0x0000000000000000
2026/08/27 11:35:14.455, 84 %, 20770 MiB, 62, P2, 1950 MHz, 9501 MHz, 224.40 W, 0x0000000000000000
2026/08/27 11:35:19.476, 84 %, 20770 MiB, 62, P2, 1950 MHz, 9501 MHz, 224.41 W, 0x0000000000000000
2026/08/27 11:35:24.496, 84 %, 20770 MiB, 63, P2, 1950 MHz, 9501 MHz, 229.67 W, 0x0000000000000000
2026/08/27 11:35:29.515, 100 %, 20776 MiB, 61, P2, 1950 MHz, 9501 MHz, 213.87 W, 0x0000000000000004
2026/08/27 11:35:34.537, 82 %, 20780 MiB, 63, P2, 1950 MHz, 9501 MHz, 229.54 W, 0x0000000000000000
2026/08/27 11:35:39.558, 83 %, 20780 MiB, 62, P2, 1950 MHz, 9501 MHz, 227.12 W, 0x0000000000000000
2026/08/27 11:35:44.579, 80 %, 20780 MiB, 63, P2, 1950 MHz, 9501 MHz, 226.26 W, 0x0000000000000004
2026/08/27 11:35:49.602, 84 %, 20780 MiB, 63, P2, 1950 MHz, 9501 MHz, 225.86 W, 0x0000000000000000
2026/08/27 11:35:54.622, 84 %, 20780 MiB, 63, P2, 1950 MHz, 9501 MHz, 222.41 W, 0x0000000000000000
2026/08/27 11:35:59.641, 85 %, 20780 MiB, 63, P2, 1950 MHz, 9501 MHz, 225.92 W, 0x0000000000000000
2026/08/27 11:36:04.659, 0 %, 82 MiB, 60, P0, 1950 MHz, 9751 MHz, 162.63 W, 0x0000000000000000
2026/08/27 11:36:09.677, 99 %, 19362 MiB, 59, P2, 1950 MHz, 9501 MHz, 153.19 W, 0x0000000000000000
2026/08/27 11:36:14.702, 99 %, 19362 MiB, 59, P2, 1950 MHz, 9501 MHz, 165.41 W, 0x0000000000000000
2026/08/27 11:36:19.727, 100 %, 19362 MiB, 59, P2, 1950 MHz, 9501 MHz, 163.44 W, 0x0000000000000000
2026/08/27 11:36:24.751, 84 %, 20768 MiB, 61, P2, 1950 MHz, 9501 MHz, 221.82 W, 0x0000000000000000
2026/08/27 11:36:29.771, 86 %, 20772 MiB, 61, P2, 1950 MHz, 9501 MHz, 218.27 W, 0x0000000000000000
2026/08/27 11:36:34.789, 85 %, 20772 MiB, 62, P2, 1950 MHz, 9501 MHz, 229.00 W, 0x0000000000000000
2026/08/27 11:36:39.809, 84 %, 20772 MiB, 62, P2, 1950 MHz, 9501 MHz, 222.15 W, 0x0000000000000000
2026/08/27 11:36:44.830, 84 %, 20772 MiB, 62, P2, 1950 MHz, 9501 MHz, 222.99 W, 0x0000000000000000
2026/08/27 11:36:49.851, 82 %, 20772 MiB, 62, P2, 1950 MHz, 9501 MHz, 223.88 W, 0x0000000000000000
2026/08/27 11:36:54.874, 82 %, 20772 MiB, 63, P2, 1950 MHz, 9501 MHz, 224.14 W, 0x0000000000000000
2026/08/27 11:36:59.893, 85 %, 20774 MiB, 63, P2, 1950 MHz, 9501 MHz, 229.42 W, 0x0000000000000000
2026/08/27 11:37:04.914, 84 %, 20780 MiB, 63, P2, 1950 MHz, 9501 MHz, 226.61 W, 0x0000000000000000
2026/08/27 11:37:09.933, 81 %, 20780 MiB, 63, P2, 1950 MHz, 9501 MHz, 232.43 W, 0x0000000000000000
2026/08/27 11:37:14.952, 80 %, 20780 MiB, 63, P2, 1950 MHz, 9501 MHz, 227.43 W, 0x0000000000000000
2026/08/27 11:37:19.973, 85 %, 20780 MiB, 63, P2, 1950 MHz, 9501 MHz, 227.26 W, 0x0000000000000000
2026/08/27 11:37:24.993, 79 %, 20780 MiB, 64, P2, 1950 MHz, 9501 MHz, 234.31 W, 0x0000000000000000
2026/08/27 11:37:30.014, 83 %, 20780 MiB, 63, P2, 1950 MHz, 9501 MHz, 224.72 W, 0x0000000000000004
2026/08/27 11:37:35.035, 80 %, 20780 MiB, 63, P2, 1950 MHz, 9501 MHz, 233.39 W, 0x0000000000000000
2026/08/27 11:37:40.055, 84 %, 20780 MiB, 64, P2, 1950 MHz, 9501 MHz, 227.56 W, 0x0000000000000000
2026/08/27 11:37:45.076, 80 %, 20780 MiB, 64, P2, 1950 MHz, 9501 MHz, 226.20 W, 0x0000000000000000
2026/08/27 11:37:50.096, 85 %, 20780 MiB, 64, P2, 1950 MHz, 9501 MHz, 222.00 W, 0x0000000000000000
2026/08/27 11:37:55.116, 86 %, 20780 MiB, 64, P2, 1950 MHz, 9501 MHz, 225.16 W, 0x0000000000000000
2026/08/27 11:38:00.137, 96 %, 82 MiB, 62, P0, 1950 MHz, 9751 MHz, 186.71 W, 0x0000000000000000
2026/08/27 11:38:05.156, 0 %, 346 MiB, 59, P2, 1695 MHz, 9501 MHz, 152.54 W, 0x0000000000000000
2026/08/27 11:38:10.177, 100 %, 20144 MiB, 60, P2, 1950 MHz, 9501 MHz, 164.93 W, 0x0000000000000000
2026/08/27 11:38:15.200, 100 %, 20144 MiB, 60, P2, 1950 MHz, 9501 MHz, 162.88 W, 0x0000000000000000
2026/08/27 11:38:20.223, 78 %, 20816 MiB, 66, P2, 1935 MHz, 9501 MHz, 285.70 W, 0x0000000000000000
2026/08/27 11:38:25.244, 79 %, 20824 MiB, 68, P2, 1935 MHz, 9501 MHz, 324.89 W, 0x0000000000000000
2026/08/27 11:38:30.266, 78 %, 20824 MiB, 69, P2, 1935 MHz, 9501 MHz, 316.60 W, 0x0000000000000000
2026/08/27 11:38:35.285, 0 %, 346 MiB, 60, P0, 465 MHz, 5001 MHz, 140.67 W, 0x0000000000000000
2026/08/27 11:38:40.303, 99 %, 20144 MiB, 61, P2, 1950 MHz, 9501 MHz, 164.50 W, 0x0000000000000000
2026/08/27 11:38:45.327, 100 %, 20144 MiB, 60, P2, 1950 MHz, 9501 MHz, 166.63 W, 0x0000000000000000
2026/08/27 11:38:50.347, 79 %, 20816 MiB, 66, P2, 1935 MHz, 9501 MHz, 267.51 W, 0x0000000000000000
2026/08/27 11:38:55.366, 68 %, 20816 MiB, 65, P2, 1935 MHz, 9501 MHz, 293.90 W, 0x0000000000000000
2026/08/27 11:39:00.384, 78 %, 20816 MiB, 69, P2, 1935 MHz, 9501 MHz, 325.89 W, 0x0000000000000000
2026/08/27 11:39:05.406, 78 %, 20824 MiB, 70, P2, 1935 MHz, 9501 MHz, 329.51 W, 0x0000000000000000
2026/08/27 11:39:10.429, 77 %, 20824 MiB, 71, P2, 1935 MHz, 9501 MHz, 311.51 W, 0x0000000000000000
2026/08/27 11:39:15.450, 79 %, 20824 MiB, 71, P2, 1935 MHz, 9501 MHz, 305.77 W, 0x0000000000000000
2026/08/27 11:39:20.471, 79 %, 20824 MiB, 73, P2, 1935 MHz, 9501 MHz, 338.38 W, 0x0000000000000000
2026/08/27 11:39:25.490, 0 %, 346 MiB, 64, P2, 1935 MHz, 9501 MHz, 171.47 W, 0x0000000000000000
2026/08/27 11:39:30.511, 100 %, 19044 MiB, 62, P2, 1935 MHz, 9501 MHz, 169.22 W, 0x0000000000000000
2026/08/27 11:39:35.531, 100 %, 19044 MiB, 61, P2, 1935 MHz, 9501 MHz, 165.14 W, 0x0000000000000000
2026/08/27 11:39:40.552, 75 %, 22286 MiB, 66, P2, 1935 MHz, 9501 MHz, 280.89 W, 0x0000000000000004
2026/08/27 11:39:45.571, 25 %, 22292 MiB, 67, P2, 1935 MHz, 9501 MHz, 241.61 W, 0x0000000000000000
2026/08/27 11:39:50.590, 76 %, 22292 MiB, 65, P2, 1935 MHz, 9501 MHz, 264.82 W, 0x0000000000000000
2026/08/27 11:39:55.608, 0 %, 82 MiB, 62, P0, 1935 MHz, 9751 MHz, 161.97 W, 0x0000000000000000
2026/08/27 11:40:00.629, 10 %, 19044 MiB, 59, P2, 1695 MHz, 9501 MHz, 131.89 W, 0x0000000000000000
2026/08/27 11:40:05.654, 100 %, 19044 MiB, 60, P2, 1950 MHz, 9501 MHz, 165.72 W, 0x0000000000000000
2026/08/27 11:40:10.679, 99 %, 19044 MiB, 59, P2, 1950 MHz, 9501 MHz, 164.80 W, 0x0000000000000000
2026/08/27 11:40:15.701, 70 %, 22286 MiB, 63, P2, 1950 MHz, 9501 MHz, 311.48 W, 0x0000000000000000
2026/08/27 11:40:20.720, 71 %, 22286 MiB, 67, P2, 1935 MHz, 9501 MHz, 284.61 W, 0x0000000000000004
2026/08/27 11:40:25.741, 42 %, 22292 MiB, 63, P2, 1935 MHz, 9501 MHz, 261.13 W, 0x0000000000000004
2026/08/27 11:40:30.767, 79 %, 22292 MiB, 65, P2, 1950 MHz, 9501 MHz, 308.24 W, 0x0000000000000000
2026/08/27 11:40:35.790, 42 %, 22292 MiB, 69, P2, 1935 MHz, 9501 MHz, 296.33 W, 0x0000000000000000
2026/08/27 11:40:40.811, 81 %, 22292 MiB, 70, P2, 1920 MHz, 9501 MHz, 321.00 W, 0x0000000000000004
2026/08/27 11:40:45.834, 0 %, 346 MiB, 62, P2, 1950 MHz, 9501 MHz, 169.60 W, 0x0000000000000000
2026/08/27 11:40:50.853, 99 %, 18082 MiB, 61, P2, 1950 MHz, 9501 MHz, 169.32 W, 0x0000000000000000
2026/08/27 11:40:55.878, 100 %, 18082 MiB, 61, P2, 1950 MHz, 9501 MHz, 168.21 W, 0x0000000000000000
2026/08/27 11:41:00.899, 70 %, 21828 MiB, 65, P2, 1950 MHz, 9501 MHz, 249.56 W, 0x0000000000000000
2026/08/27 11:41:05.920, 66 %, 21830 MiB, 64, P2, 1935 MHz, 9501 MHz, 271.81 W, 0x0000000000000004
2026/08/27 11:41:10.939, 72 %, 21834 MiB, 68, P2, 1950 MHz, 9501 MHz, 313.76 W, 0x0000000000000000
2026/08/27 11:41:15.959, 72 %, 21834 MiB, 65, P2, 1950 MHz, 9501 MHz, 299.30 W, 0x0000000000000000
2026/08/27 11:41:20.981, 0 %, 346 MiB, 61, P2, 1950 MHz, 9501 MHz, 167.58 W, 0x0000000000000000
2026/08/27 11:41:25.999, 99 %, 18082 MiB, 60, P2, 1950 MHz, 9501 MHz, 166.29 W, 0x0000000000000000
2026/08/27 11:41:31.026, 100 %, 18082 MiB, 60, P2, 1950 MHz, 9501 MHz, 164.92 W, 0x0000000000000000
2026/08/27 11:41:36.050, 36 %, 21828 MiB, 64, P2, 1950 MHz, 9501 MHz, 230.27 W, 0x0000000000000000
2026/08/27 11:41:41.072, 66 %, 21828 MiB, 67, P2, 1950 MHz, 9501 MHz, 308.05 W, 0x0000000000000000
2026/08/27 11:41:46.091, 74 %, 21830 MiB, 66, P2, 1935 MHz, 9501 MHz, 278.57 W, 0x0000000000000004
2026/08/27 11:41:51.112, 44 %, 21834 MiB, 63, P2, 1950 MHz, 9501 MHz, 238.60 W, 0x0000000000000000
2026/08/27 11:41:56.131, 71 %, 21834 MiB, 66, P2, 1905 MHz, 9501 MHz, 288.47 W, 0x0000000000000004
2026/08/27 11:42:01.151, 74 %, 21834 MiB, 70, P2, 1935 MHz, 9501 MHz, 318.53 W, 0x0000000000000000
2026/08/27 11:42:06.172, 100 %, 82 MiB, 65, P0, 1935 MHz, 9751 MHz, 191.41 W, 0x0000000000000000
2026/08/27 11:42:11.192, 0 %, 346 MiB, 61, P2, 1695 MHz, 9501 MHz, 142.38 W, 0x0000000000000000
2026/08/27 11:42:16.213, 100 %, 17618 MiB, 61, P2, 1950 MHz, 9501 MHz, 169.47 W, 0x0000000000000000
2026/08/27 11:42:21.239, 100 %, 17618 MiB, 61, P2, 1950 MHz, 9501 MHz, 168.46 W, 0x0000000000000000
2026/08/27 11:42:26.264, 67 %, 20276 MiB, 64, P2, 1950 MHz, 9501 MHz, 260.71 W, 0x0000000000000000
2026/08/27 11:42:31.284, 69 %, 20288 MiB, 66, P2, 1950 MHz, 9501 MHz, 301.60 W, 0x0000000000000000
2026/08/27 11:42:36.305, 71 %, 20288 MiB, 65, P2, 1935 MHz, 9501 MHz, 244.01 W, 0x0000000000000004
2026/08/27 11:42:41.328, 0 %, 82 MiB, 62, P0, 1950 MHz, 9751 MHz, 171.27 W, 0x0000000000000001
2026/08/27 11:42:46.349, 100 %, 17618 MiB, 60, P2, 1965 MHz, 9501 MHz, 147.23 W, 0x0000000000000000
2026/08/27 11:42:51.376, 100 %, 17618 MiB, 60, P2, 1965 MHz, 9501 MHz, 167.09 W, 0x0000000000000000
2026/08/27 11:42:56.399, 0 %, 20136 MiB, 59, P2, 1965 MHz, 9501 MHz, 167.25 W, 0x0000000000000000
2026/08/27 11:43:01.426, 72 %, 20276 MiB, 66, P2, 1950 MHz, 9501 MHz, 312.72 W, 0x0000000000000000
2026/08/27 11:43:06.445, 69 %, 20276 MiB, 67, P2, 1950 MHz, 9501 MHz, 313.23 W, 0x0000000000000000
2026/08/27 11:43:11.464, 67 %, 20288 MiB, 67, P2, 1950 MHz, 9501 MHz, 284.47 W, 0x0000000000000000
2026/08/27 11:43:16.484, 67 %, 20288 MiB, 67, P2, 1950 MHz, 9501 MHz, 277.39 W, 0x0000000000000000
2026/08/27 11:43:21.505, 66 %, 20288 MiB, 69, P2, 1950 MHz, 9501 MHz, 304.27 W, 0x0000000000000000
2026/08/27 11:43:26.527, 0 %, 82 MiB, 64, P0, 1935 MHz, 9751 MHz, 176.96 W, 0x0000000000000000
2026/08/27 11:43:31.545, 7 %, 346 MiB, 60, P2, 1695 MHz, 9501 MHz, 144.77 W, 0x0000000000000000
2026/08/27 11:43:36.563, 100 %, 19362 MiB, 61, P2, 1950 MHz, 9501 MHz, 167.92 W, 0x0000000000000000
2026/08/27 11:43:41.590, 100 %, 19362 MiB, 61, P2, 1950 MHz, 9501 MHz, 166.31 W, 0x0000000000000000
2026/08/27 11:43:46.614, 81 %, 20768 MiB, 63, P2, 1950 MHz, 9501 MHz, 224.79 W, 0x0000000000000000
2026/08/27 11:43:51.638, 83 %, 20772 MiB, 63, P2, 1950 MHz, 9501 MHz, 226.96 W, 0x0000000000000000
2026/08/27 11:43:56.657, 77 %, 20772 MiB, 63, P2, 1950 MHz, 9501 MHz, 223.81 W, 0x0000000000000000
2026/08/27 11:44:01.677, 85 %, 20772 MiB, 63, P2, 1950 MHz, 9501 MHz, 225.84 W, 0x0000000000000000
2026/08/27 11:44:06.697, 84 %, 20772 MiB, 63, P2, 1950 MHz, 9501 MHz, 217.23 W, 0x0000000000000000
2026/08/27 11:44:11.717, 82 %, 20772 MiB, 63, P2, 1950 MHz, 9501 MHz, 225.87 W, 0x0000000000000000
2026/08/27 11:44:16.736, 83 %, 20772 MiB, 63, P2, 1950 MHz, 9501 MHz, 228.62 W, 0x0000000000000000
2026/08/27 11:44:21.754, 83 %, 20772 MiB, 63, P2, 1950 MHz, 9501 MHz, 229.98 W, 0x0000000000000000
2026/08/27 11:44:26.774, 100 %, 20780 MiB, 61, P2, 1935 MHz, 9501 MHz, 213.80 W, 0x0000000000000004
2026/08/27 11:44:31.792, 79 %, 20780 MiB, 63, P2, 1950 MHz, 9501 MHz, 232.33 W, 0x0000000000000000
2026/08/27 11:44:36.814, 84 %, 20780 MiB, 64, P2, 1950 MHz, 9501 MHz, 229.01 W, 0x0000000000000000
2026/08/27 11:44:41.835, 84 %, 20780 MiB, 64, P2, 1950 MHz, 9501 MHz, 228.73 W, 0x0000000000000000
2026/08/27 11:44:46.854, 73 %, 20780 MiB, 63, P2, 1950 MHz, 9501 MHz, 212.70 W, 0x0000000000000000
2026/08/27 11:44:51.874, 77 %, 20780 MiB, 64, P2, 1950 MHz, 9501 MHz, 225.40 W, 0x0000000000000000
2026/08/27 11:44:56.895, 81 %, 20780 MiB, 64, P2, 1950 MHz, 9501 MHz, 229.88 W, 0x0000000000000000
2026/08/27 11:45:01.918, 82 %, 20780 MiB, 63, P2, 1950 MHz, 9501 MHz, 226.94 W, 0x0000000000000000
2026/08/27 11:45:06.938, 84 %, 20780 MiB, 63, P2, 1950 MHz, 9501 MHz, 225.46 W, 0x0000000000000000
2026/08/27 11:45:11.959, 80 %, 20780 MiB, 64, P2, 1950 MHz, 9501 MHz, 226.78 W, 0x0000000000000000
2026/08/27 11:45:16.980, 85 %, 20780 MiB, 64, P2, 1950 MHz, 9501 MHz, 228.34 W, 0x0000000000000000
2026/08/27 11:45:21.997, 81 %, 20780 MiB, 64, P2, 1950 MHz, 9501 MHz, 227.20 W, 0x0000000000000000
2026/08/27 11:45:27.017, 0 %, 346 MiB, 61, P2, 1965 MHz, 9501 MHz, 140.55 W, 0x0000000000000000
2026/08/27 11:45:32.037, 100 %, 20144 MiB, 60, P2, 1965 MHz, 9501 MHz, 166.60 W, 0x0000000000000000
2026/08/27 11:45:37.059, 100 %, 20144 MiB, 60, P2, 1965 MHz, 9501 MHz, 165.70 W, 0x0000000000000000
2026/08/27 11:45:42.083, 100 %, 20816 MiB, 60, P2, 1965 MHz, 9501 MHz, 167.96 W, 0x0000000000000000
2026/08/27 11:45:47.101, 76 %, 20816 MiB, 67, P2, 1950 MHz, 9501 MHz, 332.42 W, 0x0000000000000000
2026/08/27 11:45:52.119, 77 %, 20824 MiB, 68, P2, 1950 MHz, 9501 MHz, 291.91 W, 0x0000000000000000
2026/08/27 11:45:57.138, 79 %, 20824 MiB, 65, P2, 1935 MHz, 9501 MHz, 309.38 W, 0x0000000000000004
2026/08/27 11:46:02.159, 0 %, 346 MiB, 61, P2, 1950 MHz, 9501 MHz, 167.47 W, 0x0000000000000000
2026/08/27 11:46:07.180, 100 %, 20144 MiB, 61, P2, 1950 MHz, 9501 MHz, 167.42 W, 0x0000000000000000
2026/08/27 11:46:12.202, 100 %, 20144 MiB, 60, P2, 1950 MHz, 9501 MHz, 166.21 W, 0x0000000000000000
2026/08/27 11:46:17.228, 77 %, 20816 MiB, 66, P2, 1950 MHz, 9501 MHz, 298.64 W, 0x0000000000000004
2026/08/27 11:46:22.247, 78 %, 20816 MiB, 67, P2, 1950 MHz, 9501 MHz, 294.01 W, 0x0000000000000004
2026/08/27 11:46:27.268, 79 %, 20816 MiB, 69, P2, 1935 MHz, 9501 MHz, 332.67 W, 0x0000000000000004
2026/08/27 11:46:32.288, 79 %, 20824 MiB, 70, P2, 1935 MHz, 9501 MHz, 332.00 W, 0x0000000000000004
2026/08/27 11:46:37.307, 63 %, 20824 MiB, 70, P2, 1935 MHz, 9501 MHz, 296.09 W, 0x0000000000000004
2026/08/27 11:46:42.326, 79 %, 20824 MiB, 68, P2, 1935 MHz, 9501 MHz, 317.27 W, 0x0000000000000004
2026/08/27 11:46:47.344, 79 %, 20824 MiB, 72, P2, 1935 MHz, 9501 MHz, 337.24 W, 0x0000000000000004
2026/08/27 11:46:52.364, 0 %, 346 MiB, 64, P2, 1950 MHz, 9501 MHz, 173.10 W, 0x0000000000000000
2026/08/27 11:46:57.385, 100 %, 19044 MiB, 62, P2, 1950 MHz, 9501 MHz, 170.96 W, 0x0000000000000000
2026/08/27 11:47:02.413, 100 %, 19044 MiB, 61, P2, 1950 MHz, 9501 MHz, 170.10 W, 0x0000000000000000
2026/08/27 11:47:07.435, 74 %, 22286 MiB, 64, P2, 1950 MHz, 9501 MHz, 192.38 W, 0x0000000000000004
2026/08/27 11:47:12.455, 79 %, 22292 MiB, 66, P2, 1950 MHz, 9501 MHz, 286.13 W, 0x0000000000000004
2026/08/27 11:47:17.474, 64 %, 22292 MiB, 68, P2, 1950 MHz, 9501 MHz, 295.32 W, 0x0000000000000004
2026/08/27 11:47:22.495, 100 %, 82 MiB, 63, P0, 1950 MHz, 9751 MHz, 191.59 W, 0x0000000000000024
2026/08/27 11:47:27.513, 1 %, 346 MiB, 60, P2, 1695 MHz, 9501 MHz, 145.91 W, 0x0000000000000000
2026/08/27 11:47:32.532, 100 %, 19044 MiB, 60, P2, 1950 MHz, 9501 MHz, 167.80 W, 0x0000000000000000
2026/08/27 11:47:37.558, 100 %, 19044 MiB, 60, P2, 1950 MHz, 9501 MHz, 167.04 W, 0x0000000000000000
2026/08/27 11:47:42.584, 79 %, 22286 MiB, 66, P2, 1950 MHz, 9501 MHz, 330.80 W, 0x0000000000000004
2026/08/27 11:47:47.604, 75 %, 22286 MiB, 64, P2, 1950 MHz, 9501 MHz, 308.31 W, 0x0000000000000004
2026/08/27 11:47:52.625, 78 %, 22292 MiB, 68, P2, 1935 MHz, 9501 MHz, 329.17 W, 0x0000000000000004
2026/08/27 11:47:57.646, 79 %, 22292 MiB, 69, P2, 1935 MHz, 9501 MHz, 330.17 W, 0x0000000000000004
2026/08/27 11:48:02.667, 79 %, 22292 MiB, 67, P2, 1935 MHz, 9501 MHz, 300.18 W, 0x0000000000000004
2026/08/27 11:48:07.688, 81 %, 22292 MiB, 70, P2, 1920 MHz, 9501 MHz, 332.86 W, 0x0000000000000004
2026/08/27 11:48:12.710, 0 %, 346 MiB, 63, P2, 1950 MHz, 9501 MHz, 170.86 W, 0x0000000000000000
2026/08/27 11:48:17.729, 99 %, 18082 MiB, 62, P2, 1950 MHz, 9501 MHz, 169.49 W, 0x0000000000000000
2026/08/27 11:48:22.754, 100 %, 18082 MiB, 61, P2, 1950 MHz, 9501 MHz, 168.55 W, 0x0000000000000000
2026/08/27 11:48:27.777, 35 %, 21828 MiB, 62, P2, 1950 MHz, 9501 MHz, 215.11 W, 0x0000000000000004
2026/08/27 11:48:32.797, 69 %, 21834 MiB, 64, P2, 1950 MHz, 9501 MHz, 289.43 W, 0x0000000000000004
2026/08/27 11:48:37.817, 72 %, 21834 MiB, 67, P2, 1950 MHz, 9501 MHz, 316.52 W, 0x0000000000000004
2026/08/27 11:48:42.839, 70 %, 21834 MiB, 65, P2, 1935 MHz, 9501 MHz, 293.61 W, 0x0000000000000004
2026/08/27 11:48:47.857, 0 %, 346 MiB, 61, P2, 1950 MHz, 9501 MHz, 168.43 W, 0x0000000000000000
2026/08/27 11:48:52.878, 99 %, 18082 MiB, 60, P2, 1950 MHz, 9501 MHz, 167.46 W, 0x0000000000000000
2026/08/27 11:48:57.901, 99 %, 18082 MiB, 60, P2, 1950 MHz, 9501 MHz, 165.93 W, 0x0000000000000000
2026/08/27 11:49:02.925, 40 %, 21828 MiB, 63, P2, 1950 MHz, 9501 MHz, 228.87 W, 0x0000000000000000
2026/08/27 11:49:07.946, 70 %, 21828 MiB, 66, P2, 1950 MHz, 9501 MHz, 307.92 W, 0x0000000000000004
2026/08/27 11:49:12.967, 71 %, 21830 MiB, 68, P2, 1935 MHz, 9501 MHz, 274.80 W, 0x0000000000000004
2026/08/27 11:49:17.989, 75 %, 21834 MiB, 67, P2, 1950 MHz, 9501 MHz, 231.52 W, 0x0000000000000004
2026/08/27 11:49:23.009, 74 %, 21834 MiB, 69, P2, 1935 MHz, 9501 MHz, 281.91 W, 0x0000000000000004
2026/08/27 11:49:28.029, 71 %, 21834 MiB, 69, P2, 1935 MHz, 9501 MHz, 286.68 W, 0x0000000000000004
2026/08/27 11:49:33.048, 0 %, 82 MiB, 64, P0, 1935 MHz, 9751 MHz, 166.23 W, 0x0000000000000000
2026/08/27 11:49:38.067, 0 %, 17618 MiB, 60, P2, 1695 MHz, 9501 MHz, 132.59 W, 0x0000000000000000
2026/08/27 11:49:43.093, 99 %, 17618 MiB, 60, P2, 1950 MHz, 9501 MHz, 157.28 W, 0x0000000000000000
2026/08/27 11:49:48.119, 53 %, 20276 MiB, 65, P2, 1950 MHz, 9501 MHz, 277.78 W, 0x0000000000000000
2026/08/27 11:49:53.137, 72 %, 20288 MiB, 66, P2, 1950 MHz, 9501 MHz, 273.04 W, 0x0000000000000000
2026/08/27 11:49:58.158, 68 %, 20288 MiB, 67, P2, 1935 MHz, 9501 MHz, 248.06 W, 0x0000000000000000
2026/08/27 11:50:03.177, 0 %, 82 MiB, 62, P0, 1950 MHz, 9751 MHz, 163.04 W, 0x0000000000000024
2026/08/27 11:50:08.196, 100 %, 17618 MiB, 60, P2, 1950 MHz, 9501 MHz, 145.84 W, 0x0000000000000000
2026/08/27 11:50:13.219, 100 %, 17618 MiB, 60, P2, 1950 MHz, 9501 MHz, 161.40 W, 0x0000000000000000
2026/08/27 11:50:18.245, 70 %, 20276 MiB, 66, P2, 1950 MHz, 9501 MHz, 309.69 W, 0x0000000000000000
2026/08/27 11:50:23.265, 54 %, 20276 MiB, 64, P2, 1935 MHz, 9501 MHz, 280.04 W, 0x0000000000000004
2026/08/27 11:50:28.285, 83 %, 20284 MiB, 66, P2, 1935 MHz, 9501 MHz, 289.91 W, 0x0000000000000004
2026/08/27 11:50:33.307, 69 %, 20288 MiB, 68, P2, 1935 MHz, 9501 MHz, 310.47 W, 0x0000000000000000
2026/08/27 11:50:38.330, 67 %, 20288 MiB, 68, P2, 1935 MHz, 9501 MHz, 313.27 W, 0x0000000000000000
2026/08/27 11:50:43.350, 72 %, 20288 MiB, 70, P2, 1935 MHz, 9501 MHz, 316.54 W, 0x0000000000000000
2026/08/27 11:50:48.368, 7 %, 346 MiB, 62, P2, 1950 MHz, 9501 MHz, 167.01 W, 0x0000000000000000
2026/08/27 11:50:53.388, 100 %, 19362 MiB, 61, P2, 1950 MHz, 9501 MHz, 167.00 W, 0x0000000000000000
2026/08/27 11:50:58.414, 100 %, 19362 MiB, 61, P2, 1950 MHz, 9501 MHz, 165.54 W, 0x0000000000000000
2026/08/27 11:51:03.439, 81 %, 20768 MiB, 62, P2, 1950 MHz, 9501 MHz, 195.43 W, 0x0000000000000000
2026/08/27 11:51:08.465, 83 %, 20770 MiB, 63, P2, 1950 MHz, 9501 MHz, 216.24 W, 0x0000000000000000
2026/08/27 11:51:13.486, 81 %, 20770 MiB, 62, P2, 1950 MHz, 9501 MHz, 221.93 W, 0x0000000000000000
2026/08/27 11:51:18.506, 81 %, 20770 MiB, 63, P2, 1950 MHz, 9501 MHz, 222.61 W, 0x0000000000000000
2026/08/27 11:51:23.524, 85 %, 20772 MiB, 63, P2, 1950 MHz, 9501 MHz, 222.68 W, 0x0000000000000000
2026/08/27 11:51:28.544, 84 %, 20780 MiB, 62, P2, 1950 MHz, 9501 MHz, 224.84 W, 0x0000000000000000
2026/08/27 11:51:33.566, 99 %, 20780 MiB, 62, P2, 1875 MHz, 9501 MHz, 219.91 W, 0x0000000000000004
2026/08/27 11:51:38.587, 82 %, 20780 MiB, 63, P2, 1950 MHz, 9501 MHz, 223.91 W, 0x0000000000000000
2026/08/27 11:51:43.609, 85 %, 20780 MiB, 62, P2, 1950 MHz, 9501 MHz, 215.26 W, 0x0000000000000000
2026/08/27 11:51:48.630, 85 %, 20780 MiB, 63, P2, 1950 MHz, 9501 MHz, 225.85 W, 0x0000000000000000
2026/08/27 11:51:53.650, 79 %, 20780 MiB, 63, P2, 1950 MHz, 9501 MHz, 223.15 W, 0x0000000000000000
2026/08/27 11:51:58.673, 82 %, 402 MiB, 63, P2, 1950 MHz, 9501 MHz, 222.15 W, 0x0000000000000000
2026/08/27 11:52:03.694, 0 %, 82 MiB, 55, P5, 210 MHz, 810 MHz, 80.43 W, 0x0000000000000001
2026/08/27 11:52:08.717, 0 %, 82 MiB, 51, P8, 210 MHz, 405 MHz, 30.34 W, 0x0000000000000001
2026/08/27 11:52:13.742, 0 %, 346 MiB, 56, P2, 1965 MHz, 9501 MHz, 158.76 W, 0x0000000000000000
2026/08/27 11:52:18.762, 100 %, 20144 MiB, 57, P2, 1965 MHz, 9501 MHz, 160.93 W, 0x0000000000000000
2026/08/27 11:52:23.784, 99 %, 20144 MiB, 56, P2, 1965 MHz, 9501 MHz, 150.91 W, 0x0000000000000000
2026/08/27 11:52:28.806, 76 %, 20816 MiB, 64, P2, 1950 MHz, 9501 MHz, 319.65 W, 0x0000000000000000
2026/08/27 11:52:33.825, 20 %, 20824 MiB, 65, P2, 1950 MHz, 9501 MHz, 270.64 W, 0x0000000000000000
2026/08/27 11:52:38.844, 78 %, 20824 MiB, 67, P2, 1935 MHz, 9501 MHz, 325.35 W, 0x0000000000000000
2026/08/27 11:52:43.864, 0 %, 346 MiB, 60, P2, 1950 MHz, 9501 MHz, 155.98 W, 0x0000000000000000
2026/08/27 11:52:48.883, 99 %, 20144 MiB, 60, P2, 1950 MHz, 9501 MHz, 163.50 W, 0x0000000000000000
2026/08/27 11:52:53.908, 100 %, 20144 MiB, 59, P2, 1950 MHz, 9501 MHz, 162.22 W, 0x0000000000000000
2026/08/27 11:52:58.931, 25 %, 20816 MiB, 63, P2, 1950 MHz, 9501 MHz, 185.62 W, 0x0000000000000004
2026/08/27 11:53:03.953, 80 %, 20816 MiB, 67, P2, 1935 MHz, 9501 MHz, 326.05 W, 0x0000000000000000
2026/08/27 11:53:08.972, 76 %, 20816 MiB, 68, P2, 1935 MHz, 9501 MHz, 324.84 W, 0x0000000000000000
2026/08/27 11:53:13.992, 76 %, 20824 MiB, 69, P2, 1935 MHz, 9501 MHz, 278.76 W, 0x0000000000000000
2026/08/27 11:53:19.014, 79 %, 20824 MiB, 66, P2, 1935 MHz, 9501 MHz, 315.67 W, 0x0000000000000000
2026/08/27 11:53:24.034, 77 %, 20824 MiB, 71, P2, 1935 MHz, 9501 MHz, 328.20 W, 0x0000000000000000
2026/08/27 11:53:29.053, 76 %, 20824 MiB, 71, P2, 1920 MHz, 9501 MHz, 328.86 W, 0x0000000000000000
2026/08/27 11:53:34.071, 0 %, 346 MiB, 63, P2, 1935 MHz, 9501 MHz, 154.36 W, 0x0000000000000000
2026/08/27 11:53:39.092, 100 %, 19044 MiB, 62, P2, 1935 MHz, 9501 MHz, 165.37 W, 0x0000000000000000
2026/08/27 11:53:44.117, 99 %, 19044 MiB, 61, P2, 1935 MHz, 9501 MHz, 164.42 W, 0x0000000000000000
2026/08/27 11:53:49.139, 76 %, 22286 MiB, 65, P2, 1935 MHz, 9501 MHz, 273.27 W, 0x0000000000000000
2026/08/27 11:53:54.160, 99 %, 22292 MiB, 67, P2, 1935 MHz, 9501 MHz, 229.40 W, 0x0000000000000000
2026/08/27 11:53:59.181, 71 %, 22292 MiB, 66, P2, 1935 MHz, 9501 MHz, 273.71 W, 0x0000000000000000
2026/08/27 11:54:04.202, 0 %, 82 MiB, 62, P0, 1935 MHz, 9751 MHz, 162.30 W, 0x0000000000000000
2026/08/27 11:54:09.222, 19 %, 19044 MiB, 59, P2, 1695 MHz, 9501 MHz, 131.39 W, 0x0000000000000000
2026/08/27 11:54:14.248, 99 %, 19044 MiB, 60, P2, 1950 MHz, 9501 MHz, 164.86 W, 0x0000000000000000
2026/08/27 11:54:19.270, 99 %, 19044 MiB, 59, P2, 1950 MHz, 9501 MHz, 163.85 W, 0x0000000000000000
2026/08/27 11:54:24.294, 55 %, 22286 MiB, 66, P2, 1935 MHz, 9501 MHz, 294.68 W, 0x0000000000000004
2026/08/27 11:54:29.316, 79 %, 22286 MiB, 67, P2, 1935 MHz, 9501 MHz, 309.48 W, 0x0000000000000004
2026/08/27 11:54:34.338, 100 %, 22292 MiB, 66, P2, 1935 MHz, 9501 MHz, 218.09 W, 0x0000000000000000
2026/08/27 11:54:39.357, 77 %, 22292 MiB, 66, P2, 1935 MHz, 9501 MHz, 284.42 W, 0x0000000000000004
2026/08/27 11:54:44.378, 73 %, 22292 MiB, 69, P2, 1935 MHz, 9501 MHz, 295.41 W, 0x0000000000000004
2026/08/27 11:54:49.399, 79 %, 414 MiB, 70, P2, 1935 MHz, 9501 MHz, 324.57 W, 0x0000000000000004
2026/08/27 11:54:54.418, 0 %, 346 MiB, 62, P2, 1950 MHz, 9501 MHz, 166.93 W, 0x0000000000000000
2026/08/27 11:54:59.438, 100 %, 18082 MiB, 61, P2, 1950 MHz, 9501 MHz, 166.34 W, 0x0000000000000000
2026/08/27 11:55:04.464, 100 %, 18082 MiB, 61, P2, 1950 MHz, 9501 MHz, 165.37 W, 0x0000000000000000
2026/08/27 11:55:09.488, 61 %, 21828 MiB, 65, P2, 1950 MHz, 9501 MHz, 267.89 W, 0x0000000000000000
2026/08/27 11:55:14.511, 55 %, 21834 MiB, 65, P2, 1935 MHz, 9501 MHz, 254.21 W, 0x0000000000000004
2026/08/27 11:55:19.535, 72 %, 21834 MiB, 66, P2, 1935 MHz, 9501 MHz, 280.12 W, 0x0000000000000004
2026/08/27 11:55:24.557, 44 %, 19806 MiB, 68, P2, 1935 MHz, 9501 MHz, 286.30 W, 0x0000000000000000
2026/08/27 11:55:29.580, 0 %, 346 MiB, 61, P2, 1950 MHz, 9501 MHz, 164.52 W, 0x0000000000000000
2026/08/27 11:55:34.599, 100 %, 18082 MiB, 60, P2, 1950 MHz, 9501 MHz, 165.03 W, 0x0000000000000000
2026/08/27 11:55:39.620, 100 %, 18082 MiB, 60, P2, 1950 MHz, 9501 MHz, 162.17 W, 0x0000000000000000
2026/08/27 11:55:44.644, 69 %, 21828 MiB, 66, P2, 1935 MHz, 9501 MHz, 277.43 W, 0x0000000000000004
2026/08/27 11:55:49.665, 74 %, 21828 MiB, 67, P2, 1935 MHz, 9501 MHz, 297.08 W, 0x0000000000000000
2026/08/27 11:55:54.686, 100 %, 21834 MiB, 63, P2, 1935 MHz, 9501 MHz, 194.10 W, 0x0000000000000000
2026/08/27 11:55:59.708, 69 %, 21834 MiB, 68, P2, 1935 MHz, 9501 MHz, 305.34 W, 0x0000000000000000
2026/08/27 11:56:04.728, 58 %, 21834 MiB, 69, P2, 1935 MHz, 9501 MHz, 286.72 W, 0x0000000000000000
2026/08/27 11:56:09.746, 75 %, 21834 MiB, 70, P2, 1935 MHz, 9501 MHz, 320.48 W, 0x0000000000000000
2026/08/27 11:56:14.765, 0 %, 346 MiB, 63, P2, 1935 MHz, 9501 MHz, 145.05 W, 0x0000000000000000
2026/08/27 11:56:19.785, 100 %, 17618 MiB, 61, P2, 1950 MHz, 9501 MHz, 167.10 W, 0x0000000000000000
2026/08/27 11:56:24.808, 100 %, 17618 MiB, 60, P2, 1950 MHz, 9501 MHz, 163.98 W, 0x0000000000000000
2026/08/27 11:56:29.828, 68 %, 20276 MiB, 65, P2, 1935 MHz, 9501 MHz, 270.22 W, 0x0000000000000000
2026/08/27 11:56:34.849, 68 %, 20288 MiB, 67, P2, 1935 MHz, 9501 MHz, 305.97 W, 0x0000000000000000
2026/08/27 11:56:39.867, 70 %, 20288 MiB, 67, P2, 1935 MHz, 9501 MHz, 280.81 W, 0x0000000000000000
2026/08/27 11:56:44.961, 0 %, 99 MiB, 61, P3, 1935 MHz, 9751 MHz, 158.61 W, 0x0000000000000001
2026/08/27 11:56:49.983, 100 %, 17618 MiB, 60, P2, 1950 MHz, 9501 MHz, 157.54 W, 0x0000000000000000
2026/08/27 11:56:55.008, 100 %, 17618 MiB, 60, P2, 1950 MHz, 9501 MHz, 164.67 W, 0x0000000000000000
2026/08/27 11:57:00.030, 100 %, 20276 MiB, 61, P2, 1950 MHz, 9501 MHz, 167.51 W, 0x0000000000000000
2026/08/27 11:57:05.052, 77 %, 20276 MiB, 66, P2, 1950 MHz, 9501 MHz, 284.12 W, 0x0000000000000000
2026/08/27 11:57:10.073, 39 %, 20280 MiB, 67, P2, 1950 MHz, 9501 MHz, 285.89 W, 0x0000000000000000
2026/08/27 11:57:15.094, 71 %, 20288 MiB, 63, P2, 1935 MHz, 9501 MHz, 270.02 W, 0x0000000000000004
2026/08/27 11:57:20.116, 65 %, 20288 MiB, 66, P2, 1950 MHz, 9501 MHz, 299.88 W, 0x0000000000000000
2026/08/27 11:57:25.137, 65 %, 20288 MiB, 68, P2, 1935 MHz, 9501 MHz, 311.19 W, 0x0000000000000000
2026/08/27 11:57:30.203, 0 %, 99 MiB, 63, P3, 1950 MHz, 9751 MHz, 163.26 W, 0x0000000000000001
2026/08/27 11:57:35.225, 100 %, 19362 MiB, 62, P2, 1950 MHz, 9501 MHz, 153.81 W, 0x0000000000000000
2026/08/27 11:57:40.250, 100 %, 19362 MiB, 61, P2, 1950 MHz, 9501 MHz, 168.34 W, 0x0000000000000000
2026/08/27 11:57:45.278, 100 %, 19362 MiB, 60, P2, 1950 MHz, 9501 MHz, 167.40 W, 0x0000000000000000
2026/08/27 11:57:50.300, 84 %, 20770 MiB, 63, P2, 1950 MHz, 9501 MHz, 224.16 W, 0x0000000000000000
2026/08/27 11:57:55.321, 81 %, 20770 MiB, 63, P2, 1950 MHz, 9501 MHz, 213.85 W, 0x0000000000000000
2026/08/27 11:58:00.342, 81 %, 20770 MiB, 63, P2, 1950 MHz, 9501 MHz, 227.56 W, 0x0000000000000000
2026/08/27 11:58:05.361, 80 %, 20772 MiB, 63, P2, 1950 MHz, 9501 MHz, 226.94 W, 0x0000000000000000
2026/08/27 11:58:10.379, 80 %, 20778 MiB, 62, P2, 1950 MHz, 9501 MHz, 197.21 W, 0x0000000000000000
2026/08/27 11:58:15.397, 80 %, 20780 MiB, 63, P2, 1950 MHz, 9501 MHz, 232.55 W, 0x0000000000000000
2026/08/27 11:58:20.417, 80 %, 20780 MiB, 63, P2, 1950 MHz, 9501 MHz, 230.75 W, 0x0000000000000000
2026/08/27 11:58:25.434, 83 %, 20780 MiB, 63, P2, 1950 MHz, 9501 MHz, 217.21 W, 0x0000000000000000
2026/08/27 11:58:30.454, 83 %, 20780 MiB, 63, P2, 1950 MHz, 9501 MHz, 227.58 W, 0x0000000000000000
2026/08/27 11:58:35.475, 83 %, 20780 MiB, 63, P2, 1950 MHz, 9501 MHz, 226.14 W, 0x0000000000000000
2026/08/27 11:58:40.495, 82 %, 20780 MiB, 63, P2, 1950 MHz, 9501 MHz, 226.83 W, 0x0000000000000000
2026/08/27 11:58:45.516, 0 %, 100 MiB, 58, P0, 390 MHz, 5001 MHz, 139.97 W, 0x0000000000000000
2026/08/27 11:58:50.538, 100 %, 19362 MiB, 60, P2, 1965 MHz, 9501 MHz, 165.60 W, 0x0000000000000000
2026/08/27 11:58:55.561, 100 %, 19362 MiB, 59, P2, 1965 MHz, 9501 MHz, 165.89 W, 0x0000000000000000
2026/08/27 11:59:00.588, 100 %, 19362 MiB, 59, P2, 1965 MHz, 9501 MHz, 165.52 W, 0x0000000000000000
2026/08/27 11:59:05.612, 80 %, 20768 MiB, 61, P2, 1965 MHz, 9501 MHz, 225.26 W, 0x0000000000000000
2026/08/27 11:59:10.632, 81 %, 20772 MiB, 62, P2, 1965 MHz, 9501 MHz, 218.96 W, 0x0000000000000000
2026/08/27 11:59:15.652, 58 %, 20772 MiB, 60, P2, 1965 MHz, 9501 MHz, 220.37 W, 0x0000000000000000
2026/08/27 11:59:20.675, 82 %, 20772 MiB, 63, P2, 1965 MHz, 9501 MHz, 226.57 W, 0x0000000000000000
2026/08/27 11:59:25.696, 84 %, 20772 MiB, 62, P2, 1965 MHz, 9501 MHz, 224.14 W, 0x0000000000000000
2026/08/27 11:59:30.716, 80 %, 20772 MiB, 62, P2, 1965 MHz, 9501 MHz, 225.26 W, 0x0000000000000000
2026/08/27 11:59:35.734, 85 %, 20772 MiB, 63, P2, 1965 MHz, 9501 MHz, 226.33 W, 0x0000000000000000
2026/08/27 11:59:40.754, 81 %, 20774 MiB, 63, P2, 1950 MHz, 9501 MHz, 227.61 W, 0x0000000000000000
2026/08/27 11:59:45.774, 85 %, 20780 MiB, 63, P2, 1950 MHz, 9501 MHz, 225.83 W, 0x0000000000000004
2026/08/27 11:59:50.792, 81 %, 20780 MiB, 63, P2, 1950 MHz, 9501 MHz, 232.22 W, 0x0000000000000004
2026/08/27 11:59:55.815, 80 %, 20780 MiB, 63, P2, 1950 MHz, 9501 MHz, 227.76 W, 0x0000000000000000
2026/08/27 12:00:00.835, 81 %, 20780 MiB, 63, P2, 1950 MHz, 9501 MHz, 225.77 W, 0x0000000000000000
2026/08/27 12:00:05.856, 83 %, 20780 MiB, 63, P2, 1950 MHz, 9501 MHz, 232.29 W, 0x0000000000000004
2026/08/27 12:00:10.877, 84 %, 20780 MiB, 63, P2, 1950 MHz, 9501 MHz, 226.60 W, 0x0000000000000000
2026/08/27 12:00:15.897, 80 %, 20780 MiB, 64, P2, 1950 MHz, 9501 MHz, 230.07 W, 0x0000000000000000
2026/08/27 12:00:20.915, 83 %, 20780 MiB, 64, P2, 1950 MHz, 9501 MHz, 226.60 W, 0x0000000000000000
2026/08/27 12:00:25.933, 84 %, 20780 MiB, 63, P2, 1950 MHz, 9501 MHz, 224.43 W, 0x0000000000000000
2026/08/27 12:00:30.955, 80 %, 20780 MiB, 64, P2, 1950 MHz, 9501 MHz, 226.70 W, 0x0000000000000000
2026/08/27 12:00:35.975, 84 %, 20780 MiB, 64, P2, 1950 MHz, 9501 MHz, 224.89 W, 0x0000000000000000
2026/08/27 12:00:41.000, 80 %, 82 MiB, 62, P2, 1950 MHz, 9501 MHz, 206.46 W, 0x0000000000000000
2026/08/27 12:00:46.021, 7 %, 346 MiB, 61, P2, 1965 MHz, 9501 MHz, 166.65 W, 0x0000000000000000
2026/08/27 12:00:51.040, 100 %, 20144 MiB, 60, P2, 1965 MHz, 9501 MHz, 166.24 W, 0x0000000000000000
2026/08/27 12:00:56.065, 99 %, 20144 MiB, 60, P2, 1965 MHz, 9501 MHz, 165.62 W, 0x0000000000000000
2026/08/27 12:01:01.091, 80 %, 20816 MiB, 66, P2, 1950 MHz, 9501 MHz, 327.33 W, 0x0000000000000000
2026/08/27 12:01:06.111, 79 %, 20816 MiB, 68, P2, 1950 MHz, 9501 MHz, 302.45 W, 0x0000000000000000
2026/08/27 12:01:11.130, 76 %, 20820 MiB, 68, P2, 1935 MHz, 9501 MHz, 286.63 W, 0x0000000000000004
2026/08/27 12:01:16.150, 75 %, 20824 MiB, 70, P2, 1935 MHz, 9501 MHz, 330.57 W, 0x0000000000000004
2026/08/27 12:01:21.170, 78 %, 20824 MiB, 71, P2, 1935 MHz, 9501 MHz, 331.37 W, 0x0000000000000004
2026/08/27 12:01:26.191, 77 %, 20824 MiB, 72, P2, 1935 MHz, 9501 MHz, 300.15 W, 0x0000000000000004
2026/08/27 12:01:31.210, 77 %, 392 MiB, 68, P2, 1935 MHz, 9501 MHz, 301.86 W, 0x0000000000000004
2026/08/27 12:01:36.229, 20 %, 346 MiB, 64, P2, 1695 MHz, 9501 MHz, 171.57 W, 0x0000000000000000
2026/08/27 12:01:41.248, 100 %, 19044 MiB, 62, P2, 1950 MHz, 9501 MHz, 170.57 W, 0x0000000000000000
2026/08/27 12:01:46.272, 100 %, 19044 MiB, 61, P2, 1950 MHz, 9501 MHz, 169.47 W, 0x0000000000000000
2026/08/27 12:01:51.296, 72 %, 22286 MiB, 65, P2, 1950 MHz, 9501 MHz, 247.02 W, 0x0000000000000004
2026/08/27 12:01:56.316, 27 %, 22292 MiB, 63, P2, 1935 MHz, 9501 MHz, 218.61 W, 0x0000000000000024
2026/08/27 12:02:01.334, 76 %, 22292 MiB, 65, P2, 1875 MHz, 9501 MHz, 278.69 W, 0x0000000000000004
2026/08/27 12:02:06.351, 0 %, 82 MiB, 63, P0, 1950 MHz, 9751 MHz, 170.34 W, 0x0000000000000000
2026/08/27 12:02:11.368, 1 %, 346 MiB, 59, P2, 1695 MHz, 9501 MHz, 133.04 W, 0x0000000000000000
2026/08/27 12:02:16.387, 100 %, 19044 MiB, 60, P2, 1950 MHz, 9501 MHz, 167.40 W, 0x0000000000000000
2026/08/27 12:02:21.411, 100 %, 19044 MiB, 60, P2, 1950 MHz, 9501 MHz, 166.14 W, 0x0000000000000000
2026/08/27 12:02:26.435, 78 %, 22286 MiB, 66, P2, 1950 MHz, 9501 MHz, 326.71 W, 0x0000000000000004
2026/08/27 12:02:31.457, 49 %, 22286 MiB, 67, P2, 1950 MHz, 9501 MHz, 298.00 W, 0x0000000000000004
2026/08/27 12:02:36.478, 33 %, 22292 MiB, 63, P2, 1935 MHz, 9501 MHz, 249.43 W, 0x0000000000000000
2026/08/27 12:02:41.499, 76 %, 22292 MiB, 68, P2, 1935 MHz, 9501 MHz, 302.52 W, 0x0000000000000004
2026/08/27 12:02:46.520, 78 %, 22292 MiB, 69, P2, 1935 MHz, 9501 MHz, 299.85 W, 0x0000000000000004
2026/08/27 12:02:51.542, 76 %, 82 MiB, 66, P2, 1935 MHz, 9501 MHz, 274.30 W, 0x0000000000000000
2026/08/27 12:02:56.559, 32 %, 346 MiB, 62, P2, 1950 MHz, 9501 MHz, 168.34 W, 0x0000000000000000
2026/08/27 12:03:01.579, 99 %, 18082 MiB, 61, P2, 1950 MHz, 9501 MHz, 164.40 W, 0x0000000000000000
2026/08/27 12:03:06.604, 99 %, 18082 MiB, 60, P2, 1950 MHz, 9501 MHz, 163.53 W, 0x0000000000000000
2026/08/27 12:03:11.626, 65 %, 21828 MiB, 66, P2, 1950 MHz, 9501 MHz, 281.18 W, 0x0000000000000000
2026/08/27 12:03:16.649, 67 %, 21834 MiB, 67, P2, 1950 MHz, 9501 MHz, 307.40 W, 0x0000000000000004
2026/08/27 12:03:21.671, 69 %, 21834 MiB, 68, P2, 1935 MHz, 9501 MHz, 298.47 W, 0x0000000000000000
2026/08/27 12:03:26.692, 0 %, 82 MiB, 62, P0, 1935 MHz, 9751 MHz, 166.47 W, 0x0000000000000024
2026/08/27 12:03:31.711, 100 %, 18082 MiB, 59, P2, 1950 MHz, 9501 MHz, 134.03 W, 0x0000000000000000
2026/08/27 12:03:36.734, 100 %, 18082 MiB, 60, P2, 1950 MHz, 9501 MHz, 162.98 W, 0x0000000000000000
2026/08/27 12:03:41.756, 34 %, 21828 MiB, 61, P2, 1950 MHz, 9501 MHz, 167.11 W, 0x0000000000000000
2026/08/27 12:03:46.778, 70 %, 21828 MiB, 66, P2, 1950 MHz, 9501 MHz, 284.26 W, 0x0000000000000000
2026/08/27 12:03:51.799, 71 %, 21830 MiB, 68, P2, 1935 MHz, 9501 MHz, 312.97 W, 0x0000000000000000
2026/08/27 12:03:56.819, 42 %, 21834 MiB, 66, P2, 1935 MHz, 9501 MHz, 297.98 W, 0x0000000000000000
2026/08/27 12:04:01.839, 73 %, 21834 MiB, 68, P2, 1935 MHz, 9501 MHz, 315.72 W, 0x0000000000000000
2026/08/27 12:04:06.859, 70 %, 21834 MiB, 69, P2, 1935 MHz, 9501 MHz, 305.93 W, 0x0000000000000000
2026/08/27 12:04:11.880, 0 %, 82 MiB, 65, P0, 1935 MHz, 9751 MHz, 174.50 W, 0x0000000000000000
2026/08/27 12:04:16.897, 18 %, 346 MiB, 61, P2, 1695 MHz, 9501 MHz, 144.13 W, 0x0000000000000000
2026/08/27 12:04:21.916, 100 %, 17618 MiB, 61, P2, 1950 MHz, 9501 MHz, 164.95 W, 0x0000000000000000
2026/08/27 12:04:26.941, 100 %, 20136 MiB, 60, P2, 1950 MHz, 9501 MHz, 166.14 W, 0x0000000000000000
2026/08/27 12:04:31.967, 69 %, 20276 MiB, 67, P2, 1935 MHz, 9501 MHz, 310.52 W, 0x0000000000000000
2026/08/27 12:04:36.988, 72 %, 20288 MiB, 66, P2, 1935 MHz, 9501 MHz, 229.12 W, 0x0000000000000000
2026/08/27 12:04:42.009, 57 %, 20288 MiB, 65, P2, 1935 MHz, 9501 MHz, 291.06 W, 0x0000000000000000
2026/08/27 12:04:47.026, 13 %, 346 MiB, 61, P2, 1950 MHz, 9501 MHz, 167.21 W, 0x0000000000000000
2026/08/27 12:04:52.044, 100 %, 17618 MiB, 60, P2, 1950 MHz, 9501 MHz, 163.45 W, 0x0000000000000000
2026/08/27 12:04:57.067, 99 %, 17618 MiB, 59, P2, 1950 MHz, 9501 MHz, 161.86 W, 0x0000000000000000
2026/08/27 12:05:02.094, 70 %, 20276 MiB, 66, P2, 1950 MHz, 9501 MHz, 278.38 W, 0x0000000000000000
2026/08/27 12:05:07.115, 72 %, 20276 MiB, 66, P2, 1935 MHz, 9501 MHz, 295.65 W, 0x0000000000000000
2026/08/27 12:05:12.134, 67 %, 20288 MiB, 66, P2, 1935 MHz, 9501 MHz, 205.43 W, 0x0000000000000000
2026/08/27 12:05:17.155, 53 %, 20288 MiB, 65, P2, 1935 MHz, 9501 MHz, 290.12 W, 0x0000000000000000
2026/08/27 12:05:22.174, 70 %, 20288 MiB, 69, P2, 1935 MHz, 9501 MHz, 284.66 W, 0x0000000000000000
2026/08/27 12:05:27.193, 100 %, 82 MiB, 65, P0, 1935 MHz, 9501 MHz, 241.30 W, 0x0000000000000000
2026/08/27 12:05:32.209, 0 %, 346 MiB, 61, P2, 1695 MHz, 9501 MHz, 156.40 W, 0x0000000000000000
2026/08/27 12:05:37.227, 99 %, 19362 MiB, 61, P2, 1950 MHz, 9501 MHz, 163.89 W, 0x0000000000000000
2026/08/27 12:05:42.248, 100 %, 19362 MiB, 60, P2, 1950 MHz, 9501 MHz, 163.00 W, 0x0000000000000000
2026/08/27 12:05:47.271, 85 %, 20770 MiB, 63, P2, 1950 MHz, 9501 MHz, 222.98 W, 0x0000000000000000
2026/08/27 12:05:52.290, 73 %, 20770 MiB, 63, P2, 1950 MHz, 9501 MHz, 211.79 W, 0x0000000000000000
2026/08/27 12:05:57.310, 85 %, 20770 MiB, 63, P2, 1950 MHz, 9501 MHz, 225.55 W, 0x0000000000000000
2026/08/27 12:06:02.331, 82 %, 20772 MiB, 63, P2, 1950 MHz, 9501 MHz, 226.73 W, 0x0000000000000004
2026/08/27 12:06:07.350, 99 %, 20778 MiB, 62, P2, 1950 MHz, 9501 MHz, 201.29 W, 0x0000000000000000
2026/08/27 12:06:12.370, 80 %, 20780 MiB, 64, P2, 1950 MHz, 9501 MHz, 234.27 W, 0x0000000000000000
2026/08/27 12:06:17.389, 79 %, 20780 MiB, 63, P2, 1950 MHz, 9501 MHz, 230.84 W, 0x0000000000000000
2026/08/27 12:06:22.407, 84 %, 20780 MiB, 64, P2, 1950 MHz, 9501 MHz, 222.25 W, 0x0000000000000000
2026/08/27 12:06:27.426, 80 %, 20780 MiB, 63, P2, 1950 MHz, 9501 MHz, 227.86 W, 0x0000000000000000
2026/08/27 12:06:32.445, 81 %, 20780 MiB, 64, P2, 1950 MHz, 9501 MHz, 225.78 W, 0x0000000000000000
2026/08/27 12:06:37.464, 82 %, 20780 MiB, 63, P2, 1950 MHz, 9501 MHz, 225.85 W, 0x0000000000000000
2026/08/27 12:06:42.484, 0 %, 346 MiB, 59, P2, 1800 MHz, 9751 MHz, 141.00 W, 0x0000000000000000
2026/08/27 12:06:47.503, 99 %, 19362 MiB, 60, P2, 1950 MHz, 9501 MHz, 165.26 W, 0x0000000000000000
2026/08/27 12:06:52.526, 99 %, 19362 MiB, 59, P2, 1950 MHz, 9501 MHz, 163.59 W, 0x0000000000000000
2026/08/27 12:06:57.549, 95 %, 20768 MiB, 59, P2, 1950 MHz, 9501 MHz, 169.20 W, 0x0000000000000000
2026/08/27 12:07:02.566, 81 %, 20770 MiB, 61, P2, 1950 MHz, 9501 MHz, 223.47 W, 0x0000000000000000
2026/08/27 12:07:07.585, 85 %, 20772 MiB, 61, P2, 1950 MHz, 9501 MHz, 221.06 W, 0x0000000000000000
2026/08/27 12:07:12.607, 84 %, 20772 MiB, 62, P2, 1950 MHz, 9501 MHz, 222.36 W, 0x0000000000000000
2026/08/27 12:07:17.626, 80 %, 20772 MiB, 62, P2, 1950 MHz, 9501 MHz, 228.26 W, 0x0000000000000000
2026/08/27 12:07:22.644, 84 %, 20772 MiB, 62, P2, 1950 MHz, 9501 MHz, 223.98 W, 0x0000000000000000
2026/08/27 12:07:27.663, 84 %, 20772 MiB, 62, P2, 1950 MHz, 9501 MHz, 224.04 W, 0x0000000000000000
2026/08/27 12:07:32.680, 80 %, 20772 MiB, 62, P2, 1905 MHz, 9501 MHz, 214.82 W, 0x0000000000000004
2026/08/27 12:07:37.699, 86 %, 20774 MiB, 63, P2, 1950 MHz, 9501 MHz, 232.30 W, 0x0000000000000000
2026/08/27 12:07:42.718, 83 %, 20780 MiB, 63, P2, 1950 MHz, 9501 MHz, 231.06 W, 0x0000000000000000
2026/08/27 12:07:47.737, 84 %, 20780 MiB, 63, P2, 1950 MHz, 9501 MHz, 218.42 W, 0x0000000000000000
2026/08/27 12:07:52.758, 84 %, 20780 MiB, 64, P2, 1950 MHz, 9501 MHz, 226.61 W, 0x0000000000000000
2026/08/27 12:07:57.779, 83 %, 20780 MiB, 63, P2, 1950 MHz, 9501 MHz, 227.70 W, 0x0000000000000000
2026/08/27 12:08:02.798, 80 %, 20780 MiB, 63, P2, 1950 MHz, 9501 MHz, 229.84 W, 0x0000000000000000
2026/08/27 12:08:07.818, 66 %, 20780 MiB, 63, P2, 1950 MHz, 9501 MHz, 221.33 W, 0x0000000000000000
2026/08/27 12:08:12.837, 83 %, 20780 MiB, 63, P2, 1950 MHz, 9501 MHz, 231.79 W, 0x0000000000000000
2026/08/27 12:08:17.855, 83 %, 20780 MiB, 63, P2, 1950 MHz, 9501 MHz, 227.59 W, 0x0000000000000000
2026/08/27 12:08:22.875, 81 %, 20780 MiB, 64, P2, 1950 MHz, 9501 MHz, 227.65 W, 0x0000000000000000
2026/08/27 12:08:27.895, 83 %, 20780 MiB, 64, P2, 1950 MHz, 9501 MHz, 226.48 W, 0x0000000000000000
2026/08/27 12:08:32.916, 82 %, 20780 MiB, 64, P2, 1950 MHz, 9501 MHz, 227.36 W, 0x0000000000000000
2026/08/27 12:08:37.934, 0 %, 82 MiB, 61, P3, 1950 MHz, 9751 MHz, 159.78 W, 0x0000000000000000
2026/08/27 12:08:42.953, 100 %, 20144 MiB, 60, P2, 1950 MHz, 9501 MHz, 141.49 W, 0x0000000000000000
2026/08/27 12:08:47.978, 100 %, 20144 MiB, 60, P2, 1950 MHz, 9501 MHz, 162.67 W, 0x0000000000000000
2026/08/27 12:08:53.001, 78 %, 20816 MiB, 65, P2, 1950 MHz, 9501 MHz, 286.52 W, 0x0000000000000000
2026/08/27 12:08:58.022, 77 %, 20824 MiB, 67, P2, 1935 MHz, 9501 MHz, 276.88 W, 0x0000000000000000
2026/08/27 12:09:03.042, 78 %, 20824 MiB, 66, P2, 1935 MHz, 9501 MHz, 298.90 W, 0x0000000000000000
2026/08/27 12:09:08.061, 0 %, 82 MiB, 62, P0, 1935 MHz, 9751 MHz, 163.23 W, 0x0000000000000000
2026/08/27 12:09:13.080, 0 %, 346 MiB, 60, P2, 1695 MHz, 9501 MHz, 132.10 W, 0x0000000000000000
2026/08/27 12:09:18.101, 99 %, 19044 MiB, 61, P2, 1950 MHz, 9501 MHz, 165.18 W, 0x0000000000000000
2026/08/27 12:09:23.127, 100 %, 19044 MiB, 60, P2, 1950 MHz, 9501 MHz, 164.54 W, 0x0000000000000000
2026/08/27 12:09:28.152, 75 %, 22286 MiB, 62, P2, 1935 MHz, 9501 MHz, 267.10 W, 0x0000000000000000
2026/08/27 12:09:33.173, 77 %, 22292 MiB, 66, P2, 1935 MHz, 9501 MHz, 306.46 W, 0x0000000000000004
2026/08/27 12:09:38.194, 78 %, 22292 MiB, 67, P2, 1935 MHz, 9501 MHz, 287.02 W, 0x0000000000000004
2026/08/27 12:09:43.507, 0 %, 99 MiB, 59, P0, 525 MHz, 5001 MHz, 138.64 W, 0x0000000000000000
2026/08/27 12:09:48.526, 100 %, 19044 MiB, 60, P2, 1950 MHz, 9501 MHz, 157.38 W, 0x0000000000000000
2026/08/27 12:09:53.548, 100 %, 19044 MiB, 60, P2, 1950 MHz, 9501 MHz, 165.94 W, 0x0000000000000000
2026/08/27 12:09:58.572, 100 %, 20188 MiB, 60, P2, 1950 MHz, 9501 MHz, 164.82 W, 0x0000000000000000
2026/08/27 12:10:03.592, 79 %, 22286 MiB, 67, P2, 1950 MHz, 9501 MHz, 331.59 W, 0x0000000000000000
2026/08/27 12:10:08.612, 78 %, 22286 MiB, 68, P2, 1935 MHz, 9501 MHz, 320.80 W, 0x0000000000000004
2026/08/27 12:10:13.633, 80 %, 22292 MiB, 69, P2, 1950 MHz, 9501 MHz, 329.44 W, 0x0000000000000000
2026/08/27 12:10:18.655, 77 %, 22292 MiB, 69, P2, 1950 MHz, 9501 MHz, 321.70 W, 0x0000000000000004
2026/08/27 12:10:23.674, 80 %, 22292 MiB, 70, P2, 1935 MHz, 9501 MHz, 323.93 W, 0x0000000000000000
2026/08/27 12:10:28.697, 100 %, 82 MiB, 65, P0, 1935 MHz, 9751 MHz, 175.33 W, 0x0000000000000000
2026/08/27 12:10:33.715, 32 %, 346 MiB, 61, P2, 1695 MHz, 9501 MHz, 140.26 W, 0x0000000000000000
2026/08/27 12:10:38.738, 100 %, 18082 MiB, 62, P2, 1935 MHz, 9501 MHz, 166.84 W, 0x0000000000000000
2026/08/27 12:10:43.766, 100 %, 18082 MiB, 61, P2, 1935 MHz, 9501 MHz, 166.51 W, 0x0000000000000000
2026/08/27 12:10:48.790, 69 %, 21828 MiB, 62, P2, 1935 MHz, 9501 MHz, 259.54 W, 0x0000000000000004
2026/08/27 12:10:53.813, 33 %, 21834 MiB, 66, P2, 1935 MHz, 9501 MHz, 227.47 W, 0x0000000000000004
2026/08/27 12:10:58.834, 61 %, 21834 MiB, 66, P2, 1935 MHz, 9501 MHz, 277.16 W, 0x0000000000000000
2026/08/27 12:11:03.857, 100 %, 82 MiB, 62, P0, 1935 MHz, 9751 MHz, 167.41 W, 0x0000000000000000
2026/08/27 12:11:08.877, 32 %, 346 MiB, 59, P2, 1695 MHz, 9501 MHz, 133.18 W, 0x0000000000000000
2026/08/27 12:11:13.897, 100 %, 18082 MiB, 60, P2, 1950 MHz, 9501 MHz, 164.23 W, 0x0000000000000000
2026/08/27 12:11:18.919, 99 %, 21828 MiB, 61, P2, 1950 MHz, 9501 MHz, 171.91 W, 0x0000000000000004
2026/08/27 12:11:23.940, 75 %, 21828 MiB, 66, P2, 1950 MHz, 9501 MHz, 285.98 W, 0x0000000000000000
2026/08/27 12:11:28.960, 69 %, 21828 MiB, 68, P2, 1950 MHz, 9501 MHz, 315.47 W, 0x0000000000000000
2026/08/27 12:11:33.980, 67 %, 21834 MiB, 65, P2, 1950 MHz, 9501 MHz, 298.67 W, 0x0000000000000000
2026/08/27 12:11:39.003, 69 %, 21834 MiB, 69, P2, 1950 MHz, 9501 MHz, 320.27 W, 0x0000000000000000
2026/08/27 12:11:44.024, 73 %, 21834 MiB, 70, P2, 1935 MHz, 9501 MHz, 319.65 W, 0x0000000000000000
2026/08/27 12:11:49.041, 0 %, 82 MiB, 66, P0, 1935 MHz, 9501 MHz, 243.14 W, 0x0000000000000000
2026/08/27 12:11:54.061, 10 %, 346 MiB, 61, P2, 1695 MHz, 9501 MHz, 158.61 W, 0x0000000000000000
2026/08/27 12:11:59.081, 100 %, 17618 MiB, 61, P2, 1935 MHz, 9501 MHz, 164.94 W, 0x0000000000000000
2026/08/27 12:12:04.103, 99 %, 17618 MiB, 61, P2, 1935 MHz, 9501 MHz, 164.87 W, 0x0000000000000000
2026/08/27 12:12:09.127, 70 %, 20276 MiB, 66, P2, 1935 MHz, 9501 MHz, 278.28 W, 0x0000000000000000
2026/08/27 12:12:14.148, 64 %, 20288 MiB, 67, P2, 1935 MHz, 9501 MHz, 308.75 W, 0x0000000000000000
2026/08/27 12:12:19.174, 71 %, 20288 MiB, 67, P2, 1935 MHz, 9501 MHz, 311.94 W, 0x0000000000000000
2026/08/27 12:12:24.196, 0 %, 1100 MiB, 61, P2, 1950 MHz, 9501 MHz, 137.23 W, 0x0000000000000000
2026/08/27 12:12:29.216, 100 %, 17618 MiB, 60, P2, 1950 MHz, 9501 MHz, 166.14 W, 0x0000000000000000
2026/08/27 12:12:34.238, 100 %, 17618 MiB, 60, P2, 1950 MHz, 9501 MHz, 163.66 W, 0x0000000000000000
2026/08/27 12:12:39.260, 70 %, 20276 MiB, 64, P2, 1935 MHz, 9501 MHz, 281.57 W, 0x0000000000000000
2026/08/27 12:12:44.279, 71 %, 20276 MiB, 66, P2, 1950 MHz, 9501 MHz, 315.72 W, 0x0000000000000000
2026/08/27 12:12:49.299, 67 %, 20280 MiB, 67, P2, 1950 MHz, 9501 MHz, 316.13 W, 0x0000000000000000
2026/08/27 12:12:54.319, 100 %, 20288 MiB, 67, P2, 1950 MHz, 9501 MHz, 226.20 W, 0x0000000000000000
2026/08/27 12:12:59.337, 68 %, 20288 MiB, 68, P2, 1950 MHz, 9501 MHz, 289.58 W, 0x0000000000000000
2026/08/27 12:13:04.355, 70 %, 20288 MiB, 69, P2, 1935 MHz, 9501 MHz, 288.59 W, 0x0000000000000000
2026/08/27 12:13:09.375, 0 %, 346 MiB, 62, P2, 1950 MHz, 9501 MHz, 142.87 W, 0x0000000000000000
2026/08/27 12:13:14.394, 100 %, 19362 MiB, 62, P2, 1950 MHz, 9501 MHz, 168.90 W, 0x0000000000000000
2026/08/27 12:13:19.419, 100 %, 19362 MiB, 61, P2, 1950 MHz, 9501 MHz, 168.32 W, 0x0000000000000000
2026/08/27 12:13:24.442, 100 %, 20742 MiB, 60, P2, 1950 MHz, 9501 MHz, 168.58 W, 0x0000000000000000
2026/08/27 12:13:29.462, 79 %, 20770 MiB, 63, P2, 1950 MHz, 9501 MHz, 228.05 W, 0x0000000000000000
2026/08/27 12:13:34.483, 84 %, 20770 MiB, 63, P2, 1950 MHz, 9501 MHz, 225.28 W, 0x0000000000000000
2026/08/27 12:13:39.506, 82 %, 20770 MiB, 63, P2, 1950 MHz, 9501 MHz, 225.11 W, 0x0000000000000000
2026/08/27 12:13:44.527, 84 %, 20772 MiB, 62, P2, 1950 MHz, 9501 MHz, 225.84 W, 0x0000000000000000
2026/08/27 12:13:49.548, 85 %, 20778 MiB, 63, P2, 1950 MHz, 9501 MHz, 228.49 W, 0x0000000000000000
2026/08/27 12:13:54.568, 79 %, 20780 MiB, 63, P2, 1950 MHz, 9501 MHz, 232.31 W, 0x0000000000000000
2026/08/27 12:13:59.591, 84 %, 20780 MiB, 63, P2, 1950 MHz, 9501 MHz, 230.50 W, 0x0000000000000000
2026/08/27 12:14:04.614, 83 %, 20780 MiB, 63, P2, 1950 MHz, 9501 MHz, 227.94 W, 0x0000000000000000
2026/08/27 12:14:09.632, 81 %, 20780 MiB, 63, P2, 1950 MHz, 9501 MHz, 229.33 W, 0x0000000000000000
2026/08/27 12:14:14.653, 84 %, 20780 MiB, 63, P2, 1950 MHz, 9501 MHz, 229.49 W, 0x0000000000000000
2026/08/27 12:14:19.674, 81 %, 20780 MiB, 63, P2, 1950 MHz, 9501 MHz, 220.67 W, 0x0000000000000000
2026/08/27 12:14:24.695, 0 %, 346 MiB, 60, P2, 1965 MHz, 9501 MHz, 166.81 W, 0x0000000000000000
2026/08/27 12:14:29.715, 99 %, 19362 MiB, 60, P2, 1965 MHz, 9501 MHz, 166.16 W, 0x0000000000000000
2026/08/27 12:14:34.739, 99 %, 19362 MiB, 59, P2, 1965 MHz, 9501 MHz, 165.69 W, 0x0000000000000000
2026/08/27 12:14:39.761, 71 %, 20762 MiB, 60, P2, 1965 MHz, 9501 MHz, 173.95 W, 0x0000000000000000
2026/08/27 12:14:44.779, 83 %, 20770 MiB, 62, P2, 1965 MHz, 9501 MHz, 224.72 W, 0x0000000000000000
2026/08/27 12:14:49.797, 80 %, 20772 MiB, 62, P2, 1965 MHz, 9501 MHz, 222.99 W, 0x0000000000000000
2026/08/27 12:14:54.818, 81 %, 20772 MiB, 62, P2, 1965 MHz, 9501 MHz, 225.14 W, 0x0000000000000000
2026/08/27 12:14:59.836, 83 %, 20772 MiB, 63, P2, 1965 MHz, 9501 MHz, 228.47 W, 0x0000000000000000
2026/08/27 12:15:04.854, 85 %, 20772 MiB, 62, P2, 1965 MHz, 9501 MHz, 225.33 W, 0x0000000000000000
2026/08/27 12:15:09.875, 83 %, 20772 MiB, 62, P2, 1965 MHz, 9501 MHz, 225.68 W, 0x0000000000000000
2026/08/27 12:15:14.892, 78 %, 20772 MiB, 62, P2, 1965 MHz, 9501 MHz, 216.02 W, 0x0000000000000004
2026/08/27 12:15:19.910, 84 %, 20774 MiB, 63, P2, 1950 MHz, 9501 MHz, 229.75 W, 0x0000000000000000
2026/08/27 12:15:24.932, 84 %, 20780 MiB, 63, P2, 1950 MHz, 9501 MHz, 227.27 W, 0x0000000000000004
2026/08/27 12:15:29.950, 81 %, 20780 MiB, 63, P2, 1950 MHz, 9501 MHz, 215.15 W, 0x0000000000000000
2026/08/27 12:15:34.970, 84 %, 20780 MiB, 63, P2, 1950 MHz, 9501 MHz, 224.46 W, 0x0000000000000000
2026/08/27 12:15:39.990, 83 %, 20780 MiB, 63, P2, 1950 MHz, 9501 MHz, 224.80 W, 0x0000000000000000
2026/08/27 12:15:45.009, 83 %, 20780 MiB, 63, P2, 1950 MHz, 9501 MHz, 227.03 W, 0x0000000000000000
2026/08/27 12:15:50.029, 81 %, 20780 MiB, 64, P2, 1950 MHz, 9501 MHz, 220.73 W, 0x0000000000000004
2026/08/27 12:15:55.047, 85 %, 20780 MiB, 64, P2, 1950 MHz, 9501 MHz, 232.07 W, 0x0000000000000000
2026/08/27 12:16:00.069, 83 %, 20780 MiB, 64, P2, 1950 MHz, 9501 MHz, 227.80 W, 0x0000000000000000
2026/08/27 12:16:05.089, 84 %, 20780 MiB, 64, P2, 1950 MHz, 9501 MHz, 227.38 W, 0x0000000000000000
2026/08/27 12:16:10.110, 80 %, 20780 MiB, 64, P2, 1950 MHz, 9501 MHz, 218.43 W, 0x0000000000000000
2026/08/27 12:16:15.131, 84 %, 20780 MiB, 63, P2, 1950 MHz, 9501 MHz, 225.66 W, 0x0000000000000000
2026/08/27 12:16:20.151, 0 %, 82 MiB, 62, P0, 1950 MHz, 9751 MHz, 170.50 W, 0x0000000000000000
2026/08/27 12:16:25.169, 100 %, 20144 MiB, 59, P2, 1965 MHz, 9501 MHz, 129.00 W, 0x0000000000000000
2026/08/27 12:16:30.192, 100 %, 20144 MiB, 60, P2, 1965 MHz, 9501 MHz, 166.35 W, 0x0000000000000000
2026/08/27 12:16:35.214, 99 %, 20144 MiB, 60, P2, 1965 MHz, 9501 MHz, 165.60 W, 0x0000000000000000
2026/08/27 12:16:40.239, 76 %, 20816 MiB, 66, P2, 1950 MHz, 9501 MHz, 291.47 W, 0x0000000000000004
2026/08/27 12:16:45.257, 76 %, 20824 MiB, 68, P2, 1950 MHz, 9501 MHz, 328.25 W, 0x0000000000000004
2026/08/27 12:16:50.278, 79 %, 20824 MiB, 69, P2, 1935 MHz, 9501 MHz, 317.68 W, 0x0000000000000004
2026/08/27 12:16:55.528, 0 %, 346 MiB, 60, P0, 1695 MHz, 9751 MHz, 145.42 W, 0x0000000000000000
2026/08/27 12:17:00.546, 99 %, 20144 MiB, 61, P2, 1950 MHz, 9501 MHz, 167.87 W, 0x0000000000000000
2026/08/27 12:17:05.571, 99 %, 20144 MiB, 61, P2, 1950 MHz, 9501 MHz, 167.23 W, 0x0000000000000000
2026/08/27 12:17:10.594, 99 %, 20482 MiB, 60, P2, 1950 MHz, 9501 MHz, 166.05 W, 0x0000000000000000
2026/08/27 12:17:15.615, 78 %, 20816 MiB, 67, P2, 1950 MHz, 9501 MHz, 326.89 W, 0x0000000000000004
2026/08/27 12:17:20.637, 73 %, 20816 MiB, 68, P2, 1935 MHz, 9501 MHz, 288.94 W, 0x0000000000000004
2026/08/27 12:17:25.657, 77 %, 20824 MiB, 67, P2, 1935 MHz, 9501 MHz, 323.03 W, 0x0000000000000004
2026/08/27 12:17:30.675, 80 %, 20824 MiB, 70, P2, 1935 MHz, 9501 MHz, 334.92 W, 0x0000000000000004
2026/08/27 12:17:35.695, 77 %, 20824 MiB, 71, P2, 1935 MHz, 9501 MHz, 299.65 W, 0x0000000000000004
2026/08/27 12:17:40.714, 79 %, 20824 MiB, 72, P2, 1935 MHz, 9501 MHz, 302.48 W, 0x0000000000000004
2026/08/27 12:17:45.907, 0 %, 346 MiB, 64, P2, 1950 MHz, 9751 MHz, 146.08 W, 0x0000000000000000
2026/08/27 12:17:50.931, 100 %, 19044 MiB, 62, P2, 1950 MHz, 9501 MHz, 168.12 W, 0x0000000000000000
2026/08/27 12:17:55.955, 100 %, 19044 MiB, 62, P2, 1950 MHz, 9501 MHz, 170.48 W, 0x0000000000000000
2026/08/27 12:18:00.982, 99 %, 20188 MiB, 61, P2, 1950 MHz, 9501 MHz, 169.33 W, 0x0000000000000000
2026/08/27 12:18:06.000, 80 %, 22286 MiB, 68, P2, 1935 MHz, 9501 MHz, 328.92 W, 0x0000000000000004
2026/08/27 12:18:11.020, 77 %, 22286 MiB, 68, P2, 1935 MHz, 9501 MHz, 330.30 W, 0x0000000000000004
2026/08/27 12:18:16.042, 73 %, 22292 MiB, 69, P2, 1935 MHz, 9501 MHz, 323.38 W, 0x0000000000000004
2026/08/27 12:18:21.063, 80 %, 22292 MiB, 70, P2, 1935 MHz, 9501 MHz, 331.88 W, 0x0000000000000004
2026/08/27 12:18:26.083, 75 %, 22292 MiB, 71, P2, 1935 MHz, 9501 MHz, 329.05 W, 0x0000000000000004
2026/08/27 12:18:31.104, 0 %, 82 MiB, 64, P0, 1935 MHz, 9751 MHz, 169.96 W, 0x0000000000000000
2026/08/27 12:18:36.122, 0 %, 18082 MiB, 61, P2, 1695 MHz, 9501 MHz, 133.97 W, 0x0000000000000000
2026/08/27 12:18:41.144, 100 %, 18082 MiB, 61, P2, 1950 MHz, 9501 MHz, 168.36 W, 0x0000000000000000
2026/08/27 12:18:46.172, 0 %, 21776 MiB, 60, P2, 1950 MHz, 9501 MHz, 161.21 W, 0x0000000000000000
2026/08/27 12:18:51.190, 72 %, 21828 MiB, 67, P2, 1935 MHz, 9501 MHz, 315.32 W, 0x0000000000000000
2026/08/27 12:18:56.210, 70 %, 21834 MiB, 66, P2, 1935 MHz, 9501 MHz, 215.82 W, 0x0000000000000000
2026/08/27 12:19:01.229, 70 %, 21834 MiB, 68, P2, 1935 MHz, 9501 MHz, 317.36 W, 0x0000000000000004
2026/08/27 12:19:06.249, 0 %, 346 MiB, 61, P2, 1950 MHz, 9501 MHz, 150.54 W, 0x0000000000000000
2026/08/27 12:19:11.268, 100 %, 18082 MiB, 60, P2, 1950 MHz, 9501 MHz, 158.86 W, 0x0000000000000000
2026/08/27 12:19:16.291, 24 %, 21776 MiB, 60, P2, 1950 MHz, 9501 MHz, 160.61 W, 0x0000000000000000
2026/08/27 12:19:21.312, 65 %, 21828 MiB, 64, P2, 1950 MHz, 9501 MHz, 284.57 W, 0x0000000000000000
2026/08/27 12:19:26.329, 69 %, 21828 MiB, 67, P2, 1935 MHz, 9501 MHz, 311.08 W, 0x0000000000000000
2026/08/27 12:19:31.348, 71 %, 21834 MiB, 67, P2, 1935 MHz, 9501 MHz, 310.03 W, 0x0000000000000000
2026/08/27 12:19:36.367, 70 %, 21834 MiB, 69, P2, 1935 MHz, 9501 MHz, 313.89 W, 0x0000000000000000
2026/08/27 12:19:41.387, 72 %, 21834 MiB, 69, P2, 1935 MHz, 9501 MHz, 315.44 W, 0x0000000000000000
2026/08/27 12:19:46.409, 100 %, 82 MiB, 66, P2, 1935 MHz, 9501 MHz, 254.78 W, 0x0000000000000000
2026/08/27 12:19:51.432, 0 %, 346 MiB, 61, P2, 1695 MHz, 9501 MHz, 160.98 W, 0x0000000000000000
2026/08/27 12:19:56.454, 99 %, 17618 MiB, 61, P2, 1950 MHz, 9501 MHz, 168.32 W, 0x0000000000000000
2026/08/27 12:20:01.477, 99 %, 17618 MiB, 61, P2, 1950 MHz, 9501 MHz, 167.03 W, 0x0000000000000000
2026/08/27 12:20:06.501, 68 %, 20276 MiB, 65, P2, 1950 MHz, 9501 MHz, 269.11 W, 0x0000000000000004
2026/08/27 12:20:11.521, 67 %, 20288 MiB, 66, P2, 1935 MHz, 9501 MHz, 261.69 W, 0x0000000000000000
2026/08/27 12:20:16.542, 57 %, 20288 MiB, 64, P2, 1920 MHz, 9501 MHz, 253.11 W, 0x0000000000000004
2026/08/27 12:20:21.561, 0 %, 82 MiB, 62, P0, 1935 MHz, 9751 MHz, 165.24 W, 0x0000000000000000
2026/08/27 12:20:26.579, 100 %, 17618 MiB, 60, P2, 1950 MHz, 9501 MHz, 136.36 W, 0x0000000000000000
2026/08/27 12:20:31.604, 99 %, 17618 MiB, 60, P2, 1950 MHz, 9501 MHz, 164.42 W, 0x0000000000000000
2026/08/27 12:20:36.625, 100 %, 18762 MiB, 59, P2, 1950 MHz, 9501 MHz, 163.69 W, 0x0000000000000000
2026/08/27 12:20:41.644, 71 %, 20276 MiB, 66, P2, 1950 MHz, 9501 MHz, 285.95 W, 0x0000000000000000
2026/08/27 12:20:46.664, 69 %, 20276 MiB, 67, P2, 1935 MHz, 9501 MHz, 313.52 W, 0x0000000000000000
2026/08/27 12:20:51.684, 71 %, 20288 MiB, 67, P2, 1935 MHz, 9501 MHz, 312.32 W, 0x0000000000000000
2026/08/27 12:20:56.704, 70 %, 20288 MiB, 68, P2, 1935 MHz, 9501 MHz, 301.73 W, 0x0000000000000000
2026/08/27 12:21:01.726, 67 %, 20288 MiB, 69, P2, 1935 MHz, 9501 MHz, 315.00 W, 0x0000000000000000
2026/08/27 12:21:06.747, 0 %, 82 MiB, 63, P0, 1935 MHz, 9751 MHz, 166.68 W, 0x0000000000000000
2026/08/27 12:21:11.769, 6 %, 19362 MiB, 60, P2, 1695 MHz, 9501 MHz, 132.19 W, 0x0000000000000000
2026/08/27 12:21:16.794, 99 %, 19362 MiB, 61, P2, 1950 MHz, 9501 MHz, 166.10 W, 0x0000000000000000
2026/08/27 12:21:21.817, 100 %, 19362 MiB, 60, P2, 1950 MHz, 9501 MHz, 165.03 W, 0x0000000000000000
2026/08/27 12:21:26.844, 83 %, 20768 MiB, 62, P2, 1950 MHz, 9501 MHz, 220.38 W, 0x0000000000000000
2026/08/27 12:21:31.866, 85 %, 20770 MiB, 63, P2, 1950 MHz, 9501 MHz, 222.05 W, 0x0000000000000000
2026/08/27 12:21:36.885, 80 %, 20770 MiB, 63, P2, 1950 MHz, 9501 MHz, 221.93 W, 0x0000000000000000
2026/08/27 12:21:41.906, 84 %, 20770 MiB, 63, P2, 1950 MHz, 9501 MHz, 227.01 W, 0x0000000000000000
2026/08/27 12:21:46.928, 79 %, 20776 MiB, 64, P2, 1950 MHz, 9501 MHz, 216.06 W, 0x0000000000000000
2026/08/27 12:21:51.951, 79 %, 20780 MiB, 63, P2, 1950 MHz, 9501 MHz, 225.76 W, 0x0000000000000000
2026/08/27 12:21:56.969, 80 %, 20780 MiB, 63, P2, 1950 MHz, 9501 MHz, 226.08 W, 0x0000000000000000
2026/08/27 12:22:01.990, 84 %, 20780 MiB, 62, P2, 1950 MHz, 9501 MHz, 228.92 W, 0x0000000000000000
2026/08/27 12:22:07.010, 82 %, 20780 MiB, 63, P2, 1950 MHz, 9501 MHz, 222.53 W, 0x0000000000000000
2026/08/27 12:22:12.027, 81 %, 20780 MiB, 63, P2, 1950 MHz, 9501 MHz, 219.13 W, 0x0000000000000000
2026/08/27 12:22:17.044, 82 %, 20780 MiB, 63, P2, 1950 MHz, 9501 MHz, 223.49 W, 0x0000000000000000
2026/08/27 12:22:22.062, 0 %, 82 MiB, 60, P0, 1950 MHz, 9751 MHz, 158.21 W, 0x0000000000000000
2026/08/27 12:22:27.080, 80 %, 19362 MiB, 59, P2, 1950 MHz, 9501 MHz, 132.09 W, 0x0000000000000000
2026/08/27 12:22:32.106, 99 %, 19362 MiB, 59, P2, 1950 MHz, 9501 MHz, 163.23 W, 0x0000000000000000
2026/08/27 12:22:37.129, 99 %, 19362 MiB, 59, P2, 1950 MHz, 9501 MHz, 162.59 W, 0x0000000000000000
2026/08/27 12:22:42.150, 83 %, 20768 MiB, 61, P2, 1950 MHz, 9501 MHz, 220.49 W, 0x0000000000000000
2026/08/27 12:22:47.170, 81 %, 20772 MiB, 61, P2, 1950 MHz, 9501 MHz, 229.61 W, 0x0000000000000000
2026/08/27 12:22:52.191, 85 %, 20772 MiB, 62, P2, 1950 MHz, 9501 MHz, 225.72 W, 0x0000000000000000
2026/08/27 12:22:57.209, 80 %, 20772 MiB, 62, P2, 1950 MHz, 9501 MHz, 223.01 W, 0x0000000000000000
2026/08/27 12:23:02.227, 83 %, 20772 MiB, 62, P2, 1950 MHz, 9501 MHz, 221.98 W, 0x0000000000000000
2026/08/27 12:23:07.247, 82 %, 20772 MiB, 62, P2, 1950 MHz, 9501 MHz, 220.17 W, 0x0000000000000000
2026/08/27 12:23:12.269, 83 %, 20772 MiB, 63, P2, 1950 MHz, 9501 MHz, 222.53 W, 0x0000000000000000
2026/08/27 12:23:17.290, 84 %, 20774 MiB, 63, P2, 1950 MHz, 9501 MHz, 223.90 W, 0x0000000000000000
2026/08/27 12:23:22.308, 80 %, 20780 MiB, 62, P2, 1950 MHz, 9501 MHz, 224.28 W, 0x0000000000000000
2026/08/27 12:23:27.328, 79 %, 20780 MiB, 63, P2, 1950 MHz, 9501 MHz, 228.34 W, 0x0000000000000000
2026/08/27 12:23:32.346, 79 %, 20780 MiB, 63, P2, 1950 MHz, 9501 MHz, 225.42 W, 0x0000000000000000
2026/08/27 12:23:37.365, 84 %, 20780 MiB, 63, P2, 1950 MHz, 9501 MHz, 223.09 W, 0x0000000000000000
2026/08/27 12:23:42.385, 83 %, 20780 MiB, 63, P2, 1950 MHz, 9501 MHz, 230.08 W, 0x0000000000000000
2026/08/27 12:23:47.406, 84 %, 20780 MiB, 63, P2, 1950 MHz, 9501 MHz, 225.34 W, 0x0000000000000000
2026/08/27 12:23:52.424, 84 %, 20780 MiB, 64, P2, 1950 MHz, 9501 MHz, 227.90 W, 0x0000000000000000
2026/08/27 12:23:57.442, 84 %, 20780 MiB, 63, P2, 1950 MHz, 9501 MHz, 224.42 W, 0x0000000000000000
2026/08/27 12:24:02.463, 84 %, 20780 MiB, 63, P2, 1950 MHz, 9501 MHz, 222.20 W, 0x0000000000000000
2026/08/27 12:24:07.483, 80 %, 20780 MiB, 64, P2, 1950 MHz, 9501 MHz, 224.90 W, 0x0000000000000000
2026/08/27 12:24:12.502, 81 %, 20780 MiB, 64, P2, 1950 MHz, 9501 MHz, 223.08 W, 0x0000000000000000
2026/08/27 12:24:17.522, 29 %, 402 MiB, 62, P2, 1950 MHz, 9501 MHz, 226.24 W, 0x0000000000000000
2026/08/27 12:24:22.544, 6 %, 346 MiB, 61, P2, 1950 MHz, 9501 MHz, 163.47 W, 0x0000000000000000
2026/08/27 12:24:27.564, 99 %, 20144 MiB, 60, P2, 1950 MHz, 9501 MHz, 164.02 W, 0x0000000000000000
2026/08/27 12:24:32.590, 100 %, 20144 MiB, 60, P2, 1950 MHz, 9501 MHz, 163.27 W, 0x0000000000000000
2026/08/27 12:24:37.613, 67 %, 20816 MiB, 62, P2, 1950 MHz, 9501 MHz, 270.60 W, 0x0000000000000000
2026/08/27 12:24:42.633, 75 %, 20824 MiB, 65, P2, 1935 MHz, 9501 MHz, 236.21 W, 0x0000000000000000
2026/08/27 12:24:47.652, 77 %, 20824 MiB, 68, P2, 1935 MHz, 9501 MHz, 296.13 W, 0x0000000000000000
2026/08/27 12:24:52.673, 0 %, 82 MiB, 63, P0, 1935 MHz, 9751 MHz, 196.93 W, 0x0000000000000000
2026/08/27 12:24:57.693, 0 %, 20144 MiB, 60, P2, 1695 MHz, 9501 MHz, 139.81 W, 0x0000000000000000
2026/08/27 12:25:02.719, 100 %, 20144 MiB, 61, P2, 1950 MHz, 9501 MHz, 163.95 W, 0x0000000000000000
2026/08/27 12:25:07.743, 100 %, 20144 MiB, 60, P2, 1950 MHz, 9501 MHz, 164.55 W, 0x0000000000000000
2026/08/27 12:25:12.767, 28 %, 20816 MiB, 67, P2, 1935 MHz, 9501 MHz, 316.35 W, 0x0000000000000000
2026/08/27 12:25:17.787, 76 %, 20816 MiB, 68, P2, 1935 MHz, 9501 MHz, 329.70 W, 0x0000000000000000
2026/08/27 12:25:22.805, 78 %, 20820 MiB, 69, P2, 1935 MHz, 9501 MHz, 330.53 W, 0x0000000000000000
2026/08/27 12:25:27.823, 78 %, 20824 MiB, 70, P2, 1935 MHz, 9501 MHz, 290.69 W, 0x0000000000000000
2026/08/27 12:25:32.844, 78 %, 20824 MiB, 68, P2, 1860 MHz, 9501 MHz, 295.55 W, 0x0000000000000004
2026/08/27 12:25:37.863, 78 %, 20824 MiB, 72, P2, 1920 MHz, 9501 MHz, 332.69 W, 0x0000000000000000
2026/08/27 12:25:42.882, 0 %, 82 MiB, 66, P0, 1935 MHz, 9751 MHz, 172.14 W, 0x0000000000000000
2026/08/27 12:25:47.899, 0 %, 19044 MiB, 61, P2, 1695 MHz, 9501 MHz, 134.47 W, 0x0000000000000000
2026/08/27 12:25:52.924, 100 %, 19044 MiB, 62, P2, 1935 MHz, 9501 MHz, 168.58 W, 0x0000000000000000
2026/08/27 12:25:57.950, 100 %, 21094 MiB, 61, P2, 1950 MHz, 9501 MHz, 166.76 W, 0x0000000000000000
2026/08/27 12:26:02.972, 76 %, 22286 MiB, 67, P2, 1935 MHz, 9501 MHz, 323.49 W, 0x0000000000000004
2026/08/27 12:26:07.992, 100 %, 22292 MiB, 67, P2, 1935 MHz, 9501 MHz, 252.30 W, 0x0000000000000004
2026/08/27 12:26:13.012, 80 %, 22292 MiB, 69, P2, 1935 MHz, 9501 MHz, 321.36 W, 0x0000000000000004
2026/08/27 12:26:18.032, 0 %, 346 MiB, 62, P2, 1950 MHz, 9501 MHz, 144.52 W, 0x0000000000000000
2026/08/27 12:26:23.050, 100 %, 18082 MiB, 61, P2, 1950 MHz, 9501 MHz, 166.42 W, 0x0000000000000000
2026/08/27 12:26:28.076, 99 %, 18082 MiB, 60, P2, 1950 MHz, 9501 MHz, 165.65 W, 0x0000000000000000
2026/08/27 12:26:33.098, 70 %, 21828 MiB, 64, P2, 1935 MHz, 9501 MHz, 274.40 W, 0x0000000000000000
2026/08/27 12:26:38.120, 69 %, 21834 MiB, 66, P2, 1935 MHz, 9501 MHz, 250.01 W, 0x0000000000000000
2026/08/27 12:26:43.138, 71 %, 21834 MiB, 64, P2, 1935 MHz, 9501 MHz, 262.71 W, 0x0000000000000000
2026/08/27 12:26:48.160, 0 %, 82 MiB, 62, P0, 1935 MHz, 9751 MHz, 168.44 W, 0x0000000000000000
2026/08/27 12:26:53.179, 31 %, 346 MiB, 59, P2, 1695 MHz, 9501 MHz, 141.03 W, 0x0000000000000000
2026/08/27 12:26:58.198, 100 %, 18082 MiB, 60, P2, 1950 MHz, 9501 MHz, 164.05 W, 0x0000000000000000
2026/08/27 12:27:03.221, 100 %, 18082 MiB, 59, P2, 1950 MHz, 9501 MHz, 164.47 W, 0x0000000000000000
2026/08/27 12:27:08.245, 58 %, 21828 MiB, 65, P2, 1950 MHz, 9501 MHz, 286.81 W, 0x0000000000000000
2026/08/27 12:27:13.265, 72 %, 21828 MiB, 67, P2, 1950 MHz, 9501 MHz, 300.25 W, 0x0000000000000000
2026/08/27 12:27:18.286, 100 %, 21834 MiB, 62, P2, 1950 MHz, 9501 MHz, 199.48 W, 0x0000000000000000
2026/08/27 12:27:23.306, 70 %, 21834 MiB, 65, P2, 1935 MHz, 9501 MHz, 288.25 W, 0x0000000000000004
2026/08/27 12:27:28.325, 68 %, 21834 MiB, 69, P2, 1950 MHz, 9501 MHz, 292.50 W, 0x0000000000000000
2026/08/27 12:27:33.346, 73 %, 21834 MiB, 70, P2, 1935 MHz, 9501 MHz, 325.27 W, 0x0000000000000000
2026/08/27 12:27:38.366, 0 %, 346 MiB, 63, P2, 1950 MHz, 9501 MHz, 150.62 W, 0x0000000000000000
2026/08/27 12:27:43.385, 100 %, 17618 MiB, 62, P2, 1950 MHz, 9501 MHz, 169.66 W, 0x0000000000000000
2026/08/27 12:27:48.411, 100 %, 17618 MiB, 61, P2, 1950 MHz, 9501 MHz, 168.90 W, 0x0000000000000000
2026/08/27 12:27:53.436, 47 %, 20276 MiB, 61, P2, 1950 MHz, 9501 MHz, 168.34 W, 0x0000000000000000
2026/08/27 12:27:58.458, 26 %, 20280 MiB, 63, P2, 1935 MHz, 9501 MHz, 264.28 W, 0x0000000000000000
2026/08/27 12:28:03.479, 69 %, 20288 MiB, 64, P2, 1950 MHz, 9501 MHz, 293.52 W, 0x0000000000000000
2026/08/27 12:28:08.498, 70 %, 391 MiB, 64, P2, 1950 MHz, 9501 MHz, 232.40 W, 0x0000000000000000
2026/08/27 12:28:13.557, 14 %, 346 MiB, 61, P2, 1965 MHz, 9501 MHz, 169.15 W, 0x0000000000000000
2026/08/27 12:28:18.576, 100 %, 17618 MiB, 60, P2, 1965 MHz, 9501 MHz, 167.97 W, 0x0000000000000000
2026/08/27 12:28:23.602, 100 %, 17618 MiB, 60, P2, 1965 MHz, 9501 MHz, 167.42 W, 0x0000000000000000
2026/08/27 12:28:28.624, 70 %, 20276 MiB, 65, P2, 1950 MHz, 9501 MHz, 300.68 W, 0x0000000000000000
2026/08/27 12:28:33.645, 65 %, 20276 MiB, 67, P2, 1950 MHz, 9501 MHz, 301.46 W, 0x0000000000000000
2026/08/27 12:28:38.663, 69 %, 20280 MiB, 68, P2, 1950 MHz, 9501 MHz, 313.57 W, 0x0000000000000000
2026/08/27 12:28:43.683, 71 %, 20288 MiB, 68, P2, 1950 MHz, 9501 MHz, 311.79 W, 0x0000000000000000
2026/08/27 12:28:48.703, 69 %, 20288 MiB, 68, P2, 1950 MHz, 9501 MHz, 315.31 W, 0x0000000000000000
2026/08/27 12:28:53.725, 70 %, 20288 MiB, 69, P2, 1935 MHz, 9501 MHz, 318.82 W, 0x0000000000000000
2026/08/27 12:28:58.746, 0 %, 346 MiB, 62, P2, 1950 MHz, 9501 MHz, 157.08 W, 0x0000000000000000
2026/08/27 12:29:03.766, 100 %, 19362 MiB, 61, P2, 1950 MHz, 9501 MHz, 168.96 W, 0x0000000000000000
2026/08/27 12:29:08.794, 99 %, 19362 MiB, 61, P2, 1950 MHz, 9501 MHz, 168.09 W, 0x0000000000000000
2026/08/27 12:29:13.817, 0 %, 20768 MiB, 60, P2, 1950 MHz, 9501 MHz, 169.17 W, 0x0000000000000000
2026/08/27 12:29:18.841, 82 %, 20770 MiB, 62, P2, 1950 MHz, 9501 MHz, 216.93 W, 0x0000000000000000
2026/08/27 12:29:23.861, 83 %, 20770 MiB, 62, P2, 1950 MHz, 9501 MHz, 226.98 W, 0x0000000000000000
2026/08/27 12:29:28.882, 84 %, 20770 MiB, 63, P2, 1950 MHz, 9501 MHz, 225.89 W, 0x0000000000000000
2026/08/27 12:29:33.900, 78 %, 20772 MiB, 63, P2, 1950 MHz, 9501 MHz, 226.24 W, 0x0000000000000000
2026/08/27 12:29:38.920, 83 %, 20778 MiB, 63, P2, 1950 MHz, 9501 MHz, 226.65 W, 0x0000000000000000
2026/08/27 12:29:43.940, 81 %, 20780 MiB, 63, P2, 1950 MHz, 9501 MHz, 232.96 W, 0x0000000000000000
2026/08/27 12:29:48.957, 85 %, 20780 MiB, 63, P2, 1950 MHz, 9501 MHz, 228.63 W, 0x0000000000000000
2026/08/27 12:29:53.978, 85 %, 20780 MiB, 63, P2, 1950 MHz, 9501 MHz, 228.38 W, 0x0000000000000000
2026/08/27 12:29:58.998, 81 %, 20780 MiB, 63, P2, 1950 MHz, 9501 MHz, 229.16 W, 0x0000000000000000
2026/08/27 12:30:04.019, 84 %, 20780 MiB, 63, P2, 1950 MHz, 9501 MHz, 227.27 W, 0x0000000000000000
2026/08/27 12:30:09.038, 81 %, 20780 MiB, 63, P2, 1950 MHz, 9501 MHz, 223.17 W, 0x0000000000000000
2026/08/27 12:30:14.058, 0 %, 346 MiB, 60, P2, 1965 MHz, 9501 MHz, 166.18 W, 0x0000000000000000
2026/08/27 12:30:19.076, 100 %, 19362 MiB, 60, P2, 1965 MHz, 9501 MHz, 166.57 W, 0x0000000000000000
2026/08/27 12:30:24.100, 99 %, 19362 MiB, 59, P2, 1965 MHz, 9501 MHz, 165.92 W, 0x0000000000000000
2026/08/27 12:30:29.126, 0 %, 20768 MiB, 61, P2, 1965 MHz, 9501 MHz, 179.95 W, 0x0000000000000004
2026/08/27 12:30:34.145, 85 %, 20770 MiB, 61, P2, 1965 MHz, 9501 MHz, 227.27 W, 0x0000000000000000
2026/08/27 12:30:39.163, 84 %, 20772 MiB, 62, P2, 1965 MHz, 9501 MHz, 224.03 W, 0x0000000000000000
2026/08/27 12:30:44.184, 84 %, 20772 MiB, 62, P2, 1965 MHz, 9501 MHz, 224.66 W, 0x0000000000000000
2026/08/27 12:30:49.207, 82 %, 20772 MiB, 63, P2, 1965 MHz, 9501 MHz, 230.18 W, 0x0000000000000000
2026/08/27 12:30:54.227, 82 %, 20772 MiB, 62, P2, 1965 MHz, 9501 MHz, 226.04 W, 0x0000000000000000
2026/08/27 12:30:59.246, 84 %, 20772 MiB, 63, P2, 1950 MHz, 9501 MHz, 223.12 W, 0x0000000000000000
2026/08/27 12:31:04.266, 80 %, 20772 MiB, 62, P2, 1950 MHz, 9501 MHz, 212.63 W, 0x0000000000000000
2026/08/27 12:31:09.286, 85 %, 20774 MiB, 63, P2, 1950 MHz, 9501 MHz, 231.85 W, 0x0000000000000000
2026/08/27 12:31:14.305, 81 %, 20780 MiB, 64, P2, 1950 MHz, 9501 MHz, 231.57 W, 0x0000000000000000
2026/08/27 12:31:19.324, 80 %, 20780 MiB, 63, P2, 1950 MHz, 9501 MHz, 221.81 W, 0x0000000000000000
2026/08/27 12:31:24.342, 84 %, 20780 MiB, 64, P2, 1950 MHz, 9501 MHz, 227.76 W, 0x0000000000000000
2026/08/27 12:31:29.362, 82 %, 20780 MiB, 63, P2, 1950 MHz, 9501 MHz, 229.37 W, 0x0000000000000000
2026/08/27 12:31:34.380, 84 %, 20780 MiB, 64, P2, 1950 MHz, 9501 MHz, 231.64 W, 0x0000000000000000
2026/08/27 12:31:39.401, 81 %, 20780 MiB, 63, P2, 1950 MHz, 9501 MHz, 225.05 W, 0x0000000000000000
2026/08/27 12:31:44.419, 83 %, 20780 MiB, 62, P2, 1950 MHz, 9501 MHz, 225.92 W, 0x0000000000000000
2026/08/27 12:31:49.439, 82 %, 20780 MiB, 64, P2, 1950 MHz, 9501 MHz, 229.17 W, 0x0000000000000000
2026/08/27 12:31:54.458, 79 %, 20780 MiB, 64, P2, 1950 MHz, 9501 MHz, 230.33 W, 0x0000000000000000
2026/08/27 12:31:59.477, 83 %, 20780 MiB, 64, P2, 1950 MHz, 9501 MHz, 228.39 W, 0x0000000000000000
2026/08/27 12:32:04.496, 83 %, 20780 MiB, 64, P2, 1950 MHz, 9501 MHz, 228.43 W, 0x0000000000000000
2026/08/27 12:32:09.515, 0 %, 82 MiB, 62, P0, 1950 MHz, 9751 MHz, 168.99 W, 0x0000000000000000
2026/08/27 12:32:14.536, 100 %, 20144 MiB, 60, P2, 1950 MHz, 9501 MHz, 144.21 W, 0x0000000000000000
2026/08/27 12:32:19.561, 100 %, 20144 MiB, 60, P2, 1950 MHz, 9501 MHz, 166.43 W, 0x0000000000000000
2026/08/27 12:32:24.583, 100 %, 20144 MiB, 60, P2, 1950 MHz, 9501 MHz, 165.60 W, 0x0000000000000000
2026/08/27 12:32:29.608, 79 %, 20816 MiB, 67, P2, 1950 MHz, 9501 MHz, 327.23 W, 0x0000000000000004
2026/08/27 12:32:34.630, 40 %, 20824 MiB, 66, P2, 1935 MHz, 9501 MHz, 313.61 W, 0x0000000000000004
2026/08/27 12:32:39.653, 81 %, 20824 MiB, 69, P2, 1935 MHz, 9501 MHz, 329.75 W, 0x0000000000000004
2026/08/27 12:32:44.675, 0 %, 346 MiB, 62, P2, 1950 MHz, 9501 MHz, 156.81 W, 0x0000000000000000
2026/08/27 12:32:49.695, 100 %, 20144 MiB, 61, P2, 1950 MHz, 9501 MHz, 168.61 W, 0x0000000000000000
2026/08/27 12:32:54.720, 100 %, 20144 MiB, 61, P2, 1950 MHz, 9501 MHz, 167.26 W, 0x0000000000000000
2026/08/27 12:32:59.743, 24 %, 20800 MiB, 60, P2, 1950 MHz, 9501 MHz, 169.18 W, 0x0000000000000000
2026/08/27 12:33:04.761, 78 %, 20816 MiB, 68, P2, 1950 MHz, 9501 MHz, 326.76 W, 0x0000000000000004
2026/08/27 12:33:09.782, 79 %, 20816 MiB, 69, P2, 1935 MHz, 9501 MHz, 323.20 W, 0x0000000000000004
2026/08/27 12:33:14.801, 73 %, 20824 MiB, 68, P2, 1935 MHz, 9501 MHz, 266.57 W, 0x0000000000000000
2026/08/27 12:33:19.822, 78 %, 20824 MiB, 71, P2, 1935 MHz, 9501 MHz, 333.44 W, 0x0000000000000004
2026/08/27 12:33:24.842, 79 %, 20824 MiB, 71, P2, 1935 MHz, 9501 MHz, 336.23 W, 0x0000000000000004
2026/08/27 12:33:29.860, 79 %, 20824 MiB, 72, P2, 1935 MHz, 9501 MHz, 302.31 W, 0x0000000000000004
2026/08/27 12:33:34.878, 0 %, 346 MiB, 64, P2, 1950 MHz, 9501 MHz, 145.20 W, 0x0000000000000000
2026/08/27 12:33:39.898, 100 %, 19044 MiB, 63, P2, 1950 MHz, 9501 MHz, 170.30 W, 0x0000000000000000
2026/08/27 12:33:44.920, 100 %, 19044 MiB, 62, P2, 1950 MHz, 9501 MHz, 166.73 W, 0x0000000000000000
2026/08/27 12:33:49.947, 74 %, 22286 MiB, 66, P2, 1950 MHz, 9501 MHz, 251.28 W, 0x0000000000000004
2026/08/27 12:33:54.966, 40 %, 22292 MiB, 62, P2, 1935 MHz, 9501 MHz, 206.63 W, 0x0000000000000000
2026/08/27 12:33:59.985, 77 %, 22292 MiB, 68, P2, 1935 MHz, 9501 MHz, 295.63 W, 0x0000000000000004
2026/08/27 12:34:05.003, 0 %, 82 MiB, 62, P0, 1950 MHz, 9751 MHz, 163.27 W, 0x0000000000000024
2026/08/27 12:34:10.023, 56 %, 19044 MiB, 59, P2, 1695 MHz, 9501 MHz, 131.16 W, 0x0000000000000000
2026/08/27 12:34:15.045, 99 %, 19044 MiB, 59, P2, 1950 MHz, 9501 MHz, 156.31 W, 0x0000000000000000
2026/08/27 12:34:20.065, 78 %, 22286 MiB, 66, P2, 1950 MHz, 9501 MHz, 330.95 W, 0x0000000000000004
2026/08/27 12:34:25.084, 79 %, 22286 MiB, 66, P2, 1935 MHz, 9501 MHz, 285.07 W, 0x0000000000000004
2026/08/27 12:34:30.104, 100 %, 22292 MiB, 66, P2, 1830 MHz, 9501 MHz, 285.78 W, 0x0000000000000004
2026/08/27 12:34:35.126, 47 %, 22292 MiB, 69, P2, 1935 MHz, 9501 MHz, 327.06 W, 0x0000000000000004
2026/08/27 12:34:40.147, 76 %, 22292 MiB, 70, P2, 1935 MHz, 9501 MHz, 295.90 W, 0x0000000000000004
2026/08/27 12:34:45.166, 78 %, 414 MiB, 71, P2, 1935 MHz, 9501 MHz, 335.12 W, 0x0000000000000004
2026/08/27 12:34:50.183, 26 %, 346 MiB, 63, P2, 1950 MHz, 9501 MHz, 169.43 W, 0x0000000000000000
2026/08/27 12:34:55.205, 100 %, 18082 MiB, 61, P2, 1950 MHz, 9501 MHz, 167.31 W, 0x0000000000000000
2026/08/27 12:35:00.232, 100 %, 18082 MiB, 61, P2, 1950 MHz, 9501 MHz, 166.77 W, 0x0000000000000000
2026/08/27 12:35:05.255, 75 %, 21828 MiB, 66, P2, 1950 MHz, 9501 MHz, 291.68 W, 0x0000000000000000
2026/08/27 12:35:10.278, 73 %, 21828 MiB, 68, P2, 1935 MHz, 9501 MHz, 321.99 W, 0x0000000000000000
2026/08/27 12:35:15.296, 72 %, 21830 MiB, 69, P2, 1935 MHz, 9501 MHz, 280.73 W, 0x0000000000000000
2026/08/27 12:35:20.314, 70 %, 21834 MiB, 68, P2, 1935 MHz, 9501 MHz, 234.59 W, 0x0000000000000004
2026/08/27 12:35:25.335, 73 %, 21834 MiB, 70, P2, 1935 MHz, 9501 MHz, 291.27 W, 0x0000000000000000
2026/08/27 12:35:30.357, 73 %, 21834 MiB, 70, P2, 1935 MHz, 9501 MHz, 292.54 W, 0x0000000000000000
2026/08/27 12:35:35.378, 0 %, 82 MiB, 64, P0, 1935 MHz, 9751 MHz, 166.93 W, 0x0000000000000000
2026/08/27 12:35:40.399, 100 %, 17618 MiB, 62, P2, 1950 MHz, 9501 MHz, 137.02 W, 0x0000000000000000
2026/08/27 12:35:45.422, 100 %, 17618 MiB, 61, P2, 1950 MHz, 9501 MHz, 167.82 W, 0x0000000000000000
2026/08/27 12:35:50.448, 0 %, 20136 MiB, 61, P2, 1950 MHz, 9501 MHz, 166.77 W, 0x0000000000000000
2026/08/27 12:35:55.472, 71 %, 20276 MiB, 67, P2, 1935 MHz, 9501 MHz, 308.88 W, 0x0000000000000000
2026/08/27 12:36:00.493, 68 %, 20288 MiB, 64, P2, 1935 MHz, 9501 MHz, 221.02 W, 0x0000000000000000
2026/08/27 12:36:05.513, 68 %, 20288 MiB, 68, P2, 1935 MHz, 9501 MHz, 311.96 W, 0x0000000000000000
2026/08/27 12:36:10.531, 0 %, 346 MiB, 61, P2, 1950 MHz, 9501 MHz, 155.75 W, 0x0000000000000000
2026/08/27 12:36:15.552, 100 %, 17618 MiB, 60, P2, 1950 MHz, 9501 MHz, 166.48 W, 0x0000000000000000
2026/08/27 12:36:20.575, 100 %, 17618 MiB, 60, P2, 1950 MHz, 9501 MHz, 164.64 W, 0x0000000000000000
2026/08/27 12:36:25.601, 69 %, 20276 MiB, 65, P2, 1950 MHz, 9501 MHz, 305.73 W, 0x0000000000000000
2026/08/27 12:36:30.622, 70 %, 20276 MiB, 67, P2, 1950 MHz, 9501 MHz, 315.37 W, 0x0000000000000000
2026/08/27 12:36:35.641, 69 %, 20280 MiB, 68, P2, 1950 MHz, 9501 MHz, 316.22 W, 0x0000000000000000
2026/08/27 12:36:40.663, 70 %, 20288 MiB, 67, P2, 1950 MHz, 9501 MHz, 261.64 W, 0x0000000000000000
2026/08/27 12:36:45.684, 68 %, 20288 MiB, 68, P2, 1950 MHz, 9501 MHz, 301.40 W, 0x0000000000000000
2026/08/27 12:36:50.706, 73 %, 20288 MiB, 69, P2, 1935 MHz, 9501 MHz, 308.18 W, 0x0000000000000000
2026/08/27 12:36:55.725, 0 %, 346 MiB, 62, P2, 1950 MHz, 9501 MHz, 159.24 W, 0x0000000000000000
2026/08/27 12:37:00.745, 100 %, 19362 MiB, 62, P2, 1950 MHz, 9501 MHz, 169.40 W, 0x0000000000000000
2026/08/27 12:37:05.773, 99 %, 19362 MiB, 61, P2, 1950 MHz, 9501 MHz, 168.36 W, 0x0000000000000000
2026/08/27 12:37:10.794, 0 %, 20744 MiB, 60, P2, 1950 MHz, 9501 MHz, 168.79 W, 0x0000000000000000
2026/08/27 12:37:15.813, 82 %, 20770 MiB, 63, P2, 1950 MHz, 9501 MHz, 218.02 W, 0x0000000000000000
2026/08/27 12:37:20.835, 83 %, 20770 MiB, 62, P2, 1950 MHz, 9501 MHz, 224.31 W, 0x0000000000000000
2026/08/27 12:37:25.857, 81 %, 20770 MiB, 63, P2, 1950 MHz, 9501 MHz, 224.53 W, 0x0000000000000000
2026/08/27 12:37:30.876, 77 %, 20772 MiB, 63, P2, 1950 MHz, 9501 MHz, 221.57 W, 0x0000000000000000
2026/08/27 12:37:35.897, 85 %, 20778 MiB, 63, P2, 1950 MHz, 9501 MHz, 220.54 W, 0x0000000000000000
2026/08/27 12:37:40.917, 82 %, 20780 MiB, 64, P2, 1950 MHz, 9501 MHz, 231.50 W, 0x0000000000000000
2026/08/27 12:37:45.936, 80 %, 20780 MiB, 63, P2, 1950 MHz, 9501 MHz, 231.21 W, 0x0000000000000000
2026/08/27 12:37:50.957, 83 %, 20780 MiB, 63, P2, 1950 MHz, 9501 MHz, 224.06 W, 0x0000000000000000
2026/08/27 12:37:55.977, 81 %, 20780 MiB, 63, P2, 1950 MHz, 9501 MHz, 228.48 W, 0x0000000000000000
2026/08/27 12:38:00.996, 82 %, 20780 MiB, 63, P2, 1950 MHz, 9501 MHz, 227.47 W, 0x0000000000000000
2026/08/27 12:38:06.017, 67 %, 20780 MiB, 63, P2, 1950 MHz, 9501 MHz, 220.66 W, 0x0000000000000000
2026/08/27 12:38:11.037, 0 %, 346 MiB, 60, P2, 1965 MHz, 9501 MHz, 127.00 W, 0x0000000000000000
2026/08/27 12:38:16.058, 100 %, 19362 MiB, 60, P2, 1965 MHz, 9501 MHz, 166.73 W, 0x0000000000000000
2026/08/27 12:38:21.086, 100 %, 19362 MiB, 59, P2, 1965 MHz, 9501 MHz, 166.39 W, 0x0000000000000000
2026/08/27 12:38:26.111, 10 %, 20742 MiB, 59, P2, 1965 MHz, 9501 MHz, 167.35 W, 0x0000000000000000
2026/08/27 12:38:31.131, 85 %, 20768 MiB, 62, P2, 1965 MHz, 9501 MHz, 227.49 W, 0x0000000000000000
2026/08/27 12:38:36.153, 84 %, 20772 MiB, 62, P2, 1965 MHz, 9501 MHz, 224.77 W, 0x0000000000000000
2026/08/27 12:38:41.172, 81 %, 20772 MiB, 62, P2, 1965 MHz, 9501 MHz, 214.84 W, 0x0000000000000000
2026/08/27 12:38:46.192, 86 %, 20772 MiB, 63, P2, 1965 MHz, 9501 MHz, 225.87 W, 0x0000000000000000
2026/08/27 12:38:51.213, 81 %, 20772 MiB, 63, P2, 1965 MHz, 9501 MHz, 225.23 W, 0x0000000000000000
2026/08/27 12:38:56.234, 84 %, 20772 MiB, 62, P2, 1965 MHz, 9501 MHz, 226.09 W, 0x0000000000000000
2026/08/27 12:39:01.254, 81 %, 20772 MiB, 62, P2, 1965 MHz, 9501 MHz, 226.14 W, 0x0000000000000000
2026/08/27 12:39:06.272, 80 %, 20774 MiB, 63, P2, 1965 MHz, 9501 MHz, 233.63 W, 0x0000000000000000
2026/08/27 12:39:11.291, 81 %, 20780 MiB, 63, P2, 1950 MHz, 9501 MHz, 230.64 W, 0x0000000000000000
2026/08/27 12:39:16.309, 71 %, 20780 MiB, 63, P2, 1950 MHz, 9501 MHz, 206.41 W, 0x0000000000000000
2026/08/27 12:39:21.329, 81 %, 20780 MiB, 63, P2, 1950 MHz, 9501 MHz, 228.00 W, 0x0000000000000000
2026/08/27 12:39:26.349, 78 %, 20780 MiB, 63, P2, 1950 MHz, 9501 MHz, 228.79 W, 0x0000000000000000
2026/08/27 12:39:31.367, 80 %, 20780 MiB, 64, P2, 1950 MHz, 9501 MHz, 231.35 W, 0x0000000000000000
2026/08/27 12:39:36.388, 85 %, 20780 MiB, 63, P2, 1890 MHz, 9501 MHz, 222.83 W, 0x0000000000000004
2026/08/27 12:39:41.406, 80 %, 20780 MiB, 64, P2, 1950 MHz, 9501 MHz, 235.90 W, 0x0000000000000000
2026/08/27 12:39:46.426, 81 %, 20780 MiB, 64, P2, 1950 MHz, 9501 MHz, 226.57 W, 0x0000000000000000
2026/08/27 12:39:51.444, 81 %, 20780 MiB, 64, P2, 1950 MHz, 9501 MHz, 228.98 W, 0x0000000000000000
2026/08/27 12:39:56.464, 31 %, 20780 MiB, 64, P2, 1950 MHz, 9501 MHz, 220.66 W, 0x0000000000000000
2026/08/27 12:40:01.487, 82 %, 20780 MiB, 63, P2, 1950 MHz, 9501 MHz, 226.45 W, 0x0000000000000000
2026/08/27 12:40:06.507, 0 %, 82 MiB, 62, P0, 1950 MHz, 9751 MHz, 172.23 W, 0x0000000000000000
2026/08/27 12:40:11.527, 0 %, 20144 MiB, 59, P2, 1695 MHz, 9501 MHz, 129.85 W, 0x0000000000000000
2026/08/27 12:40:16.553, 100 %, 20144 MiB, 60, P2, 1950 MHz, 9501 MHz, 164.20 W, 0x0000000000000000
2026/08/27 12:40:21.579, 99 %, 20144 MiB, 59, P2, 1950 MHz, 9501 MHz, 163.00 W, 0x0000000000000000
2026/08/27 12:40:26.603, 78 %, 20816 MiB, 67, P2, 1950 MHz, 9501 MHz, 328.83 W, 0x0000000000000000
2026/08/27 12:40:31.624, 79 %, 20824 MiB, 64, P2, 1935 MHz, 9501 MHz, 273.65 W, 0x0000000000000004
2026/08/27 12:40:36.644, 77 %, 20824 MiB, 69, P2, 1935 MHz, 9501 MHz, 330.35 W, 0x0000000000000000
2026/08/27 12:40:41.663, 0 %, 346 MiB, 62, P2, 1950 MHz, 9501 MHz, 147.01 W, 0x0000000000000000
2026/08/27 12:40:46.682, 100 %, 20144 MiB, 61, P2, 1950 MHz, 9501 MHz, 168.23 W, 0x0000000000000000
2026/08/27 12:40:51.706, 100 %, 20144 MiB, 61, P2, 1950 MHz, 9501 MHz, 167.29 W, 0x0000000000000000
2026/08/27 12:40:56.729, 14 %, 20816 MiB, 64, P2, 1950 MHz, 9501 MHz, 196.30 W, 0x0000000000000000
2026/08/27 12:41:01.750, 79 %, 20816 MiB, 68, P2, 1950 MHz, 9501 MHz, 333.92 W, 0x0000000000000000
2026/08/27 12:41:06.770, 78 %, 20816 MiB, 69, P2, 1935 MHz, 9501 MHz, 332.39 W, 0x0000000000000000
2026/08/27 12:41:11.789, 74 %, 20824 MiB, 69, P2, 1935 MHz, 9501 MHz, 264.94 W, 0x0000000000000000
2026/08/27 12:41:16.809, 77 %, 20824 MiB, 70, P2, 1935 MHz, 9501 MHz, 334.27 W, 0x0000000000000000
2026/08/27 12:41:21.830, 78 %, 20824 MiB, 72, P2, 1935 MHz, 9501 MHz, 336.91 W, 0x0000000000000000
2026/08/27 12:41:26.852, 79 %, 20824 MiB, 73, P2, 1935 MHz, 9501 MHz, 338.15 W, 0x0000000000000000
2026/08/27 12:41:31.871, 0 %, 346 MiB, 64, P2, 1950 MHz, 9501 MHz, 152.69 W, 0x0000000000000000
2026/08/27 12:41:36.890, 100 %, 19044 MiB, 63, P2, 1950 MHz, 9501 MHz, 169.77 W, 0x0000000000000000
2026/08/27 12:41:41.912, 100 %, 19044 MiB, 62, P2, 1950 MHz, 9501 MHz, 170.27 W, 0x0000000000000000
2026/08/27 12:41:46.935, 0 %, 21094 MiB, 61, P2, 1950 MHz, 9501 MHz, 170.64 W, 0x0000000000000000
2026/08/27 12:41:51.961, 79 %, 22286 MiB, 68, P2, 1935 MHz, 9501 MHz, 327.29 W, 0x0000000000000004
2026/08/27 12:41:56.982, 75 %, 22292 MiB, 66, P2, 1935 MHz, 9501 MHz, 309.93 W, 0x0000000000000004
2026/08/27 12:42:02.021, 81 %, 82 MiB, 64, P2, 1935 MHz, 9501 MHz, 242.84 W, 0x0000000000000000
2026/08/27 12:42:07.039, 9 %, 346 MiB, 61, P2, 1950 MHz, 9501 MHz, 168.63 W, 0x0000000000000000
2026/08/27 12:42:12.061, 99 %, 19044 MiB, 60, P2, 1950 MHz, 9501 MHz, 167.93 W, 0x0000000000000000
2026/08/27 12:42:17.083, 100 %, 19044 MiB, 60, P2, 1950 MHz, 9501 MHz, 167.29 W, 0x0000000000000000
2026/08/27 12:42:22.106, 76 %, 22286 MiB, 65, P2, 1950 MHz, 9501 MHz, 297.69 W, 0x0000000000000004
2026/08/27 12:42:27.124, 74 %, 22286 MiB, 67, P2, 1950 MHz, 9501 MHz, 327.09 W, 0x0000000000000004
2026/08/27 12:42:32.146, 77 %, 22288 MiB, 68, P2, 1935 MHz, 9501 MHz, 332.07 W, 0x0000000000000004
2026/08/27 12:42:37.168, 80 %, 22292 MiB, 68, P2, 1935 MHz, 9501 MHz, 309.08 W, 0x0000000000000004
2026/08/27 12:42:42.191, 78 %, 22292 MiB, 69, P2, 1935 MHz, 9501 MHz, 331.84 W, 0x0000000000000004
2026/08/27 12:42:47.212, 81 %, 22292 MiB, 70, P2, 1920 MHz, 9501 MHz, 327.77 W, 0x0000000000000004
2026/08/27 12:42:52.234, 0 %, 346 MiB, 63, P2, 1950 MHz, 9501 MHz, 147.17 W, 0x0000000000000000
2026/08/27 12:42:57.255, 100 %, 18082 MiB, 62, P2, 1950 MHz, 9501 MHz, 169.45 W, 0x0000000000000000
2026/08/27 12:43:02.278, 100 %, 18082 MiB, 61, P2, 1950 MHz, 9501 MHz, 168.97 W, 0x0000000000000000
2026/08/27 12:43:07.303, 96 %, 21808 MiB, 60, P2, 1950 MHz, 9501 MHz, 168.89 W, 0x0000000000000000
2026/08/27 12:43:12.321, 71 %, 21828 MiB, 67, P2, 1950 MHz, 9501 MHz, 316.03 W, 0x0000000000000004
2026/08/27 12:43:17.342, 69 %, 21834 MiB, 67, P2, 1950 MHz, 9501 MHz, 260.49 W, 0x0000000000000004
2026/08/27 12:43:22.364, 73 %, 21834 MiB, 68, P2, 1935 MHz, 9501 MHz, 319.45 W, 0x0000000000000004
2026/08/27 12:43:27.387, 0 %, 1100 MiB, 61, P2, 1950 MHz, 9501 MHz, 159.45 W, 0x0000000000000000
2026/08/27 12:43:32.406, 100 %, 17618 MiB, 61, P2, 1950 MHz, 9501 MHz, 167.15 W, 0x0000000000000000
2026/08/27 12:43:37.431, 100 %, 17618 MiB, 60, P2, 1950 MHz, 9501 MHz, 167.04 W, 0x0000000000000000
2026/08/27 12:43:42.455, 35 %, 20276 MiB, 61, P2, 1950 MHz, 9501 MHz, 189.01 W, 0x0000000000000000
2026/08/27 12:43:47.477, 21 %, 20284 MiB, 64, P2, 1950 MHz, 9501 MHz, 261.44 W, 0x0000000000000000
2026/08/27 12:43:52.502, 69 %, 20288 MiB, 63, P2, 1920 MHz, 9501 MHz, 280.33 W, 0x0000000000000004
2026/08/27 12:43:57.521, 0 %, 82 MiB, 63, P0, 1950 MHz, 9501 MHz, 220.96 W, 0x0000000000000000
2026/08/27 12:44:02.539, 0 %, 346 MiB, 59, P2, 1695 MHz, 9501 MHz, 150.47 W, 0x0000000000000000
2026/08/27 12:44:07.559, 100 %, 17618 MiB, 60, P2, 1950 MHz, 9501 MHz, 166.56 W, 0x0000000000000000
2026/08/27 12:44:12.583, 99 %, 17618 MiB, 59, P2, 1950 MHz, 9501 MHz, 165.83 W, 0x0000000000000000
2026/08/27 12:44:17.604, 71 %, 20276 MiB, 65, P2, 1950 MHz, 9501 MHz, 309.43 W, 0x0000000000000000
2026/08/27 12:44:22.624, 68 %, 20276 MiB, 65, P2, 1950 MHz, 9501 MHz, 282.37 W, 0x0000000000000000
2026/08/27 12:44:27.647, 69 %, 20284 MiB, 63, P2, 1950 MHz, 9501 MHz, 267.11 W, 0x0000000000000004
2026/08/27 12:44:32.668, 69 %, 20288 MiB, 67, P2, 1950 MHz, 9501 MHz, 311.98 W, 0x0000000000000000
2026/08/27 12:44:37.686, 66 %, 20288 MiB, 68, P2, 1935 MHz, 9501 MHz, 309.78 W, 0x0000000000000000
2026/08/27 12:44:42.708, 72 %, 20288 MiB, 70, P2, 1935 MHz, 9501 MHz, 319.36 W, 0x0000000000000004
2026/08/27 12:44:47.727, 0 %, 346 MiB, 62, P2, 1950 MHz, 9501 MHz, 168.78 W, 0x0000000000000000
2026/08/27 12:44:52.748, 100 %, 19362 MiB, 61, P2, 1950 MHz, 9501 MHz, 168.31 W, 0x0000000000000000
2026/08/27 12:44:57.774, 100 %, 19362 MiB, 61, P2, 1950 MHz, 9501 MHz, 167.58 W, 0x0000000000000000
2026/08/27 12:45:02.797, 81 %, 20768 MiB, 62, P2, 1950 MHz, 9501 MHz, 219.54 W, 0x0000000000000000
2026/08/27 12:45:07.815, 83 %, 20770 MiB, 63, P2, 1950 MHz, 9501 MHz, 225.72 W, 0x0000000000000000
2026/08/27 12:45:12.833, 81 %, 20770 MiB, 63, P2, 1950 MHz, 9501 MHz, 225.06 W, 0x0000000000000000
2026/08/27 12:45:17.855, 83 %, 20770 MiB, 63, P2, 1950 MHz, 9501 MHz, 225.92 W, 0x0000000000000000
2026/08/27 12:45:22.877, 82 %, 20772 MiB, 63, P2, 1950 MHz, 9501 MHz, 228.93 W, 0x0000000000000000
2026/08/27 12:45:27.900, 85 %, 20780 MiB, 63, P2, 1950 MHz, 9501 MHz, 230.07 W, 0x0000000000000000
2026/08/27 12:45:32.922, 97 %, 20780 MiB, 63, P2, 1950 MHz, 9501 MHz, 213.92 W, 0x0000000000000000
2026/08/27 12:45:37.941, 80 %, 20780 MiB, 62, P2, 1950 MHz, 9501 MHz, 223.27 W, 0x0000000000000004
2026/08/27 12:45:42.959, 82 %, 20780 MiB, 63, P2, 1950 MHz, 9501 MHz, 218.02 W, 0x0000000000000000
2026/08/27 12:45:47.979, 84 %, 20780 MiB, 63, P2, 1950 MHz, 9501 MHz, 227.36 W, 0x0000000000000000
2026/08/27 12:45:52.999, 79 %, 20780 MiB, 63, P2, 1950 MHz, 9501 MHz, 228.06 W, 0x0000000000000000
2026/08/27 12:45:58.018, 79 %, 82 MiB, 62, P2, 1950 MHz, 9501 MHz, 209.90 W, 0x0000000000000000
2026/08/27 12:46:03.037, 6 %, 346 MiB, 59, P2, 1695 MHz, 9501 MHz, 161.73 W, 0x0000000000000000
2026/08/27 12:46:08.059, 99 %, 19362 MiB, 60, P2, 1965 MHz, 9501 MHz, 166.64 W, 0x0000000000000000
2026/08/27 12:46:13.084, 99 %, 19362 MiB, 59, P2, 1965 MHz, 9501 MHz, 166.03 W, 0x0000000000000000
2026/08/27 12:46:18.108, 82 %, 20768 MiB, 61, P2, 1965 MHz, 9501 MHz, 224.48 W, 0x0000000000000000
2026/08/27 12:46:23.127, 85 %, 20770 MiB, 62, P2, 1965 MHz, 9501 MHz, 227.41 W, 0x0000000000000000
2026/08/27 12:46:28.146, 83 %, 20772 MiB, 62, P2, 1965 MHz, 9501 MHz, 226.46 W, 0x0000000000000000
2026/08/27 12:46:33.167, 80 %, 20772 MiB, 62, P2, 1965 MHz, 9501 MHz, 225.22 W, 0x0000000000000000
2026/08/27 12:46:38.188, 83 %, 20772 MiB, 61, P2, 1950 MHz, 9501 MHz, 217.47 W, 0x0000000000000000
2026/08/27 12:46:43.211, 84 %, 20772 MiB, 62, P2, 1950 MHz, 9501 MHz, 225.99 W, 0x0000000000000000
2026/08/27 12:46:48.229, 80 %, 20772 MiB, 63, P2, 1950 MHz, 9501 MHz, 227.63 W, 0x0000000000000000
2026/08/27 12:46:53.251, 84 %, 20772 MiB, 63, P2, 1950 MHz, 9501 MHz, 225.95 W, 0x0000000000000000
2026/08/27 12:46:58.271, 83 %, 20778 MiB, 63, P2, 1950 MHz, 9501 MHz, 228.75 W, 0x0000000000000000
2026/08/27 12:47:03.292, 81 %, 20780 MiB, 64, P2, 1950 MHz, 9501 MHz, 224.38 W, 0x0000000000000000
2026/08/27 12:47:08.311, 84 %, 20780 MiB, 64, P2, 1950 MHz, 9501 MHz, 225.85 W, 0x0000000000000000
2026/08/27 12:47:13.332, 84 %, 20780 MiB, 64, P2, 1950 MHz, 9501 MHz, 227.03 W, 0x0000000000000000
2026/08/27 12:47:18.351, 84 %, 20780 MiB, 63, P2, 1950 MHz, 9501 MHz, 228.62 W, 0x0000000000000000
2026/08/27 12:47:23.368, 86 %, 20780 MiB, 64, P2, 1950 MHz, 9501 MHz, 230.08 W, 0x0000000000000000
2026/08/27 12:47:28.387, 82 %, 20780 MiB, 64, P2, 1950 MHz, 9501 MHz, 227.08 W, 0x0000000000000000
2026/08/27 12:47:33.407, 84 %, 20780 MiB, 64, P2, 1950 MHz, 9501 MHz, 217.43 W, 0x0000000000000000
2026/08/27 12:47:38.428, 84 %, 20780 MiB, 64, P2, 1950 MHz, 9501 MHz, 226.94 W, 0x0000000000000000
2026/08/27 12:47:43.448, 82 %, 20780 MiB, 64, P2, 1950 MHz, 9501 MHz, 227.28 W, 0x0000000000000000
2026/08/27 12:47:48.467, 83 %, 20780 MiB, 64, P2, 1950 MHz, 9501 MHz, 225.89 W, 0x0000000000000000
2026/08/27 12:47:53.487, 75 %, 20780 MiB, 64, P2, 1950 MHz, 9501 MHz, 224.01 W, 0x0000000000000000
2026/08/27 12:47:58.506, 0 %, 346 MiB, 59, P0, 390 MHz, 5001 MHz, 145.27 W, 0x0000000000000000
2026/08/27 12:48:03.524, 100 %, 20144 MiB, 61, P2, 1950 MHz, 9501 MHz, 166.51 W, 0x0000000000000000
2026/08/27 12:48:08.551, 99 %, 20144 MiB, 60, P2, 1950 MHz, 9501 MHz, 166.10 W, 0x0000000000000000
2026/08/27 12:48:13.574, 99 %, 20800 MiB, 60, P2, 1950 MHz, 9501 MHz, 165.90 W, 0x0000000000000000
2026/08/27 12:48:18.593, 77 %, 20816 MiB, 67, P2, 1950 MHz, 9501 MHz, 329.05 W, 0x0000000000000004
2026/08/27 12:48:23.615, 78 %, 20824 MiB, 68, P2, 1935 MHz, 9501 MHz, 267.74 W, 0x0000000000000004
2026/08/27 12:48:28.632, 78 %, 20824 MiB, 69, P2, 1935 MHz, 9501 MHz, 330.02 W, 0x0000000000000004
2026/08/27 12:48:33.651, 0 %, 346 MiB, 62, P2, 1950 MHz, 9501 MHz, 162.64 W, 0x0000000000000000
2026/08/27 12:48:38.670, 100 %, 20144 MiB, 61, P2, 1950 MHz, 9501 MHz, 168.29 W, 0x0000000000000000
2026/08/27 12:48:43.695, 100 %, 20144 MiB, 61, P2, 1950 MHz, 9501 MHz, 167.24 W, 0x0000000000000000
2026/08/27 12:48:48.721, 22 %, 20816 MiB, 63, P2, 1950 MHz, 9501 MHz, 196.10 W, 0x0000000000000004
2026/08/27 12:48:53.743, 79 %, 20816 MiB, 68, P2, 1935 MHz, 9501 MHz, 328.29 W, 0x0000000000000004
2026/08/27 12:48:58.763, 79 %, 20816 MiB, 69, P2, 1935 MHz, 9501 MHz, 328.51 W, 0x0000000000000004
2026/08/27 12:49:03.785, 76 %, 20824 MiB, 70, P2, 1935 MHz, 9501 MHz, 287.71 W, 0x0000000000000004
2026/08/27 12:49:08.807, 76 %, 20824 MiB, 68, P2, 1935 MHz, 9501 MHz, 312.09 W, 0x0000000000000004
2026/08/27 12:49:13.825, 76 %, 20824 MiB, 72, P2, 1935 MHz, 9501 MHz, 334.53 W, 0x0000000000000004
2026/08/27 12:49:18.846, 79 %, 20824 MiB, 73, P2, 1935 MHz, 9501 MHz, 341.10 W, 0x0000000000000004
2026/08/27 12:49:23.864, 0 %, 346 MiB, 64, P2, 1950 MHz, 9501 MHz, 163.92 W, 0x0000000000000000
2026/08/27 12:49:28.886, 99 %, 19044 MiB, 63, P2, 1950 MHz, 9501 MHz, 171.45 W, 0x0000000000000000
2026/08/27 12:49:33.911, 100 %, 19044 MiB, 62, P2, 1950 MHz, 9501 MHz, 170.32 W, 0x0000000000000000
2026/08/27 12:49:38.934, 11 %, 22250 MiB, 61, P2, 1950 MHz, 9501 MHz, 170.81 W, 0x0000000000000000
2026/08/27 12:49:43.955, 42 %, 22288 MiB, 65, P2, 1935 MHz, 9501 MHz, 288.39 W, 0x0000000000000004
2026/08/27 12:49:48.973, 76 %, 22292 MiB, 67, P2, 1935 MHz, 9501 MHz, 293.92 W, 0x0000000000000004
2026/08/27 12:49:53.995, 92 %, 82 MiB, 64, P0, 1935 MHz, 9501 MHz, 228.91 W, 0x0000000000000000
2026/08/27 12:49:59.014, 0 %, 346 MiB, 60, P2, 1695 MHz, 9501 MHz, 162.39 W, 0x0000000000000000
2026/08/27 12:50:04.037, 100 %, 19044 MiB, 60, P2, 1950 MHz, 9501 MHz, 167.69 W, 0x0000000000000000
2026/08/27 12:50:09.061, 100 %, 19044 MiB, 60, P2, 1950 MHz, 9501 MHz, 164.02 W, 0x0000000000000000
2026/08/27 12:50:14.083, 68 %, 22286 MiB, 66, P2, 1950 MHz, 9501 MHz, 294.04 W, 0x0000000000000004
2026/08/27 12:50:19.103, 77 %, 22286 MiB, 68, P2, 1935 MHz, 9501 MHz, 326.02 W, 0x0000000000000004
2026/08/27 12:50:24.123, 36 %, 22292 MiB, 68, P2, 1935 MHz, 9501 MHz, 239.62 W, 0x0000000000000004
2026/08/27 12:50:29.143, 72 %, 22292 MiB, 69, P2, 1935 MHz, 9501 MHz, 325.17 W, 0x0000000000000004
2026/08/27 12:50:34.165, 80 %, 22292 MiB, 70, P2, 1920 MHz, 9501 MHz, 329.42 W, 0x0000000000000004
2026/08/27 12:50:39.187, 0 %, 82 MiB, 65, P0, 1935 MHz, 9751 MHz, 172.13 W, 0x0000000000000000
2026/08/27 12:50:44.207, 0 %, 346 MiB, 61, P2, 1695 MHz, 9501 MHz, 149.19 W, 0x0000000000000000
2026/08/27 12:50:49.229, 99 %, 18082 MiB, 61, P2, 1950 MHz, 9501 MHz, 165.43 W, 0x0000000000000000
2026/08/27 12:50:54.249, 99 %, 20636 MiB, 61, P2, 1950 MHz, 9501 MHz, 167.21 W, 0x0000000000000000
2026/08/27 12:50:59.271, 73 %, 21828 MiB, 67, P2, 1935 MHz, 9501 MHz, 312.97 W, 0x0000000000000000
2026/08/27 12:51:04.293, 67 %, 21834 MiB, 66, P2, 1935 MHz, 9501 MHz, 225.13 W, 0x0000000000000000
2026/08/27 12:51:09.312, 66 %, 21834 MiB, 68, P2, 1935 MHz, 9501 MHz, 313.13 W, 0x0000000000000000
2026/08/27 12:51:14.331, 0 %, 346 MiB, 59, P0, 405 MHz, 5001 MHz, 141.99 W, 0x0000000000000000
2026/08/27 12:51:19.352, 100 %, 18082 MiB, 61, P2, 1950 MHz, 9501 MHz, 164.03 W, 0x0000000000000000
2026/08/27 12:51:24.377, 99 %, 18082 MiB, 60, P2, 1950 MHz, 9501 MHz, 165.18 W, 0x0000000000000000
2026/08/27 12:51:29.399, 40 %, 21828 MiB, 64, P2, 1950 MHz, 9501 MHz, 231.62 W, 0x0000000000000000
2026/08/27 12:51:34.421, 74 %, 21828 MiB, 67, P2, 1950 MHz, 9501 MHz, 305.98 W, 0x0000000000000000
2026/08/27 12:51:39.441, 71 %, 21830 MiB, 68, P2, 1935 MHz, 9501 MHz, 275.68 W, 0x0000000000000000
2026/08/27 12:51:44.462, 73 %, 21834 MiB, 67, P2, 1935 MHz, 9501 MHz, 229.13 W, 0x0000000000000000
2026/08/27 12:51:49.483, 75 %, 21834 MiB, 69, P2, 1935 MHz, 9501 MHz, 288.18 W, 0x0000000000000004
2026/08/27 12:51:54.503, 75 %, 21834 MiB, 70, P2, 1935 MHz, 9501 MHz, 289.66 W, 0x0000000000000004
2026/08/27 12:51:59.523, 0 %, 82 MiB, 64, P0, 1935 MHz, 9751 MHz, 166.12 W, 0x0000000000000000
2026/08/27 12:52:04.544, 100 %, 17618 MiB, 60, P2, 1950 MHz, 9501 MHz, 131.63 W, 0x0000000000000000
2026/08/27 12:52:09.568, 100 %, 17618 MiB, 61, P2, 1950 MHz, 9501 MHz, 163.91 W, 0x0000000000000000
2026/08/27 12:52:14.590, 70 %, 20276 MiB, 67, P2, 1935 MHz, 9501 MHz, 315.73 W, 0x0000000000000000
2026/08/27 12:52:19.611, 70 %, 20276 MiB, 67, P2, 1935 MHz, 9501 MHz, 280.69 W, 0x0000000000000000
2026/08/27 12:52:24.633, 100 %, 20284 MiB, 64, P2, 1935 MHz, 9501 MHz, 252.82 W, 0x0000000000000004
2026/08/27 12:52:29.654, 67 %, 20288 MiB, 69, P2, 1935 MHz, 9501 MHz, 311.88 W, 0x0000000000000000
2026/08/27 12:52:34.672, 69 %, 20288 MiB, 70, P2, 1935 MHz, 9501 MHz, 316.14 W, 0x0000000000000000
2026/08/27 12:52:39.692, 69 %, 20288 MiB, 71, P2, 1935 MHz, 9501 MHz, 317.38 W, 0x0000000000000000
2026/08/27 12:52:44.711, 0 %, 346 MiB, 63, P2, 1950 MHz, 9501 MHz, 169.71 W, 0x0000000000000000
2026/08/27 12:52:49.732, 100 %, 19362 MiB, 62, P2, 1950 MHz, 9501 MHz, 168.95 W, 0x0000000000000000
2026/08/27 12:52:54.754, 95 %, 20742 MiB, 60, P2, 1950 MHz, 9501 MHz, 158.51 W, 0x0000000000000000
2026/08/27 12:52:59.772, 54 %, 20770 MiB, 63, P2, 1950 MHz, 9501 MHz, 220.37 W, 0x0000000000000000
2026/08/27 12:53:04.790, 84 %, 20770 MiB, 63, P2, 1950 MHz, 9501 MHz, 225.21 W, 0x0000000000000000
2026/08/27 12:53:09.811, 82 %, 20770 MiB, 63, P2, 1950 MHz, 9501 MHz, 224.72 W, 0x0000000000000000
2026/08/27 12:53:14.832, 82 %, 20772 MiB, 63, P2, 1950 MHz, 9501 MHz, 227.71 W, 0x0000000000000000
2026/08/27 12:53:19.851, 82 %, 20778 MiB, 63, P2, 1950 MHz, 9501 MHz, 227.30 W, 0x0000000000000000
2026/08/27 12:53:24.871, 81 %, 20780 MiB, 64, P2, 1950 MHz, 9501 MHz, 231.07 W, 0x0000000000000000
2026/08/27 12:53:29.892, 80 %, 20780 MiB, 64, P2, 1950 MHz, 9501 MHz, 228.00 W, 0x0000000000000000
2026/08/27 12:53:34.911, 86 %, 20780 MiB, 64, P2, 1950 MHz, 9501 MHz, 228.08 W, 0x0000000000000000
2026/08/27 12:53:39.931, 84 %, 20780 MiB, 64, P2, 1950 MHz, 9501 MHz, 227.28 W, 0x0000000000000000
2026/08/27 12:53:44.950, 84 %, 20780 MiB, 64, P2, 1950 MHz, 9501 MHz, 227.23 W, 0x0000000000000000
2026/08/27 12:53:49.970, 86 %, 20780 MiB, 64, P2, 1950 MHz, 9501 MHz, 220.46 W, 0x0000000000000000
2026/08/27 12:53:54.988, 0 %, 346 MiB, 60, P2, 1920 MHz, 9501 MHz, 154.98 W, 0x0000000000000000
2026/08/27 12:54:00.010, 100 %, 19362 MiB, 59, P2, 1950 MHz, 9501 MHz, 164.47 W, 0x0000000000000000
2026/08/27 12:54:05.035, 100 %, 19362 MiB, 59, P2, 1950 MHz, 9501 MHz, 163.78 W, 0x0000000000000000
2026/08/27 12:54:10.061, 80 %, 20768 MiB, 61, P2, 1950 MHz, 9501 MHz, 225.03 W, 0x0000000000000000
2026/08/27 12:54:15.082, 84 %, 20772 MiB, 62, P2, 1950 MHz, 9501 MHz, 228.19 W, 0x0000000000000000
2026/08/27 12:54:20.102, 85 %, 20772 MiB, 62, P2, 1950 MHz, 9501 MHz, 225.80 W, 0x0000000000000000
2026/08/27 12:54:25.122, 83 %, 20772 MiB, 62, P2, 1950 MHz, 9501 MHz, 223.54 W, 0x0000000000000000
2026/08/27 12:54:30.143, 81 %, 20772 MiB, 62, P2, 1950 MHz, 9501 MHz, 213.61 W, 0x0000000000000000
2026/08/27 12:54:35.161, 84 %, 20772 MiB, 63, P2, 1950 MHz, 9501 MHz, 225.46 W, 0x0000000000000000
2026/08/27 12:54:40.179, 83 %, 20772 MiB, 62, P2, 1950 MHz, 9501 MHz, 225.15 W, 0x0000000000000000
2026/08/27 12:54:45.200, 82 %, 20772 MiB, 63, P2, 1950 MHz, 9501 MHz, 227.85 W, 0x0000000000000000
2026/08/27 12:54:50.222, 85 %, 20780 MiB, 62, P2, 1950 MHz, 9501 MHz, 205.82 W, 0x0000000000000000
2026/08/27 12:54:55.243, 84 %, 20780 MiB, 64, P2, 1950 MHz, 9501 MHz, 230.68 W, 0x0000000000000000
2026/08/27 12:55:00.261, 84 %, 20780 MiB, 63, P2, 1950 MHz, 9501 MHz, 228.13 W, 0x0000000000000000
2026/08/27 12:55:05.279, 80 %, 20780 MiB, 63, P2, 1950 MHz, 9501 MHz, 225.34 W, 0x0000000000000000
2026/08/27 12:55:10.299, 71 %, 20780 MiB, 63, P2, 1950 MHz, 9501 MHz, 219.69 W, 0x0000000000000000
2026/08/27 12:55:15.317, 81 %, 20780 MiB, 64, P2, 1950 MHz, 9501 MHz, 226.24 W, 0x0000000000000000
2026/08/27 12:55:20.337, 83 %, 20780 MiB, 63, P2, 1950 MHz, 9501 MHz, 229.28 W, 0x0000000000000000
2026/08/27 12:55:25.357, 79 %, 20780 MiB, 63, P2, 1950 MHz, 9501 MHz, 224.65 W, 0x0000000000000000
2026/08/27 12:55:30.376, 80 %, 20780 MiB, 63, P2, 1950 MHz, 9501 MHz, 224.94 W, 0x0000000000000000
2026/08/27 12:55:35.394, 85 %, 20780 MiB, 64, P2, 1950 MHz, 9501 MHz, 225.39 W, 0x0000000000000000
2026/08/27 12:55:40.413, 80 %, 20780 MiB, 64, P2, 1950 MHz, 9501 MHz, 227.54 W, 0x0000000000000000
2026/08/27 12:55:45.434, 85 %, 20780 MiB, 64, P2, 1950 MHz, 9501 MHz, 227.90 W, 0x0000000000000000
2026/08/27 12:55:50.452, 0 %, 346 MiB, 61, P2, 1950 MHz, 9501 MHz, 144.01 W, 0x0000000000000000
2026/08/27 12:55:55.471, 100 %, 20144 MiB, 60, P2, 1950 MHz, 9501 MHz, 161.32 W, 0x0000000000000000
2026/08/27 12:56:00.493, 59 %, 20816 MiB, 60, P2, 1950 MHz, 9501 MHz, 165.59 W, 0x0000000000000004
2026/08/27 12:56:05.513, 62 %, 20820 MiB, 67, P2, 1935 MHz, 9501 MHz, 319.86 W, 0x0000000000000000
2026/08/27 12:56:10.534, 77 %, 20824 MiB, 65, P2, 1905 MHz, 9501 MHz, 296.78 W, 0x0000000000000004
2026/08/27 12:56:15.554, 64 %, 392 MiB, 65, P2, 1935 MHz, 9501 MHz, 257.56 W, 0x0000000000000000
2026/08/27 12:56:20.571, 0 %, 346 MiB, 62, P2, 1950 MHz, 9501 MHz, 166.85 W, 0x0000000000000000
2026/08/27 12:56:25.591, 100 %, 20144 MiB, 60, P2, 1950 MHz, 9501 MHz, 158.26 W, 0x0000000000000000
2026/08/27 12:56:30.612, 78 %, 20816 MiB, 67, P2, 1950 MHz, 9501 MHz, 324.65 W, 0x0000000000000000
2026/08/27 12:56:35.631, 78 %, 20816 MiB, 68, P2, 1935 MHz, 9501 MHz, 293.02 W, 0x0000000000000000
2026/08/27 12:56:40.652, 7 %, 20820 MiB, 69, P2, 1935 MHz, 9501 MHz, 313.30 W, 0x0000000000000000
2026/08/27 12:56:45.671, 77 %, 20824 MiB, 69, P2, 1935 MHz, 9501 MHz, 327.96 W, 0x0000000000000000
2026/08/27 12:56:50.692, 77 %, 20824 MiB, 71, P2, 1935 MHz, 9501 MHz, 295.87 W, 0x0000000000000000
2026/08/27 12:56:55.711, 76 %, 20824 MiB, 68, P2, 1875 MHz, 9501 MHz, 298.01 W, 0x0000000000000004
2026/08/27 12:57:00.731, 78 %, 20824 MiB, 73, P2, 1920 MHz, 9501 MHz, 331.20 W, 0x0000000000000000
2026/08/27 12:57:05.753, 0 %, 346 MiB, 64, P2, 1950 MHz, 9501 MHz, 171.36 W, 0x0000000000000000
2026/08/27 12:57:10.775, 100 %, 19044 MiB, 62, P2, 1950 MHz, 9501 MHz, 168.69 W, 0x0000000000000000
2026/08/27 12:57:15.798, 100 %, 19044 MiB, 62, P2, 1950 MHz, 9501 MHz, 166.46 W, 0x0000000000000000
2026/08/27 12:57:20.822, 49 %, 22286 MiB, 67, P2, 1935 MHz, 9501 MHz, 288.53 W, 0x0000000000000004
2026/08/27 12:57:25.843, 77 %, 22292 MiB, 68, P2, 1935 MHz, 9501 MHz, 323.76 W, 0x0000000000000004
2026/08/27 12:57:30.862, 73 %, 22292 MiB, 69, P2, 1935 MHz, 9501 MHz, 328.81 W, 0x0000000000000004
2026/08/27 12:57:36.004, 0 %, 346 MiB, 61, P2, 1950 MHz, 9751 MHz, 139.79 W, 0x0000000000000000
2026/08/27 12:57:41.025, 99 %, 19044 MiB, 61, P2, 1950 MHz, 9501 MHz, 167.32 W, 0x0000000000000000
2026/08/27 12:57:46.050, 99 %, 19044 MiB, 60, P2, 1950 MHz, 9501 MHz, 165.43 W, 0x0000000000000000
2026/08/27 12:57:51.077, 100 %, 21094 MiB, 59, P2, 1950 MHz, 9501 MHz, 164.80 W, 0x0000000000000000
2026/08/27 12:57:56.100, 79 %, 22286 MiB, 66, P2, 1935 MHz, 9501 MHz, 316.75 W, 0x0000000000000004
2026/08/27 12:58:01.121, 82 %, 22286 MiB, 67, P2, 1935 MHz, 9501 MHz, 321.27 W, 0x0000000000000004
2026/08/27 12:58:06.143, 79 %, 22292 MiB, 67, P2, 1935 MHz, 9501 MHz, 318.75 W, 0x0000000000000004
2026/08/27 12:58:11.162, 79 %, 22292 MiB, 69, P2, 1935 MHz, 9501 MHz, 323.98 W, 0x0000000000000004
2026/08/27 12:58:16.182, 77 %, 22292 MiB, 69, P2, 1935 MHz, 9501 MHz, 322.92 W, 0x0000000000000004
2026/08/27 12:58:21.206, 25 %, 82 MiB, 65, P0, 1935 MHz, 9501 MHz, 233.96 W, 0x0000000000000000
2026/08/27 12:58:26.225, 0 %, 346 MiB, 61, P2, 1695 MHz, 9501 MHz, 153.93 W, 0x0000000000000000
2026/08/27 12:58:31.245, 100 %, 18082 MiB, 61, P2, 1950 MHz, 9501 MHz, 167.32 W, 0x0000000000000000
2026/08/27 12:58:36.270, 100 %, 18082 MiB, 61, P2, 1950 MHz, 9501 MHz, 166.61 W, 0x0000000000000000
2026/08/27 12:58:41.292, 70 %, 21828 MiB, 66, P2, 1950 MHz, 9501 MHz, 279.24 W, 0x0000000000000004
2026/08/27 12:58:46.313, 100 %, 21834 MiB, 65, P2, 1935 MHz, 9501 MHz, 197.14 W, 0x0000000000000000
2026/08/27 12:58:51.334, 68 %, 21834 MiB, 65, P2, 1875 MHz, 9501 MHz, 257.39 W, 0x0000000000000004
2026/08/27 12:58:56.354, 0 %, 82 MiB, 63, P0, 1935 MHz, 9501 MHz, 236.21 W, 0x0000000000000000
2026/08/27 12:59:01.373, 0 %, 346 MiB, 61, P2, 1950 MHz, 9501 MHz, 167.26 W, 0x0000000000000000
2026/08/27 12:59:06.392, 100 %, 18082 MiB, 60, P2, 1950 MHz, 9501 MHz, 165.37 W, 0x0000000000000000
2026/08/27 12:59:11.418, 100 %, 18082 MiB, 60, P2, 1950 MHz, 9501 MHz, 164.33 W, 0x0000000000000000
2026/08/27 12:59:16.440, 69 %, 21828 MiB, 65, P2, 1935 MHz, 9501 MHz, 312.55 W, 0x0000000000000000
2026/08/27 12:59:21.459, 71 %, 21828 MiB, 67, P2, 1935 MHz, 9501 MHz, 315.74 W, 0x0000000000000000
2026/08/27 12:59:26.478, 70 %, 21830 MiB, 68, P2, 1935 MHz, 9501 MHz, 317.92 W, 0x0000000000000000
2026/08/27 12:59:31.499, 70 %, 21834 MiB, 68, P2, 1935 MHz, 9501 MHz, 310.30 W, 0x0000000000000000
2026/08/27 12:59:36.518, 73 %, 21834 MiB, 69, P2, 1935 MHz, 9501 MHz, 317.77 W, 0x0000000000000000
2026/08/27 12:59:41.538, 70 %, 21834 MiB, 70, P2, 1935 MHz, 9501 MHz, 321.29 W, 0x0000000000000000
2026/08/27 12:59:46.562, 0 %, 82 MiB, 64, P3, 1935 MHz, 9751 MHz, 172.17 W, 0x0000000000000000
2026/08/27 12:59:51.583, 100 %, 17618 MiB, 62, P2, 1935 MHz, 9501 MHz, 152.96 W, 0x0000000000000000
2026/08/27 12:59:56.609, 100 %, 17618 MiB, 61, P2, 1935 MHz, 9501 MHz, 164.35 W, 0x0000000000000000
2026/08/27 13:00:01.631, 0 %, 20276 MiB, 64, P2, 1950 MHz, 9501 MHz, 190.62 W, 0x0000000000000000
2026/08/27 13:00:06.652, 52 %, 20284 MiB, 63, P2, 1800 MHz, 9501 MHz, 245.08 W, 0x0000000000000004
2026/08/27 13:00:11.678, 66 %, 20288 MiB, 66, P2, 1935 MHz, 9501 MHz, 279.44 W, 0x0000000000000004
2026/08/27 13:00:16.698, 3 %, 82 MiB, 63, P0, 1935 MHz, 9501 MHz, 216.69 W, 0x0000000000000000
2026/08/27 13:00:21.718, 0 %, 346 MiB, 61, P2, 1695 MHz, 9501 MHz, 165.33 W, 0x0000000000000000
2026/08/27 13:00:26.738, 100 %, 19362 MiB, 60, P2, 1950 MHz, 9501 MHz, 165.90 W, 0x0000000000000000
2026/08/27 13:00:31.761, 100 %, 19362 MiB, 60, P2, 1950 MHz, 9501 MHz, 165.02 W, 0x0000000000000000
2026/08/27 13:00:36.787, 82 %, 20768 MiB, 62, P2, 1950 MHz, 9501 MHz, 220.85 W, 0x0000000000000000
2026/08/27 13:00:41.804, 80 %, 20770 MiB, 62, P2, 1950 MHz, 9501 MHz, 223.50 W, 0x0000000000000000
2026/08/27 13:00:46.824, 83 %, 20770 MiB, 62, P2, 1950 MHz, 9501 MHz, 224.46 W, 0x0000000000000000
2026/08/27 13:00:51.846, 85 %, 20770 MiB, 62, P2, 1950 MHz, 9501 MHz, 223.66 W, 0x0000000000000000
2026/08/27 13:00:56.867, 81 %, 20772 MiB, 62, P2, 1950 MHz, 9501 MHz, 213.84 W, 0x0000000000000000
2026/08/27 13:01:01.885, 83 %, 20780 MiB, 63, P2, 1950 MHz, 9501 MHz, 227.15 W, 0x0000000000000000
2026/08/27 13:01:06.903, 84 %, 20780 MiB, 63, P2, 1950 MHz, 9501 MHz, 225.21 W, 0x0000000000000000
2026/08/27 13:01:11.921, 88 %, 20780 MiB, 63, P2, 1950 MHz, 9501 MHz, 226.07 W, 0x0000000000000000
2026/08/27 13:01:16.941, 83 %, 20780 MiB, 63, P2, 1950 MHz, 9501 MHz, 223.62 W, 0x0000000000000000
2026/08/27 13:01:21.961, 80 %, 20780 MiB, 63, P2, 1950 MHz, 9501 MHz, 223.19 W, 0x0000000000000000
2026/08/27 13:01:26.980, 84 %, 20780 MiB, 63, P2, 1950 MHz, 9501 MHz, 225.99 W, 0x0000000000000000
2026/08/27 13:01:31.997, 0 %, 82 MiB, 60, P0, 1950 MHz, 9751 MHz, 162.05 W, 0x0000000000000000
2026/08/27 13:01:37.017, 8 %, 19362 MiB, 58, P2, 1695 MHz, 9501 MHz, 130.33 W, 0x0000000000000000
2026/08/27 13:01:42.039, 100 %, 19362 MiB, 59, P2, 1950 MHz, 9501 MHz, 161.36 W, 0x0000000000000000
2026/08/27 13:01:47.064, 100 %, 19362 MiB, 59, P2, 1950 MHz, 9501 MHz, 163.77 W, 0x0000000000000000
2026/08/27 13:01:52.088, 81 %, 20768 MiB, 61, P2, 1950 MHz, 9501 MHz, 221.38 W, 0x0000000000000000
2026/08/27 13:01:57.107, 71 %, 20772 MiB, 61, P2, 1950 MHz, 9501 MHz, 219.02 W, 0x0000000000000000
2026/08/27 13:02:02.125, 82 %, 20772 MiB, 62, P2, 1950 MHz, 9501 MHz, 229.14 W, 0x0000000000000000
2026/08/27 13:02:07.146, 83 %, 20772 MiB, 62, P2, 1950 MHz, 9501 MHz, 227.42 W, 0x0000000000000000
2026/08/27 13:02:12.165, 83 %, 20772 MiB, 62, P2, 1950 MHz, 9501 MHz, 222.40 W, 0x0000000000000000
2026/08/27 13:02:17.185, 83 %, 20772 MiB, 62, P2, 1950 MHz, 9501 MHz, 222.01 W, 0x0000000000000000
2026/08/27 13:02:22.206, 82 %, 20772 MiB, 63, P2, 1950 MHz, 9501 MHz, 225.18 W, 0x0000000000000000
2026/08/27 13:02:27.229, 81 %, 20774 MiB, 62, P2, 1950 MHz, 9501 MHz, 225.97 W, 0x0000000000000000
2026/08/27 13:02:32.248, 83 %, 20780 MiB, 63, P2, 1950 MHz, 9501 MHz, 224.21 W, 0x0000000000000000
2026/08/27 13:02:37.266, 82 %, 20780 MiB, 63, P2, 1950 MHz, 9501 MHz, 229.61 W, 0x0000000000000000
2026/08/27 13:02:42.283, 86 %, 20780 MiB, 63, P2, 1950 MHz, 9501 MHz, 226.79 W, 0x0000000000000000
2026/08/27 13:02:47.301, 82 %, 20780 MiB, 63, P2, 1950 MHz, 9501 MHz, 226.61 W, 0x0000000000000000
2026/08/27 13:02:52.319, 85 %, 20780 MiB, 64, P2, 1950 MHz, 9501 MHz, 232.25 W, 0x0000000000000000
2026/08/27 13:02:57.341, 82 %, 20780 MiB, 63, P2, 1950 MHz, 9501 MHz, 228.54 W, 0x0000000000000000
2026/08/27 13:03:02.363, 83 %, 20780 MiB, 64, P2, 1950 MHz, 9501 MHz, 228.24 W, 0x0000000000000000
2026/08/27 13:03:07.383, 83 %, 20780 MiB, 64, P2, 1950 MHz, 9501 MHz, 225.25 W, 0x0000000000000000
2026/08/27 13:03:12.405, 82 %, 20780 MiB, 64, P2, 1950 MHz, 9501 MHz, 223.63 W, 0x0000000000000000
2026/08/27 13:03:17.425, 83 %, 20780 MiB, 64, P2, 1950 MHz, 9501 MHz, 225.95 W, 0x0000000000000000
2026/08/27 13:03:22.444, 83 %, 20780 MiB, 64, P2, 1950 MHz, 9501 MHz, 226.18 W, 0x0000000000000000
2026/08/27 13:03:27.463, 100 %, 82 MiB, 62, P2, 1950 MHz, 9501 MHz, 202.69 W, 0x0000000000000000
2026/08/27 13:03:32.482, 6 %, 346 MiB, 61, P2, 1695 MHz, 9501 MHz, 162.32 W, 0x0000000000000000
2026/08/27 13:03:37.502, 100 %, 20144 MiB, 60, P2, 1950 MHz, 9501 MHz, 164.79 W, 0x0000000000000000
2026/08/27 13:03:42.526, 100 %, 20144 MiB, 60, P2, 1950 MHz, 9501 MHz, 164.57 W, 0x0000000000000000
2026/08/27 13:03:47.550, 62 %, 20816 MiB, 63, P2, 1950 MHz, 9501 MHz, 292.71 W, 0x0000000000000000
2026/08/27 13:03:52.570, 78 %, 20824 MiB, 68, P2, 1950 MHz, 9501 MHz, 328.40 W, 0x0000000000000000
2026/08/27 13:03:57.591, 69 %, 20824 MiB, 66, P2, 1935 MHz, 9501 MHz, 262.58 W, 0x0000000000000004
2026/08/27 13:04:02.612, 0 %, 82 MiB, 63, P0, 1950 MHz, 9751 MHz, 170.23 W, 0x0000000000000001
2026/08/27 13:04:07.631, 100 %, 20144 MiB, 61, P2, 1950 MHz, 9501 MHz, 148.14 W, 0x0000000000000000
2026/08/27 13:04:12.654, 100 %, 20144 MiB, 61, P2, 1950 MHz, 9501 MHz, 167.77 W, 0x0000000000000000
2026/08/27 13:04:17.678, 100 %, 20144 MiB, 60, P2, 1950 MHz, 9501 MHz, 166.74 W, 0x0000000000000000
2026/08/27 13:04:22.704, 79 %, 20816 MiB, 66, P2, 1950 MHz, 9501 MHz, 293.62 W, 0x0000000000000000
2026/08/27 13:04:27.724, 78 %, 20816 MiB, 69, P2, 1950 MHz, 9501 MHz, 333.25 W, 0x0000000000000000
2026/08/27 13:04:32.742, 75 %, 20820 MiB, 69, P2, 1935 MHz, 9501 MHz, 330.62 W, 0x0000000000000000
2026/08/27 13:04:37.760, 78 %, 20824 MiB, 70, P2, 1935 MHz, 9501 MHz, 269.85 W, 0x0000000000000000
2026/08/27 13:04:42.781, 25 %, 20824 MiB, 68, P2, 1935 MHz, 9501 MHz, 328.42 W, 0x0000000000000000
2026/08/27 13:04:47.799, 75 %, 20824 MiB, 72, P2, 1935 MHz, 9501 MHz, 335.81 W, 0x0000000000000000
2026/08/27 13:04:52.820, 0 %, 82 MiB, 66, P0, 1935 MHz, 9751 MHz, 177.13 W, 0x0000000000000001
2026/08/27 13:04:57.838, 0 %, 346 MiB, 62, P2, 1695 MHz, 9501 MHz, 135.61 W, 0x0000000000000000
2026/08/27 13:05:02.857, 100 %, 19044 MiB, 62, P2, 1950 MHz, 9501 MHz, 171.06 W, 0x0000000000000000
2026/08/27 13:05:07.881, 99 %, 19044 MiB, 61, P2, 1950 MHz, 9501 MHz, 170.10 W, 0x0000000000000000
2026/08/27 13:05:12.908, 67 %, 22286 MiB, 63, P2, 1950 MHz, 9501 MHz, 275.14 W, 0x0000000000000004
2026/08/27 13:05:17.929, 76 %, 22292 MiB, 68, P2, 1935 MHz, 9501 MHz, 316.52 W, 0x0000000000000004
2026/08/27 13:05:22.949, 76 %, 22292 MiB, 68, P2, 1935 MHz, 9501 MHz, 301.12 W, 0x0000000000000004
2026/08/27 13:05:28.002, 0 %, 346 MiB, 59, P0, 480 MHz, 5001 MHz, 141.24 W, 0x0000000000000000
2026/08/27 13:05:33.024, 100 %, 19044 MiB, 61, P2, 1950 MHz, 9501 MHz, 158.68 W, 0x0000000000000000
2026/08/27 13:05:38.046, 100 %, 19044 MiB, 60, P2, 1950 MHz, 9501 MHz, 167.37 W, 0x0000000000000000
2026/08/27 13:05:43.067, 100 %, 20188 MiB, 60, P2, 1950 MHz, 9501 MHz, 166.41 W, 0x0000000000000000
2026/08/27 13:05:48.087, 78 %, 22286 MiB, 66, P2, 1950 MHz, 9501 MHz, 328.13 W, 0x0000000000000004
2026/08/27 13:05:53.107, 79 %, 22286 MiB, 68, P2, 1935 MHz, 9501 MHz, 326.96 W, 0x0000000000000004
2026/08/27 13:05:58.126, 74 %, 22292 MiB, 68, P2, 1935 MHz, 9501 MHz, 323.49 W, 0x0000000000000004
2026/08/27 13:06:03.145, 77 %, 22292 MiB, 69, P2, 1935 MHz, 9501 MHz, 328.60 W, 0x0000000000000004
2026/08/27 13:06:08.162, 76 %, 22292 MiB, 70, P2, 1935 MHz, 9501 MHz, 329.85 W, 0x0000000000000004
2026/08/27 13:06:13.184, 0 %, 82 MiB, 64, P0, 1935 MHz, 9751 MHz, 165.17 W, 0x0000000000000000
2026/08/27 13:06:18.201, 95 %, 18082 MiB, 60, P2, 1695 MHz, 9501 MHz, 133.16 W, 0x0000000000000000
2026/08/27 13:06:23.227, 99 %, 18082 MiB, 61, P2, 1950 MHz, 9501 MHz, 166.04 W, 0x0000000000000000
2026/08/27 13:06:28.252, 44 %, 20636 MiB, 61, P2, 1950 MHz, 9501 MHz, 166.77 W, 0x0000000000000000
2026/08/27 13:06:33.275, 74 %, 21828 MiB, 67, P2, 1935 MHz, 9501 MHz, 313.76 W, 0x0000000000000000
2026/08/27 13:06:38.296, 100 %, 21834 MiB, 63, P2, 1935 MHz, 9501 MHz, 264.11 W, 0x0000000000000004
2026/08/27 13:06:43.317, 74 %, 21834 MiB, 68, P2, 1935 MHz, 9501 MHz, 315.47 W, 0x0000000000000000
2026/08/27 13:06:48.440, 0 %, 346 MiB, 59, P0, 1035 MHz, 5001 MHz, 135.55 W, 0x0000000000000000
2026/08/27 13:06:53.459, 99 %, 18082 MiB, 60, P2, 1950 MHz, 9501 MHz, 158.63 W, 0x0000000000000000
2026/08/27 13:06:58.484, 100 %, 18082 MiB, 60, P2, 1950 MHz, 9501 MHz, 163.88 W, 0x0000000000000000
2026/08/27 13:07:03.506, 4 %, 21806 MiB, 60, P2, 1950 MHz, 9501 MHz, 168.43 W, 0x0000000000000000
2026/08/27 13:07:08.526, 69 %, 21828 MiB, 63, P2, 1935 MHz, 9501 MHz, 282.03 W, 0x0000000000000000
2026/08/27 13:07:13.547, 68 %, 21828 MiB, 67, P2, 1935 MHz, 9501 MHz, 314.22 W, 0x0000000000000000
2026/08/27 13:07:18.567, 68 %, 21834 MiB, 68, P2, 1935 MHz, 9501 MHz, 309.27 W, 0x0000000000000000
2026/08/27 13:07:23.589, 69 %, 21834 MiB, 68, P2, 1935 MHz, 9501 MHz, 314.02 W, 0x0000000000000000
2026/08/27 13:07:28.610, 69 %, 21834 MiB, 69, P2, 1935 MHz, 9501 MHz, 317.92 W, 0x0000000000000000
2026/08/27 13:07:33.631, 69 %, 82 MiB, 67, P2, 1935 MHz, 9501 MHz, 286.25 W, 0x0000000000000000
2026/08/27 13:07:38.647, 0 %, 346 MiB, 62, P2, 1695 MHz, 9501 MHz, 166.05 W, 0x0000000000000000
2026/08/27 13:07:43.668, 99 %, 17618 MiB, 61, P2, 1935 MHz, 9501 MHz, 167.24 W, 0x0000000000000000
2026/08/27 13:07:48.691, 100 %, 17618 MiB, 61, P2, 1935 MHz, 9501 MHz, 166.12 W, 0x0000000000000000
2026/08/27 13:07:53.715, 68 %, 20276 MiB, 65, P2, 1935 MHz, 9501 MHz, 279.14 W, 0x0000000000000000
2026/08/27 13:07:58.735, 70 %, 20288 MiB, 67, P2, 1935 MHz, 9501 MHz, 311.86 W, 0x0000000000000000
2026/08/27 13:08:03.756, 70 %, 20288 MiB, 68, P2, 1935 MHz, 9501 MHz, 313.83 W, 0x0000000000000000
2026/08/27 13:08:08.775, 0 %, 346 MiB, 59, P0, 1695 MHz, 9751 MHz, 140.30 W, 0x0000000000000000
2026/08/27 13:08:13.794, 100 %, 17618 MiB, 60, P2, 1950 MHz, 9501 MHz, 163.96 W, 0x0000000000000000
2026/08/27 13:08:18.818, 100 %, 17618 MiB, 60, P2, 1950 MHz, 9501 MHz, 163.88 W, 0x0000000000000000
2026/08/27 13:08:23.840, 66 %, 20276 MiB, 63, P2, 1950 MHz, 9501 MHz, 186.42 W, 0x0000000000000000
2026/08/27 13:08:28.858, 68 %, 20276 MiB, 66, P2, 1950 MHz, 9501 MHz, 286.80 W, 0x0000000000000000
2026/08/27 13:08:33.879, 68 %, 20280 MiB, 67, P2, 1950 MHz, 9501 MHz, 278.75 W, 0x0000000000000000
2026/08/27 13:08:38.898, 99 %, 20288 MiB, 63, P2, 1935 MHz, 9501 MHz, 256.27 W, 0x0000000000000004
2026/08/27 13:08:43.917, 48 %, 20288 MiB, 66, P2, 1950 MHz, 9501 MHz, 293.09 W, 0x0000000000000000
2026/08/27 13:08:48.938, 52 %, 20288 MiB, 69, P2, 1935 MHz, 9501 MHz, 282.92 W, 0x0000000000000000
2026/08/27 13:08:53.960, 0 %, 346 MiB, 61, P0, 480 MHz, 5001 MHz, 144.08 W, 0x0000000000000000
2026/08/27 13:08:58.979, 100 %, 19362 MiB, 62, P2, 1950 MHz, 9501 MHz, 166.92 W, 0x0000000000000000
2026/08/27 13:09:04.003, 100 %, 19362 MiB, 61, P2, 1950 MHz, 9501 MHz, 168.99 W, 0x0000000000000000
2026/08/27 13:09:09.027, 99 %, 20502 MiB, 61, P2, 1950 MHz, 9501 MHz, 168.44 W, 0x0000000000000000
2026/08/27 13:09:14.054, 85 %, 20768 MiB, 63, P2, 1950 MHz, 9501 MHz, 227.56 W, 0x0000000000000000
2026/08/27 13:09:19.076, 85 %, 20772 MiB, 63, P2, 1950 MHz, 9501 MHz, 225.21 W, 0x0000000000000000
2026/08/27 13:09:24.094, 82 %, 20772 MiB, 63, P2, 1950 MHz, 9501 MHz, 216.85 W, 0x0000000000000000
2026/08/27 13:09:29.113, 84 %, 20772 MiB, 63, P2, 1950 MHz, 9501 MHz, 227.31 W, 0x0000000000000000
2026/08/27 13:09:34.132, 85 %, 20772 MiB, 64, P2, 1950 MHz, 9501 MHz, 226.75 W, 0x0000000000000000
2026/08/27 13:09:39.154, 81 %, 20772 MiB, 63, P2, 1950 MHz, 9501 MHz, 226.63 W, 0x0000000000000000
2026/08/27 13:09:44.176, 83 %, 20772 MiB, 63, P2, 1950 MHz, 9501 MHz, 228.95 W, 0x0000000000000000
2026/08/27 13:09:49.199, 83 %, 20774 MiB, 64, P2, 1950 MHz, 9501 MHz, 232.74 W, 0x0000000000000000
2026/08/27 13:09:54.217, 83 %, 20780 MiB, 64, P2, 1950 MHz, 9501 MHz, 230.79 W, 0x0000000000000000
2026/08/27 13:09:59.238, 99 %, 20780 MiB, 63, P2, 1950 MHz, 9501 MHz, 207.28 W, 0x0000000000000000
2026/08/27 13:10:04.259, 82 %, 20780 MiB, 64, P2, 1950 MHz, 9501 MHz, 228.08 W, 0x0000000000000000
2026/08/27 13:10:09.280, 83 %, 20780 MiB, 64, P2, 1950 MHz, 9501 MHz, 231.01 W, 0x0000000000000000
2026/08/27 13:10:14.302, 85 %, 20780 MiB, 65, P2, 1950 MHz, 9501 MHz, 234.57 W, 0x0000000000000000
2026/08/27 13:10:19.322, 82 %, 20780 MiB, 64, P2, 1950 MHz, 9501 MHz, 232.78 W, 0x0000000000000000
2026/08/27 13:10:24.340, 84 %, 20780 MiB, 64, P2, 1950 MHz, 9501 MHz, 234.84 W, 0x0000000000000000
2026/08/27 13:10:29.359, 83 %, 20780 MiB, 64, P2, 1950 MHz, 9501 MHz, 228.19 W, 0x0000000000000000
2026/08/27 13:10:34.379, 85 %, 20780 MiB, 64, P2, 1950 MHz, 9501 MHz, 226.84 W, 0x0000000000000000
2026/08/27 13:10:39.399, 83 %, 20780 MiB, 63, P2, 1950 MHz, 9501 MHz, 219.09 W, 0x0000000000000000
2026/08/27 13:10:44.419, 82 %, 20780 MiB, 63, P2, 1950 MHz, 9501 MHz, 226.88 W, 0x0000000000000000
2026/08/27 13:10:49.440, 100 %, 82 MiB, 62, P0, 1950 MHz, 9751 MHz, 173.00 W, 0x0000000000000000
2026/08/27 13:10:54.459, 3 %, 20144 MiB, 59, P2, 1695 MHz, 9501 MHz, 143.41 W, 0x0000000000000000
2026/08/27 13:10:59.485, 100 %, 20144 MiB, 60, P2, 1965 MHz, 9501 MHz, 167.24 W, 0x0000000000000000
2026/08/27 13:11:04.508, 100 %, 20144 MiB, 60, P2, 1965 MHz, 9501 MHz, 166.61 W, 0x0000000000000000
2026/08/27 13:11:09.531, 76 %, 20816 MiB, 64, P2, 1950 MHz, 9501 MHz, 289.55 W, 0x0000000000000000
2026/08/27 13:11:14.551, 79 %, 20824 MiB, 67, P2, 1950 MHz, 9501 MHz, 330.99 W, 0x0000000000000000
2026/08/27 13:11:19.571, 81 %, 20824 MiB, 66, P2, 1950 MHz, 9501 MHz, 272.97 W, 0x0000000000000004
2026/08/27 13:11:24.590, 0 %, 82 MiB, 63, P0, 1950 MHz, 9751 MHz, 169.44 W, 0x0000000000000001
2026/08/27 13:11:29.610, 100 %, 20144 MiB, 61, P2, 1950 MHz, 9501 MHz, 147.74 W, 0x0000000000000000
2026/08/27 13:11:34.638, 100 %, 20144 MiB, 61, P2, 1950 MHz, 9501 MHz, 167.34 W, 0x0000000000000000
2026/08/27 13:11:39.661, 99 %, 20144 MiB, 60, P2, 1950 MHz, 9501 MHz, 166.45 W, 0x0000000000000000
2026/08/27 13:11:44.686, 66 %, 20816 MiB, 66, P2, 1950 MHz, 9501 MHz, 296.24 W, 0x0000000000000000
2026/08/27 13:11:49.707, 77 %, 20816 MiB, 69, P2, 1950 MHz, 9501 MHz, 330.83 W, 0x0000000000000000
2026/08/27 13:11:54.725, 78 %, 20820 MiB, 70, P2, 1935 MHz, 9501 MHz, 331.43 W, 0x0000000000000000
2026/08/27 13:11:59.744, 87 %, 20824 MiB, 70, P2, 1935 MHz, 9501 MHz, 267.80 W, 0x0000000000000000
2026/08/27 13:12:04.764, 77 %, 20824 MiB, 71, P2, 1935 MHz, 9501 MHz, 304.90 W, 0x0000000000000000
2026/08/27 13:12:09.784, 78 %, 20824 MiB, 73, P2, 1935 MHz, 9501 MHz, 338.75 W, 0x0000000000000000
2026/08/27 13:12:14.803, 0 %, 82 MiB, 66, P0, 1935 MHz, 9751 MHz, 175.53 W, 0x0000000000000001
2026/08/27 13:12:19.823, 100 %, 19044 MiB, 61, P2, 1695 MHz, 9501 MHz, 133.53 W, 0x0000000000000000
2026/08/27 13:12:24.847, 100 %, 19044 MiB, 62, P2, 1950 MHz, 9501 MHz, 170.98 W, 0x0000000000000000
2026/08/27 13:12:29.873, 100 %, 19044 MiB, 61, P2, 1950 MHz, 9501 MHz, 169.87 W, 0x0000000000000000
2026/08/27 13:12:34.898, 76 %, 22286 MiB, 67, P2, 1950 MHz, 9501 MHz, 293.35 W, 0x0000000000000004
2026/08/27 13:12:39.921, 74 %, 22292 MiB, 68, P2, 1935 MHz, 9501 MHz, 325.36 W, 0x0000000000000004
2026/08/27 13:12:44.942, 76 %, 22292 MiB, 69, P2, 1935 MHz, 9501 MHz, 331.12 W, 0x0000000000000004
2026/08/27 13:12:49.963, 0 %, 346 MiB, 62, P2, 1950 MHz, 9501 MHz, 150.63 W, 0x0000000000000000
2026/08/27 13:12:54.988, 99 %, 19044 MiB, 61, P2, 1950 MHz, 9501 MHz, 166.47 W, 0x0000000000000000
2026/08/27 13:13:00.014, 99 %, 19044 MiB, 60, P2, 1950 MHz, 9501 MHz, 167.85 W, 0x0000000000000000
2026/08/27 13:13:05.038, 18 %, 20188 MiB, 60, P2, 1950 MHz, 9501 MHz, 169.08 W, 0x0000000000000000
2026/08/27 13:13:10.058, 79 %, 22286 MiB, 67, P2, 1950 MHz, 9501 MHz, 329.07 W, 0x0000000000000004
2026/08/27 13:13:15.078, 79 %, 22286 MiB, 68, P2, 1935 MHz, 9501 MHz, 328.43 W, 0x0000000000000004
2026/08/27 13:13:20.097, 74 %, 22292 MiB, 68, P2, 1935 MHz, 9501 MHz, 326.03 W, 0x0000000000000004
2026/08/27 13:13:25.114, 78 %, 22292 MiB, 69, P2, 1935 MHz, 9501 MHz, 326.11 W, 0x0000000000000004
2026/08/27 13:13:30.133, 28 %, 22292 MiB, 67, P2, 1935 MHz, 9501 MHz, 317.26 W, 0x0000000000000004
2026/08/27 13:13:35.151, 0 %, 82 MiB, 64, P0, 1935 MHz, 9751 MHz, 166.71 W, 0x0000000000000000
2026/08/27 13:13:40.169, 100 %, 18082 MiB, 61, P2, 1950 MHz, 9501 MHz, 135.32 W, 0x0000000000000000
2026/08/27 13:13:45.195, 100 %, 18082 MiB, 61, P2, 1950 MHz, 9501 MHz, 169.22 W, 0x0000000000000000
2026/08/27 13:13:50.217, 99 %, 18082 MiB, 61, P2, 1950 MHz, 9501 MHz, 168.32 W, 0x0000000000000000
2026/08/27 13:13:55.239, 71 %, 21828 MiB, 66, P2, 1950 MHz, 9501 MHz, 275.83 W, 0x0000000000000004
2026/08/27 13:14:00.258, 67 %, 21834 MiB, 67, P2, 1950 MHz, 9501 MHz, 309.12 W, 0x0000000000000004
2026/08/27 13:14:05.279, 68 %, 21834 MiB, 67, P2, 1935 MHz, 9501 MHz, 284.44 W, 0x0000000000000004
2026/08/27 13:14:10.300, 0 %, 82 MiB, 63, P0, 1950 MHz, 9751 MHz, 169.33 W, 0x0000000000000000
2026/08/27 13:14:15.320, 100 %, 18082 MiB, 59, P2, 1695 MHz, 9501 MHz, 133.30 W, 0x0000000000000000
2026/08/27 13:14:20.345, 100 %, 18082 MiB, 61, P2, 1950 MHz, 9501 MHz, 167.36 W, 0x0000000000000000
2026/08/27 13:14:25.368, 100 %, 18082 MiB, 60, P2, 1950 MHz, 9501 MHz, 166.37 W, 0x0000000000000000
2026/08/27 13:14:30.390, 70 %, 21828 MiB, 66, P2, 1950 MHz, 9501 MHz, 289.13 W, 0x0000000000000004
2026/08/27 13:14:35.410, 69 %, 21828 MiB, 67, P2, 1950 MHz, 9501 MHz, 289.79 W, 0x0000000000000004
2026/08/27 13:14:40.429, 99 %, 21834 MiB, 63, P2, 1935 MHz, 9501 MHz, 220.78 W, 0x0000000000000000
2026/08/27 13:14:45.451, 33 %, 21834 MiB, 65, P2, 1935 MHz, 9501 MHz, 308.33 W, 0x0000000000000004
2026/08/27 13:14:50.472, 71 %, 21834 MiB, 69, P2, 1935 MHz, 9501 MHz, 287.65 W, 0x0000000000000004
2026/08/27 13:14:55.491, 74 %, 21834 MiB, 71, P2, 1935 MHz, 9501 MHz, 328.40 W, 0x0000000000000004
2026/08/27 13:15:00.510, 0 %, 1100 MiB, 63, P2, 1950 MHz, 9501 MHz, 149.72 W, 0x0000000000000000
2026/08/27 13:15:05.532, 100 %, 17618 MiB, 62, P2, 1950 MHz, 9501 MHz, 168.54 W, 0x0000000000000000
2026/08/27 13:15:10.555, 100 %, 17618 MiB, 61, P2, 1950 MHz, 9501 MHz, 167.72 W, 0x0000000000000000
2026/08/27 13:15:15.577, 69 %, 20276 MiB, 66, P2, 1950 MHz, 9501 MHz, 273.43 W, 0x0000000000000000
2026/08/27 13:15:20.595, 69 %, 20288 MiB, 67, P2, 1950 MHz, 9501 MHz, 254.81 W, 0x0000000000000000
2026/08/27 13:15:25.617, 62 %, 20288 MiB, 64, P2, 1935 MHz, 9501 MHz, 252.19 W, 0x0000000000000004
2026/08/27 13:15:30.638, 0 %, 82 MiB, 62, P0, 1935 MHz, 9751 MHz, 161.34 W, 0x0000000000000024
2026/08/27 13:15:35.658, 99 %, 17618 MiB, 60, P2, 1950 MHz, 9501 MHz, 133.53 W, 0x0000000000000000
2026/08/27 13:15:40.677, 99 %, 18762 MiB, 59, P2, 1950 MHz, 9501 MHz, 155.82 W, 0x0000000000000000
2026/08/27 13:15:45.697, 69 %, 20276 MiB, 66, P2, 1950 MHz, 9501 MHz, 312.10 W, 0x0000000000000000
2026/08/27 13:15:50.719, 68 %, 20276 MiB, 68, P2, 1935 MHz, 9501 MHz, 312.47 W, 0x0000000000000000
2026/08/27 13:15:55.738, 67 %, 20288 MiB, 68, P2, 1935 MHz, 9501 MHz, 305.42 W, 0x0000000000000000
2026/08/27 13:16:00.756, 70 %, 20288 MiB, 68, P2, 1935 MHz, 9501 MHz, 290.19 W, 0x0000000000000000
2026/08/27 13:16:05.777, 69 %, 20288 MiB, 69, P2, 1935 MHz, 9501 MHz, 314.61 W, 0x0000000000000000
2026/08/27 13:16:10.795, 0 %, 82 MiB, 64, P0, 1935 MHz, 9751 MHz, 167.74 W, 0x0000000000000000
2026/08/27 13:16:15.813, 100 %, 19362 MiB, 60, P2, 1695 MHz, 9501 MHz, 132.31 W, 0x0000000000000000
2026/08/27 13:16:20.837, 100 %, 19362 MiB, 61, P2, 1950 MHz, 9501 MHz, 166.85 W, 0x0000000000000000
2026/08/27 13:16:25.860, 100 %, 20004 MiB, 61, P2, 1950 MHz, 9501 MHz, 166.40 W, 0x0000000000000000
2026/08/27 13:16:30.880, 82 %, 20770 MiB, 63, P2, 1950 MHz, 9501 MHz, 224.29 W, 0x0000000000000000
2026/08/27 13:16:35.900, 84 %, 20770 MiB, 63, P2, 1950 MHz, 9501 MHz, 215.41 W, 0x0000000000000000
2026/08/27 13:16:40.920, 85 %, 20770 MiB, 63, P2, 1950 MHz, 9501 MHz, 227.59 W, 0x0000000000000048
2026/08/27 13:16:45.938, 81 %, 20772 MiB, 63, P2, 1950 MHz, 9501 MHz, 223.38 W, 0x0000000000000004
2026/08/27 13:16:50.959, 79 %, 20778 MiB, 63, P2, 1950 MHz, 9501 MHz, 203.62 W, 0x0000000000000000
2026/08/27 13:16:55.979, 82 %, 20780 MiB, 64, P2, 1950 MHz, 9501 MHz, 234.50 W, 0x0000000000000000
2026/08/27 13:17:01.000, 81 %, 20780 MiB, 64, P2, 1950 MHz, 9501 MHz, 231.35 W, 0x0000000000000000
2026/08/27 13:17:06.017, 80 %, 20780 MiB, 64, P2, 1950 MHz, 9501 MHz, 219.16 W, 0x0000000000000000
2026/08/27 13:17:11.038, 83 %, 20780 MiB, 63, P2, 1950 MHz, 9501 MHz, 228.47 W, 0x0000000000000000
2026/08/27 13:17:16.061, 84 %, 20780 MiB, 63, P2, 1950 MHz, 9501 MHz, 226.48 W, 0x0000000000000000
2026/08/27 13:17:21.084, 68 %, 20780 MiB, 63, P2, 1950 MHz, 9501 MHz, 219.18 W, 0x0000000000000000
2026/08/27 13:17:26.105, 0 %, 82 MiB, 57, P3, 270 MHz, 5001 MHz, 124.04 W, 0x0000000000000001
2026/08/27 13:17:31.127, 0 %, 82 MiB, 52, P8, 210 MHz, 405 MHz, 30.71 W, 0x0000000000000001
2026/08/27 13:17:36.149, 0 %, 82 MiB, 50, P8, 210 MHz, 405 MHz, 30.39 W, 0x0000000000000001
2026/08/27 13:17:41.174, 0 %, 82 MiB, 49, P8, 210 MHz, 405 MHz, 29.36 W, 0x0000000000000001
2026/08/27 13:17:46.200, 0 %, 82 MiB, 47, P8, 210 MHz, 405 MHz, 28.73 W, 0x0000000000000001
2026/08/27 13:17:51.223, 0 %, 82 MiB, 46, P8, 210 MHz, 405 MHz, 28.58 W, 0x0000000000000001
2026/08/27 13:17:56.245, 0 %, 82 MiB, 45, P8, 210 MHz, 405 MHz, 28.08 W, 0x0000000000000001
2026/08/27 13:18:01.268, 0 %, 82 MiB, 44, P8, 210 MHz, 405 MHz, 27.79 W, 0x0000000000000001
2026/08/27 13:18:06.292, 0 %, 82 MiB, 44, P8, 210 MHz, 405 MHz, 27.63 W, 0x0000000000000001
2026/08/27 13:18:11.318, 0 %, 82 MiB, 43, P8, 210 MHz, 405 MHz, 27.48 W, 0x0000000000000001
2026/08/27 13:18:16.340, 0 %, 82 MiB, 43, P8, 210 MHz, 405 MHz, 27.00 W, 0x0000000000000001
2026/08/27 13:18:21.362, 0 %, 82 MiB, 42, P8, 210 MHz, 405 MHz, 26.97 W, 0x0000000000000001
2026/08/27 13:18:26.386, 0 %, 82 MiB, 42, P8, 210 MHz, 405 MHz, 26.59 W, 0x0000000000000001
2026/08/27 13:18:31.411, 0 %, 82 MiB, 41, P8, 210 MHz, 405 MHz, 26.64 W, 0x0000000000000001
2026/08/27 13:18:36.433, 0 %, 82 MiB, 41, P8, 210 MHz, 405 MHz, 26.21 W, 0x0000000000000001
2026/08/27 13:18:41.455, 0 %, 82 MiB, 41, P8, 210 MHz, 405 MHz, 26.18 W, 0x0000000000000001
2026/08/27 13:18:46.480, 0 %, 82 MiB, 41, P8, 210 MHz, 405 MHz, 26.08 W, 0x0000000000000001
2026/08/27 13:18:51.506, 0 %, 82 MiB, 40, P8, 210 MHz, 405 MHz, 25.88 W, 0x0000000000000001
2026/08/27 13:18:56.528, 0 %, 82 MiB, 40, P8, 210 MHz, 405 MHz, 26.20 W, 0x0000000000000001
2026/08/27 13:19:01.550, 0 %, 82 MiB, 40, P8, 210 MHz, 405 MHz, 25.87 W, 0x0000000000000001
2026/08/27 13:19:06.571, 0 %, 82 MiB, 40, P8, 210 MHz, 405 MHz, 25.87 W, 0x0000000000000001
2026/08/27 13:19:11.595, 0 %, 82 MiB, 40, P8, 210 MHz, 405 MHz, 25.93 W, 0x0000000000000001
2026/08/27 13:19:16.618, 0 %, 82 MiB, 39, P8, 210 MHz, 405 MHz, 26.01 W, 0x0000000000000001
2026/08/27 13:19:21.643, 0 %, 82 MiB, 39, P8, 210 MHz, 405 MHz, 25.89 W, 0x0000000000000001
2026/08/27 13:19:26.665, 0 %, 82 MiB, 39, P8, 210 MHz, 405 MHz, 26.16 W, 0x0000000000000001
2026/08/27 13:19:31.691, 0 %, 82 MiB, 39, P8, 210 MHz, 405 MHz, 26.06 W, 0x0000000000000001
2026/08/27 13:19:36.716, 0 %, 82 MiB, 39, P8, 210 MHz, 405 MHz, 25.96 W, 0x0000000000000001
2026/08/27 13:19:41.742, 0 %, 82 MiB, 39, P8, 210 MHz, 405 MHz, 25.90 W, 0x0000000000000004
2026/08/27 13:19:46.767, 0 %, 82 MiB, 39, P8, 210 MHz, 405 MHz, 25.99 W, 0x0000000000000001
2026/08/27 13:19:51.789, 0 %, 82 MiB, 39, P8, 210 MHz, 405 MHz, 26.04 W, 0x0000000000000001
2026/08/27 13:19:56.811, 0 %, 82 MiB, 39, P8, 210 MHz, 405 MHz, 25.98 W, 0x0000000000000001
2026/08/27 13:20:01.833, 0 %, 82 MiB, 38, P8, 210 MHz, 405 MHz, 25.90 W, 0x0000000000000001
2026/08/27 13:20:06.854, 0 %, 82 MiB, 38, P8, 210 MHz, 405 MHz, 25.86 W, 0x0000000000000001
2026/08/27 13:20:11.875, 0 %, 82 MiB, 38, P8, 210 MHz, 405 MHz, 25.70 W, 0x0000000000000001
2026/08/27 13:20:16.897, 0 %, 82 MiB, 38, P8, 210 MHz, 405 MHz, 25.92 W, 0x0000000000000001
2026/08/27 13:20:21.919, 0 %, 82 MiB, 38, P8, 210 MHz, 405 MHz, 26.07 W, 0x0000000000000001
2026/08/27 13:20:26.941, 0 %, 82 MiB, 38, P8, 210 MHz, 405 MHz, 25.92 W, 0x0000000000000001
2026/08/27 13:20:31.965, 0 %, 82 MiB, 38, P8, 210 MHz, 405 MHz, 25.83 W, 0x0000000000000001
2026/08/27 13:20:36.989, 0 %, 82 MiB, 38, P8, 210 MHz, 405 MHz, 25.91 W, 0x0000000000000001
2026/08/27 13:20:42.015, 0 %, 82 MiB, 38, P8, 210 MHz, 405 MHz, 26.09 W, 0x0000000000000001
2026/08/27 13:20:47.037, 0 %, 82 MiB, 38, P8, 210 MHz, 405 MHz, 25.93 W, 0x0000000000000001
2026/08/27 13:20:52.060, 0 %, 82 MiB, 38, P8, 210 MHz, 405 MHz, 26.20 W, 0x0000000000000001
2026/08/27 13:20:57.082, 0 %, 82 MiB, 38, P8, 210 MHz, 405 MHz, 25.97 W, 0x0000000000000001
2026/08/27 13:21:02.107, 0 %, 82 MiB, 38, P8, 210 MHz, 405 MHz, 26.13 W, 0x0000000000000001
2026/08/27 13:21:07.129, 0 %, 82 MiB, 38, P8, 210 MHz, 405 MHz, 26.37 W, 0x0000000000000001
2026/08/27 13:21:12.151, 0 %, 82 MiB, 38, P8, 210 MHz, 405 MHz, 26.14 W, 0x0000000000000001
2026/08/27 13:21:17.173, 0 %, 82 MiB, 38, P8, 210 MHz, 405 MHz, 26.31 W, 0x0000000000000001
2026/08/27 13:21:22.196, 0 %, 82 MiB, 38, P8, 210 MHz, 405 MHz, 26.47 W, 0x0000000000000001
2026/08/27 13:21:27.218, 0 %, 82 MiB, 38, P8, 210 MHz, 405 MHz, 26.04 W, 0x0000000000000001
2026/08/27 13:21:32.241, 0 %, 82 MiB, 37, P8, 210 MHz, 405 MHz, 26.22 W, 0x0000000000000001
2026/08/27 13:21:37.265, 0 %, 82 MiB, 38, P8, 210 MHz, 405 MHz, 26.16 W, 0x0000000000000001
2026/08/27 13:21:42.288, 0 %, 82 MiB, 37, P8, 210 MHz, 405 MHz, 26.05 W, 0x0000000000000001
2026/08/27 13:21:47.309, 0 %, 82 MiB, 37, P8, 210 MHz, 405 MHz, 26.09 W, 0x0000000000000001
2026/08/27 13:21:52.332, 0 %, 82 MiB, 37, P8, 210 MHz, 405 MHz, 25.96 W, 0x0000000000000001
2026/08/27 13:21:57.354, 0 %, 82 MiB, 37, P8, 210 MHz, 405 MHz, 26.19 W, 0x0000000000000001
2026/08/27 13:22:02.376, 0 %, 82 MiB, 37, P8, 210 MHz, 405 MHz, 26.00 W, 0x0000000000000001
2026/08/27 13:22:07.400, 0 %, 82 MiB, 37, P8, 210 MHz, 405 MHz, 25.84 W, 0x0000000000000001
2026/08/27 13:22:12.423, 0 %, 82 MiB, 37, P8, 210 MHz, 405 MHz, 26.33 W, 0x0000000000000001
2026/08/27 13:22:17.447, 0 %, 82 MiB, 37, P8, 210 MHz, 405 MHz, 25.97 W, 0x0000000000000001
2026/08/27 13:22:22.472, 0 %, 82 MiB, 37, P8, 210 MHz, 405 MHz, 26.19 W, 0x0000000000000001
2026/08/27 13:22:27.498, 0 %, 82 MiB, 37, P8, 210 MHz, 405 MHz, 26.19 W, 0x0000000000000001
2026/08/27 13:22:32.520, 0 %, 82 MiB, 37, P8, 210 MHz, 405 MHz, 26.53 W, 0x0000000000000001
2026/08/27 13:22:37.541, 0 %, 82 MiB, 37, P8, 210 MHz, 405 MHz, 26.40 W, 0x0000000000000001
2026/08/27 13:22:42.563, 0 %, 82 MiB, 37, P8, 210 MHz, 405 MHz, 26.30 W, 0x0000000000000001
2026/08/27 13:22:47.585, 0 %, 82 MiB, 37, P8, 210 MHz, 405 MHz, 26.31 W, 0x0000000000000001
2026/08/27 13:22:52.608, 0 %, 82 MiB, 37, P8, 210 MHz, 405 MHz, 26.41 W, 0x0000000000000001
2026/08/27 13:22:57.633, 0 %, 82 MiB, 37, P8, 210 MHz, 405 MHz, 26.31 W, 0x0000000000000001
2026/08/27 13:23:02.656, 0 %, 82 MiB, 37, P8, 210 MHz, 405 MHz, 26.07 W, 0x0000000000000001
2026/08/27 13:23:07.678, 0 %, 82 MiB, 37, P8, 210 MHz, 405 MHz, 26.39 W, 0x0000000000000001
2026/08/27 13:23:12.701, 0 %, 82 MiB, 37, P8, 210 MHz, 405 MHz, 26.19 W, 0x0000000000000001
2026/08/27 13:23:17.723, 0 %, 82 MiB, 37, P8, 210 MHz, 405 MHz, 26.18 W, 0x0000000000000001
2026/08/27 13:23:22.745, 0 %, 82 MiB, 37, P8, 210 MHz, 405 MHz, 26.34 W, 0x0000000000000001
2026/08/27 13:23:27.766, 0 %, 82 MiB, 37, P8, 210 MHz, 405 MHz, 26.20 W, 0x0000000000000001
2026/08/27 13:23:32.789, 0 %, 82 MiB, 37, P8, 210 MHz, 405 MHz, 26.29 W, 0x0000000000000001
2026/08/27 13:23:37.811, 0 %, 82 MiB, 37, P8, 210 MHz, 405 MHz, 26.27 W, 0x0000000000000001
2026/08/27 13:23:42.836, 0 %, 82 MiB, 37, P8, 210 MHz, 405 MHz, 26.19 W, 0x0000000000000001
2026/08/27 13:23:47.858, 0 %, 82 MiB, 37, P8, 210 MHz, 405 MHz, 26.08 W, 0x0000000000000001
2026/08/27 13:23:52.881, 0 %, 82 MiB, 37, P8, 210 MHz, 405 MHz, 26.17 W, 0x0000000000000001
2026/08/27 13:23:57.903, 0 %, 82 MiB, 37, P8, 210 MHz, 405 MHz, 26.20 W, 0x0000000000000001
2026/08/27 13:24:02.928, 0 %, 82 MiB, 37, P8, 210 MHz, 405 MHz, 26.11 W, 0x0000000000000001
2026/08/27 13:24:07.954, 0 %, 82 MiB, 37, P8, 210 MHz, 405 MHz, 26.06 W, 0x0000000000000001
2026/08/27 13:24:12.979, 0 %, 82 MiB, 37, P8, 210 MHz, 405 MHz, 25.91 W, 0x0000000000000001
2026/08/27 13:24:18.004, 0 %, 82 MiB, 37, P8, 210 MHz, 405 MHz, 26.06 W, 0x0000000000000001
2026/08/27 13:24:23.030, 0 %, 82 MiB, 37, P8, 210 MHz, 405 MHz, 26.03 W, 0x0000000000000001
2026/08/27 13:24:28.052, 0 %, 82 MiB, 37, P8, 210 MHz, 405 MHz, 25.83 W, 0x0000000000000001
2026/08/27 13:24:33.074, 0 %, 82 MiB, 37, P8, 210 MHz, 405 MHz, 25.96 W, 0x0000000000000001
2026/08/27 13:24:38.099, 0 %, 82 MiB, 37, P8, 210 MHz, 405 MHz, 25.90 W, 0x0000000000000001
2026/08/27 13:24:43.123, 0 %, 82 MiB, 37, P8, 210 MHz, 405 MHz, 25.77 W, 0x0000000000000001
2026/08/27 13:24:48.149, 0 %, 82 MiB, 37, P8, 210 MHz, 405 MHz, 25.94 W, 0x0000000000000001
2026/08/27 13:24:53.172, 0 %, 82 MiB, 37, P8, 210 MHz, 405 MHz, 25.76 W, 0x0000000000000001
2026/08/27 13:24:58.194, 0 %, 82 MiB, 37, P8, 210 MHz, 405 MHz, 25.87 W, 0x0000000000000001
2026/08/27 13:25:03.216, 0 %, 82 MiB, 37, P8, 210 MHz, 405 MHz, 25.76 W, 0x0000000000000001
2026/08/27 13:25:08.240, 0 %, 82 MiB, 37, P8, 210 MHz, 405 MHz, 25.92 W, 0x0000000000000001
2026/08/27 13:25:13.265, 0 %, 82 MiB, 37, P8, 210 MHz, 405 MHz, 25.99 W, 0x0000000000000001
2026/08/27 13:25:18.291, 0 %, 82 MiB, 37, P8, 210 MHz, 405 MHz, 26.13 W, 0x0000000000000001
2026/08/27 13:25:23.313, 0 %, 82 MiB, 37, P8, 210 MHz, 405 MHz, 25.91 W, 0x0000000000000001
2026/08/27 13:25:28.337, 0 %, 82 MiB, 37, P8, 210 MHz, 405 MHz, 25.87 W, 0x0000000000000001
2026/08/27 13:25:33.360, 0 %, 82 MiB, 37, P8, 210 MHz, 405 MHz, 25.96 W, 0x0000000000000001
2026/08/27 13:25:38.382, 0 %, 82 MiB, 37, P8, 210 MHz, 405 MHz, 25.87 W, 0x0000000000000001
2026/08/27 13:25:43.405, 0 %, 82 MiB, 37, P8, 210 MHz, 405 MHz, 25.92 W, 0x0000000000000001
2026/08/27 13:25:48.429, 0 %, 82 MiB, 37, P8, 210 MHz, 405 MHz, 26.15 W, 0x0000000000000001
2026/08/27 13:25:53.454, 0 %, 82 MiB, 36, P8, 210 MHz, 405 MHz, 26.02 W, 0x0000000000000001
2026/08/27 13:25:58.478, 0 %, 82 MiB, 36, P8, 210 MHz, 405 MHz, 25.79 W, 0x0000000000000001
2026/08/27 13:26:03.501, 0 %, 82 MiB, 36, P8, 210 MHz, 405 MHz, 25.71 W, 0x0000000000000001
2026/08/27 13:26:08.523, 0 %, 82 MiB, 36, P8, 210 MHz, 405 MHz, 25.96 W, 0x0000000000000001
2026/08/27 13:26:13.545, 0 %, 82 MiB, 36, P8, 210 MHz, 405 MHz, 25.94 W, 0x0000000000000001
2026/08/27 13:26:18.567, 0 %, 82 MiB, 36, P8, 210 MHz, 405 MHz, 25.89 W, 0x0000000000000001
2026/08/27 13:26:23.589, 0 %, 82 MiB, 36, P8, 210 MHz, 405 MHz, 25.80 W, 0x0000000000000001
2026/08/27 13:26:28.612, 0 %, 82 MiB, 36, P8, 210 MHz, 405 MHz, 25.83 W, 0x0000000000000001
2026/08/27 13:26:33.634, 0 %, 82 MiB, 36, P8, 210 MHz, 405 MHz, 25.49 W, 0x0000000000000001
2026/08/27 13:26:38.657, 0 %, 82 MiB, 36, P8, 210 MHz, 405 MHz, 25.53 W, 0x0000000000000001
2026/08/27 13:26:43.678, 0 %, 82 MiB, 36, P8, 210 MHz, 405 MHz, 25.86 W, 0x0000000000000001
2026/08/27 13:26:48.703, 0 %, 82 MiB, 36, P8, 210 MHz, 405 MHz, 25.85 W, 0x0000000000000001
2026/08/27 13:26:53.725, 0 %, 82 MiB, 36, P8, 210 MHz, 405 MHz, 26.01 W, 0x0000000000000004
2026/08/27 13:26:58.746, 0 %, 82 MiB, 36, P8, 210 MHz, 405 MHz, 26.12 W, 0x0000000000000001
2026/08/27 13:27:03.768, 0 %, 82 MiB, 36, P8, 210 MHz, 405 MHz, 26.20 W, 0x0000000000000001
2026/08/27 13:27:08.792, 0 %, 82 MiB, 36, P8, 210 MHz, 405 MHz, 26.08 W, 0x0000000000000001
2026/08/27 13:27:13.816, 0 %, 82 MiB, 36, P8, 210 MHz, 405 MHz, 26.01 W, 0x0000000000000001
2026/08/27 13:27:18.839, 0 %, 82 MiB, 36, P8, 210 MHz, 405 MHz, 26.19 W, 0x0000000000000001
2026/08/27 13:27:23.861, 0 %, 82 MiB, 36, P8, 210 MHz, 405 MHz, 25.93 W, 0x0000000000000001
2026/08/27 13:27:28.886, 0 %, 82 MiB, 36, P8, 210 MHz, 405 MHz, 25.88 W, 0x0000000000000001
2026/08/27 13:27:33.910, 0 %, 82 MiB, 36, P8, 210 MHz, 405 MHz, 26.13 W, 0x0000000000000001
2026/08/27 13:27:38.931, 0 %, 82 MiB, 36, P8, 210 MHz, 405 MHz, 26.05 W, 0x0000000000000001
2026/08/27 13:27:43.953, 0 %, 82 MiB, 36, P8, 210 MHz, 405 MHz, 26.02 W, 0x0000000000000001
2026/08/27 13:27:48.975, 0 %, 82 MiB, 36, P8, 210 MHz, 405 MHz, 25.93 W, 0x0000000000000001
2026/08/27 13:27:53.997, 0 %, 82 MiB, 36, P8, 210 MHz, 405 MHz, 26.03 W, 0x0000000000000001
2026/08/27 13:27:59.019, 0 %, 82 MiB, 36, P8, 210 MHz, 405 MHz, 25.84 W, 0x0000000000000001
2026/08/27 13:28:04.041, 0 %, 82 MiB, 36, P8, 210 MHz, 405 MHz, 25.89 W, 0x0000000000000001
2026/08/27 13:28:09.066, 0 %, 82 MiB, 36, P8, 210 MHz, 405 MHz, 25.94 W, 0x0000000000000001
2026/08/27 13:28:14.088, 0 %, 82 MiB, 36, P8, 210 MHz, 405 MHz, 25.85 W, 0x0000000000000001
2026/08/27 13:28:19.110, 0 %, 82 MiB, 36, P8, 210 MHz, 405 MHz, 26.03 W, 0x0000000000000001
2026/08/27 13:28:24.135, 0 %, 82 MiB, 36, P8, 210 MHz, 405 MHz, 25.89 W, 0x0000000000000001
2026/08/27 13:28:29.157, 0 %, 82 MiB, 36, P8, 210 MHz, 405 MHz, 25.75 W, 0x0000000000000001
2026/08/27 13:28:34.182, 0 %, 82 MiB, 36, P8, 210 MHz, 405 MHz, 26.05 W, 0x0000000000000001
2026/08/27 13:28:39.204, 0 %, 82 MiB, 36, P8, 210 MHz, 405 MHz, 25.84 W, 0x0000000000000001
2026/08/27 13:28:44.229, 0 %, 82 MiB, 36, P8, 210 MHz, 405 MHz, 25.93 W, 0x0000000000000001
2026/08/27 13:28:49.254, 0 %, 82 MiB, 36, P8, 210 MHz, 405 MHz, 26.10 W, 0x0000000000000001
2026/08/27 13:28:54.276, 0 %, 82 MiB, 36, P8, 210 MHz, 405 MHz, 25.95 W, 0x0000000000000001
2026/08/27 13:28:59.301, 0 %, 82 MiB, 36, P8, 210 MHz, 405 MHz, 25.90 W, 0x0000000000000001
2026/08/27 13:29:04.324, 0 %, 82 MiB, 36, P8, 210 MHz, 405 MHz, 25.83 W, 0x0000000000000001
2026/08/27 13:29:09.350, 0 %, 82 MiB, 36, P8, 210 MHz, 405 MHz, 25.88 W, 0x0000000000000001
2026/08/27 13:29:14.376, 0 %, 82 MiB, 36, P8, 210 MHz, 405 MHz, 25.80 W, 0x0000000000000001
2026/08/27 13:29:19.398, 0 %, 82 MiB, 36, P8, 210 MHz, 405 MHz, 25.61 W, 0x0000000000000001
2026/08/27 13:29:24.423, 0 %, 82 MiB, 36, P8, 210 MHz, 405 MHz, 25.86 W, 0x0000000000000001
2026/08/27 13:29:29.448, 0 %, 82 MiB, 36, P8, 210 MHz, 405 MHz, 25.77 W, 0x0000000000000001
2026/08/27 13:29:34.473, 0 %, 82 MiB, 36, P8, 210 MHz, 405 MHz, 25.85 W, 0x0000000000000001
2026/08/27 13:29:39.495, 0 %, 82 MiB, 36, P8, 210 MHz, 405 MHz, 25.79 W, 0x0000000000000001
2026/08/27 13:29:44.517, 0 %, 82 MiB, 36, P8, 210 MHz, 405 MHz, 25.91 W, 0x0000000000000001
2026/08/27 13:29:49.538, 0 %, 82 MiB, 36, P8, 210 MHz, 405 MHz, 25.68 W, 0x0000000000000001
2026/08/27 13:29:54.560, 0 %, 82 MiB, 36, P8, 210 MHz, 405 MHz, 25.72 W, 0x0000000000000001
2026/08/27 13:29:59.584, 0 %, 82 MiB, 36, P8, 210 MHz, 405 MHz, 25.81 W, 0x0000000000000001
2026/08/27 13:30:04.607, 0 %, 82 MiB, 36, P8, 210 MHz, 405 MHz, 25.56 W, 0x0000000000000001
2026/08/27 13:30:09.628, 0 %, 82 MiB, 36, P8, 210 MHz, 405 MHz, 25.75 W, 0x0000000000000001
2026/08/27 13:30:14.653, 0 %, 82 MiB, 36, P8, 210 MHz, 405 MHz, 25.70 W, 0x0000000000000001
2026/08/27 13:30:19.678, 0 %, 82 MiB, 36, P8, 210 MHz, 405 MHz, 25.99 W, 0x0000000000000001
2026/08/27 13:30:24.700, 0 %, 82 MiB, 36, P8, 210 MHz, 405 MHz, 25.74 W, 0x0000000000000001
2026/08/27 13:30:29.722, 0 %, 82 MiB, 36, P8, 210 MHz, 405 MHz, 25.62 W, 0x0000000000000001
2026/08/27 13:30:34.747, 0 %, 82 MiB, 36, P8, 210 MHz, 405 MHz, 25.72 W, 0x0000000000000001
2026/08/27 13:30:39.770, 0 %, 82 MiB, 36, P8, 210 MHz, 405 MHz, 25.64 W, 0x0000000000000001
2026/08/27 13:30:44.792, 0 %, 82 MiB, 36, P8, 210 MHz, 405 MHz, 25.67 W, 0x0000000000000001
2026/08/27 13:30:49.817, 0 %, 82 MiB, 36, P8, 210 MHz, 405 MHz, 25.45 W, 0x0000000000000001
2026/08/27 13:30:54.841, 0 %, 82 MiB, 36, P8, 210 MHz, 405 MHz, 26.22 W, 0x0000000000000001
2026/08/27 13:30:59.867, 0 %, 82 MiB, 36, P8, 210 MHz, 405 MHz, 25.72 W, 0x0000000000000001
2026/08/27 13:31:04.893, 0 %, 82 MiB, 36, P8, 210 MHz, 405 MHz, 25.73 W, 0x0000000000000001
2026/08/27 13:31:09.915, 0 %, 82 MiB, 36, P8, 210 MHz, 405 MHz, 25.70 W, 0x0000000000000001
2026/08/27 13:31:14.940, 0 %, 82 MiB, 36, P8, 210 MHz, 405 MHz, 25.63 W, 0x0000000000000001
2026/08/27 13:31:19.962, 0 %, 82 MiB, 36, P8, 210 MHz, 405 MHz, 25.72 W, 0x0000000000000001
2026/08/27 13:31:24.986, 0 %, 82 MiB, 36, P8, 210 MHz, 405 MHz, 25.61 W, 0x0000000000000001
2026/08/27 13:31:30.008, 0 %, 82 MiB, 36, P8, 210 MHz, 405 MHz, 25.74 W, 0x0000000000000001
2026/08/27 13:31:35.030, 0 %, 82 MiB, 36, P8, 210 MHz, 405 MHz, 25.66 W, 0x0000000000000001
2026/08/27 13:31:40.055, 0 %, 82 MiB, 36, P8, 210 MHz, 405 MHz, 26.04 W, 0x0000000000000001
2026/08/27 13:31:45.080, 0 %, 82 MiB, 36, P8, 210 MHz, 405 MHz, 25.82 W, 0x0000000000000001
2026/08/27 13:31:50.102, 0 %, 82 MiB, 36, P8, 210 MHz, 405 MHz, 25.71 W, 0x0000000000000001
2026/08/27 13:31:55.128, 0 %, 82 MiB, 36, P8, 210 MHz, 405 MHz, 25.77 W, 0x0000000000000004
2026/08/27 13:32:00.150, 0 %, 82 MiB, 36, P8, 210 MHz, 405 MHz, 26.02 W, 0x0000000000000001
2026/08/27 13:32:05.172, 0 %, 82 MiB, 36, P8, 210 MHz, 405 MHz, 25.90 W, 0x0000000000000001
2026/08/27 13:32:10.194, 0 %, 82 MiB, 36, P8, 210 MHz, 405 MHz, 25.96 W, 0x0000000000000001
2026/08/27 13:32:15.216, 0 %, 82 MiB, 36, P8, 210 MHz, 405 MHz, 26.04 W, 0x0000000000000001
2026/08/27 13:32:20.240, 0 %, 82 MiB, 36, P8, 210 MHz, 405 MHz, 26.16 W, 0x0000000000000001
2026/08/27 13:32:25.266, 0 %, 82 MiB, 36, P8, 210 MHz, 405 MHz, 26.00 W, 0x0000000000000001
2026/08/27 13:32:30.291, 0 %, 82 MiB, 36, P8, 210 MHz, 405 MHz, 25.98 W, 0x0000000000000001
2026/08/27 13:32:35.316, 0 %, 82 MiB, 36, P8, 210 MHz, 405 MHz, 26.02 W, 0x0000000000000001
2026/08/27 13:32:40.342, 0 %, 82 MiB, 36, P8, 210 MHz, 405 MHz, 25.90 W, 0x0000000000000001
2026/08/27 13:32:45.364, 0 %, 82 MiB, 36, P8, 210 MHz, 405 MHz, 25.93 W, 0x0000000000000001
2026/08/27 13:32:50.389, 0 %, 82 MiB, 36, P8, 210 MHz, 405 MHz, 26.09 W, 0x0000000000000001
2026/08/27 13:32:55.415, 0 %, 82 MiB, 36, P8, 210 MHz, 405 MHz, 26.08 W, 0x0000000000000001
2026/08/27 13:33:00.437, 0 %, 82 MiB, 36, P8, 210 MHz, 405 MHz, 25.83 W, 0x0000000000000001
2026/08/27 13:33:05.458, 0 %, 82 MiB, 36, P8, 210 MHz, 405 MHz, 25.75 W, 0x0000000000000001
2026/08/27 13:33:10.480, 0 %, 82 MiB, 36, P8, 210 MHz, 405 MHz, 26.05 W, 0x0000000000000001
2026/08/27 13:33:15.502, 0 %, 82 MiB, 36, P8, 210 MHz, 405 MHz, 25.79 W, 0x0000000000000001
2026/08/27 13:33:20.524, 0 %, 82 MiB, 36, P8, 210 MHz, 405 MHz, 25.86 W, 0x0000000000000001
2026/08/27 13:33:25.549, 0 %, 82 MiB, 36, P8, 210 MHz, 405 MHz, 25.68 W, 0x0000000000000001
2026/08/27 13:33:30.574, 0 %, 82 MiB, 36, P8, 210 MHz, 405 MHz, 25.93 W, 0x0000000000000001
2026/08/27 13:33:35.597, 0 %, 82 MiB, 36, P8, 210 MHz, 405 MHz, 25.82 W, 0x0000000000000001
2026/08/27 13:33:40.622, 0 %, 82 MiB, 36, P8, 210 MHz, 405 MHz, 25.97 W, 0x0000000000000001
2026/08/27 13:33:45.647, 0 %, 82 MiB, 36, P8, 210 MHz, 405 MHz, 25.96 W, 0x0000000000000001
2026/08/27 13:33:50.673, 0 %, 82 MiB, 36, P8, 210 MHz, 405 MHz, 26.05 W, 0x0000000000000001
2026/08/27 13:33:55.698, 0 %, 82 MiB, 36, P8, 210 MHz, 405 MHz, 25.99 W, 0x0000000000000001
2026/08/27 13:34:00.722, 0 %, 82 MiB, 36, P8, 210 MHz, 405 MHz, 25.91 W, 0x0000000000000001
2026/08/27 13:34:05.747, 0 %, 82 MiB, 36, P8, 210 MHz, 405 MHz, 25.97 W, 0x0000000000000001
2026/08/27 13:34:10.769, 0 %, 82 MiB, 36, P8, 210 MHz, 405 MHz, 26.03 W, 0x0000000000000001
2026/08/27 13:34:15.794, 0 %, 82 MiB, 36, P8, 210 MHz, 405 MHz, 26.08 W, 0x0000000000000001
2026/08/27 13:34:20.816, 0 %, 82 MiB, 36, P8, 210 MHz, 405 MHz, 25.91 W, 0x0000000000000001
2026/08/27 13:34:25.839, 0 %, 82 MiB, 36, P8, 210 MHz, 405 MHz, 26.03 W, 0x0000000000000001
2026/08/27 13:34:30.861, 0 %, 82 MiB, 36, P8, 210 MHz, 405 MHz, 26.01 W, 0x0000000000000001
2026/08/27 13:34:35.886, 0 %, 82 MiB, 36, P8, 210 MHz, 405 MHz, 25.55 W, 0x0000000000000001
2026/08/27 13:34:40.908, 0 %, 82 MiB, 36, P8, 210 MHz, 405 MHz, 25.73 W, 0x0000000000000001
2026/08/27 13:34:45.930, 0 %, 82 MiB, 36, P8, 210 MHz, 405 MHz, 25.94 W, 0x0000000000000001
2026/08/27 13:34:50.952, 0 %, 82 MiB, 36, P8, 210 MHz, 405 MHz, 25.89 W, 0x0000000000000001
2026/08/27 13:34:55.974, 0 %, 82 MiB, 36, P8, 210 MHz, 405 MHz, 25.75 W, 0x0000000000000001
2026/08/27 13:35:00.996, 0 %, 82 MiB, 36, P8, 210 MHz, 405 MHz, 25.79 W, 0x0000000000000001
2026/08/27 13:35:06.018, 0 %, 82 MiB, 36, P8, 210 MHz, 405 MHz, 25.94 W, 0x0000000000000001
2026/08/27 13:35:11.043, 0 %, 82 MiB, 36, P8, 210 MHz, 405 MHz, 25.69 W, 0x0000000000000001
2026/08/27 13:35:16.068, 0 %, 82 MiB, 36, P8, 210 MHz, 405 MHz, 25.65 W, 0x0000000000000001
2026/08/27 13:35:21.094, 0 %, 82 MiB, 36, P8, 210 MHz, 405 MHz, 25.88 W, 0x0000000000000001
2026/08/27 13:35:26.119, 0 %, 82 MiB, 36, P8, 210 MHz, 405 MHz, 25.82 W, 0x0000000000000001
2026/08/27 13:35:31.142, 0 %, 82 MiB, 36, P8, 210 MHz, 405 MHz, 25.67 W, 0x0000000000000001
2026/08/27 13:35:36.167, 0 %, 82 MiB, 36, P8, 210 MHz, 405 MHz, 25.77 W, 0x0000000000000001
2026/08/27 13:35:41.189, 0 %, 82 MiB, 36, P8, 210 MHz, 405 MHz, 25.74 W, 0x0000000000000001
2026/08/27 13:35:46.214, 0 %, 82 MiB, 36, P8, 210 MHz, 405 MHz, 25.77 W, 0x0000000000000001
2026/08/27 13:35:51.239, 0 %, 82 MiB, 36, P8, 210 MHz, 405 MHz, 25.85 W, 0x0000000000000001
2026/08/27 13:35:56.265, 0 %, 82 MiB, 36, P8, 210 MHz, 405 MHz, 25.99 W, 0x0000000000000001
2026/08/27 13:36:01.288, 0 %, 82 MiB, 36, P8, 210 MHz, 405 MHz, 25.90 W, 0x0000000000000001
2026/08/27 13:36:06.313, 0 %, 82 MiB, 36, P8, 210 MHz, 405 MHz, 25.46 W, 0x0000000000000001
2026/08/27 13:36:11.338, 0 %, 82 MiB, 36, P8, 210 MHz, 405 MHz, 25.77 W, 0x0000000000000001
2026/08/27 13:36:16.363, 0 %, 82 MiB, 36, P8, 210 MHz, 405 MHz, 25.66 W, 0x0000000000000001
2026/08/27 13:36:21.388, 0 %, 82 MiB, 36, P8, 210 MHz, 405 MHz, 25.66 W, 0x0000000000000001
2026/08/27 13:36:26.414, 0 %, 82 MiB, 36, P8, 210 MHz, 405 MHz, 25.89 W, 0x0000000000000001
2026/08/27 13:36:31.438, 0 %, 82 MiB, 36, P8, 210 MHz, 405 MHz, 25.98 W, 0x0000000000000001
2026/08/27 13:36:36.463, 0 %, 82 MiB, 36, P8, 210 MHz, 405 MHz, 25.87 W, 0x0000000000000001
2026/08/27 13:36:41.487, 0 %, 82 MiB, 36, P8, 210 MHz, 405 MHz, 25.70 W, 0x0000000000000001
2026/08/27 13:36:46.513, 0 %, 82 MiB, 36, P8, 210 MHz, 405 MHz, 25.98 W, 0x0000000000000001
2026/08/27 13:36:51.539, 0 %, 82 MiB, 36, P8, 210 MHz, 405 MHz, 25.78 W, 0x0000000000000001
2026/08/27 13:36:56.561, 0 %, 82 MiB, 36, P8, 210 MHz, 405 MHz, 25.63 W, 0x0000000000000001
2026/08/27 13:37:01.586, 0 %, 82 MiB, 35, P8, 210 MHz, 405 MHz, 25.82 W, 0x0000000000000001
2026/08/27 13:37:06.612, 0 %, 82 MiB, 36, P8, 210 MHz, 405 MHz, 25.72 W, 0x0000000000000001
2026/08/27 13:37:11.635, 0 %, 82 MiB, 36, P8, 210 MHz, 405 MHz, 25.67 W, 0x0000000000000001
2026/08/27 13:37:16.661, 0 %, 82 MiB, 36, P8, 210 MHz, 405 MHz, 25.69 W, 0x0000000000000001
2026/08/27 13:37:21.683, 0 %, 82 MiB, 35, P8, 210 MHz, 405 MHz, 25.55 W, 0x0000000000000001
2026/08/27 13:37:26.706, 0 %, 82 MiB, 36, P8, 210 MHz, 405 MHz, 25.88 W, 0x0000000000000001
2026/08/27 13:37:31.728, 0 %, 82 MiB, 36, P8, 210 MHz, 405 MHz, 25.65 W, 0x0000000000000001
2026/08/27 13:37:36.753, 0 %, 82 MiB, 36, P8, 210 MHz, 405 MHz, 25.78 W, 0x0000000000000001
2026/08/27 13:37:41.776, 0 %, 82 MiB, 35, P8, 210 MHz, 405 MHz, 25.65 W, 0x0000000000000001
2026/08/27 13:37:46.799, 0 %, 82 MiB, 36, P8, 210 MHz, 405 MHz, 25.76 W, 0x0000000000000001
2026/08/27 13:37:51.820, 0 %, 82 MiB, 35, P8, 210 MHz, 405 MHz, 25.73 W, 0x0000000000000001
2026/08/27 13:37:56.843, 0 %, 82 MiB, 35, P8, 210 MHz, 405 MHz, 25.68 W, 0x0000000000000001
2026/08/27 13:38:01.866, 0 %, 82 MiB, 35, P8, 210 MHz, 405 MHz, 25.74 W, 0x0000000000000001
2026/08/27 13:38:06.888, 0 %, 82 MiB, 36, P8, 210 MHz, 405 MHz, 25.66 W, 0x0000000000000001
2026/08/27 13:38:11.909, 0 %, 82 MiB, 35, P8, 210 MHz, 405 MHz, 25.64 W, 0x0000000000000001
2026/08/27 13:38:16.931, 0 %, 82 MiB, 36, P8, 210 MHz, 405 MHz, 25.79 W, 0x0000000000000001
2026/08/27 13:38:21.953, 0 %, 82 MiB, 35, P8, 210 MHz, 405 MHz, 25.64 W, 0x0000000000000001
2026/08/27 13:38:26.975, 0 %, 82 MiB, 36, P8, 210 MHz, 405 MHz, 25.74 W, 0x0000000000000001
2026/08/27 13:38:31.997, 0 %, 82 MiB, 35, P8, 210 MHz, 405 MHz, 25.67 W, 0x0000000000000001
2026/08/27 13:38:37.020, 0 %, 82 MiB, 35, P8, 210 MHz, 405 MHz, 25.86 W, 0x0000000000000001
2026/08/27 13:38:42.043, 0 %, 82 MiB, 35, P8, 210 MHz, 405 MHz, 25.79 W, 0x0000000000000001
2026/08/27 13:38:47.068, 0 %, 82 MiB, 36, P8, 210 MHz, 405 MHz, 25.69 W, 0x0000000000000001
2026/08/27 13:38:52.091, 0 %, 82 MiB, 35, P8, 210 MHz, 405 MHz, 25.95 W, 0x0000000000000001
2026/08/27 13:38:57.113, 0 %, 82 MiB, 36, P8, 210 MHz, 405 MHz, 25.78 W, 0x0000000000000001
2026/08/27 13:39:02.135, 0 %, 82 MiB, 35, P8, 210 MHz, 405 MHz, 26.09 W, 0x0000000000000001
2026/08/27 13:39:07.161, 0 %, 82 MiB, 35, P8, 210 MHz, 405 MHz, 26.08 W, 0x0000000000000001
2026/08/27 13:39:12.183, 0 %, 82 MiB, 35, P8, 210 MHz, 405 MHz, 25.94 W, 0x0000000000000001
2026/08/27 13:39:17.206, 0 %, 82 MiB, 35, P8, 210 MHz, 405 MHz, 25.87 W, 0x0000000000000001
2026/08/27 13:39:22.228, 0 %, 82 MiB, 35, P8, 210 MHz, 405 MHz, 25.76 W, 0x0000000000000001
2026/08/27 13:39:27.250, 0 %, 82 MiB, 35, P8, 210 MHz, 405 MHz, 25.62 W, 0x0000000000000001
2026/08/27 13:39:32.275, 0 %, 82 MiB, 35, P8, 210 MHz, 405 MHz, 25.65 W, 0x0000000000000001
2026/08/27 13:39:37.301, 0 %, 82 MiB, 35, P8, 210 MHz, 405 MHz, 25.81 W, 0x0000000000000001
2026/08/27 13:39:42.326, 0 %, 82 MiB, 35, P8, 210 MHz, 405 MHz, 25.79 W, 0x0000000000000001
2026/08/27 13:39:47.352, 0 %, 82 MiB, 35, P8, 210 MHz, 405 MHz, 26.00 W, 0x0000000000000001
2026/08/27 13:39:52.375, 0 %, 82 MiB, 35, P8, 210 MHz, 405 MHz, 25.78 W, 0x0000000000000001
2026/08/27 13:39:57.396, 0 %, 82 MiB, 35, P8, 210 MHz, 405 MHz, 25.78 W, 0x0000000000000001
2026/08/27 13:40:02.421, 0 %, 82 MiB, 35, P8, 210 MHz, 405 MHz, 26.19 W, 0x0000000000000001
2026/08/27 13:40:07.446, 0 %, 82 MiB, 35, P8, 210 MHz, 405 MHz, 25.83 W, 0x0000000000000001
2026/08/27 13:40:12.469, 0 %, 82 MiB, 35, P8, 210 MHz, 405 MHz, 25.87 W, 0x0000000000000001
2026/08/27 13:40:17.493, 0 %, 82 MiB, 35, P8, 210 MHz, 405 MHz, 26.01 W, 0x0000000000000001
2026/08/27 13:40:22.517, 0 %, 82 MiB, 35, P8, 210 MHz, 405 MHz, 25.96 W, 0x0000000000000001
2026/08/27 13:40:27.542, 0 %, 82 MiB, 35, P8, 210 MHz, 405 MHz, 25.85 W, 0x0000000000000001
2026/08/27 13:40:32.565, 0 %, 82 MiB, 35, P8, 210 MHz, 405 MHz, 25.83 W, 0x0000000000000001
2026/08/27 13:40:37.590, 0 %, 82 MiB, 35, P8, 210 MHz, 405 MHz, 25.77 W, 0x0000000000000001
2026/08/27 13:40:42.612, 0 %, 82 MiB, 35, P8, 210 MHz, 405 MHz, 25.85 W, 0x0000000000000001
2026/08/27 13:40:47.634, 0 %, 82 MiB, 35, P8, 210 MHz, 405 MHz, 25.80 W, 0x0000000000000001
2026/08/27 13:40:52.659, 0 %, 82 MiB, 35, P8, 210 MHz, 405 MHz, 26.06 W, 0x0000000000000001
2026/08/27 13:40:57.681, 0 %, 82 MiB, 35, P8, 210 MHz, 405 MHz, 26.05 W, 0x0000000000000001
2026/08/27 13:41:02.703, 0 %, 82 MiB, 35, P8, 210 MHz, 405 MHz, 26.06 W, 0x0000000000000001
2026/08/27 13:41:07.724, 0 %, 82 MiB, 35, P8, 210 MHz, 405 MHz, 25.97 W, 0x0000000000000001
2026/08/27 13:41:12.748, 0 %, 82 MiB, 35, P8, 210 MHz, 405 MHz, 25.95 W, 0x0000000000000001
2026/08/27 13:41:17.773, 0 %, 82 MiB, 35, P8, 210 MHz, 405 MHz, 26.23 W, 0x0000000000000001
2026/08/27 13:41:22.797, 0 %, 82 MiB, 35, P8, 210 MHz, 405 MHz, 25.89 W, 0x0000000000000001
2026/08/27 13:41:27.819, 0 %, 82 MiB, 35, P8, 210 MHz, 405 MHz, 26.10 W, 0x0000000000000001
2026/08/27 13:41:32.841, 0 %, 82 MiB, 35, P8, 210 MHz, 405 MHz, 26.03 W, 0x0000000000000001
2026/08/27 13:41:37.862, 0 %, 82 MiB, 35, P8, 210 MHz, 405 MHz, 26.24 W, 0x0000000000000001
2026/08/27 13:41:42.884, 0 %, 82 MiB, 35, P8, 210 MHz, 405 MHz, 26.00 W, 0x0000000000000001
2026/08/27 13:41:47.909, 0 %, 82 MiB, 35, P8, 210 MHz, 405 MHz, 25.84 W, 0x0000000000000001
2026/08/27 13:41:52.931, 0 %, 82 MiB, 35, P8, 210 MHz, 405 MHz, 26.28 W, 0x0000000000000001
2026/08/27 13:41:57.956, 0 %, 82 MiB, 35, P8, 210 MHz, 405 MHz, 26.10 W, 0x0000000000000001
2026/08/27 13:42:02.982, 0 %, 82 MiB, 35, P8, 210 MHz, 405 MHz, 26.05 W, 0x0000000000000001
2026/08/27 13:42:08.004, 0 %, 82 MiB, 35, P8, 210 MHz, 405 MHz, 26.04 W, 0x0000000000000001
2026/08/27 13:42:13.026, 0 %, 82 MiB, 35, P8, 210 MHz, 405 MHz, 25.91 W, 0x0000000000000001
2026/08/27 13:42:18.051, 0 %, 82 MiB, 35, P8, 210 MHz, 405 MHz, 25.65 W, 0x0000000000000001
2026/08/27 13:42:23.073, 0 %, 82 MiB, 35, P8, 210 MHz, 405 MHz, 25.75 W, 0x0000000000000001
2026/08/27 13:42:28.098, 0 %, 82 MiB, 35, P8, 210 MHz, 405 MHz, 25.80 W, 0x0000000000000001
2026/08/27 13:42:33.124, 0 %, 82 MiB, 35, P8, 210 MHz, 405 MHz, 25.86 W, 0x0000000000000001
2026/08/27 13:42:38.147, 0 %, 82 MiB, 35, P8, 210 MHz, 405 MHz, 25.85 W, 0x0000000000000001
2026/08/27 13:42:43.171, 0 %, 82 MiB, 35, P8, 210 MHz, 405 MHz, 25.76 W, 0x0000000000000001
2026/08/27 13:42:48.193, 0 %, 82 MiB, 35, P8, 210 MHz, 405 MHz, 25.56 W, 0x0000000000000001
2026/08/27 13:42:53.214, 0 %, 82 MiB, 35, P8, 210 MHz, 405 MHz, 25.71 W, 0x0000000000000001
2026/08/27 13:42:58.236, 0 %, 82 MiB, 35, P8, 210 MHz, 405 MHz, 25.68 W, 0x0000000000000001
2026/08/27 13:43:03.258, 0 %, 82 MiB, 35, P8, 210 MHz, 405 MHz, 25.63 W, 0x0000000000000001
2026/08/27 13:43:08.280, 0 %, 82 MiB, 35, P8, 210 MHz, 405 MHz, 25.69 W, 0x0000000000000001
2026/08/27 13:43:13.302, 0 %, 82 MiB, 35, P8, 210 MHz, 405 MHz, 25.64 W, 0x0000000000000001
2026/08/27 13:43:18.327, 0 %, 82 MiB, 35, P8, 210 MHz, 405 MHz, 25.65 W, 0x0000000000000001
2026/08/27 13:43:23.349, 0 %, 82 MiB, 35, P8, 210 MHz, 405 MHz, 25.46 W, 0x0000000000000001
2026/08/27 13:43:28.371, 0 %, 82 MiB, 35, P8, 210 MHz, 405 MHz, 25.62 W, 0x0000000000000001
2026/08/27 13:43:33.393, 0 %, 82 MiB, 35, P8, 210 MHz, 405 MHz, 25.59 W, 0x0000000000000001
2026/08/27 13:43:38.414, 0 %, 82 MiB, 35, P8, 210 MHz, 405 MHz, 25.86 W, 0x0000000000000001
2026/08/27 13:43:43.438, 0 %, 82 MiB, 35, P8, 210 MHz, 405 MHz, 25.78 W, 0x0000000000000001
2026/08/27 13:43:48.462, 0 %, 82 MiB, 35, P8, 210 MHz, 405 MHz, 25.75 W, 0x0000000000000001
2026/08/27 13:43:53.486, 0 %, 82 MiB, 35, P8, 210 MHz, 405 MHz, 25.66 W, 0x0000000000000001
2026/08/27 13:43:58.508, 0 %, 82 MiB, 35, P8, 210 MHz, 405 MHz, 25.59 W, 0x0000000000000001
2026/08/27 13:44:03.533, 0 %, 82 MiB, 35, P8, 210 MHz, 405 MHz, 25.62 W, 0x0000000000000001
2026/08/27 13:44:08.555, 0 %, 82 MiB, 35, P8, 210 MHz, 405 MHz, 25.60 W, 0x0000000000000001
2026/08/27 13:44:13.580, 0 %, 82 MiB, 35, P8, 210 MHz, 405 MHz, 25.79 W, 0x0000000000000001
2026/08/27 13:44:18.606, 0 %, 82 MiB, 35, P8, 210 MHz, 405 MHz, 25.74 W, 0x0000000000000001
2026/08/27 13:44:23.628, 0 %, 82 MiB, 35, P8, 210 MHz, 405 MHz, 25.71 W, 0x0000000000000001
2026/08/27 13:44:28.651, 0 %, 82 MiB, 35, P8, 210 MHz, 405 MHz, 25.96 W, 0x0000000000000001
2026/08/27 13:44:33.676, 0 %, 82 MiB, 35, P8, 210 MHz, 405 MHz, 25.79 W, 0x0000000000000001
2026/08/27 13:44:38.699, 0 %, 82 MiB, 35, P8, 210 MHz, 405 MHz, 25.76 W, 0x0000000000000001
2026/08/27 13:44:43.721, 0 %, 82 MiB, 35, P8, 210 MHz, 405 MHz, 25.88 W, 0x0000000000000001
2026/08/27 13:44:48.744, 0 %, 82 MiB, 35, P8, 210 MHz, 405 MHz, 25.75 W, 0x0000000000000001
2026/08/27 13:44:53.769, 0 %, 82 MiB, 35, P8, 210 MHz, 405 MHz, 25.76 W, 0x0000000000000001
2026/08/27 13:44:58.791, 0 %, 82 MiB, 35, P8, 210 MHz, 405 MHz, 25.81 W, 0x0000000000000001
2026/08/27 13:45:03.814, 0 %, 82 MiB, 35, P8, 210 MHz, 405 MHz, 25.73 W, 0x0000000000000001
2026/08/27 13:45:08.839, 0 %, 82 MiB, 35, P8, 210 MHz, 405 MHz, 25.88 W, 0x0000000000000001
2026/08/27 13:45:13.861, 0 %, 82 MiB, 35, P8, 210 MHz, 405 MHz, 25.79 W, 0x0000000000000001
2026/08/27 13:45:18.886, 0 %, 82 MiB, 35, P8, 210 MHz, 405 MHz, 25.77 W, 0x0000000000000001
2026/08/27 13:45:23.908, 0 %, 82 MiB, 35, P8, 210 MHz, 405 MHz, 25.85 W, 0x0000000000000001
2026/08/27 13:45:28.933, 0 %, 82 MiB, 35, P8, 210 MHz, 405 MHz, 26.04 W, 0x0000000000000001
2026/08/27 13:45:33.958, 0 %, 82 MiB, 35, P8, 210 MHz, 405 MHz, 25.97 W, 0x0000000000000001
2026/08/27 13:45:38.980, 0 %, 82 MiB, 35, P8, 210 MHz, 405 MHz, 25.71 W, 0x0000000000000001
2026/08/27 13:45:44.003, 0 %, 82 MiB, 35, P8, 210 MHz, 405 MHz, 25.76 W, 0x0000000000000001
2026/08/27 13:45:49.028, 0 %, 82 MiB, 35, P8, 210 MHz, 405 MHz, 25.78 W, 0x0000000000000001
2026/08/27 13:45:54.052, 0 %, 82 MiB, 35, P8, 210 MHz, 405 MHz, 25.54 W, 0x0000000000000001
2026/08/27 13:45:59.078, 0 %, 82 MiB, 35, P8, 210 MHz, 405 MHz, 25.73 W, 0x0000000000000001
2026/08/27 13:46:04.100, 0 %, 82 MiB, 35, P8, 210 MHz, 405 MHz, 25.84 W, 0x0000000000000001
2026/08/27 13:46:09.124, 0 %, 82 MiB, 35, P8, 210 MHz, 405 MHz, 25.87 W, 0x0000000000000001
2026/08/27 13:46:14.147, 0 %, 82 MiB, 35, P8, 210 MHz, 405 MHz, 25.85 W, 0x0000000000000001
2026/08/27 13:46:19.173, 0 %, 82 MiB, 35, P8, 210 MHz, 405 MHz, 25.82 W, 0x0000000000000001
2026/08/27 13:46:24.196, 0 %, 82 MiB, 35, P8, 210 MHz, 405 MHz, 25.61 W, 0x0000000000000001
2026/08/27 13:46:29.221, 0 %, 82 MiB, 35, P8, 210 MHz, 405 MHz, 25.68 W, 0x0000000000000001
2026/08/27 13:46:34.247, 0 %, 82 MiB, 35, P8, 210 MHz, 405 MHz, 25.75 W, 0x0000000000000001
2026/08/27 13:46:39.269, 0 %, 82 MiB, 35, P8, 210 MHz, 405 MHz, 25.77 W, 0x0000000000000001
2026/08/27 13:46:44.294, 0 %, 82 MiB, 35, P8, 210 MHz, 405 MHz, 25.84 W, 0x0000000000000001
2026/08/27 13:46:49.319, 0 %, 82 MiB, 35, P8, 210 MHz, 405 MHz, 25.73 W, 0x0000000000000001
2026/08/27 13:46:54.345, 0 %, 82 MiB, 35, P8, 210 MHz, 405 MHz, 25.88 W, 0x0000000000000001
2026/08/27 13:46:59.367, 0 %, 82 MiB, 35, P8, 210 MHz, 405 MHz, 25.63 W, 0x0000000000000001
2026/08/27 13:47:04.389, 0 %, 82 MiB, 35, P8, 210 MHz, 405 MHz, 25.87 W, 0x0000000000000001
2026/08/27 13:47:09.411, 0 %, 82 MiB, 35, P8, 210 MHz, 405 MHz, 25.68 W, 0x0000000000000001
2026/08/27 13:47:14.433, 0 %, 82 MiB, 35, P8, 210 MHz, 405 MHz, 25.70 W, 0x0000000000000001
2026/08/27 13:47:19.455, 0 %, 82 MiB, 35, P8, 210 MHz, 405 MHz, 25.80 W, 0x0000000000000001
2026/08/27 13:47:24.480, 0 %, 82 MiB, 35, P8, 210 MHz, 405 MHz, 25.74 W, 0x0000000000000001
2026/08/27 13:47:29.502, 0 %, 82 MiB, 35, P8, 210 MHz, 405 MHz, 25.75 W, 0x0000000000000001
2026/08/27 13:47:34.524, 0 %, 82 MiB, 35, P8, 210 MHz, 405 MHz, 25.70 W, 0x0000000000000001
2026/08/27 13:47:39.549, 0 %, 82 MiB, 35, P8, 210 MHz, 405 MHz, 25.79 W, 0x0000000000000001
2026/08/27 13:47:44.571, 0 %, 82 MiB, 35, P8, 210 MHz, 405 MHz, 25.60 W, 0x0000000000000001
2026/08/27 13:47:49.596, 0 %, 82 MiB, 35, P8, 210 MHz, 405 MHz, 25.84 W, 0x0000000000000001
2026/08/27 13:47:54.618, 0 %, 82 MiB, 35, P8, 210 MHz, 405 MHz, 25.69 W, 0x0000000000000001
2026/08/27 13:47:59.642, 0 %, 82 MiB, 35, P8, 210 MHz, 405 MHz, 25.80 W, 0x0000000000000001
2026/08/27 13:48:04.666, 0 %, 82 MiB, 35, P8, 210 MHz, 405 MHz, 25.60 W, 0x0000000000000001
2026/08/27 13:48:09.688, 0 %, 82 MiB, 35, P8, 210 MHz, 405 MHz, 25.84 W, 0x0000000000000001
2026/08/27 13:48:14.710, 0 %, 82 MiB, 35, P8, 210 MHz, 405 MHz, 25.82 W, 0x0000000000000001
2026/08/27 13:48:19.732, 0 %, 82 MiB, 35, P8, 210 MHz, 405 MHz, 25.76 W, 0x0000000000000001
2026/08/27 13:48:24.754, 0 %, 82 MiB, 35, P8, 210 MHz, 405 MHz, 25.95 W, 0x0000000000000001
2026/08/27 13:48:29.779, 0 %, 82 MiB, 35, P8, 210 MHz, 405 MHz, 25.86 W, 0x0000000000000001
2026/08/27 13:48:34.802, 0 %, 82 MiB, 35, P8, 210 MHz, 405 MHz, 25.70 W, 0x0000000000000001
2026/08/27 13:48:39.826, 0 %, 82 MiB, 35, P8, 210 MHz, 405 MHz, 25.86 W, 0x0000000000000001
2026/08/27 13:48:44.848, 0 %, 82 MiB, 35, P8, 210 MHz, 405 MHz, 25.74 W, 0x0000000000000001
2026/08/27 13:48:49.869, 0 %, 82 MiB, 35, P8, 210 MHz, 405 MHz, 25.76 W, 0x0000000000000001
2026/08/27 13:48:54.895, 0 %, 82 MiB, 35, P8, 210 MHz, 405 MHz, 25.52 W, 0x0000000000000001
2026/08/27 13:48:59.917, 0 %, 82 MiB, 35, P8, 210 MHz, 405 MHz, 25.62 W, 0x0000000000000001
2026/08/27 13:49:04.940, 0 %, 82 MiB, 35, P8, 210 MHz, 405 MHz, 25.39 W, 0x0000000000000001
2026/08/27 13:49:09.961, 0 %, 82 MiB, 35, P8, 210 MHz, 405 MHz, 25.56 W, 0x0000000000000001
2026/08/27 13:49:14.983, 0 %, 82 MiB, 35, P8, 210 MHz, 405 MHz, 25.63 W, 0x0000000000000001
2026/08/27 13:49:20.007, 0 %, 82 MiB, 35, P8, 210 MHz, 405 MHz, 25.63 W, 0x0000000000000001
2026/08/27 13:49:25.029, 0 %, 82 MiB, 35, P8, 210 MHz, 405 MHz, 25.41 W, 0x0000000000000001
2026/08/27 13:49:30.054, 0 %, 82 MiB, 35, P8, 210 MHz, 405 MHz, 25.71 W, 0x0000000000000001
2026/08/27 13:49:35.080, 0 %, 82 MiB, 35, P8, 210 MHz, 405 MHz, 25.72 W, 0x0000000000000001
2026/08/27 13:49:40.105, 0 %, 82 MiB, 35, P8, 210 MHz, 405 MHz, 25.68 W, 0x0000000000000001
2026/08/27 13:49:45.131, 0 %, 82 MiB, 35, P8, 210 MHz, 405 MHz, 25.54 W, 0x0000000000000001
2026/08/27 13:49:50.153, 0 %, 82 MiB, 35, P8, 210 MHz, 405 MHz, 25.58 W, 0x0000000000000001
2026/08/27 13:49:55.175, 0 %, 82 MiB, 35, P8, 210 MHz, 405 MHz, 25.77 W, 0x0000000000000001
2026/08/27 13:50:00.197, 0 %, 82 MiB, 35, P8, 210 MHz, 405 MHz, 25.67 W, 0x0000000000000001
2026/08/27 13:50:05.222, 0 %, 82 MiB, 35, P8, 210 MHz, 405 MHz, 25.51 W, 0x0000000000000001
2026/08/27 13:50:10.245, 0 %, 82 MiB, 35, P8, 210 MHz, 405 MHz, 25.74 W, 0x0000000000000001
2026/08/27 13:50:15.267, 0 %, 82 MiB, 35, P8, 210 MHz, 405 MHz, 25.70 W, 0x0000000000000001
2026/08/27 13:50:20.292, 0 %, 82 MiB, 35, P8, 210 MHz, 405 MHz, 25.71 W, 0x0000000000000001
2026/08/27 13:50:25.315, 0 %, 82 MiB, 35, P8, 210 MHz, 405 MHz, 25.84 W, 0x0000000000000001
2026/08/27 13:50:30.337, 0 %, 82 MiB, 35, P8, 210 MHz, 405 MHz, 25.87 W, 0x0000000000000001
2026/08/27 13:50:35.359, 0 %, 82 MiB, 35, P8, 210 MHz, 405 MHz, 25.78 W, 0x0000000000000001
2026/08/27 13:50:40.383, 0 %, 82 MiB, 35, P8, 210 MHz, 405 MHz, 25.78 W, 0x0000000000000001
2026/08/27 13:50:45.409, 0 %, 82 MiB, 35, P8, 210 MHz, 405 MHz, 25.82 W, 0x0000000000000001
2026/08/27 13:50:50.434, 0 %, 82 MiB, 35, P8, 210 MHz, 405 MHz, 25.70 W, 0x0000000000000001
2026/08/27 13:50:55.456, 0 %, 82 MiB, 35, P8, 210 MHz, 405 MHz, 25.76 W, 0x0000000000000001
2026/08/27 13:51:00.481, 0 %, 82 MiB, 35, P8, 210 MHz, 405 MHz, 25.87 W, 0x0000000000000001
2026/08/27 13:51:05.507, 0 %, 82 MiB, 35, P8, 210 MHz, 405 MHz, 25.90 W, 0x0000000000000001
2026/08/27 13:51:10.530, 0 %, 82 MiB, 35, P8, 210 MHz, 405 MHz, 25.72 W, 0x0000000000000001
2026/08/27 13:51:15.554, 0 %, 82 MiB, 35, P8, 210 MHz, 405 MHz, 25.71 W, 0x0000000000000001
2026/08/27 13:51:20.579, 0 %, 82 MiB, 35, P8, 210 MHz, 405 MHz, 25.83 W, 0x0000000000000001
2026/08/27 13:51:25.603, 0 %, 82 MiB, 35, P8, 210 MHz, 405 MHz, 25.75 W, 0x0000000000000001
2026/08/27 13:51:30.628, 0 %, 82 MiB, 35, P8, 210 MHz, 405 MHz, 25.77 W, 0x0000000000000001
2026/08/27 13:51:35.653, 0 %, 82 MiB, 35, P8, 210 MHz, 405 MHz, 25.60 W, 0x0000000000000001
2026/08/27 13:51:40.675, 0 %, 82 MiB, 35, P8, 210 MHz, 405 MHz, 25.73 W, 0x0000000000000001
2026/08/27 13:51:45.697, 0 %, 82 MiB, 35, P8, 210 MHz, 405 MHz, 25.79 W, 0x0000000000000001
2026/08/27 13:51:50.719, 0 %, 82 MiB, 35, P8, 210 MHz, 405 MHz, 25.85 W, 0x0000000000000001
2026/08/27 13:51:55.740, 0 %, 82 MiB, 35, P8, 210 MHz, 405 MHz, 25.90 W, 0x0000000000000001
2026/08/27 13:52:00.762, 0 %, 82 MiB, 35, P8, 210 MHz, 405 MHz, 25.98 W, 0x0000000000000001
2026/08/27 13:52:05.784, 0 %, 82 MiB, 35, P8, 210 MHz, 405 MHz, 25.67 W, 0x0000000000000001
2026/08/27 13:52:10.806, 0 %, 82 MiB, 35, P8, 210 MHz, 405 MHz, 25.75 W, 0x0000000000000001
2026/08/27 13:52:15.828, 0 %, 82 MiB, 35, P8, 210 MHz, 405 MHz, 25.76 W, 0x0000000000000001
2026/08/27 13:52:20.853, 0 %, 82 MiB, 35, P8, 210 MHz, 405 MHz, 25.81 W, 0x0000000000000001
2026/08/27 13:52:25.878, 0 %, 82 MiB, 35, P8, 210 MHz, 405 MHz, 25.73 W, 0x0000000000000001
2026/08/27 13:52:30.900, 0 %, 82 MiB, 35, P8, 210 MHz, 405 MHz, 25.54 W, 0x0000000000000001
2026/08/27 13:52:35.925, 0 %, 82 MiB, 35, P8, 210 MHz, 405 MHz, 25.59 W, 0x0000000000000001
2026/08/27 13:52:40.948, 0 %, 82 MiB, 35, P8, 210 MHz, 405 MHz, 25.86 W, 0x0000000000000001
2026/08/27 13:52:45.970, 0 %, 82 MiB, 35, P8, 210 MHz, 405 MHz, 25.75 W, 0x0000000000000001
2026/08/27 13:52:50.995, 0 %, 82 MiB, 35, P8, 210 MHz, 405 MHz, 25.97 W, 0x0000000000000001
2026/08/27 13:52:56.017, 0 %, 82 MiB, 35, P8, 210 MHz, 405 MHz, 25.75 W, 0x0000000000000001
2026/08/27 13:53:01.039, 0 %, 82 MiB, 35, P8, 210 MHz, 405 MHz, 25.71 W, 0x0000000000000001
2026/08/27 13:53:06.061, 0 %, 82 MiB, 35, P8, 210 MHz, 405 MHz, 25.91 W, 0x0000000000000001
2026/08/27 13:53:11.083, 0 %, 82 MiB, 35, P8, 210 MHz, 405 MHz, 25.96 W, 0x0000000000000001
2026/08/27 13:53:16.108, 0 %, 82 MiB, 35, P8, 210 MHz, 405 MHz, 25.86 W, 0x0000000000000001
2026/08/27 13:53:21.130, 0 %, 82 MiB, 35, P8, 210 MHz, 405 MHz, 25.66 W, 0x0000000000000001
2026/08/27 13:53:26.156, 0 %, 82 MiB, 35, P8, 210 MHz, 405 MHz, 25.91 W, 0x0000000000000001
2026/08/27 13:53:31.181, 0 %, 82 MiB, 35, P8, 210 MHz, 405 MHz, 25.95 W, 0x0000000000000001
2026/08/27 13:53:36.204, 0 %, 82 MiB, 35, P8, 210 MHz, 405 MHz, 25.97 W, 0x0000000000000001
2026/08/27 13:53:41.225, 0 %, 82 MiB, 35, P8, 210 MHz, 405 MHz, 25.72 W, 0x0000000000000001
2026/08/27 13:53:46.247, 0 %, 82 MiB, 35, P8, 210 MHz, 405 MHz, 25.75 W, 0x0000000000000001
2026/08/27 13:53:51.269, 0 %, 82 MiB, 35, P8, 210 MHz, 405 MHz, 25.75 W, 0x0000000000000001
2026/08/27 13:53:56.294, 0 %, 82 MiB, 35, P8, 210 MHz, 405 MHz, 25.65 W, 0x0000000000000001
2026/08/27 13:54:01.319, 0 %, 82 MiB, 35, P8, 210 MHz, 405 MHz, 25.85 W, 0x0000000000000001
2026/08/27 13:54:06.344, 0 %, 82 MiB, 35, P8, 210 MHz, 405 MHz, 25.72 W, 0x0000000000000001
2026/08/27 13:54:11.370, 0 %, 82 MiB, 35, P8, 210 MHz, 405 MHz, 25.61 W, 0x0000000000000001
2026/08/27 13:54:16.394, 0 %, 82 MiB, 35, P8, 210 MHz, 405 MHz, 25.77 W, 0x0000000000000001
2026/08/27 13:54:21.419, 0 %, 82 MiB, 35, P8, 210 MHz, 405 MHz, 25.71 W, 0x0000000000000001
2026/08/27 13:54:26.440, 0 %, 82 MiB, 35, P8, 210 MHz, 405 MHz, 25.87 W, 0x0000000000000001
2026/08/27 13:54:31.462, 0 %, 82 MiB, 35, P8, 210 MHz, 405 MHz, 25.93 W, 0x0000000000000001
2026/08/27 13:54:36.487, 0 %, 82 MiB, 35, P8, 210 MHz, 405 MHz, 25.87 W, 0x0000000000000001
2026/08/27 13:54:41.513, 0 %, 82 MiB, 35, P8, 210 MHz, 405 MHz, 25.73 W, 0x0000000000000001
2026/08/27 13:54:46.537, 0 %, 82 MiB, 35, P8, 210 MHz, 405 MHz, 25.67 W, 0x0000000000000001
2026/08/27 13:54:51.560, 0 %, 82 MiB, 35, P8, 210 MHz, 405 MHz, 25.90 W, 0x0000000000000001
2026/08/27 13:54:56.582, 0 %, 82 MiB, 35, P8, 210 MHz, 405 MHz, 25.96 W, 0x0000000000000001
2026/08/27 13:55:01.607, 0 %, 82 MiB, 35, P8, 210 MHz, 405 MHz, 25.92 W, 0x0000000000000001
2026/08/27 13:55:06.631, 0 %, 82 MiB, 35, P8, 210 MHz, 405 MHz, 25.82 W, 0x0000000000000001
2026/08/27 13:55:11.654, 0 %, 82 MiB, 35, P8, 210 MHz, 405 MHz, 25.73 W, 0x0000000000000001
2026/08/27 13:55:16.677, 0 %, 82 MiB, 35, P8, 210 MHz, 405 MHz, 25.86 W, 0x0000000000000001
2026/08/27 13:55:21.699, 0 %, 82 MiB, 35, P8, 210 MHz, 405 MHz, 25.94 W, 0x0000000000000001
2026/08/27 13:55:26.724, 0 %, 82 MiB, 35, P8, 210 MHz, 405 MHz, 26.04 W, 0x0000000000000001
2026/08/27 13:55:31.749, 0 %, 82 MiB, 35, P8, 210 MHz, 405 MHz, 26.05 W, 0x0000000000000001
2026/08/27 13:55:36.775, 0 %, 82 MiB, 35, P8, 210 MHz, 405 MHz, 26.08 W, 0x0000000000000001
2026/08/27 13:55:41.798, 0 %, 82 MiB, 35, P8, 210 MHz, 405 MHz, 25.65 W, 0x0000000000000001
2026/08/27 13:55:46.822, 0 %, 82 MiB, 35, P8, 210 MHz, 405 MHz, 25.55 W, 0x0000000000000001
2026/08/27 13:55:51.848, 0 %, 82 MiB, 35, P8, 210 MHz, 405 MHz, 25.59 W, 0x0000000000000001
2026/08/27 13:55:56.870, 0 %, 82 MiB, 35, P8, 210 MHz, 405 MHz, 25.46 W, 0x0000000000000001
2026/08/27 13:56:01.894, 0 %, 82 MiB, 35, P8, 210 MHz, 405 MHz, 25.45 W, 0x0000000000000001
2026/08/27 13:56:06.916, 0 %, 82 MiB, 35, P8, 210 MHz, 405 MHz, 25.59 W, 0x0000000000000001
2026/08/27 13:56:11.940, 0 %, 82 MiB, 35, P8, 210 MHz, 405 MHz, 25.61 W, 0x0000000000000001
2026/08/27 13:56:16.962, 0 %, 82 MiB, 35, P8, 210 MHz, 405 MHz, 25.56 W, 0x0000000000000001
2026/08/27 13:56:21.984, 0 %, 82 MiB, 35, P8, 210 MHz, 405 MHz, 25.63 W, 0x0000000000000001
2026/08/27 13:56:27.009, 0 %, 82 MiB, 35, P8, 210 MHz, 405 MHz, 25.81 W, 0x0000000000000001
2026/08/27 13:56:32.032, 0 %, 82 MiB, 35, P8, 210 MHz, 405 MHz, 25.67 W, 0x0000000000000001
2026/08/27 13:56:37.054, 0 %, 82 MiB, 35, P8, 210 MHz, 405 MHz, 25.48 W, 0x0000000000000001
2026/08/27 13:56:42.079, 0 %, 82 MiB, 35, P8, 210 MHz, 405 MHz, 25.72 W, 0x0000000000000001
2026/08/27 13:56:47.105, 0 %, 82 MiB, 35, P8, 210 MHz, 405 MHz, 25.75 W, 0x0000000000000001
2026/08/27 13:56:52.127, 0 %, 82 MiB, 35, P8, 210 MHz, 405 MHz, 25.51 W, 0x0000000000000001
2026/08/27 13:56:57.149, 0 %, 82 MiB, 35, P8, 210 MHz, 405 MHz, 25.66 W, 0x0000000000000001
2026/08/27 13:57:02.171, 0 %, 82 MiB, 35, P8, 210 MHz, 405 MHz, 25.72 W, 0x0000000000000001
2026/08/27 13:57:07.194, 0 %, 82 MiB, 35, P8, 210 MHz, 405 MHz, 25.72 W, 0x0000000000000001
2026/08/27 13:57:12.218, 0 %, 82 MiB, 35, P8, 210 MHz, 405 MHz, 25.81 W, 0x0000000000000001
2026/08/27 13:57:17.241, 0 %, 82 MiB, 35, P8, 210 MHz, 405 MHz, 25.83 W, 0x0000000000000001
2026/08/27 13:57:22.266, 0 %, 82 MiB, 35, P8, 210 MHz, 405 MHz, 25.52 W, 0x0000000000000001
2026/08/27 13:57:27.289, 0 %, 82 MiB, 35, P8, 210 MHz, 405 MHz, 25.81 W, 0x0000000000000001
2026/08/27 13:57:32.312, 0 %, 82 MiB, 35, P8, 210 MHz, 405 MHz, 25.58 W, 0x0000000000000001
2026/08/27 13:57:37.336, 0 %, 82 MiB, 35, P8, 210 MHz, 405 MHz, 25.63 W, 0x0000000000000001
2026/08/27 13:57:42.359, 0 %, 82 MiB, 35, P8, 210 MHz, 405 MHz, 25.67 W, 0x0000000000000001
2026/08/27 13:57:47.384, 0 %, 82 MiB, 35, P8, 210 MHz, 405 MHz, 25.62 W, 0x0000000000000001
2026/08/27 13:57:52.410, 0 %, 82 MiB, 35, P8, 210 MHz, 405 MHz, 25.50 W, 0x0000000000000001
2026/08/27 13:57:57.435, 0 %, 82 MiB, 35, P8, 210 MHz, 405 MHz, 25.97 W, 0x0000000000000001
2026/08/27 13:58:02.461, 0 %, 82 MiB, 35, P8, 210 MHz, 405 MHz, 25.71 W, 0x0000000000000001
2026/08/27 13:58:07.486, 0 %, 82 MiB, 35, P8, 210 MHz, 405 MHz, 25.53 W, 0x0000000000000001
2026/08/27 13:58:12.512, 0 %, 82 MiB, 35, P8, 210 MHz, 405 MHz, 25.56 W, 0x0000000000000001
2026/08/27 13:58:17.534, 0 %, 82 MiB, 35, P8, 210 MHz, 405 MHz, 25.65 W, 0x0000000000000001
2026/08/27 13:58:22.556, 0 %, 82 MiB, 35, P8, 210 MHz, 405 MHz, 25.82 W, 0x0000000000000001
2026/08/27 13:58:27.581, 0 %, 82 MiB, 35, P8, 210 MHz, 405 MHz, 25.70 W, 0x0000000000000001
2026/08/27 13:58:32.603, 0 %, 82 MiB, 35, P8, 210 MHz, 405 MHz, 25.52 W, 0x0000000000000001
2026/08/27 13:58:37.628, 0 %, 82 MiB, 35, P8, 210 MHz, 405 MHz, 25.78 W, 0x0000000000000001
2026/08/27 13:58:42.653, 0 %, 82 MiB, 35, P8, 210 MHz, 405 MHz, 25.71 W, 0x0000000000000001
2026/08/27 13:58:47.676, 0 %, 82 MiB, 35, P8, 210 MHz, 405 MHz, 25.45 W, 0x0000000000000001
2026/08/27 13:58:52.698, 0 %, 82 MiB, 35, P8, 210 MHz, 405 MHz, 25.70 W, 0x0000000000000001
2026/08/27 13:58:57.719, 0 %, 82 MiB, 35, P8, 210 MHz, 405 MHz, 25.68 W, 0x0000000000000001
2026/08/27 13:59:02.743, 0 %, 82 MiB, 35, P8, 210 MHz, 405 MHz, 25.73 W, 0x0000000000000001
2026/08/27 13:59:07.764, 0 %, 82 MiB, 35, P8, 210 MHz, 405 MHz, 25.67 W, 0x0000000000000001
2026/08/27 13:59:12.789, 0 %, 82 MiB, 35, P8, 210 MHz, 405 MHz, 25.62 W, 0x0000000000000001
2026/08/27 13:59:17.812, 0 %, 82 MiB, 35, P8, 210 MHz, 405 MHz, 25.54 W, 0x0000000000000001
2026/08/27 13:59:22.834, 0 %, 82 MiB, 35, P8, 210 MHz, 405 MHz, 25.77 W, 0x0000000000000001
2026/08/27 13:59:27.856, 0 %, 82 MiB, 35, P8, 210 MHz, 405 MHz, 25.72 W, 0x0000000000000001
2026/08/27 13:59:32.878, 0 %, 82 MiB, 35, P8, 210 MHz, 405 MHz, 25.74 W, 0x0000000000000001
2026/08/27 13:59:37.900, 0 %, 82 MiB, 35, P8, 210 MHz, 405 MHz, 25.66 W, 0x0000000000000001
2026/08/27 13:59:42.926, 0 %, 82 MiB, 35, P8, 210 MHz, 405 MHz, 25.71 W, 0x0000000000000001
2026/08/27 13:59:47.948, 0 %, 82 MiB, 35, P8, 210 MHz, 405 MHz, 25.74 W, 0x0000000000000001
2026/08/27 13:59:52.972, 0 %, 82 MiB, 35, P8, 210 MHz, 405 MHz, 25.76 W, 0x0000000000000001
2026/08/27 13:59:57.998, 0 %, 82 MiB, 35, P8, 210 MHz, 405 MHz, 25.88 W, 0x0000000000000001
2026/08/27 14:00:03.023, 0 %, 82 MiB, 35, P8, 210 MHz, 405 MHz, 26.01 W, 0x0000000000000001
2026/08/27 14:00:08.045, 0 %, 82 MiB, 35, P8, 210 MHz, 405 MHz, 25.80 W, 0x0000000000000001
2026/08/27 14:00:13.069, 0 %, 82 MiB, 35, P8, 210 MHz, 405 MHz, 25.83 W, 0x0000000000000001
2026/08/27 14:00:18.094, 0 %, 82 MiB, 35, P8, 210 MHz, 405 MHz, 25.76 W, 0x0000000000000001
2026/08/27 14:00:23.116, 0 %, 82 MiB, 35, P8, 210 MHz, 405 MHz, 25.76 W, 0x0000000000000001
2026/08/27 14:00:28.139, 0 %, 82 MiB, 35, P8, 210 MHz, 405 MHz, 25.77 W, 0x0000000000000001
2026/08/27 14:00:33.163, 0 %, 82 MiB, 35, P8, 210 MHz, 405 MHz, 25.70 W, 0x0000000000000001
2026/08/27 14:00:38.188, 0 %, 82 MiB, 35, P8, 210 MHz, 405 MHz, 25.81 W, 0x0000000000000001
2026/08/27 14:00:43.210, 0 %, 82 MiB, 35, P8, 210 MHz, 405 MHz, 25.82 W, 0x0000000000000001
2026/08/27 14:00:48.234, 0 %, 82 MiB, 35, P8, 210 MHz, 405 MHz, 25.92 W, 0x0000000000000001
2026/08/27 14:00:53.257, 0 %, 82 MiB, 35, P8, 210 MHz, 405 MHz, 25.88 W, 0x0000000000000001
2026/08/27 14:00:58.279, 0 %, 82 MiB, 35, P8, 210 MHz, 405 MHz, 25.94 W, 0x0000000000000001
2026/08/27 14:01:03.303, 0 %, 82 MiB, 35, P8, 210 MHz, 405 MHz, 25.71 W, 0x0000000000000001
2026/08/27 14:01:08.329, 0 %, 82 MiB, 35, P8, 210 MHz, 405 MHz, 25.67 W, 0x0000000000000001
2026/08/27 14:01:13.351, 0 %, 82 MiB, 35, P8, 210 MHz, 405 MHz, 25.56 W, 0x0000000000000001
2026/08/27 14:01:18.373, 0 %, 82 MiB, 35, P8, 210 MHz, 405 MHz, 25.65 W, 0x0000000000000001
2026/08/27 14:01:23.395, 0 %, 82 MiB, 35, P8, 210 MHz, 405 MHz, 25.39 W, 0x0000000000000001
2026/08/27 14:01:28.420, 0 %, 82 MiB, 35, P8, 210 MHz, 405 MHz, 25.38 W, 0x0000000000000001
2026/08/27 14:01:33.442, 0 %, 82 MiB, 35, P8, 210 MHz, 405 MHz, 25.62 W, 0x0000000000000001
2026/08/27 14:01:38.464, 0 %, 82 MiB, 35, P8, 210 MHz, 405 MHz, 25.47 W, 0x0000000000000001
2026/08/27 14:01:43.489, 0 %, 82 MiB, 35, P8, 210 MHz, 405 MHz, 25.57 W, 0x0000000000000001
2026/08/27 14:01:48.511, 0 %, 82 MiB, 35, P8, 210 MHz, 405 MHz, 25.42 W, 0x0000000000000001
2026/08/27 14:01:53.534, 0 %, 82 MiB, 35, P8, 210 MHz, 405 MHz, 25.56 W, 0x0000000000000001
2026/08/27 14:01:58.555, 0 %, 82 MiB, 35, P8, 210 MHz, 405 MHz, 25.48 W, 0x0000000000000001
2026/08/27 14:02:03.576, 0 %, 82 MiB, 35, P8, 210 MHz, 405 MHz, 25.57 W, 0x0000000000000001
2026/08/27 14:02:08.598, 0 %, 82 MiB, 35, P8, 210 MHz, 405 MHz, 25.78 W, 0x0000000000000001
2026/08/27 14:02:13.619, 0 %, 82 MiB, 35, P8, 210 MHz, 405 MHz, 25.44 W, 0x0000000000000001
2026/08/27 14:02:18.642, 0 %, 82 MiB, 35, P8, 210 MHz, 405 MHz, 25.57 W, 0x0000000000000001
2026/08/27 14:02:23.665, 0 %, 82 MiB, 36, P5, 690 MHz, 810 MHz, 39.77 W, 0x0000000000000001
2026/08/27 14:02:28.689, 0 %, 82 MiB, 35, P8, 210 MHz, 405 MHz, 25.79 W, 0x0000000000000001
2026/08/27 14:02:33.711, 0 %, 82 MiB, 35, P8, 210 MHz, 405 MHz, 25.72 W, 0x0000000000000001
2026/08/27 14:02:38.733, 0 %, 82 MiB, 35, P8, 210 MHz, 405 MHz, 25.44 W, 0x0000000000000001
2026/08/27 14:02:43.758, 0 %, 82 MiB, 35, P8, 210 MHz, 405 MHz, 25.76 W, 0x0000000000000001
2026/08/27 14:02:48.783, 0 %, 82 MiB, 35, P8, 210 MHz, 405 MHz, 25.64 W, 0x0000000000000001
2026/08/27 14:02:53.805, 0 %, 82 MiB, 35, P8, 210 MHz, 405 MHz, 25.90 W, 0x0000000000000001
2026/08/27 14:02:58.827, 0 %, 82 MiB, 35, P8, 210 MHz, 405 MHz, 25.83 W, 0x0000000000000001
2026/08/27 14:03:03.849, 0 %, 82 MiB, 35, P8, 210 MHz, 405 MHz, 25.50 W, 0x0000000000000001
2026/08/27 14:03:08.872, 0 %, 82 MiB, 35, P8, 210 MHz, 405 MHz, 25.63 W, 0x0000000000000001
2026/08/27 14:03:13.896, 0 %, 82 MiB, 35, P8, 210 MHz, 405 MHz, 25.81 W, 0x0000000000000001
2026/08/27 14:03:18.918, 0 %, 82 MiB, 35, P8, 210 MHz, 405 MHz, 25.73 W, 0x0000000000000001
2026/08/27 14:03:23.940, 0 %, 82 MiB, 35, P8, 210 MHz, 405 MHz, 25.76 W, 0x0000000000000001
2026/08/27 14:03:28.965, 0 %, 82 MiB, 35, P8, 210 MHz, 405 MHz, 25.91 W, 0x0000000000000001
2026/08/27 14:03:33.990, 0 %, 82 MiB, 35, P8, 210 MHz, 405 MHz, 25.66 W, 0x0000000000000001
2026/08/27 14:03:39.015, 0 %, 82 MiB, 35, P8, 210 MHz, 405 MHz, 25.41 W, 0x0000000000000001
2026/08/27 14:03:44.040, 0 %, 82 MiB, 35, P8, 210 MHz, 405 MHz, 25.50 W, 0x0000000000000001
2026/08/27 14:03:49.063, 0 %, 82 MiB, 35, P8, 210 MHz, 405 MHz, 25.78 W, 0x0000000000000001
2026/08/27 14:03:54.088, 0 %, 82 MiB, 35, P8, 210 MHz, 405 MHz, 25.77 W, 0x0000000000000001
2026/08/27 14:03:59.110, 0 %, 82 MiB, 35, P8, 210 MHz, 405 MHz, 25.83 W, 0x0000000000000001
2026/08/27 14:04:04.132, 0 %, 82 MiB, 35, P8, 210 MHz, 405 MHz, 26.00 W, 0x0000000000000001
2026/08/27 14:04:09.154, 0 %, 82 MiB, 35, P8, 210 MHz, 405 MHz, 26.00 W, 0x0000000000000001
2026/08/27 14:04:14.177, 0 %, 82 MiB, 35, P8, 210 MHz, 405 MHz, 25.80 W, 0x0000000000000001
2026/08/27 14:04:19.202, 0 %, 82 MiB, 35, P8, 210 MHz, 405 MHz, 25.81 W, 0x0000000000000001
2026/08/27 14:04:24.228, 0 %, 82 MiB, 35, P8, 210 MHz, 405 MHz, 25.75 W, 0x0000000000000001
2026/08/27 14:04:29.250, 0 %, 82 MiB, 35, P8, 210 MHz, 405 MHz, 25.63 W, 0x0000000000000001
2026/08/27 14:04:34.275, 0 %, 82 MiB, 35, P8, 210 MHz, 405 MHz, 25.59 W, 0x0000000000000001
2026/08/27 14:04:39.300, 0 %, 82 MiB, 35, P8, 210 MHz, 405 MHz, 25.44 W, 0x0000000000000001
2026/08/27 14:04:44.326, 0 %, 82 MiB, 35, P8, 210 MHz, 405 MHz, 25.64 W, 0x0000000000000001
2026/08/27 14:04:49.352, 0 %, 82 MiB, 35, P8, 210 MHz, 405 MHz, 25.25 W, 0x0000000000000001
2026/08/27 14:04:54.376, 0 %, 82 MiB, 35, P8, 210 MHz, 405 MHz, 25.49 W, 0x0000000000000001
2026/08/27 14:04:59.399, 0 %, 82 MiB, 35, P8, 210 MHz, 405 MHz, 25.29 W, 0x0000000000000001
2026/08/27 14:05:04.423, 0 %, 82 MiB, 35, P8, 210 MHz, 405 MHz, 25.58 W, 0x0000000000000001
2026/08/27 14:05:09.447, 0 %, 82 MiB, 35, P8, 210 MHz, 405 MHz, 25.42 W, 0x0000000000000001
2026/08/27 14:05:14.470, 0 %, 82 MiB, 35, P8, 210 MHz, 405 MHz, 25.28 W, 0x0000000000000001
2026/08/27 14:05:19.492, 0 %, 82 MiB, 35, P8, 210 MHz, 405 MHz, 25.57 W, 0x0000000000000001
2026/08/27 14:05:24.514, 0 %, 82 MiB, 35, P8, 210 MHz, 405 MHz, 25.29 W, 0x0000000000000001
2026/08/27 14:05:29.536, 0 %, 82 MiB, 35, P8, 210 MHz, 405 MHz, 25.39 W, 0x0000000000000001
2026/08/27 14:05:34.561, 0 %, 82 MiB, 35, P8, 210 MHz, 405 MHz, 25.24 W, 0x0000000000000001
2026/08/27 14:05:39.583, 0 %, 82 MiB, 35, P8, 210 MHz, 405 MHz, 25.38 W, 0x0000000000000001
2026/08/27 14:05:44.608, 0 %, 82 MiB, 35, P8, 210 MHz, 405 MHz, 25.29 W, 0x0000000000000001
2026/08/27 14:05:49.630, 0 %, 82 MiB, 35, P8, 210 MHz, 405 MHz, 25.05 W, 0x0000000000000001
2026/08/27 14:05:54.654, 0 %, 82 MiB, 35, P8, 210 MHz, 405 MHz, 25.31 W, 0x0000000000000001
2026/08/27 14:05:59.679, 0 %, 82 MiB, 35, P8, 210 MHz, 405 MHz, 25.41 W, 0x0000000000000001
2026/08/27 14:06:04.701, 0 %, 82 MiB, 35, P8, 210 MHz, 405 MHz, 25.11 W, 0x0000000000000004
2026/08/27 14:06:09.724, 0 %, 82 MiB, 35, P8, 210 MHz, 405 MHz, 25.49 W, 0x0000000000000001
2026/08/27 14:06:14.746, 0 %, 82 MiB, 35, P8, 210 MHz, 405 MHz, 25.39 W, 0x0000000000000001
2026/08/27 14:06:19.769, 0 %, 82 MiB, 35, P8, 210 MHz, 405 MHz, 25.27 W, 0x0000000000000001
2026/08/27 14:06:24.791, 0 %, 82 MiB, 35, P8, 210 MHz, 405 MHz, 25.43 W, 0x0000000000000001
2026/08/27 14:06:29.813, 0 %, 82 MiB, 35, P8, 210 MHz, 405 MHz, 25.35 W, 0x0000000000000001
2026/08/27 14:06:34.837, 0 %, 82 MiB, 35, P8, 210 MHz, 405 MHz, 25.31 W, 0x0000000000000001
2026/08/27 14:06:39.859, 0 %, 82 MiB, 35, P8, 210 MHz, 405 MHz, 25.00 W, 0x0000000000000001
2026/08/27 14:06:44.883, 0 %, 82 MiB, 35, P8, 210 MHz, 405 MHz, 25.39 W, 0x0000000000000001
2026/08/27 14:06:49.906, 0 %, 82 MiB, 35, P8, 210 MHz, 405 MHz, 25.10 W, 0x0000000000000001
2026/08/27 14:06:54.931, 0 %, 82 MiB, 35, P8, 210 MHz, 405 MHz, 25.22 W, 0x0000000000000001
2026/08/27 14:06:59.956, 0 %, 82 MiB, 35, P8, 210 MHz, 405 MHz, 25.26 W, 0x0000000000000001
2026/08/27 14:07:04.981, 0 %, 82 MiB, 35, P8, 210 MHz, 405 MHz, 25.09 W, 0x0000000000000001
2026/08/27 14:07:10.004, 0 %, 82 MiB, 35, P8, 210 MHz, 405 MHz, 25.09 W, 0x0000000000000001
2026/08/27 14:07:15.025, 0 %, 82 MiB, 35, P8, 210 MHz, 405 MHz, 25.18 W, 0x0000000000000001
2026/08/27 14:07:20.048, 0 %, 82 MiB, 35, P8, 210 MHz, 405 MHz, 25.19 W, 0x0000000000000001
2026/08/27 14:07:25.073, 0 %, 82 MiB, 35, P8, 210 MHz, 405 MHz, 25.17 W, 0x0000000000000001
2026/08/27 14:07:30.098, 0 %, 82 MiB, 35, P8, 210 MHz, 405 MHz, 25.26 W, 0x0000000000000001
2026/08/27 14:07:35.121, 0 %, 82 MiB, 35, P8, 210 MHz, 405 MHz, 25.01 W, 0x0000000000000001
2026/08/27 14:07:40.145, 0 %, 82 MiB, 35, P8, 210 MHz, 405 MHz, 25.42 W, 0x0000000000000001
2026/08/27 14:07:45.171, 0 %, 82 MiB, 35, P8, 210 MHz, 405 MHz, 25.08 W, 0x0000000000000001
2026/08/27 14:07:50.197, 0 %, 82 MiB, 35, P8, 210 MHz, 405 MHz, 24.97 W, 0x0000000000000001
2026/08/27 14:07:55.220, 0 %, 82 MiB, 35, P8, 210 MHz, 405 MHz, 25.38 W, 0x0000000000000001
2026/08/27 14:08:00.244, 0 %, 82 MiB, 35, P8, 210 MHz, 405 MHz, 25.47 W, 0x0000000000000001
2026/08/27 14:08:05.269, 0 %, 82 MiB, 35, P8, 210 MHz, 405 MHz, 25.29 W, 0x0000000000000001
2026/08/27 14:08:10.295, 0 %, 82 MiB, 35, P8, 210 MHz, 405 MHz, 25.17 W, 0x0000000000000001
2026/08/27 14:08:15.317, 0 %, 82 MiB, 35, P8, 210 MHz, 405 MHz, 25.12 W, 0x0000000000000001
2026/08/27 14:08:20.339, 0 %, 82 MiB, 35, P8, 210 MHz, 405 MHz, 25.37 W, 0x0000000000000001
2026/08/27 14:08:25.361, 0 %, 82 MiB, 35, P8, 210 MHz, 405 MHz, 25.36 W, 0x0000000000000001
2026/08/27 14:08:30.384, 0 %, 82 MiB, 35, P8, 210 MHz, 405 MHz, 25.21 W, 0x0000000000000001
2026/08/27 14:08:35.406, 0 %, 82 MiB, 35, P8, 210 MHz, 405 MHz, 25.30 W, 0x0000000000000001
2026/08/27 14:08:40.429, 0 %, 82 MiB, 35, P8, 210 MHz, 405 MHz, 25.09 W, 0x0000000000000001
2026/08/27 14:08:45.454, 0 %, 82 MiB, 35, P8, 210 MHz, 405 MHz, 25.00 W, 0x0000000000000001
2026/08/27 14:08:50.476, 0 %, 82 MiB, 35, P8, 210 MHz, 405 MHz, 25.19 W, 0x0000000000000001
2026/08/27 14:08:55.499, 0 %, 82 MiB, 35, P8, 210 MHz, 405 MHz, 25.35 W, 0x0000000000000001
2026/08/27 14:09:00.521, 0 %, 82 MiB, 35, P8, 210 MHz, 405 MHz, 25.06 W, 0x0000000000000001
2026/08/27 14:09:05.544, 0 %, 82 MiB, 35, P8, 210 MHz, 405 MHz, 25.34 W, 0x0000000000000001
2026/08/27 14:09:10.566, 0 %, 82 MiB, 35, P8, 210 MHz, 405 MHz, 25.35 W, 0x0000000000000001
2026/08/27 14:09:15.588, 0 %, 82 MiB, 35, P8, 210 MHz, 405 MHz, 25.46 W, 0x0000000000000001
2026/08/27 14:09:20.613, 0 %, 82 MiB, 35, P8, 210 MHz, 405 MHz, 25.41 W, 0x0000000000000001
2026/08/27 14:09:25.636, 0 %, 82 MiB, 35, P8, 210 MHz, 405 MHz, 25.21 W, 0x0000000000000001
2026/08/27 14:09:30.658, 0 %, 82 MiB, 35, P8, 210 MHz, 405 MHz, 25.47 W, 0x0000000000000001
2026/08/27 14:09:35.680, 0 %, 82 MiB, 35, P8, 210 MHz, 405 MHz, 25.32 W, 0x0000000000000001
2026/08/27 14:09:40.704, 0 %, 82 MiB, 35, P8, 210 MHz, 405 MHz, 25.29 W, 0x0000000000000001
2026/08/27 14:09:45.728, 0 %, 82 MiB, 35, P8, 210 MHz, 405 MHz, 25.34 W, 0x0000000000000001
2026/08/27 14:09:50.749, 0 %, 82 MiB, 35, P8, 210 MHz, 405 MHz, 25.20 W, 0x0000000000000001
2026/08/27 14:09:55.773, 0 %, 82 MiB, 35, P8, 210 MHz, 405 MHz, 25.45 W, 0x0000000000000001
2026/08/27 14:10:00.796, 0 %, 82 MiB, 35, P8, 210 MHz, 405 MHz, 25.27 W, 0x0000000000000001
2026/08/27 14:10:05.818, 0 %, 82 MiB, 35, P8, 210 MHz, 405 MHz, 25.36 W, 0x0000000000000001
2026/08/27 14:10:10.839, 0 %, 82 MiB, 36, P5, 675 MHz, 810 MHz, 41.76 W, 0x0000000000000001
2026/08/27 14:10:15.861, 0 %, 82 MiB, 35, P8, 210 MHz, 405 MHz, 25.63 W, 0x0000000000000001
2026/08/27 14:10:20.884, 0 %, 82 MiB, 35, P8, 210 MHz, 405 MHz, 25.61 W, 0x0000000000000001
2026/08/27 14:10:25.906, 0 %, 82 MiB, 35, P8, 210 MHz, 405 MHz, 25.69 W, 0x0000000000000001
2026/08/27 14:10:30.928, 0 %, 82 MiB, 35, P8, 210 MHz, 405 MHz, 25.42 W, 0x0000000000000001
2026/08/27 14:10:35.951, 0 %, 82 MiB, 35, P8, 210 MHz, 405 MHz, 25.23 W, 0x0000000000000001
2026/08/27 14:10:40.976, 0 %, 82 MiB, 35, P8, 210 MHz, 405 MHz, 25.28 W, 0x0000000000000001
2026/08/27 14:10:45.999, 0 %, 82 MiB, 35, P8, 210 MHz, 405 MHz, 25.54 W, 0x0000000000000001
2026/08/27 14:10:51.023, 0 %, 82 MiB, 35, P8, 210 MHz, 405 MHz, 25.49 W, 0x0000000000000001
2026/08/27 14:10:56.045, 0 %, 82 MiB, 35, P8, 210 MHz, 405 MHz, 25.64 W, 0x0000000000000001
2026/08/27 14:11:01.067, 0 %, 82 MiB, 35, P8, 210 MHz, 405 MHz, 25.69 W, 0x0000000000000001
2026/08/27 14:11:06.088, 0 %, 82 MiB, 35, P8, 210 MHz, 405 MHz, 25.39 W, 0x0000000000000001
2026/08/27 14:11:11.109, 0 %, 82 MiB, 35, P8, 210 MHz, 405 MHz, 25.25 W, 0x0000000000000001
2026/08/27 14:11:16.131, 0 %, 82 MiB, 35, P8, 210 MHz, 405 MHz, 25.52 W, 0x0000000000000001
2026/08/27 14:11:21.153, 0 %, 82 MiB, 35, P8, 210 MHz, 405 MHz, 25.36 W, 0x0000000000000001
2026/08/27 14:11:26.177, 0 %, 82 MiB, 35, P8, 210 MHz, 405 MHz, 25.56 W, 0x0000000000000001
2026/08/27 14:11:31.203, 0 %, 82 MiB, 35, P8, 210 MHz, 405 MHz, 25.46 W, 0x0000000000000001
2026/08/27 14:11:36.228, 0 %, 82 MiB, 35, P8, 210 MHz, 405 MHz, 25.74 W, 0x0000000000000001
2026/08/27 14:11:41.250, 0 %, 82 MiB, 35, P8, 210 MHz, 405 MHz, 25.67 W, 0x0000000000000001
2026/08/27 14:11:46.275, 0 %, 82 MiB, 35, P8, 210 MHz, 405 MHz, 25.74 W, 0x0000000000000001
2026/08/27 14:11:51.299, 0 %, 82 MiB, 35, P8, 210 MHz, 405 MHz, 25.79 W, 0x0000000000000001
2026/08/27 14:11:56.321, 0 %, 82 MiB, 35, P8, 210 MHz, 405 MHz, 25.74 W, 0x0000000000000001
2026/08/27 14:12:01.346, 0 %, 82 MiB, 35, P8, 210 MHz, 405 MHz, 25.77 W, 0x0000000000000001
2026/08/27 14:12:06.368, 0 %, 82 MiB, 35, P8, 210 MHz, 405 MHz, 25.60 W, 0x0000000000000001
2026/08/27 14:12:11.392, 0 %, 82 MiB, 35, P8, 210 MHz, 405 MHz, 25.44 W, 0x0000000000000001
2026/08/27 14:12:16.417, 0 %, 82 MiB, 35, P8, 210 MHz, 405 MHz, 25.68 W, 0x0000000000000001
2026/08/27 14:12:21.443, 0 %, 82 MiB, 35, P8, 210 MHz, 405 MHz, 25.55 W, 0x0000000000000001
2026/08/27 14:12:26.466, 0 %, 82 MiB, 35, P8, 210 MHz, 405 MHz, 25.45 W, 0x0000000000000001
2026/08/27 14:12:31.488, 0 %, 82 MiB, 35, P8, 210 MHz, 405 MHz, 25.59 W, 0x0000000000000001
2026/08/27 14:12:36.512, 0 %, 82 MiB, 35, P8, 210 MHz, 405 MHz, 25.55 W, 0x0000000000000001
2026/08/27 14:12:41.535, 0 %, 82 MiB, 35, P8, 210 MHz, 405 MHz, 25.61 W, 0x0000000000000001
2026/08/27 14:12:46.560, 0 %, 82 MiB, 35, P8, 210 MHz, 405 MHz, 25.69 W, 0x0000000000000001
2026/08/27 14:12:51.585, 0 %, 82 MiB, 35, P8, 210 MHz, 405 MHz, 25.58 W, 0x0000000000000001
2026/08/27 14:12:56.607, 0 %, 82 MiB, 35, P8, 210 MHz, 405 MHz, 25.42 W, 0x0000000000000001
2026/08/27 14:13:01.628, 0 %, 82 MiB, 35, P8, 210 MHz, 405 MHz, 25.47 W, 0x0000000000000001
2026/08/27 14:13:06.650, 0 %, 82 MiB, 35, P8, 210 MHz, 405 MHz, 25.80 W, 0x0000000000000001
2026/08/27 14:13:11.671, 0 %, 82 MiB, 35, P8, 210 MHz, 405 MHz, 25.80 W, 0x0000000000000001
2026/08/27 14:13:16.693, 0 %, 82 MiB, 35, P8, 210 MHz, 405 MHz, 26.07 W, 0x0000000000000001
2026/08/27 14:13:21.718, 0 %, 82 MiB, 35, P8, 210 MHz, 405 MHz, 25.90 W, 0x0000000000000001
2026/08/27 14:13:26.740, 0 %, 82 MiB, 35, P8, 210 MHz, 405 MHz, 26.00 W, 0x0000000000000001
2026/08/27 14:13:31.761, 0 %, 82 MiB, 35, P8, 210 MHz, 405 MHz, 25.92 W, 0x0000000000000001
2026/08/27 14:13:36.785, 0 %, 82 MiB, 35, P8, 210 MHz, 405 MHz, 25.76 W, 0x0000000000000001
2026/08/27 14:13:41.812, 0 %, 82 MiB, 35, P8, 210 MHz, 405 MHz, 25.63 W, 0x0000000000000001
2026/08/27 14:13:46.834, 0 %, 82 MiB, 35, P8, 210 MHz, 405 MHz, 25.41 W, 0x0000000000000001
2026/08/27 14:13:51.858, 0 %, 82 MiB, 35, P8, 210 MHz, 405 MHz, 25.39 W, 0x0000000000000001
2026/08/27 14:13:56.881, 0 %, 82 MiB, 35, P8, 210 MHz, 405 MHz, 25.60 W, 0x0000000000000001
2026/08/27 14:14:01.903, 0 %, 82 MiB, 35, P8, 210 MHz, 405 MHz, 25.59 W, 0x0000000000000001
2026/08/27 14:14:06.925, 0 %, 82 MiB, 35, P8, 210 MHz, 405 MHz, 25.56 W, 0x0000000000000001
2026/08/27 14:14:11.946, 0 %, 82 MiB, 35, P8, 210 MHz, 405 MHz, 25.19 W, 0x0000000000000001
2026/08/27 14:14:16.969, 0 %, 82 MiB, 35, P8, 210 MHz, 405 MHz, 25.58 W, 0x0000000000000001
2026/08/27 14:14:21.992, 0 %, 82 MiB, 35, P8, 210 MHz, 405 MHz, 25.36 W, 0x0000000000000001
2026/08/27 14:14:27.015, 0 %, 82 MiB, 35, P8, 210 MHz, 405 MHz, 25.37 W, 0x0000000000000001
2026/08/27 14:14:32.037, 0 %, 82 MiB, 35, P8, 210 MHz, 405 MHz, 25.56 W, 0x0000000000000001
2026/08/27 14:14:37.059, 0 %, 82 MiB, 35, P8, 210 MHz, 405 MHz, 25.76 W, 0x0000000000000001
2026/08/27 14:14:42.084, 0 %, 82 MiB, 35, P8, 210 MHz, 405 MHz, 25.48 W, 0x0000000000000001
2026/08/27 14:14:47.109, 0 %, 82 MiB, 35, P8, 210 MHz, 405 MHz, 25.56 W, 0x0000000000000001
2026/08/27 14:14:52.131, 0 %, 82 MiB, 35, P8, 210 MHz, 405 MHz, 25.65 W, 0x0000000000000001
2026/08/27 14:14:57.153, 0 %, 82 MiB, 35, P8, 210 MHz, 405 MHz, 25.70 W, 0x0000000000000001
2026/08/27 14:15:02.175, 0 %, 82 MiB, 35, P8, 210 MHz, 405 MHz, 25.71 W, 0x0000000000000001
2026/08/27 14:15:07.197, 0 %, 82 MiB, 35, P8, 210 MHz, 405 MHz, 25.45 W, 0x0000000000000001
2026/08/27 14:15:12.219, 0 %, 82 MiB, 35, P8, 210 MHz, 405 MHz, 25.61 W, 0x0000000000000001
2026/08/27 14:15:17.243, 0 %, 82 MiB, 35, P8, 210 MHz, 405 MHz, 25.58 W, 0x0000000000000001
2026/08/27 14:15:22.269, 0 %, 82 MiB, 35, P8, 210 MHz, 405 MHz, 25.25 W, 0x0000000000000001
2026/08/27 14:15:27.291, 0 %, 82 MiB, 35, P8, 210 MHz, 405 MHz, 25.56 W, 0x0000000000000001
2026/08/27 14:15:32.314, 0 %, 82 MiB, 35, P8, 210 MHz, 405 MHz, 25.85 W, 0x0000000000000001
2026/08/27 14:15:37.336, 0 %, 82 MiB, 35, P8, 210 MHz, 405 MHz, 25.67 W, 0x0000000000000001
2026/08/27 14:15:42.360, 0 %, 82 MiB, 36, P8, 210 MHz, 405 MHz, 27.01 W, 0x0000000000000001
2026/08/27 14:15:47.386, 0 %, 82 MiB, 35, P8, 210 MHz, 405 MHz, 25.78 W, 0x0000000000000001
2026/08/27 14:15:52.412, 0 %, 82 MiB, 35, P8, 210 MHz, 405 MHz, 25.74 W, 0x0000000000000001
2026/08/27 14:15:57.434, 0 %, 82 MiB, 35, P8, 210 MHz, 405 MHz, 25.55 W, 0x0000000000000001
2026/08/27 14:16:02.459, 0 %, 82 MiB, 35, P8, 210 MHz, 405 MHz, 25.56 W, 0x0000000000000001
2026/08/27 14:16:07.491, 0 %, 82 MiB, 35, P8, 210 MHz, 405 MHz, 25.57 W, 0x0000000000000001
2026/08/27 14:16:12.522, 0 %, 82 MiB, 35, P8, 210 MHz, 405 MHz, 25.57 W, 0x0000000000000001
2026/08/27 14:16:17.545, 0 %, 82 MiB, 35, P8, 210 MHz, 405 MHz, 25.59 W, 0x0000000000000001
2026/08/27 14:16:22.568, 0 %, 82 MiB, 35, P8, 210 MHz, 405 MHz, 25.41 W, 0x0000000000000001
2026/08/27 14:16:27.593, 0 %, 82 MiB, 35, P8, 210 MHz, 405 MHz, 25.71 W, 0x0000000000000001
2026/08/27 14:16:32.624, 0 %, 82 MiB, 35, P8, 210 MHz, 405 MHz, 25.61 W, 0x0000000000000001
2026/08/27 14:16:37.647, 0 %, 82 MiB, 35, P8, 210 MHz, 405 MHz, 25.54 W, 0x0000000000000001
2026/08/27 14:16:42.680, 0 %, 82 MiB, 35, P8, 210 MHz, 405 MHz, 25.85 W, 0x0000000000000001
2026/08/27 14:16:47.713, 0 %, 82 MiB, 35, P8, 210 MHz, 405 MHz, 25.77 W, 0x0000000000000001
2026/08/27 14:16:52.735, 0 %, 82 MiB, 35, P8, 210 MHz, 405 MHz, 25.86 W, 0x0000000000000001
2026/08/27 14:16:57.761, 0 %, 82 MiB, 35, P8, 210 MHz, 405 MHz, 25.66 W, 0x0000000000000001
2026/08/27 14:17:02.784, 0 %, 82 MiB, 35, P8, 210 MHz, 405 MHz, 25.65 W, 0x0000000000000001
2026/08/27 14:17:07.807, 0 %, 82 MiB, 35, P8, 210 MHz, 405 MHz, 25.65 W, 0x0000000000000001
2026/08/27 14:17:12.833, 0 %, 82 MiB, 35, P8, 210 MHz, 405 MHz, 25.56 W, 0x0000000000000001
2026/08/27 14:17:17.855, 0 %, 82 MiB, 35, P8, 210 MHz, 405 MHz, 25.64 W, 0x0000000000000001
2026/08/27 14:17:22.878, 0 %, 82 MiB, 35, P8, 210 MHz, 405 MHz, 25.51 W, 0x0000000000000001
2026/08/27 14:17:27.902, 0 %, 82 MiB, 36, P8, 210 MHz, 405 MHz, 27.24 W, 0x0000000000000001
2026/08/27 14:17:32.927, 0 %, 82 MiB, 35, P8, 210 MHz, 405 MHz, 25.56 W, 0x0000000000000001
2026/08/27 14:17:37.948, 0 %, 82 MiB, 35, P8, 210 MHz, 405 MHz, 25.63 W, 0x0000000000000001
2026/08/27 14:17:42.971, 0 %, 82 MiB, 35, P8, 210 MHz, 405 MHz, 25.64 W, 0x0000000000000001
2026/08/27 14:17:47.995, 0 %, 82 MiB, 35, P8, 210 MHz, 405 MHz, 25.87 W, 0x0000000000000001
2026/08/27 14:17:53.018, 0 %, 82 MiB, 35, P8, 210 MHz, 405 MHz, 25.84 W, 0x0000000000000001
2026/08/27 14:17:58.042, 0 %, 82 MiB, 35, P8, 210 MHz, 405 MHz, 25.52 W, 0x0000000000000001
2026/08/27 14:18:03.066, 0 %, 82 MiB, 35, P8, 210 MHz, 405 MHz, 25.65 W, 0x0000000000000001
2026/08/27 14:18:08.092, 0 %, 82 MiB, 35, P8, 210 MHz, 405 MHz, 25.28 W, 0x0000000000000001
2026/08/27 14:18:13.115, 0 %, 82 MiB, 35, P8, 210 MHz, 405 MHz, 25.64 W, 0x0000000000000001
2026/08/27 14:18:18.139, 0 %, 82 MiB, 35, P8, 210 MHz, 405 MHz, 25.55 W, 0x0000000000000001
2026/08/27 14:18:23.165, 0 %, 82 MiB, 35, P8, 210 MHz, 405 MHz, 25.74 W, 0x0000000000000001
2026/08/27 14:18:28.190, 0 %, 82 MiB, 35, P8, 210 MHz, 405 MHz, 25.97 W, 0x0000000000000001
2026/08/27 14:18:33.214, 0 %, 82 MiB, 35, P8, 210 MHz, 405 MHz, 25.75 W, 0x0000000000000001
2026/08/27 14:18:38.238, 0 %, 82 MiB, 35, P8, 210 MHz, 405 MHz, 25.61 W, 0x0000000000000004
2026/08/27 14:18:43.260, 0 %, 82 MiB, 35, P8, 210 MHz, 405 MHz, 25.62 W, 0x0000000000000001
2026/08/27 14:18:48.284, 0 %, 82 MiB, 35, P8, 210 MHz, 405 MHz, 25.63 W, 0x0000000000000001
2026/08/27 14:18:53.307, 0 %, 82 MiB, 35, P8, 210 MHz, 405 MHz, 25.38 W, 0x0000000000000001
2026/08/27 14:18:58.342, 0 %, 82 MiB, 35, P8, 210 MHz, 405 MHz, 25.68 W, 0x0000000000000001
2026/08/27 14:19:03.363, 0 %, 82 MiB, 35, P8, 210 MHz, 405 MHz, 25.75 W, 0x0000000000000001
2026/08/27 14:19:08.385, 0 %, 82 MiB, 35, P8, 210 MHz, 405 MHz, 25.36 W, 0x0000000000000001
2026/08/27 14:19:13.407, 0 %, 82 MiB, 35, P8, 210 MHz, 405 MHz, 25.38 W, 0x0000000000000001
2026/08/27 14:19:18.429, 0 %, 82 MiB, 35, P8, 210 MHz, 405 MHz, 25.49 W, 0x0000000000000001
2026/08/27 14:19:23.454, 0 %, 82 MiB, 35, P8, 210 MHz, 405 MHz, 25.69 W, 0x0000000000000001
2026/08/27 14:19:28.479, 0 %, 82 MiB, 35, P8, 210 MHz, 405 MHz, 25.49 W, 0x0000000000000001
2026/08/27 14:19:33.505, 0 %, 82 MiB, 35, P8, 210 MHz, 405 MHz, 25.41 W, 0x0000000000000001
2026/08/27 14:19:38.527, 0 %, 82 MiB, 35, P8, 210 MHz, 405 MHz, 25.55 W, 0x0000000000000001
2026/08/27 14:19:43.549, 0 %, 82 MiB, 35, P8, 210 MHz, 405 MHz, 25.42 W, 0x0000000000000001
2026/08/27 14:19:48.574, 0 %, 82 MiB, 35, P8, 210 MHz, 405 MHz, 25.67 W, 0x0000000000000001
2026/08/27 14:19:53.599, 0 %, 82 MiB, 36, P5, 720 MHz, 810 MHz, 42.09 W, 0x0000000000000001
2026/08/27 14:19:58.623, 0 %, 82 MiB, 35, P8, 210 MHz, 405 MHz, 25.73 W, 0x0000000000000001
2026/08/27 14:20:03.645, 0 %, 82 MiB, 35, P8, 210 MHz, 405 MHz, 25.65 W, 0x0000000000000001
2026/08/27 14:20:08.670, 0 %, 82 MiB, 35, P8, 210 MHz, 405 MHz, 25.87 W, 0x0000000000000001
2026/08/27 14:20:13.695, 0 %, 82 MiB, 35, P8, 210 MHz, 405 MHz, 25.55 W, 0x0000000000000001
2026/08/27 14:20:18.718, 0 %, 82 MiB, 35, P8, 210 MHz, 405 MHz, 25.82 W, 0x0000000000000001
2026/08/27 14:20:23.740, 0 %, 82 MiB, 35, P8, 210 MHz, 405 MHz, 25.93 W, 0x0000000000000001
2026/08/27 14:20:28.765, 0 %, 82 MiB, 35, P8, 210 MHz, 405 MHz, 25.63 W, 0x0000000000000001
2026/08/27 14:20:33.788, 0 %, 82 MiB, 35, P8, 210 MHz, 405 MHz, 25.64 W, 0x0000000000000001
2026/08/27 14:20:38.813, 0 %, 82 MiB, 35, P8, 210 MHz, 405 MHz, 25.74 W, 0x0000000000000001
2026/08/27 14:20:43.836, 0 %, 82 MiB, 35, P8, 210 MHz, 405 MHz, 25.69 W, 0x0000000000000001
2026/08/27 14:20:48.861, 0 %, 82 MiB, 35, P8, 210 MHz, 405 MHz, 25.78 W, 0x0000000000000001
2026/08/27 14:20:53.884, 0 %, 82 MiB, 35, P8, 210 MHz, 405 MHz, 25.87 W, 0x0000000000000001
2026/08/27 14:20:58.907, 0 %, 82 MiB, 35, P8, 210 MHz, 405 MHz, 25.63 W, 0x0000000000000001
2026/08/27 14:21:03.929, 0 %, 82 MiB, 35, P8, 210 MHz, 405 MHz, 25.85 W, 0x0000000000000001
2026/08/27 14:21:08.951, 0 %, 82 MiB, 35, P8, 210 MHz, 405 MHz, 25.82 W, 0x0000000000000001
2026/08/27 14:21:13.976, 0 %, 82 MiB, 35, P8, 210 MHz, 405 MHz, 25.71 W, 0x0000000000000001
2026/08/27 14:21:19.001, 0 %, 82 MiB, 35, P8, 210 MHz, 405 MHz, 25.65 W, 0x0000000000000001
2026/08/27 14:21:24.027, 0 %, 82 MiB, 35, P8, 210 MHz, 405 MHz, 25.64 W, 0x0000000000000001
2026/08/27 14:21:29.049, 0 %, 82 MiB, 35, P8, 210 MHz, 405 MHz, 25.75 W, 0x0000000000000001
2026/08/27 14:21:34.071, 0 %, 82 MiB, 35, P8, 210 MHz, 405 MHz, 25.95 W, 0x0000000000000001
2026/08/27 14:21:39.093, 0 %, 82 MiB, 35, P8, 210 MHz, 405 MHz, 25.43 W, 0x0000000000000001
2026/08/27 14:21:44.115, 0 %, 82 MiB, 35, P8, 210 MHz, 405 MHz, 25.71 W, 0x0000000000000001
2026/08/27 14:21:49.137, 0 %, 82 MiB, 35, P8, 210 MHz, 405 MHz, 25.55 W, 0x0000000000000001
2026/08/27 14:21:54.160, 0 %, 82 MiB, 35, P8, 210 MHz, 405 MHz, 25.79 W, 0x0000000000000001
2026/08/27 14:21:59.181, 0 %, 82 MiB, 35, P8, 210 MHz, 405 MHz, 25.52 W, 0x0000000000000001
2026/08/27 14:22:04.203, 0 %, 82 MiB, 35, P8, 210 MHz, 405 MHz, 25.54 W, 0x0000000000000001
2026/08/27 14:22:09.226, 0 %, 82 MiB, 35, P8, 210 MHz, 405 MHz, 25.62 W, 0x0000000000000001
2026/08/27 14:22:14.249, 0 %, 82 MiB, 35, P8, 210 MHz, 405 MHz, 25.83 W, 0x0000000000000001
2026/08/27 14:22:19.274, 0 %, 82 MiB, 35, P8, 210 MHz, 405 MHz, 25.60 W, 0x0000000000000001
2026/08/27 14:22:24.297, 0 %, 82 MiB, 35, P8, 210 MHz, 405 MHz, 25.52 W, 0x0000000000000001
2026/08/27 14:22:29.322, 0 %, 82 MiB, 35, P8, 210 MHz, 405 MHz, 25.83 W, 0x0000000000000001
2026/08/27 14:22:34.348, 0 %, 82 MiB, 35, P8, 210 MHz, 405 MHz, 25.68 W, 0x0000000000000001
2026/08/27 14:22:39.372, 0 %, 82 MiB, 35, P8, 210 MHz, 405 MHz, 25.62 W, 0x0000000000000001
2026/08/27 14:22:44.398, 0 %, 82 MiB, 35, P8, 210 MHz, 405 MHz, 25.55 W, 0x0000000000000001
2026/08/27 14:22:49.424, 0 %, 82 MiB, 35, P8, 210 MHz, 405 MHz, 25.54 W, 0x0000000000000001
2026/08/27 14:22:54.447, 0 %, 82 MiB, 35, P8, 210 MHz, 405 MHz, 25.54 W, 0x0000000000000001
2026/08/27 14:22:59.469, 0 %, 82 MiB, 35, P8, 210 MHz, 405 MHz, 25.59 W, 0x0000000000000001
2026/08/27 14:23:04.493, 0 %, 82 MiB, 35, P8, 210 MHz, 405 MHz, 25.86 W, 0x0000000000000001
2026/08/27 14:23:09.517, 0 %, 82 MiB, 35, P8, 210 MHz, 405 MHz, 25.82 W, 0x0000000000000001
2026/08/27 14:23:14.540, 0 %, 1406 MiB, 44, P2, 1965 MHz, 9501 MHz, 128.26 W, 0x0000000000000000
2026/08/27 14:23:19.560, 98 %, 1406 MiB, 48, P2, 1965 MHz, 9501 MHz, 190.23 W, 0x0000000000000000
2026/08/27 14:23:24.579, 97 %, 1408 MiB, 50, P2, 1965 MHz, 9501 MHz, 191.55 W, 0x0000000000000000
2026/08/27 14:23:29.607, 98 %, 1408 MiB, 52, P2, 1980 MHz, 9501 MHz, 191.79 W, 0x0000000000000000
2026/08/27 14:23:34.636, 98 %, 1408 MiB, 53, P2, 1980 MHz, 9501 MHz, 192.78 W, 0x0000000000000000
2026/08/27 14:23:39.666, 99 %, 1408 MiB, 54, P2, 1980 MHz, 9501 MHz, 195.07 W, 0x0000000000000000
2026/08/27 14:23:44.695, 99 %, 1408 MiB, 55, P2, 1980 MHz, 9501 MHz, 194.99 W, 0x0000000000000000
2026/08/27 14:23:49.713, 98 %, 1408 MiB, 56, P2, 1980 MHz, 9501 MHz, 196.42 W, 0x0000000000000000
2026/08/27 14:23:54.734, 89 %, 1408 MiB, 56, P2, 1965 MHz, 9501 MHz, 196.68 W, 0x0000000000000000
2026/08/27 14:23:59.754, 98 %, 1408 MiB, 57, P2, 1965 MHz, 9501 MHz, 195.71 W, 0x0000000000000000
2026/08/27 14:24:04.774, 98 %, 1408 MiB, 57, P2, 1965 MHz, 9501 MHz, 196.01 W, 0x0000000000000000
2026/08/27 14:24:09.792, 99 %, 1408 MiB, 58, P2, 1965 MHz, 9501 MHz, 196.28 W, 0x0000000000000000
2026/08/27 14:24:14.810, 99 %, 1408 MiB, 58, P2, 1965 MHz, 9501 MHz, 196.79 W, 0x0000000000000000
2026/08/27 14:24:19.831, 99 %, 1408 MiB, 59, P2, 1965 MHz, 9501 MHz, 197.24 W, 0x0000000000000000
2026/08/27 14:24:24.850, 99 %, 1408 MiB, 59, P2, 1965 MHz, 9501 MHz, 196.93 W, 0x0000000000000000
2026/08/27 14:24:29.870, 93 %, 1408 MiB, 59, P2, 1965 MHz, 9501 MHz, 197.94 W, 0x0000000000000000
2026/08/27 14:24:34.890, 99 %, 1408 MiB, 60, P2, 1965 MHz, 9501 MHz, 198.57 W, 0x0000000000000000
2026/08/27 14:24:39.910, 98 %, 1408 MiB, 60, P2, 1965 MHz, 9501 MHz, 199.86 W, 0x0000000000000000
2026/08/27 14:24:44.931, 99 %, 1408 MiB, 60, P2, 1965 MHz, 9501 MHz, 199.67 W, 0x0000000000000000
2026/08/27 14:24:49.951, 93 %, 1408 MiB, 61, P2, 1965 MHz, 9501 MHz, 199.47 W, 0x0000000000000000
2026/08/27 14:24:54.972, 99 %, 1408 MiB, 61, P2, 1965 MHz, 9501 MHz, 199.73 W, 0x0000000000000000
2026/08/27 14:24:59.990, 99 %, 1408 MiB, 61, P2, 1965 MHz, 9501 MHz, 199.60 W, 0x0000000000000000
2026/08/27 14:25:05.008, 99 %, 1408 MiB, 61, P2, 1965 MHz, 9501 MHz, 199.89 W, 0x0000000000000000
2026/08/27 14:25:10.028, 99 %, 1408 MiB, 61, P2, 1950 MHz, 9501 MHz, 198.62 W, 0x0000000000000000
2026/08/27 14:25:15.049, 99 %, 1408 MiB, 61, P2, 1950 MHz, 9501 MHz, 198.58 W, 0x0000000000000000
2026/08/27 14:25:20.070, 99 %, 1408 MiB, 62, P2, 1950 MHz, 9501 MHz, 197.96 W, 0x0000000000000000
2026/08/27 14:25:25.090, 99 %, 1408 MiB, 62, P2, 1950 MHz, 9501 MHz, 199.56 W, 0x0000000000000000
2026/08/27 14:25:30.110, 99 %, 1408 MiB, 62, P2, 1950 MHz, 9501 MHz, 200.41 W, 0x0000000000000000
2026/08/27 14:25:35.131, 97 %, 1408 MiB, 62, P2, 1950 MHz, 9501 MHz, 201.62 W, 0x0000000000000000
2026/08/27 14:25:40.151, 99 %, 1408 MiB, 62, P2, 1950 MHz, 9501 MHz, 202.08 W, 0x0000000000000000
2026/08/27 14:25:45.170, 89 %, 1408 MiB, 62, P2, 1950 MHz, 9501 MHz, 201.06 W, 0x0000000000000000
2026/08/27 14:25:50.190, 91 %, 1408 MiB, 62, P2, 1950 MHz, 9501 MHz, 202.17 W, 0x0000000000000000
2026/08/27 14:25:55.211, 98 %, 1408 MiB, 62, P2, 1950 MHz, 9501 MHz, 201.27 W, 0x0000000000000000
2026/08/27 14:26:00.231, 98 %, 1408 MiB, 62, P2, 1950 MHz, 9501 MHz, 200.96 W, 0x0000000000000000
2026/08/27 14:26:05.249, 99 %, 1408 MiB, 63, P2, 1950 MHz, 9501 MHz, 201.06 W, 0x0000000000000000
2026/08/27 14:26:10.269, 99 %, 1408 MiB, 62, P2, 1950 MHz, 9501 MHz, 200.55 W, 0x0000000000000000
2026/08/27 14:26:15.287, 98 %, 1408 MiB, 63, P2, 1950 MHz, 9501 MHz, 201.12 W, 0x0000000000000000
2026/08/27 14:26:20.305, 76 %, 1408 MiB, 63, P2, 1950 MHz, 9501 MHz, 210.86 W, 0x0000000000000000
2026/08/27 14:26:25.323, 56 %, 532 MiB, 63, P2, 1950 MHz, 9501 MHz, 208.46 W, 0x0000000000000000
2026/08/27 14:26:30.344, 0 %, 532 MiB, 59, P2, 1695 MHz, 9501 MHz, 137.32 W, 0x0000000000000000
2026/08/27 14:26:35.366, 0 %, 82 MiB, 54, P8, 255 MHz, 405 MHz, 76.82 W, 0x0000000000000001
2026/08/27 14:26:40.392, 0 %, 82 MiB, 51, P8, 210 MHz, 405 MHz, 30.00 W, 0x0000000000000001
2026/08/27 14:26:45.415, 0 %, 82 MiB, 49, P8, 210 MHz, 405 MHz, 29.64 W, 0x0000000000000001
2026/08/27 14:26:50.438, 0 %, 82 MiB, 48, P8, 210 MHz, 405 MHz, 28.79 W, 0x0000000000000001
2026/08/27 14:26:55.462, 0 %, 82 MiB, 46, P8, 210 MHz, 405 MHz, 28.32 W, 0x0000000000000001
2026/08/27 14:27:00.486, 0 %, 82 MiB, 45, P8, 210 MHz, 405 MHz, 28.00 W, 0x0000000000000001
2026/08/27 14:27:05.508, 0 %, 82 MiB, 44, P8, 210 MHz, 405 MHz, 27.82 W, 0x0000000000000001
2026/08/27 14:27:10.533, 0 %, 82 MiB, 44, P8, 210 MHz, 405 MHz, 27.25 W, 0x0000000000000001
2026/08/27 14:27:15.560, 0 %, 82 MiB, 43, P8, 210 MHz, 405 MHz, 27.00 W, 0x0000000000000001
2026/08/27 14:27:20.585, 0 %, 82 MiB, 42, P8, 210 MHz, 405 MHz, 26.70 W, 0x0000000000000001
2026/08/27 14:27:25.606, 0 %, 376 MiB, 49, P2, 1695 MHz, 9501 MHz, 135.01 W, 0x0000000000000000
2026/08/27 14:27:30.625, 99 %, 1406 MiB, 54, P2, 1950 MHz, 9501 MHz, 195.06 W, 0x0000000000000000
2026/08/27 14:27:35.645, 99 %, 1406 MiB, 55, P2, 1965 MHz, 9501 MHz, 195.55 W, 0x0000000000000000
2026/08/27 14:27:40.665, 99 %, 1406 MiB, 56, P2, 1965 MHz, 9501 MHz, 195.77 W, 0x0000000000000000
2026/08/27 14:27:45.685, 99 %, 1406 MiB, 57, P2, 1965 MHz, 9501 MHz, 197.02 W, 0x0000000000000000
2026/08/27 14:27:50.706, 99 %, 1406 MiB, 58, P2, 1965 MHz, 9501 MHz, 197.59 W, 0x0000000000000000
2026/08/27 14:27:55.726, 99 %, 1406 MiB, 59, P2, 1965 MHz, 9501 MHz, 198.79 W, 0x0000000000000000
2026/08/27 14:28:00.747, 56 %, 532 MiB, 59, P2, 1965 MHz, 9501 MHz, 192.15 W, 0x0000000000000000
2026/08/27 14:28:05.768, 99 %, 1562 MiB, 59, P2, 1965 MHz, 9501 MHz, 199.07 W, 0x0000000000000000
2026/08/27 14:28:10.789, 99 %, 1562 MiB, 60, P2, 1950 MHz, 9501 MHz, 200.28 W, 0x0000000000000000
2026/08/27 14:28:15.807, 99 %, 1562 MiB, 60, P2, 1950 MHz, 9501 MHz, 202.35 W, 0x0000000000000000
2026/08/27 14:28:20.827, 99 %, 1562 MiB, 61, P2, 1950 MHz, 9501 MHz, 201.26 W, 0x0000000000000000
2026/08/27 14:28:25.848, 99 %, 1564 MiB, 61, P2, 1950 MHz, 9501 MHz, 203.55 W, 0x0000000000000000
2026/08/27 14:28:30.868, 98 %, 1564 MiB, 61, P2, 1950 MHz, 9501 MHz, 202.76 W, 0x0000000000000000
2026/08/27 14:28:35.888, 44 %, 1564 MiB, 61, P2, 1950 MHz, 9501 MHz, 201.17 W, 0x0000000000000000
2026/08/27 14:28:40.909, 59 %, 532 MiB, 62, P2, 1950 MHz, 9501 MHz, 211.04 W, 0x0000000000000000
2026/08/27 14:28:45.930, 99 %, 1564 MiB, 62, P2, 1950 MHz, 9501 MHz, 204.68 W, 0x0000000000000000
2026/08/27 14:28:50.951, 95 %, 1564 MiB, 62, P2, 1950 MHz, 9501 MHz, 203.64 W, 0x0000000000000000
2026/08/27 14:28:55.972, 99 %, 1564 MiB, 62, P2, 1950 MHz, 9501 MHz, 205.65 W, 0x0000000000000000
2026/08/27 14:29:00.992, 99 %, 1564 MiB, 62, P2, 1950 MHz, 9501 MHz, 204.19 W, 0x0000000000000000
2026/08/27 14:29:06.012, 99 %, 1564 MiB, 62, P2, 1950 MHz, 9501 MHz, 204.83 W, 0x0000000000000000
2026/08/27 14:29:11.032, 99 %, 1564 MiB, 63, P2, 1950 MHz, 9501 MHz, 204.68 W, 0x0000000000000000
2026/08/27 14:29:16.053, 56 %, 532 MiB, 63, P2, 1950 MHz, 9501 MHz, 205.20 W, 0x0000000000000000
2026/08/27 14:29:21.070, 55 %, 532 MiB, 63, P2, 1950 MHz, 9501 MHz, 210.39 W, 0x0000000000000000
2026/08/27 14:29:26.089, 99 %, 1564 MiB, 63, P2, 1950 MHz, 9501 MHz, 190.02 W, 0x0000000000000000
2026/08/27 14:29:31.109, 99 %, 1564 MiB, 63, P2, 1950 MHz, 9501 MHz, 205.88 W, 0x0000000000000000
2026/08/27 14:29:36.129, 99 %, 1564 MiB, 63, P2, 1950 MHz, 9501 MHz, 205.51 W, 0x0000000000000000
2026/08/27 14:29:41.149, 98 %, 1564 MiB, 63, P2, 1950 MHz, 9501 MHz, 205.90 W, 0x0000000000000000
2026/08/27 14:29:46.169, 99 %, 1564 MiB, 63, P2, 1950 MHz, 9501 MHz, 206.27 W, 0x0000000000000000
2026/08/27 14:29:51.189, 98 %, 1566 MiB, 63, P2, 1950 MHz, 9501 MHz, 206.45 W, 0x0000000000000000
2026/08/27 14:29:56.207, 99 %, 1566 MiB, 63, P2, 1950 MHz, 9501 MHz, 206.01 W, 0x0000000000000000
2026/08/27 14:30:01.226, 99 %, 1566 MiB, 63, P2, 1950 MHz, 9501 MHz, 204.93 W, 0x0000000000000000
2026/08/27 14:30:06.243, 56 %, 532 MiB, 63, P2, 1950 MHz, 9501 MHz, 209.95 W, 0x0000000000000000
2026/08/27 14:30:11.263, 56 %, 532 MiB, 63, P2, 1950 MHz, 9501 MHz, 209.60 W, 0x0000000000000000
2026/08/27 14:30:16.280, 56 %, 532 MiB, 63, P2, 1950 MHz, 9501 MHz, 209.81 W, 0x0000000000000000
2026/08/27 14:30:21.299, 99 %, 1564 MiB, 63, P2, 1950 MHz, 9501 MHz, 205.92 W, 0x0000000000000000
2026/08/27 14:30:26.319, 99 %, 1564 MiB, 63, P2, 1950 MHz, 9501 MHz, 205.24 W, 0x0000000000000000
2026/08/27 14:30:31.339, 98 %, 1564 MiB, 63, P2, 1950 MHz, 9501 MHz, 205.63 W, 0x0000000000000000
2026/08/27 14:30:36.360, 99 %, 1564 MiB, 63, P2, 1950 MHz, 9501 MHz, 205.05 W, 0x0000000000000000
2026/08/27 14:30:41.381, 98 %, 1566 MiB, 63, P2, 1950 MHz, 9501 MHz, 206.38 W, 0x0000000000000000
2026/08/27 14:30:46.401, 99 %, 1568 MiB, 63, P2, 1950 MHz, 9501 MHz, 206.42 W, 0x0000000000000000
2026/08/27 14:30:51.420, 0 %, 532 MiB, 63, P2, 1950 MHz, 9501 MHz, 183.52 W, 0x0000000000000000
2026/08/27 14:30:56.439, 59 %, 532 MiB, 64, P2, 1950 MHz, 9501 MHz, 212.39 W, 0x0000000000000000
2026/08/27 14:31:01.459, 59 %, 532 MiB, 63, P2, 1950 MHz, 9501 MHz, 212.24 W, 0x0000000000000000
2026/08/27 14:31:06.479, 99 %, 1562 MiB, 63, P2, 1950 MHz, 9501 MHz, 201.85 W, 0x0000000000000000
2026/08/27 14:31:11.497, 99 %, 1562 MiB, 63, P2, 1950 MHz, 9501 MHz, 206.52 W, 0x0000000000000000
2026/08/27 14:31:16.516, 98 %, 1562 MiB, 63, P2, 1950 MHz, 9501 MHz, 206.82 W, 0x0000000000000000
2026/08/27 14:31:21.536, 99 %, 1562 MiB, 63, P2, 1950 MHz, 9501 MHz, 207.15 W, 0x0000000000000000
2026/08/27 14:31:26.556, 99 %, 1562 MiB, 63, P2, 1950 MHz, 9501 MHz, 205.92 W, 0x0000000000000000
2026/08/27 14:31:31.577, 93 %, 1562 MiB, 63, P2, 1950 MHz, 9501 MHz, 207.55 W, 0x0000000000000000
2026/08/27 14:31:36.597, 99 %, 1562 MiB, 63, P2, 1950 MHz, 9501 MHz, 207.26 W, 0x0000000000000000
2026/08/27 14:31:41.617, 56 %, 532 MiB, 63, P2, 1950 MHz, 9501 MHz, 196.02 W, 0x0000000000000000
2026/08/27 14:31:46.636, 59 %, 532 MiB, 64, P2, 1950 MHz, 9501 MHz, 212.81 W, 0x0000000000000000
2026/08/27 14:31:51.656, 59 %, 532 MiB, 64, P2, 1950 MHz, 9501 MHz, 213.36 W, 0x0000000000000000
2026/08/27 14:31:56.676, 98 %, 1562 MiB, 63, P2, 1950 MHz, 9501 MHz, 207.50 W, 0x0000000000000000
2026/08/27 14:32:01.696, 98 %, 1564 MiB, 63, P2, 1950 MHz, 9501 MHz, 206.56 W, 0x0000000000000000
2026/08/27 14:32:06.716, 99 %, 1564 MiB, 64, P2, 1950 MHz, 9501 MHz, 208.29 W, 0x0000000000000000
2026/08/27 14:32:11.737, 99 %, 1564 MiB, 63, P2, 1950 MHz, 9501 MHz, 207.07 W, 0x0000000000000000
2026/08/27 14:32:16.757, 99 %, 1564 MiB, 64, P2, 1950 MHz, 9501 MHz, 206.88 W, 0x0000000000000000
2026/08/27 14:32:21.776, 98 %, 1564 MiB, 63, P2, 1950 MHz, 9501 MHz, 206.87 W, 0x0000000000000000
2026/08/27 14:32:26.798, 0 %, 1564 MiB, 63, P2, 1950 MHz, 9501 MHz, 193.22 W, 0x0000000000000000
2026/08/27 14:32:31.842, 59 %, 532 MiB, 64, P2, 1950 MHz, 9501 MHz, 213.13 W, 0x0000000000000000
2026/08/27 14:32:36.863, 58 %, 532 MiB, 64, P2, 1950 MHz, 9501 MHz, 212.95 W, 0x0000000000000000
2026/08/27 14:32:41.881, 99 %, 1566 MiB, 63, P2, 1950 MHz, 9501 MHz, 183.75 W, 0x0000000000000000
2026/08/27 14:32:46.899, 99 %, 1566 MiB, 63, P2, 1950 MHz, 9501 MHz, 206.71 W, 0x0000000000000000
2026/08/27 14:32:51.919, 99 %, 1566 MiB, 63, P2, 1950 MHz, 9501 MHz, 205.86 W, 0x0000000000000000
2026/08/27 14:32:56.940, 99 %, 1566 MiB, 63, P2, 1950 MHz, 9501 MHz, 207.43 W, 0x0000000000000000
2026/08/27 14:33:01.961, 99 %, 1566 MiB, 63, P2, 1950 MHz, 9501 MHz, 206.65 W, 0x0000000000000000
2026/08/27 14:33:06.982, 99 %, 1566 MiB, 63, P2, 1950 MHz, 9501 MHz, 206.57 W, 0x0000000000000000
2026/08/27 14:33:12.001, 85 %, 1566 MiB, 64, P2, 1950 MHz, 9501 MHz, 210.54 W, 0x0000000000000000
2026/08/27 14:33:17.019, 55 %, 532 MiB, 63, P2, 1950 MHz, 9501 MHz, 210.22 W, 0x0000000000000000
2026/08/27 14:33:22.040, 56 %, 532 MiB, 63, P2, 1950 MHz, 9501 MHz, 210.14 W, 0x0000000000000000
2026/08/27 14:33:27.060, 55 %, 532 MiB, 63, P2, 1950 MHz, 9501 MHz, 210.30 W, 0x0000000000000000
2026/08/27 14:33:32.080, 99 %, 1562 MiB, 63, P2, 1950 MHz, 9501 MHz, 207.37 W, 0x0000000000000000
2026/08/27 14:33:37.099, 93 %, 1562 MiB, 63, P2, 1950 MHz, 9501 MHz, 206.82 W, 0x0000000000000000
2026/08/27 14:33:42.119, 99 %, 1562 MiB, 63, P2, 1950 MHz, 9501 MHz, 206.93 W, 0x0000000000000000
2026/08/27 14:33:47.139, 99 %, 1564 MiB, 63, P2, 1950 MHz, 9501 MHz, 206.97 W, 0x0000000000000000
2026/08/27 14:33:52.159, 99 %, 1564 MiB, 63, P2, 1950 MHz, 9501 MHz, 206.37 W, 0x0000000000000000
2026/08/27 14:33:57.180, 99 %, 1564 MiB, 63, P2, 1950 MHz, 9501 MHz, 206.28 W, 0x0000000000000000
2026/08/27 14:34:02.200, 43 %, 1564 MiB, 63, P2, 1950 MHz, 9501 MHz, 203.37 W, 0x0000000000000000
2026/08/27 14:34:07.219, 56 %, 532 MiB, 63, P2, 1950 MHz, 9501 MHz, 209.89 W, 0x0000000000000000
2026/08/27 14:34:12.240, 56 %, 532 MiB, 63, P2, 1950 MHz, 9501 MHz, 209.63 W, 0x0000000000000000
2026/08/27 14:34:17.261, 0 %, 1562 MiB, 61, P2, 1950 MHz, 9501 MHz, 159.02 W, 0x0000000000000000
2026/08/27 14:34:22.283, 98 %, 1562 MiB, 63, P2, 1950 MHz, 9501 MHz, 207.46 W, 0x0000000000000000
2026/08/27 14:34:27.303, 98 %, 1564 MiB, 63, P2, 1950 MHz, 9501 MHz, 205.90 W, 0x0000000000000000
2026/08/27 14:34:32.323, 99 %, 1566 MiB, 63, P2, 1950 MHz, 9501 MHz, 207.22 W, 0x0000000000000000
2026/08/27 14:34:37.343, 99 %, 1566 MiB, 63, P2, 1950 MHz, 9501 MHz, 207.28 W, 0x0000000000000000
2026/08/27 14:34:42.364, 99 %, 1566 MiB, 63, P2, 1950 MHz, 9501 MHz, 206.09 W, 0x0000000000000000
2026/08/27 14:34:47.382, 93 %, 1566 MiB, 63, P2, 1950 MHz, 9501 MHz, 207.19 W, 0x0000000000000000
2026/08/27 14:34:52.403, 99 %, 1566 MiB, 63, P2, 1950 MHz, 9501 MHz, 205.32 W, 0x0000000000000000
2026/08/27 14:34:57.424, 56 %, 532 MiB, 63, P2, 1950 MHz, 9501 MHz, 209.46 W, 0x0000000000000000
2026/08/27 14:35:02.444, 59 %, 532 MiB, 63, P2, 1950 MHz, 9501 MHz, 212.58 W, 0x0000000000000000
2026/08/27 14:35:07.464, 59 %, 532 MiB, 63, P2, 1950 MHz, 9501 MHz, 212.64 W, 0x0000000000000000
2026/08/27 14:35:12.484, 99 %, 1566 MiB, 63, P2, 1950 MHz, 9501 MHz, 207.23 W, 0x0000000000000000
2026/08/27 14:35:17.505, 99 %, 1566 MiB, 63, P2, 1950 MHz, 9501 MHz, 206.07 W, 0x0000000000000000
2026/08/27 14:35:22.527, 98 %, 1566 MiB, 63, P2, 1950 MHz, 9501 MHz, 206.66 W, 0x0000000000000000
2026/08/27 14:35:27.549, 99 %, 1566 MiB, 63, P2, 1950 MHz, 9501 MHz, 205.86 W, 0x0000000000000000
2026/08/27 14:35:32.568, 99 %, 1566 MiB, 63, P2, 1950 MHz, 9501 MHz, 205.19 W, 0x0000000000000000
2026/08/27 14:35:37.588, 99 %, 1566 MiB, 63, P2, 1950 MHz, 9501 MHz, 207.30 W, 0x0000000000000000
2026/08/27 14:35:42.609, 99 %, 1566 MiB, 63, P2, 1950 MHz, 9501 MHz, 208.59 W, 0x0000000000000000
2026/08/27 14:35:47.627, 56 %, 532 MiB, 63, P2, 1950 MHz, 9501 MHz, 209.81 W, 0x0000000000000000
2026/08/27 14:35:52.648, 55 %, 532 MiB, 63, P2, 1950 MHz, 9501 MHz, 209.68 W, 0x0000000000000000
2026/08/27 14:35:57.668, 59 %, 532 MiB, 61, P2, 1950 MHz, 9501 MHz, 189.66 W, 0x0000000000000000
2026/08/27 14:36:02.689, 99 %, 1562 MiB, 63, P2, 1950 MHz, 9501 MHz, 206.71 W, 0x0000000000000000
2026/08/27 14:36:07.710, 98 %, 1562 MiB, 63, P2, 1950 MHz, 9501 MHz, 205.55 W, 0x0000000000000000
2026/08/27 14:36:12.730, 99 %, 1562 MiB, 63, P2, 1950 MHz, 9501 MHz, 206.59 W, 0x0000000000000000
2026/08/27 14:36:17.749, 99 %, 1562 MiB, 63, P2, 1950 MHz, 9501 MHz, 205.90 W, 0x0000000000000000
2026/08/27 14:36:22.768, 98 %, 1562 MiB, 63, P2, 1950 MHz, 9501 MHz, 205.74 W, 0x0000000000000000
2026/08/27 14:36:27.785, 42 %, 1562 MiB, 63, P2, 1950 MHz, 9501 MHz, 203.13 W, 0x0000000000000000
2026/08/27 14:36:32.805, 58 %, 532 MiB, 63, P2, 1950 MHz, 9501 MHz, 212.65 W, 0x0000000000000000
2026/08/27 14:36:37.825, 59 %, 532 MiB, 63, P2, 1950 MHz, 9501 MHz, 212.87 W, 0x0000000000000000
2026/08/27 14:36:42.845, 0 %, 1562 MiB, 61, P2, 1950 MHz, 9501 MHz, 161.95 W, 0x0000000000000000
2026/08/27 14:36:47.864, 99 %, 1564 MiB, 63, P2, 1950 MHz, 9501 MHz, 206.66 W, 0x0000000000000000
2026/08/27 14:36:52.883, 98 %, 1564 MiB, 63, P2, 1950 MHz, 9501 MHz, 206.94 W, 0x0000000000000000
2026/08/27 14:36:57.903, 99 %, 1564 MiB, 63, P2, 1950 MHz, 9501 MHz, 205.04 W, 0x0000000000000000
2026/08/27 14:37:02.924, 99 %, 1566 MiB, 63, P2, 1950 MHz, 9501 MHz, 206.55 W, 0x0000000000000000
2026/08/27 14:37:07.944, 99 %, 1566 MiB, 63, P2, 1950 MHz, 9501 MHz, 206.00 W, 0x0000000000000000
2026/08/27 14:37:12.965, 98 %, 1566 MiB, 63, P2, 1950 MHz, 9501 MHz, 206.18 W, 0x0000000000000000
2026/08/27 14:37:17.984, 56 %, 532 MiB, 63, P2, 1950 MHz, 9501 MHz, 209.28 W, 0x0000000000000000
2026/08/27 14:37:23.004, 56 %, 532 MiB, 63, P2, 1950 MHz, 9501 MHz, 210.13 W, 0x0000000000000000
2026/08/27 14:37:28.025, 59 %, 532 MiB, 63, P2, 1950 MHz, 9501 MHz, 212.26 W, 0x0000000000000000
2026/08/27 14:37:33.046, 98 %, 1562 MiB, 63, P2, 1950 MHz, 9501 MHz, 206.67 W, 0x0000000000000000
2026/08/27 14:37:38.064, 93 %, 1562 MiB, 63, P2, 1950 MHz, 9501 MHz, 206.34 W, 0x0000000000000000
2026/08/27 14:37:43.084, 98 %, 1562 MiB, 63, P2, 1950 MHz, 9501 MHz, 206.12 W, 0x0000000000000000
2026/08/27 14:37:48.105, 98 %, 1562 MiB, 63, P2, 1950 MHz, 9501 MHz, 205.59 W, 0x0000000000000000
2026/08/27 14:37:53.126, 99 %, 1562 MiB, 63, P2, 1950 MHz, 9501 MHz, 206.67 W, 0x0000000000000000
2026/08/27 14:37:58.143, 98 %, 1562 MiB, 63, P2, 1950 MHz, 9501 MHz, 206.50 W, 0x0000000000000000
2026/08/27 14:38:03.161, 42 %, 1562 MiB, 63, P2, 1950 MHz, 9501 MHz, 206.04 W, 0x0000000000000000
2026/08/27 14:38:08.182, 59 %, 532 MiB, 63, P2, 1950 MHz, 9501 MHz, 212.03 W, 0x0000000000000000
2026/08/27 14:38:13.203, 56 %, 532 MiB, 63, P2, 1950 MHz, 9501 MHz, 211.34 W, 0x0000000000000000
2026/08/27 14:38:18.223, 97 %, 1566 MiB, 62, P2, 1950 MHz, 9501 MHz, 170.93 W, 0x0000000000000000
2026/08/27 14:38:23.243, 99 %, 1566 MiB, 63, P2, 1950 MHz, 9501 MHz, 206.48 W, 0x0000000000000000
2026/08/27 14:38:28.264, 99 %, 1568 MiB, 63, P2, 1950 MHz, 9501 MHz, 206.25 W, 0x0000000000000000
2026/08/27 14:38:33.284, 99 %, 1568 MiB, 63, P2, 1950 MHz, 9501 MHz, 206.63 W, 0x0000000000000000
2026/08/27 14:38:38.305, 97 %, 1568 MiB, 63, P2, 1950 MHz, 9501 MHz, 205.49 W, 0x0000000000000000
2026/08/27 14:38:43.323, 99 %, 1568 MiB, 63, P2, 1950 MHz, 9501 MHz, 206.75 W, 0x0000000000000000
2026/08/27 14:38:48.343, 99 %, 1568 MiB, 63, P2, 1950 MHz, 9501 MHz, 206.79 W, 0x0000000000000000
2026/08/27 14:38:53.363, 59 %, 532 MiB, 63, P2, 1950 MHz, 9501 MHz, 185.45 W, 0x0000000000000000
2026/08/27 14:38:58.384, 59 %, 532 MiB, 63, P2, 1950 MHz, 9501 MHz, 210.71 W, 0x0000000000000000
2026/08/27 14:39:03.405, 58 %, 532 MiB, 63, P2, 1950 MHz, 9501 MHz, 212.35 W, 0x0000000000000000
2026/08/27 14:39:08.425, 99 %, 1564 MiB, 63, P2, 1950 MHz, 9501 MHz, 200.44 W, 0x0000000000000000
2026/08/27 14:39:13.446, 99 %, 1564 MiB, 63, P2, 1950 MHz, 9501 MHz, 205.93 W, 0x0000000000000000
2026/08/27 14:39:18.465, 99 %, 1564 MiB, 63, P2, 1950 MHz, 9501 MHz, 205.59 W, 0x0000000000000000
2026/08/27 14:39:23.485, 99 %, 1564 MiB, 63, P2, 1950 MHz, 9501 MHz, 206.14 W, 0x0000000000000000
2026/08/27 14:39:28.503, 98 %, 1564 MiB, 63, P2, 1950 MHz, 9501 MHz, 206.76 W, 0x0000000000000000
2026/08/27 14:39:33.545, 41 %, 1219 MiB, 63, P2, 1950 MHz, 9501 MHz, 196.21 W, 0x0000000000000000
2026/08/27 14:39:38.587, 56 %, 532 MiB, 63, P2, 1950 MHz, 9501 MHz, 209.13 W, 0x0000000000000000
2026/08/27 14:39:43.608, 56 %, 532 MiB, 63, P2, 1950 MHz, 9501 MHz, 209.74 W, 0x0000000000000000
2026/08/27 14:39:48.630, 32 %, 1562 MiB, 61, P2, 1950 MHz, 9501 MHz, 163.07 W, 0x0000000000000000
2026/08/27 14:39:53.651, 99 %, 1562 MiB, 63, P2, 1950 MHz, 9501 MHz, 206.26 W, 0x0000000000000000
2026/08/27 14:39:58.669, 99 %, 1562 MiB, 63, P2, 1950 MHz, 9501 MHz, 206.11 W, 0x0000000000000000
2026/08/27 14:40:03.689, 99 %, 1562 MiB, 63, P2, 1950 MHz, 9501 MHz, 207.19 W, 0x0000000000000000
2026/08/27 14:40:08.710, 99 %, 1562 MiB, 63, P2, 1950 MHz, 9501 MHz, 206.73 W, 0x0000000000000000
2026/08/27 14:40:13.731, 99 %, 1562 MiB, 63, P2, 1950 MHz, 9501 MHz, 207.05 W, 0x0000000000000000
2026/08/27 14:40:18.752, 81 %, 1562 MiB, 63, P2, 1950 MHz, 9501 MHz, 211.87 W, 0x0000000000000000
2026/08/27 14:40:23.772, 58 %, 532 MiB, 63, P2, 1950 MHz, 9501 MHz, 212.01 W, 0x0000000000000000
2026/08/27 14:40:28.792, 56 %, 532 MiB, 63, P2, 1950 MHz, 9501 MHz, 209.71 W, 0x0000000000000000
2026/08/27 14:40:33.813, 56 %, 532 MiB, 63, P2, 1950 MHz, 9501 MHz, 209.80 W, 0x0000000000000000
2026/08/27 14:40:38.831, 99 %, 1562 MiB, 63, P2, 1950 MHz, 9501 MHz, 207.19 W, 0x0000000000000000
2026/08/27 14:40:43.849, 98 %, 1562 MiB, 63, P2, 1950 MHz, 9501 MHz, 205.79 W, 0x0000000000000000
2026/08/27 14:40:48.869, 92 %, 1564 MiB, 63, P2, 1950 MHz, 9501 MHz, 208.08 W, 0x0000000000000000
2026/08/27 14:40:53.889, 98 %, 1564 MiB, 63, P2, 1950 MHz, 9501 MHz, 206.77 W, 0x0000000000000000
2026/08/27 14:40:58.910, 99 %, 1564 MiB, 63, P2, 1950 MHz, 9501 MHz, 205.39 W, 0x0000000000000000
2026/08/27 14:41:03.928, 82 %, 1566 MiB, 63, P2, 1950 MHz, 9501 MHz, 212.71 W, 0x0000000000000000
2026/08/27 14:41:08.949, 55 %, 532 MiB, 63, P2, 1950 MHz, 9501 MHz, 209.45 W, 0x0000000000000000
2026/08/27 14:41:13.969, 58 %, 532 MiB, 63, P2, 1950 MHz, 9501 MHz, 211.21 W, 0x0000000000000000
2026/08/27 14:41:18.989, 0 %, 532 MiB, 61, P2, 1950 MHz, 9501 MHz, 175.60 W, 0x0000000000000000
2026/08/27 14:41:24.009, 99 %, 1562 MiB, 63, P2, 1950 MHz, 9501 MHz, 206.89 W, 0x0000000000000000
2026/08/27 14:41:29.030, 98 %, 1562 MiB, 63, P2, 1950 MHz, 9501 MHz, 206.22 W, 0x0000000000000000
2026/08/27 14:41:34.047, 99 %, 1562 MiB, 63, P2, 1950 MHz, 9501 MHz, 206.74 W, 0x0000000000000000
2026/08/27 14:41:39.067, 99 %, 1562 MiB, 63, P2, 1950 MHz, 9501 MHz, 205.99 W, 0x0000000000000000
2026/08/27 14:41:44.088, 98 %, 1562 MiB, 63, P2, 1950 MHz, 9501 MHz, 205.83 W, 0x0000000000000000
2026/08/27 14:41:49.108, 79 %, 1562 MiB, 63, P2, 1950 MHz, 9501 MHz, 212.58 W, 0x0000000000000000
2026/08/27 14:41:54.129, 56 %, 532 MiB, 63, P2, 1950 MHz, 9501 MHz, 209.60 W, 0x0000000000000000
2026/08/27 14:41:59.149, 58 %, 532 MiB, 63, P2, 1950 MHz, 9501 MHz, 212.54 W, 0x0000000000000000
2026/08/27 14:42:04.168, 56 %, 532 MiB, 61, P2, 1950 MHz, 9501 MHz, 193.89 W, 0x0000000000000000
2026/08/27 14:42:09.186, 94 %, 1564 MiB, 63, P2, 1950 MHz, 9501 MHz, 206.49 W, 0x0000000000000000
2026/08/27 14:42:14.207, 98 %, 1566 MiB, 63, P2, 1950 MHz, 9501 MHz, 206.31 W, 0x0000000000000000
2026/08/27 14:42:19.228, 98 %, 1566 MiB, 63, P2, 1950 MHz, 9501 MHz, 207.32 W, 0x0000000000000000
2026/08/27 14:42:24.249, 99 %, 1568 MiB, 63, P2, 1950 MHz, 9501 MHz, 206.97 W, 0x0000000000000000
2026/08/27 14:42:29.270, 99 %, 1568 MiB, 63, P2, 1950 MHz, 9501 MHz, 206.67 W, 0x0000000000000000
2026/08/27 14:42:34.291, 94 %, 1568 MiB, 63, P2, 1950 MHz, 9501 MHz, 206.50 W, 0x0000000000000000
2026/08/27 14:42:39.312, 56 %, 532 MiB, 63, P2, 1950 MHz, 9501 MHz, 210.55 W, 0x0000000000000000
2026/08/27 14:42:44.332, 58 %, 532 MiB, 63, P2, 1950 MHz, 9501 MHz, 212.49 W, 0x0000000000000000
2026/08/27 14:42:49.351, 56 %, 532 MiB, 63, P2, 1950 MHz, 9501 MHz, 209.49 W, 0x0000000000000000
2026/08/27 14:42:54.369, 97 %, 1562 MiB, 63, P2, 1950 MHz, 9501 MHz, 206.87 W, 0x0000000000000000
2026/08/27 14:42:59.390, 99 %, 1562 MiB, 63, P2, 1950 MHz, 9501 MHz, 206.21 W, 0x0000000000000000
2026/08/27 14:43:04.410, 98 %, 1562 MiB, 63, P2, 1950 MHz, 9501 MHz, 205.99 W, 0x0000000000000000
2026/08/27 14:43:09.430, 98 %, 1562 MiB, 63, P2, 1950 MHz, 9501 MHz, 206.44 W, 0x0000000000000000
2026/08/27 14:43:14.448, 91 %, 1562 MiB, 63, P2, 1950 MHz, 9501 MHz, 206.88 W, 0x0000000000000000
2026/08/27 14:43:19.468, 98 %, 1562 MiB, 63, P2, 1950 MHz, 9501 MHz, 205.84 W, 0x0000000000000000
2026/08/27 14:43:24.487, 59 %, 532 MiB, 63, P2, 1950 MHz, 9501 MHz, 212.22 W, 0x0000000000000000
2026/08/27 14:43:29.506, 56 %, 532 MiB, 63, P2, 1950 MHz, 9501 MHz, 209.43 W, 0x0000000000000000
2026/08/27 14:43:34.628, 0 %, 546 MiB, 61, P2, 1950 MHz, 9501 MHz, 164.83 W, 0x0000000000000000
2026/08/27 14:43:39.656, 99 %, 1566 MiB, 63, P2, 1950 MHz, 9501 MHz, 207.08 W, 0x0000000000000000
2026/08/27 14:43:44.675, 98 %, 1566 MiB, 63, P2, 1950 MHz, 9501 MHz, 206.21 W, 0x0000000000000000
2026/08/27 14:43:49.694, 99 %, 1566 MiB, 63, P2, 1950 MHz, 9501 MHz, 206.90 W, 0x0000000000000000
2026/08/27 14:43:54.714, 99 %, 1566 MiB, 63, P2, 1950 MHz, 9501 MHz, 206.59 W, 0x0000000000000000
2026/08/27 14:43:59.734, 98 %, 1566 MiB, 63, P2, 1950 MHz, 9501 MHz, 206.35 W, 0x0000000000000000
2026/08/27 14:44:04.755, 99 %, 1568 MiB, 63, P2, 1950 MHz, 9501 MHz, 206.68 W, 0x0000000000000000
2026/08/27 14:44:09.773, 41 %, 1568 MiB, 63, P2, 1950 MHz, 9501 MHz, 211.03 W, 0x0000000000000000
2026/08/27 14:44:14.792, 54 %, 532 MiB, 63, P2, 1950 MHz, 9501 MHz, 210.97 W, 0x0000000000000000
2026/08/27 14:44:19.813, 56 %, 532 MiB, 63, P2, 1950 MHz, 9501 MHz, 209.46 W, 0x0000000000000000
2026/08/27 14:44:24.834, 0 %, 1562 MiB, 61, P2, 1950 MHz, 9501 MHz, 159.59 W, 0x0000000000000000
2026/08/27 14:44:29.854, 99 %, 1562 MiB, 63, P2, 1950 MHz, 9501 MHz, 205.94 W, 0x0000000000000000
2026/08/27 14:44:34.874, 99 %, 1562 MiB, 63, P2, 1950 MHz, 9501 MHz, 205.42 W, 0x0000000000000000
2026/08/27 14:44:39.895, 99 %, 1562 MiB, 63, P2, 1950 MHz, 9501 MHz, 206.03 W, 0x0000000000000000
2026/08/27 14:44:44.913, 99 %, 1562 MiB, 63, P2, 1950 MHz, 9501 MHz, 206.60 W, 0x0000000000000000
2026/08/27 14:44:49.932, 98 %, 1562 MiB, 63, P2, 1950 MHz, 9501 MHz, 205.96 W, 0x0000000000000000
2026/08/27 14:44:54.951, 56 %, 532 MiB, 63, P2, 1950 MHz, 9501 MHz, 208.99 W, 0x0000000000000000
2026/08/27 14:44:59.971, 59 %, 532 MiB, 63, P2, 1950 MHz, 9501 MHz, 211.83 W, 0x0000000000000000
2026/08/27 14:45:04.990, 58 %, 532 MiB, 63, P2, 1950 MHz, 9501 MHz, 211.42 W, 0x0000000000000000
2026/08/27 14:45:10.010, 97 %, 1564 MiB, 63, P2, 1950 MHz, 9501 MHz, 206.40 W, 0x0000000000000000
2026/08/27 14:45:15.030, 99 %, 1564 MiB, 63, P2, 1950 MHz, 9501 MHz, 206.07 W, 0x0000000000000000
2026/08/27 14:45:20.050, 99 %, 1564 MiB, 63, P2, 1950 MHz, 9501 MHz, 206.63 W, 0x0000000000000000
2026/08/27 14:45:25.069, 98 %, 1564 MiB, 63, P2, 1950 MHz, 9501 MHz, 205.24 W, 0x0000000000000000
2026/08/27 14:45:30.089, 99 %, 1564 MiB, 63, P2, 1950 MHz, 9501 MHz, 205.38 W, 0x0000000000000000
2026/08/27 14:45:35.112, 58 %, 532 MiB, 63, P2, 1950 MHz, 9501 MHz, 188.68 W, 0x0000000000000000
2026/08/27 14:45:40.132, 58 %, 532 MiB, 63, P2, 1950 MHz, 9501 MHz, 211.62 W, 0x0000000000000000
2026/08/27 14:45:45.153, 55 %, 532 MiB, 63, P2, 1950 MHz, 9501 MHz, 209.17 W, 0x0000000000000000
2026/08/27 14:45:50.174, 98 %, 1564 MiB, 63, P2, 1950 MHz, 9501 MHz, 206.69 W, 0x0000000000000000
2026/08/27 14:45:55.194, 93 %, 1564 MiB, 63, P2, 1950 MHz, 9501 MHz, 205.56 W, 0x0000000000000000
2026/08/27 14:46:00.215, 99 %, 1564 MiB, 63, P2, 1950 MHz, 9501 MHz, 205.86 W, 0x0000000000000000
2026/08/27 14:46:05.235, 99 %, 1564 MiB, 63, P2, 1950 MHz, 9501 MHz, 207.18 W, 0x0000000000000000
2026/08/27 14:46:10.255, 99 %, 1564 MiB, 63, P2, 1950 MHz, 9501 MHz, 205.22 W, 0x0000000000000000
2026/08/27 14:46:15.275, 98 %, 1564 MiB, 63, P2, 1950 MHz, 9501 MHz, 205.75 W, 0x0000000000000000
2026/08/27 14:46:20.295, 43 %, 1564 MiB, 63, P2, 1950 MHz, 9501 MHz, 197.34 W, 0x0000000000000000
2026/08/27 14:46:25.316, 55 %, 532 MiB, 63, P2, 1950 MHz, 9501 MHz, 208.75 W, 0x0000000000000000
2026/08/27 14:46:30.336, 58 %, 532 MiB, 63, P2, 1950 MHz, 9501 MHz, 211.81 W, 0x0000000000000000
2026/08/27 14:46:35.357, 30 %, 1562 MiB, 61, P2, 1950 MHz, 9501 MHz, 164.45 W, 0x0000000000000000
2026/08/27 14:46:40.377, 98 %, 1562 MiB, 63, P2, 1950 MHz, 9501 MHz, 206.25 W, 0x0000000000000000
2026/08/27 14:46:45.397, 99 %, 1562 MiB, 63, P2, 1950 MHz, 9501 MHz, 206.07 W, 0x0000000000000000
2026/08/27 14:46:50.420, 98 %, 1562 MiB, 63, P2, 1950 MHz, 9501 MHz, 207.07 W, 0x0000000000000000
2026/08/27 14:46:55.439, 98 %, 1562 MiB, 63, P2, 1950 MHz, 9501 MHz, 206.95 W, 0x0000000000000000
2026/08/27 14:47:00.459, 99 %, 1562 MiB, 63, P2, 1950 MHz, 9501 MHz, 205.32 W, 0x0000000000000000
2026/08/27 14:47:05.481, 99 %, 1562 MiB, 63, P2, 1950 MHz, 9501 MHz, 206.49 W, 0x0000000000000000
2026/08/27 14:47:10.501, 0 %, 532 MiB, 61, P2, 1950 MHz, 9501 MHz, 186.65 W, 0x0000000000000000
2026/08/27 14:47:15.521, 56 %, 532 MiB, 63, P2, 1950 MHz, 9501 MHz, 208.94 W, 0x0000000000000000
2026/08/27 14:47:20.542, 55 %, 532 MiB, 63, P2, 1950 MHz, 9501 MHz, 209.03 W, 0x0000000000000000
2026/08/27 14:47:25.561, 99 %, 1564 MiB, 63, P2, 1950 MHz, 9501 MHz, 177.98 W, 0x0000000000000000
2026/08/27 14:47:30.580, 99 %, 1564 MiB, 63, P2, 1950 MHz, 9501 MHz, 206.14 W, 0x0000000000000000
2026/08/27 14:47:35.600, 99 %, 1564 MiB, 63, P2, 1950 MHz, 9501 MHz, 205.25 W, 0x0000000000000000
2026/08/27 14:47:40.621, 97 %, 1566 MiB, 63, P2, 1950 MHz, 9501 MHz, 206.26 W, 0x0000000000000000
2026/08/27 14:47:45.640, 99 %, 1566 MiB, 63, P2, 1950 MHz, 9501 MHz, 205.63 W, 0x0000000000000000
2026/08/27 14:47:50.660, 98 %, 1566 MiB, 63, P2, 1950 MHz, 9501 MHz, 207.17 W, 0x0000000000000000
2026/08/27 14:47:55.681, 25 %, 532 MiB, 62, P2, 1950 MHz, 9501 MHz, 190.42 W, 0x0000000000000000
2026/08/27 14:48:00.701, 56 %, 532 MiB, 63, P2, 1950 MHz, 9501 MHz, 208.71 W, 0x0000000000000000
2026/08/27 14:48:05.722, 56 %, 532 MiB, 63, P2, 1950 MHz, 9501 MHz, 211.28 W, 0x0000000000000000
2026/08/27 14:48:10.742, 98 %, 1566 MiB, 63, P2, 1950 MHz, 9501 MHz, 182.47 W, 0x0000000000000000
2026/08/27 14:48:15.760, 99 %, 1566 MiB, 63, P2, 1950 MHz, 9501 MHz, 205.89 W, 0x0000000000000000
2026/08/27 14:48:20.780, 99 %, 1566 MiB, 63, P2, 1950 MHz, 9501 MHz, 205.55 W, 0x0000000000000000
2026/08/27 14:48:25.800, 99 %, 1566 MiB, 63, P2, 1950 MHz, 9501 MHz, 207.09 W, 0x0000000000000000
2026/08/27 14:48:30.819, 99 %, 1566 MiB, 63, P2, 1950 MHz, 9501 MHz, 206.31 W, 0x0000000000000000
2026/08/27 14:48:35.840, 99 %, 1566 MiB, 63, P2, 1950 MHz, 9501 MHz, 206.42 W, 0x0000000000000000
2026/08/27 14:48:40.859, 41 %, 1566 MiB, 63, P2, 1950 MHz, 9501 MHz, 199.53 W, 0x0000000000000000
2026/08/27 14:48:45.877, 55 %, 532 MiB, 63, P2, 1950 MHz, 9501 MHz, 209.21 W, 0x0000000000000000
2026/08/27 14:48:50.898, 57 %, 532 MiB, 63, P2, 1950 MHz, 9501 MHz, 209.32 W, 0x0000000000000000
2026/08/27 14:48:55.919, 0 %, 1562 MiB, 61, P2, 1950 MHz, 9501 MHz, 161.79 W, 0x0000000000000000
2026/08/27 14:49:00.940, 97 %, 1564 MiB, 63, P2, 1950 MHz, 9501 MHz, 206.05 W, 0x0000000000000000
2026/08/27 14:49:05.960, 99 %, 1566 MiB, 63, P2, 1950 MHz, 9501 MHz, 206.71 W, 0x0000000000000000
2026/08/27 14:49:10.981, 99 %, 1568 MiB, 63, P2, 1950 MHz, 9501 MHz, 205.85 W, 0x0000000000000000
2026/08/27 14:49:16.002, 99 %, 1568 MiB, 63, P2, 1950 MHz, 9501 MHz, 207.26 W, 0x0000000000000000
2026/08/27 14:49:21.023, 99 %, 1568 MiB, 63, P2, 1950 MHz, 9501 MHz, 205.82 W, 0x0000000000000000
2026/08/27 14:49:26.041, 56 %, 532 MiB, 63, P2, 1950 MHz, 9501 MHz, 203.53 W, 0x0000000000000000
2026/08/27 14:49:31.060, 55 %, 532 MiB, 63, P2, 1950 MHz, 9501 MHz, 208.94 W, 0x0000000000000000
2026/08/27 14:49:36.080, 56 %, 532 MiB, 63, P2, 1950 MHz, 9501 MHz, 209.18 W, 0x0000000000000000
2026/08/27 14:49:41.098, 99 %, 1562 MiB, 63, P2, 1950 MHz, 9501 MHz, 206.66 W, 0x0000000000000000
2026/08/27 14:49:46.118, 92 %, 1562 MiB, 63, P2, 1950 MHz, 9501 MHz, 205.68 W, 0x0000000000000000
2026/08/27 14:49:51.137, 97 %, 1564 MiB, 63, P2, 1950 MHz, 9501 MHz, 206.68 W, 0x0000000000000000
2026/08/27 14:49:56.158, 99 %, 1564 MiB, 63, P2, 1950 MHz, 9501 MHz, 204.82 W, 0x0000000000000000
2026/08/27 14:50:01.177, 98 %, 1564 MiB, 63, P2, 1950 MHz, 9501 MHz, 206.32 W, 0x0000000000000000
2026/08/27 14:50:06.198, 99 %, 1564 MiB, 63, P2, 1950 MHz, 9501 MHz, 205.70 W, 0x0000000000000000
2026/08/27 14:50:11.217, 58 %, 532 MiB, 63, P2, 1950 MHz, 9501 MHz, 204.43 W, 0x0000000000000000
2026/08/27 14:50:16.237, 58 %, 532 MiB, 63, P2, 1950 MHz, 9501 MHz, 211.34 W, 0x0000000000000000
2026/08/27 14:50:21.258, 55 %, 532 MiB, 63, P2, 1950 MHz, 9501 MHz, 209.09 W, 0x0000000000000000
2026/08/27 14:50:26.277, 99 %, 1562 MiB, 63, P2, 1950 MHz, 9501 MHz, 205.87 W, 0x0000000000000000
2026/08/27 14:50:31.298, 98 %, 1562 MiB, 63, P2, 1950 MHz, 9501 MHz, 205.74 W, 0x0000000000000000
2026/08/27 14:50:36.319, 99 %, 1562 MiB, 63, P2, 1950 MHz, 9501 MHz, 205.39 W, 0x0000000000000000
2026/08/27 14:50:41.339, 91 %, 1562 MiB, 63, P2, 1950 MHz, 9501 MHz, 206.00 W, 0x0000000000000000
2026/08/27 14:50:46.359, 95 %, 1562 MiB, 63, P2, 1950 MHz, 9501 MHz, 205.90 W, 0x0000000000000000
2026/08/27 14:50:51.378, 17 %, 532 MiB, 63, P2, 1950 MHz, 9501 MHz, 185.01 W, 0x0000000000000000
2026/08/27 14:50:56.397, 59 %, 532 MiB, 63, P2, 1950 MHz, 9501 MHz, 211.71 W, 0x0000000000000000
2026/08/27 14:51:01.414, 59 %, 532 MiB, 63, P2, 1950 MHz, 9501 MHz, 211.72 W, 0x0000000000000000
2026/08/27 14:51:06.434, 98 %, 1562 MiB, 63, P2, 1950 MHz, 9501 MHz, 206.25 W, 0x0000000000000000
2026/08/27 14:51:11.454, 98 %, 1562 MiB, 63, P2, 1950 MHz, 9501 MHz, 205.40 W, 0x0000000000000000
2026/08/27 14:51:16.474, 98 %, 1564 MiB, 63, P2, 1950 MHz, 9501 MHz, 207.36 W, 0x0000000000000000
2026/08/27 14:51:21.494, 99 %, 1564 MiB, 63, P2, 1950 MHz, 9501 MHz, 205.10 W, 0x0000000000000000
2026/08/27 14:51:26.515, 99 %, 1564 MiB, 63, P2, 1950 MHz, 9501 MHz, 205.96 W, 0x0000000000000000
2026/08/27 14:51:31.536, 42 %, 532 MiB, 62, P2, 1950 MHz, 9501 MHz, 188.50 W, 0x0000000000000000
2026/08/27 14:51:36.556, 56 %, 532 MiB, 63, P2, 1950 MHz, 9501 MHz, 208.80 W, 0x0000000000000000
2026/08/27 14:51:41.576, 58 %, 532 MiB, 63, P2, 1950 MHz, 9501 MHz, 211.63 W, 0x0000000000000000
2026/08/27 14:51:46.596, 99 %, 1566 MiB, 63, P2, 1950 MHz, 9501 MHz, 195.68 W, 0x0000000000000000
2026/08/27 14:51:51.617, 98 %, 1566 MiB, 63, P2, 1950 MHz, 9501 MHz, 206.90 W, 0x0000000000000000
2026/08/27 14:51:56.637, 99 %, 1566 MiB, 63, P2, 1950 MHz, 9501 MHz, 204.86 W, 0x0000000000000000
2026/08/27 14:52:01.658, 99 %, 1566 MiB, 63, P2, 1950 MHz, 9501 MHz, 206.65 W, 0x0000000000000000
2026/08/27 14:52:06.677, 99 %, 1566 MiB, 63, P2, 1950 MHz, 9501 MHz, 205.42 W, 0x0000000000000000
2026/08/27 14:52:11.695, 99 %, 1566 MiB, 63, P2, 1950 MHz, 9501 MHz, 205.95 W, 0x0000000000000000
2026/08/27 14:52:16.715, 39 %, 1568 MiB, 63, P2, 1950 MHz, 9501 MHz, 205.06 W, 0x0000000000000000
2026/08/27 14:52:21.736, 59 %, 532 MiB, 63, P2, 1950 MHz, 9501 MHz, 211.28 W, 0x0000000000000000
2026/08/27 14:52:26.753, 59 %, 532 MiB, 63, P2, 1950 MHz, 9501 MHz, 211.37 W, 0x0000000000000000
2026/08/27 14:52:31.775, 57 %, 532 MiB, 63, P2, 1950 MHz, 9501 MHz, 208.87 W, 0x0000000000000000
2026/08/27 14:52:36.795, 98 %, 1562 MiB, 63, P2, 1950 MHz, 9501 MHz, 207.00 W, 0x0000000000000000
2026/08/27 14:52:41.813, 99 %, 1562 MiB, 63, P2, 1950 MHz, 9501 MHz, 206.41 W, 0x0000000000000000
2026/08/27 14:52:46.833, 99 %, 1562 MiB, 63, P2, 1950 MHz, 9501 MHz, 205.95 W, 0x0000000000000000
2026/08/27 14:52:51.851, 99 %, 1564 MiB, 63, P2, 1950 MHz, 9501 MHz, 206.29 W, 0x0000000000000000
2026/08/27 14:52:56.871, 99 %, 1564 MiB, 63, P2, 1950 MHz, 9501 MHz, 206.66 W, 0x0000000000000000
2026/08/27 14:53:01.892, 84 %, 1564 MiB, 64, P2, 1950 MHz, 9501 MHz, 209.77 W, 0x0000000000000000
2026/08/27 14:53:06.913, 55 %, 532 MiB, 63, P2, 1950 MHz, 9501 MHz, 208.52 W, 0x0000000000000000
2026/08/27 14:53:11.933, 58 %, 532 MiB, 63, P2, 1950 MHz, 9501 MHz, 210.72 W, 0x0000000000000000
2026/08/27 14:53:17.063, 0 %, 575 MiB, 61, P2, 1950 MHz, 9501 MHz, 161.16 W, 0x0000000000000000
2026/08/27 14:53:22.090, 99 %, 1562 MiB, 63, P2, 1950 MHz, 9501 MHz, 206.50 W, 0x0000000000000000
2026/08/27 14:53:27.110, 93 %, 1564 MiB, 63, P2, 1950 MHz, 9501 MHz, 207.65 W, 0x0000000000000000
2026/08/27 14:53:32.128, 99 %, 1564 MiB, 63, P2, 1950 MHz, 9501 MHz, 206.07 W, 0x0000000000000000
2026/08/27 14:53:37.148, 99 %, 1564 MiB, 63, P2, 1950 MHz, 9501 MHz, 205.76 W, 0x0000000000000000
2026/08/27 14:53:42.165, 99 %, 1564 MiB, 63, P2, 1950 MHz, 9501 MHz, 205.51 W, 0x0000000000000000
2026/08/27 14:53:47.184, 56 %, 532 MiB, 63, P2, 1950 MHz, 9501 MHz, 208.42 W, 0x0000000000000000
2026/08/27 14:53:52.204, 54 %, 532 MiB, 63, P2, 1950 MHz, 9501 MHz, 208.18 W, 0x0000000000000000
2026/08/27 14:53:57.224, 6 %, 532 MiB, 62, P2, 1950 MHz, 9501 MHz, 203.34 W, 0x0000000000000000
2026/08/27 14:54:02.243, 99 %, 1564 MiB, 63, P2, 1950 MHz, 9501 MHz, 206.36 W, 0x0000000000000000
2026/08/27 14:54:07.263, 99 %, 1564 MiB, 63, P2, 1950 MHz, 9501 MHz, 206.11 W, 0x0000000000000000
2026/08/27 14:54:12.284, 99 %, 1566 MiB, 63, P2, 1950 MHz, 9501 MHz, 206.03 W, 0x0000000000000000
2026/08/27 14:54:17.301, 99 %, 1566 MiB, 63, P2, 1950 MHz, 9501 MHz, 206.90 W, 0x0000000000000000
2026/08/27 14:54:22.321, 98 %, 1566 MiB, 63, P2, 1950 MHz, 9501 MHz, 206.05 W, 0x0000000000000000
2026/08/27 14:54:27.341, 99 %, 1566 MiB, 63, P2, 1950 MHz, 9501 MHz, 205.31 W, 0x0000000000000000
2026/08/27 14:54:32.360, 55 %, 532 MiB, 63, P2, 1950 MHz, 9501 MHz, 188.46 W, 0x0000000000000000
2026/08/27 14:54:37.379, 56 %, 532 MiB, 63, P2, 1950 MHz, 9501 MHz, 208.44 W, 0x0000000000000000
2026/08/27 14:54:42.397, 56 %, 532 MiB, 63, P2, 1950 MHz, 9501 MHz, 208.99 W, 0x0000000000000000
2026/08/27 14:54:47.417, 99 %, 1566 MiB, 63, P2, 1950 MHz, 9501 MHz, 199.87 W, 0x0000000000000000
2026/08/27 14:54:52.437, 99 %, 1566 MiB, 63, P2, 1950 MHz, 9501 MHz, 206.17 W, 0x0000000000000000
2026/08/27 14:54:57.457, 98 %, 1566 MiB, 63, P2, 1950 MHz, 9501 MHz, 205.77 W, 0x0000000000000000
2026/08/27 14:55:02.478, 92 %, 1566 MiB, 63, P2, 1950 MHz, 9501 MHz, 206.50 W, 0x0000000000000000
2026/08/27 14:55:07.499, 99 %, 1566 MiB, 63, P2, 1950 MHz, 9501 MHz, 205.95 W, 0x0000000000000000
2026/08/27 14:55:12.518, 99 %, 1566 MiB, 63, P2, 1950 MHz, 9501 MHz, 205.32 W, 0x0000000000000000
2026/08/27 14:55:17.539, 58 %, 532 MiB, 63, P2, 1950 MHz, 9501 MHz, 188.92 W, 0x0000000000000000
2026/08/27 14:55:22.559, 56 %, 532 MiB, 63, P2, 1950 MHz, 9501 MHz, 211.71 W, 0x0000000000000000
2026/08/27 14:55:27.580, 55 %, 532 MiB, 63, P2, 1950 MHz, 9501 MHz, 209.05 W, 0x0000000000000000
2026/08/27 14:55:32.600, 99 %, 1562 MiB, 63, P2, 1950 MHz, 9501 MHz, 206.84 W, 0x0000000000000000
2026/08/27 14:55:37.620, 98 %, 1562 MiB, 63, P2, 1950 MHz, 9501 MHz, 205.77 W, 0x0000000000000000
2026/08/27 14:55:42.645, 98 %, 1564 MiB, 63, P2, 1950 MHz, 9501 MHz, 206.54 W, 0x0000000000000000
2026/08/27 14:55:47.665, 99 %, 1566 MiB, 63, P2, 1950 MHz, 9501 MHz, 205.51 W, 0x0000000000000000
2026/08/27 14:55:52.683, 98 %, 1568 MiB, 63, P2, 1950 MHz, 9501 MHz, 205.99 W, 0x0000000000000000
2026/08/27 14:55:57.704, 96 %, 1568 MiB, 63, P2, 1950 MHz, 9501 MHz, 205.31 W, 0x0000000000000000
2026/08/27 14:56:02.724, 40 %, 532 MiB, 61, P2, 1950 MHz, 9501 MHz, 185.57 W, 0x0000000000000000
2026/08/27 14:56:07.855, 55 %, 532 MiB, 63, P2, 1950 MHz, 9501 MHz, 208.87 W, 0x0000000000000000
2026/08/27 14:56:12.875, 55 %, 532 MiB, 63, P2, 1950 MHz, 9501 MHz, 208.91 W, 0x0000000000000000
2026/08/27 14:56:17.895, 45 %, 1562 MiB, 63, P2, 1950 MHz, 9501 MHz, 181.09 W, 0x0000000000000000
2026/08/27 14:56:22.915, 98 %, 1562 MiB, 63, P2, 1950 MHz, 9501 MHz, 205.37 W, 0x0000000000000000
2026/08/27 14:56:27.933, 99 %, 1562 MiB, 63, P2, 1950 MHz, 9501 MHz, 205.90 W, 0x0000000000000000
2026/08/27 14:56:32.953, 99 %, 1562 MiB, 63, P2, 1950 MHz, 9501 MHz, 206.81 W, 0x0000000000000000
2026/08/27 14:56:37.972, 99 %, 1562 MiB, 63, P2, 1950 MHz, 9501 MHz, 206.43 W, 0x0000000000000000
2026/08/27 14:56:42.992, 64 %, 1562 MiB, 63, P2, 1950 MHz, 9501 MHz, 208.82 W, 0x0000000000000000
2026/08/27 14:56:48.011, 56 %, 532 MiB, 63, P2, 1950 MHz, 9501 MHz, 211.04 W, 0x0000000000000000
2026/08/27 14:56:53.032, 58 %, 532 MiB, 63, P2, 1950 MHz, 9501 MHz, 211.83 W, 0x0000000000000000
2026/08/27 14:56:58.052, 58 %, 532 MiB, 63, P2, 1950 MHz, 9501 MHz, 211.00 W, 0x0000000000000000
2026/08/27 14:57:03.072, 98 %, 1562 MiB, 63, P2, 1950 MHz, 9501 MHz, 206.04 W, 0x0000000000000000
2026/08/27 14:57:08.093, 98 %, 1562 MiB, 63, P2, 1950 MHz, 9501 MHz, 206.25 W, 0x0000000000000000
2026/08/27 14:57:13.113, 98 %, 1564 MiB, 63, P2, 1950 MHz, 9501 MHz, 206.38 W, 0x0000000000000000
2026/08/27 14:57:18.133, 99 %, 1564 MiB, 63, P2, 1950 MHz, 9501 MHz, 205.88 W, 0x0000000000000000
2026/08/27 14:57:23.152, 98 %, 1564 MiB, 63, P2, 1950 MHz, 9501 MHz, 206.87 W, 0x0000000000000000
2026/08/27 14:57:28.172, 67 %, 1564 MiB, 63, P2, 1950 MHz, 9501 MHz, 203.45 W, 0x0000000000000000
2026/08/27 14:57:33.193, 58 %, 532 MiB, 63, P2, 1950 MHz, 9501 MHz, 210.84 W, 0x0000000000000000
2026/08/27 14:57:38.213, 55 %, 532 MiB, 63, P2, 1950 MHz, 9501 MHz, 209.86 W, 0x0000000000000000
2026/08/27 14:57:43.232, 0 %, 1564 MiB, 61, P2, 1950 MHz, 9501 MHz, 162.15 W, 0x0000000000000000
2026/08/27 14:57:48.253, 99 %, 1564 MiB, 63, P2, 1950 MHz, 9501 MHz, 206.23 W, 0x0000000000000000
2026/08/27 14:57:53.273, 99 %, 1566 MiB, 63, P2, 1950 MHz, 9501 MHz, 206.08 W, 0x0000000000000000
2026/08/27 14:57:58.294, 98 %, 1566 MiB, 63, P2, 1950 MHz, 9501 MHz, 206.03 W, 0x0000000000000000
2026/08/27 14:58:03.314, 99 %, 1566 MiB, 63, P2, 1950 MHz, 9501 MHz, 206.41 W, 0x0000000000000000
2026/08/27 14:58:08.334, 92 %, 1566 MiB, 63, P2, 1950 MHz, 9501 MHz, 206.57 W, 0x0000000000000000
2026/08/27 14:58:13.354, 58 %, 532 MiB, 63, P2, 1950 MHz, 9501 MHz, 210.23 W, 0x0000000000000000
2026/08/27 14:58:18.375, 58 %, 532 MiB, 63, P2, 1950 MHz, 9501 MHz, 210.53 W, 0x0000000000000000
2026/08/27 14:58:23.395, 55 %, 532 MiB, 63, P2, 1950 MHz, 9501 MHz, 208.58 W, 0x0000000000000000
2026/08/27 14:58:28.416, 99 %, 1562 MiB, 63, P2, 1950 MHz, 9501 MHz, 206.27 W, 0x0000000000000000
2026/08/27 14:58:33.437, 94 %, 1564 MiB, 63, P2, 1950 MHz, 9501 MHz, 206.68 W, 0x0000000000000000
2026/08/27 14:58:38.455, 99 %, 1564 MiB, 63, P2, 1950 MHz, 9501 MHz, 206.50 W, 0x0000000000000000
2026/08/27 14:58:43.475, 98 %, 1564 MiB, 63, P2, 1950 MHz, 9501 MHz, 206.71 W, 0x0000000000000000
2026/08/27 14:58:48.496, 98 %, 1564 MiB, 63, P2, 1950 MHz, 9501 MHz, 207.35 W, 0x0000000000000000
2026/08/27 14:58:53.516, 99 %, 1564 MiB, 63, P2, 1950 MHz, 9501 MHz, 206.05 W, 0x0000000000000000
2026/08/27 14:58:58.536, 55 %, 532 MiB, 63, P2, 1950 MHz, 9501 MHz, 206.57 W, 0x0000000000000000
2026/08/27 14:59:03.556, 56 %, 532 MiB, 63, P2, 1950 MHz, 9501 MHz, 209.77 W, 0x0000000000000000
2026/08/27 14:59:08.577, 59 %, 532 MiB, 63, P2, 1950 MHz, 9501 MHz, 212.01 W, 0x0000000000000000
2026/08/27 14:59:13.598, 97 %, 1564 MiB, 63, P2, 1950 MHz, 9501 MHz, 206.95 W, 0x0000000000000000
2026/08/27 14:59:18.618, 98 %, 1564 MiB, 63, P2, 1950 MHz, 9501 MHz, 205.88 W, 0x0000000000000000
2026/08/27 14:59:23.636, 90 %, 1564 MiB, 63, P2, 1950 MHz, 9501 MHz, 206.73 W, 0x0000000000000000
2026/08/27 14:59:28.655, 99 %, 1564 MiB, 63, P2, 1950 MHz, 9501 MHz, 206.35 W, 0x0000000000000000
2026/08/27 14:59:33.674, 98 %, 1564 MiB, 63, P2, 1950 MHz, 9501 MHz, 205.75 W, 0x0000000000000000
2026/08/27 14:59:38.695, 2 %, 532 MiB, 62, P2, 1950 MHz, 9501 MHz, 183.68 W, 0x0000000000000000
2026/08/27 14:59:43.716, 55 %, 532 MiB, 63, P2, 1950 MHz, 9501 MHz, 209.50 W, 0x0000000000000000
2026/08/27 14:59:48.735, 56 %, 532 MiB, 63, P2, 1950 MHz, 9501 MHz, 208.79 W, 0x0000000000000000
2026/08/27 14:59:53.755, 99 %, 1562 MiB, 62, P2, 1950 MHz, 9501 MHz, 175.19 W, 0x0000000000000000
2026/08/27 14:59:58.775, 99 %, 1562 MiB, 63, P2, 1950 MHz, 9501 MHz, 204.31 W, 0x0000000000000000
2026/08/27 15:00:03.794, 99 %, 1562 MiB, 63, P2, 1950 MHz, 9501 MHz, 206.99 W, 0x0000000000000000
2026/08/27 15:00:08.813, 99 %, 1562 MiB, 63, P2, 1950 MHz, 9501 MHz, 206.10 W, 0x0000000000000000
2026/08/27 15:00:13.837, 98 %, 1562 MiB, 63, P2, 1950 MHz, 9501 MHz, 205.61 W, 0x0000000000000000
2026/08/27 15:00:18.857, 99 %, 1562 MiB, 63, P2, 1950 MHz, 9501 MHz, 204.64 W, 0x0000000000000000
2026/08/27 15:00:23.878, 56 %, 532 MiB, 63, P2, 1950 MHz, 9501 MHz, 207.78 W, 0x0000000000000000
2026/08/27 15:00:28.899, 56 %, 532 MiB, 63, P2, 1950 MHz, 9501 MHz, 208.35 W, 0x0000000000000000
2026/08/27 15:00:33.919, 55 %, 532 MiB, 63, P2, 1950 MHz, 9501 MHz, 209.64 W, 0x0000000000000000
2026/08/27 15:00:38.939, 99 %, 1562 MiB, 63, P2, 1950 MHz, 9501 MHz, 205.64 W, 0x0000000000000000
2026/08/27 15:00:43.960, 99 %, 1562 MiB, 63, P2, 1950 MHz, 9501 MHz, 204.69 W, 0x0000000000000000
2026/08/27 15:00:48.978, 98 %, 1562 MiB, 63, P2, 1950 MHz, 9501 MHz, 206.53 W, 0x0000000000000000
2026/08/27 15:00:53.998, 99 %, 1566 MiB, 63, P2, 1950 MHz, 9501 MHz, 206.87 W, 0x0000000000000000
2026/08/27 15:00:59.018, 99 %, 1568 MiB, 63, P2, 1950 MHz, 9501 MHz, 206.54 W, 0x0000000000000000
2026/08/27 15:01:04.039, 99 %, 1568 MiB, 63, P2, 1950 MHz, 9501 MHz, 205.96 W, 0x0000000000000000
2026/08/27 15:01:09.059, 57 %, 532 MiB, 63, P2, 1950 MHz, 9501 MHz, 204.64 W, 0x0000000000000000
2026/08/27 15:01:14.078, 59 %, 532 MiB, 63, P2, 1950 MHz, 9501 MHz, 211.46 W, 0x0000000000000000
2026/08/27 15:01:19.098, 59 %, 532 MiB, 63, P2, 1950 MHz, 9501 MHz, 211.92 W, 0x0000000000000000
2026/08/27 15:01:24.116, 98 %, 1562 MiB, 63, P2, 1950 MHz, 9501 MHz, 206.40 W, 0x0000000000000000
2026/08/27 15:01:29.137, 99 %, 1562 MiB, 63, P2, 1950 MHz, 9501 MHz, 206.49 W, 0x0000000000000000
2026/08/27 15:01:34.157, 98 %, 1564 MiB, 63, P2, 1950 MHz, 9501 MHz, 205.83 W, 0x0000000000000000
2026/08/27 15:01:39.176, 99 %, 1564 MiB, 63, P2, 1950 MHz, 9501 MHz, 206.48 W, 0x0000000000000000
2026/08/27 15:01:44.194, 99 %, 1564 MiB, 63, P2, 1950 MHz, 9501 MHz, 206.15 W, 0x0000000000000000
2026/08/27 15:01:49.215, 99 %, 1564 MiB, 63, P2, 1950 MHz, 9501 MHz, 206.28 W, 0x0000000000000000
2026/08/27 15:01:54.255, 48 %, 532 MiB, 62, P2, 1950 MHz, 9501 MHz, 193.39 W, 0x0000000000000000
2026/08/27 15:01:59.274, 58 %, 532 MiB, 63, P2, 1950 MHz, 9501 MHz, 209.71 W, 0x0000000000000000
2026/08/27 15:02:04.295, 59 %, 532 MiB, 63, P2, 1950 MHz, 9501 MHz, 211.83 W, 0x0000000000000000
2026/08/27 15:02:09.315, 99 %, 1562 MiB, 63, P2, 1950 MHz, 9501 MHz, 193.02 W, 0x0000000000000000
2026/08/27 15:02:14.336, 99 %, 1564 MiB, 63, P2, 1950 MHz, 9501 MHz, 206.23 W, 0x0000000000000000
2026/08/27 15:02:19.357, 98 %, 1564 MiB, 63, P2, 1950 MHz, 9501 MHz, 206.09 W, 0x0000000000000000
2026/08/27 15:02:24.378, 99 %, 1564 MiB, 63, P2, 1950 MHz, 9501 MHz, 204.92 W, 0x0000000000000000
2026/08/27 15:02:29.399, 99 %, 1564 MiB, 63, P2, 1950 MHz, 9501 MHz, 206.09 W, 0x0000000000000000
2026/08/27 15:02:34.419, 84 %, 1564 MiB, 63, P2, 1950 MHz, 9501 MHz, 206.25 W, 0x0000000000000000
2026/08/27 15:02:39.440, 58 %, 532 MiB, 63, P2, 1950 MHz, 9501 MHz, 211.12 W, 0x0000000000000000
2026/08/27 15:02:44.461, 59 %, 532 MiB, 63, P2, 1950 MHz, 9501 MHz, 211.28 W, 0x0000000000000000
2026/08/27 15:02:49.482, 0 %, 1562 MiB, 61, P2, 1950 MHz, 9501 MHz, 166.50 W, 0x0000000000000000
2026/08/27 15:02:54.504, 99 %, 1562 MiB, 63, P2, 1950 MHz, 9501 MHz, 205.94 W, 0x0000000000000000
2026/08/27 15:02:59.523, 99 %, 1562 MiB, 63, P2, 1950 MHz, 9501 MHz, 205.18 W, 0x0000000000000000
2026/08/27 15:03:04.544, 93 %, 1562 MiB, 63, P2, 1950 MHz, 9501 MHz, 206.29 W, 0x0000000000000000
2026/08/27 15:03:09.563, 99 %, 1562 MiB, 63, P2, 1950 MHz, 9501 MHz, 205.87 W, 0x0000000000000000
2026/08/27 15:03:14.582, 56 %, 532 MiB, 63, P2, 1950 MHz, 9501 MHz, 203.23 W, 0x0000000000000000
2026/08/27 15:03:19.602, 58 %, 532 MiB, 63, P2, 1950 MHz, 9501 MHz, 210.02 W, 0x0000000000000000
2026/08/27 15:03:24.621, 56 %, 532 MiB, 63, P2, 1950 MHz, 9501 MHz, 208.99 W, 0x0000000000000000
2026/08/27 15:03:29.641, 99 %, 1562 MiB, 63, P2, 1950 MHz, 9501 MHz, 206.67 W, 0x0000000000000000
2026/08/27 15:03:34.662, 99 %, 1562 MiB, 63, P2, 1950 MHz, 9501 MHz, 205.48 W, 0x0000000000000000
2026/08/27 15:03:39.682, 99 %, 1562 MiB, 63, P2, 1950 MHz, 9501 MHz, 206.67 W, 0x0000000000000000
2026/08/27 15:03:44.703, 98 %, 1562 MiB, 63, P2, 1950 MHz, 9501 MHz, 206.52 W, 0x0000000000000000
2026/08/27 15:03:49.721, 91 %, 1564 MiB, 63, P2, 1950 MHz, 9501 MHz, 206.41 W, 0x0000000000000000
2026/08/27 15:03:54.741, 83 %, 1564 MiB, 63, P2, 1950 MHz, 9501 MHz, 211.56 W, 0x0000000000000000
2026/08/27 15:03:59.759, 56 %, 532 MiB, 63, P2, 1950 MHz, 9501 MHz, 208.47 W, 0x0000000000000000
2026/08/27 15:04:04.783, 56 %, 532 MiB, 63, P2, 1950 MHz, 9501 MHz, 208.72 W, 0x0000000000000000
2026/08/27 15:04:09.803, 55 %, 532 MiB, 61, P2, 1950 MHz, 9501 MHz, 197.06 W, 0x0000000000000000
2026/08/27 15:04:14.824, 98 %, 1562 MiB, 63, P2, 1950 MHz, 9501 MHz, 206.64 W, 0x0000000000000000
2026/08/27 15:04:19.844, 98 %, 1564 MiB, 63, P2, 1950 MHz, 9501 MHz, 207.61 W, 0x0000000000000000
2026/08/27 15:04:24.865, 99 %, 1564 MiB, 63, P2, 1950 MHz, 9501 MHz, 205.67 W, 0x0000000000000000
2026/08/27 15:04:29.883, 98 %, 1564 MiB, 63, P2, 1950 MHz, 9501 MHz, 206.49 W, 0x0000000000000000
2026/08/27 15:04:34.904, 99 %, 1564 MiB, 63, P2, 1950 MHz, 9501 MHz, 205.87 W, 0x0000000000000000
2026/08/27 15:04:39.924, 99 %, 1564 MiB, 63, P2, 1950 MHz, 9501 MHz, 205.94 W, 0x0000000000000000
2026/08/27 15:04:44.944, 55 %, 532 MiB, 63, P2, 1950 MHz, 9501 MHz, 207.95 W, 0x0000000000000000
2026/08/27 15:04:49.964, 56 %, 532 MiB, 63, P2, 1950 MHz, 9501 MHz, 207.91 W, 0x0000000000000000
2026/08/27 15:04:54.985, 56 %, 532 MiB, 63, P2, 1950 MHz, 9501 MHz, 208.13 W, 0x0000000000000000
2026/08/27 15:05:00.005, 98 %, 1562 MiB, 63, P2, 1950 MHz, 9501 MHz, 206.30 W, 0x0000000000000000
2026/08/27 15:05:05.025, 99 %, 1562 MiB, 63, P2, 1950 MHz, 9501 MHz, 206.39 W, 0x0000000000000000
2026/08/27 15:05:10.044, 99 %, 1562 MiB, 63, P2, 1950 MHz, 9501 MHz, 205.92 W, 0x0000000000000000
2026/08/27 15:05:15.064, 99 %, 1562 MiB, 63, P2, 1950 MHz, 9501 MHz, 205.63 W, 0x0000000000000000
2026/08/27 15:05:20.082, 98 %, 1564 MiB, 63, P2, 1950 MHz, 9501 MHz, 207.40 W, 0x0000000000000000
2026/08/27 15:05:25.102, 80 %, 1564 MiB, 63, P2, 1950 MHz, 9501 MHz, 208.59 W, 0x0000000000000000
2026/08/27 15:05:30.122, 55 %, 532 MiB, 63, P2, 1950 MHz, 9501 MHz, 208.93 W, 0x0000000000000000
2026/08/27 15:05:35.143, 59 %, 532 MiB, 63, P2, 1950 MHz, 9501 MHz, 210.38 W, 0x0000000000000000
2026/08/27 15:05:40.164, 55 %, 532 MiB, 63, P2, 1950 MHz, 9501 MHz, 208.44 W, 0x0000000000000000
2026/08/27 15:05:45.185, 99 %, 1562 MiB, 63, P2, 1950 MHz, 9501 MHz, 205.52 W, 0x0000000000000000
2026/08/27 15:05:50.205, 98 %, 1562 MiB, 63, P2, 1950 MHz, 9501 MHz, 205.76 W, 0x0000000000000000
2026/08/27 15:05:55.226, 99 %, 1562 MiB, 63, P2, 1950 MHz, 9501 MHz, 205.74 W, 0x0000000000000000
2026/08/27 15:06:00.247, 99 %, 1564 MiB, 63, P2, 1950 MHz, 9501 MHz, 206.69 W, 0x0000000000000000
2026/08/27 15:06:05.265, 99 %, 1564 MiB, 63, P2, 1950 MHz, 9501 MHz, 206.09 W, 0x0000000000000000
2026/08/27 15:06:10.285, 8 %, 532 MiB, 62, P2, 1950 MHz, 9501 MHz, 185.13 W, 0x0000000000000000
2026/08/27 15:06:15.305, 59 %, 532 MiB, 63, P2, 1950 MHz, 9501 MHz, 211.40 W, 0x0000000000000000
2026/08/27 15:06:20.326, 59 %, 532 MiB, 63, P2, 1950 MHz, 9501 MHz, 211.54 W, 0x0000000000000000
2026/08/27 15:06:25.347, 99 %, 1564 MiB, 63, P2, 1950 MHz, 9501 MHz, 199.66 W, 0x0000000000000000
2026/08/27 15:06:30.366, 99 %, 1564 MiB, 63, P2, 1950 MHz, 9501 MHz, 205.52 W, 0x0000000000000000
2026/08/27 15:06:35.386, 93 %, 1564 MiB, 63, P2, 1950 MHz, 9501 MHz, 206.16 W, 0x0000000000000000
2026/08/27 15:06:40.404, 99 %, 1564 MiB, 63, P2, 1950 MHz, 9501 MHz, 206.29 W, 0x0000000000000000
2026/08/27 15:06:45.424, 98 %, 1564 MiB, 63, P2, 1950 MHz, 9501 MHz, 206.23 W, 0x0000000000000000
2026/08/27 15:06:50.445, 92 %, 1564 MiB, 63, P2, 1950 MHz, 9501 MHz, 206.32 W, 0x0000000000000000
2026/08/27 15:06:55.465, 55 %, 532 MiB, 63, P2, 1950 MHz, 9501 MHz, 189.22 W, 0x0000000000000000
2026/08/27 15:07:00.485, 56 %, 532 MiB, 63, P2, 1950 MHz, 9501 MHz, 210.72 W, 0x0000000000000000
2026/08/27 15:07:05.505, 59 %, 532 MiB, 63, P2, 1950 MHz, 9501 MHz, 211.71 W, 0x0000000000000000
2026/08/27 15:07:10.526, 99 %, 1562 MiB, 63, P2, 1950 MHz, 9501 MHz, 206.78 W, 0x0000000000000000
2026/08/27 15:07:15.546, 98 %, 1562 MiB, 63, P2, 1950 MHz, 9501 MHz, 205.51 W, 0x0000000000000000
2026/08/27 15:07:20.567, 98 %, 1562 MiB, 63, P2, 1950 MHz, 9501 MHz, 206.49 W, 0x0000000000000000
2026/08/27 15:07:25.589, 99 %, 1562 MiB, 63, P2, 1950 MHz, 9501 MHz, 206.50 W, 0x0000000000000000
2026/08/27 15:07:30.608, 98 %, 1564 MiB, 63, P2, 1950 MHz, 9501 MHz, 207.10 W, 0x0000000000000000
2026/08/27 15:07:35.627, 99 %, 1564 MiB, 63, P2, 1950 MHz, 9501 MHz, 205.61 W, 0x0000000000000000
2026/08/27 15:07:40.647, 56 %, 532 MiB, 63, P2, 1950 MHz, 9501 MHz, 208.56 W, 0x0000000000000000
2026/08/27 15:07:45.668, 56 %, 532 MiB, 63, P2, 1950 MHz, 9501 MHz, 208.79 W, 0x0000000000000000
2026/08/27 15:07:50.690, 59 %, 532 MiB, 62, P2, 1950 MHz, 9501 MHz, 210.11 W, 0x0000000000000000
2026/08/27 15:07:55.711, 99 %, 1562 MiB, 63, P2, 1950 MHz, 9501 MHz, 206.59 W, 0x0000000000000000
2026/08/27 15:08:00.731, 98 %, 1562 MiB, 63, P2, 1950 MHz, 9501 MHz, 206.87 W, 0x0000000000000000
2026/08/27 15:08:05.752, 99 %, 1562 MiB, 63, P2, 1950 MHz, 9501 MHz, 204.96 W, 0x0000000000000000
2026/08/27 15:08:10.772, 99 %, 1562 MiB, 63, P2, 1950 MHz, 9501 MHz, 206.43 W, 0x0000000000000000
2026/08/27 15:08:15.792, 93 %, 1562 MiB, 63, P2, 1950 MHz, 9501 MHz, 206.70 W, 0x0000000000000000
2026/08/27 15:08:20.813, 54 %, 532 MiB, 63, P2, 1950 MHz, 9501 MHz, 208.70 W, 0x0000000000000000
2026/08/27 15:08:25.833, 58 %, 532 MiB, 63, P2, 1950 MHz, 9501 MHz, 211.95 W, 0x0000000000000000
2026/08/27 15:08:30.851, 58 %, 532 MiB, 63, P2, 1950 MHz, 9501 MHz, 212.20 W, 0x0000000000000000
2026/08/27 15:08:35.872, 97 %, 1562 MiB, 63, P2, 1950 MHz, 9501 MHz, 207.72 W, 0x0000000000000000
2026/08/27 15:08:40.893, 98 %, 1562 MiB, 63, P2, 1950 MHz, 9501 MHz, 205.99 W, 0x0000000000000000
2026/08/27 15:08:45.913, 92 %, 1562 MiB, 63, P2, 1950 MHz, 9501 MHz, 207.05 W, 0x0000000000000000
2026/08/27 15:08:50.934, 99 %, 1562 MiB, 63, P2, 1950 MHz, 9501 MHz, 206.60 W, 0x0000000000000000
2026/08/27 15:08:55.952, 99 %, 1562 MiB, 63, P2, 1950 MHz, 9501 MHz, 206.31 W, 0x0000000000000000
2026/08/27 15:09:00.972, 99 %, 1562 MiB, 63, P2, 1950 MHz, 9501 MHz, 205.73 W, 0x0000000000000000
2026/08/27 15:09:05.993, 58 %, 532 MiB, 63, P2, 1950 MHz, 9501 MHz, 211.65 W, 0x0000000000000000
2026/08/27 15:09:11.012, 55 %, 532 MiB, 63, P2, 1950 MHz, 9501 MHz, 208.96 W, 0x0000000000000000
2026/08/27 15:09:16.033, 56 %, 532 MiB, 63, P2, 1950 MHz, 9501 MHz, 209.26 W, 0x0000000000000000
2026/08/27 15:09:21.054, 92 %, 1564 MiB, 63, P2, 1950 MHz, 9501 MHz, 207.11 W, 0x0000000000000000
2026/08/27 15:09:26.075, 99 %, 1564 MiB, 63, P2, 1950 MHz, 9501 MHz, 206.82 W, 0x0000000000000000
2026/08/27 15:09:31.095, 98 %, 1564 MiB, 63, P2, 1950 MHz, 9501 MHz, 206.61 W, 0x0000000000000000
2026/08/27 15:09:36.116, 99 %, 1564 MiB, 63, P2, 1950 MHz, 9501 MHz, 206.11 W, 0x0000000000000000
2026/08/27 15:09:41.136, 91 %, 1564 MiB, 63, P2, 1950 MHz, 9501 MHz, 206.79 W, 0x0000000000000000
2026/08/27 15:09:46.155, 78 %, 1566 MiB, 63, P2, 1950 MHz, 9501 MHz, 212.52 W, 0x0000000000000000
2026/08/27 15:09:51.175, 56 %, 532 MiB, 63, P2, 1950 MHz, 9501 MHz, 208.68 W, 0x0000000000000000
2026/08/27 15:09:56.194, 55 %, 532 MiB, 63, P2, 1950 MHz, 9501 MHz, 208.75 W, 0x0000000000000000
2026/08/27 15:10:01.214, 55 %, 532 MiB, 63, P2, 1950 MHz, 9501 MHz, 208.72 W, 0x0000000000000000
2026/08/27 15:10:06.234, 99 %, 1564 MiB, 63, P2, 1950 MHz, 9501 MHz, 206.98 W, 0x0000000000000000
2026/08/27 15:10:11.255, 99 %, 1564 MiB, 63, P2, 1950 MHz, 9501 MHz, 206.14 W, 0x0000000000000000
2026/08/27 15:10:16.274, 99 %, 1566 MiB, 63, P2, 1950 MHz, 9501 MHz, 207.46 W, 0x0000000000000000
2026/08/27 15:10:21.293, 97 %, 1566 MiB, 63, P2, 1950 MHz, 9501 MHz, 206.81 W, 0x0000000000000000
2026/08/27 15:10:26.314, 96 %, 1566 MiB, 63, P2, 1950 MHz, 9501 MHz, 205.91 W, 0x0000000000000000
2026/08/27 15:10:31.334, 99 %, 1566 MiB, 63, P2, 1950 MHz, 9501 MHz, 206.98 W, 0x0000000000000000
2026/08/27 15:10:36.354, 98 %, 1566 MiB, 63, P2, 1950 MHz, 9501 MHz, 208.88 W, 0x0000000000000000
2026/08/27 15:10:41.373, 56 %, 532 MiB, 63, P2, 1950 MHz, 9501 MHz, 209.10 W, 0x0000000000000000
2026/08/27 15:10:46.393, 55 %, 532 MiB, 63, P2, 1950 MHz, 9501 MHz, 208.66 W, 0x0000000000000000
2026/08/27 15:10:51.818, 0 %, 576 MiB, 61, P2, 1950 MHz, 9501 MHz, 159.52 W, 0x0000000000000000
2026/08/27 15:10:56.866, 99 %, 1564 MiB, 63, P2, 1950 MHz, 9501 MHz, 206.56 W, 0x0000000000000000
2026/08/27 15:11:01.886, 99 %, 1564 MiB, 63, P2, 1950 MHz, 9501 MHz, 206.73 W, 0x0000000000000000
2026/08/27 15:11:06.904, 99 %, 1564 MiB, 63, P2, 1950 MHz, 9501 MHz, 206.36 W, 0x0000000000000000
2026/08/27 15:11:11.924, 98 %, 1564 MiB, 63, P2, 1950 MHz, 9501 MHz, 207.07 W, 0x0000000000000000
2026/08/27 15:11:16.945, 93 %, 1564 MiB, 63, P2, 1950 MHz, 9501 MHz, 205.66 W, 0x0000000000000000
2026/08/27 15:11:21.963, 39 %, 1566 MiB, 63, P2, 1950 MHz, 9501 MHz, 195.42 W, 0x0000000000000000
2026/08/27 15:11:26.984, 59 %, 532 MiB, 63, P2, 1950 MHz, 9501 MHz, 210.42 W, 0x0000000000000000
2026/08/27 15:11:32.005, 59 %, 532 MiB, 63, P2, 1950 MHz, 9501 MHz, 210.70 W, 0x0000000000000000
2026/08/27 15:11:37.026, 29 %, 1564 MiB, 61, P2, 1950 MHz, 9501 MHz, 161.07 W, 0x0000000000000000
2026/08/27 15:11:42.049, 98 %, 1564 MiB, 63, P2, 1950 MHz, 9501 MHz, 206.40 W, 0x0000000000000000
2026/08/27 15:11:47.068, 98 %, 1564 MiB, 63, P2, 1950 MHz, 9501 MHz, 206.06 W, 0x0000000000000000
2026/08/27 15:11:52.089, 99 %, 1564 MiB, 63, P2, 1950 MHz, 9501 MHz, 206.58 W, 0x0000000000000000
2026/08/27 15:11:57.109, 99 %, 1564 MiB, 63, P2, 1950 MHz, 9501 MHz, 205.24 W, 0x0000000000000000
2026/08/27 15:12:02.128, 90 %, 1564 MiB, 63, P2, 1950 MHz, 9501 MHz, 207.10 W, 0x0000000000000000
2026/08/27 15:12:07.148, 41 %, 532 MiB, 61, P2, 1950 MHz, 9501 MHz, 183.97 W, 0x0000000000000000
2026/08/27 15:12:12.169, 58 %, 532 MiB, 63, P2, 1950 MHz, 9501 MHz, 210.91 W, 0x0000000000000000
2026/08/27 15:12:17.189, 56 %, 532 MiB, 63, P2, 1950 MHz, 9501 MHz, 209.62 W, 0x0000000000000000
2026/08/27 15:12:22.208, 55 %, 1562 MiB, 63, P2, 1950 MHz, 9501 MHz, 181.10 W, 0x0000000000000000
2026/08/27 15:12:27.227, 99 %, 1562 MiB, 63, P2, 1950 MHz, 9501 MHz, 205.57 W, 0x0000000000000000
2026/08/27 15:12:32.247, 99 %, 1564 MiB, 63, P2, 1950 MHz, 9501 MHz, 207.41 W, 0x0000000000000000
2026/08/27 15:12:37.265, 99 %, 1564 MiB, 63, P2, 1950 MHz, 9501 MHz, 206.80 W, 0x0000000000000000
2026/08/27 15:12:42.283, 99 %, 1564 MiB, 63, P2, 1950 MHz, 9501 MHz, 206.58 W, 0x0000000000000000
2026/08/27 15:12:47.303, 98 %, 1564 MiB, 63, P2, 1950 MHz, 9501 MHz, 205.74 W, 0x0000000000000000
2026/08/27 15:12:52.323, 56 %, 532 MiB, 63, P2, 1950 MHz, 9501 MHz, 208.70 W, 0x0000000000000000
2026/08/27 15:12:57.344, 55 %, 532 MiB, 63, P2, 1950 MHz, 9501 MHz, 208.62 W, 0x0000000000000000
2026/08/27 15:13:02.365, 56 %, 532 MiB, 61, P2, 1950 MHz, 9501 MHz, 194.16 W, 0x0000000000000000
2026/08/27 15:13:07.385, 99 %, 1564 MiB, 63, P2, 1950 MHz, 9501 MHz, 206.46 W, 0x0000000000000000
2026/08/27 15:13:12.405, 99 %, 1566 MiB, 63, P2, 1950 MHz, 9501 MHz, 206.01 W, 0x0000000000000000
2026/08/27 15:13:17.423, 91 %, 1568 MiB, 63, P2, 1950 MHz, 9501 MHz, 207.61 W, 0x0000000000000000
2026/08/27 15:13:22.443, 93 %, 1568 MiB, 63, P2, 1950 MHz, 9501 MHz, 205.49 W, 0x0000000000000000
2026/08/27 15:13:27.460, 99 %, 1568 MiB, 63, P2, 1950 MHz, 9501 MHz, 206.31 W, 0x0000000000000000
2026/08/27 15:13:32.480, 85 %, 1568 MiB, 63, P2, 1950 MHz, 9501 MHz, 207.13 W, 0x0000000000000000
2026/08/27 15:13:37.498, 56 %, 532 MiB, 63, P2, 1950 MHz, 9501 MHz, 208.87 W, 0x0000000000000000
2026/08/27 15:13:42.515, 56 %, 532 MiB, 63, P2, 1950 MHz, 9501 MHz, 209.25 W, 0x0000000000000000
2026/08/27 15:13:47.671, 0 %, 575 MiB, 61, P2, 1950 MHz, 9501 MHz, 159.16 W, 0x0000000000000000
2026/08/27 15:13:52.706, 99 %, 1562 MiB, 63, P2, 1950 MHz, 9501 MHz, 205.67 W, 0x0000000000000000
2026/08/27 15:13:57.726, 95 %, 1562 MiB, 63, P2, 1950 MHz, 9501 MHz, 206.73 W, 0x0000000000000000
2026/08/27 15:14:02.745, 98 %, 1562 MiB, 63, P2, 1950 MHz, 9501 MHz, 206.15 W, 0x0000000000000000
2026/08/27 15:14:07.765, 99 %, 1562 MiB, 63, P2, 1950 MHz, 9501 MHz, 205.54 W, 0x0000000000000000
2026/08/27 15:14:12.786, 56 %, 532 MiB, 63, P2, 1950 MHz, 9501 MHz, 205.42 W, 0x0000000000000000
2026/08/27 15:14:17.812, 58 %, 532 MiB, 63, P2, 1950 MHz, 9501 MHz, 211.48 W, 0x0000000000000000
2026/08/27 15:14:22.831, 56 %, 532 MiB, 63, P2, 1950 MHz, 9501 MHz, 208.72 W, 0x0000000000000000
2026/08/27 15:14:27.852, 98 %, 1564 MiB, 63, P2, 1950 MHz, 9501 MHz, 206.74 W, 0x0000000000000000
2026/08/27 15:14:32.872, 99 %, 1564 MiB, 63, P2, 1950 MHz, 9501 MHz, 206.01 W, 0x0000000000000000
2026/08/27 15:14:37.893, 98 %, 1566 MiB, 63, P2, 1950 MHz, 9501 MHz, 206.62 W, 0x0000000000000000
2026/08/27 15:14:42.914, 99 %, 1566 MiB, 63, P2, 1950 MHz, 9501 MHz, 206.18 W, 0x0000000000000000
2026/08/27 15:14:47.933, 84 %, 1566 MiB, 63, P2, 1950 MHz, 9501 MHz, 204.38 W, 0x0000000000000000
2026/08/27 15:14:52.954, 58 %, 532 MiB, 63, P2, 1950 MHz, 9501 MHz, 211.52 W, 0x0000000000000000
2026/08/27 15:14:57.974, 56 %, 532 MiB, 63, P2, 1950 MHz, 9501 MHz, 208.41 W, 0x0000000000000000
2026/08/27 15:15:02.994, 99 %, 1564 MiB, 62, P2, 1950 MHz, 9501 MHz, 169.21 W, 0x0000000000000000
2026/08/27 15:15:08.014, 98 %, 1564 MiB, 63, P2, 1950 MHz, 9501 MHz, 206.64 W, 0x0000000000000000
2026/08/27 15:15:13.035, 99 %, 1564 MiB, 63, P2, 1950 MHz, 9501 MHz, 206.09 W, 0x0000000000000000
2026/08/27 15:15:18.055, 99 %, 1564 MiB, 63, P2, 1950 MHz, 9501 MHz, 207.05 W, 0x0000000000000000
2026/08/27 15:15:23.073, 99 %, 1564 MiB, 63, P2, 1950 MHz, 9501 MHz, 205.77 W, 0x0000000000000000
2026/08/27 15:15:28.093, 99 %, 1564 MiB, 63, P2, 1950 MHz, 9501 MHz, 206.13 W, 0x0000000000000000
2026/08/27 15:15:33.114, 58 %, 532 MiB, 63, P2, 1950 MHz, 9501 MHz, 205.92 W, 0x0000000000000000
2026/08/27 15:15:38.133, 59 %, 532 MiB, 63, P2, 1950 MHz, 9501 MHz, 211.20 W, 0x0000000000000000
2026/08/27 15:15:43.153, 56 %, 532 MiB, 63, P2, 1950 MHz, 9501 MHz, 208.55 W, 0x0000000000000000
2026/08/27 15:15:48.173, 98 %, 1562 MiB, 63, P2, 1950 MHz, 9501 MHz, 206.78 W, 0x0000000000000000
2026/08/27 15:15:53.193, 99 %, 1562 MiB, 63, P2, 1950 MHz, 9501 MHz, 206.40 W, 0x0000000000000000
2026/08/27 15:15:58.213, 99 %, 1562 MiB, 63, P2, 1950 MHz, 9501 MHz, 206.32 W, 0x0000000000000000
2026/08/27 15:16:03.234, 98 %, 1562 MiB, 63, P2, 1950 MHz, 9501 MHz, 206.44 W, 0x0000000000000000
2026/08/27 15:16:08.254, 99 %, 1564 MiB, 63, P2, 1950 MHz, 9501 MHz, 206.51 W, 0x0000000000000000
2026/08/27 15:16:13.273, 58 %, 532 MiB, 63, P2, 1950 MHz, 9501 MHz, 204.47 W, 0x0000000000000000
2026/08/27 15:16:18.291, 56 %, 532 MiB, 63, P2, 1950 MHz, 9501 MHz, 208.36 W, 0x0000000000000000
2026/08/27 15:16:23.309, 55 %, 532 MiB, 63, P2, 1950 MHz, 9501 MHz, 208.27 W, 0x0000000000000000
2026/08/27 15:16:28.327, 99 %, 1562 MiB, 63, P2, 1950 MHz, 9501 MHz, 206.30 W, 0x0000000000000000
2026/08/27 15:16:33.345, 99 %, 1562 MiB, 63, P2, 1950 MHz, 9501 MHz, 205.83 W, 0x0000000000000000
2026/08/27 15:16:38.364, 99 %, 1562 MiB, 63, P2, 1950 MHz, 9501 MHz, 206.00 W, 0x0000000000000000
2026/08/27 15:16:43.385, 96 %, 1562 MiB, 63, P2, 1950 MHz, 9501 MHz, 206.12 W, 0x0000000000000000
2026/08/27 15:16:48.404, 98 %, 1564 MiB, 63, P2, 1950 MHz, 9501 MHz, 206.07 W, 0x0000000000000000
2026/08/27 15:16:53.423, 56 %, 532 MiB, 63, P2, 1950 MHz, 9501 MHz, 187.59 W, 0x0000000000000000
2026/08/27 15:16:58.441, 58 %, 532 MiB, 63, P2, 1950 MHz, 9501 MHz, 210.52 W, 0x0000000000000000
2026/08/27 15:17:03.459, 56 %, 532 MiB, 63, P2, 1950 MHz, 9501 MHz, 208.19 W, 0x0000000000000000
2026/08/27 15:17:08.479, 99 %, 1562 MiB, 63, P2, 1950 MHz, 9501 MHz, 206.64 W, 0x0000000000000000
2026/08/27 15:17:13.498, 99 %, 1562 MiB, 63, P2, 1950 MHz, 9501 MHz, 205.34 W, 0x0000000000000000
2026/08/27 15:17:18.518, 98 %, 1562 MiB, 63, P2, 1950 MHz, 9501 MHz, 206.32 W, 0x0000000000000000
2026/08/27 15:17:23.535, 98 %, 1562 MiB, 63, P2, 1950 MHz, 9501 MHz, 205.14 W, 0x0000000000000000
2026/08/27 15:17:28.555, 99 %, 1562 MiB, 63, P2, 1950 MHz, 9501 MHz, 205.83 W, 0x0000000000000000
2026/08/27 15:17:33.573, 56 %, 532 MiB, 63, P2, 1950 MHz, 9501 MHz, 196.27 W, 0x0000000000000000
2026/08/27 15:17:38.592, 56 %, 532 MiB, 63, P2, 1950 MHz, 9501 MHz, 208.49 W, 0x0000000000000000
2026/08/27 15:17:43.612, 56 %, 532 MiB, 63, P2, 1950 MHz, 9501 MHz, 208.18 W, 0x0000000000000000
2026/08/27 15:17:48.632, 99 %, 1564 MiB, 63, P2, 1950 MHz, 9501 MHz, 206.46 W, 0x0000000000000000
2026/08/27 15:17:53.653, 97 %, 1564 MiB, 63, P2, 1950 MHz, 9501 MHz, 206.31 W, 0x0000000000000000
2026/08/27 15:17:58.673, 96 %, 1564 MiB, 63, P2, 1950 MHz, 9501 MHz, 206.84 W, 0x0000000000000000
2026/08/27 15:18:03.694, 99 %, 1564 MiB, 63, P2, 1950 MHz, 9501 MHz, 205.55 W, 0x0000000000000000
2026/08/27 15:18:08.719, 99 %, 1564 MiB, 63, P2, 1950 MHz, 9501 MHz, 206.39 W, 0x0000000000000000
2026/08/27 15:18:13.738, 83 %, 1564 MiB, 63, P2, 1950 MHz, 9501 MHz, 206.84 W, 0x0000000000000000
2026/08/27 15:18:18.758, 56 %, 532 MiB, 63, P2, 1950 MHz, 9501 MHz, 208.26 W, 0x0000000000000000
2026/08/27 15:18:23.778, 56 %, 532 MiB, 63, P2, 1950 MHz, 9501 MHz, 208.13 W, 0x0000000000000000
2026/08/27 15:18:28.802, 0 %, 532 MiB, 61, P2, 1950 MHz, 9501 MHz, 175.21 W, 0x0000000000000000
2026/08/27 15:18:33.822, 98 %, 1562 MiB, 63, P2, 1950 MHz, 9501 MHz, 205.53 W, 0x0000000000000000
2026/08/27 15:18:38.842, 96 %, 1562 MiB, 63, P2, 1950 MHz, 9501 MHz, 206.34 W, 0x0000000000000000
2026/08/27 15:18:43.861, 99 %, 1562 MiB, 63, P2, 1950 MHz, 9501 MHz, 206.35 W, 0x0000000000000000
2026/08/27 15:18:48.880, 98 %, 1562 MiB, 63, P2, 1950 MHz, 9501 MHz, 206.84 W, 0x0000000000000000
2026/08/27 15:18:53.899, 99 %, 1562 MiB, 63, P2, 1950 MHz, 9501 MHz, 205.34 W, 0x0000000000000000
2026/08/27 15:18:58.918, 40 %, 1562 MiB, 62, P2, 1950 MHz, 9501 MHz, 193.41 W, 0x0000000000000000
2026/08/27 15:19:03.939, 56 %, 532 MiB, 63, P2, 1950 MHz, 9501 MHz, 208.38 W, 0x0000000000000000
2026/08/27 15:19:08.960, 59 %, 532 MiB, 63, P2, 1950 MHz, 9501 MHz, 211.61 W, 0x0000000000000000
2026/08/27 15:19:13.978, 0 %, 1562 MiB, 61, P2, 1950 MHz, 9501 MHz, 163.53 W, 0x0000000000000000
2026/08/27 15:19:18.998, 98 %, 1564 MiB, 63, P2, 1950 MHz, 9501 MHz, 206.64 W, 0x0000000000000000
2026/08/27 15:19:24.017, 99 %, 1564 MiB, 63, P2, 1950 MHz, 9501 MHz, 206.41 W, 0x0000000000000000
2026/08/27 15:19:29.036, 99 %, 1564 MiB, 63, P2, 1950 MHz, 9501 MHz, 205.78 W, 0x0000000000000000
2026/08/27 15:19:34.055, 79 %, 1566 MiB, 63, P2, 1950 MHz, 9501 MHz, 212.10 W, 0x0000000000000000
2026/08/27 15:19:39.074, 56 %, 532 MiB, 63, P2, 1950 MHz, 9501 MHz, 209.74 W, 0x0000000000000000
2026/08/27 15:19:44.094, 55 %, 532 MiB, 63, P2, 1950 MHz, 9501 MHz, 208.47 W, 0x0000000000000000
2026/08/27 15:19:49.115, 56 %, 532 MiB, 63, P2, 1950 MHz, 9501 MHz, 208.70 W, 0x0000000000000000
2026/08/27 15:19:54.136, 99 %, 1562 MiB, 63, P2, 1950 MHz, 9501 MHz, 205.73 W, 0x0000000000000000
2026/08/27 15:19:59.156, 99 %, 1562 MiB, 63, P2, 1950 MHz, 9501 MHz, 205.48 W, 0x0000000000000000
2026/08/27 15:20:04.175, 99 %, 1564 MiB, 63, P2, 1950 MHz, 9501 MHz, 206.64 W, 0x0000000000000000
2026/08/27 15:20:09.195, 91 %, 1564 MiB, 63, P2, 1950 MHz, 9501 MHz, 206.13 W, 0x0000000000000000
2026/08/27 15:20:14.216, 98 %, 1564 MiB, 63, P2, 1950 MHz, 9501 MHz, 206.01 W, 0x0000000000000000
2026/08/27 15:20:19.236, 98 %, 1564 MiB, 63, P2, 1950 MHz, 9501 MHz, 205.67 W, 0x0000000000000000
2026/08/27 15:20:24.255, 56 %, 532 MiB, 63, P2, 1950 MHz, 9501 MHz, 208.31 W, 0x0000000000000000
2026/08/27 15:20:29.276, 57 %, 532 MiB, 63, P2, 1950 MHz, 9501 MHz, 211.39 W, 0x0000000000000000
2026/08/27 15:20:34.297, 59 %, 532 MiB, 63, P2, 1950 MHz, 9501 MHz, 211.64 W, 0x0000000000000000
2026/08/27 15:20:39.317, 98 %, 1562 MiB, 63, P2, 1950 MHz, 9501 MHz, 207.45 W, 0x0000000000000000
2026/08/27 15:20:44.336, 98 %, 1562 MiB, 63, P2, 1950 MHz, 9501 MHz, 205.91 W, 0x0000000000000000
2026/08/27 15:20:49.355, 98 %, 1562 MiB, 63, P2, 1950 MHz, 9501 MHz, 206.81 W, 0x0000000000000000
2026/08/27 15:20:54.375, 98 %, 1562 MiB, 63, P2, 1950 MHz, 9501 MHz, 206.03 W, 0x0000000000000000
2026/08/27 15:20:59.393, 99 %, 1562 MiB, 63, P2, 1950 MHz, 9501 MHz, 207.24 W, 0x0000000000000000
2026/08/27 15:21:04.413, 88 %, 1562 MiB, 63, P2, 1950 MHz, 9501 MHz, 205.99 W, 0x0000000000000000
2026/08/27 15:21:09.433, 56 %, 532 MiB, 63, P2, 1950 MHz, 9501 MHz, 208.65 W, 0x0000000000000000
2026/08/27 15:21:14.451, 52 %, 532 MiB, 63, P2, 1950 MHz, 9501 MHz, 208.85 W, 0x0000000000000000
2026/08/27 15:21:19.470, 55 %, 532 MiB, 63, P2, 1950 MHz, 9501 MHz, 208.88 W, 0x0000000000000000
2026/08/27 15:21:24.491, 93 %, 1564 MiB, 63, P2, 1950 MHz, 9501 MHz, 206.65 W, 0x0000000000000000
2026/08/27 15:21:29.511, 99 %, 1564 MiB, 63, P2, 1950 MHz, 9501 MHz, 205.35 W, 0x0000000000000000
2026/08/27 15:21:34.531, 98 %, 1564 MiB, 63, P2, 1950 MHz, 9501 MHz, 207.00 W, 0x0000000000000000
2026/08/27 15:21:39.556, 98 %, 1564 MiB, 63, P2, 1950 MHz, 9501 MHz, 206.35 W, 0x0000000000000000
2026/08/27 15:21:44.577, 94 %, 1564 MiB, 63, P2, 1950 MHz, 9501 MHz, 206.49 W, 0x0000000000000000
2026/08/27 15:21:49.598, 55 %, 532 MiB, 63, P2, 1950 MHz, 9501 MHz, 203.32 W, 0x0000000000000000
2026/08/27 15:21:54.618, 55 %, 532 MiB, 63, P2, 1950 MHz, 9501 MHz, 208.71 W, 0x0000000000000000
2026/08/27 15:21:59.638, 58 %, 532 MiB, 63, P2, 1950 MHz, 9501 MHz, 211.87 W, 0x0000000000000000
2026/08/27 15:22:04.659, 98 %, 1562 MiB, 63, P2, 1950 MHz, 9501 MHz, 206.69 W, 0x0000000000000000
2026/08/27 15:22:09.679, 99 %, 1562 MiB, 63, P2, 1950 MHz, 9501 MHz, 205.71 W, 0x0000000000000000
2026/08/27 15:22:14.699, 92 %, 1564 MiB, 63, P2, 1950 MHz, 9501 MHz, 207.51 W, 0x0000000000000000
2026/08/27 15:22:19.718, 98 %, 1564 MiB, 63, P2, 1950 MHz, 9501 MHz, 206.12 W, 0x0000000000000000
2026/08/27 15:22:24.738, 98 %, 1566 MiB, 63, P2, 1950 MHz, 9501 MHz, 207.05 W, 0x0000000000000000
2026/08/27 15:22:29.759, 99 %, 1566 MiB, 63, P2, 1950 MHz, 9501 MHz, 206.70 W, 0x0000000000000000
2026/08/27 15:22:34.780, 54 %, 532 MiB, 63, P2, 1950 MHz, 9501 MHz, 189.62 W, 0x0000000000000000
2026/08/27 15:22:39.800, 59 %, 532 MiB, 63, P2, 1950 MHz, 9501 MHz, 211.58 W, 0x0000000000000000
2026/08/27 15:22:44.820, 56 %, 532 MiB, 63, P2, 1950 MHz, 9501 MHz, 209.02 W, 0x0000000000000000
2026/08/27 15:22:49.841, 99 %, 1564 MiB, 63, P2, 1950 MHz, 9501 MHz, 198.26 W, 0x0000000000000000
2026/08/27 15:22:54.859, 98 %, 1564 MiB, 63, P2, 1950 MHz, 9501 MHz, 206.82 W, 0x0000000000000000
2026/08/27 15:22:59.878, 98 %, 1564 MiB, 63, P2, 1950 MHz, 9501 MHz, 206.10 W, 0x0000000000000000
2026/08/27 15:23:04.898, 99 %, 1564 MiB, 63, P2, 1950 MHz, 9501 MHz, 206.26 W, 0x0000000000000000
2026/08/27 15:23:09.919, 98 %, 1564 MiB, 63, P2, 1950 MHz, 9501 MHz, 207.04 W, 0x0000000000000000
2026/08/27 15:23:14.939, 99 %, 1564 MiB, 63, P2, 1950 MHz, 9501 MHz, 206.13 W, 0x0000000000000000
2026/08/27 15:23:19.957, 0 %, 532 MiB, 61, P2, 1950 MHz, 9501 MHz, 185.89 W, 0x0000000000000000
2026/08/27 15:23:24.978, 58 %, 532 MiB, 63, P2, 1950 MHz, 9501 MHz, 211.82 W, 0x0000000000000000
2026/08/27 15:23:29.997, 58 %, 532 MiB, 63, P2, 1950 MHz, 9501 MHz, 211.68 W, 0x0000000000000000
2026/08/27 15:23:35.017, 99 %, 1564 MiB, 63, P2, 1950 MHz, 9501 MHz, 189.78 W, 0x0000000000000048
2026/08/27 15:23:40.038, 98 %, 1564 MiB, 63, P2, 1950 MHz, 9501 MHz, 206.46 W, 0x0000000000000000
2026/08/27 15:23:45.058, 99 %, 1564 MiB, 63, P2, 1950 MHz, 9501 MHz, 206.56 W, 0x0000000000000000
2026/08/27 15:23:50.078, 98 %, 1564 MiB, 63, P2, 1950 MHz, 9501 MHz, 207.08 W, 0x0000000000000000
2026/08/27 15:23:55.099, 98 %, 1564 MiB, 63, P2, 1950 MHz, 9501 MHz, 206.46 W, 0x0000000000000000
2026/08/27 15:24:00.119, 83 %, 1564 MiB, 63, P2, 1950 MHz, 9501 MHz, 209.92 W, 0x0000000000000000
2026/08/27 15:24:05.139, 56 %, 532 MiB, 63, P2, 1950 MHz, 9501 MHz, 208.72 W, 0x0000000000000000
2026/08/27 15:24:10.159, 55 %, 532 MiB, 63, P2, 1950 MHz, 9501 MHz, 208.53 W, 0x0000000000000000
2026/08/27 15:24:15.178, 0 %, 532 MiB, 62, P2, 1950 MHz, 9501 MHz, 198.50 W, 0x0000000000000000
2026/08/27 15:24:20.197, 97 %, 1562 MiB, 63, P2, 1950 MHz, 9501 MHz, 206.27 W, 0x0000000000000000
2026/08/27 15:24:25.216, 98 %, 1566 MiB, 63, P2, 1950 MHz, 9501 MHz, 207.07 W, 0x0000000000000000
2026/08/27 15:24:30.237, 99 %, 1566 MiB, 63, P2, 1950 MHz, 9501 MHz, 206.43 W, 0x0000000000000000
2026/08/27 15:24:35.257, 98 %, 1566 MiB, 63, P2, 1950 MHz, 9501 MHz, 206.90 W, 0x0000000000000000
2026/08/27 15:24:40.278, 99 %, 1566 MiB, 63, P2, 1950 MHz, 9501 MHz, 208.49 W, 0x0000000000000000
2026/08/27 15:24:45.300, 56 %, 532 MiB, 63, P2, 1950 MHz, 9501 MHz, 208.69 W, 0x0000000000000000
2026/08/27 15:24:50.320, 58 %, 532 MiB, 63, P2, 1950 MHz, 9501 MHz, 210.73 W, 0x0000000000000000
2026/08/27 15:24:55.340, 26 %, 532 MiB, 61, P2, 1950 MHz, 9501 MHz, 183.56 W, 0x0000000000000000
2026/08/27 15:25:00.360, 98 %, 1562 MiB, 63, P2, 1950 MHz, 9501 MHz, 206.98 W, 0x0000000000000000
2026/08/27 15:25:05.381, 97 %, 1562 MiB, 63, P2, 1950 MHz, 9501 MHz, 205.91 W, 0x0000000000000000
2026/08/27 15:25:10.402, 98 %, 1562 MiB, 63, P2, 1950 MHz, 9501 MHz, 205.95 W, 0x0000000000000000
2026/08/27 15:25:15.422, 93 %, 1562 MiB, 63, P2, 1950 MHz, 9501 MHz, 205.79 W, 0x0000000000000000
2026/08/27 15:25:20.441, 99 %, 1564 MiB, 63, P2, 1950 MHz, 9501 MHz, 206.16 W, 0x0000000000000000
2026/08/27 15:25:25.460, 56 %, 532 MiB, 63, P2, 1950 MHz, 9501 MHz, 190.18 W, 0x0000000000000000
2026/08/27 15:25:30.481, 59 %, 532 MiB, 63, P2, 1950 MHz, 9501 MHz, 211.84 W, 0x0000000000000000
2026/08/27 15:25:35.500, 58 %, 532 MiB, 63, P2, 1950 MHz, 9501 MHz, 211.74 W, 0x0000000000000000
2026/08/27 15:25:40.520, 99 %, 1564 MiB, 63, P2, 1950 MHz, 9501 MHz, 206.03 W, 0x0000000000000000
2026/08/27 15:25:45.541, 98 %, 1564 MiB, 63, P2, 1950 MHz, 9501 MHz, 206.63 W, 0x0000000000000000
2026/08/27 15:25:50.558, 93 %, 1564 MiB, 63, P2, 1950 MHz, 9501 MHz, 205.84 W, 0x0000000000000000
2026/08/27 15:25:55.578, 99 %, 1564 MiB, 63, P2, 1950 MHz, 9501 MHz, 205.99 W, 0x0000000000000000
2026/08/27 15:26:00.599, 91 %, 1564 MiB, 63, P2, 1950 MHz, 9501 MHz, 206.79 W, 0x0000000000000000
2026/08/27 15:26:05.618, 99 %, 1564 MiB, 63, P2, 1950 MHz, 9501 MHz, 205.74 W, 0x0000000000000000
2026/08/27 15:26:10.638, 55 %, 532 MiB, 63, P2, 1950 MHz, 9501 MHz, 208.42 W, 0x0000000000000000
2026/08/27 15:26:15.657, 55 %, 532 MiB, 63, P2, 1950 MHz, 9501 MHz, 208.59 W, 0x0000000000000000
2026/08/27 15:26:20.678, 57 %, 532 MiB, 63, P2, 1950 MHz, 9501 MHz, 211.59 W, 0x0000000000000000
2026/08/27 15:26:25.699, 92 %, 1562 MiB, 63, P2, 1950 MHz, 9501 MHz, 207.19 W, 0x0000000000000000
2026/08/27 15:26:30.719, 97 %, 1562 MiB, 63, P2, 1950 MHz, 9501 MHz, 206.33 W, 0x0000000000000000
2026/08/27 15:26:35.740, 98 %, 1562 MiB, 63, P2, 1950 MHz, 9501 MHz, 205.98 W, 0x0000000000000000
2026/08/27 15:26:40.760, 98 %, 1562 MiB, 63, P2, 1950 MHz, 9501 MHz, 206.32 W, 0x0000000000000000
2026/08/27 15:26:45.781, 96 %, 1562 MiB, 63, P2, 1950 MHz, 9501 MHz, 206.70 W, 0x0000000000000000
2026/08/27 15:26:50.801, 55 %, 532 MiB, 63, P2, 1950 MHz, 9501 MHz, 208.55 W, 0x0000000000000000
2026/08/27 15:26:55.822, 58 %, 532 MiB, 63, P2, 1950 MHz, 9501 MHz, 209.48 W, 0x0000000000000000
2026/08/27 15:27:00.841, 58 %, 532 MiB, 63, P2, 1950 MHz, 9501 MHz, 210.58 W, 0x0000000000000000
2026/08/27 15:27:05.861, 99 %, 1564 MiB, 63, P2, 1950 MHz, 9501 MHz, 205.99 W, 0x0000000000000000
2026/08/27 15:27:10.881, 95 %, 1564 MiB, 63, P2, 1950 MHz, 9501 MHz, 205.88 W, 0x0000000000000000
2026/08/27 15:27:15.901, 98 %, 1564 MiB, 63, P2, 1950 MHz, 9501 MHz, 207.00 W, 0x0000000000000000
2026/08/27 15:27:20.922, 99 %, 1564 MiB, 63, P2, 1950 MHz, 9501 MHz, 206.40 W, 0x0000000000000048
2026/08/27 15:27:25.943, 99 %, 1564 MiB, 63, P2, 1950 MHz, 9501 MHz, 206.09 W, 0x0000000000000000
2026/08/27 15:27:30.964, 55 %, 532 MiB, 63, P2, 1950 MHz, 9501 MHz, 208.59 W, 0x0000000000000000
2026/08/27 15:27:35.983, 56 %, 532 MiB, 63, P2, 1950 MHz, 9501 MHz, 208.94 W, 0x0000000000000000
2026/08/27 15:27:41.002, 59 %, 532 MiB, 63, P2, 1950 MHz, 9501 MHz, 210.96 W, 0x0000000000000000
2026/08/27 15:27:46.022, 99 %, 1562 MiB, 63, P2, 1950 MHz, 9501 MHz, 207.16 W, 0x0000000000000000
2026/08/27 15:27:51.043, 98 %, 1562 MiB, 63, P2, 1950 MHz, 9501 MHz, 206.09 W, 0x0000000000000000
2026/08/27 15:27:56.063, 98 %, 1564 MiB, 63, P2, 1950 MHz, 9501 MHz, 206.52 W, 0x0000000000000000
2026/08/27 15:28:01.083, 99 %, 1564 MiB, 63, P2, 1950 MHz, 9501 MHz, 206.24 W, 0x0000000000000000
2026/08/27 15:28:06.103, 99 %, 1564 MiB, 63, P2, 1950 MHz, 9501 MHz, 206.51 W, 0x0000000000000000
2026/08/27 15:28:11.123, 98 %, 1564 MiB, 63, P2, 1950 MHz, 9501 MHz, 206.46 W, 0x0000000000000000
2026/08/27 15:28:16.142, 55 %, 532 MiB, 63, P2, 1950 MHz, 9501 MHz, 208.79 W, 0x0000000000000000
2026/08/27 15:28:21.161, 56 %, 532 MiB, 63, P2, 1950 MHz, 9501 MHz, 208.56 W, 0x0000000000000000
2026/08/27 15:28:26.182, 56 %, 532 MiB, 63, P2, 1950 MHz, 9501 MHz, 208.36 W, 0x0000000000000000
2026/08/27 15:28:31.200, 99 %, 1562 MiB, 63, P2, 1950 MHz, 9501 MHz, 205.79 W, 0x0000000000000000
2026/08/27 15:28:36.220, 97 %, 1562 MiB, 63, P2, 1950 MHz, 9501 MHz, 205.36 W, 0x0000000000000000
2026/08/27 15:28:41.239, 98 %, 1562 MiB, 63, P2, 1950 MHz, 9501 MHz, 206.32 W, 0x0000000000000000
2026/08/27 15:28:46.258, 99 %, 1562 MiB, 63, P2, 1950 MHz, 9501 MHz, 206.57 W, 0x0000000000000000
2026/08/27 15:28:51.277, 99 %, 1562 MiB, 63, P2, 1950 MHz, 9501 MHz, 205.47 W, 0x0000000000000000
2026/08/27 15:28:56.297, 58 %, 532 MiB, 63, P2, 1950 MHz, 9501 MHz, 210.88 W, 0x0000000000000000
2026/08/27 15:29:01.316, 59 %, 532 MiB, 63, P2, 1950 MHz, 9501 MHz, 211.52 W, 0x0000000000000000
2026/08/27 15:29:06.339, 0 %, 1442 MiB, 61, P2, 1950 MHz, 9501 MHz, 158.02 W, 0x0000000000000000
2026/08/27 15:29:11.360, 99 %, 1562 MiB, 63, P2, 1950 MHz, 9501 MHz, 205.40 W, 0x0000000000000000
2026/08/27 15:29:16.380, 99 %, 1564 MiB, 63, P2, 1950 MHz, 9501 MHz, 206.09 W, 0x0000000000000000
2026/08/27 15:29:21.399, 99 %, 1564 MiB, 63, P2, 1950 MHz, 9501 MHz, 205.86 W, 0x0000000000000000
2026/08/27 15:29:26.419, 99 %, 1564 MiB, 63, P2, 1950 MHz, 9501 MHz, 206.30 W, 0x0000000000000000
2026/08/27 15:29:31.441, 99 %, 1564 MiB, 63, P2, 1950 MHz, 9501 MHz, 205.33 W, 0x0000000000000000
2026/08/27 15:29:36.463, 55 %, 532 MiB, 63, P2, 1950 MHz, 9501 MHz, 208.11 W, 0x0000000000000000
2026/08/27 15:29:41.483, 58 %, 532 MiB, 63, P2, 1950 MHz, 9501 MHz, 210.89 W, 0x0000000000000000
2026/08/27 15:29:46.504, 56 %, 532 MiB, 63, P2, 1950 MHz, 9501 MHz, 208.15 W, 0x0000000000000000
2026/08/27 15:29:51.523, 98 %, 1566 MiB, 63, P2, 1950 MHz, 9501 MHz, 206.89 W, 0x0000000000000000
2026/08/27 15:29:56.543, 93 %, 1566 MiB, 63, P2, 1950 MHz, 9501 MHz, 205.80 W, 0x0000000000000000
2026/08/27 15:30:01.562, 97 %, 1566 MiB, 63, P2, 1950 MHz, 9501 MHz, 205.82 W, 0x0000000000000000
2026/08/27 15:30:06.582, 99 %, 1566 MiB, 63, P2, 1950 MHz, 9501 MHz, 206.32 W, 0x0000000000000000
2026/08/27 15:30:11.602, 97 %, 1566 MiB, 63, P2, 1950 MHz, 9501 MHz, 206.43 W, 0x0000000000000000
2026/08/27 15:30:16.621, 56 %, 532 MiB, 63, P2, 1950 MHz, 9501 MHz, 208.21 W, 0x0000000000000000
2026/08/27 15:30:21.641, 58 %, 532 MiB, 63, P2, 1950 MHz, 9501 MHz, 209.51 W, 0x0000000000000000
2026/08/27 15:30:26.661, 58 %, 532 MiB, 62, P2, 1950 MHz, 9501 MHz, 204.82 W, 0x0000000000000000
2026/08/27 15:30:31.681, 99 %, 1562 MiB, 63, P2, 1950 MHz, 9501 MHz, 206.04 W, 0x0000000000000000
2026/08/27 15:30:36.701, 99 %, 1562 MiB, 63, P2, 1950 MHz, 9501 MHz, 205.96 W, 0x0000000000000000
2026/08/27 15:30:41.722, 98 %, 1562 MiB, 63, P2, 1950 MHz, 9501 MHz, 206.71 W, 0x0000000000000000
2026/08/27 15:30:46.742, 99 %, 1564 MiB, 63, P2, 1950 MHz, 9501 MHz, 206.47 W, 0x0000000000000000
2026/08/27 15:30:51.762, 99 %, 1564 MiB, 63, P2, 1950 MHz, 9501 MHz, 206.62 W, 0x0000000000000000
2026/08/27 15:30:56.782, 58 %, 532 MiB, 63, P2, 1950 MHz, 9501 MHz, 210.86 W, 0x0000000000000000
2026/08/27 15:31:01.802, 58 %, 532 MiB, 63, P2, 1950 MHz, 9501 MHz, 211.67 W, 0x0000000000000000
2026/08/27 15:31:06.823, 54 %, 532 MiB, 63, P2, 1950 MHz, 9501 MHz, 208.05 W, 0x0000000000000000
2026/08/27 15:31:11.844, 93 %, 1564 MiB, 63, P2, 1950 MHz, 9501 MHz, 207.07 W, 0x0000000000000000
2026/08/27 15:31:16.865, 98 %, 1564 MiB, 63, P2, 1950 MHz, 9501 MHz, 206.40 W, 0x0000000000000000
2026/08/27 15:31:21.886, 98 %, 1564 MiB, 63, P2, 1950 MHz, 9501 MHz, 206.02 W, 0x0000000000000000
2026/08/27 15:31:26.906, 99 %, 1564 MiB, 63, P2, 1950 MHz, 9501 MHz, 206.02 W, 0x0000000000000000
2026/08/27 15:31:31.926, 99 %, 1564 MiB, 63, P2, 1950 MHz, 9501 MHz, 206.29 W, 0x0000000000000000
2026/08/27 15:31:36.947, 95 %, 1564 MiB, 63, P2, 1950 MHz, 9501 MHz, 205.99 W, 0x0000000000000000
2026/08/27 15:31:41.968, 56 %, 532 MiB, 63, P2, 1950 MHz, 9501 MHz, 207.95 W, 0x0000000000000000
2026/08/27 15:31:46.986, 56 %, 532 MiB, 63, P2, 1950 MHz, 9501 MHz, 208.13 W, 0x0000000000000000
2026/08/27 15:31:52.006, 55 %, 532 MiB, 63, P2, 1950 MHz, 9501 MHz, 208.38 W, 0x0000000000000000
2026/08/27 15:31:57.026, 93 %, 1564 MiB, 63, P2, 1950 MHz, 9501 MHz, 206.21 W, 0x0000000000000000
2026/08/27 15:32:02.046, 99 %, 1564 MiB, 63, P2, 1950 MHz, 9501 MHz, 206.04 W, 0x0000000000000000
2026/08/27 15:32:07.066, 98 %, 1564 MiB, 63, P2, 1950 MHz, 9501 MHz, 205.83 W, 0x0000000000000000
2026/08/27 15:32:12.084, 99 %, 1564 MiB, 63, P2, 1950 MHz, 9501 MHz, 206.23 W, 0x0000000000000000
2026/08/27 15:32:17.102, 99 %, 1564 MiB, 63, P2, 1950 MHz, 9501 MHz, 206.35 W, 0x0000000000000000
2026/08/27 15:32:22.123, 98 %, 1564 MiB, 63, P2, 1950 MHz, 9501 MHz, 206.20 W, 0x0000000000000000
2026/08/27 15:32:27.144, 55 %, 532 MiB, 63, P2, 1950 MHz, 9501 MHz, 207.58 W, 0x0000000000000000
2026/08/27 15:32:32.164, 56 %, 532 MiB, 63, P2, 1950 MHz, 9501 MHz, 208.40 W, 0x0000000000000000
2026/08/27 15:32:37.185, 55 %, 532 MiB, 63, P2, 1950 MHz, 9501 MHz, 208.37 W, 0x0000000000000000
2026/08/27 15:32:42.205, 99 %, 1562 MiB, 63, P2, 1950 MHz, 9501 MHz, 206.60 W, 0x0000000000000000
2026/08/27 15:32:47.226, 99 %, 1562 MiB, 63, P2, 1950 MHz, 9501 MHz, 205.99 W, 0x0000000000000000
2026/08/27 15:32:52.245, 99 %, 1564 MiB, 63, P2, 1950 MHz, 9501 MHz, 206.35 W, 0x0000000000000000
2026/08/27 15:32:57.265, 98 %, 1564 MiB, 63, P2, 1950 MHz, 9501 MHz, 206.93 W, 0x0000000000000000
2026/08/27 15:33:02.285, 99 %, 1566 MiB, 63, P2, 1950 MHz, 9501 MHz, 206.00 W, 0x0000000000000000
2026/08/27 15:33:07.303, 41 %, 1566 MiB, 63, P2, 1950 MHz, 9501 MHz, 209.60 W, 0x0000000000000000
2026/08/27 15:33:12.323, 55 %, 532 MiB, 63, P2, 1950 MHz, 9501 MHz, 209.48 W, 0x0000000000000000
2026/08/27 15:33:17.342, 58 %, 532 MiB, 63, P2, 1950 MHz, 9501 MHz, 210.01 W, 0x0000000000000000
2026/08/27 15:33:22.362, 98 %, 1562 MiB, 63, P2, 1950 MHz, 9501 MHz, 170.37 W, 0x0000000000000000
2026/08/27 15:33:27.381, 91 %, 1562 MiB, 63, P2, 1950 MHz, 9501 MHz, 206.29 W, 0x0000000000000000
2026/08/27 15:33:32.401, 99 %, 1562 MiB, 63, P2, 1950 MHz, 9501 MHz, 205.60 W, 0x0000000000000000
2026/08/27 15:33:37.421, 98 %, 1562 MiB, 63, P2, 1950 MHz, 9501 MHz, 206.61 W, 0x0000000000000000
2026/08/27 15:33:42.442, 99 %, 1562 MiB, 63, P2, 1950 MHz, 9501 MHz, 205.93 W, 0x0000000000000000
2026/08/27 15:33:47.462, 99 %, 1564 MiB, 63, P2, 1950 MHz, 9501 MHz, 205.82 W, 0x0000000000000000
2026/08/27 15:33:52.481, 59 %, 532 MiB, 63, P2, 1950 MHz, 9501 MHz, 210.43 W, 0x0000000000000000
2026/08/27 15:33:57.499, 59 %, 532 MiB, 63, P2, 1950 MHz, 9501 MHz, 211.07 W, 0x0000000000000000
2026/08/27 15:34:02.517, 58 %, 532 MiB, 63, P2, 1950 MHz, 9501 MHz, 210.63 W, 0x0000000000000000
2026/08/27 15:34:07.536, 98 %, 1562 MiB, 63, P2, 1950 MHz, 9501 MHz, 206.35 W, 0x0000000000000000
2026/08/27 15:34:12.556, 99 %, 1562 MiB, 63, P2, 1950 MHz, 9501 MHz, 206.54 W, 0x0000000000000000
2026/08/27 15:34:17.576, 99 %, 1562 MiB, 63, P2, 1950 MHz, 9501 MHz, 206.25 W, 0x0000000000000000
2026/08/27 15:34:22.599, 98 %, 1562 MiB, 63, P2, 1950 MHz, 9501 MHz, 207.11 W, 0x0000000000000000
2026/08/27 15:34:27.619, 98 %, 1562 MiB, 63, P2, 1950 MHz, 9501 MHz, 205.28 W, 0x0000000000000000
2026/08/27 15:34:32.640, 56 %, 532 MiB, 63, P2, 1950 MHz, 9501 MHz, 204.19 W, 0x0000000000000000
2026/08/27 15:34:37.661, 58 %, 532 MiB, 63, P2, 1950 MHz, 9501 MHz, 211.23 W, 0x0000000000000000
2026/08/27 15:34:42.681, 58 %, 532 MiB, 63, P2, 1950 MHz, 9501 MHz, 211.23 W, 0x0000000000000000
2026/08/27 15:34:47.701, 97 %, 1562 MiB, 63, P2, 1950 MHz, 9501 MHz, 206.63 W, 0x0000000000000000
2026/08/27 15:34:52.720, 98 %, 1562 MiB, 63, P2, 1950 MHz, 9501 MHz, 205.10 W, 0x0000000000000000
2026/08/27 15:34:57.740, 98 %, 1562 MiB, 63, P2, 1950 MHz, 9501 MHz, 206.29 W, 0x0000000000000000
2026/08/27 15:35:02.761, 99 %, 1562 MiB, 63, P2, 1950 MHz, 9501 MHz, 207.51 W, 0x0000000000000000
2026/08/27 15:35:07.781, 98 %, 1562 MiB, 63, P2, 1950 MHz, 9501 MHz, 205.67 W, 0x0000000000000000
2026/08/27 15:35:12.800, 55 %, 532 MiB, 63, P2, 1950 MHz, 9501 MHz, 208.30 W, 0x0000000000000000
2026/08/27 15:35:17.818, 55 %, 532 MiB, 63, P2, 1950 MHz, 9501 MHz, 208.29 W, 0x0000000000000000
2026/08/27 15:35:22.839, 58 %, 532 MiB, 63, P2, 1950 MHz, 9501 MHz, 211.20 W, 0x0000000000000000
2026/08/27 15:35:27.858, 99 %, 1564 MiB, 63, P2, 1950 MHz, 9501 MHz, 207.25 W, 0x0000000000000000
2026/08/27 15:35:32.878, 99 %, 1564 MiB, 63, P2, 1950 MHz, 9501 MHz, 205.88 W, 0x0000000000000000
2026/08/27 15:35:37.898, 99 %, 1564 MiB, 63, P2, 1950 MHz, 9501 MHz, 206.76 W, 0x0000000000000000
2026/08/27 15:35:42.919, 96 %, 1564 MiB, 63, P2, 1950 MHz, 9501 MHz, 206.69 W, 0x0000000000000000
2026/08/27 15:35:47.939, 99 %, 1564 MiB, 63, P2, 1950 MHz, 9501 MHz, 205.93 W, 0x0000000000000000
2026/08/27 15:35:52.957, 40 %, 1564 MiB, 63, P2, 1950 MHz, 9501 MHz, 197.22 W, 0x0000000000000000
2026/08/27 15:35:57.977, 58 %, 532 MiB, 63, P2, 1950 MHz, 9501 MHz, 208.48 W, 0x0000000000000000
2026/08/27 15:36:02.996, 59 %, 532 MiB, 63, P2, 1950 MHz, 9501 MHz, 208.13 W, 0x0000000000000000
2026/08/27 15:36:08.018, 0 %, 1458 MiB, 61, P2, 1950 MHz, 9501 MHz, 161.57 W, 0x0000000000000000
2026/08/27 15:36:13.040, 93 %, 1564 MiB, 63, P2, 1950 MHz, 9501 MHz, 206.67 W, 0x0000000000000000
2026/08/27 15:36:18.061, 98 %, 1564 MiB, 63, P2, 1950 MHz, 9501 MHz, 206.45 W, 0x0000000000000000
2026/08/27 15:36:23.082, 99 %, 1564 MiB, 63, P2, 1950 MHz, 9501 MHz, 205.55 W, 0x0000000000000000
2026/08/27 15:36:28.103, 99 %, 1564 MiB, 63, P2, 1950 MHz, 9501 MHz, 206.27 W, 0x0000000000000000
2026/08/27 15:36:33.123, 95 %, 1564 MiB, 63, P2, 1950 MHz, 9501 MHz, 205.32 W, 0x0000000000000000
2026/08/27 15:36:38.142, 56 %, 532 MiB, 63, P2, 1950 MHz, 9501 MHz, 189.51 W, 0x0000000000000000
2026/08/27 15:36:43.162, 57 %, 532 MiB, 63, P2, 1950 MHz, 9501 MHz, 210.95 W, 0x0000000000000000
2026/08/27 15:36:48.182, 59 %, 532 MiB, 63, P2, 1950 MHz, 9501 MHz, 211.23 W, 0x0000000000000000
2026/08/27 15:36:53.201, 99 %, 1562 MiB, 63, P2, 1950 MHz, 9501 MHz, 206.75 W, 0x0000000000000000
2026/08/27 15:36:58.221, 96 %, 1562 MiB, 63, P2, 1950 MHz, 9501 MHz, 205.75 W, 0x0000000000000000
2026/08/27 15:37:03.242, 99 %, 1562 MiB, 63, P2, 1950 MHz, 9501 MHz, 206.85 W, 0x0000000000000000
2026/08/27 15:37:08.262, 99 %, 1562 MiB, 63, P2, 1950 MHz, 9501 MHz, 205.53 W, 0x0000000000000000
2026/08/27 15:37:13.282, 99 %, 1562 MiB, 63, P2, 1950 MHz, 9501 MHz, 207.18 W, 0x0000000000000000
2026/08/27 15:37:18.304, 79 %, 1562 MiB, 63, P2, 1950 MHz, 9501 MHz, 208.99 W, 0x0000000000000000
2026/08/27 15:37:23.324, 55 %, 532 MiB, 63, P2, 1950 MHz, 9501 MHz, 207.97 W, 0x0000000000000000
2026/08/27 15:37:28.342, 54 %, 532 MiB, 63, P2, 1950 MHz, 9501 MHz, 208.15 W, 0x0000000000000000
2026/08/27 15:37:33.363, 55 %, 532 MiB, 63, P2, 1950 MHz, 9501 MHz, 208.55 W, 0x0000000000000000
2026/08/27 15:37:38.383, 98 %, 1564 MiB, 63, P2, 1950 MHz, 9501 MHz, 206.36 W, 0x0000000000000000
2026/08/27 15:37:43.403, 98 %, 1564 MiB, 63, P2, 1950 MHz, 9501 MHz, 206.84 W, 0x0000000000000000
2026/08/27 15:37:48.423, 99 %, 1564 MiB, 63, P2, 1950 MHz, 9501 MHz, 205.63 W, 0x0000000000000000
2026/08/27 15:37:53.442, 99 %, 1564 MiB, 63, P2, 1950 MHz, 9501 MHz, 205.88 W, 0x0000000000000000
2026/08/27 15:37:58.460, 41 %, 1564 MiB, 63, P2, 1950 MHz, 9501 MHz, 202.18 W, 0x0000000000000000
2026/08/27 15:38:03.477, 58 %, 532 MiB, 63, P2, 1950 MHz, 9501 MHz, 211.41 W, 0x0000000000000000
2026/08/27 15:38:08.498, 55 %, 532 MiB, 63, P2, 1950 MHz, 9501 MHz, 209.06 W, 0x0000000000000000
2026/08/27 15:38:13.519, 0 %, 1562 MiB, 61, P2, 1950 MHz, 9501 MHz, 161.09 W, 0x0000000000000000
2026/08/27 15:38:18.541, 99 %, 1562 MiB, 63, P2, 1950 MHz, 9501 MHz, 206.60 W, 0x0000000000000000
2026/08/27 15:38:23.561, 98 %, 1562 MiB, 63, P2, 1950 MHz, 9501 MHz, 206.61 W, 0x0000000000000000
2026/08/27 15:38:28.580, 98 %, 1562 MiB, 63, P2, 1950 MHz, 9501 MHz, 205.38 W, 0x0000000000000000
2026/08/27 15:38:33.599, 99 %, 1564 MiB, 63, P2, 1950 MHz, 9501 MHz, 207.02 W, 0x0000000000000000
2026/08/27 15:38:38.619, 81 %, 1564 MiB, 63, P2, 1950 MHz, 9501 MHz, 212.44 W, 0x0000000000000000
2026/08/27 15:38:43.638, 59 %, 532 MiB, 63, P2, 1950 MHz, 9501 MHz, 211.17 W, 0x0000000000000000
2026/08/27 15:38:48.659, 58 %, 532 MiB, 63, P2, 1950 MHz, 9501 MHz, 209.49 W, 0x0000000000000000
2026/08/27 15:38:53.680, 0 %, 1562 MiB, 61, P2, 1950 MHz, 9501 MHz, 161.58 W, 0x0000000000000000
2026/08/27 15:38:58.701, 99 %, 1564 MiB, 63, P2, 1950 MHz, 9501 MHz, 205.85 W, 0x0000000000000000
2026/08/27 15:39:03.721, 91 %, 1564 MiB, 63, P2, 1950 MHz, 9501 MHz, 205.38 W, 0x0000000000000000
2026/08/27 15:39:08.741, 99 %, 1564 MiB, 63, P2, 1950 MHz, 9501 MHz, 206.07 W, 0x0000000000000000
2026/08/27 15:39:13.761, 99 %, 1566 MiB, 63, P2, 1950 MHz, 9501 MHz, 206.43 W, 0x0000000000000000
2026/08/27 15:39:18.782, 99 %, 1566 MiB, 63, P2, 1950 MHz, 9501 MHz, 205.75 W, 0x0000000000000000
2026/08/27 15:39:23.801, 56 %, 532 MiB, 63, P2, 1950 MHz, 9501 MHz, 208.35 W, 0x0000000000000000
2026/08/27 15:39:28.822, 58 %, 532 MiB, 63, P2, 1950 MHz, 9501 MHz, 211.11 W, 0x0000000000000000
2026/08/27 15:39:33.843, 55 %, 532 MiB, 63, P2, 1950 MHz, 9501 MHz, 208.67 W, 0x0000000000000000
2026/08/27 15:39:38.863, 99 %, 1562 MiB, 63, P2, 1950 MHz, 9501 MHz, 205.92 W, 0x0000000000000000
2026/08/27 15:39:43.884, 99 %, 1562 MiB, 63, P2, 1950 MHz, 9501 MHz, 205.70 W, 0x0000000000000000
2026/08/27 15:39:48.904, 99 %, 1562 MiB, 63, P2, 1950 MHz, 9501 MHz, 205.36 W, 0x0000000000000000
2026/08/27 15:39:53.925, 98 %, 1562 MiB, 63, P2, 1950 MHz, 9501 MHz, 206.53 W, 0x0000000000000000
2026/08/27 15:39:58.944, 41 %, 532 MiB, 63, P2, 1950 MHz, 9501 MHz, 208.71 W, 0x0000000000000000
2026/08/27 15:40:03.965, 55 %, 532 MiB, 63, P2, 1950 MHz, 9501 MHz, 208.75 W, 0x0000000000000000
2026/08/27 15:40:08.986, 56 %, 532 MiB, 63, P2, 1950 MHz, 9501 MHz, 208.47 W, 0x0000000000000000
2026/08/27 15:40:14.004, 0 %, 532 MiB, 60, P2, 1695 MHz, 9501 MHz, 153.30 W, 0x0000000000000000
2026/08/27 15:40:19.026, 0 %, 82 MiB, 58, P5, 1695 MHz, 9751 MHz, 125.78 W, 0x0000000000000001
2026/08/27 15:40:24.048, 0 %, 82 MiB, 52, P8, 210 MHz, 405 MHz, 30.66 W, 0x0000000000000001
2026/08/27 15:40:29.072, 0 %, 82 MiB, 51, P8, 210 MHz, 405 MHz, 29.96 W, 0x0000000000000001
2026/08/27 15:40:34.098, 0 %, 82 MiB, 49, P8, 210 MHz, 405 MHz, 29.40 W, 0x0000000000000001
2026/08/27 15:40:39.121, 0 %, 82 MiB, 47, P8, 210 MHz, 405 MHz, 29.16 W, 0x0000000000000001
2026/08/27 15:40:44.146, 0 %, 82 MiB, 46, P8, 210 MHz, 405 MHz, 28.66 W, 0x0000000000000001
2026/08/27 15:40:49.171, 0 %, 82 MiB, 45, P8, 210 MHz, 405 MHz, 28.19 W, 0x0000000000000001
2026/08/27 15:40:54.197, 0 %, 82 MiB, 44, P8, 210 MHz, 405 MHz, 28.04 W, 0x0000000000000001
2026/08/27 15:40:59.220, 0 %, 82 MiB, 44, P8, 210 MHz, 405 MHz, 27.65 W, 0x0000000000000001
2026/08/27 15:41:04.241, 0 %, 82 MiB, 43, P8, 210 MHz, 405 MHz, 27.37 W, 0x0000000000000001
2026/08/27 15:41:09.266, 0 %, 82 MiB, 43, P8, 210 MHz, 405 MHz, 27.30 W, 0x0000000000000001
2026/08/27 15:41:14.292, 0 %, 82 MiB, 42, P8, 210 MHz, 405 MHz, 26.95 W, 0x0000000000000001
2026/08/27 15:41:19.317, 0 %, 82 MiB, 42, P8, 210 MHz, 405 MHz, 26.84 W, 0x0000000000000001
2026/08/27 15:41:24.343, 0 %, 82 MiB, 41, P8, 210 MHz, 405 MHz, 26.59 W, 0x0000000000000001
2026/08/27 15:41:29.366, 0 %, 82 MiB, 41, P8, 210 MHz, 405 MHz, 26.48 W, 0x0000000000000001
2026/08/27 15:41:34.388, 0 %, 82 MiB, 41, P8, 210 MHz, 405 MHz, 26.69 W, 0x0000000000000001
2026/08/27 15:41:39.413, 0 %, 82 MiB, 41, P8, 210 MHz, 405 MHz, 26.23 W, 0x0000000000000001
2026/08/27 15:41:44.439, 0 %, 82 MiB, 40, P8, 210 MHz, 405 MHz, 26.17 W, 0x0000000000000001
2026/08/27 15:41:49.461, 0 %, 82 MiB, 40, P8, 210 MHz, 405 MHz, 26.29 W, 0x0000000000000001
2026/08/27 15:41:54.483, 0 %, 82 MiB, 40, P8, 210 MHz, 405 MHz, 26.33 W, 0x0000000000000001
2026/08/27 15:41:59.505, 0 %, 82 MiB, 40, P8, 210 MHz, 405 MHz, 26.11 W, 0x0000000000000001
2026/08/27 15:42:04.527, 0 %, 82 MiB, 40, P8, 210 MHz, 405 MHz, 26.28 W, 0x0000000000000001
2026/08/27 15:42:09.550, 0 %, 82 MiB, 39, P8, 210 MHz, 405 MHz, 26.16 W, 0x0000000000000001
2026/08/27 15:42:14.574, 0 %, 82 MiB, 39, P8, 210 MHz, 405 MHz, 26.24 W, 0x0000000000000001
2026/08/27 15:42:19.598, 0 %, 82 MiB, 39, P8, 210 MHz, 405 MHz, 26.21 W, 0x0000000000000001
2026/08/27 15:42:24.622, 0 %, 82 MiB, 39, P8, 210 MHz, 405 MHz, 25.94 W, 0x0000000000000001
2026/08/27 15:42:29.647, 0 %, 82 MiB, 39, P8, 210 MHz, 405 MHz, 26.23 W, 0x0000000000000001
2026/08/27 15:42:34.671, 0 %, 82 MiB, 39, P8, 210 MHz, 405 MHz, 26.12 W, 0x0000000000000001
2026/08/27 15:42:39.695, 0 %, 82 MiB, 39, P8, 210 MHz, 405 MHz, 26.25 W, 0x0000000000000001
2026/08/27 15:42:44.720, 0 %, 82 MiB, 39, P8, 210 MHz, 405 MHz, 26.28 W, 0x0000000000000001
2026/08/27 15:42:49.746, 0 %, 82 MiB, 39, P8, 210 MHz, 405 MHz, 26.19 W, 0x0000000000000001
2026/08/27 15:42:54.772, 0 %, 82 MiB, 39, P8, 210 MHz, 405 MHz, 26.30 W, 0x0000000000000001
2026/08/27 15:42:59.795, 0 %, 82 MiB, 38, P8, 210 MHz, 405 MHz, 26.20 W, 0x0000000000000001
2026/08/27 15:43:04.817, 0 %, 82 MiB, 38, P8, 210 MHz, 405 MHz, 26.11 W, 0x0000000000000001
2026/08/27 15:43:09.839, 0 %, 82 MiB, 38, P8, 210 MHz, 405 MHz, 26.17 W, 0x0000000000000001
2026/08/27 15:43:14.862, 0 %, 82 MiB, 38, P8, 210 MHz, 405 MHz, 25.99 W, 0x0000000000000001
2026/08/27 15:43:19.883, 0 %, 82 MiB, 38, P8, 210 MHz, 405 MHz, 26.04 W, 0x0000000000000001
2026/08/27 15:43:24.906, 0 %, 82 MiB, 38, P8, 210 MHz, 405 MHz, 26.05 W, 0x0000000000000001
2026/08/27 15:43:29.928, 0 %, 82 MiB, 38, P8, 210 MHz, 405 MHz, 26.27 W, 0x0000000000000001
2026/08/27 15:43:34.951, 0 %, 82 MiB, 38, P8, 210 MHz, 405 MHz, 26.18 W, 0x0000000000000001
2026/08/27 15:43:39.973, 0 %, 82 MiB, 38, P8, 210 MHz, 405 MHz, 26.19 W, 0x0000000000000001
2026/08/27 15:43:44.998, 0 %, 82 MiB, 38, P8, 210 MHz, 405 MHz, 26.25 W, 0x0000000000000001
2026/08/27 15:43:50.022, 0 %, 82 MiB, 38, P8, 210 MHz, 405 MHz, 26.37 W, 0x0000000000000001
2026/08/27 15:43:55.048, 0 %, 82 MiB, 38, P8, 210 MHz, 405 MHz, 26.05 W, 0x0000000000000004
2026/08/27 15:44:00.072, 0 %, 82 MiB, 38, P8, 210 MHz, 405 MHz, 26.06 W, 0x0000000000000001
2026/08/27 15:44:05.097, 0 %, 82 MiB, 38, P8, 210 MHz, 405 MHz, 26.06 W, 0x0000000000000001
2026/08/27 15:44:10.119, 0 %, 82 MiB, 38, P8, 210 MHz, 405 MHz, 25.75 W, 0x0000000000000001
2026/08/27 15:44:15.144, 0 %, 82 MiB, 38, P8, 210 MHz, 405 MHz, 25.93 W, 0x0000000000000001
2026/08/27 15:44:20.170, 0 %, 82 MiB, 38, P8, 210 MHz, 405 MHz, 26.22 W, 0x0000000000000001
2026/08/27 15:44:25.195, 0 %, 82 MiB, 38, P8, 210 MHz, 405 MHz, 26.00 W, 0x0000000000000001
2026/08/27 15:44:30.220, 0 %, 82 MiB, 38, P8, 210 MHz, 405 MHz, 25.90 W, 0x0000000000000001
2026/08/27 15:44:35.245, 0 %, 82 MiB, 38, P8, 210 MHz, 405 MHz, 26.16 W, 0x0000000000000001
2026/08/27 15:44:40.270, 0 %, 82 MiB, 38, P8, 210 MHz, 405 MHz, 26.02 W, 0x0000000000000001
2026/08/27 15:44:45.292, 0 %, 82 MiB, 38, P8, 210 MHz, 405 MHz, 25.93 W, 0x0000000000000001
2026/08/27 15:44:50.314, 0 %, 82 MiB, 38, P8, 210 MHz, 405 MHz, 25.97 W, 0x0000000000000001
2026/08/27 15:44:55.336, 0 %, 82 MiB, 38, P8, 210 MHz, 405 MHz, 26.22 W, 0x0000000000000001
2026/08/27 15:45:00.360, 0 %, 82 MiB, 38, P8, 210 MHz, 405 MHz, 26.25 W, 0x0000000000000001
2026/08/27 15:45:05.382, 0 %, 82 MiB, 37, P8, 210 MHz, 405 MHz, 26.15 W, 0x0000000000000001
2026/08/27 15:45:10.404, 0 %, 82 MiB, 37, P8, 210 MHz, 405 MHz, 26.21 W, 0x0000000000000001
2026/08/27 15:45:15.426, 0 %, 82 MiB, 38, P8, 210 MHz, 405 MHz, 25.90 W, 0x0000000000000001
2026/08/27 15:45:20.451, 0 %, 82 MiB, 37, P8, 210 MHz, 405 MHz, 25.98 W, 0x0000000000000001
2026/08/27 15:45:25.476, 0 %, 82 MiB, 37, P8, 210 MHz, 405 MHz, 26.05 W, 0x0000000000000001
2026/08/27 15:45:30.500, 0 %, 82 MiB, 37, P8, 210 MHz, 405 MHz, 26.15 W, 0x0000000000000001
2026/08/27 15:45:35.526, 0 %, 82 MiB, 37, P8, 210 MHz, 405 MHz, 25.90 W, 0x0000000000000001
2026/08/27 15:45:40.552, 0 %, 82 MiB, 37, P8, 210 MHz, 405 MHz, 25.87 W, 0x0000000000000001
2026/08/27 15:45:45.574, 0 %, 82 MiB, 37, P8, 210 MHz, 405 MHz, 25.94 W, 0x0000000000000001
2026/08/27 15:45:50.600, 0 %, 82 MiB, 37, P8, 210 MHz, 405 MHz, 26.26 W, 0x0000000000000001
2026/08/27 15:45:55.623, 0 %, 82 MiB, 37, P8, 210 MHz, 405 MHz, 26.11 W, 0x0000000000000001
2026/08/27 15:46:00.644, 0 %, 82 MiB, 37, P8, 210 MHz, 405 MHz, 25.96 W, 0x0000000000000001
2026/08/27 15:46:05.666, 0 %, 82 MiB, 37, P8, 210 MHz, 405 MHz, 26.23 W, 0x0000000000000001
2026/08/27 15:46:10.691, 0 %, 82 MiB, 37, P8, 210 MHz, 405 MHz, 26.19 W, 0x0000000000000001
2026/08/27 15:46:15.715, 0 %, 82 MiB, 37, P8, 210 MHz, 405 MHz, 25.81 W, 0x0000000000000001
2026/08/27 15:46:20.737, 0 %, 82 MiB, 37, P8, 210 MHz, 405 MHz, 25.72 W, 0x0000000000000001
2026/08/27 15:46:25.763, 0 %, 82 MiB, 37, P8, 210 MHz, 405 MHz, 26.09 W, 0x0000000000000001
2026/08/27 15:46:30.785, 0 %, 82 MiB, 37, P8, 210 MHz, 405 MHz, 25.83 W, 0x0000000000000001
2026/08/27 15:46:35.810, 0 %, 82 MiB, 37, P8, 210 MHz, 405 MHz, 25.91 W, 0x0000000000000001
2026/08/27 15:46:40.832, 0 %, 82 MiB, 37, P8, 210 MHz, 405 MHz, 25.98 W, 0x0000000000000001
2026/08/27 15:46:45.854, 0 %, 82 MiB, 37, P8, 210 MHz, 405 MHz, 26.09 W, 0x0000000000000001
2026/08/27 15:46:50.876, 0 %, 82 MiB, 37, P8, 210 MHz, 405 MHz, 25.92 W, 0x0000000000000001
2026/08/27 15:46:55.898, 0 %, 82 MiB, 37, P8, 210 MHz, 405 MHz, 25.84 W, 0x0000000000000001
2026/08/27 15:47:00.920, 0 %, 82 MiB, 37, P8, 210 MHz, 405 MHz, 26.00 W, 0x0000000000000001
2026/08/27 15:47:05.942, 0 %, 82 MiB, 37, P8, 210 MHz, 405 MHz, 26.06 W, 0x0000000000000001
2026/08/27 15:47:10.964, 0 %, 82 MiB, 37, P8, 210 MHz, 405 MHz, 26.23 W, 0x0000000000000001
2026/08/27 15:47:15.986, 0 %, 82 MiB, 37, P8, 210 MHz, 405 MHz, 25.95 W, 0x0000000000000001
2026/08/27 15:47:21.008, 0 %, 82 MiB, 37, P8, 210 MHz, 405 MHz, 25.90 W, 0x0000000000000001
2026/08/27 15:47:26.032, 0 %, 82 MiB, 37, P8, 210 MHz, 405 MHz, 25.67 W, 0x0000000000000001
2026/08/27 15:47:31.055, 0 %, 82 MiB, 37, P8, 210 MHz, 405 MHz, 25.83 W, 0x0000000000000001
2026/08/27 15:47:36.081, 0 %, 82 MiB, 37, P8, 210 MHz, 405 MHz, 26.01 W, 0x0000000000000001
2026/08/27 15:47:41.106, 0 %, 82 MiB, 37, P8, 210 MHz, 405 MHz, 25.79 W, 0x0000000000000001
2026/08/27 15:47:46.128, 0 %, 82 MiB, 37, P8, 210 MHz, 405 MHz, 26.00 W, 0x0000000000000001
2026/08/27 15:47:51.151, 0 %, 82 MiB, 37, P8, 210 MHz, 405 MHz, 25.82 W, 0x0000000000000001
2026/08/27 15:47:56.173, 0 %, 82 MiB, 37, P8, 210 MHz, 405 MHz, 25.99 W, 0x0000000000000001
2026/08/27 15:48:01.197, 0 %, 82 MiB, 37, P8, 210 MHz, 405 MHz, 25.86 W, 0x0000000000000001
2026/08/27 15:48:06.219, 0 %, 82 MiB, 37, P8, 210 MHz, 405 MHz, 25.92 W, 0x0000000000000001
2026/08/27 15:48:11.243, 0 %, 82 MiB, 37, P8, 210 MHz, 405 MHz, 26.33 W, 0x0000000000000001
2026/08/27 15:48:16.267, 0 %, 82 MiB, 37, P8, 210 MHz, 405 MHz, 26.16 W, 0x0000000000000001
2026/08/27 15:48:21.289, 0 %, 82 MiB, 37, P8, 210 MHz, 405 MHz, 26.29 W, 0x0000000000000001
2026/08/27 15:48:26.310, 0 %, 82 MiB, 37, P8, 210 MHz, 405 MHz, 26.28 W, 0x0000000000000001
2026/08/27 15:48:31.333, 0 %, 82 MiB, 37, P8, 210 MHz, 405 MHz, 26.41 W, 0x0000000000000001
2026/08/27 15:48:36.356, 0 %, 82 MiB, 37, P8, 210 MHz, 405 MHz, 26.22 W, 0x0000000000000001
2026/08/27 15:48:41.378, 0 %, 82 MiB, 37, P8, 210 MHz, 405 MHz, 26.34 W, 0x0000000000000001
2026/08/27 15:48:46.403, 0 %, 82 MiB, 37, P8, 210 MHz, 405 MHz, 26.32 W, 0x0000000000000001
2026/08/27 15:48:51.427, 0 %, 82 MiB, 37, P8, 210 MHz, 405 MHz, 26.23 W, 0x0000000000000001
2026/08/27 15:48:56.450, 0 %, 82 MiB, 37, P8, 210 MHz, 405 MHz, 26.27 W, 0x0000000000000001
2026/08/27 15:49:01.475, 0 %, 82 MiB, 37, P8, 210 MHz, 405 MHz, 26.45 W, 0x0000000000000001
2026/08/27 15:49:06.499, 0 %, 82 MiB, 37, P8, 210 MHz, 405 MHz, 26.35 W, 0x0000000000000001
2026/08/27 15:49:11.525, 0 %, 82 MiB, 37, P8, 210 MHz, 405 MHz, 26.05 W, 0x0000000000000001
2026/08/27 15:49:16.548, 0 %, 82 MiB, 37, P8, 210 MHz, 405 MHz, 26.06 W, 0x0000000000000001
2026/08/27 15:49:21.571, 0 %, 82 MiB, 37, P8, 210 MHz, 405 MHz, 25.91 W, 0x0000000000000001
2026/08/27 15:49:26.596, 0 %, 82 MiB, 37, P8, 210 MHz, 405 MHz, 26.13 W, 0x0000000000000001
2026/08/27 15:49:31.621, 0 %, 82 MiB, 37, P8, 210 MHz, 405 MHz, 26.02 W, 0x0000000000000001
2026/08/27 15:49:36.646, 0 %, 82 MiB, 37, P8, 210 MHz, 405 MHz, 26.00 W, 0x0000000000000001
2026/08/27 15:49:41.672, 0 %, 82 MiB, 37, P8, 210 MHz, 405 MHz, 26.20 W, 0x0000000000000001
2026/08/27 15:49:46.698, 0 %, 82 MiB, 37, P8, 210 MHz, 405 MHz, 26.36 W, 0x0000000000000001
2026/08/27 15:49:51.720, 0 %, 82 MiB, 37, P8, 210 MHz, 405 MHz, 26.03 W, 0x0000000000000001
2026/08/27 15:49:56.745, 0 %, 82 MiB, 37, P8, 210 MHz, 405 MHz, 25.88 W, 0x0000000000000001
2026/08/27 15:50:01.768, 0 %, 82 MiB, 37, P8, 210 MHz, 405 MHz, 26.13 W, 0x0000000000000001
2026/08/27 15:50:06.792, 0 %, 82 MiB, 37, P8, 210 MHz, 405 MHz, 26.07 W, 0x0000000000000001
2026/08/27 15:50:11.815, 0 %, 82 MiB, 37, P8, 210 MHz, 405 MHz, 26.19 W, 0x0000000000000001
2026/08/27 15:50:16.840, 0 %, 82 MiB, 37, P8, 210 MHz, 405 MHz, 26.09 W, 0x0000000000000001
2026/08/27 15:50:21.864, 0 %, 82 MiB, 37, P8, 210 MHz, 405 MHz, 25.97 W, 0x0000000000000001
2026/08/27 15:50:26.886, 0 %, 82 MiB, 37, P8, 210 MHz, 405 MHz, 26.07 W, 0x0000000000000001
2026/08/27 15:50:31.909, 0 %, 82 MiB, 37, P8, 210 MHz, 405 MHz, 26.08 W, 0x0000000000000001
2026/08/27 15:50:36.931, 0 %, 82 MiB, 37, P8, 210 MHz, 405 MHz, 26.04 W, 0x0000000000000001
2026/08/27 15:50:41.953, 0 %, 82 MiB, 36, P8, 210 MHz, 405 MHz, 25.96 W, 0x0000000000000001
2026/08/27 15:50:46.975, 0 %, 82 MiB, 36, P8, 210 MHz, 405 MHz, 26.24 W, 0x0000000000000001
2026/08/27 15:50:51.998, 0 %, 82 MiB, 36, P8, 210 MHz, 405 MHz, 26.36 W, 0x0000000000000001
2026/08/27 15:50:57.023, 0 %, 82 MiB, 36, P8, 210 MHz, 405 MHz, 26.10 W, 0x0000000000000001
2026/08/27 15:51:02.045, 0 %, 82 MiB, 36, P8, 210 MHz, 405 MHz, 26.22 W, 0x0000000000000001
2026/08/27 15:51:07.070, 0 %, 82 MiB, 36, P8, 210 MHz, 405 MHz, 26.33 W, 0x0000000000000001
2026/08/27 15:51:12.092, 0 %, 82 MiB, 36, P8, 210 MHz, 405 MHz, 26.37 W, 0x0000000000000001
2026/08/27 15:51:17.114, 0 %, 82 MiB, 36, P8, 210 MHz, 405 MHz, 26.40 W, 0x0000000000000001
2026/08/27 15:51:22.136, 0 %, 82 MiB, 36, P8, 210 MHz, 405 MHz, 26.13 W, 0x0000000000000001
2026/08/27 15:51:27.158, 0 %, 82 MiB, 36, P8, 210 MHz, 405 MHz, 26.01 W, 0x0000000000000001
2026/08/27 15:51:32.179, 0 %, 82 MiB, 36, P8, 210 MHz, 405 MHz, 26.02 W, 0x0000000000000001
2026/08/27 15:51:37.201, 0 %, 82 MiB, 36, P8, 210 MHz, 405 MHz, 26.08 W, 0x0000000000000001
2026/08/27 15:51:42.223, 0 %, 82 MiB, 36, P8, 210 MHz, 405 MHz, 25.84 W, 0x0000000000000001
2026/08/27 15:51:47.245, 0 %, 82 MiB, 36, P8, 210 MHz, 405 MHz, 26.28 W, 0x0000000000000001
2026/08/27 15:51:52.267, 0 %, 82 MiB, 36, P8, 210 MHz, 405 MHz, 26.02 W, 0x0000000000000001
2026/08/27 15:51:57.291, 0 %, 82 MiB, 36, P8, 210 MHz, 405 MHz, 25.92 W, 0x0000000000000001
2026/08/27 15:52:02.315, 0 %, 376 MiB, 44, P2, 1980 MHz, 9501 MHz, 144.41 W, 0x0000000000000000
2026/08/27 15:52:07.334, 43 %, 1063 MiB, 49, P2, 1965 MHz, 9501 MHz, 197.25 W, 0x0000000000000000
2026/08/27 15:52:12.352, 79 %, 1063 MiB, 51, P2, 1950 MHz, 9501 MHz, 196.98 W, 0x0000000000000000
2026/08/27 15:52:17.373, 77 %, 1063 MiB, 52, P2, 1950 MHz, 9501 MHz, 198.23 W, 0x0000000000000000
2026/08/27 15:52:22.397, 70 %, 1063 MiB, 53, P2, 1950 MHz, 9501 MHz, 200.52 W, 0x0000000000000000
2026/08/27 15:52:27.415, 87 %, 1063 MiB, 54, P2, 1950 MHz, 9501 MHz, 199.57 W, 0x0000000000000000
2026/08/27 15:52:32.435, 78 %, 1219 MiB, 55, P2, 1965 MHz, 9501 MHz, 189.74 W, 0x0000000000000000
2026/08/27 15:52:37.454, 82 %, 1219 MiB, 56, P2, 1965 MHz, 9501 MHz, 202.42 W, 0x0000000000000000
2026/08/27 15:52:42.473, 84 %, 1219 MiB, 57, P2, 1965 MHz, 9501 MHz, 204.04 W, 0x0000000000000000
2026/08/27 15:52:47.494, 87 %, 1219 MiB, 58, P2, 1965 MHz, 9501 MHz, 207.14 W, 0x0000000000000000
2026/08/27 15:52:52.515, 55 %, 532 MiB, 56, P2, 1965 MHz, 9501 MHz, 190.52 W, 0x0000000000000000
2026/08/27 15:52:57.535, 67 %, 1221 MiB, 59, P2, 1965 MHz, 9501 MHz, 208.58 W, 0x0000000000000000
2026/08/27 15:53:02.556, 76 %, 1221 MiB, 59, P2, 1965 MHz, 9501 MHz, 207.82 W, 0x0000000000000000
2026/08/27 15:53:07.575, 79 %, 1221 MiB, 60, P2, 1950 MHz, 9501 MHz, 208.92 W, 0x0000000000000000
2026/08/27 15:53:12.595, 83 %, 1221 MiB, 60, P2, 1950 MHz, 9501 MHz, 208.56 W, 0x0000000000000000
2026/08/27 15:53:17.615, 81 %, 1221 MiB, 60, P2, 1950 MHz, 9501 MHz, 208.59 W, 0x0000000000000000
2026/08/27 15:53:22.764, 26 %, 532 MiB, 60, P2, 1950 MHz, 9501 MHz, 194.24 W, 0x0000000000000000
2026/08/27 15:53:27.785, 81 %, 1219 MiB, 61, P2, 1950 MHz, 9501 MHz, 200.23 W, 0x0000000000000000
2026/08/27 15:53:32.805, 85 %, 1219 MiB, 61, P2, 1950 MHz, 9501 MHz, 210.37 W, 0x0000000000000000
2026/08/27 15:53:37.829, 87 %, 1219 MiB, 62, P2, 1950 MHz, 9501 MHz, 213.22 W, 0x0000000000000000
2026/08/27 15:53:42.850, 43 %, 1219 MiB, 61, P2, 1950 MHz, 9501 MHz, 196.47 W, 0x0000000000000000
2026/08/27 15:53:47.870, 0 %, 532 MiB, 59, P2, 1950 MHz, 9501 MHz, 181.76 W, 0x0000000000000000
2026/08/27 15:53:52.890, 82 %, 1221 MiB, 62, P2, 1950 MHz, 9501 MHz, 212.54 W, 0x0000000000000000
2026/08/27 15:53:57.911, 83 %, 1221 MiB, 63, P2, 1950 MHz, 9501 MHz, 212.90 W, 0x0000000000000000
2026/08/27 15:54:02.929, 40 %, 1221 MiB, 62, P2, 1950 MHz, 9501 MHz, 194.62 W, 0x0000000000000000
2026/08/27 15:54:07.947, 42 %, 1221 MiB, 62, P2, 1950 MHz, 9501 MHz, 196.22 W, 0x0000000000000000
2026/08/27 15:54:12.966, 55 %, 532 MiB, 62, P2, 1950 MHz, 9501 MHz, 208.58 W, 0x0000000000000000
2026/08/27 15:54:17.986, 81 %, 1221 MiB, 63, P2, 1950 MHz, 9501 MHz, 213.95 W, 0x0000000000000000
2026/08/27 15:54:23.006, 82 %, 1221 MiB, 63, P2, 1950 MHz, 9501 MHz, 214.15 W, 0x0000000000000000
2026/08/27 15:54:28.027, 41 %, 1221 MiB, 62, P2, 1950 MHz, 9501 MHz, 194.95 W, 0x0000000000000000
2026/08/27 15:54:33.045, 31 %, 1221 MiB, 62, P2, 1950 MHz, 9501 MHz, 196.58 W, 0x0000000000000000
2026/08/27 15:54:38.065, 0 %, 532 MiB, 60, P2, 1950 MHz, 9501 MHz, 175.48 W, 0x0000000000000000
2026/08/27 15:54:43.085, 68 %, 1219 MiB, 63, P2, 1950 MHz, 9501 MHz, 213.95 W, 0x0000000000000000
2026/08/27 15:54:48.103, 27 %, 1219 MiB, 62, P2, 1950 MHz, 9501 MHz, 202.17 W, 0x0000000000000000
2026/08/27 15:54:53.123, 58 %, 532 MiB, 63, P2, 1950 MHz, 9501 MHz, 211.27 W, 0x0000000000000000
2026/08/27 15:54:58.144, 82 %, 1219 MiB, 63, P2, 1950 MHz, 9501 MHz, 214.15 W, 0x0000000000000000
2026/08/27 15:55:03.164, 84 %, 1219 MiB, 63, P2, 1950 MHz, 9501 MHz, 213.51 W, 0x0000000000000000
2026/08/27 15:55:08.182, 41 %, 1219 MiB, 63, P2, 1950 MHz, 9501 MHz, 209.04 W, 0x0000000000000000
2026/08/27 15:55:13.202, 58 %, 532 MiB, 63, P2, 1950 MHz, 9501 MHz, 196.39 W, 0x0000000000000000
2026/08/27 15:55:18.222, 78 %, 1221 MiB, 64, P2, 1950 MHz, 9501 MHz, 215.10 W, 0x0000000000000000
2026/08/27 15:55:23.241, 82 %, 1221 MiB, 64, P2, 1950 MHz, 9501 MHz, 214.84 W, 0x0000000000000000
2026/08/27 15:55:28.262, 81 %, 1221 MiB, 64, P2, 1950 MHz, 9501 MHz, 214.00 W, 0x0000000000000000
2026/08/27 15:55:33.282, 83 %, 1221 MiB, 64, P2, 1950 MHz, 9501 MHz, 214.41 W, 0x0000000000000000
2026/08/27 15:55:38.301, 75 %, 1221 MiB, 64, P2, 1950 MHz, 9501 MHz, 213.93 W, 0x0000000000000000
2026/08/27 15:55:43.319, 25 %, 1221 MiB, 63, P2, 1950 MHz, 9501 MHz, 197.80 W, 0x0000000000000000
2026/08/27 15:55:48.339, 78 %, 1221 MiB, 64, P2, 1950 MHz, 9501 MHz, 180.86 W, 0x0000000000000000
2026/08/27 15:55:53.358, 64 %, 1221 MiB, 64, P2, 1950 MHz, 9501 MHz, 215.54 W, 0x0000000000000000
2026/08/27 15:55:58.377, 82 %, 1221 MiB, 64, P2, 1950 MHz, 9501 MHz, 213.49 W, 0x0000000000000000
2026/08/27 15:56:03.398, 65 %, 1221 MiB, 64, P2, 1950 MHz, 9501 MHz, 212.84 W, 0x0000000000000000
2026/08/27 15:56:08.418, 86 %, 1221 MiB, 64, P2, 1950 MHz, 9501 MHz, 214.71 W, 0x0000000000000000
2026/08/27 15:56:13.438, 58 %, 532 MiB, 64, P2, 1950 MHz, 9501 MHz, 211.29 W, 0x0000000000000000
2026/08/27 15:56:18.458, 82 %, 1219 MiB, 64, P2, 1950 MHz, 9501 MHz, 216.10 W, 0x0000000000000000
2026/08/27 15:56:23.478, 85 %, 1219 MiB, 64, P2, 1950 MHz, 9501 MHz, 215.09 W, 0x0000000000000000
2026/08/27 15:56:28.498, 41 %, 1219 MiB, 64, P2, 1950 MHz, 9501 MHz, 202.62 W, 0x0000000000000000
2026/08/27 15:56:33.581, 0 %, 561 MiB, 62, P2, 1950 MHz, 9501 MHz, 162.50 W, 0x0000000000000000
2026/08/27 15:56:38.605, 78 %, 1219 MiB, 64, P2, 1950 MHz, 9501 MHz, 216.38 W, 0x0000000000000000
2026/08/27 15:56:43.625, 81 %, 1219 MiB, 64, P2, 1950 MHz, 9501 MHz, 215.16 W, 0x0000000000000000
2026/08/27 15:56:48.646, 82 %, 1219 MiB, 64, P2, 1950 MHz, 9501 MHz, 212.82 W, 0x0000000000000000
2026/08/27 15:56:53.666, 67 %, 1219 MiB, 64, P2, 1950 MHz, 9501 MHz, 213.92 W, 0x0000000000000000
2026/08/27 15:56:58.686, 58 %, 532 MiB, 64, P2, 1950 MHz, 9501 MHz, 193.36 W, 0x0000000000000000
2026/08/27 15:57:03.706, 79 %, 1219 MiB, 64, P2, 1950 MHz, 9501 MHz, 216.55 W, 0x0000000000000000
2026/08/27 15:57:08.724, 65 %, 1219 MiB, 64, P2, 1950 MHz, 9501 MHz, 215.61 W, 0x0000000000000000
2026/08/27 15:57:13.743, 69 %, 1219 MiB, 64, P2, 1950 MHz, 9501 MHz, 215.11 W, 0x0000000000000000
2026/08/27 15:57:18.760, 42 %, 1219 MiB, 63, P2, 1950 MHz, 9501 MHz, 197.85 W, 0x0000000000000000
2026/08/27 15:57:23.780, 55 %, 532 MiB, 64, P2, 1950 MHz, 9501 MHz, 210.63 W, 0x0000000000000000
2026/08/27 15:57:28.801, 80 %, 1219 MiB, 64, P2, 1950 MHz, 9501 MHz, 216.67 W, 0x0000000000000000
2026/08/27 15:57:33.826, 83 %, 1219 MiB, 64, P2, 1950 MHz, 9501 MHz, 213.58 W, 0x0000000000000000
2026/08/27 15:57:38.846, 86 %, 1219 MiB, 64, P2, 1950 MHz, 9501 MHz, 215.31 W, 0x0000000000000000
2026/08/27 15:57:43.867, 55 %, 532 MiB, 64, P2, 1950 MHz, 9501 MHz, 210.75 W, 0x0000000000000000
2026/08/27 15:57:48.887, 78 %, 1219 MiB, 64, P2, 1950 MHz, 9501 MHz, 216.29 W, 0x0000000000000000
2026/08/27 15:57:53.908, 63 %, 1219 MiB, 64, P2, 1950 MHz, 9501 MHz, 214.37 W, 0x0000000000000000
2026/08/27 15:57:58.927, 76 %, 1219 MiB, 64, P2, 1950 MHz, 9501 MHz, 213.78 W, 0x0000000000000000
2026/08/27 15:58:03.947, 66 %, 1219 MiB, 64, P2, 1950 MHz, 9501 MHz, 213.22 W, 0x0000000000000000
2026/08/27 15:58:09.032, 0 %, 532 MiB, 63, P2, 1950 MHz, 9501 MHz, 194.27 W, 0x0000000000000000
2026/08/27 15:58:14.052, 79 %, 1219 MiB, 64, P2, 1950 MHz, 9501 MHz, 199.98 W, 0x0000000000000000
2026/08/27 15:58:19.073, 78 %, 1219 MiB, 64, P2, 1950 MHz, 9501 MHz, 216.19 W, 0x0000000000000000
2026/08/27 15:58:24.093, 81 %, 1219 MiB, 64, P2, 1950 MHz, 9501 MHz, 215.22 W, 0x0000000000000000
2026/08/27 15:58:29.114, 81 %, 1219 MiB, 64, P2, 1950 MHz, 9501 MHz, 214.84 W, 0x0000000000000000
2026/08/27 15:58:34.134, 85 %, 1219 MiB, 64, P2, 1950 MHz, 9501 MHz, 215.00 W, 0x0000000000000000
2026/08/27 15:58:39.155, 55 %, 532 MiB, 64, P2, 1950 MHz, 9501 MHz, 204.79 W, 0x0000000000000000
2026/08/27 15:58:44.175, 82 %, 1219 MiB, 64, P2, 1950 MHz, 9501 MHz, 214.14 W, 0x0000000000000000
2026/08/27 15:58:49.193, 81 %, 1219 MiB, 64, P2, 1950 MHz, 9501 MHz, 214.05 W, 0x0000000000000000
2026/08/27 15:58:54.212, 86 %, 1219 MiB, 64, P2, 1950 MHz, 9501 MHz, 215.15 W, 0x0000000000000000
2026/08/27 15:58:59.231, 56 %, 532 MiB, 64, P2, 1950 MHz, 9501 MHz, 211.10 W, 0x0000000000000000
2026/08/27 15:59:04.251, 82 %, 1219 MiB, 64, P2, 1950 MHz, 9501 MHz, 214.15 W, 0x0000000000000000
2026/08/27 15:59:09.269, 84 %, 1219 MiB, 64, P2, 1950 MHz, 9501 MHz, 213.84 W, 0x0000000000000000
2026/08/27 15:59:14.289, 85 %, 1219 MiB, 64, P2, 1950 MHz, 9501 MHz, 214.99 W, 0x0000000000000000
2026/08/27 15:59:19.308, 39 %, 1219 MiB, 63, P2, 1950 MHz, 9501 MHz, 197.91 W, 0x0000000000000000
2026/08/27 15:59:24.328, 24 %, 1219 MiB, 61, P2, 1950 MHz, 9501 MHz, 162.36 W, 0x0000000000000000
2026/08/27 15:59:29.349, 78 %, 1219 MiB, 64, P2, 1950 MHz, 9501 MHz, 215.18 W, 0x0000000000000000
2026/08/27 15:59:34.369, 70 %, 1219 MiB, 64, P2, 1950 MHz, 9501 MHz, 214.48 W, 0x0000000000000000
2026/08/27 15:59:39.390, 81 %, 1219 MiB, 64, P2, 1950 MHz, 9501 MHz, 214.31 W, 0x0000000000000000
2026/08/27 15:59:44.412, 84 %, 1219 MiB, 64, P2, 1950 MHz, 9501 MHz, 214.07 W, 0x0000000000000000
2026/08/27 15:59:49.429, 42 %, 1219 MiB, 63, P2, 1950 MHz, 9501 MHz, 198.29 W, 0x0000000000000000
2026/08/27 15:59:54.449, 32 %, 1219 MiB, 62, P2, 1950 MHz, 9501 MHz, 162.56 W, 0x0000000000000000
2026/08/27 15:59:59.468, 72 %, 1221 MiB, 63, P2, 1950 MHz, 9501 MHz, 214.35 W, 0x0000000000000000
2026/08/27 16:00:04.488, 78 %, 1221 MiB, 64, P2, 1950 MHz, 9501 MHz, 214.67 W, 0x0000000000000000
2026/08/27 16:00:09.506, 83 %, 1221 MiB, 64, P2, 1950 MHz, 9501 MHz, 213.75 W, 0x0000000000000000
2026/08/27 16:00:14.526, 83 %, 1221 MiB, 64, P2, 1950 MHz, 9501 MHz, 212.87 W, 0x0000000000000000
2026/08/27 16:00:19.546, 41 %, 1221 MiB, 63, P2, 1950 MHz, 9501 MHz, 200.80 W, 0x0000000000000000
2026/08/27 16:00:24.565, 52 %, 1221 MiB, 61, P2, 1950 MHz, 9501 MHz, 164.67 W, 0x0000000000000000
2026/08/27 16:00:29.583, 83 %, 1221 MiB, 64, P2, 1950 MHz, 9501 MHz, 214.93 W, 0x0000000000000000
2026/08/27 16:00:34.603, 84 %, 1221 MiB, 64, P2, 1950 MHz, 9501 MHz, 214.12 W, 0x0000000000000000
2026/08/27 16:00:39.623, 37 %, 1221 MiB, 63, P2, 1950 MHz, 9501 MHz, 197.91 W, 0x0000000000000000
2026/08/27 16:00:44.642, 55 %, 532 MiB, 63, P2, 1950 MHz, 9501 MHz, 209.97 W, 0x0000000000000000
2026/08/27 16:00:49.659, 77 %, 1219 MiB, 64, P2, 1950 MHz, 9501 MHz, 215.02 W, 0x0000000000000000
2026/08/27 16:00:54.679, 79 %, 1219 MiB, 64, P2, 1950 MHz, 9501 MHz, 214.45 W, 0x0000000000000000
2026/08/27 16:00:59.697, 81 %, 1219 MiB, 64, P2, 1950 MHz, 9501 MHz, 212.60 W, 0x0000000000000000
2026/08/27 16:01:04.715, 83 %, 1219 MiB, 64, P2, 1950 MHz, 9501 MHz, 212.76 W, 0x0000000000000000
2026/08/27 16:01:09.733, 0 %, 532 MiB, 62, P2, 1950 MHz, 9501 MHz, 185.60 W, 0x0000000000000000
2026/08/27 16:01:14.753, 68 %, 1219 MiB, 63, P2, 1950 MHz, 9501 MHz, 211.45 W, 0x0000000000000000
2026/08/27 16:01:19.774, 85 %, 1219 MiB, 64, P2, 1950 MHz, 9501 MHz, 214.94 W, 0x0000000000000000
2026/08/27 16:01:24.792, 43 %, 1219 MiB, 63, P2, 1950 MHz, 9501 MHz, 199.13 W, 0x0000000000000000
2026/08/27 16:01:29.812, 0 %, 1221 MiB, 61, P2, 1950 MHz, 9501 MHz, 166.49 W, 0x0000000000000000
2026/08/27 16:01:34.830, 77 %, 1221 MiB, 64, P2, 1950 MHz, 9501 MHz, 215.12 W, 0x0000000000000000
2026/08/27 16:01:39.850, 78 %, 1221 MiB, 64, P2, 1950 MHz, 9501 MHz, 215.35 W, 0x0000000000000000
2026/08/27 16:01:44.870, 82 %, 1221 MiB, 64, P2, 1950 MHz, 9501 MHz, 213.49 W, 0x0000000000000000
2026/08/27 16:01:49.891, 81 %, 1221 MiB, 64, P2, 1950 MHz, 9501 MHz, 212.43 W, 0x0000000000000000
2026/08/27 16:01:54.909, 83 %, 1221 MiB, 63, P2, 1950 MHz, 9501 MHz, 206.77 W, 0x0000000000000000
2026/08/27 16:01:59.929, 56 %, 532 MiB, 63, P2, 1950 MHz, 9501 MHz, 207.61 W, 0x0000000000000000
2026/08/27 16:02:04.948, 65 %, 1219 MiB, 64, P2, 1950 MHz, 9501 MHz, 215.96 W, 0x0000000000000000
2026/08/27 16:02:09.968, 82 %, 1219 MiB, 64, P2, 1950 MHz, 9501 MHz, 214.46 W, 0x0000000000000000
2026/08/27 16:02:14.986, 40 %, 1219 MiB, 63, P2, 1950 MHz, 9501 MHz, 190.02 W, 0x0000000000000000
2026/08/27 16:02:20.005, 41 %, 1219 MiB, 63, P2, 1950 MHz, 9501 MHz, 196.98 W, 0x0000000000000000
2026/08/27 16:02:25.024, 56 %, 532 MiB, 61, P2, 1950 MHz, 9501 MHz, 186.18 W, 0x0000000000000000
2026/08/27 16:02:30.044, 74 %, 1221 MiB, 63, P2, 1950 MHz, 9501 MHz, 215.62 W, 0x0000000000000000
2026/08/27 16:02:35.062, 37 %, 1221 MiB, 63, P2, 1950 MHz, 9501 MHz, 194.59 W, 0x0000000000000000
2026/08/27 16:02:40.080, 32 %, 1221 MiB, 62, P2, 1950 MHz, 9501 MHz, 196.01 W, 0x0000000000000000
2026/08/27 16:02:45.099, 55 %, 532 MiB, 63, P2, 1950 MHz, 9501 MHz, 203.74 W, 0x0000000000000000
2026/08/27 16:02:50.118, 79 %, 1219 MiB, 63, P2, 1950 MHz, 9501 MHz, 214.36 W, 0x0000000000000000
2026/08/27 16:02:55.137, 81 %, 1219 MiB, 63, P2, 1950 MHz, 9501 MHz, 213.21 W, 0x0000000000000000
2026/08/27 16:03:00.155, 40 %, 1219 MiB, 62, P2, 1950 MHz, 9501 MHz, 194.43 W, 0x0000000000000000
2026/08/27 16:03:05.178, 55 %, 532 MiB, 62, P2, 1950 MHz, 9501 MHz, 207.96 W, 0x0000000000000000
2026/08/27 16:03:10.204, 78 %, 1219 MiB, 63, P2, 1950 MHz, 9501 MHz, 215.10 W, 0x0000000000000000
2026/08/27 16:03:15.224, 80 %, 1219 MiB, 63, P2, 1950 MHz, 9501 MHz, 213.75 W, 0x0000000000000000
2026/08/27 16:03:20.243, 83 %, 1219 MiB, 64, P2, 1950 MHz, 9501 MHz, 212.91 W, 0x0000000000000000
2026/08/27 16:03:25.263, 84 %, 1219 MiB, 64, P2, 1950 MHz, 9501 MHz, 213.65 W, 0x0000000000000000
2026/08/27 16:03:30.283, 57 %, 532 MiB, 63, P2, 1950 MHz, 9501 MHz, 212.68 W, 0x0000000000000000
2026/08/27 16:03:35.302, 83 %, 1219 MiB, 63, P2, 1950 MHz, 9501 MHz, 213.79 W, 0x0000000000000000
2026/08/27 16:03:40.320, 84 %, 1219 MiB, 64, P2, 1950 MHz, 9501 MHz, 214.13 W, 0x0000000000000000
2026/08/27 16:03:45.338, 42 %, 1219 MiB, 63, P2, 1950 MHz, 9501 MHz, 199.57 W, 0x0000000000000000
2026/08/27 16:03:50.358, 1 %, 1219 MiB, 63, P2, 1950 MHz, 9501 MHz, 178.45 W, 0x0000000000000000
2026/08/27 16:03:55.379, 60 %, 1219 MiB, 63, P2, 1950 MHz, 9501 MHz, 213.88 W, 0x0000000000000000
2026/08/27 16:04:00.400, 83 %, 1219 MiB, 64, P2, 1950 MHz, 9501 MHz, 214.20 W, 0x0000000000000000
2026/08/27 16:04:05.420, 39 %, 1219 MiB, 63, P2, 1950 MHz, 9501 MHz, 194.14 W, 0x0000000000000000
2026/08/27 16:04:10.437, 40 %, 1219 MiB, 63, P2, 1950 MHz, 9501 MHz, 196.79 W, 0x0000000000000000
2026/08/27 16:04:15.569, 0 %, 561 MiB, 61, P2, 1950 MHz, 9501 MHz, 161.11 W, 0x0000000000000000
2026/08/27 16:04:20.596, 82 %, 1221 MiB, 63, P2, 1950 MHz, 9501 MHz, 213.10 W, 0x0000000000000000
2026/08/27 16:04:25.614, 80 %, 1221 MiB, 63, P2, 1950 MHz, 9501 MHz, 213.56 W, 0x0000000000000000
2026/08/27 16:04:30.632, 40 %, 1221 MiB, 63, P2, 1950 MHz, 9501 MHz, 194.88 W, 0x0000000000000000
2026/08/27 16:04:35.652, 42 %, 1221 MiB, 62, P2, 1950 MHz, 9501 MHz, 195.99 W, 0x0000000000000000
2026/08/27 16:04:40.672, 0 %, 1219 MiB, 61, P2, 1950 MHz, 9501 MHz, 157.76 W, 0x0000000000000000
2026/08/27 16:04:45.692, 81 %, 1219 MiB, 63, P2, 1950 MHz, 9501 MHz, 214.56 W, 0x0000000000000000
2026/08/27 16:04:50.710, 83 %, 1219 MiB, 64, P2, 1950 MHz, 9501 MHz, 213.58 W, 0x0000000000000000
2026/08/27 16:04:55.730, 35 %, 532 MiB, 63, P2, 1950 MHz, 9501 MHz, 190.28 W, 0x0000000000000000
2026/08/27 16:05:00.749, 80 %, 1219 MiB, 63, P2, 1950 MHz, 9501 MHz, 213.70 W, 0x0000000000000000
2026/08/27 16:05:05.769, 83 %, 1219 MiB, 63, P2, 1950 MHz, 9501 MHz, 213.08 W, 0x0000000000000000
2026/08/27 16:05:10.788, 85 %, 1219 MiB, 64, P2, 1950 MHz, 9501 MHz, 213.75 W, 0x0000000000000000
2026/08/27 16:05:15.808, 57 %, 532 MiB, 63, P2, 1950 MHz, 9501 MHz, 211.82 W, 0x0000000000000000
2026/08/27 16:05:20.828, 65 %, 1221 MiB, 64, P2, 1950 MHz, 9501 MHz, 215.26 W, 0x0000000000000000
2026/08/27 16:05:25.849, 77 %, 1221 MiB, 64, P2, 1950 MHz, 9501 MHz, 214.81 W, 0x0000000000000000
2026/08/27 16:05:30.870, 77 %, 1221 MiB, 64, P2, 1950 MHz, 9501 MHz, 213.60 W, 0x0000000000000000
2026/08/27 16:05:35.890, 82 %, 1221 MiB, 64, P2, 1950 MHz, 9501 MHz, 212.22 W, 0x0000000000000000
2026/08/27 16:05:40.910, 85 %, 1221 MiB, 64, P2, 1950 MHz, 9501 MHz, 214.24 W, 0x0000000000000000
2026/08/27 16:05:45.930, 0 %, 1219 MiB, 62, P2, 1950 MHz, 9501 MHz, 161.81 W, 0x0000000000000000
2026/08/27 16:05:50.950, 64 %, 1219 MiB, 64, P2, 1950 MHz, 9501 MHz, 213.41 W, 0x0000000000000000
2026/08/27 16:05:55.970, 86 %, 1219 MiB, 64, P2, 1950 MHz, 9501 MHz, 215.35 W, 0x0000000000000000
2026/08/27 16:06:00.988, 43 %, 1219 MiB, 63, P2, 1950 MHz, 9501 MHz, 199.17 W, 0x0000000000000000
2026/08/27 16:06:06.008, 0 %, 1219 MiB, 61, P2, 1950 MHz, 9501 MHz, 161.88 W, 0x0000000000000000
2026/08/27 16:06:11.027, 80 %, 1219 MiB, 63, P2, 1950 MHz, 9501 MHz, 213.63 W, 0x0000000000000000
2026/08/27 16:06:16.047, 83 %, 1219 MiB, 64, P2, 1950 MHz, 9501 MHz, 214.33 W, 0x0000000000000000
2026/08/27 16:06:21.068, 42 %, 1219 MiB, 63, P2, 1950 MHz, 9501 MHz, 198.66 W, 0x0000000000000000
2026/08/27 16:06:26.090, 38 %, 561 MiB, 61, P2, 1950 MHz, 9501 MHz, 183.27 W, 0x0000000000000000
2026/08/27 16:06:31.129, 48 %, 1219 MiB, 64, P2, 1950 MHz, 9501 MHz, 213.85 W, 0x0000000000000000
2026/08/27 16:06:36.148, 74 %, 1219 MiB, 64, P2, 1950 MHz, 9501 MHz, 213.87 W, 0x0000000000000000
2026/08/27 16:06:41.166, 41 %, 1219 MiB, 63, P2, 1950 MHz, 9501 MHz, 196.95 W, 0x0000000000000000
2026/08/27 16:06:46.184, 55 %, 532 MiB, 63, P2, 1950 MHz, 9501 MHz, 209.45 W, 0x0000000000000000
2026/08/27 16:06:51.205, 77 %, 1221 MiB, 64, P2, 1950 MHz, 9501 MHz, 215.93 W, 0x0000000000000000
2026/08/27 16:06:56.225, 78 %, 1221 MiB, 64, P2, 1950 MHz, 9501 MHz, 213.63 W, 0x0000000000000000
2026/08/27 16:07:01.246, 81 %, 1221 MiB, 64, P2, 1950 MHz, 9501 MHz, 213.19 W, 0x0000000000000000
2026/08/27 16:07:06.265, 42 %, 1221 MiB, 63, P2, 1950 MHz, 9501 MHz, 196.80 W, 0x0000000000000000
2026/08/27 16:07:11.285, 0 %, 532 MiB, 61, P2, 1950 MHz, 9501 MHz, 182.38 W, 0x0000000000000000
2026/08/27 16:07:16.305, 80 %, 1219 MiB, 64, P2, 1950 MHz, 9501 MHz, 213.82 W, 0x0000000000000000
2026/08/27 16:07:21.325, 83 %, 1219 MiB, 64, P2, 1950 MHz, 9501 MHz, 213.24 W, 0x0000000000000000
2026/08/27 16:07:26.343, 84 %, 1219 MiB, 64, P2, 1950 MHz, 9501 MHz, 213.86 W, 0x0000000000000000
2026/08/27 16:07:31.386, 18 %, 875 MiB, 62, P2, 1950 MHz, 9501 MHz, 194.62 W, 0x0000000000000000
2026/08/27 16:07:36.424, 81 %, 1219 MiB, 63, P2, 1950 MHz, 9501 MHz, 196.41 W, 0x0000000000000000
2026/08/27 16:07:41.444, 82 %, 1219 MiB, 64, P2, 1950 MHz, 9501 MHz, 213.68 W, 0x0000000000000000
2026/08/27 16:07:46.464, 85 %, 1219 MiB, 64, P2, 1950 MHz, 9501 MHz, 212.06 W, 0x0000000000000000
2026/08/27 16:07:51.485, 41 %, 1219 MiB, 63, P2, 1950 MHz, 9501 MHz, 198.45 W, 0x0000000000000000
2026/08/27 16:07:56.505, 79 %, 1219 MiB, 63, P2, 1950 MHz, 9501 MHz, 188.26 W, 0x0000000000000000
2026/08/27 16:08:01.524, 80 %, 1219 MiB, 64, P2, 1950 MHz, 9501 MHz, 214.34 W, 0x0000000000000000
2026/08/27 16:08:06.544, 84 %, 1219 MiB, 64, P2, 1950 MHz, 9501 MHz, 213.08 W, 0x0000000000000000
2026/08/27 16:08:11.564, 41 %, 1219 MiB, 63, P2, 1950 MHz, 9501 MHz, 196.33 W, 0x0000000000000000
2026/08/27 16:08:16.583, 41 %, 1219 MiB, 63, P2, 1950 MHz, 9501 MHz, 196.07 W, 0x0000000000000000
2026/08/27 16:08:21.601, 55 %, 532 MiB, 63, P2, 1950 MHz, 9501 MHz, 209.62 W, 0x0000000000000000
2026/08/27 16:08:26.619, 78 %, 1221 MiB, 64, P2, 1950 MHz, 9501 MHz, 215.36 W, 0x0000000000000000
2026/08/27 16:08:31.639, 63 %, 1221 MiB, 63, P2, 1950 MHz, 9501 MHz, 212.53 W, 0x0000000000000000
2026/08/27 16:08:36.659, 75 %, 1221 MiB, 64, P2, 1950 MHz, 9501 MHz, 212.61 W, 0x0000000000000000
2026/08/27 16:08:41.679, 83 %, 1221 MiB, 64, P2, 1950 MHz, 9501 MHz, 211.62 W, 0x0000000000000000
2026/08/27 16:08:46.699, 83 %, 1221 MiB, 64, P2, 1950 MHz, 9501 MHz, 212.24 W, 0x0000000000000000
2026/08/27 16:08:51.718, 56 %, 532 MiB, 63, P2, 1950 MHz, 9501 MHz, 210.15 W, 0x0000000000000000
2026/08/27 16:08:56.737, 64 %, 1221 MiB, 64, P2, 1950 MHz, 9501 MHz, 214.31 W, 0x0000000000000000
2026/08/27 16:09:01.757, 78 %, 1221 MiB, 64, P2, 1950 MHz, 9501 MHz, 214.39 W, 0x0000000000000000
2026/08/27 16:09:06.779, 78 %, 1221 MiB, 64, P2, 1950 MHz, 9501 MHz, 213.58 W, 0x0000000000000000
2026/08/27 16:09:11.799, 82 %, 1221 MiB, 64, P2, 1950 MHz, 9501 MHz, 212.72 W, 0x0000000000000000
2026/08/27 16:09:16.817, 41 %, 1221 MiB, 63, P2, 1950 MHz, 9501 MHz, 195.76 W, 0x0000000000000000
2026/08/27 16:09:21.838, 0 %, 821 MiB, 61, P2, 1950 MHz, 9501 MHz, 173.56 W, 0x0000000000000000
2026/08/27 16:09:26.859, 80 %, 1219 MiB, 64, P2, 1950 MHz, 9501 MHz, 214.19 W, 0x0000000000000000
2026/08/27 16:09:31.879, 61 %, 1219 MiB, 64, P2, 1950 MHz, 9501 MHz, 213.38 W, 0x0000000000000000
2026/08/27 16:09:36.900, 85 %, 1219 MiB, 64, P2, 1950 MHz, 9501 MHz, 213.37 W, 0x0000000000000000
2026/08/27 16:09:41.921, 58 %, 532 MiB, 64, P2, 1950 MHz, 9501 MHz, 195.04 W, 0x0000000000000000
2026/08/27 16:09:46.941, 81 %, 1219 MiB, 64, P2, 1950 MHz, 9501 MHz, 214.16 W, 0x0000000000000000
2026/08/27 16:09:51.962, 81 %, 1219 MiB, 64, P2, 1950 MHz, 9501 MHz, 214.02 W, 0x0000000000000000
2026/08/27 16:09:56.983, 66 %, 1219 MiB, 64, P2, 1950 MHz, 9501 MHz, 213.64 W, 0x0000000000000000
2026/08/27 16:10:02.001, 42 %, 1219 MiB, 63, P2, 1950 MHz, 9501 MHz, 197.32 W, 0x0000000000000000
2026/08/27 16:10:07.019, 0 %, 1219 MiB, 62, P2, 1950 MHz, 9501 MHz, 163.12 W, 0x0000000000000000
2026/08/27 16:10:12.039, 72 %, 1219 MiB, 64, P2, 1950 MHz, 9501 MHz, 214.96 W, 0x0000000000000000
2026/08/27 16:10:17.059, 78 %, 1219 MiB, 64, P2, 1950 MHz, 9501 MHz, 213.84 W, 0x0000000000000000
2026/08/27 16:10:22.080, 81 %, 1219 MiB, 64, P2, 1950 MHz, 9501 MHz, 213.69 W, 0x0000000000000000
2026/08/27 16:10:27.100, 84 %, 1219 MiB, 63, P2, 1950 MHz, 9501 MHz, 205.75 W, 0x0000000000000000
2026/08/27 16:10:32.119, 34 %, 1219 MiB, 63, P2, 1950 MHz, 9501 MHz, 191.64 W, 0x0000000000000000
2026/08/27 16:10:37.139, 77 %, 1219 MiB, 64, P2, 1950 MHz, 9501 MHz, 215.29 W, 0x0000000000000000
2026/08/27 16:10:42.160, 79 %, 1219 MiB, 64, P2, 1950 MHz, 9501 MHz, 213.94 W, 0x0000000000000000
2026/08/27 16:10:47.182, 81 %, 1219 MiB, 64, P2, 1950 MHz, 9501 MHz, 213.84 W, 0x0000000000000000
2026/08/27 16:10:52.201, 83 %, 1219 MiB, 63, P2, 1950 MHz, 9501 MHz, 208.33 W, 0x0000000000000000
2026/08/27 16:10:57.221, 58 %, 532 MiB, 63, P2, 1950 MHz, 9501 MHz, 197.63 W, 0x0000000000000000
2026/08/27 16:11:02.241, 79 %, 1221 MiB, 64, P2, 1950 MHz, 9501 MHz, 216.05 W, 0x0000000000000000
2026/08/27 16:11:07.262, 80 %, 1221 MiB, 64, P2, 1950 MHz, 9501 MHz, 213.79 W, 0x0000000000000000
2026/08/27 16:11:12.283, 82 %, 1221 MiB, 64, P2, 1950 MHz, 9501 MHz, 213.53 W, 0x0000000000000000
2026/08/27 16:11:17.304, 41 %, 1221 MiB, 63, P2, 1950 MHz, 9501 MHz, 195.09 W, 0x0000000000000000
2026/08/27 16:11:22.324, 58 %, 532 MiB, 63, P2, 1950 MHz, 9501 MHz, 212.41 W, 0x0000000000000000
2026/08/27 16:11:27.344, 78 %, 1221 MiB, 64, P2, 1950 MHz, 9501 MHz, 214.34 W, 0x0000000000000000
2026/08/27 16:11:32.365, 80 %, 1221 MiB, 64, P2, 1950 MHz, 9501 MHz, 214.78 W, 0x0000000000000000
2026/08/27 16:11:37.384, 80 %, 1221 MiB, 64, P2, 1950 MHz, 9501 MHz, 213.63 W, 0x0000000000000000
2026/08/27 16:11:42.404, 40 %, 1221 MiB, 63, P2, 1950 MHz, 9501 MHz, 193.55 W, 0x0000000000000000
2026/08/27 16:11:47.422, 0 %, 532 MiB, 63, P2, 1950 MHz, 9501 MHz, 182.23 W, 0x0000000000000000
2026/08/27 16:11:52.441, 82 %, 1219 MiB, 63, P2, 1950 MHz, 9501 MHz, 213.84 W, 0x0000000000000000
2026/08/27 16:11:57.460, 83 %, 1219 MiB, 63, P2, 1950 MHz, 9501 MHz, 212.51 W, 0x0000000000000000
2026/08/27 16:12:02.480, 84 %, 1219 MiB, 64, P2, 1950 MHz, 9501 MHz, 213.73 W, 0x0000000000000000
2026/08/27 16:12:07.501, 55 %, 532 MiB, 63, P2, 1950 MHz, 9501 MHz, 210.41 W, 0x0000000000000000
2026/08/27 16:12:12.522, 79 %, 1219 MiB, 63, P2, 1950 MHz, 9501 MHz, 215.34 W, 0x0000000000000000
2026/08/27 16:12:17.543, 79 %, 1219 MiB, 64, P2, 1950 MHz, 9501 MHz, 213.66 W, 0x0000000000000000
2026/08/27 16:12:22.564, 82 %, 1219 MiB, 64, P2, 1950 MHz, 9501 MHz, 212.88 W, 0x0000000000000000
2026/08/27 16:12:27.585, 83 %, 1219 MiB, 64, P2, 1950 MHz, 9501 MHz, 213.01 W, 0x0000000000000000
2026/08/27 16:12:32.605, 41 %, 1219 MiB, 63, P2, 1950 MHz, 9501 MHz, 196.92 W, 0x0000000000000000
2026/08/27 16:12:37.626, 0 %, 585 MiB, 61, P2, 1950 MHz, 9501 MHz, 176.05 W, 0x0000000000000000
2026/08/27 16:12:42.649, 80 %, 1221 MiB, 64, P2, 1950 MHz, 9501 MHz, 213.38 W, 0x0000000000000000
2026/08/27 16:12:47.668, 41 %, 1221 MiB, 63, P2, 1950 MHz, 9501 MHz, 193.00 W, 0x0000000000000000
2026/08/27 16:12:52.688, 31 %, 1221 MiB, 62, P2, 1950 MHz, 9501 MHz, 195.49 W, 0x0000000000000000
2026/08/27 16:12:57.706, 55 %, 532 MiB, 63, P2, 1950 MHz, 9501 MHz, 189.73 W, 0x0000000000000000
2026/08/27 16:13:02.725, 78 %, 1219 MiB, 63, P2, 1950 MHz, 9501 MHz, 214.67 W, 0x0000000000000000
2026/08/27 16:13:07.745, 79 %, 1219 MiB, 63, P2, 1950 MHz, 9501 MHz, 213.57 W, 0x0000000000000000
2026/08/27 16:13:12.763, 82 %, 1219 MiB, 63, P2, 1950 MHz, 9501 MHz, 214.29 W, 0x0000000000000000
2026/08/27 16:13:17.781, 42 %, 1219 MiB, 63, P2, 1950 MHz, 9501 MHz, 203.16 W, 0x0000000000000000
2026/08/27 16:13:22.800, 54 %, 532 MiB, 63, P2, 1950 MHz, 9501 MHz, 209.72 W, 0x0000000000000000
2026/08/27 16:13:27.818, 69 %, 1221 MiB, 63, P2, 1950 MHz, 9501 MHz, 213.88 W, 0x0000000000000000
2026/08/27 16:13:32.839, 80 %, 1221 MiB, 63, P2, 1950 MHz, 9501 MHz, 213.16 W, 0x0000000000000000
2026/08/27 16:13:37.860, 40 %, 1221 MiB, 63, P2, 1950 MHz, 9501 MHz, 193.07 W, 0x0000000000000000
2026/08/27 16:13:42.881, 41 %, 532 MiB, 61, P2, 1950 MHz, 9501 MHz, 190.73 W, 0x0000000000000000
2026/08/27 16:13:47.902, 79 %, 1221 MiB, 63, P2, 1950 MHz, 9501 MHz, 201.64 W, 0x0000000000000000
2026/08/27 16:13:52.922, 64 %, 1221 MiB, 63, P2, 1950 MHz, 9501 MHz, 215.17 W, 0x0000000000000000
2026/08/27 16:13:57.943, 78 %, 1221 MiB, 64, P2, 1950 MHz, 9501 MHz, 214.89 W, 0x0000000000000000
2026/08/27 16:14:02.962, 82 %, 1221 MiB, 63, P2, 1950 MHz, 9501 MHz, 213.66 W, 0x0000000000000000
2026/08/27 16:14:07.981, 54 %, 532 MiB, 63, P2, 1950 MHz, 9501 MHz, 209.72 W, 0x0000000000000000
2026/08/27 16:14:13.001, 81 %, 1219 MiB, 63, P2, 1950 MHz, 9501 MHz, 213.46 W, 0x0000000000000000
2026/08/27 16:14:18.022, 85 %, 1219 MiB, 64, P2, 1950 MHz, 9501 MHz, 214.52 W, 0x0000000000000000
2026/08/27 16:14:23.043, 42 %, 532 MiB, 63, P2, 1950 MHz, 9501 MHz, 197.06 W, 0x0000000000000000
2026/08/27 16:14:28.063, 16 %, 1219 MiB, 63, P2, 1950 MHz, 9501 MHz, 187.38 W, 0x0000000000000000
2026/08/27 16:14:33.084, 81 %, 1219 MiB, 64, P2, 1950 MHz, 9501 MHz, 214.41 W, 0x0000000000000000
2026/08/27 16:14:38.103, 84 %, 1219 MiB, 64, P2, 1950 MHz, 9501 MHz, 213.13 W, 0x0000000000000000
2026/08/27 16:14:43.121, 40 %, 1219 MiB, 63, P2, 1950 MHz, 9501 MHz, 194.83 W, 0x0000000000000000
2026/08/27 16:14:48.141, 57 %, 532 MiB, 63, P2, 1950 MHz, 9501 MHz, 210.12 W, 0x0000000000000000
2026/08/27 16:14:53.162, 78 %, 1219 MiB, 63, P2, 1950 MHz, 9501 MHz, 213.94 W, 0x0000000000000000
2026/08/27 16:14:58.180, 82 %, 1219 MiB, 64, P2, 1950 MHz, 9501 MHz, 213.77 W, 0x0000000000000000
2026/08/27 16:15:03.198, 43 %, 1219 MiB, 63, P2, 1950 MHz, 9501 MHz, 199.88 W, 0x0000000000000000
2026/08/27 16:15:08.217, 0 %, 532 MiB, 61, P2, 1950 MHz, 9501 MHz, 183.72 W, 0x0000000000000000
2026/08/27 16:15:13.237, 77 %, 1219 MiB, 63, P2, 1950 MHz, 9501 MHz, 215.55 W, 0x0000000000000000
2026/08/27 16:15:18.258, 80 %, 1219 MiB, 64, P2, 1950 MHz, 9501 MHz, 214.49 W, 0x0000000000000000
2026/08/27 16:15:23.276, 82 %, 1219 MiB, 64, P2, 1950 MHz, 9501 MHz, 213.27 W, 0x0000000000000000
2026/08/27 16:15:28.296, 40 %, 1219 MiB, 62, P2, 1950 MHz, 9501 MHz, 194.84 W, 0x0000000000000000
2026/08/27 16:15:33.315, 37 %, 532 MiB, 62, P2, 1950 MHz, 9501 MHz, 183.56 W, 0x0000000000000000
2026/08/27 16:15:38.335, 78 %, 1219 MiB, 63, P2, 1950 MHz, 9501 MHz, 199.17 W, 0x0000000000000000
2026/08/27 16:15:43.355, 76 %, 1219 MiB, 63, P2, 1950 MHz, 9501 MHz, 214.91 W, 0x0000000000000000
2026/08/27 16:15:48.374, 80 %, 1219 MiB, 64, P2, 1950 MHz, 9501 MHz, 214.29 W, 0x0000000000000000
2026/08/27 16:15:53.394, 84 %, 1219 MiB, 64, P2, 1950 MHz, 9501 MHz, 213.29 W, 0x0000000000000000
2026/08/27 16:15:58.414, 41 %, 1219 MiB, 63, P2, 1950 MHz, 9501 MHz, 196.85 W, 0x0000000000000000
2026/08/27 16:16:03.433, 0 %, 1219 MiB, 61, P2, 1950 MHz, 9501 MHz, 163.10 W, 0x0000000000000000
2026/08/27 16:16:08.454, 77 %, 1221 MiB, 64, P2, 1950 MHz, 9501 MHz, 215.68 W, 0x0000000000000000
2026/08/27 16:16:13.474, 78 %, 1221 MiB, 64, P2, 1950 MHz, 9501 MHz, 215.50 W, 0x0000000000000000
2026/08/27 16:16:18.493, 80 %, 1221 MiB, 64, P2, 1950 MHz, 9501 MHz, 213.60 W, 0x0000000000000000
2026/08/27 16:16:23.513, 81 %, 1221 MiB, 64, P2, 1950 MHz, 9501 MHz, 213.95 W, 0x0000000000000000
2026/08/27 16:16:28.533, 0 %, 532 MiB, 63, P2, 1950 MHz, 9501 MHz, 186.56 W, 0x0000000000000000
2026/08/27 16:16:33.551, 81 %, 1219 MiB, 64, P2, 1950 MHz, 9501 MHz, 213.95 W, 0x0000000000000000
2026/08/27 16:16:38.571, 82 %, 1219 MiB, 64, P2, 1950 MHz, 9501 MHz, 213.93 W, 0x0000000000000000
2026/08/27 16:16:43.589, 40 %, 1219 MiB, 63, P2, 1950 MHz, 9501 MHz, 193.93 W, 0x0000000000000000
2026/08/27 16:16:48.607, 42 %, 1219 MiB, 63, P2, 1950 MHz, 9501 MHz, 196.30 W, 0x0000000000000000
2026/08/27 16:16:53.626, 0 %, 1219 MiB, 61, P2, 1950 MHz, 9501 MHz, 158.42 W, 0x0000000000000000
2026/08/27 16:16:58.646, 81 %, 1219 MiB, 63, P2, 1950 MHz, 9501 MHz, 213.14 W, 0x0000000000000000
2026/08/27 16:17:03.667, 82 %, 1219 MiB, 64, P2, 1950 MHz, 9501 MHz, 212.60 W, 0x0000000000000000
2026/08/27 16:17:08.688, 39 %, 1219 MiB, 63, P2, 1950 MHz, 9501 MHz, 206.86 W, 0x0000000000000000
2026/08/27 16:17:13.708, 0 %, 1219 MiB, 62, P2, 1950 MHz, 9501 MHz, 167.56 W, 0x0000000000000000
2026/08/27 16:17:18.727, 83 %, 1219 MiB, 64, P2, 1950 MHz, 9501 MHz, 213.90 W, 0x0000000000000000
2026/08/27 16:17:23.746, 83 %, 1219 MiB, 64, P2, 1950 MHz, 9501 MHz, 212.35 W, 0x0000000000000000
2026/08/27 16:17:28.765, 64 %, 1219 MiB, 64, P2, 1950 MHz, 9501 MHz, 213.88 W, 0x0000000000000000
2026/08/27 16:17:33.783, 25 %, 1219 MiB, 63, P2, 1950 MHz, 9501 MHz, 203.01 W, 0x0000000000000000
2026/08/27 16:17:38.803, 55 %, 532 MiB, 63, P2, 1950 MHz, 9501 MHz, 210.27 W, 0x0000000000000000
2026/08/27 16:17:43.821, 80 %, 1219 MiB, 64, P2, 1950 MHz, 9501 MHz, 213.98 W, 0x0000000000000000
2026/08/27 16:17:48.841, 79 %, 1219 MiB, 64, P2, 1950 MHz, 9501 MHz, 212.63 W, 0x0000000000000000
2026/08/27 16:17:53.861, 83 %, 1219 MiB, 64, P2, 1950 MHz, 9501 MHz, 212.14 W, 0x0000000000000000
2026/08/27 16:17:58.881, 69 %, 1219 MiB, 64, P2, 1950 MHz, 9501 MHz, 212.86 W, 0x0000000000000000
2026/08/27 16:18:03.901, 0 %, 1219 MiB, 61, P2, 1950 MHz, 9501 MHz, 162.73 W, 0x0000000000000000
2026/08/27 16:18:08.921, 79 %, 1219 MiB, 64, P2, 1950 MHz, 9501 MHz, 213.66 W, 0x0000000000000000
2026/08/27 16:18:13.940, 82 %, 1219 MiB, 64, P2, 1950 MHz, 9501 MHz, 213.56 W, 0x0000000000000000
2026/08/27 16:18:18.958, 38 %, 1219 MiB, 63, P2, 1950 MHz, 9501 MHz, 194.15 W, 0x0000000000000000
2026/08/27 16:18:23.977, 23 %, 1219 MiB, 62, P2, 1950 MHz, 9501 MHz, 187.76 W, 0x0000000000000000
2026/08/27 16:18:28.996, 56 %, 532 MiB, 63, P2, 1950 MHz, 9501 MHz, 211.07 W, 0x0000000000000000
2026/08/27 16:18:34.014, 77 %, 1219 MiB, 64, P2, 1950 MHz, 9501 MHz, 215.82 W, 0x0000000000000000
2026/08/27 16:18:39.034, 78 %, 1219 MiB, 64, P2, 1950 MHz, 9501 MHz, 214.04 W, 0x0000000000000000
2026/08/27 16:18:44.054, 47 %, 1219 MiB, 64, P2, 1950 MHz, 9501 MHz, 212.74 W, 0x0000000000000000
2026/08/27 16:18:49.073, 41 %, 1219 MiB, 63, P2, 1950 MHz, 9501 MHz, 196.62 W, 0x0000000000000000
2026/08/27 16:18:54.092, 41 %, 1219 MiB, 63, P2, 1950 MHz, 9501 MHz, 196.87 W, 0x0000000000000000
2026/08/27 16:18:59.113, 79 %, 1219 MiB, 63, P2, 1950 MHz, 9501 MHz, 180.42 W, 0x0000000000000000
2026/08/27 16:19:04.133, 71 %, 1219 MiB, 63, P2, 1950 MHz, 9501 MHz, 216.06 W, 0x0000000000000000
2026/08/27 16:19:09.154, 79 %, 1219 MiB, 64, P2, 1950 MHz, 9501 MHz, 214.37 W, 0x0000000000000000
2026/08/27 16:19:14.174, 82 %, 1219 MiB, 64, P2, 1950 MHz, 9501 MHz, 214.15 W, 0x0000000000000000
2026/08/27 16:19:19.195, 55 %, 532 MiB, 63, P2, 1950 MHz, 9501 MHz, 187.78 W, 0x0000000000000000
2026/08/27 16:19:24.215, 73 %, 1219 MiB, 63, P2, 1950 MHz, 9501 MHz, 215.78 W, 0x0000000000000000
2026/08/27 16:19:29.234, 79 %, 1219 MiB, 64, P2, 1950 MHz, 9501 MHz, 213.95 W, 0x0000000000000000
2026/08/27 16:19:34.253, 83 %, 1219 MiB, 64, P2, 1950 MHz, 9501 MHz, 212.98 W, 0x0000000000000000
2026/08/27 16:19:39.273, 85 %, 1219 MiB, 64, P2, 1950 MHz, 9501 MHz, 213.11 W, 0x0000000000000000
2026/08/27 16:19:44.294, 54 %, 532 MiB, 63, P2, 1950 MHz, 9501 MHz, 209.87 W, 0x0000000000000000
2026/08/27 16:19:49.313, 63 %, 1219 MiB, 63, P2, 1950 MHz, 9501 MHz, 214.35 W, 0x0000000000000000
2026/08/27 16:19:54.333, 80 %, 1219 MiB, 64, P2, 1950 MHz, 9501 MHz, 212.80 W, 0x0000000000000000
2026/08/27 16:19:59.352, 40 %, 1219 MiB, 63, P2, 1950 MHz, 9501 MHz, 205.91 W, 0x0000000000000000
2026/08/27 16:20:04.370, 22 %, 1219 MiB, 63, P2, 1950 MHz, 9501 MHz, 193.69 W, 0x0000000000000000
2026/08/27 16:20:09.389, 80 %, 1221 MiB, 63, P2, 1950 MHz, 9501 MHz, 168.70 W, 0x0000000000000000
2026/08/27 16:20:14.409, 81 %, 1221 MiB, 64, P2, 1950 MHz, 9501 MHz, 212.82 W, 0x0000000000000000
2026/08/27 16:20:19.430, 80 %, 1221 MiB, 64, P2, 1950 MHz, 9501 MHz, 213.59 W, 0x0000000000000000
2026/08/27 16:20:24.450, 37 %, 1221 MiB, 62, P2, 1935 MHz, 9501 MHz, 184.29 W, 0x0000000000000000
2026/08/27 16:20:29.471, 60 %, 532 MiB, 63, P2, 1950 MHz, 9501 MHz, 186.04 W, 0x0000000000000000
2026/08/27 16:20:34.491, 68 %, 1219 MiB, 63, P2, 1950 MHz, 9501 MHz, 214.30 W, 0x0000000000000000
2026/08/27 16:20:39.512, 81 %, 1219 MiB, 63, P2, 1950 MHz, 9501 MHz, 212.23 W, 0x0000000000000000
2026/08/27 16:20:44.533, 85 %, 1219 MiB, 64, P2, 1950 MHz, 9501 MHz, 213.15 W, 0x0000000000000000
2026/08/27 16:20:49.553, 55 %, 532 MiB, 63, P2, 1950 MHz, 9501 MHz, 185.64 W, 0x0000000000000000
2026/08/27 16:20:54.571, 76 %, 1221 MiB, 63, P2, 1950 MHz, 9501 MHz, 216.14 W, 0x0000000000000000
2026/08/27 16:20:59.589, 82 %, 1221 MiB, 64, P2, 1950 MHz, 9501 MHz, 214.75 W, 0x0000000000000000
2026/08/27 16:21:04.606, 40 %, 1221 MiB, 63, P2, 1950 MHz, 9501 MHz, 196.04 W, 0x0000000000000000
2026/08/27 16:21:09.625, 41 %, 1221 MiB, 63, P2, 1950 MHz, 9501 MHz, 194.38 W, 0x0000000000000000
2026/08/27 16:21:14.645, 58 %, 532 MiB, 63, P2, 1950 MHz, 9501 MHz, 209.95 W, 0x0000000000000000
2026/08/27 16:21:19.663, 78 %, 1219 MiB, 63, P2, 1950 MHz, 9501 MHz, 214.98 W, 0x0000000000000000
2026/08/27 16:21:24.683, 81 %, 1219 MiB, 64, P2, 1950 MHz, 9501 MHz, 214.68 W, 0x0000000000000000
2026/08/27 16:21:29.700, 40 %, 1219 MiB, 63, P2, 1950 MHz, 9501 MHz, 196.14 W, 0x0000000000000000
2026/08/27 16:21:34.717, 40 %, 1219 MiB, 63, P2, 1950 MHz, 9501 MHz, 195.78 W, 0x0000000000000000
2026/08/27 16:21:39.737, 55 %, 532 MiB, 63, P2, 1950 MHz, 9501 MHz, 209.44 W, 0x0000000000000000
2026/08/27 16:21:44.755, 81 %, 1219 MiB, 63, P2, 1950 MHz, 9501 MHz, 213.96 W, 0x0000000000000000
2026/08/27 16:21:49.776, 41 %, 1219 MiB, 62, P2, 1950 MHz, 9501 MHz, 195.92 W, 0x0000000000000000
2026/08/27 16:21:54.833, 41 %, 532 MiB, 61, P2, 1950 MHz, 9501 MHz, 188.98 W, 0x0000000000000000
2026/08/27 16:21:59.853, 78 %, 1219 MiB, 63, P2, 1950 MHz, 9501 MHz, 199.52 W, 0x0000000000000000
2026/08/27 16:22:04.874, 78 %, 1219 MiB, 63, P2, 1950 MHz, 9501 MHz, 213.35 W, 0x0000000000000000
2026/08/27 16:22:09.894, 80 %, 1219 MiB, 63, P2, 1950 MHz, 9501 MHz, 212.93 W, 0x0000000000000000
2026/08/27 16:22:14.912, 80 %, 1219 MiB, 63, P2, 1950 MHz, 9501 MHz, 211.81 W, 0x0000000000000000
2026/08/27 16:22:19.930, 41 %, 1219 MiB, 63, P2, 1950 MHz, 9501 MHz, 195.57 W, 0x0000000000000000
2026/08/27 16:22:24.947, 56 %, 532 MiB, 63, P2, 1950 MHz, 9501 MHz, 209.53 W, 0x0000000000000000
2026/08/27 16:22:29.967, 78 %, 1219 MiB, 63, P2, 1950 MHz, 9501 MHz, 214.14 W, 0x0000000000000000
2026/08/27 16:22:34.987, 79 %, 1219 MiB, 63, P2, 1950 MHz, 9501 MHz, 212.53 W, 0x0000000000000000
2026/08/27 16:22:40.005, 84 %, 1219 MiB, 64, P2, 1950 MHz, 9501 MHz, 212.67 W, 0x0000000000000000
2026/08/27 16:22:45.025, 55 %, 532 MiB, 63, P2, 1950 MHz, 9501 MHz, 203.48 W, 0x0000000000000000
2026/08/27 16:22:50.045, 78 %, 1219 MiB, 63, P2, 1950 MHz, 9501 MHz, 216.03 W, 0x0000000000000000
2026/08/27 16:22:55.064, 80 %, 1219 MiB, 64, P2, 1950 MHz, 9501 MHz, 214.27 W, 0x0000000000000000
2026/08/27 16:23:00.084, 73 %, 1219 MiB, 64, P2, 1950 MHz, 9501 MHz, 213.39 W, 0x0000000000000000
2026/08/27 16:23:05.105, 55 %, 532 MiB, 63, P2, 1950 MHz, 9501 MHz, 210.24 W, 0x0000000000000000
2026/08/27 16:23:10.125, 77 %, 1219 MiB, 64, P2, 1950 MHz, 9501 MHz, 216.33 W, 0x0000000000000000
2026/08/27 16:23:15.145, 77 %, 1219 MiB, 64, P2, 1950 MHz, 9501 MHz, 216.34 W, 0x0000000000000000
2026/08/27 16:23:20.165, 79 %, 1219 MiB, 64, P2, 1950 MHz, 9501 MHz, 214.70 W, 0x0000000000000000
2026/08/27 16:23:25.186, 81 %, 1219 MiB, 64, P2, 1950 MHz, 9501 MHz, 214.48 W, 0x0000000000000000
2026/08/27 16:23:30.204, 81 %, 1219 MiB, 63, P2, 1950 MHz, 9501 MHz, 210.57 W, 0x0000000000000000
2026/08/27 16:23:35.224, 55 %, 532 MiB, 61, P2, 1950 MHz, 9501 MHz, 194.40 W, 0x0000000000000000
2026/08/27 16:23:40.243, 78 %, 1219 MiB, 64, P2, 1950 MHz, 9501 MHz, 214.74 W, 0x0000000000000000
2026/08/27 16:23:45.264, 77 %, 1219 MiB, 64, P2, 1950 MHz, 9501 MHz, 213.52 W, 0x0000000000000000
2026/08/27 16:23:50.283, 81 %, 1219 MiB, 64, P2, 1950 MHz, 9501 MHz, 211.54 W, 0x0000000000000000
2026/08/27 16:23:55.301, 42 %, 1219 MiB, 63, P2, 1950 MHz, 9501 MHz, 196.80 W, 0x0000000000000000
2026/08/27 16:24:00.321, 58 %, 532 MiB, 64, P2, 1950 MHz, 9501 MHz, 212.99 W, 0x0000000000000000
2026/08/27 16:24:05.341, 78 %, 1219 MiB, 64, P2, 1950 MHz, 9501 MHz, 215.53 W, 0x0000000000000000
2026/08/27 16:24:10.361, 83 %, 1219 MiB, 64, P2, 1950 MHz, 9501 MHz, 214.36 W, 0x0000000000000000
2026/08/27 16:24:15.381, 58 %, 532 MiB, 63, P2, 1950 MHz, 9501 MHz, 188.00 W, 0x0000000000000000
2026/08/27 16:24:20.399, 78 %, 1219 MiB, 64, P2, 1950 MHz, 9501 MHz, 216.04 W, 0x0000000000000000
2026/08/27 16:24:25.419, 77 %, 1219 MiB, 64, P2, 1950 MHz, 9501 MHz, 215.24 W, 0x0000000000000000
2026/08/27 16:24:30.439, 82 %, 1219 MiB, 64, P2, 1950 MHz, 9501 MHz, 213.57 W, 0x0000000000000000
2026/08/27 16:24:35.461, 42 %, 1219 MiB, 63, P2, 1950 MHz, 9501 MHz, 198.21 W, 0x0000000000000000
2026/08/27 16:24:40.480, 0 %, 1219 MiB, 61, P2, 1950 MHz, 9501 MHz, 169.04 W, 0x0000000000000000
2026/08/27 16:24:45.501, 81 %, 1219 MiB, 64, P2, 1950 MHz, 9501 MHz, 213.95 W, 0x0000000000000000
2026/08/27 16:24:50.521, 84 %, 1219 MiB, 64, P2, 1950 MHz, 9501 MHz, 214.11 W, 0x0000000000000000
2026/08/27 16:24:55.539, 39 %, 1219 MiB, 63, P2, 1950 MHz, 9501 MHz, 194.99 W, 0x0000000000000000
2026/08/27 16:25:00.559, 56 %, 532 MiB, 63, P2, 1950 MHz, 9501 MHz, 203.61 W, 0x0000000000000000
2026/08/27 16:25:05.579, 77 %, 1219 MiB, 63, P2, 1950 MHz, 9501 MHz, 213.73 W, 0x0000000000000000
2026/08/27 16:25:10.600, 80 %, 1219 MiB, 64, P2, 1950 MHz, 9501 MHz, 214.04 W, 0x0000000000000000
2026/08/27 16:25:15.620, 80 %, 1219 MiB, 64, P2, 1950 MHz, 9501 MHz, 213.96 W, 0x0000000000000000
2026/08/27 16:25:20.637, 42 %, 1219 MiB, 63, P2, 1950 MHz, 9501 MHz, 200.71 W, 0x0000000000000000
2026/08/27 16:25:25.655, 55 %, 532 MiB, 63, P2, 1950 MHz, 9501 MHz, 209.93 W, 0x0000000000000000
2026/08/27 16:25:30.675, 80 %, 1219 MiB, 64, P2, 1950 MHz, 9501 MHz, 215.82 W, 0x0000000000000000
2026/08/27 16:25:35.696, 73 %, 1219 MiB, 64, P2, 1950 MHz, 9501 MHz, 214.63 W, 0x0000000000000000
2026/08/27 16:25:40.716, 73 %, 1219 MiB, 64, P2, 1950 MHz, 9501 MHz, 214.12 W, 0x0000000000000000
2026/08/27 16:25:45.736, 59 %, 532 MiB, 64, P2, 1950 MHz, 9501 MHz, 210.70 W, 0x0000000000000000
2026/08/27 16:25:50.754, 70 %, 1221 MiB, 63, P2, 1950 MHz, 9501 MHz, 215.90 W, 0x0000000000000000
2026/08/27 16:25:55.774, 76 %, 1221 MiB, 64, P2, 1950 MHz, 9501 MHz, 215.03 W, 0x0000000000000000
2026/08/27 16:26:00.793, 78 %, 1221 MiB, 64, P2, 1950 MHz, 9501 MHz, 216.05 W, 0x0000000000000000
2026/08/27 16:26:05.811, 39 %, 1221 MiB, 62, P2, 1935 MHz, 9501 MHz, 185.66 W, 0x0000000000000000
2026/08/27 16:26:10.828, 41 %, 1221 MiB, 63, P2, 1950 MHz, 9501 MHz, 197.10 W, 0x0000000000000000
2026/08/27 16:26:15.848, 0 %, 532 MiB, 61, P2, 1950 MHz, 9501 MHz, 184.60 W, 0x0000000000000000
2026/08/27 16:26:20.867, 83 %, 1219 MiB, 64, P2, 1950 MHz, 9501 MHz, 213.36 W, 0x0000000000000000
2026/08/27 16:26:25.887, 84 %, 1219 MiB, 64, P2, 1950 MHz, 9501 MHz, 213.12 W, 0x0000000000000000
2026/08/27 16:26:30.905, 41 %, 1219 MiB, 63, P2, 1950 MHz, 9501 MHz, 199.63 W, 0x0000000000000000
2026/08/27 16:26:35.925, 0 %, 1219 MiB, 61, P2, 1950 MHz, 9501 MHz, 160.90 W, 0x0000000000000000
2026/08/27 16:26:40.944, 69 %, 1219 MiB, 64, P2, 1950 MHz, 9501 MHz, 214.04 W, 0x0000000000000000
2026/08/27 16:26:45.964, 39 %, 1219 MiB, 63, P2, 1950 MHz, 9501 MHz, 206.79 W, 0x0000000000000000
2026/08/27 16:26:50.981, 39 %, 1219 MiB, 61, P2, 1875 MHz, 9501 MHz, 172.59 W, 0x0000000000000000
2026/08/27 16:26:56.001, 40 %, 1219 MiB, 62, P2, 1935 MHz, 9501 MHz, 184.30 W, 0x0000000000000000
2026/08/27 16:27:01.021, 56 %, 532 MiB, 63, P2, 1950 MHz, 9501 MHz, 209.68 W, 0x0000000000000000
2026/08/27 16:27:06.041, 62 %, 1221 MiB, 63, P2, 1950 MHz, 9501 MHz, 212.94 W, 0x0000000000000000
2026/08/27 16:27:11.062, 60 %, 1221 MiB, 63, P2, 1950 MHz, 9501 MHz, 213.90 W, 0x0000000000000000
2026/08/27 16:27:16.080, 77 %, 1221 MiB, 63, P2, 1950 MHz, 9501 MHz, 213.20 W, 0x0000000000000000
2026/08/27 16:27:21.099, 61 %, 1221 MiB, 63, P2, 1950 MHz, 9501 MHz, 213.09 W, 0x0000000000000000
2026/08/27 16:27:26.119, 79 %, 1221 MiB, 64, P2, 1950 MHz, 9501 MHz, 213.10 W, 0x0000000000000000
2026/08/27 16:27:31.139, 40 %, 1221 MiB, 63, P2, 1950 MHz, 9501 MHz, 194.96 W, 0x0000000000000000
2026/08/27 16:27:36.159, 0 %, 532 MiB, 62, P2, 1950 MHz, 9501 MHz, 204.44 W, 0x0000000000000000
2026/08/27 16:27:41.180, 71 %, 1221 MiB, 63, P2, 1950 MHz, 9501 MHz, 214.93 W, 0x0000000000000000
2026/08/27 16:27:46.200, 77 %, 1221 MiB, 64, P2, 1950 MHz, 9501 MHz, 214.99 W, 0x0000000000000000
2026/08/27 16:27:51.221, 81 %, 1221 MiB, 64, P2, 1950 MHz, 9501 MHz, 213.04 W, 0x0000000000000000
2026/08/27 16:27:56.241, 72 %, 1221 MiB, 64, P2, 1950 MHz, 9501 MHz, 212.00 W, 0x0000000000000000
2026/08/27 16:28:01.259, 41 %, 1221 MiB, 63, P2, 1950 MHz, 9501 MHz, 195.63 W, 0x0000000000000000
2026/08/27 16:28:06.282, 55 %, 532 MiB, 63, P2, 1950 MHz, 9501 MHz, 210.06 W, 0x0000000000000000
2026/08/27 16:28:11.304, 81 %, 1219 MiB, 63, P2, 1950 MHz, 9501 MHz, 213.93 W, 0x0000000000000000
2026/08/27 16:28:16.324, 40 %, 1219 MiB, 63, P2, 1950 MHz, 9501 MHz, 196.34 W, 0x0000000000000000
2026/08/27 16:28:21.344, 42 %, 1219 MiB, 62, P2, 1950 MHz, 9501 MHz, 197.16 W, 0x0000000000000000
2026/08/27 16:28:26.365, 0 %, 1219 MiB, 61, P2, 1950 MHz, 9501 MHz, 158.94 W, 0x0000000000000000
2026/08/27 16:28:31.385, 83 %, 1219 MiB, 63, P2, 1950 MHz, 9501 MHz, 212.89 W, 0x0000000000000000
2026/08/27 16:28:36.406, 83 %, 1219 MiB, 64, P2, 1950 MHz, 9501 MHz, 214.53 W, 0x0000000000000000
2026/08/27 16:28:41.425, 58 %, 532 MiB, 63, P2, 1950 MHz, 9501 MHz, 193.96 W, 0x0000000000000000
2026/08/27 16:28:46.445, 78 %, 1221 MiB, 63, P2, 1950 MHz, 9501 MHz, 214.85 W, 0x0000000000000000
2026/08/27 16:28:51.466, 77 %, 1221 MiB, 64, P2, 1950 MHz, 9501 MHz, 213.92 W, 0x0000000000000000
2026/08/27 16:28:56.486, 79 %, 1221 MiB, 64, P2, 1950 MHz, 9501 MHz, 214.49 W, 0x0000000000000000
2026/08/27 16:29:01.507, 40 %, 1221 MiB, 62, P2, 1950 MHz, 9501 MHz, 187.35 W, 0x0000000000000000
2026/08/27 16:29:06.534, 0 %, 561 MiB, 61, P2, 1950 MHz, 9501 MHz, 175.85 W, 0x0000000000000000
2026/08/27 16:29:11.573, 80 %, 1219 MiB, 64, P2, 1950 MHz, 9501 MHz, 213.24 W, 0x0000000000000000
2026/08/27 16:29:16.591, 67 %, 1219 MiB, 63, P2, 1950 MHz, 9501 MHz, 212.63 W, 0x0000000000000000
2026/08/27 16:29:21.609, 41 %, 1219 MiB, 63, P2, 1950 MHz, 9501 MHz, 196.45 W, 0x0000000000000000
2026/08/27 16:29:26.629, 58 %, 532 MiB, 63, P2, 1950 MHz, 9501 MHz, 212.12 W, 0x0000000000000000
2026/08/27 16:29:31.649, 79 %, 1219 MiB, 63, P2, 1950 MHz, 9501 MHz, 215.85 W, 0x0000000000000000
2026/08/27 16:29:36.667, 64 %, 1219 MiB, 63, P2, 1950 MHz, 9501 MHz, 213.62 W, 0x0000000000000000
2026/08/27 16:29:41.685, 40 %, 1219 MiB, 63, P2, 1950 MHz, 9501 MHz, 195.43 W, 0x0000000000000000
2026/08/27 16:29:46.705, 55 %, 532 MiB, 63, P2, 1950 MHz, 9501 MHz, 191.37 W, 0x0000000000000000
2026/08/27 16:29:51.726, 77 %, 1221 MiB, 63, P2, 1950 MHz, 9501 MHz, 215.36 W, 0x0000000000000000
2026/08/27 16:29:56.746, 78 %, 1221 MiB, 64, P2, 1950 MHz, 9501 MHz, 213.28 W, 0x0000000000000000
2026/08/27 16:30:01.767, 64 %, 1221 MiB, 64, P2, 1950 MHz, 9501 MHz, 213.13 W, 0x0000000000000000
2026/08/27 16:30:06.786, 39 %, 1221 MiB, 63, P2, 1950 MHz, 9501 MHz, 192.52 W, 0x0000000000000000
2026/08/27 16:30:11.806, 59 %, 532 MiB, 63, P2, 1950 MHz, 9501 MHz, 197.59 W, 0x0000000000000000
2026/08/27 16:30:16.826, 63 %, 1221 MiB, 63, P2, 1950 MHz, 9501 MHz, 215.93 W, 0x0000000000000000
2026/08/27 16:30:21.846, 77 %, 1221 MiB, 64, P2, 1950 MHz, 9501 MHz, 213.85 W, 0x0000000000000000
2026/08/27 16:30:26.866, 77 %, 1221 MiB, 64, P2, 1950 MHz, 9501 MHz, 215.03 W, 0x0000000000000000
2026/08/27 16:30:31.885, 39 %, 1221 MiB, 62, P2, 1950 MHz, 9501 MHz, 192.98 W, 0x0000000000000000
2026/08/27 16:30:36.903, 57 %, 532 MiB, 63, P2, 1950 MHz, 9501 MHz, 196.37 W, 0x0000000000000000
2026/08/27 16:30:41.921, 79 %, 1221 MiB, 63, P2, 1950 MHz, 9501 MHz, 214.68 W, 0x0000000000000000
2026/08/27 16:30:46.941, 77 %, 1221 MiB, 63, P2, 1950 MHz, 9501 MHz, 214.23 W, 0x0000000000000000
2026/08/27 16:30:51.961, 83 %, 1221 MiB, 64, P2, 1950 MHz, 9501 MHz, 211.67 W, 0x0000000000000000
2026/08/27 16:30:56.991, 40 %, 1221 MiB, 63, P2, 1950 MHz, 9501 MHz, 192.69 W, 0x0000000000000000
2026/08/27 16:31:02.010, 20 %, 1219 MiB, 63, P2, 1950 MHz, 9501 MHz, 187.83 W, 0x0000000000000000
2026/08/27 16:31:07.030, 80 %, 1219 MiB, 64, P2, 1950 MHz, 9501 MHz, 213.15 W, 0x0000000000000000
2026/08/27 16:31:12.050, 85 %, 1219 MiB, 64, P2, 1950 MHz, 9501 MHz, 214.40 W, 0x0000000000000000
2026/08/27 16:31:17.069, 57 %, 532 MiB, 63, P2, 1950 MHz, 9501 MHz, 192.27 W, 0x0000000000000000
2026/08/27 16:31:22.089, 66 %, 1219 MiB, 63, P2, 1950 MHz, 9501 MHz, 214.92 W, 0x0000000000000000
2026/08/27 16:31:27.110, 61 %, 1219 MiB, 64, P2, 1950 MHz, 9501 MHz, 213.65 W, 0x0000000000000000
2026/08/27 16:31:32.130, 75 %, 1219 MiB, 63, P2, 1950 MHz, 9501 MHz, 204.95 W, 0x0000000000000000
2026/08/27 16:31:37.148, 41 %, 1219 MiB, 63, P2, 1950 MHz, 9501 MHz, 195.10 W, 0x0000000000000000
2026/08/27 16:31:42.167, 0 %, 532 MiB, 61, P2, 1950 MHz, 9501 MHz, 173.52 W, 0x0000000000000000
2026/08/27 16:31:47.187, 0 %, 532 MiB, 58, P2, 1695 MHz, 9501 MHz, 123.54 W, 0x0000000000000000
2026/08/27 16:31:52.207, 0 %, 82 MiB, 53, P8, 210 MHz, 405 MHz, 41.05 W, 0x0000000000000001
2026/08/27 16:31:57.232, 0 %, 82 MiB, 51, P8, 210 MHz, 405 MHz, 30.23 W, 0x0000000000000001
2026/08/27 16:32:02.255, 0 %, 82 MiB, 49, P8, 210 MHz, 405 MHz, 29.97 W, 0x0000000000000001
2026/08/27 16:32:07.278, 0 %, 82 MiB, 48, P8, 210 MHz, 405 MHz, 29.62 W, 0x0000000000000001
2026/08/27 16:32:12.300, 0 %, 82 MiB, 47, P8, 210 MHz, 405 MHz, 28.70 W, 0x0000000000000001
2026/08/27 16:32:17.323, 0 %, 82 MiB, 46, P8, 210 MHz, 405 MHz, 28.31 W, 0x0000000000000001
2026/08/27 16:32:22.347, 0 %, 82 MiB, 45, P8, 210 MHz, 405 MHz, 28.15 W, 0x0000000000000001
2026/08/27 16:32:27.371, 0 %, 82 MiB, 44, P8, 210 MHz, 405 MHz, 28.15 W, 0x0000000000000001
2026/08/27 16:32:32.397, 0 %, 82 MiB, 43, P8, 210 MHz, 405 MHz, 27.56 W, 0x0000000000000001
2026/08/27 16:32:37.428, 0 %, 82 MiB, 43, P8, 210 MHz, 405 MHz, 27.55 W, 0x0000000000000001
2026/08/27 16:32:42.450, 0 %, 82 MiB, 42, P8, 210 MHz, 405 MHz, 27.16 W, 0x0000000000000001
2026/08/27 16:32:47.471, 0 %, 82 MiB, 42, P8, 210 MHz, 405 MHz, 27.19 W, 0x0000000000000001
2026/08/27 16:32:52.494, 0 %, 82 MiB, 42, P8, 210 MHz, 405 MHz, 27.22 W, 0x0000000000000001
2026/08/27 16:32:57.516, 0 %, 82 MiB, 41, P8, 210 MHz, 405 MHz, 26.76 W, 0x0000000000000001
2026/08/27 16:33:02.538, 0 %, 82 MiB, 41, P8, 210 MHz, 405 MHz, 26.71 W, 0x0000000000000001
2026/08/27 16:33:07.560, 0 %, 82 MiB, 41, P8, 210 MHz, 405 MHz, 26.60 W, 0x0000000000000001
2026/08/27 16:33:12.582, 0 %, 82 MiB, 41, P8, 210 MHz, 405 MHz, 26.69 W, 0x0000000000000001
2026/08/27 16:33:17.605, 0 %, 82 MiB, 40, P8, 210 MHz, 405 MHz, 26.49 W, 0x0000000000000001
2026/08/27 16:33:22.629, 0 %, 82 MiB, 40, P8, 210 MHz, 405 MHz, 26.48 W, 0x0000000000000001
2026/08/27 16:33:27.653, 0 %, 82 MiB, 40, P8, 210 MHz, 405 MHz, 26.30 W, 0x0000000000000001
2026/08/27 16:33:32.677, 0 %, 82 MiB, 40, P8, 210 MHz, 405 MHz, 26.43 W, 0x0000000000000001
2026/08/27 16:33:37.703, 0 %, 82 MiB, 40, P8, 210 MHz, 405 MHz, 26.61 W, 0x0000000000000001
2026/08/27 16:33:42.733, 0 %, 82 MiB, 39, P8, 210 MHz, 405 MHz, 26.54 W, 0x0000000000000001
2026/08/27 16:33:47.757, 0 %, 82 MiB, 39, P8, 210 MHz, 405 MHz, 26.60 W, 0x0000000000000001
2026/08/27 16:33:52.779, 0 %, 82 MiB, 39, P8, 210 MHz, 405 MHz, 26.57 W, 0x0000000000000001
2026/08/27 16:33:57.804, 0 %, 82 MiB, 39, P8, 210 MHz, 405 MHz, 26.61 W, 0x0000000000000001
2026/08/27 16:34:02.827, 0 %, 82 MiB, 39, P8, 210 MHz, 405 MHz, 26.55 W, 0x0000000000000001
2026/08/27 16:34:07.849, 0 %, 82 MiB, 39, P8, 210 MHz, 405 MHz, 26.40 W, 0x0000000000000001
2026/08/27 16:34:12.871, 0 %, 82 MiB, 39, P8, 210 MHz, 405 MHz, 26.15 W, 0x0000000000000001
2026/08/27 16:34:17.894, 0 %, 82 MiB, 39, P8, 210 MHz, 405 MHz, 26.19 W, 0x0000000000000001
2026/08/27 16:34:22.916, 0 %, 82 MiB, 39, P8, 210 MHz, 405 MHz, 26.25 W, 0x0000000000000001
2026/08/27 16:34:27.941, 0 %, 82 MiB, 38, P8, 210 MHz, 405 MHz, 26.53 W, 0x0000000000000001
2026/08/27 16:34:32.965, 0 %, 82 MiB, 38, P8, 210 MHz, 405 MHz, 26.57 W, 0x0000000000000001
2026/08/27 16:34:37.990, 0 %, 82 MiB, 38, P8, 210 MHz, 405 MHz, 26.59 W, 0x0000000000000001
2026/08/27 16:34:43.012, 0 %, 82 MiB, 38, P8, 210 MHz, 405 MHz, 26.53 W, 0x0000000000000001
2026/08/27 16:34:48.036, 0 %, 82 MiB, 38, P8, 210 MHz, 405 MHz, 26.63 W, 0x0000000000000001
2026/08/27 16:34:53.061, 0 %, 82 MiB, 38, P8, 210 MHz, 405 MHz, 26.72 W, 0x0000000000000001
2026/08/27 16:34:58.083, 0 %, 82 MiB, 38, P8, 210 MHz, 405 MHz, 26.56 W, 0x0000000000000001
2026/08/27 16:35:03.109, 0 %, 82 MiB, 38, P8, 210 MHz, 405 MHz, 26.30 W, 0x0000000000000001
2026/08/27 16:35:08.132, 0 %, 82 MiB, 38, P8, 210 MHz, 405 MHz, 26.59 W, 0x0000000000000001
2026/08/27 16:35:13.154, 0 %, 82 MiB, 38, P8, 210 MHz, 405 MHz, 26.61 W, 0x0000000000000001
2026/08/27 16:35:18.176, 0 %, 82 MiB, 38, P8, 210 MHz, 405 MHz, 26.45 W, 0x0000000000000001
2026/08/27 16:35:23.200, 0 %, 82 MiB, 38, P8, 210 MHz, 405 MHz, 26.73 W, 0x0000000000000001
2026/08/27 16:35:28.222, 0 %, 82 MiB, 38, P8, 210 MHz, 405 MHz, 26.59 W, 0x0000000000000001
2026/08/27 16:35:33.245, 0 %, 82 MiB, 38, P8, 210 MHz, 405 MHz, 26.53 W, 0x0000000000000001
2026/08/27 16:35:38.269, 0 %, 82 MiB, 38, P8, 210 MHz, 405 MHz, 26.38 W, 0x0000000000000001
2026/08/27 16:35:43.291, 0 %, 82 MiB, 38, P8, 210 MHz, 405 MHz, 26.48 W, 0x0000000000000001
2026/08/27 16:35:48.312, 0 %, 82 MiB, 38, P8, 210 MHz, 405 MHz, 26.30 W, 0x0000000000000001
2026/08/27 16:35:53.334, 0 %, 82 MiB, 38, P8, 210 MHz, 405 MHz, 26.50 W, 0x0000000000000001
2026/08/27 16:35:58.360, 0 %, 82 MiB, 38, P8, 210 MHz, 405 MHz, 26.23 W, 0x0000000000000001
2026/08/27 16:36:03.382, 0 %, 82 MiB, 38, P8, 210 MHz, 405 MHz, 26.60 W, 0x0000000000000001
2026/08/27 16:36:08.408, 0 %, 82 MiB, 38, P8, 210 MHz, 405 MHz, 26.23 W, 0x0000000000000001
2026/08/27 16:36:13.431, 0 %, 82 MiB, 38, P8, 210 MHz, 405 MHz, 26.48 W, 0x0000000000000001
2026/08/27 16:36:18.452, 0 %, 82 MiB, 38, P8, 210 MHz, 405 MHz, 26.24 W, 0x0000000000000001
2026/08/27 16:36:23.474, 0 %, 82 MiB, 37, P8, 210 MHz, 405 MHz, 26.25 W, 0x0000000000000001
2026/08/27 16:36:28.501, 0 %, 82 MiB, 38, P8, 210 MHz, 405 MHz, 26.28 W, 0x0000000000000001
2026/08/27 16:36:33.523, 0 %, 82 MiB, 37, P8, 210 MHz, 405 MHz, 26.13 W, 0x0000000000000001
2026/08/27 16:36:38.548, 0 %, 82 MiB, 37, P8, 210 MHz, 405 MHz, 26.30 W, 0x0000000000000001
2026/08/27 16:36:43.571, 0 %, 82 MiB, 37, P8, 210 MHz, 405 MHz, 26.38 W, 0x0000000000000001
2026/08/27 16:36:48.596, 0 %, 82 MiB, 37, P8, 210 MHz, 405 MHz, 26.54 W, 0x0000000000000001
2026/08/27 16:36:53.618, 0 %, 82 MiB, 37, P8, 210 MHz, 405 MHz, 26.56 W, 0x0000000000000001
2026/08/27 16:36:58.641, 0 %, 82 MiB, 37, P8, 210 MHz, 405 MHz, 26.69 W, 0x0000000000000001
2026/08/27 16:37:03.666, 0 %, 82 MiB, 37, P8, 210 MHz, 405 MHz, 26.63 W, 0x0000000000000001
2026/08/27 16:37:08.688, 0 %, 82 MiB, 37, P8, 210 MHz, 405 MHz, 26.50 W, 0x0000000000000001
2026/08/27 16:37:13.712, 0 %, 82 MiB, 37, P8, 210 MHz, 405 MHz, 26.48 W, 0x0000000000000001
2026/08/27 16:37:18.737, 0 %, 82 MiB, 37, P8, 210 MHz, 405 MHz, 26.25 W, 0x0000000000000001
2026/08/27 16:37:23.761, 0 %, 82 MiB, 37, P8, 210 MHz, 405 MHz, 26.41 W, 0x0000000000000001
2026/08/27 16:37:28.785, 0 %, 82 MiB, 37, P8, 210 MHz, 405 MHz, 26.43 W, 0x0000000000000001
2026/08/27 16:37:33.807, 0 %, 82 MiB, 37, P8, 210 MHz, 405 MHz, 26.31 W, 0x0000000000000001
2026/08/27 16:37:38.829, 0 %, 82 MiB, 37, P8, 210 MHz, 405 MHz, 26.26 W, 0x0000000000000001
2026/08/27 16:37:43.852, 0 %, 82 MiB, 37, P8, 210 MHz, 405 MHz, 26.52 W, 0x0000000000000001
2026/08/27 16:37:48.875, 0 %, 82 MiB, 37, P8, 210 MHz, 405 MHz, 26.41 W, 0x0000000000000001
2026/08/27 16:37:53.897, 0 %, 82 MiB, 37, P8, 210 MHz, 405 MHz, 26.50 W, 0x0000000000000001
2026/08/27 16:37:58.919, 0 %, 82 MiB, 37, P8, 210 MHz, 405 MHz, 26.39 W, 0x0000000000000001
2026/08/27 16:38:03.941, 0 %, 82 MiB, 37, P8, 210 MHz, 405 MHz, 26.36 W, 0x0000000000000001
2026/08/27 16:38:08.965, 0 %, 82 MiB, 37, P8, 210 MHz, 405 MHz, 26.67 W, 0x0000000000000001
2026/08/27 16:38:13.991, 0 %, 82 MiB, 37, P8, 210 MHz, 405 MHz, 26.58 W, 0x0000000000000001
2026/08/27 16:38:19.014, 0 %, 82 MiB, 37, P8, 210 MHz, 405 MHz, 26.45 W, 0x0000000000000001
2026/08/27 16:38:24.038, 0 %, 82 MiB, 37, P8, 210 MHz, 405 MHz, 26.44 W, 0x0000000000000001
2026/08/27 16:38:29.061, 0 %, 82 MiB, 37, P8, 210 MHz, 405 MHz, 26.66 W, 0x0000000000000001
2026/08/27 16:38:34.083, 0 %, 82 MiB, 37, P8, 210 MHz, 405 MHz, 26.53 W, 0x0000000000000001
2026/08/27 16:38:39.106, 0 %, 82 MiB, 37, P8, 210 MHz, 405 MHz, 26.40 W, 0x0000000000000001
2026/08/27 16:38:44.129, 0 %, 82 MiB, 37, P8, 210 MHz, 405 MHz, 26.51 W, 0x0000000000000001
2026/08/27 16:38:49.153, 0 %, 82 MiB, 37, P8, 210 MHz, 405 MHz, 26.48 W, 0x0000000000000001
2026/08/27 16:38:54.177, 0 %, 82 MiB, 37, P8, 210 MHz, 405 MHz, 26.55 W, 0x0000000000000001
2026/08/27 16:38:59.202, 0 %, 82 MiB, 37, P8, 210 MHz, 405 MHz, 26.82 W, 0x0000000000000001
2026/08/27 16:39:04.227, 0 %, 82 MiB, 37, P8, 210 MHz, 405 MHz, 26.72 W, 0x0000000000000001
2026/08/27 16:39:09.252, 0 %, 82 MiB, 37, P8, 210 MHz, 405 MHz, 26.49 W, 0x0000000000000001
2026/08/27 16:39:14.275, 0 %, 82 MiB, 37, P8, 210 MHz, 405 MHz, 26.61 W, 0x0000000000000001
2026/08/27 16:39:19.299, 0 %, 82 MiB, 37, P8, 210 MHz, 405 MHz, 26.74 W, 0x0000000000000001
2026/08/27 16:39:24.325, 0 %, 82 MiB, 37, P8, 210 MHz, 405 MHz, 26.57 W, 0x0000000000000001
2026/08/27 16:39:29.350, 0 %, 82 MiB, 37, P8, 210 MHz, 405 MHz, 26.73 W, 0x0000000000000001
2026/08/27 16:39:34.373, 0 %, 82 MiB, 37, P8, 210 MHz, 405 MHz, 26.68 W, 0x0000000000000001
2026/08/27 16:39:39.398, 0 %, 82 MiB, 37, P8, 210 MHz, 405 MHz, 26.57 W, 0x0000000000000001
2026/08/27 16:39:44.421, 0 %, 82 MiB, 37, P8, 210 MHz, 405 MHz, 26.38 W, 0x0000000000000001
2026/08/27 16:39:49.446, 0 %, 82 MiB, 37, P8, 210 MHz, 405 MHz, 26.45 W, 0x0000000000000001
2026/08/27 16:39:54.471, 0 %, 82 MiB, 37, P8, 210 MHz, 405 MHz, 26.64 W, 0x0000000000000001
2026/08/27 16:39:59.493, 0 %, 82 MiB, 37, P8, 210 MHz, 405 MHz, 26.75 W, 0x0000000000000001
2026/08/27 16:40:04.519, 0 %, 82 MiB, 37, P8, 210 MHz, 405 MHz, 26.50 W, 0x0000000000000001
2026/08/27 16:40:09.541, 0 %, 82 MiB, 37, P8, 210 MHz, 405 MHz, 26.51 W, 0x0000000000000001
2026/08/27 16:40:14.566, 0 %, 82 MiB, 37, P8, 210 MHz, 405 MHz, 26.76 W, 0x0000000000000001
2026/08/27 16:40:19.588, 0 %, 82 MiB, 37, P8, 210 MHz, 405 MHz, 26.49 W, 0x0000000000000001
2026/08/27 16:40:24.610, 0 %, 82 MiB, 37, P8, 210 MHz, 405 MHz, 26.32 W, 0x0000000000000001
2026/08/27 16:40:29.635, 0 %, 82 MiB, 37, P8, 210 MHz, 405 MHz, 26.17 W, 0x0000000000000001
2026/08/27 16:40:34.660, 0 %, 82 MiB, 37, P8, 210 MHz, 405 MHz, 26.41 W, 0x0000000000000001
2026/08/27 16:40:39.682, 0 %, 82 MiB, 37, P8, 210 MHz, 405 MHz, 26.39 W, 0x0000000000000001
2026/08/27 16:40:44.705, 0 %, 82 MiB, 37, P8, 210 MHz, 405 MHz, 26.32 W, 0x0000000000000001
2026/08/27 16:40:49.729, 0 %, 82 MiB, 37, P8, 210 MHz, 405 MHz, 26.34 W, 0x0000000000000001
2026/08/27 16:40:54.752, 0 %, 82 MiB, 37, P8, 210 MHz, 405 MHz, 26.48 W, 0x0000000000000001
2026/08/27 16:40:59.777, 0 %, 82 MiB, 37, P8, 210 MHz, 405 MHz, 26.64 W, 0x0000000000000001
2026/08/27 16:41:04.799, 0 %, 82 MiB, 37, P8, 210 MHz, 405 MHz, 26.64 W, 0x0000000000000001
2026/08/27 16:41:09.823, 0 %, 82 MiB, 37, P8, 210 MHz, 405 MHz, 26.54 W, 0x0000000000000001
2026/08/27 16:41:14.850, 0 %, 82 MiB, 37, P8, 210 MHz, 405 MHz, 26.30 W, 0x0000000000000001
2026/08/27 16:41:19.873, 0 %, 82 MiB, 37, P8, 210 MHz, 405 MHz, 26.15 W, 0x0000000000000001
2026/08/27 16:41:24.898, 0 %, 82 MiB, 37, P8, 210 MHz, 405 MHz, 26.45 W, 0x0000000000000001
2026/08/27 16:41:29.922, 0 %, 82 MiB, 37, P8, 210 MHz, 405 MHz, 26.65 W, 0x0000000000000001
2026/08/27 16:41:34.948, 0 %, 82 MiB, 36, P8, 210 MHz, 405 MHz, 26.65 W, 0x0000000000000001
2026/08/27 16:41:39.971, 0 %, 82 MiB, 37, P8, 210 MHz, 405 MHz, 26.79 W, 0x0000000000000001
2026/08/27 16:41:44.993, 0 %, 82 MiB, 36, P8, 210 MHz, 405 MHz, 26.79 W, 0x0000000000000001
2026/08/27 16:41:50.018, 0 %, 82 MiB, 37, P8, 210 MHz, 405 MHz, 26.48 W, 0x0000000000000001
2026/08/27 16:41:55.040, 0 %, 82 MiB, 36, P8, 210 MHz, 405 MHz, 26.67 W, 0x0000000000000001
2026/08/27 16:42:00.066, 0 %, 82 MiB, 36, P8, 210 MHz, 405 MHz, 26.91 W, 0x0000000000000001
2026/08/27 16:42:05.088, 0 %, 82 MiB, 37, P8, 210 MHz, 405 MHz, 26.60 W, 0x0000000000000001
2026/08/27 16:42:10.110, 0 %, 82 MiB, 36, P8, 210 MHz, 405 MHz, 26.66 W, 0x0000000000000001
2026/08/27 16:42:15.133, 0 %, 82 MiB, 36, P8, 210 MHz, 405 MHz, 26.64 W, 0x0000000000000001
2026/08/27 16:42:20.157, 0 %, 82 MiB, 36, P8, 210 MHz, 405 MHz, 26.79 W, 0x0000000000000001
2026/08/27 16:42:25.179, 0 %, 82 MiB, 36, P8, 210 MHz, 405 MHz, 26.81 W, 0x0000000000000001
2026/08/27 16:42:30.203, 0 %, 82 MiB, 36, P8, 210 MHz, 405 MHz, 26.53 W, 0x0000000000000001
2026/08/27 16:42:35.227, 0 %, 82 MiB, 36, P8, 210 MHz, 405 MHz, 26.68 W, 0x0000000000000001
2026/08/27 16:42:40.253, 0 %, 82 MiB, 36, P8, 210 MHz, 405 MHz, 26.39 W, 0x0000000000000001
2026/08/27 16:42:45.275, 0 %, 82 MiB, 36, P8, 210 MHz, 405 MHz, 26.37 W, 0x0000000000000001
2026/08/27 16:42:50.298, 0 %, 82 MiB, 36, P8, 210 MHz, 405 MHz, 26.40 W, 0x0000000000000001
2026/08/27 16:42:55.323, 0 %, 82 MiB, 36, P8, 210 MHz, 405 MHz, 26.48 W, 0x0000000000000001
2026/08/27 16:43:00.345, 0 %, 82 MiB, 36, P8, 210 MHz, 405 MHz, 26.41 W, 0x0000000000000001
2026/08/27 16:43:05.367, 0 %, 82 MiB, 36, P8, 210 MHz, 405 MHz, 26.53 W, 0x0000000000000001
2026/08/27 16:43:10.389, 0 %, 82 MiB, 36, P8, 210 MHz, 405 MHz, 26.48 W, 0x0000000000000001
2026/08/27 16:43:15.411, 0 %, 82 MiB, 36, P8, 210 MHz, 405 MHz, 26.46 W, 0x0000000000000001
2026/08/27 16:43:20.433, 0 %, 82 MiB, 36, P8, 210 MHz, 405 MHz, 26.63 W, 0x0000000000000001
2026/08/27 16:43:25.455, 0 %, 82 MiB, 36, P8, 210 MHz, 405 MHz, 26.67 W, 0x0000000000000001
2026/08/27 16:43:30.477, 0 %, 82 MiB, 36, P8, 210 MHz, 405 MHz, 27.00 W, 0x0000000000000001
2026/08/27 16:43:35.503, 0 %, 82 MiB, 36, P8, 210 MHz, 405 MHz, 26.52 W, 0x0000000000000001
2026/08/27 16:43:40.526, 0 %, 82 MiB, 36, P8, 210 MHz, 405 MHz, 26.42 W, 0x0000000000000001
2026/08/27 16:43:45.550, 0 %, 82 MiB, 36, P8, 210 MHz, 405 MHz, 26.66 W, 0x0000000000000001
2026/08/27 16:43:50.574, 0 %, 82 MiB, 36, P8, 210 MHz, 405 MHz, 26.65 W, 0x0000000000000001
2026/08/27 16:43:55.595, 0 %, 82 MiB, 36, P8, 210 MHz, 405 MHz, 26.56 W, 0x0000000000000001
2026/08/27 16:44:00.617, 0 %, 82 MiB, 36, P8, 210 MHz, 405 MHz, 26.66 W, 0x0000000000000001
2026/08/27 16:44:05.641, 0 %, 82 MiB, 36, P8, 210 MHz, 405 MHz, 26.37 W, 0x0000000000000001
2026/08/27 16:44:10.666, 0 %, 82 MiB, 36, P8, 210 MHz, 405 MHz, 26.56 W, 0x0000000000000001
2026/08/27 16:44:15.690, 0 %, 82 MiB, 36, P8, 210 MHz, 405 MHz, 26.51 W, 0x0000000000000001
2026/08/27 16:44:20.714, 0 %, 82 MiB, 36, P8, 210 MHz, 405 MHz, 26.44 W, 0x0000000000000001
2026/08/27 16:44:25.739, 0 %, 82 MiB, 36, P8, 210 MHz, 405 MHz, 26.32 W, 0x0000000000000001
2026/08/27 16:44:30.764, 0 %, 82 MiB, 36, P8, 210 MHz, 405 MHz, 26.35 W, 0x0000000000000001
2026/08/27 16:44:35.787, 0 %, 82 MiB, 36, P8, 210 MHz, 405 MHz, 26.26 W, 0x0000000000000001
2026/08/27 16:44:40.811, 0 %, 82 MiB, 36, P8, 210 MHz, 405 MHz, 26.34 W, 0x0000000000000001
2026/08/27 16:44:45.835, 0 %, 82 MiB, 36, P8, 210 MHz, 405 MHz, 26.41 W, 0x0000000000000001
2026/08/27 16:44:50.860, 0 %, 82 MiB, 36, P8, 210 MHz, 405 MHz, 26.21 W, 0x0000000000000001
2026/08/27 16:44:55.885, 0 %, 82 MiB, 36, P8, 210 MHz, 405 MHz, 26.40 W, 0x0000000000000001
2026/08/27 16:45:00.907, 0 %, 82 MiB, 36, P8, 210 MHz, 405 MHz, 26.32 W, 0x0000000000000001
2026/08/27 16:45:05.929, 0 %, 82 MiB, 36, P8, 210 MHz, 405 MHz, 26.50 W, 0x0000000000000001
2026/08/27 16:45:10.958, 0 %, 82 MiB, 36, P8, 210 MHz, 405 MHz, 26.38 W, 0x0000000000000001
2026/08/27 16:45:15.982, 0 %, 82 MiB, 36, P8, 210 MHz, 405 MHz, 26.29 W, 0x0000000000000001
2026/08/27 16:45:21.006, 0 %, 82 MiB, 36, P8, 210 MHz, 405 MHz, 26.52 W, 0x0000000000000001
2026/08/27 16:45:26.028, 0 %, 82 MiB, 36, P8, 210 MHz, 405 MHz, 26.29 W, 0x0000000000000001
2026/08/27 16:45:31.052, 0 %, 82 MiB, 36, P8, 210 MHz, 405 MHz, 26.26 W, 0x0000000000000001
2026/08/27 16:45:36.074, 0 %, 82 MiB, 36, P8, 210 MHz, 405 MHz, 26.46 W, 0x0000000000000001
2026/08/27 16:45:41.096, 0 %, 82 MiB, 36, P8, 210 MHz, 405 MHz, 26.49 W, 0x0000000000000001
2026/08/27 16:45:46.121, 0 %, 82 MiB, 36, P8, 210 MHz, 405 MHz, 26.21 W, 0x0000000000000001
2026/08/27 16:45:51.143, 0 %, 82 MiB, 36, P8, 210 MHz, 405 MHz, 26.35 W, 0x0000000000000001
2026/08/27 16:45:56.164, 0 %, 82 MiB, 36, P8, 210 MHz, 405 MHz, 26.28 W, 0x0000000000000001
2026/08/27 16:46:01.186, 0 %, 82 MiB, 36, P8, 210 MHz, 405 MHz, 26.35 W, 0x0000000000000001
2026/08/27 16:46:06.209, 0 %, 82 MiB, 36, P8, 210 MHz, 405 MHz, 26.22 W, 0x0000000000000001
2026/08/27 16:46:11.232, 0 %, 82 MiB, 36, P8, 210 MHz, 405 MHz, 26.30 W, 0x0000000000000001
2026/08/27 16:46:16.257, 0 %, 82 MiB, 36, P8, 210 MHz, 405 MHz, 26.35 W, 0x0000000000000001
2026/08/27 16:46:21.279, 0 %, 82 MiB, 36, P8, 210 MHz, 405 MHz, 26.29 W, 0x0000000000000001
2026/08/27 16:46:26.301, 0 %, 82 MiB, 36, P8, 210 MHz, 405 MHz, 26.43 W, 0x0000000000000001
2026/08/27 16:46:31.322, 0 %, 82 MiB, 36, P8, 210 MHz, 405 MHz, 26.59 W, 0x0000000000000001
2026/08/27 16:46:36.344, 0 %, 82 MiB, 36, P8, 210 MHz, 405 MHz, 26.44 W, 0x0000000000000001
2026/08/27 16:46:41.367, 0 %, 82 MiB, 36, P8, 210 MHz, 405 MHz, 26.42 W, 0x0000000000000001
2026/08/27 16:46:46.389, 0 %, 82 MiB, 36, P8, 210 MHz, 405 MHz, 26.58 W, 0x0000000000000001
2026/08/27 16:46:51.414, 0 %, 82 MiB, 36, P8, 210 MHz, 405 MHz, 26.52 W, 0x0000000000000001
2026/08/27 16:46:56.435, 0 %, 82 MiB, 36, P8, 210 MHz, 405 MHz, 26.35 W, 0x0000000000000001
2026/08/27 16:47:01.457, 0 %, 82 MiB, 36, P8, 210 MHz, 405 MHz, 26.21 W, 0x0000000000000001
2026/08/27 16:47:06.482, 0 %, 82 MiB, 36, P8, 210 MHz, 405 MHz, 26.32 W, 0x0000000000000001
2026/08/27 16:47:11.504, 0 %, 82 MiB, 36, P8, 210 MHz, 405 MHz, 26.26 W, 0x0000000000000001
2026/08/27 16:47:16.526, 0 %, 82 MiB, 36, P8, 210 MHz, 405 MHz, 26.44 W, 0x0000000000000001
2026/08/27 16:47:21.550, 0 %, 82 MiB, 36, P8, 210 MHz, 405 MHz, 26.67 W, 0x0000000000000001
2026/08/27 16:47:26.573, 0 %, 82 MiB, 36, P8, 210 MHz, 405 MHz, 26.34 W, 0x0000000000000001
2026/08/27 16:47:31.595, 0 %, 82 MiB, 36, P8, 210 MHz, 405 MHz, 26.09 W, 0x0000000000000001
2026/08/27 16:47:36.619, 0 %, 82 MiB, 36, P8, 210 MHz, 405 MHz, 26.20 W, 0x0000000000000001
2026/08/27 16:47:41.641, 0 %, 82 MiB, 36, P8, 210 MHz, 405 MHz, 26.18 W, 0x0000000000000001
2026/08/27 16:47:46.665, 0 %, 82 MiB, 36, P8, 210 MHz, 405 MHz, 26.43 W, 0x0000000000000001
2026/08/27 16:47:51.691, 0 %, 82 MiB, 36, P8, 210 MHz, 405 MHz, 26.40 W, 0x0000000000000001
2026/08/27 16:47:56.716, 0 %, 82 MiB, 36, P8, 210 MHz, 405 MHz, 26.43 W, 0x0000000000000001
2026/08/27 16:48:01.741, 0 %, 82 MiB, 36, P8, 210 MHz, 405 MHz, 26.68 W, 0x0000000000000001
2026/08/27 16:48:06.764, 0 %, 82 MiB, 36, P8, 210 MHz, 405 MHz, 26.58 W, 0x0000000000000001
2026/08/27 16:48:11.786, 0 %, 82 MiB, 36, P8, 210 MHz, 405 MHz, 26.52 W, 0x0000000000000001
2026/08/27 16:48:16.808, 0 %, 82 MiB, 36, P8, 210 MHz, 405 MHz, 26.45 W, 0x0000000000000001
2026/08/27 16:48:21.832, 0 %, 82 MiB, 36, P8, 210 MHz, 405 MHz, 26.44 W, 0x0000000000000001
2026/08/27 16:48:26.858, 0 %, 82 MiB, 36, P8, 210 MHz, 405 MHz, 26.42 W, 0x0000000000000001
2026/08/27 16:48:31.879, 0 %, 82 MiB, 36, P8, 210 MHz, 405 MHz, 26.27 W, 0x0000000000000001
2026/08/27 16:48:36.901, 0 %, 82 MiB, 36, P8, 210 MHz, 405 MHz, 26.48 W, 0x0000000000000001
2026/08/27 16:48:41.923, 0 %, 82 MiB, 36, P8, 210 MHz, 405 MHz, 26.19 W, 0x0000000000000001
2026/08/27 16:48:46.948, 0 %, 82 MiB, 36, P8, 210 MHz, 405 MHz, 26.46 W, 0x0000000000000001
2026/08/27 16:48:51.973, 0 %, 82 MiB, 36, P8, 210 MHz, 405 MHz, 26.53 W, 0x0000000000000001
2026/08/27 16:48:56.998, 0 %, 82 MiB, 36, P8, 210 MHz, 405 MHz, 26.58 W, 0x0000000000000001
2026/08/27 16:49:02.020, 0 %, 82 MiB, 36, P8, 210 MHz, 405 MHz, 26.28 W, 0x0000000000000001
2026/08/27 16:49:07.042, 0 %, 82 MiB, 36, P8, 210 MHz, 405 MHz, 26.46 W, 0x0000000000000001
2026/08/27 16:49:12.067, 0 %, 82 MiB, 36, P8, 210 MHz, 405 MHz, 26.61 W, 0x0000000000000001
2026/08/27 16:49:17.092, 0 %, 82 MiB, 36, P8, 210 MHz, 405 MHz, 26.04 W, 0x0000000000000001
2026/08/27 16:49:22.115, 0 %, 82 MiB, 36, P8, 210 MHz, 405 MHz, 25.86 W, 0x0000000000000001
2026/08/27 16:49:27.140, 0 %, 82 MiB, 36, P8, 210 MHz, 405 MHz, 26.20 W, 0x0000000000000001
2026/08/27 16:49:32.165, 0 %, 82 MiB, 36, P8, 210 MHz, 405 MHz, 26.36 W, 0x0000000000000001
2026/08/27 16:49:37.191, 0 %, 82 MiB, 36, P8, 210 MHz, 405 MHz, 26.15 W, 0x0000000000000001
2026/08/27 16:49:42.213, 0 %, 82 MiB, 36, P8, 210 MHz, 405 MHz, 26.12 W, 0x0000000000000001
2026/08/27 16:49:47.237, 0 %, 82 MiB, 36, P8, 210 MHz, 405 MHz, 26.12 W, 0x0000000000000001
2026/08/27 16:49:52.262, 0 %, 82 MiB, 36, P8, 210 MHz, 405 MHz, 26.07 W, 0x0000000000000001
2026/08/27 16:49:57.286, 0 %, 82 MiB, 36, P8, 210 MHz, 405 MHz, 26.00 W, 0x0000000000000001
2026/08/27 16:50:02.311, 0 %, 82 MiB, 36, P8, 210 MHz, 405 MHz, 26.01 W, 0x0000000000000001
2026/08/27 16:50:07.333, 0 %, 82 MiB, 36, P8, 210 MHz, 405 MHz, 26.00 W, 0x0000000000000001
2026/08/27 16:50:12.358, 0 %, 82 MiB, 36, P8, 210 MHz, 405 MHz, 26.05 W, 0x0000000000000001
2026/08/27 16:50:17.380, 0 %, 82 MiB, 36, P8, 210 MHz, 405 MHz, 26.13 W, 0x0000000000000001
2026/08/27 16:50:22.405, 0 %, 82 MiB, 36, P8, 210 MHz, 405 MHz, 26.16 W, 0x0000000000000001
2026/08/27 16:50:27.430, 0 %, 82 MiB, 36, P8, 210 MHz, 405 MHz, 25.93 W, 0x0000000000000001
2026/08/27 16:50:32.453, 0 %, 82 MiB, 36, P8, 210 MHz, 405 MHz, 26.28 W, 0x0000000000000001
2026/08/27 16:50:37.476, 0 %, 82 MiB, 36, P8, 210 MHz, 405 MHz, 26.14 W, 0x0000000000000001
2026/08/27 16:50:42.501, 0 %, 82 MiB, 36, P8, 210 MHz, 405 MHz, 25.92 W, 0x0000000000000001
2026/08/27 16:50:47.523, 0 %, 82 MiB, 36, P8, 210 MHz, 405 MHz, 25.92 W, 0x0000000000000001
2026/08/27 16:50:52.545, 0 %, 82 MiB, 36, P8, 210 MHz, 405 MHz, 26.13 W, 0x0000000000000001
2026/08/27 16:50:57.570, 0 %, 82 MiB, 36, P8, 210 MHz, 405 MHz, 26.23 W, 0x0000000000000001
2026/08/27 16:51:02.595, 0 %, 82 MiB, 36, P8, 210 MHz, 405 MHz, 26.01 W, 0x0000000000000001
2026/08/27 16:51:07.618, 0 %, 82 MiB, 36, P8, 210 MHz, 405 MHz, 26.15 W, 0x0000000000000001
2026/08/27 16:51:12.639, 0 %, 82 MiB, 36, P8, 210 MHz, 405 MHz, 25.94 W, 0x0000000000000001
2026/08/27 16:51:17.664, 0 %, 82 MiB, 36, P8, 210 MHz, 405 MHz, 26.14 W, 0x0000000000000001
2026/08/27 16:51:22.687, 0 %, 82 MiB, 36, P8, 210 MHz, 405 MHz, 26.11 W, 0x0000000000000001
2026/08/27 16:51:27.708, 0 %, 82 MiB, 36, P8, 210 MHz, 405 MHz, 26.11 W, 0x0000000000000001
2026/08/27 16:51:32.730, 0 %, 82 MiB, 36, P8, 210 MHz, 405 MHz, 26.17 W, 0x0000000000000001
2026/08/27 16:51:37.752, 0 %, 82 MiB, 36, P8, 210 MHz, 405 MHz, 26.18 W, 0x0000000000000001
2026/08/27 16:51:42.774, 0 %, 82 MiB, 36, P8, 210 MHz, 405 MHz, 26.39 W, 0x0000000000000001
2026/08/27 16:51:47.799, 0 %, 82 MiB, 36, P8, 210 MHz, 405 MHz, 26.17 W, 0x0000000000000001
2026/08/27 16:51:52.825, 0 %, 82 MiB, 36, P8, 210 MHz, 405 MHz, 26.30 W, 0x0000000000000001
2026/08/27 16:51:57.847, 0 %, 82 MiB, 36, P8, 210 MHz, 405 MHz, 25.94 W, 0x0000000000000001
2026/08/27 16:52:02.869, 0 %, 82 MiB, 36, P8, 210 MHz, 405 MHz, 26.03 W, 0x0000000000000001
2026/08/27 16:52:07.894, 0 %, 82 MiB, 36, P8, 210 MHz, 405 MHz, 26.27 W, 0x0000000000000001
2026/08/27 16:52:12.915, 0 %, 82 MiB, 36, P8, 210 MHz, 405 MHz, 26.32 W, 0x0000000000000001
2026/08/27 16:52:17.941, 0 %, 82 MiB, 36, P8, 210 MHz, 405 MHz, 26.11 W, 0x0000000000000001
2026/08/27 16:52:22.963, 0 %, 82 MiB, 36, P8, 210 MHz, 405 MHz, 25.93 W, 0x0000000000000001
2026/08/27 16:52:27.985, 0 %, 82 MiB, 36, P8, 210 MHz, 405 MHz, 26.16 W, 0x0000000000000001
2026/08/27 16:52:33.008, 0 %, 82 MiB, 36, P8, 210 MHz, 405 MHz, 26.06 W, 0x0000000000000001
2026/08/27 16:52:38.029, 0 %, 82 MiB, 36, P8, 210 MHz, 405 MHz, 25.92 W, 0x0000000000000001
2026/08/27 16:52:43.053, 0 %, 82 MiB, 36, P8, 210 MHz, 405 MHz, 25.83 W, 0x0000000000000001
2026/08/27 16:52:48.078, 0 %, 82 MiB, 36, P8, 210 MHz, 405 MHz, 26.03 W, 0x0000000000000001
2026/08/27 16:52:53.100, 0 %, 82 MiB, 36, P8, 210 MHz, 405 MHz, 25.78 W, 0x0000000000000001
2026/08/27 16:52:58.125, 0 %, 82 MiB, 36, P8, 210 MHz, 405 MHz, 25.90 W, 0x0000000000000001
2026/08/27 16:53:03.147, 0 %, 82 MiB, 36, P8, 210 MHz, 405 MHz, 26.22 W, 0x0000000000000001
2026/08/27 16:53:08.170, 0 %, 82 MiB, 36, P8, 210 MHz, 405 MHz, 25.76 W, 0x0000000000000001
2026/08/27 16:53:13.193, 0 %, 82 MiB, 36, P8, 210 MHz, 405 MHz, 25.98 W, 0x0000000000000001
2026/08/27 16:53:18.217, 0 %, 82 MiB, 36, P8, 210 MHz, 405 MHz, 25.71 W, 0x0000000000000001
2026/08/27 16:53:23.239, 0 %, 82 MiB, 36, P8, 210 MHz, 405 MHz, 26.01 W, 0x0000000000000001
2026/08/27 16:53:28.263, 0 %, 82 MiB, 36, P8, 210 MHz, 405 MHz, 25.83 W, 0x0000000000000001
2026/08/27 16:53:33.286, 0 %, 82 MiB, 36, P8, 210 MHz, 405 MHz, 25.67 W, 0x0000000000000001
2026/08/27 16:53:38.311, 0 %, 82 MiB, 36, P8, 210 MHz, 405 MHz, 25.82 W, 0x0000000000000001
2026/08/27 16:53:43.336, 0 %, 82 MiB, 36, P8, 210 MHz, 405 MHz, 25.79 W, 0x0000000000000001
2026/08/27 16:53:48.364, 0 %, 82 MiB, 36, P8, 210 MHz, 405 MHz, 26.13 W, 0x0000000000000001
2026/08/27 16:53:53.386, 0 %, 82 MiB, 36, P8, 210 MHz, 405 MHz, 25.85 W, 0x0000000000000001
2026/08/27 16:53:58.410, 0 %, 82 MiB, 36, P8, 210 MHz, 405 MHz, 25.81 W, 0x0000000000000001
2026/08/27 16:54:03.433, 0 %, 82 MiB, 36, P8, 210 MHz, 405 MHz, 25.82 W, 0x0000000000000001
2026/08/27 16:54:08.458, 0 %, 82 MiB, 36, P8, 210 MHz, 405 MHz, 25.87 W, 0x0000000000000001
2026/08/27 16:54:13.483, 0 %, 82 MiB, 36, P8, 210 MHz, 405 MHz, 25.87 W, 0x0000000000000001
2026/08/27 16:54:18.505, 0 %, 82 MiB, 36, P8, 210 MHz, 405 MHz, 25.86 W, 0x0000000000000001
2026/08/27 16:54:23.527, 0 %, 82 MiB, 36, P8, 210 MHz, 405 MHz, 25.86 W, 0x0000000000000001
2026/08/27 16:54:28.549, 0 %, 82 MiB, 36, P8, 210 MHz, 405 MHz, 25.93 W, 0x0000000000000001
2026/08/27 16:54:33.574, 0 %, 82 MiB, 36, P8, 210 MHz, 405 MHz, 25.77 W, 0x0000000000000001
2026/08/27 16:54:38.600, 0 %, 82 MiB, 36, P8, 210 MHz, 405 MHz, 25.89 W, 0x0000000000000001
2026/08/27 16:54:43.623, 0 %, 82 MiB, 36, P8, 210 MHz, 405 MHz, 25.94 W, 0x0000000000000001
2026/08/27 16:54:48.648, 0 %, 82 MiB, 36, P8, 210 MHz, 405 MHz, 25.86 W, 0x0000000000000001
2026/08/27 16:54:53.670, 0 %, 82 MiB, 36, P8, 210 MHz, 405 MHz, 25.85 W, 0x0000000000000001
2026/08/27 16:54:58.693, 0 %, 82 MiB, 36, P8, 210 MHz, 405 MHz, 25.88 W, 0x0000000000000001
2026/08/27 16:55:03.715, 0 %, 82 MiB, 36, P8, 210 MHz, 405 MHz, 25.80 W, 0x0000000000000001
2026/08/27 16:55:08.737, 0 %, 82 MiB, 36, P8, 210 MHz, 405 MHz, 25.77 W, 0x0000000000000001
2026/08/27 16:55:13.759, 0 %, 82 MiB, 36, P8, 210 MHz, 405 MHz, 25.95 W, 0x0000000000000001
2026/08/27 16:55:18.781, 0 %, 82 MiB, 36, P8, 210 MHz, 405 MHz, 25.82 W, 0x0000000000000001
2026/08/27 16:55:23.803, 0 %, 82 MiB, 36, P8, 210 MHz, 405 MHz, 25.98 W, 0x0000000000000001
2026/08/27 16:55:28.825, 0 %, 82 MiB, 36, P8, 210 MHz, 405 MHz, 25.99 W, 0x0000000000000001
2026/08/27 16:55:33.847, 0 %, 82 MiB, 36, P8, 210 MHz, 405 MHz, 25.95 W, 0x0000000000000001
2026/08/27 16:55:38.869, 0 %, 82 MiB, 36, P8, 210 MHz, 405 MHz, 25.93 W, 0x0000000000000001
2026/08/27 16:55:43.892, 0 %, 82 MiB, 36, P8, 210 MHz, 405 MHz, 25.79 W, 0x0000000000000001
2026/08/27 16:55:48.913, 0 %, 82 MiB, 36, P8, 210 MHz, 405 MHz, 25.83 W, 0x0000000000000001
2026/08/27 16:55:53.934, 0 %, 82 MiB, 36, P8, 210 MHz, 405 MHz, 26.01 W, 0x0000000000000001
2026/08/27 16:55:58.957, 0 %, 82 MiB, 36, P8, 210 MHz, 405 MHz, 26.02 W, 0x0000000000000001
2026/08/27 16:56:03.987, 0 %, 82 MiB, 36, P8, 210 MHz, 405 MHz, 26.08 W, 0x0000000000000001
2026/08/27 16:56:09.010, 0 %, 82 MiB, 36, P8, 210 MHz, 405 MHz, 25.97 W, 0x0000000000000001
2026/08/27 16:56:14.031, 0 %, 82 MiB, 36, P8, 210 MHz, 405 MHz, 25.88 W, 0x0000000000000001
2026/08/27 16:56:19.057, 0 %, 82 MiB, 36, P8, 210 MHz, 405 MHz, 26.12 W, 0x0000000000000001
2026/08/27 16:56:24.079, 0 %, 82 MiB, 36, P8, 210 MHz, 405 MHz, 26.06 W, 0x0000000000000001
2026/08/27 16:56:29.101, 0 %, 82 MiB, 36, P8, 210 MHz, 405 MHz, 26.19 W, 0x0000000000000001
2026/08/27 16:56:34.123, 0 %, 82 MiB, 36, P8, 210 MHz, 405 MHz, 25.96 W, 0x0000000000000001
2026/08/27 16:56:39.145, 0 %, 82 MiB, 36, P8, 210 MHz, 405 MHz, 26.17 W, 0x0000000000000001
2026/08/27 16:56:44.170, 0 %, 82 MiB, 36, P8, 210 MHz, 405 MHz, 26.02 W, 0x0000000000000001
2026/08/27 16:56:49.196, 0 %, 82 MiB, 36, P8, 210 MHz, 405 MHz, 26.10 W, 0x0000000000000001
2026/08/27 16:56:54.218, 0 %, 82 MiB, 36, P8, 210 MHz, 405 MHz, 25.99 W, 0x0000000000000001
2026/08/27 16:56:59.243, 0 %, 82 MiB, 36, P8, 210 MHz, 405 MHz, 26.43 W, 0x0000000000000001
2026/08/27 16:57:04.265, 0 %, 82 MiB, 36, P8, 210 MHz, 405 MHz, 25.88 W, 0x0000000000000001
2026/08/27 16:57:09.287, 0 %, 82 MiB, 36, P8, 210 MHz, 405 MHz, 26.03 W, 0x0000000000000001
2026/08/27 16:57:14.310, 0 %, 82 MiB, 36, P8, 210 MHz, 405 MHz, 26.11 W, 0x0000000000000001
2026/08/27 16:57:19.332, 0 %, 82 MiB, 36, P8, 210 MHz, 405 MHz, 26.32 W, 0x0000000000000001
2026/08/27 16:57:24.354, 0 %, 82 MiB, 36, P8, 210 MHz, 405 MHz, 25.92 W, 0x0000000000000001
2026/08/27 16:57:29.376, 0 %, 82 MiB, 36, P8, 210 MHz, 405 MHz, 25.92 W, 0x0000000000000001
2026/08/27 16:57:34.398, 0 %, 82 MiB, 36, P8, 210 MHz, 405 MHz, 26.24 W, 0x0000000000000001
2026/08/27 16:57:39.423, 0 %, 82 MiB, 36, P8, 210 MHz, 405 MHz, 25.93 W, 0x0000000000000001
2026/08/27 16:57:44.448, 0 %, 82 MiB, 36, P8, 210 MHz, 405 MHz, 26.00 W, 0x0000000000000001
2026/08/27 16:57:49.473, 0 %, 82 MiB, 36, P8, 210 MHz, 405 MHz, 25.98 W, 0x0000000000000001
2026/08/27 16:57:54.495, 0 %, 82 MiB, 36, P8, 210 MHz, 405 MHz, 26.17 W, 0x0000000000000001
2026/08/27 16:57:59.517, 0 %, 82 MiB, 36, P8, 210 MHz, 405 MHz, 25.98 W, 0x0000000000000001
2026/08/27 16:58:04.539, 0 %, 82 MiB, 36, P8, 210 MHz, 405 MHz, 25.86 W, 0x0000000000000001
2026/08/27 16:58:09.561, 0 %, 82 MiB, 36, P8, 210 MHz, 405 MHz, 26.17 W, 0x0000000000000001
2026/08/27 16:58:14.584, 0 %, 82 MiB, 36, P8, 210 MHz, 405 MHz, 25.83 W, 0x0000000000000001
2026/08/27 16:58:19.606, 0 %, 82 MiB, 36, P8, 210 MHz, 405 MHz, 25.93 W, 0x0000000000000001
2026/08/27 16:58:24.632, 0 %, 82 MiB, 36, P8, 210 MHz, 405 MHz, 25.81 W, 0x0000000000000001
2026/08/27 16:58:29.659, 0 %, 82 MiB, 36, P8, 210 MHz, 405 MHz, 25.93 W, 0x0000000000000001
2026/08/27 16:58:34.682, 0 %, 82 MiB, 36, P8, 210 MHz, 405 MHz, 25.95 W, 0x0000000000000001
2026/08/27 16:58:39.704, 0 %, 82 MiB, 36, P8, 210 MHz, 405 MHz, 25.68 W, 0x0000000000000001
2026/08/27 16:58:44.726, 0 %, 82 MiB, 36, P8, 210 MHz, 405 MHz, 25.99 W, 0x0000000000000001
2026/08/27 16:58:49.749, 0 %, 82 MiB, 36, P8, 210 MHz, 405 MHz, 26.01 W, 0x0000000000000001
2026/08/27 16:58:54.770, 0 %, 82 MiB, 36, P8, 210 MHz, 405 MHz, 25.75 W, 0x0000000000000001
2026/08/27 16:58:59.792, 0 %, 82 MiB, 36, P8, 210 MHz, 405 MHz, 25.77 W, 0x0000000000000001
2026/08/27 16:59:04.814, 0 %, 82 MiB, 36, P8, 210 MHz, 405 MHz, 26.04 W, 0x0000000000000001
2026/08/27 16:59:09.836, 0 %, 82 MiB, 36, P8, 210 MHz, 405 MHz, 25.72 W, 0x0000000000000001
2026/08/27 16:59:14.858, 0 %, 82 MiB, 36, P8, 210 MHz, 405 MHz, 25.88 W, 0x0000000000000001
2026/08/27 16:59:19.883, 0 %, 82 MiB, 36, P8, 210 MHz, 405 MHz, 25.79 W, 0x0000000000000001
2026/08/27 16:59:24.905, 0 %, 82 MiB, 36, P8, 210 MHz, 405 MHz, 25.99 W, 0x0000000000000001
2026/08/27 16:59:29.928, 0 %, 82 MiB, 36, P8, 210 MHz, 405 MHz, 26.00 W, 0x0000000000000001
2026/08/27 16:59:34.953, 0 %, 82 MiB, 36, P8, 210 MHz, 405 MHz, 25.91 W, 0x0000000000000001
2026/08/27 16:59:39.980, 0 %, 82 MiB, 36, P8, 210 MHz, 405 MHz, 26.10 W, 0x0000000000000001
2026/08/27 16:59:45.002, 0 %, 82 MiB, 36, P8, 210 MHz, 405 MHz, 25.95 W, 0x0000000000000001
2026/08/27 16:59:50.027, 0 %, 82 MiB, 36, P8, 210 MHz, 405 MHz, 25.89 W, 0x0000000000000001
2026/08/27 16:59:55.049, 0 %, 82 MiB, 36, P8, 210 MHz, 405 MHz, 25.95 W, 0x0000000000000001
2026/08/27 17:00:00.071, 0 %, 82 MiB, 36, P8, 210 MHz, 405 MHz, 25.81 W, 0x0000000000000001
2026/08/27 17:00:05.096, 0 %, 82 MiB, 36, P8, 210 MHz, 405 MHz, 25.93 W, 0x0000000000000001
2026/08/27 17:00:10.120, 0 %, 82 MiB, 36, P8, 210 MHz, 405 MHz, 26.22 W, 0x0000000000000001
2026/08/27 17:00:15.141, 0 %, 82 MiB, 36, P8, 210 MHz, 405 MHz, 26.06 W, 0x0000000000000001
2026/08/27 17:00:20.166, 0 %, 82 MiB, 36, P8, 210 MHz, 405 MHz, 26.06 W, 0x0000000000000001
2026/08/27 17:00:25.189, 0 %, 82 MiB, 36, P8, 210 MHz, 405 MHz, 25.72 W, 0x0000000000000001
2026/08/27 17:00:30.213, 0 %, 82 MiB, 36, P8, 210 MHz, 405 MHz, 25.82 W, 0x0000000000000001
2026/08/27 17:00:35.236, 0 %, 82 MiB, 36, P8, 210 MHz, 405 MHz, 25.93 W, 0x0000000000000001
2026/08/27 17:00:40.258, 0 %, 82 MiB, 36, P8, 210 MHz, 405 MHz, 25.98 W, 0x0000000000000001
2026/08/27 17:00:45.279, 0 %, 82 MiB, 36, P8, 210 MHz, 405 MHz, 26.02 W, 0x0000000000000001
2026/08/27 17:00:50.301, 0 %, 82 MiB, 36, P8, 210 MHz, 405 MHz, 26.20 W, 0x0000000000000001
2026/08/27 17:00:55.323, 0 %, 82 MiB, 36, P8, 210 MHz, 405 MHz, 26.32 W, 0x0000000000000001
2026/08/27 17:01:00.345, 0 %, 82 MiB, 36, P8, 210 MHz, 405 MHz, 26.19 W, 0x0000000000000001
2026/08/27 17:01:05.368, 0 %, 82 MiB, 36, P8, 210 MHz, 405 MHz, 25.85 W, 0x0000000000000001
2026/08/27 17:01:10.390, 0 %, 82 MiB, 36, P8, 210 MHz, 405 MHz, 26.13 W, 0x0000000000000001
2026/08/27 17:01:15.415, 0 %, 82 MiB, 36, P8, 210 MHz, 405 MHz, 25.89 W, 0x0000000000000001
2026/08/27 17:01:20.437, 0 %, 82 MiB, 36, P8, 210 MHz, 405 MHz, 26.02 W, 0x0000000000000001
2026/08/27 17:01:25.460, 0 %, 82 MiB, 36, P8, 210 MHz, 405 MHz, 26.06 W, 0x0000000000000001
2026/08/27 17:01:30.485, 0 %, 82 MiB, 36, P8, 210 MHz, 405 MHz, 25.86 W, 0x0000000000000001
2026/08/27 17:01:35.508, 0 %, 82 MiB, 36, P8, 210 MHz, 405 MHz, 25.82 W, 0x0000000000000001
2026/08/27 17:01:40.530, 0 %, 82 MiB, 36, P8, 210 MHz, 405 MHz, 25.80 W, 0x0000000000000001
2026/08/27 17:01:45.552, 0 %, 82 MiB, 36, P8, 210 MHz, 405 MHz, 25.77 W, 0x0000000000000001
2026/08/27 17:01:50.576, 0 %, 82 MiB, 36, P8, 210 MHz, 405 MHz, 25.73 W, 0x0000000000000001
2026/08/27 17:01:55.599, 0 %, 82 MiB, 36, P8, 210 MHz, 405 MHz, 25.56 W, 0x0000000000000001
2026/08/27 17:02:00.622, 0 %, 82 MiB, 36, P8, 210 MHz, 405 MHz, 25.83 W, 0x0000000000000001
2026/08/27 17:02:05.644, 0 %, 82 MiB, 36, P8, 210 MHz, 405 MHz, 25.78 W, 0x0000000000000001
2026/08/27 17:02:10.667, 0 %, 82 MiB, 36, P8, 210 MHz, 405 MHz, 25.78 W, 0x0000000000000001
2026/08/27 17:02:15.689, 0 %, 82 MiB, 36, P8, 210 MHz, 405 MHz, 25.85 W, 0x0000000000000001
2026/08/27 17:02:20.712, 0 %, 82 MiB, 36, P8, 210 MHz, 405 MHz, 25.84 W, 0x0000000000000001
2026/08/27 17:02:25.737, 0 %, 82 MiB, 36, P8, 210 MHz, 405 MHz, 25.79 W, 0x0000000000000001
2026/08/27 17:02:30.760, 0 %, 82 MiB, 36, P8, 210 MHz, 405 MHz, 25.93 W, 0x0000000000000001
2026/08/27 17:02:35.782, 0 %, 82 MiB, 36, P8, 210 MHz, 405 MHz, 26.03 W, 0x0000000000000001
2026/08/27 17:02:40.806, 0 %, 82 MiB, 36, P8, 210 MHz, 405 MHz, 25.86 W, 0x0000000000000001
2026/08/27 17:02:45.829, 0 %, 82 MiB, 36, P8, 210 MHz, 405 MHz, 25.99 W, 0x0000000000000001
2026/08/27 17:02:50.851, 0 %, 82 MiB, 36, P8, 210 MHz, 405 MHz, 25.88 W, 0x0000000000000001
2026/08/27 17:02:55.876, 0 %, 82 MiB, 36, P8, 210 MHz, 405 MHz, 25.95 W, 0x0000000000000001
2026/08/27 17:03:00.901, 0 %, 82 MiB, 36, P8, 210 MHz, 405 MHz, 25.85 W, 0x0000000000000001
2026/08/27 17:03:05.925, 0 %, 82 MiB, 36, P8, 210 MHz, 405 MHz, 25.85 W, 0x0000000000000001
2026/08/27 17:03:10.948, 0 %, 82 MiB, 36, P8, 210 MHz, 405 MHz, 25.91 W, 0x0000000000000001
2026/08/27 17:03:15.970, 0 %, 82 MiB, 36, P8, 210 MHz, 405 MHz, 25.79 W, 0x0000000000000001
2026/08/27 17:03:20.992, 0 %, 82 MiB, 36, P8, 210 MHz, 405 MHz, 25.77 W, 0x0000000000000001
2026/08/27 17:03:26.014, 0 %, 82 MiB, 36, P8, 210 MHz, 405 MHz, 25.56 W, 0x0000000000000001
2026/08/27 17:03:31.038, 0 %, 82 MiB, 36, P8, 210 MHz, 405 MHz, 25.91 W, 0x0000000000000001
2026/08/27 17:03:36.061, 0 %, 82 MiB, 36, P8, 210 MHz, 405 MHz, 25.78 W, 0x0000000000000001
2026/08/27 17:03:41.083, 0 %, 82 MiB, 36, P8, 210 MHz, 405 MHz, 25.80 W, 0x0000000000000001
2026/08/27 17:03:46.106, 0 %, 82 MiB, 36, P8, 210 MHz, 405 MHz, 25.85 W, 0x0000000000000001
2026/08/27 17:03:51.128, 0 %, 82 MiB, 36, P8, 210 MHz, 405 MHz, 25.79 W, 0x0000000000000001
2026/08/27 17:03:56.151, 0 %, 82 MiB, 36, P8, 210 MHz, 405 MHz, 25.62 W, 0x0000000000000001
2026/08/27 17:04:01.175, 0 %, 82 MiB, 36, P8, 210 MHz, 405 MHz, 25.91 W, 0x0000000000000001
2026/08/27 17:04:06.198, 0 %, 82 MiB, 36, P8, 210 MHz, 405 MHz, 25.90 W, 0x0000000000000001
2026/08/27 17:04:11.221, 0 %, 82 MiB, 36, P8, 210 MHz, 405 MHz, 26.08 W, 0x0000000000000001
2026/08/27 17:04:16.243, 0 %, 82 MiB, 36, P8, 210 MHz, 405 MHz, 25.93 W, 0x0000000000000001
2026/08/27 17:04:21.265, 0 %, 82 MiB, 35, P8, 210 MHz, 405 MHz, 25.93 W, 0x0000000000000001
2026/08/27 17:04:26.290, 0 %, 82 MiB, 36, P8, 210 MHz, 405 MHz, 26.00 W, 0x0000000000000001
2026/08/27 17:04:31.312, 0 %, 82 MiB, 36, P8, 210 MHz, 405 MHz, 26.19 W, 0x0000000000000001
2026/08/27 17:04:36.335, 0 %, 82 MiB, 36, P8, 210 MHz, 405 MHz, 25.96 W, 0x0000000000000001
2026/08/27 17:04:41.357, 0 %, 82 MiB, 36, P8, 210 MHz, 405 MHz, 25.92 W, 0x0000000000000001
2026/08/27 17:04:46.381, 0 %, 82 MiB, 36, P8, 210 MHz, 405 MHz, 26.08 W, 0x0000000000000001
2026/08/27 17:04:51.406, 0 %, 82 MiB, 36, P8, 210 MHz, 405 MHz, 26.04 W, 0x0000000000000001
2026/08/27 17:04:56.428, 0 %, 82 MiB, 36, P8, 210 MHz, 405 MHz, 26.12 W, 0x0000000000000001
2026/08/27 17:05:01.453, 0 %, 82 MiB, 35, P8, 210 MHz, 405 MHz, 26.27 W, 0x0000000000000001
2026/08/27 17:05:06.475, 0 %, 82 MiB, 36, P8, 210 MHz, 405 MHz, 26.01 W, 0x0000000000000001
2026/08/27 17:05:11.500, 0 %, 82 MiB, 35, P8, 210 MHz, 405 MHz, 25.99 W, 0x0000000000000001
2026/08/27 17:05:16.522, 0 %, 82 MiB, 36, P8, 210 MHz, 405 MHz, 26.25 W, 0x0000000000000001
2026/08/27 17:05:21.544, 0 %, 82 MiB, 35, P8, 210 MHz, 405 MHz, 26.17 W, 0x0000000000000001
2026/08/27 17:05:26.569, 0 %, 82 MiB, 36, P8, 210 MHz, 405 MHz, 25.77 W, 0x0000000000000001
2026/08/27 17:05:31.592, 0 %, 82 MiB, 36, P8, 210 MHz, 405 MHz, 26.18 W, 0x0000000000000001
2026/08/27 17:05:36.614, 0 %, 82 MiB, 35, P8, 210 MHz, 405 MHz, 26.04 W, 0x0000000000000001
2026/08/27 17:05:41.636, 0 %, 82 MiB, 36, P8, 210 MHz, 405 MHz, 25.74 W, 0x0000000000000001
2026/08/27 17:05:46.660, 0 %, 82 MiB, 36, P8, 210 MHz, 405 MHz, 26.05 W, 0x0000000000000001
2026/08/27 17:05:51.684, 0 %, 82 MiB, 36, P8, 210 MHz, 405 MHz, 26.19 W, 0x0000000000000001
2026/08/27 17:05:56.716, 0 %, 82 MiB, 36, P8, 210 MHz, 405 MHz, 26.08 W, 0x0000000000000001
2026/08/27 17:06:01.740, 0 %, 82 MiB, 36, P8, 210 MHz, 405 MHz, 25.96 W, 0x0000000000000001
2026/08/27 17:06:06.766, 0 %, 82 MiB, 35, P8, 210 MHz, 405 MHz, 25.88 W, 0x0000000000000001
2026/08/27 17:06:11.788, 0 %, 82 MiB, 36, P8, 210 MHz, 405 MHz, 25.91 W, 0x0000000000000001
2026/08/27 17:06:16.813, 0 %, 82 MiB, 36, P8, 210 MHz, 405 MHz, 25.62 W, 0x0000000000000001
2026/08/27 17:06:21.839, 0 %, 82 MiB, 36, P8, 210 MHz, 405 MHz, 25.47 W, 0x0000000000000001
2026/08/27 17:06:26.861, 0 %, 82 MiB, 35, P8, 210 MHz, 405 MHz, 25.68 W, 0x0000000000000001
2026/08/27 17:06:31.885, 0 %, 82 MiB, 36, P8, 210 MHz, 405 MHz, 25.65 W, 0x0000000000000001
2026/08/27 17:06:36.910, 0 %, 82 MiB, 36, P8, 210 MHz, 405 MHz, 25.77 W, 0x0000000000000001
2026/08/27 17:06:41.932, 0 %, 82 MiB, 36, P8, 210 MHz, 405 MHz, 25.73 W, 0x0000000000000001
2026/08/27 17:06:46.956, 0 %, 82 MiB, 36, P8, 210 MHz, 405 MHz, 25.91 W, 0x0000000000000001
2026/08/27 17:06:51.978, 0 %, 82 MiB, 36, P8, 210 MHz, 405 MHz, 25.84 W, 0x0000000000000001
2026/08/27 17:06:57.000, 0 %, 82 MiB, 36, P8, 210 MHz, 405 MHz, 26.09 W, 0x0000000000000001
2026/08/27 17:07:02.023, 0 %, 82 MiB, 36, P8, 210 MHz, 405 MHz, 26.27 W, 0x0000000000000001
2026/08/27 17:07:07.045, 0 %, 82 MiB, 36, P8, 210 MHz, 405 MHz, 25.90 W, 0x0000000000000001
2026/08/27 17:07:12.067, 0 %, 82 MiB, 35, P8, 210 MHz, 405 MHz, 25.83 W, 0x0000000000000001
2026/08/27 17:07:17.093, 0 %, 82 MiB, 36, P8, 210 MHz, 405 MHz, 25.52 W, 0x0000000000000001
2026/08/27 17:07:22.115, 0 %, 82 MiB, 35, P8, 210 MHz, 405 MHz, 25.69 W, 0x0000000000000001
2026/08/27 17:07:27.137, 0 %, 82 MiB, 36, P8, 210 MHz, 405 MHz, 25.86 W, 0x0000000000000001
2026/08/27 17:07:32.160, 0 %, 82 MiB, 36, P8, 210 MHz, 405 MHz, 25.60 W, 0x0000000000000001
2026/08/27 17:07:37.185, 0 %, 82 MiB, 35, P8, 210 MHz, 405 MHz, 25.62 W, 0x0000000000000001
2026/08/27 17:07:42.209, 0 %, 82 MiB, 36, P8, 210 MHz, 405 MHz, 25.72 W, 0x0000000000000001
2026/08/27 17:07:47.233, 0 %, 82 MiB, 35, P8, 210 MHz, 405 MHz, 25.52 W, 0x0000000000000001
2026/08/27 17:07:52.256, 0 %, 82 MiB, 35, P8, 210 MHz, 405 MHz, 25.52 W, 0x0000000000000001
2026/08/27 17:07:57.278, 0 %, 82 MiB, 36, P8, 210 MHz, 405 MHz, 25.54 W, 0x0000000000000001
2026/08/27 17:08:02.300, 0 %, 82 MiB, 36, P8, 210 MHz, 405 MHz, 25.80 W, 0x0000000000000001
2026/08/27 17:08:07.325, 0 %, 82 MiB, 35, P8, 210 MHz, 405 MHz, 25.81 W, 0x0000000000000001
2026/08/27 17:08:12.348, 0 %, 82 MiB, 36, P8, 210 MHz, 405 MHz, 25.35 W, 0x0000000000000001
2026/08/27 17:08:17.370, 0 %, 82 MiB, 36, P8, 210 MHz, 405 MHz, 25.71 W, 0x0000000000000001
2026/08/27 17:08:22.395, 0 %, 82 MiB, 36, P8, 210 MHz, 405 MHz, 25.65 W, 0x0000000000000001
2026/08/27 17:08:27.421, 0 %, 82 MiB, 36, P8, 210 MHz, 405 MHz, 25.54 W, 0x0000000000000001
2026/08/27 17:08:32.446, 0 %, 82 MiB, 36, P8, 210 MHz, 405 MHz, 25.67 W, 0x0000000000000001
2026/08/27 17:08:37.469, 0 %, 82 MiB, 35, P8, 210 MHz, 405 MHz, 25.77 W, 0x0000000000000001
2026/08/27 17:08:42.491, 0 %, 82 MiB, 35, P8, 210 MHz, 405 MHz, 25.89 W, 0x0000000000000001
2026/08/27 17:08:47.513, 0 %, 82 MiB, 36, P8, 210 MHz, 405 MHz, 25.83 W, 0x0000000000000001
2026/08/27 17:08:52.538, 0 %, 82 MiB, 36, P8, 210 MHz, 405 MHz, 26.01 W, 0x0000000000000001
2026/08/27 17:08:57.560, 0 %, 82 MiB, 35, P8, 210 MHz, 405 MHz, 25.61 W, 0x0000000000000001
2026/08/27 17:09:02.582, 0 %, 82 MiB, 35, P8, 210 MHz, 405 MHz, 25.52 W, 0x0000000000000001
2026/08/27 17:09:07.605, 0 %, 82 MiB, 35, P8, 210 MHz, 405 MHz, 25.61 W, 0x0000000000000001
2026/08/27 17:09:12.627, 0 %, 82 MiB, 36, P8, 210 MHz, 405 MHz, 25.93 W, 0x0000000000000001
2026/08/27 17:09:17.650, 0 %, 82 MiB, 35, P8, 210 MHz, 405 MHz, 25.80 W, 0x0000000000000001
2026/08/27 17:09:22.672, 0 %, 82 MiB, 36, P8, 210 MHz, 405 MHz, 25.59 W, 0x0000000000000001
2026/08/27 17:09:27.697, 0 %, 82 MiB, 36, P8, 210 MHz, 405 MHz, 25.55 W, 0x0000000000000001
2026/08/27 17:09:32.720, 0 %, 82 MiB, 36, P8, 210 MHz, 405 MHz, 25.68 W, 0x0000000000000001
2026/08/27 17:09:37.742, 0 %, 82 MiB, 36, P8, 210 MHz, 405 MHz, 25.78 W, 0x0000000000000001
2026/08/27 17:09:42.764, 0 %, 82 MiB, 36, P8, 210 MHz, 405 MHz, 25.83 W, 0x0000000000000001
2026/08/27 17:09:47.786, 0 %, 82 MiB, 36, P8, 210 MHz, 405 MHz, 25.85 W, 0x0000000000000001
2026/08/27 17:09:52.808, 0 %, 82 MiB, 36, P8, 210 MHz, 405 MHz, 25.83 W, 0x0000000000000001
2026/08/27 17:09:57.830, 0 %, 82 MiB, 36, P8, 210 MHz, 405 MHz, 25.85 W, 0x0000000000000001
2026/08/27 17:10:02.855, 0 %, 82 MiB, 36, P8, 210 MHz, 405 MHz, 25.77 W, 0x0000000000000001
2026/08/27 17:10:07.878, 0 %, 82 MiB, 36, P8, 210 MHz, 405 MHz, 25.79 W, 0x0000000000000001
2026/08/27 17:10:12.899, 0 %, 82 MiB, 35, P8, 210 MHz, 405 MHz, 25.82 W, 0x0000000000000001
2026/08/27 17:10:17.922, 0 %, 82 MiB, 36, P8, 210 MHz, 405 MHz, 25.99 W, 0x0000000000000001
2026/08/27 17:10:22.944, 0 %, 82 MiB, 36, P8, 210 MHz, 405 MHz, 25.81 W, 0x0000000000000001
2026/08/27 17:10:27.966, 0 %, 82 MiB, 36, P8, 210 MHz, 405 MHz, 25.89 W, 0x0000000000000001
2026/08/27 17:10:32.988, 0 %, 82 MiB, 36, P8, 210 MHz, 405 MHz, 25.70 W, 0x0000000000000001
2026/08/27 17:10:38.010, 0 %, 82 MiB, 35, P8, 210 MHz, 405 MHz, 26.24 W, 0x0000000000000001
2026/08/27 17:10:43.035, 0 %, 82 MiB, 35, P8, 210 MHz, 405 MHz, 26.02 W, 0x0000000000000001
2026/08/27 17:10:48.058, 0 %, 82 MiB, 35, P8, 210 MHz, 405 MHz, 25.94 W, 0x0000000000000001
2026/08/27 17:10:53.080, 0 %, 82 MiB, 36, P8, 210 MHz, 405 MHz, 26.04 W, 0x0000000000000001
2026/08/27 17:10:58.105, 0 %, 82 MiB, 35, P8, 210 MHz, 405 MHz, 26.18 W, 0x0000000000000001
2026/08/27 17:11:03.128, 0 %, 82 MiB, 36, P8, 210 MHz, 405 MHz, 26.03 W, 0x0000000000000001
2026/08/27 17:11:08.150, 0 %, 82 MiB, 36, P8, 210 MHz, 405 MHz, 25.80 W, 0x0000000000000001
2026/08/27 17:11:13.172, 0 %, 82 MiB, 35, P8, 210 MHz, 405 MHz, 25.66 W, 0x0000000000000001
2026/08/27 17:11:18.196, 0 %, 82 MiB, 36, P8, 210 MHz, 405 MHz, 25.93 W, 0x0000000000000001
2026/08/27 17:11:23.218, 0 %, 82 MiB, 36, P8, 210 MHz, 405 MHz, 25.87 W, 0x0000000000000001
2026/08/27 17:11:28.243, 0 %, 82 MiB, 36, P8, 210 MHz, 405 MHz, 25.76 W, 0x0000000000000001
2026/08/27 17:11:33.266, 0 %, 82 MiB, 35, P8, 210 MHz, 405 MHz, 25.67 W, 0x0000000000000001
2026/08/27 17:11:38.291, 0 %, 82 MiB, 35, P8, 210 MHz, 405 MHz, 25.86 W, 0x0000000000000001
2026/08/27 17:11:43.314, 0 %, 82 MiB, 35, P8, 210 MHz, 405 MHz, 25.78 W, 0x0000000000000001
2026/08/27 17:11:48.336, 0 %, 82 MiB, 35, P8, 210 MHz, 405 MHz, 25.83 W, 0x0000000000000001
2026/08/27 17:11:53.362, 0 %, 82 MiB, 35, P8, 210 MHz, 405 MHz, 25.87 W, 0x0000000000000001
2026/08/27 17:11:58.384, 0 %, 82 MiB, 35, P8, 210 MHz, 405 MHz, 25.63 W, 0x0000000000000001
2026/08/27 17:12:03.407, 0 %, 82 MiB, 35, P8, 210 MHz, 405 MHz, 25.70 W, 0x0000000000000001
2026/08/27 17:12:08.430, 0 %, 82 MiB, 35, P8, 210 MHz, 405 MHz, 25.70 W, 0x0000000000000001
2026/08/27 17:12:13.452, 0 %, 82 MiB, 36, P8, 210 MHz, 405 MHz, 25.43 W, 0x0000000000000001
2026/08/27 17:12:18.477, 0 %, 82 MiB, 35, P8, 210 MHz, 405 MHz, 25.59 W, 0x0000000000000001
2026/08/27 17:12:23.500, 0 %, 82 MiB, 35, P8, 210 MHz, 405 MHz, 25.72 W, 0x0000000000000001
2026/08/27 17:12:28.522, 0 %, 82 MiB, 35, P8, 210 MHz, 405 MHz, 25.67 W, 0x0000000000000001
2026/08/27 17:12:33.547, 0 %, 82 MiB, 35, P8, 210 MHz, 405 MHz, 25.64 W, 0x0000000000000001
2026/08/27 17:12:38.569, 0 %, 82 MiB, 35, P8, 210 MHz, 405 MHz, 25.70 W, 0x0000000000000001
2026/08/27 17:12:43.595, 0 %, 82 MiB, 35, P8, 210 MHz, 405 MHz, 25.83 W, 0x0000000000000001
2026/08/27 17:12:48.619, 0 %, 82 MiB, 35, P8, 210 MHz, 405 MHz, 25.82 W, 0x0000000000000001
2026/08/27 17:12:53.645, 0 %, 82 MiB, 36, P8, 210 MHz, 405 MHz, 25.56 W, 0x0000000000000001
2026/08/27 17:12:58.669, 0 %, 82 MiB, 35, P8, 210 MHz, 405 MHz, 25.88 W, 0x0000000000000001
2026/08/27 17:13:03.695, 0 %, 82 MiB, 35, P8, 210 MHz, 405 MHz, 25.94 W, 0x0000000000000001
2026/08/27 17:13:08.717, 0 %, 82 MiB, 36, P8, 210 MHz, 405 MHz, 25.91 W, 0x0000000000000001
2026/08/27 17:13:13.740, 0 %, 82 MiB, 36, P8, 210 MHz, 405 MHz, 25.98 W, 0x0000000000000001
2026/08/27 17:13:18.765, 0 %, 82 MiB, 35, P8, 210 MHz, 405 MHz, 25.99 W, 0x0000000000000001
2026/08/27 17:13:23.788, 0 %, 82 MiB, 35, P8, 210 MHz, 405 MHz, 25.71 W, 0x0000000000000001
2026/08/27 17:13:28.810, 0 %, 82 MiB, 35, P8, 210 MHz, 405 MHz, 25.66 W, 0x0000000000000001
2026/08/27 17:13:33.833, 0 %, 82 MiB, 36, P8, 210 MHz, 405 MHz, 25.82 W, 0x0000000000000001
2026/08/27 17:13:38.854, 0 %, 82 MiB, 35, P8, 210 MHz, 405 MHz, 25.68 W, 0x0000000000000001
2026/08/27 17:13:43.877, 0 %, 82 MiB, 36, P8, 210 MHz, 405 MHz, 25.67 W, 0x0000000000000001
2026/08/27 17:13:48.899, 0 %, 82 MiB, 36, P8, 210 MHz, 405 MHz, 25.62 W, 0x0000000000000001
2026/08/27 17:13:53.924, 0 %, 82 MiB, 36, P8, 210 MHz, 405 MHz, 26.00 W, 0x0000000000000001
2026/08/27 17:13:58.949, 0 %, 82 MiB, 35, P8, 210 MHz, 405 MHz, 25.98 W, 0x0000000000000001
2026/08/27 17:14:03.971, 0 %, 82 MiB, 36, P8, 210 MHz, 405 MHz, 25.93 W, 0x0000000000000001
2026/08/27 17:14:08.996, 0 %, 82 MiB, 35, P8, 210 MHz, 405 MHz, 26.10 W, 0x0000000000000001
2026/08/27 17:14:14.018, 0 %, 82 MiB, 35, P8, 210 MHz, 405 MHz, 26.04 W, 0x0000000000000001
2026/08/27 17:14:19.043, 0 %, 82 MiB, 36, P8, 210 MHz, 405 MHz, 25.93 W, 0x0000000000000001
2026/08/27 17:14:24.065, 0 %, 82 MiB, 35, P8, 210 MHz, 405 MHz, 25.70 W, 0x0000000000000001
2026/08/27 17:14:29.089, 0 %, 82 MiB, 35, P8, 210 MHz, 405 MHz, 25.95 W, 0x0000000000000001
2026/08/27 17:14:34.118, 0 %, 82 MiB, 35, P8, 210 MHz, 405 MHz, 25.92 W, 0x0000000000000001
2026/08/27 17:14:39.141, 0 %, 82 MiB, 36, P8, 210 MHz, 405 MHz, 25.68 W, 0x0000000000000001
2026/08/27 17:14:44.164, 0 %, 82 MiB, 35, P8, 210 MHz, 405 MHz, 26.02 W, 0x0000000000000001
2026/08/27 17:14:49.188, 0 %, 82 MiB, 35, P8, 210 MHz, 405 MHz, 25.92 W, 0x0000000000000001
2026/08/27 17:14:54.214, 0 %, 82 MiB, 35, P8, 210 MHz, 405 MHz, 25.78 W, 0x0000000000000001
2026/08/27 17:14:59.240, 0 %, 82 MiB, 35, P8, 210 MHz, 405 MHz, 25.59 W, 0x0000000000000001
2026/08/27 17:15:04.262, 0 %, 82 MiB, 36, P8, 210 MHz, 405 MHz, 25.68 W, 0x0000000000000001
2026/08/27 17:15:09.287, 0 %, 82 MiB, 35, P8, 210 MHz, 405 MHz, 25.80 W, 0x0000000000000001
2026/08/27 17:15:14.311, 0 %, 82 MiB, 35, P8, 210 MHz, 405 MHz, 25.66 W, 0x0000000000000001
2026/08/27 17:15:19.334, 0 %, 82 MiB, 36, P8, 210 MHz, 405 MHz, 25.79 W, 0x0000000000000001
2026/08/27 17:15:24.356, 0 %, 82 MiB, 35, P8, 210 MHz, 405 MHz, 25.72 W, 0x0000000000000001
2026/08/27 17:15:29.381, 0 %, 82 MiB, 35, P8, 210 MHz, 405 MHz, 25.94 W, 0x0000000000000001
2026/08/27 17:15:34.403, 0 %, 82 MiB, 35, P8, 210 MHz, 405 MHz, 25.76 W, 0x0000000000000001
2026/08/27 17:15:39.425, 0 %, 82 MiB, 35, P8, 210 MHz, 405 MHz, 25.73 W, 0x0000000000000001
2026/08/27 17:15:44.447, 0 %, 82 MiB, 35, P8, 210 MHz, 405 MHz, 25.99 W, 0x0000000000000001
2026/08/27 17:15:49.469, 0 %, 82 MiB, 35, P8, 210 MHz, 405 MHz, 25.78 W, 0x0000000000000001
2026/08/27 17:15:54.493, 0 %, 82 MiB, 35, P8, 210 MHz, 405 MHz, 25.94 W, 0x0000000000000001
2026/08/27 17:15:59.515, 0 %, 82 MiB, 36, P8, 210 MHz, 405 MHz, 26.15 W, 0x0000000000000001
2026/08/27 17:16:04.540, 0 %, 82 MiB, 35, P8, 210 MHz, 405 MHz, 25.80 W, 0x0000000000000001
2026/08/27 17:16:09.565, 0 %, 82 MiB, 35, P8, 210 MHz, 405 MHz, 25.83 W, 0x0000000000000001
2026/08/27 17:16:14.590, 0 %, 82 MiB, 36, P8, 210 MHz, 405 MHz, 25.85 W, 0x0000000000000001
2026/08/27 17:16:19.613, 0 %, 82 MiB, 35, P8, 210 MHz, 405 MHz, 26.10 W, 0x0000000000000001
2026/08/27 17:16:24.635, 0 %, 82 MiB, 35, P8, 210 MHz, 405 MHz, 26.09 W, 0x0000000000000001
2026/08/27 17:16:29.660, 0 %, 82 MiB, 36, P8, 210 MHz, 405 MHz, 26.21 W, 0x0000000000000001
2026/08/27 17:16:34.685, 0 %, 82 MiB, 35, P8, 210 MHz, 405 MHz, 26.29 W, 0x0000000000000001
2026/08/27 17:16:39.708, 0 %, 82 MiB, 36, P8, 210 MHz, 405 MHz, 25.94 W, 0x0000000000000001
2026/08/27 17:16:44.733, 0 %, 82 MiB, 35, P8, 210 MHz, 405 MHz, 25.82 W, 0x0000000000000001
2026/08/27 17:16:49.757, 0 %, 82 MiB, 35, P8, 210 MHz, 405 MHz, 26.07 W, 0x0000000000000001
2026/08/27 17:16:54.781, 0 %, 82 MiB, 35, P8, 210 MHz, 405 MHz, 26.31 W, 0x0000000000000001
2026/08/27 17:16:59.804, 0 %, 82 MiB, 35, P8, 210 MHz, 405 MHz, 25.94 W, 0x0000000000000001
2026/08/27 17:17:04.826, 0 %, 82 MiB, 35, P8, 210 MHz, 405 MHz, 25.97 W, 0x0000000000000001
2026/08/27 17:17:09.848, 0 %, 82 MiB, 36, P8, 210 MHz, 405 MHz, 26.10 W, 0x0000000000000001
2026/08/27 17:17:14.870, 0 %, 82 MiB, 36, P8, 210 MHz, 405 MHz, 26.00 W, 0x0000000000000001
2026/08/27 17:17:19.892, 0 %, 82 MiB, 35, P8, 210 MHz, 405 MHz, 25.75 W, 0x0000000000000001
2026/08/27 17:17:24.914, 0 %, 82 MiB, 36, P8, 210 MHz, 405 MHz, 25.82 W, 0x0000000000000001
2026/08/27 17:17:29.937, 0 %, 82 MiB, 35, P8, 210 MHz, 405 MHz, 25.81 W, 0x0000000000000001
2026/08/27 17:17:34.959, 0 %, 82 MiB, 35, P8, 210 MHz, 405 MHz, 25.85 W, 0x0000000000000001
2026/08/27 17:17:39.981, 0 %, 82 MiB, 35, P8, 210 MHz, 405 MHz, 25.68 W, 0x0000000000000001
2026/08/27 17:17:45.004, 0 %, 82 MiB, 35, P8, 210 MHz, 405 MHz, 25.90 W, 0x0000000000000001
2026/08/27 17:17:50.029, 0 %, 82 MiB, 35, P8, 210 MHz, 405 MHz, 25.98 W, 0x0000000000000001
2026/08/27 17:17:55.051, 0 %, 82 MiB, 35, P8, 210 MHz, 405 MHz, 25.85 W, 0x0000000000000001
2026/08/27 17:18:00.074, 0 %, 82 MiB, 35, P8, 210 MHz, 405 MHz, 25.90 W, 0x0000000000000001
2026/08/27 17:18:05.099, 0 %, 82 MiB, 35, P8, 210 MHz, 405 MHz, 25.80 W, 0x0000000000000001
2026/08/27 17:18:10.120, 0 %, 82 MiB, 35, P8, 210 MHz, 405 MHz, 26.00 W, 0x0000000000000001
2026/08/27 17:18:15.142, 0 %, 82 MiB, 36, P8, 210 MHz, 405 MHz, 26.04 W, 0x0000000000000001
2026/08/27 17:18:20.165, 0 %, 82 MiB, 35, P8, 210 MHz, 405 MHz, 25.94 W, 0x0000000000000001
2026/08/27 17:18:25.189, 0 %, 82 MiB, 35, P8, 210 MHz, 405 MHz, 26.06 W, 0x0000000000000001
2026/08/27 17:18:30.213, 0 %, 82 MiB, 35, P8, 210 MHz, 405 MHz, 26.02 W, 0x0000000000000001
2026/08/27 17:18:35.237, 0 %, 82 MiB, 35, P8, 210 MHz, 405 MHz, 26.05 W, 0x0000000000000001
2026/08/27 17:18:40.262, 0 %, 82 MiB, 35, P8, 210 MHz, 405 MHz, 26.13 W, 0x0000000000000001
2026/08/27 17:18:45.288, 0 %, 82 MiB, 35, P8, 210 MHz, 405 MHz, 26.03 W, 0x0000000000000001
2026/08/27 17:18:50.310, 0 %, 82 MiB, 36, P8, 210 MHz, 405 MHz, 25.92 W, 0x0000000000000001
2026/08/27 17:18:55.331, 0 %, 82 MiB, 36, P8, 210 MHz, 405 MHz, 25.90 W, 0x0000000000000001
2026/08/27 17:19:00.356, 0 %, 82 MiB, 35, P8, 210 MHz, 405 MHz, 25.86 W, 0x0000000000000001
2026/08/27 17:19:05.382, 0 %, 82 MiB, 35, P8, 210 MHz, 405 MHz, 26.03 W, 0x0000000000000001
2026/08/27 17:19:10.409, 0 %, 82 MiB, 35, P8, 210 MHz, 405 MHz, 26.05 W, 0x0000000000000001
2026/08/27 17:19:15.431, 0 %, 82 MiB, 35, P8, 210 MHz, 405 MHz, 25.88 W, 0x0000000000000001
2026/08/27 17:19:20.457, 0 %, 82 MiB, 36, P8, 210 MHz, 405 MHz, 26.16 W, 0x0000000000000001
2026/08/27 17:19:25.479, 0 %, 82 MiB, 35, P8, 210 MHz, 405 MHz, 25.72 W, 0x0000000000000001
2026/08/27 17:19:30.501, 0 %, 82 MiB, 36, P8, 210 MHz, 405 MHz, 25.72 W, 0x0000000000000001
2026/08/27 17:19:35.523, 0 %, 82 MiB, 35, P8, 210 MHz, 405 MHz, 26.12 W, 0x0000000000000001
2026/08/27 17:19:40.548, 0 %, 82 MiB, 35, P8, 210 MHz, 405 MHz, 25.88 W, 0x0000000000000001
2026/08/27 17:19:45.573, 0 %, 82 MiB, 35, P8, 210 MHz, 405 MHz, 25.97 W, 0x0000000000000001
2026/08/27 17:19:50.598, 0 %, 82 MiB, 35, P8, 210 MHz, 405 MHz, 26.14 W, 0x0000000000000001
2026/08/27 17:19:55.620, 0 %, 82 MiB, 35, P8, 210 MHz, 405 MHz, 26.33 W, 0x0000000000000001
2026/08/27 17:20:00.644, 0 %, 82 MiB, 35, P8, 210 MHz, 405 MHz, 26.20 W, 0x0000000000000001
2026/08/27 17:20:05.667, 0 %, 82 MiB, 35, P8, 210 MHz, 405 MHz, 26.16 W, 0x0000000000000001
2026/08/27 17:20:10.692, 0 %, 82 MiB, 35, P8, 210 MHz, 405 MHz, 26.07 W, 0x0000000000000001
2026/08/27 17:20:15.714, 0 %, 82 MiB, 35, P8, 210 MHz, 405 MHz, 26.03 W, 0x0000000000000001
2026/08/27 17:20:20.737, 0 %, 82 MiB, 35, P8, 210 MHz, 405 MHz, 26.00 W, 0x0000000000000001
2026/08/27 17:20:25.762, 0 %, 82 MiB, 35, P8, 210 MHz, 405 MHz, 25.86 W, 0x0000000000000001
2026/08/27 17:20:30.785, 0 %, 82 MiB, 35, P8, 210 MHz, 405 MHz, 25.92 W, 0x0000000000000001
2026/08/27 17:20:35.807, 0 %, 82 MiB, 36, P8, 210 MHz, 405 MHz, 25.91 W, 0x0000000000000001
2026/08/27 17:20:40.832, 0 %, 82 MiB, 35, P8, 210 MHz, 405 MHz, 25.84 W, 0x0000000000000001
2026/08/27 17:20:45.854, 0 %, 82 MiB, 36, P8, 210 MHz, 405 MHz, 25.81 W, 0x0000000000000001
2026/08/27 17:20:50.877, 0 %, 82 MiB, 35, P8, 210 MHz, 405 MHz, 25.88 W, 0x0000000000000001
2026/08/27 17:20:55.899, 0 %, 82 MiB, 35, P8, 210 MHz, 405 MHz, 25.75 W, 0x0000000000000001
2026/08/27 17:21:00.921, 0 %, 82 MiB, 35, P8, 210 MHz, 405 MHz, 25.72 W, 0x0000000000000001
2026/08/27 17:21:05.943, 0 %, 82 MiB, 35, P8, 210 MHz, 405 MHz, 25.80 W, 0x0000000000000001
2026/08/27 17:21:10.965, 0 %, 82 MiB, 35, P8, 210 MHz, 405 MHz, 25.69 W, 0x0000000000000001
2026/08/27 17:21:15.991, 0 %, 82 MiB, 35, P8, 210 MHz, 405 MHz, 25.86 W, 0x0000000000000001
2026/08/27 17:21:21.012, 0 %, 82 MiB, 36, P8, 210 MHz, 405 MHz, 26.05 W, 0x0000000000000001
2026/08/27 17:21:26.035, 0 %, 82 MiB, 35, P8, 210 MHz, 405 MHz, 26.20 W, 0x0000000000000001
2026/08/27 17:21:31.060, 0 %, 82 MiB, 35, P8, 210 MHz, 405 MHz, 25.92 W, 0x0000000000000001
2026/08/27 17:21:36.082, 0 %, 82 MiB, 35, P8, 210 MHz, 405 MHz, 25.83 W, 0x0000000000000001
2026/08/27 17:21:41.104, 0 %, 82 MiB, 35, P8, 210 MHz, 405 MHz, 25.98 W, 0x0000000000000001
2026/08/27 17:21:46.129, 0 %, 82 MiB, 35, P8, 210 MHz, 405 MHz, 25.71 W, 0x0000000000000001
2026/08/27 17:21:51.151, 0 %, 82 MiB, 35, P8, 210 MHz, 405 MHz, 25.96 W, 0x0000000000000001
2026/08/27 17:21:56.173, 0 %, 82 MiB, 35, P8, 210 MHz, 405 MHz, 25.89 W, 0x0000000000000001
2026/08/27 17:22:01.196, 0 %, 82 MiB, 35, P8, 210 MHz, 405 MHz, 25.91 W, 0x0000000000000001
2026/08/27 17:22:06.220, 0 %, 82 MiB, 35, P8, 210 MHz, 405 MHz, 25.80 W, 0x0000000000000001
2026/08/27 17:22:11.243, 0 %, 82 MiB, 35, P8, 210 MHz, 405 MHz, 25.88 W, 0x0000000000000001
2026/08/27 17:22:16.268, 0 %, 82 MiB, 36, P8, 210 MHz, 405 MHz, 25.75 W, 0x0000000000000001
2026/08/27 17:22:21.290, 0 %, 82 MiB, 35, P8, 210 MHz, 405 MHz, 25.80 W, 0x0000000000000001
2026/08/27 17:22:26.312, 0 %, 82 MiB, 35, P8, 210 MHz, 405 MHz, 25.74 W, 0x0000000000000001
2026/08/27 17:22:31.333, 0 %, 82 MiB, 35, P8, 210 MHz, 405 MHz, 25.62 W, 0x0000000000000001
2026/08/27 17:22:36.355, 0 %, 82 MiB, 35, P8, 210 MHz, 405 MHz, 26.07 W, 0x0000000000000001
2026/08/27 17:22:41.379, 0 %, 82 MiB, 35, P8, 210 MHz, 405 MHz, 26.15 W, 0x0000000000000001
2026/08/27 17:22:46.403, 0 %, 82 MiB, 36, P8, 210 MHz, 405 MHz, 26.03 W, 0x0000000000000001
2026/08/27 17:22:51.426, 0 %, 82 MiB, 35, P8, 210 MHz, 405 MHz, 26.18 W, 0x0000000000000001
2026/08/27 17:22:56.451, 0 %, 82 MiB, 35, P8, 210 MHz, 405 MHz, 25.78 W, 0x0000000000000001
2026/08/27 17:23:01.476, 0 %, 82 MiB, 35, P8, 210 MHz, 405 MHz, 25.70 W, 0x0000000000000001
2026/08/27 17:23:06.503, 0 %, 82 MiB, 35, P8, 210 MHz, 405 MHz, 25.71 W, 0x0000000000000001
2026/08/27 17:23:11.528, 0 %, 82 MiB, 35, P8, 210 MHz, 405 MHz, 25.79 W, 0x0000000000000001
2026/08/27 17:23:16.553, 0 %, 82 MiB, 35, P8, 210 MHz, 405 MHz, 25.63 W, 0x0000000000000001
2026/08/27 17:23:21.578, 0 %, 82 MiB, 35, P8, 210 MHz, 405 MHz, 25.79 W, 0x0000000000000001
2026/08/27 17:23:26.600, 0 %, 82 MiB, 35, P8, 210 MHz, 405 MHz, 26.02 W, 0x0000000000000001
2026/08/27 17:23:31.623, 0 %, 82 MiB, 35, P8, 210 MHz, 405 MHz, 25.75 W, 0x0000000000000001
2026/08/27 17:23:36.645, 0 %, 82 MiB, 36, P8, 210 MHz, 405 MHz, 25.85 W, 0x0000000000000001
2026/08/27 17:23:41.669, 0 %, 82 MiB, 35, P8, 210 MHz, 405 MHz, 25.89 W, 0x0000000000000001
2026/08/27 17:23:46.690, 0 %, 82 MiB, 35, P8, 210 MHz, 405 MHz, 25.90 W, 0x0000000000000001
2026/08/27 17:23:51.713, 0 %, 82 MiB, 35, P8, 210 MHz, 405 MHz, 25.72 W, 0x0000000000000001
2026/08/27 17:23:56.735, 0 %, 82 MiB, 35, P8, 210 MHz, 405 MHz, 25.70 W, 0x0000000000000001
2026/08/27 17:24:01.762, 0 %, 82 MiB, 35, P8, 210 MHz, 405 MHz, 25.79 W, 0x0000000000000001
2026/08/27 17:24:06.784, 0 %, 82 MiB, 35, P8, 210 MHz, 405 MHz, 26.00 W, 0x0000000000000001
2026/08/27 17:24:11.806, 0 %, 82 MiB, 35, P8, 210 MHz, 405 MHz, 25.85 W, 0x0000000000000001
2026/08/27 17:24:16.828, 0 %, 82 MiB, 35, P8, 210 MHz, 405 MHz, 25.72 W, 0x0000000000000001
2026/08/27 17:24:21.851, 0 %, 82 MiB, 36, P8, 210 MHz, 405 MHz, 25.75 W, 0x0000000000000001
2026/08/27 17:24:26.873, 0 %, 82 MiB, 35, P8, 210 MHz, 405 MHz, 26.20 W, 0x0000000000000001
2026/08/27 17:24:31.895, 0 %, 82 MiB, 35, P8, 210 MHz, 405 MHz, 25.98 W, 0x0000000000000001
2026/08/27 17:24:36.920, 0 %, 82 MiB, 35, P8, 210 MHz, 405 MHz, 25.97 W, 0x0000000000000001
2026/08/27 17:24:41.945, 0 %, 82 MiB, 35, P8, 210 MHz, 405 MHz, 26.21 W, 0x0000000000000001
2026/08/27 17:24:46.968, 0 %, 82 MiB, 35, P8, 210 MHz, 405 MHz, 26.05 W, 0x0000000000000001
2026/08/27 17:24:51.990, 0 %, 82 MiB, 35, P8, 210 MHz, 405 MHz, 26.06 W, 0x0000000000000001
2026/08/27 17:24:57.012, 0 %, 82 MiB, 35, P8, 210 MHz, 405 MHz, 26.14 W, 0x0000000000000001
2026/08/27 17:25:02.037, 0 %, 82 MiB, 35, P8, 210 MHz, 405 MHz, 26.31 W, 0x0000000000000001
2026/08/27 17:25:07.062, 0 %, 82 MiB, 35, P8, 210 MHz, 405 MHz, 25.99 W, 0x0000000000000001
2026/08/27 17:25:12.086, 0 %, 82 MiB, 36, P8, 210 MHz, 405 MHz, 25.98 W, 0x0000000000000001
2026/08/27 17:25:17.111, 0 %, 82 MiB, 35, P8, 210 MHz, 405 MHz, 26.07 W, 0x0000000000000001
2026/08/27 17:25:22.133, 0 %, 82 MiB, 35, P8, 210 MHz, 405 MHz, 25.93 W, 0x0000000000000001
2026/08/27 17:25:27.156, 0 %, 82 MiB, 35, P8, 210 MHz, 405 MHz, 25.82 W, 0x0000000000000001
2026/08/27 17:25:32.179, 0 %, 82 MiB, 35, P8, 210 MHz, 405 MHz, 26.05 W, 0x0000000000000001
2026/08/27 17:25:37.204, 0 %, 82 MiB, 35, P8, 210 MHz, 405 MHz, 26.07 W, 0x0000000000000001
2026/08/27 17:25:42.229, 0 %, 82 MiB, 35, P8, 210 MHz, 405 MHz, 25.80 W, 0x0000000000000001
2026/08/27 17:25:47.251, 0 %, 82 MiB, 35, P8, 210 MHz, 405 MHz, 26.00 W, 0x0000000000000001
2026/08/27 17:25:52.275, 0 %, 82 MiB, 35, P8, 210 MHz, 405 MHz, 26.19 W, 0x0000000000000001
2026/08/27 17:25:57.297, 0 %, 82 MiB, 35, P8, 210 MHz, 405 MHz, 26.08 W, 0x0000000000000001
2026/08/27 17:26:02.319, 0 %, 82 MiB, 35, P8, 210 MHz, 405 MHz, 26.08 W, 0x0000000000000001
2026/08/27 17:26:07.341, 0 %, 82 MiB, 35, P8, 210 MHz, 405 MHz, 26.19 W, 0x0000000000000001
2026/08/27 17:26:12.366, 0 %, 82 MiB, 35, P8, 210 MHz, 405 MHz, 26.01 W, 0x0000000000000001
2026/08/27 17:26:17.389, 0 %, 82 MiB, 35, P8, 210 MHz, 405 MHz, 26.08 W, 0x0000000000000001
2026/08/27 17:26:22.411, 0 %, 82 MiB, 35, P8, 210 MHz, 405 MHz, 26.10 W, 0x0000000000000001
2026/08/27 17:26:27.433, 0 %, 82 MiB, 35, P8, 210 MHz, 405 MHz, 26.09 W, 0x0000000000000001
2026/08/27 17:26:32.455, 0 %, 82 MiB, 35, P8, 210 MHz, 405 MHz, 25.73 W, 0x0000000000000001
2026/08/27 17:26:37.481, 0 %, 82 MiB, 35, P8, 210 MHz, 405 MHz, 26.00 W, 0x0000000000000001
2026/08/27 17:26:42.505, 0 %, 82 MiB, 35, P8, 210 MHz, 405 MHz, 26.13 W, 0x0000000000000001
2026/08/27 17:26:47.530, 0 %, 82 MiB, 35, P8, 210 MHz, 405 MHz, 25.84 W, 0x0000000000000001
2026/08/27 17:26:52.555, 0 %, 82 MiB, 35, P8, 210 MHz, 405 MHz, 25.78 W, 0x0000000000000001
2026/08/27 17:26:57.580, 0 %, 82 MiB, 35, P8, 210 MHz, 405 MHz, 26.05 W, 0x0000000000000001
2026/08/27 17:27:02.601, 0 %, 82 MiB, 35, P8, 210 MHz, 405 MHz, 26.02 W, 0x0000000000000001
2026/08/27 17:27:07.626, 0 %, 82 MiB, 35, P8, 210 MHz, 405 MHz, 25.89 W, 0x0000000000000001
2026/08/27 17:27:12.650, 0 %, 82 MiB, 35, P8, 210 MHz, 405 MHz, 25.97 W, 0x0000000000000001
2026/08/27 17:27:17.672, 0 %, 82 MiB, 35, P8, 210 MHz, 405 MHz, 26.14 W, 0x0000000000000001
2026/08/27 17:27:22.694, 0 %, 82 MiB, 35, P8, 210 MHz, 405 MHz, 26.26 W, 0x0000000000000001
2026/08/27 17:27:27.716, 0 %, 82 MiB, 35, P8, 210 MHz, 405 MHz, 26.14 W, 0x0000000000000001
2026/08/27 17:27:32.739, 0 %, 82 MiB, 35, P8, 210 MHz, 405 MHz, 26.09 W, 0x0000000000000001
2026/08/27 17:27:37.761, 0 %, 82 MiB, 35, P8, 210 MHz, 405 MHz, 26.19 W, 0x0000000000000001
2026/08/27 17:27:42.785, 0 %, 82 MiB, 35, P8, 210 MHz, 405 MHz, 26.28 W, 0x0000000000000001
2026/08/27 17:27:47.807, 0 %, 82 MiB, 35, P8, 210 MHz, 405 MHz, 26.15 W, 0x0000000000000001
2026/08/27 17:27:52.831, 0 %, 82 MiB, 35, P8, 210 MHz, 405 MHz, 26.24 W, 0x0000000000000001
2026/08/27 17:27:57.853, 0 %, 82 MiB, 35, P8, 210 MHz, 405 MHz, 26.23 W, 0x0000000000000001
2026/08/27 17:28:02.876, 0 %, 82 MiB, 35, P8, 210 MHz, 405 MHz, 25.81 W, 0x0000000000000001
2026/08/27 17:28:07.900, 0 %, 82 MiB, 35, P8, 210 MHz, 405 MHz, 25.80 W, 0x0000000000000001
2026/08/27 17:28:12.926, 0 %, 82 MiB, 35, P8, 210 MHz, 405 MHz, 25.96 W, 0x0000000000000001
2026/08/27 17:28:17.949, 0 %, 82 MiB, 35, P8, 210 MHz, 405 MHz, 26.07 W, 0x0000000000000001
2026/08/27 17:28:22.971, 0 %, 82 MiB, 35, P8, 210 MHz, 405 MHz, 26.05 W, 0x0000000000000001
2026/08/27 17:28:27.993, 0 %, 82 MiB, 35, P8, 210 MHz, 405 MHz, 26.23 W, 0x0000000000000001
2026/08/27 17:28:33.015, 0 %, 82 MiB, 35, P8, 210 MHz, 405 MHz, 26.32 W, 0x0000000000000001
2026/08/27 17:28:38.037, 0 %, 82 MiB, 35, P8, 210 MHz, 405 MHz, 25.97 W, 0x0000000000000001
2026/08/27 17:28:43.059, 0 %, 82 MiB, 36, P8, 210 MHz, 405 MHz, 26.07 W, 0x0000000000000001
2026/08/27 17:28:48.084, 0 %, 82 MiB, 35, P8, 210 MHz, 405 MHz, 26.08 W, 0x0000000000000001
2026/08/27 17:28:53.106, 0 %, 82 MiB, 35, P8, 210 MHz, 405 MHz, 26.05 W, 0x0000000000000001
2026/08/27 17:28:58.131, 0 %, 82 MiB, 35, P8, 210 MHz, 405 MHz, 26.02 W, 0x0000000000000001
2026/08/27 17:29:03.152, 0 %, 82 MiB, 35, P8, 210 MHz, 405 MHz, 26.07 W, 0x0000000000000001
2026/08/27 17:29:08.174, 0 %, 82 MiB, 35, P8, 210 MHz, 405 MHz, 26.25 W, 0x0000000000000001
2026/08/27 17:29:13.196, 0 %, 82 MiB, 35, P8, 210 MHz, 405 MHz, 26.21 W, 0x0000000000000001
2026/08/27 17:29:18.218, 0 %, 82 MiB, 35, P8, 210 MHz, 405 MHz, 26.09 W, 0x0000000000000001
2026/08/27 17:29:23.240, 0 %, 82 MiB, 35, P8, 210 MHz, 405 MHz, 26.25 W, 0x0000000000000001
2026/08/27 17:29:28.262, 0 %, 82 MiB, 35, P8, 210 MHz, 405 MHz, 26.12 W, 0x0000000000000001
2026/08/27 17:29:33.285, 0 %, 82 MiB, 35, P8, 210 MHz, 405 MHz, 26.07 W, 0x0000000000000001
2026/08/27 17:29:38.310, 0 %, 82 MiB, 35, P8, 210 MHz, 405 MHz, 26.38 W, 0x0000000000000001
2026/08/27 17:29:43.332, 0 %, 82 MiB, 35, P8, 210 MHz, 405 MHz, 26.26 W, 0x0000000000000001
2026/08/27 17:29:48.355, 0 %, 82 MiB, 35, P8, 210 MHz, 405 MHz, 26.26 W, 0x0000000000000001
2026/08/27 17:29:53.378, 0 %, 82 MiB, 35, P8, 210 MHz, 405 MHz, 25.91 W, 0x0000000000000001
2026/08/27 17:29:58.402, 0 %, 82 MiB, 35, P8, 210 MHz, 405 MHz, 26.09 W, 0x0000000000000001
2026/08/27 17:30:03.425, 0 %, 82 MiB, 35, P8, 210 MHz, 405 MHz, 26.17 W, 0x0000000000000001
2026/08/27 17:30:08.450, 0 %, 82 MiB, 35, P8, 210 MHz, 405 MHz, 25.95 W, 0x0000000000000001
2026/08/27 17:30:13.478, 0 %, 82 MiB, 35, P8, 210 MHz, 405 MHz, 25.92 W, 0x0000000000000001
2026/08/27 17:30:18.502, 0 %, 82 MiB, 35, P8, 210 MHz, 405 MHz, 26.06 W, 0x0000000000000001
2026/08/27 17:30:23.525, 0 %, 82 MiB, 35, P8, 210 MHz, 405 MHz, 26.04 W, 0x0000000000000001
2026/08/27 17:30:28.550, 0 %, 82 MiB, 35, P8, 210 MHz, 405 MHz, 26.05 W, 0x0000000000000001
2026/08/27 17:30:33.576, 0 %, 82 MiB, 35, P8, 210 MHz, 405 MHz, 26.18 W, 0x0000000000000001
2026/08/27 17:30:38.599, 0 %, 82 MiB, 35, P8, 210 MHz, 405 MHz, 26.06 W, 0x0000000000000001
2026/08/27 17:30:43.621, 0 %, 82 MiB, 35, P8, 210 MHz, 405 MHz, 26.05 W, 0x0000000000000001
2026/08/27 17:30:48.643, 0 %, 82 MiB, 35, P8, 210 MHz, 405 MHz, 25.81 W, 0x0000000000000001
2026/08/27 17:30:53.667, 0 %, 82 MiB, 35, P8, 210 MHz, 405 MHz, 25.85 W, 0x0000000000000001
2026/08/27 17:30:58.693, 0 %, 82 MiB, 35, P8, 210 MHz, 405 MHz, 25.66 W, 0x0000000000000001
2026/08/27 17:31:03.717, 0 %, 82 MiB, 35, P8, 210 MHz, 405 MHz, 25.98 W, 0x0000000000000001
2026/08/27 17:31:08.742, 0 %, 82 MiB, 35, P8, 210 MHz, 405 MHz, 25.90 W, 0x0000000000000001
2026/08/27 17:31:13.766, 0 %, 82 MiB, 35, P8, 210 MHz, 405 MHz, 25.62 W, 0x0000000000000001
2026/08/27 17:31:18.789, 0 %, 82 MiB, 35, P8, 210 MHz, 405 MHz, 25.78 W, 0x0000000000000001
2026/08/27 17:31:23.813, 0 %, 82 MiB, 35, P8, 210 MHz, 405 MHz, 25.50 W, 0x0000000000000001
2026/08/27 17:31:28.837, 0 %, 82 MiB, 35, P8, 210 MHz, 405 MHz, 25.62 W, 0x0000000000000001
2026/08/27 17:31:33.859, 0 %, 82 MiB, 35, P8, 210 MHz, 405 MHz, 25.74 W, 0x0000000000000001
2026/08/27 17:31:38.880, 0 %, 82 MiB, 35, P8, 210 MHz, 405 MHz, 25.61 W, 0x0000000000000001
2026/08/27 17:31:43.905, 0 %, 82 MiB, 35, P8, 210 MHz, 405 MHz, 25.88 W, 0x0000000000000001
2026/08/27 17:31:48.930, 0 %, 82 MiB, 35, P8, 210 MHz, 405 MHz, 25.86 W, 0x0000000000000001
2026/08/27 17:31:53.953, 0 %, 82 MiB, 35, P8, 210 MHz, 405 MHz, 25.71 W, 0x0000000000000001
2026/08/27 17:31:58.976, 0 %, 82 MiB, 35, P8, 210 MHz, 405 MHz, 25.86 W, 0x0000000000000001
2026/08/27 17:32:03.998, 0 %, 82 MiB, 35, P8, 210 MHz, 405 MHz, 25.85 W, 0x0000000000000001
2026/08/27 17:32:09.020, 0 %, 82 MiB, 35, P8, 210 MHz, 405 MHz, 25.94 W, 0x0000000000000001
2026/08/27 17:32:14.042, 0 %, 82 MiB, 35, P8, 210 MHz, 405 MHz, 25.87 W, 0x0000000000000001
2026/08/27 17:32:19.068, 0 %, 82 MiB, 35, P8, 210 MHz, 405 MHz, 26.14 W, 0x0000000000000001
2026/08/27 17:32:24.091, 0 %, 82 MiB, 35, P8, 210 MHz, 405 MHz, 26.20 W, 0x0000000000000001
2026/08/27 17:32:29.115, 0 %, 82 MiB, 35, P8, 210 MHz, 405 MHz, 25.99 W, 0x0000000000000001
2026/08/27 17:32:34.139, 0 %, 82 MiB, 35, P8, 210 MHz, 405 MHz, 26.00 W, 0x0000000000000001
2026/08/27 17:32:39.165, 0 %, 82 MiB, 35, P8, 210 MHz, 405 MHz, 26.14 W, 0x0000000000000001
2026/08/27 17:32:44.190, 0 %, 82 MiB, 35, P8, 210 MHz, 405 MHz, 25.84 W, 0x0000000000000001
2026/08/27 17:32:49.212, 0 %, 82 MiB, 35, P8, 210 MHz, 405 MHz, 25.69 W, 0x0000000000000001
2026/08/27 17:32:54.237, 0 %, 82 MiB, 35, P8, 210 MHz, 405 MHz, 25.48 W, 0x0000000000000001
2026/08/27 17:32:59.259, 0 %, 82 MiB, 35, P8, 210 MHz, 405 MHz, 25.69 W, 0x0000000000000001
2026/08/27 17:33:04.284, 0 %, 82 MiB, 35, P8, 210 MHz, 405 MHz, 25.63 W, 0x0000000000000001
2026/08/27 17:33:09.306, 0 %, 82 MiB, 35, P8, 210 MHz, 405 MHz, 25.66 W, 0x0000000000000001
2026/08/27 17:33:14.330, 0 %, 82 MiB, 35, P8, 210 MHz, 405 MHz, 25.92 W, 0x0000000000000001
2026/08/27 17:33:19.356, 0 %, 82 MiB, 35, P8, 210 MHz, 405 MHz, 25.94 W, 0x0000000000000001
2026/08/27 17:33:24.382, 0 %, 82 MiB, 35, P8, 210 MHz, 405 MHz, 25.73 W, 0x0000000000000001
2026/08/27 17:33:29.408, 0 %, 82 MiB, 35, P8, 210 MHz, 405 MHz, 25.89 W, 0x0000000000000001
2026/08/27 17:33:34.433, 0 %, 82 MiB, 35, P8, 210 MHz, 405 MHz, 25.76 W, 0x0000000000000001
2026/08/27 17:33:39.456, 0 %, 82 MiB, 35, P8, 210 MHz, 405 MHz, 25.55 W, 0x0000000000000001
2026/08/27 17:33:44.478, 0 %, 82 MiB, 35, P8, 210 MHz, 405 MHz, 25.83 W, 0x0000000000000001
2026/08/27 17:33:49.503, 0 %, 82 MiB, 35, P8, 210 MHz, 405 MHz, 25.85 W, 0x0000000000000001
2026/08/27 17:33:54.529, 0 %, 82 MiB, 35, P8, 210 MHz, 405 MHz, 26.16 W, 0x0000000000000001
2026/08/27 17:33:59.554, 0 %, 82 MiB, 35, P8, 210 MHz, 405 MHz, 25.74 W, 0x0000000000000001
2026/08/27 17:34:04.580, 0 %, 82 MiB, 35, P8, 210 MHz, 405 MHz, 25.73 W, 0x0000000000000001
2026/08/27 17:34:09.602, 0 %, 82 MiB, 35, P8, 210 MHz, 405 MHz, 26.05 W, 0x0000000000000001
2026/08/27 17:34:14.624, 0 %, 82 MiB, 35, P8, 210 MHz, 405 MHz, 25.93 W, 0x0000000000000001
2026/08/27 17:34:19.647, 0 %, 82 MiB, 35, P8, 210 MHz, 405 MHz, 26.09 W, 0x0000000000000001
2026/08/27 17:34:24.672, 0 %, 82 MiB, 35, P8, 210 MHz, 405 MHz, 25.92 W, 0x0000000000000001
2026/08/27 17:34:29.694, 0 %, 82 MiB, 35, P8, 210 MHz, 405 MHz, 26.00 W, 0x0000000000000001
2026/08/27 17:34:34.719, 0 %, 82 MiB, 35, P8, 210 MHz, 405 MHz, 25.68 W, 0x0000000000000001
2026/08/27 17:34:39.744, 0 %, 82 MiB, 35, P8, 210 MHz, 405 MHz, 25.96 W, 0x0000000000000001
2026/08/27 17:34:44.770, 0 %, 82 MiB, 35, P8, 210 MHz, 405 MHz, 25.70 W, 0x0000000000000001
2026/08/27 17:34:49.795, 0 %, 82 MiB, 35, P8, 210 MHz, 405 MHz, 25.84 W, 0x0000000000000001
2026/08/27 17:34:54.818, 0 %, 82 MiB, 35, P8, 210 MHz, 405 MHz, 25.82 W, 0x0000000000000001
2026/08/27 17:34:59.843, 0 %, 82 MiB, 35, P8, 210 MHz, 405 MHz, 25.77 W, 0x0000000000000001
2026/08/27 17:35:04.866, 0 %, 82 MiB, 35, P8, 210 MHz, 405 MHz, 25.88 W, 0x0000000000000001
2026/08/27 17:35:09.888, 0 %, 82 MiB, 35, P8, 210 MHz, 405 MHz, 26.18 W, 0x0000000000000001
2026/08/27 17:35:14.913, 0 %, 82 MiB, 35, P8, 210 MHz, 405 MHz, 25.90 W, 0x0000000000000001
2026/08/27 17:35:19.935, 0 %, 82 MiB, 35, P8, 210 MHz, 405 MHz, 25.78 W, 0x0000000000000001
2026/08/27 17:35:24.958, 0 %, 82 MiB, 35, P8, 210 MHz, 405 MHz, 25.96 W, 0x0000000000000001
2026/08/27 17:35:29.983, 0 %, 82 MiB, 35, P8, 210 MHz, 405 MHz, 25.73 W, 0x0000000000000001
2026/08/27 17:35:35.005, 0 %, 82 MiB, 35, P8, 210 MHz, 405 MHz, 25.81 W, 0x0000000000000001
2026/08/27 17:35:40.030, 0 %, 82 MiB, 35, P8, 210 MHz, 405 MHz, 26.04 W, 0x0000000000000001
2026/08/27 17:35:45.053, 0 %, 82 MiB, 35, P8, 210 MHz, 405 MHz, 26.03 W, 0x0000000000000001
2026/08/27 17:35:50.075, 0 %, 82 MiB, 35, P8, 210 MHz, 405 MHz, 25.86 W, 0x0000000000000001
2026/08/27 17:35:55.097, 0 %, 82 MiB, 35, P8, 210 MHz, 405 MHz, 25.78 W, 0x0000000000000001
2026/08/27 17:36:00.119, 0 %, 82 MiB, 35, P8, 210 MHz, 405 MHz, 26.09 W, 0x0000000000000001
2026/08/27 17:36:05.144, 0 %, 82 MiB, 35, P8, 210 MHz, 405 MHz, 25.93 W, 0x0000000000000001
2026/08/27 17:36:10.169, 0 %, 82 MiB, 35, P8, 210 MHz, 405 MHz, 25.68 W, 0x0000000000000001
2026/08/27 17:36:15.191, 0 %, 82 MiB, 35, P8, 210 MHz, 405 MHz, 25.79 W, 0x0000000000000001
2026/08/27 17:36:20.213, 0 %, 82 MiB, 35, P8, 210 MHz, 405 MHz, 25.60 W, 0x0000000000000001
2026/08/27 17:36:25.235, 0 %, 82 MiB, 35, P8, 210 MHz, 405 MHz, 25.74 W, 0x0000000000000001
2026/08/27 17:36:30.260, 0 %, 82 MiB, 35, P8, 210 MHz, 405 MHz, 25.67 W, 0x0000000000000001
2026/08/27 17:36:35.285, 0 %, 82 MiB, 35, P8, 210 MHz, 405 MHz, 25.81 W, 0x0000000000000001
2026/08/27 17:36:40.307, 0 %, 82 MiB, 35, P8, 210 MHz, 405 MHz, 25.70 W, 0x0000000000000001
2026/08/27 17:36:45.330, 0 %, 82 MiB, 35, P8, 210 MHz, 405 MHz, 25.83 W, 0x0000000000000001
2026/08/27 17:36:50.352, 0 %, 82 MiB, 35, P8, 210 MHz, 405 MHz, 26.04 W, 0x0000000000000001
2026/08/27 17:36:55.376, 0 %, 82 MiB, 35, P8, 210 MHz, 405 MHz, 25.92 W, 0x0000000000000001
2026/08/27 17:37:00.399, 0 %, 82 MiB, 35, P8, 210 MHz, 405 MHz, 25.97 W, 0x0000000000000001
2026/08/27 17:37:05.421, 0 %, 82 MiB, 35, P8, 210 MHz, 405 MHz, 25.88 W, 0x0000000000000001
2026/08/27 17:37:10.445, 0 %, 82 MiB, 35, P8, 210 MHz, 405 MHz, 26.01 W, 0x0000000000000001
2026/08/27 17:37:15.467, 0 %, 82 MiB, 35, P8, 210 MHz, 405 MHz, 25.88 W, 0x0000000000000001
2026/08/27 17:37:20.492, 0 %, 82 MiB, 35, P8, 210 MHz, 405 MHz, 25.84 W, 0x0000000000000001
2026/08/27 17:37:25.515, 0 %, 82 MiB, 35, P8, 210 MHz, 405 MHz, 25.79 W, 0x0000000000000001
2026/08/27 17:37:30.536, 0 %, 82 MiB, 35, P8, 210 MHz, 405 MHz, 25.89 W, 0x0000000000000001
2026/08/27 17:37:35.561, 0 %, 82 MiB, 35, P8, 210 MHz, 405 MHz, 25.69 W, 0x0000000000000001
2026/08/27 17:37:40.587, 0 %, 82 MiB, 35, P8, 210 MHz, 405 MHz, 25.64 W, 0x0000000000000001
2026/08/27 17:37:45.609, 0 %, 82 MiB, 35, P8, 210 MHz, 405 MHz, 25.74 W, 0x0000000000000001
2026/08/27 17:37:50.631, 0 %, 82 MiB, 35, P8, 210 MHz, 405 MHz, 25.65 W, 0x0000000000000001
2026/08/27 17:37:55.656, 0 %, 82 MiB, 35, P8, 210 MHz, 405 MHz, 25.74 W, 0x0000000000000001
2026/08/27 17:38:00.686, 0 %, 82 MiB, 35, P8, 210 MHz, 405 MHz, 25.81 W, 0x0000000000000001
2026/08/27 17:38:05.710, 0 %, 82 MiB, 35, P8, 210 MHz, 405 MHz, 25.56 W, 0x0000000000000001
2026/08/27 17:38:10.732, 0 %, 82 MiB, 35, P8, 210 MHz, 405 MHz, 25.47 W, 0x0000000000000001
2026/08/27 17:38:15.755, 0 %, 82 MiB, 35, P8, 210 MHz, 405 MHz, 25.60 W, 0x0000000000000001
2026/08/27 17:38:20.778, 0 %, 82 MiB, 35, P8, 210 MHz, 405 MHz, 25.51 W, 0x0000000000000001
2026/08/27 17:38:25.800, 0 %, 82 MiB, 35, P8, 210 MHz, 405 MHz, 25.87 W, 0x0000000000000001
2026/08/27 17:38:30.823, 0 %, 82 MiB, 35, P8, 210 MHz, 405 MHz, 25.47 W, 0x0000000000000001
2026/08/27 17:38:35.848, 0 %, 82 MiB, 35, P8, 210 MHz, 405 MHz, 25.73 W, 0x0000000000000001
2026/08/27 17:38:40.870, 0 %, 82 MiB, 35, P8, 210 MHz, 405 MHz, 25.89 W, 0x0000000000000001
2026/08/27 17:38:45.895, 0 %, 82 MiB, 35, P8, 210 MHz, 405 MHz, 25.54 W, 0x0000000000000001
2026/08/27 17:38:50.918, 0 %, 82 MiB, 35, P8, 210 MHz, 405 MHz, 25.63 W, 0x0000000000000001
2026/08/27 17:38:55.940, 0 %, 82 MiB, 35, P8, 210 MHz, 405 MHz, 25.60 W, 0x0000000000000001
2026/08/27 17:39:00.965, 0 %, 82 MiB, 35, P8, 210 MHz, 405 MHz, 25.64 W, 0x0000000000000001
2026/08/27 17:39:05.990, 0 %, 82 MiB, 35, P8, 210 MHz, 405 MHz, 25.52 W, 0x0000000000000001
2026/08/27 17:39:11.014, 0 %, 82 MiB, 35, P8, 210 MHz, 405 MHz, 25.63 W, 0x0000000000000001
2026/08/27 17:39:16.040, 0 %, 82 MiB, 35, P8, 210 MHz, 405 MHz, 25.75 W, 0x0000000000000001
2026/08/27 17:39:21.063, 0 %, 82 MiB, 35, P8, 210 MHz, 405 MHz, 25.62 W, 0x0000000000000001
2026/08/27 17:39:26.088, 0 %, 82 MiB, 35, P8, 210 MHz, 405 MHz, 25.80 W, 0x0000000000000001
2026/08/27 17:39:31.111, 0 %, 82 MiB, 35, P8, 210 MHz, 405 MHz, 25.57 W, 0x0000000000000001
2026/08/27 17:39:36.133, 0 %, 82 MiB, 35, P8, 210 MHz, 405 MHz, 25.82 W, 0x0000000000000001
2026/08/27 17:39:41.155, 0 %, 82 MiB, 35, P8, 210 MHz, 405 MHz, 25.62 W, 0x0000000000000001
2026/08/27 17:39:46.181, 0 %, 82 MiB, 35, P8, 210 MHz, 405 MHz, 25.71 W, 0x0000000000000001
2026/08/27 17:39:51.204, 0 %, 82 MiB, 35, P8, 210 MHz, 405 MHz, 25.42 W, 0x0000000000000001
2026/08/27 17:39:56.228, 0 %, 82 MiB, 35, P8, 210 MHz, 405 MHz, 25.69 W, 0x0000000000000001
2026/08/27 17:40:01.254, 0 %, 82 MiB, 35, P8, 210 MHz, 405 MHz, 25.92 W, 0x0000000000000001
2026/08/27 17:40:06.279, 0 %, 82 MiB, 35, P8, 210 MHz, 405 MHz, 25.98 W, 0x0000000000000001
2026/08/27 17:40:11.303, 0 %, 82 MiB, 35, P8, 210 MHz, 405 MHz, 25.74 W, 0x0000000000000001
2026/08/27 17:40:16.329, 0 %, 82 MiB, 35, P8, 210 MHz, 405 MHz, 25.68 W, 0x0000000000000001
2026/08/27 17:40:21.354, 0 %, 82 MiB, 35, P8, 210 MHz, 405 MHz, 25.85 W, 0x0000000000000001
2026/08/27 17:40:26.379, 0 %, 82 MiB, 35, P8, 210 MHz, 405 MHz, 26.01 W, 0x0000000000000001
2026/08/27 17:40:31.401, 0 %, 82 MiB, 35, P8, 210 MHz, 405 MHz, 25.78 W, 0x0000000000000001
2026/08/27 17:40:36.426, 0 %, 82 MiB, 35, P8, 210 MHz, 405 MHz, 25.71 W, 0x0000000000000001
2026/08/27 17:40:41.451, 0 %, 82 MiB, 35, P8, 210 MHz, 405 MHz, 26.17 W, 0x0000000000000001
2026/08/27 17:40:46.476, 0 %, 82 MiB, 35, P8, 210 MHz, 405 MHz, 25.92 W, 0x0000000000000001
2026/08/27 17:40:51.501, 0 %, 82 MiB, 35, P8, 210 MHz, 405 MHz, 26.23 W, 0x0000000000000001
2026/08/27 17:40:56.527, 0 %, 82 MiB, 35, P8, 210 MHz, 405 MHz, 26.09 W, 0x0000000000000001
2026/08/27 17:41:01.549, 0 %, 82 MiB, 35, P8, 210 MHz, 405 MHz, 26.28 W, 0x0000000000000001
2026/08/27 17:41:06.571, 0 %, 82 MiB, 35, P8, 210 MHz, 405 MHz, 26.08 W, 0x0000000000000001
2026/08/27 17:41:11.593, 0 %, 82 MiB, 35, P8, 210 MHz, 405 MHz, 26.15 W, 0x0000000000000001
2026/08/27 17:41:16.615, 0 %, 82 MiB, 35, P8, 210 MHz, 405 MHz, 26.10 W, 0x0000000000000001
2026/08/27 17:41:21.640, 0 %, 82 MiB, 35, P8, 210 MHz, 405 MHz, 25.89 W, 0x0000000000000001
2026/08/27 17:41:26.662, 0 %, 82 MiB, 35, P8, 210 MHz, 405 MHz, 26.26 W, 0x0000000000000001
2026/08/27 17:41:31.687, 0 %, 82 MiB, 35, P8, 210 MHz, 405 MHz, 26.05 W, 0x0000000000000001
2026/08/27 17:41:36.710, 0 %, 82 MiB, 35, P8, 210 MHz, 405 MHz, 26.17 W, 0x0000000000000001
2026/08/27 17:41:41.735, 0 %, 82 MiB, 35, P8, 210 MHz, 405 MHz, 26.09 W, 0x0000000000000001
2026/08/27 17:41:46.758, 0 %, 82 MiB, 35, P8, 210 MHz, 405 MHz, 26.23 W, 0x0000000000000001
2026/08/27 17:41:51.781, 0 %, 82 MiB, 35, P8, 210 MHz, 405 MHz, 26.36 W, 0x0000000000000001
2026/08/27 17:41:56.804, 0 %, 82 MiB, 35, P8, 210 MHz, 405 MHz, 26.36 W, 0x0000000000000001
2026/08/27 17:42:01.826, 0 %, 82 MiB, 35, P8, 210 MHz, 405 MHz, 26.23 W, 0x0000000000000001
2026/08/27 17:42:06.848, 0 %, 82 MiB, 35, P8, 210 MHz, 405 MHz, 26.18 W, 0x0000000000000001
2026/08/27 17:42:11.870, 0 %, 82 MiB, 35, P8, 210 MHz, 405 MHz, 26.28 W, 0x0000000000000001
2026/08/27 17:42:16.895, 0 %, 82 MiB, 35, P8, 210 MHz, 405 MHz, 26.38 W, 0x0000000000000001
2026/08/27 17:42:21.920, 0 %, 82 MiB, 35, P8, 210 MHz, 405 MHz, 26.36 W, 0x0000000000000001
2026/08/27 17:42:26.942, 0 %, 82 MiB, 35, P8, 210 MHz, 405 MHz, 26.28 W, 0x0000000000000001
2026/08/27 17:42:31.967, 0 %, 82 MiB, 35, P8, 210 MHz, 405 MHz, 26.46 W, 0x0000000000000001
2026/08/27 17:42:36.990, 0 %, 82 MiB, 35, P8, 210 MHz, 405 MHz, 26.52 W, 0x0000000000000001
2026/08/27 17:42:42.012, 0 %, 82 MiB, 35, P8, 210 MHz, 405 MHz, 26.31 W, 0x0000000000000001
2026/08/27 17:42:47.036, 0 %, 82 MiB, 35, P8, 210 MHz, 405 MHz, 26.41 W, 0x0000000000000001
2026/08/27 17:42:52.058, 0 %, 82 MiB, 35, P8, 210 MHz, 405 MHz, 26.33 W, 0x0000000000000001
2026/08/27 17:42:57.082, 0 %, 82 MiB, 35, P8, 210 MHz, 405 MHz, 26.25 W, 0x0000000000000001
2026/08/27 17:43:02.107, 0 %, 82 MiB, 35, P8, 210 MHz, 405 MHz, 26.37 W, 0x0000000000000001
2026/08/27 17:43:07.129, 0 %, 82 MiB, 35, P8, 210 MHz, 405 MHz, 26.29 W, 0x0000000000000001
2026/08/27 17:43:12.152, 0 %, 82 MiB, 35, P8, 210 MHz, 405 MHz, 26.51 W, 0x0000000000000001
2026/08/27 17:43:17.175, 0 %, 82 MiB, 35, P8, 210 MHz, 405 MHz, 26.47 W, 0x0000000000000001
2026/08/27 17:43:22.197, 0 %, 82 MiB, 35, P8, 210 MHz, 405 MHz, 26.40 W, 0x0000000000000001
2026/08/27 17:43:27.221, 0 %, 82 MiB, 35, P8, 210 MHz, 405 MHz, 26.05 W, 0x0000000000000001
2026/08/27 17:43:32.244, 0 %, 82 MiB, 35, P8, 210 MHz, 405 MHz, 26.19 W, 0x0000000000000001
2026/08/27 17:43:37.269, 0 %, 82 MiB, 35, P8, 210 MHz, 405 MHz, 26.30 W, 0x0000000000000001
2026/08/27 17:43:42.291, 0 %, 82 MiB, 35, P8, 210 MHz, 405 MHz, 26.32 W, 0x0000000000000001
2026/08/27 17:43:47.313, 0 %, 82 MiB, 35, P8, 210 MHz, 405 MHz, 26.35 W, 0x0000000000000001
2026/08/27 17:43:52.335, 0 %, 82 MiB, 35, P8, 210 MHz, 405 MHz, 26.54 W, 0x0000000000000001
2026/08/27 17:43:57.359, 0 %, 82 MiB, 35, P8, 210 MHz, 405 MHz, 26.32 W, 0x0000000000000001
2026/08/27 17:44:02.384, 0 %, 82 MiB, 35, P8, 210 MHz, 405 MHz, 26.36 W, 0x0000000000000001
2026/08/27 17:44:07.406, 0 %, 82 MiB, 35, P8, 210 MHz, 405 MHz, 26.36 W, 0x0000000000000001
2026/08/27 17:44:12.432, 0 %, 82 MiB, 35, P8, 210 MHz, 405 MHz, 26.20 W, 0x0000000000000001
2026/08/27 17:44:17.457, 0 %, 82 MiB, 35, P8, 210 MHz, 405 MHz, 26.46 W, 0x0000000000000001
2026/08/27 17:44:22.480, 0 %, 82 MiB, 35, P8, 210 MHz, 405 MHz, 26.23 W, 0x0000000000000001
2026/08/27 17:44:27.502, 0 %, 82 MiB, 35, P8, 210 MHz, 405 MHz, 26.27 W, 0x0000000000000001
2026/08/27 17:44:32.527, 0 %, 82 MiB, 35, P8, 210 MHz, 405 MHz, 26.25 W, 0x0000000000000001
2026/08/27 17:44:37.551, 0 %, 82 MiB, 35, P8, 210 MHz, 405 MHz, 26.25 W, 0x0000000000000001
2026/08/27 17:44:42.574, 0 %, 82 MiB, 35, P8, 210 MHz, 405 MHz, 26.12 W, 0x0000000000000001
2026/08/27 17:44:47.596, 0 %, 82 MiB, 35, P8, 210 MHz, 405 MHz, 26.16 W, 0x0000000000000001
2026/08/27 17:44:52.619, 0 %, 82 MiB, 35, P8, 210 MHz, 405 MHz, 26.35 W, 0x0000000000000001
2026/08/27 17:44:57.641, 0 %, 82 MiB, 35, P8, 210 MHz, 405 MHz, 26.12 W, 0x0000000000000001
2026/08/27 17:45:02.664, 0 %, 82 MiB, 35, P8, 210 MHz, 405 MHz, 26.19 W, 0x0000000000000001
2026/08/27 17:45:07.685, 0 %, 82 MiB, 35, P8, 210 MHz, 405 MHz, 26.34 W, 0x0000000000000001
2026/08/27 17:45:12.707, 0 %, 82 MiB, 35, P8, 210 MHz, 405 MHz, 26.30 W, 0x0000000000000001
2026/08/27 17:45:17.730, 0 %, 82 MiB, 35, P8, 210 MHz, 405 MHz, 26.45 W, 0x0000000000000001
2026/08/27 17:45:22.752, 0 %, 82 MiB, 35, P8, 210 MHz, 405 MHz, 26.34 W, 0x0000000000000001
2026/08/27 17:45:27.777, 0 %, 82 MiB, 35, P8, 210 MHz, 405 MHz, 26.52 W, 0x0000000000000001
2026/08/27 17:45:32.802, 0 %, 82 MiB, 35, P8, 210 MHz, 405 MHz, 26.32 W, 0x0000000000000001
2026/08/27 17:45:37.826, 0 %, 82 MiB, 35, P8, 210 MHz, 405 MHz, 26.40 W, 0x0000000000000001
2026/08/27 17:45:42.850, 0 %, 82 MiB, 35, P8, 210 MHz, 405 MHz, 26.35 W, 0x0000000000000001
2026/08/27 17:45:47.875, 0 %, 82 MiB, 35, P8, 210 MHz, 405 MHz, 26.24 W, 0x0000000000000001
2026/08/27 17:45:52.899, 0 %, 82 MiB, 35, P8, 210 MHz, 405 MHz, 26.01 W, 0x0000000000000001
2026/08/27 17:45:57.921, 0 %, 82 MiB, 35, P8, 210 MHz, 405 MHz, 26.08 W, 0x0000000000000001
2026/08/27 17:46:02.943, 0 %, 82 MiB, 35, P8, 210 MHz, 405 MHz, 26.16 W, 0x0000000000000001
2026/08/27 17:46:07.969, 0 %, 82 MiB, 35, P8, 210 MHz, 405 MHz, 25.96 W, 0x0000000000000001
2026/08/27 17:46:12.994, 0 %, 82 MiB, 35, P8, 210 MHz, 405 MHz, 26.11 W, 0x0000000000000001
2026/08/27 17:46:18.017, 0 %, 82 MiB, 35, P8, 210 MHz, 405 MHz, 26.49 W, 0x0000000000000001
2026/08/27 17:46:23.041, 0 %, 82 MiB, 35, P8, 210 MHz, 405 MHz, 26.20 W, 0x0000000000000001
2026/08/27 17:46:28.067, 0 %, 82 MiB, 35, P8, 210 MHz, 405 MHz, 26.28 W, 0x0000000000000001
2026/08/27 17:46:33.089, 0 %, 82 MiB, 35, P8, 210 MHz, 405 MHz, 26.26 W, 0x0000000000000001
2026/08/27 17:46:38.114, 0 %, 82 MiB, 35, P8, 210 MHz, 405 MHz, 26.15 W, 0x0000000000000001
2026/08/27 17:46:43.140, 0 %, 82 MiB, 35, P8, 210 MHz, 405 MHz, 26.11 W, 0x0000000000000001
2026/08/27 17:46:48.163, 0 %, 82 MiB, 35, P8, 210 MHz, 405 MHz, 26.08 W, 0x0000000000000001
2026/08/27 17:46:53.186, 0 %, 82 MiB, 35, P8, 210 MHz, 405 MHz, 26.29 W, 0x0000000000000001
2026/08/27 17:46:58.208, 0 %, 82 MiB, 35, P8, 210 MHz, 405 MHz, 26.38 W, 0x0000000000000001
2026/08/27 17:47:03.233, 0 %, 82 MiB, 35, P8, 210 MHz, 405 MHz, 26.36 W, 0x0000000000000001
2026/08/27 17:47:08.255, 0 %, 82 MiB, 35, P8, 210 MHz, 405 MHz, 26.38 W, 0x0000000000000001
2026/08/27 17:47:13.280, 0 %, 82 MiB, 35, P8, 210 MHz, 405 MHz, 26.34 W, 0x0000000000000001
2026/08/27 17:47:18.305, 0 %, 82 MiB, 35, P8, 210 MHz, 405 MHz, 26.44 W, 0x0000000000000001
2026/08/27 17:47:23.330, 0 %, 82 MiB, 35, P8, 210 MHz, 405 MHz, 26.42 W, 0x0000000000000001
2026/08/27 17:47:28.355, 0 %, 82 MiB, 35, P8, 210 MHz, 405 MHz, 26.14 W, 0x0000000000000001
2026/08/27 17:47:33.376, 0 %, 82 MiB, 35, P8, 210 MHz, 405 MHz, 26.15 W, 0x0000000000000001
2026/08/27 17:47:38.400, 0 %, 82 MiB, 35, P8, 210 MHz, 405 MHz, 26.22 W, 0x0000000000000001
2026/08/27 17:47:43.425, 0 %, 82 MiB, 35, P8, 210 MHz, 405 MHz, 26.25 W, 0x0000000000000001
2026/08/27 17:47:48.448, 0 %, 82 MiB, 35, P8, 210 MHz, 405 MHz, 26.15 W, 0x0000000000000001
2026/08/27 17:47:53.470, 0 %, 82 MiB, 35, P8, 210 MHz, 405 MHz, 26.23 W, 0x0000000000000001
2026/08/27 17:47:58.491, 0 %, 82 MiB, 35, P8, 210 MHz, 405 MHz, 26.10 W, 0x0000000000000001
2026/08/27 17:48:03.513, 0 %, 82 MiB, 35, P8, 210 MHz, 405 MHz, 26.11 W, 0x0000000000000001
2026/08/27 17:48:08.535, 0 %, 82 MiB, 35, P8, 210 MHz, 405 MHz, 26.27 W, 0x0000000000000001
2026/08/27 17:48:13.557, 0 %, 82 MiB, 35, P8, 210 MHz, 405 MHz, 25.96 W, 0x0000000000000001
2026/08/27 17:48:18.579, 0 %, 82 MiB, 35, P8, 210 MHz, 405 MHz, 26.22 W, 0x0000000000000001
2026/08/27 17:48:23.604, 0 %, 82 MiB, 35, P8, 210 MHz, 405 MHz, 26.03 W, 0x0000000000000001
2026/08/27 17:48:28.629, 0 %, 82 MiB, 35, P8, 210 MHz, 405 MHz, 26.43 W, 0x0000000000000001
2026/08/27 17:48:33.654, 0 %, 82 MiB, 35, P8, 210 MHz, 405 MHz, 26.25 W, 0x0000000000000001
2026/08/27 17:48:38.679, 0 %, 82 MiB, 35, P8, 210 MHz, 405 MHz, 26.05 W, 0x0000000000000001
2026/08/27 17:48:43.702, 0 %, 82 MiB, 35, P8, 210 MHz, 405 MHz, 26.15 W, 0x0000000000000001
2026/08/27 17:48:48.724, 0 %, 82 MiB, 35, P8, 210 MHz, 405 MHz, 26.23 W, 0x0000000000000001
2026/08/27 17:48:53.746, 0 %, 82 MiB, 35, P8, 210 MHz, 405 MHz, 26.21 W, 0x0000000000000001
2026/08/27 17:48:58.771, 0 %, 82 MiB, 35, P8, 210 MHz, 405 MHz, 26.03 W, 0x0000000000000001
2026/08/27 17:49:03.794, 0 %, 82 MiB, 35, P8, 210 MHz, 405 MHz, 26.26 W, 0x0000000000000001
2026/08/27 17:49:08.815, 0 %, 82 MiB, 35, P8, 210 MHz, 405 MHz, 25.99 W, 0x0000000000000001
2026/08/27 17:49:13.838, 0 %, 82 MiB, 35, P8, 210 MHz, 405 MHz, 26.33 W, 0x0000000000000001
2026/08/27 17:49:18.860, 0 %, 82 MiB, 35, P8, 210 MHz, 405 MHz, 26.15 W, 0x0000000000000001
2026/08/27 17:49:23.882, 0 %, 82 MiB, 35, P8, 210 MHz, 405 MHz, 26.13 W, 0x0000000000000001
2026/08/27 17:49:28.908, 0 %, 82 MiB, 35, P8, 210 MHz, 405 MHz, 26.25 W, 0x0000000000000001
2026/08/27 17:49:33.930, 0 %, 82 MiB, 35, P8, 210 MHz, 405 MHz, 26.47 W, 0x0000000000000001
2026/08/27 17:49:38.952, 0 %, 82 MiB, 35, P8, 210 MHz, 405 MHz, 26.33 W, 0x0000000000000001
2026/08/27 17:49:43.974, 0 %, 82 MiB, 35, P8, 210 MHz, 405 MHz, 26.31 W, 0x0000000000000001
2026/08/27 17:49:48.996, 0 %, 82 MiB, 35, P8, 210 MHz, 405 MHz, 26.22 W, 0x0000000000000001
2026/08/27 17:49:54.021, 0 %, 82 MiB, 35, P8, 210 MHz, 405 MHz, 26.39 W, 0x0000000000000001
2026/08/27 17:49:59.045, 0 %, 82 MiB, 35, P8, 210 MHz, 405 MHz, 26.16 W, 0x0000000000000001
2026/08/27 17:50:04.071, 0 %, 82 MiB, 35, P8, 210 MHz, 405 MHz, 25.98 W, 0x0000000000000001
2026/08/27 17:50:09.093, 0 %, 82 MiB, 35, P8, 210 MHz, 405 MHz, 26.19 W, 0x0000000000000001
2026/08/27 17:50:14.115, 0 %, 82 MiB, 35, P8, 210 MHz, 405 MHz, 25.96 W, 0x0000000000000001
2026/08/27 17:50:19.137, 0 %, 82 MiB, 35, P8, 210 MHz, 405 MHz, 26.15 W, 0x0000000000000001
2026/08/27 17:50:24.163, 0 %, 82 MiB, 35, P8, 210 MHz, 405 MHz, 25.97 W, 0x0000000000000001
2026/08/27 17:50:29.187, 0 %, 82 MiB, 35, P8, 210 MHz, 405 MHz, 26.08 W, 0x0000000000000001
2026/08/27 17:50:34.209, 0 %, 82 MiB, 35, P8, 210 MHz, 405 MHz, 26.04 W, 0x0000000000000001
2026/08/27 17:50:39.231, 0 %, 82 MiB, 35, P8, 210 MHz, 405 MHz, 25.89 W, 0x0000000000000001
