wall_iso,ts,gfx_mhz,gfx_max_mhz,mem_mhz,sm_mhz,power_w,power_limit_w,power_default_w,temp_c,util_pct,mem_used_mib,pstate,throttle_active,thr_sw_thermal,thr_hw_thermal,thr_hw_power_brake,thr_sw_power_cap,thr_gpu_idle
2026-08-25T20:57:07+08:00,2026/08/25 20:57:07.483, 1935 MHz, 2100 MHz, 9501 MHz, 1935 MHz, 236.03 W, 350.00 W, 350.00 W, 65, 87 %, 22614 MiB, P2, 0x0000000000000004, Not Active, Not Active, Not Active, Active, Not Active
2026-08-25T20:57:12+08:00,2026/08/25 20:57:12.510, 1935 MHz, 2100 MHz, 9501 MHz, 1935 MHz, 245.61 W, 350.00 W, 350.00 W, 66, 89 %, 22614 MiB, P2, 0x0000000000000004, Not Active, Not Active, Not Active, Active, Not Active
2026-08-25T20:57:17+08:00,2026/08/25 20:57:17.542, 1935 MHz, 2100 MHz, 9501 MHz, 1935 MHz, 242.22 W, 350.00 W, 350.00 W, 66, 96 %, 22614 MiB, P2, 0x0000000000000004, Not Active, Not Active, Not Active, Active, Not Active
2026-08-25T20:57:22+08:00,2026/08/25 20:57:22.571, 1845 MHz, 2100 MHz, 9501 MHz, 1845 MHz, 241.14 W, 350.00 W, 350.00 W, 66, 95 %, 22614 MiB, P2, 0x0000000000000004, Not Active, Not Active, Not Active, Active, Not Active
2026-08-25T20:57:27+08:00,2026/08/25 20:57:27.599, 1935 MHz, 2100 MHz, 9501 MHz, 1935 MHz, 241.45 W, 350.00 W, 350.00 W, 66, 89 %, 22614 MiB, P2, 0x0000000000000004, Not Active, Not Active, Not Active, Active, Not Active
2026-08-25T20:57:32+08:00,2026/08/25 20:57:32.627, 1890 MHz, 2100 MHz, 9501 MHz, 1890 MHz, 246.17 W, 350.00 W, 350.00 W, 66, 89 %, 22614 MiB, P2, 0x0000000000000004, Not Active, Not Active, Not Active, Active, Not Active
2026-08-25T20:57:37+08:00,2026/08/25 20:57:37.652, 1845 MHz, 2100 MHz, 9501 MHz, 1845 MHz, 242.12 W, 350.00 W, 350.00 W, 66, 89 %, 22614 MiB, P2, 0x0000000000000004, Not Active, Not Active, Not Active, Active, Not Active
2026-08-25T20:57:42+08:00,2026/08/25 20:57:42.688, 1935 MHz, 2100 MHz, 9501 MHz, 1935 MHz, 237.46 W, 350.00 W, 350.00 W, 65, 90 %, 22614 MiB, P2, 0x0000000000000004, Not Active, Not Active, Not Active, Active, Not Active
2026-08-25T20:57:47+08:00,2026/08/25 20:57:47.723, 1935 MHz, 2100 MHz, 9501 MHz, 1935 MHz, 243.15 W, 350.00 W, 350.00 W, 66, 96 %, 22614 MiB, P2, 0x0000000000000004, Not Active, Not Active, Not Active, Active, Not Active
2026-08-25T20:57:52+08:00,2026/08/25 20:57:52.754, 1845 MHz, 2100 MHz, 9501 MHz, 1845 MHz, 240.66 W, 350.00 W, 350.00 W, 66, 91 %, 22614 MiB, P2, 0x0000000000000004, Not Active, Not Active, Not Active, Active, Not Active
2026-08-25T20:57:57+08:00,2026/08/25 20:57:57.782, 1845 MHz, 2100 MHz, 9501 MHz, 1845 MHz, 240.29 W, 350.00 W, 350.00 W, 66, 95 %, 22614 MiB, P2, 0x0000000000000004, Not Active, Not Active, Not Active, Active, Not Active
2026-08-25T20:58:02+08:00,2026/08/25 20:58:02.809, 1815 MHz, 2100 MHz, 9501 MHz, 1815 MHz, 239.86 W, 350.00 W, 350.00 W, 66, 96 %, 22614 MiB, P2, 0x0000000000000004, Not Active, Not Active, Not Active, Active, Not Active
2026-08-25T20:58:07+08:00,2026/08/25 20:58:07.835, 1935 MHz, 2100 MHz, 9501 MHz, 1935 MHz, 244.33 W, 350.00 W, 350.00 W, 66, 94 %, 22614 MiB, P2, 0x0000000000000004, Not Active, Not Active, Not Active, Active, Not Active
2026-08-25T20:58:12+08:00,2026/08/25 20:58:12.861, 1935 MHz, 2100 MHz, 9501 MHz, 1935 MHz, 241.82 W, 350.00 W, 350.00 W, 68, 91 %, 22620 MiB, P2, 0x0000000000000004, Not Active, Not Active, Not Active, Active, Not Active
2026-08-25T20:58:17+08:00,2026/08/25 20:58:17.895, 1935 MHz, 2100 MHz, 9501 MHz, 1935 MHz, 232.74 W, 350.00 W, 350.00 W, 66, 91 %, 22620 MiB, P2, 0x0000000000000004, Not Active, Not Active, Not Active, Active, Not Active
2026-08-25T20:58:22+08:00,2026/08/25 20:58:22.924, 1890 MHz, 2100 MHz, 9501 MHz, 1890 MHz, 245.09 W, 350.00 W, 350.00 W, 66, 89 %, 22620 MiB, P2, 0x0000000000000004, Not Active, Not Active, Not Active, Active, Not Active
2026-08-25T20:58:27+08:00,2026/08/25 20:58:27.949, 1935 MHz, 2100 MHz, 9501 MHz, 1935 MHz, 241.40 W, 350.00 W, 350.00 W, 67, 92 %, 22620 MiB, P2, 0x0000000000000004, Not Active, Not Active, Not Active, Active, Not Active
2026-08-25T20:58:32+08:00,2026/08/25 20:58:32.981, 1935 MHz, 2100 MHz, 9501 MHz, 1935 MHz, 240.21 W, 350.00 W, 350.00 W, 67, 93 %, 22620 MiB, P2, 0x0000000000000004, Not Active, Not Active, Not Active, Active, Not Active
2026-08-25T20:58:37+08:00,2026/08/25 20:58:38.008, 1935 MHz, 2100 MHz, 9501 MHz, 1935 MHz, 240.80 W, 350.00 W, 350.00 W, 66, 90 %, 22620 MiB, P2, 0x0000000000000004, Not Active, Not Active, Not Active, Active, Not Active
2026-08-25T20:58:43+08:00,2026/08/25 20:58:43.035, 1830 MHz, 2100 MHz, 9501 MHz, 1830 MHz, 241.72 W, 350.00 W, 350.00 W, 66, 91 %, 22620 MiB, P2, 0x0000000000000004, Not Active, Not Active, Not Active, Active, Not Active
2026-08-25T20:58:48+08:00,2026/08/25 20:58:48.067, 1830 MHz, 2100 MHz, 9501 MHz, 1830 MHz, 246.76 W, 350.00 W, 350.00 W, 67, 92 %, 22620 MiB, P2, 0x0000000000000004, Not Active, Not Active, Not Active, Active, Not Active
2026-08-25T20:58:53+08:00,2026/08/25 20:58:53.095, 1935 MHz, 2100 MHz, 9501 MHz, 1935 MHz, 243.02 W, 350.00 W, 350.00 W, 67, 96 %, 22620 MiB, P2, 0x0000000000000004, Not Active, Not Active, Not Active, Active, Not Active
2026-08-25T20:58:58+08:00,2026/08/25 20:58:58.126, 1935 MHz, 2100 MHz, 9501 MHz, 1935 MHz, 237.78 W, 350.00 W, 350.00 W, 66, 96 %, 22620 MiB, P2, 0x0000000000000004, Not Active, Not Active, Not Active, Active, Not Active
2026-08-25T20:59:03+08:00,2026/08/25 20:59:03.154, 1815 MHz, 2100 MHz, 9501 MHz, 1815 MHz, 238.42 W, 350.00 W, 350.00 W, 66, 95 %, 22620 MiB, P2, 0x0000000000000004, Not Active, Not Active, Not Active, Active, Not Active
2026-08-25T20:59:08+08:00,2026/08/25 20:59:08.182, 1935 MHz, 2100 MHz, 9501 MHz, 1935 MHz, 240.18 W, 350.00 W, 350.00 W, 66, 89 %, 22620 MiB, P2, 0x0000000000000004, Not Active, Not Active, Not Active, Active, Not Active
2026-08-25T20:59:13+08:00,2026/08/25 20:59:13.208, 1830 MHz, 2100 MHz, 9501 MHz, 1830 MHz, 245.85 W, 350.00 W, 350.00 W, 67, 90 %, 22620 MiB, P2, 0x0000000000000004, Not Active, Not Active, Not Active, Active, Not Active
2026-08-25T20:59:18+08:00,2026/08/25 20:59:18.234, 1935 MHz, 2100 MHz, 9501 MHz, 1935 MHz, 239.18 W, 350.00 W, 350.00 W, 66, 89 %, 22620 MiB, P2, 0x0000000000000004, Not Active, Not Active, Not Active, Active, Not Active
2026-08-25T20:59:23+08:00,2026/08/25 20:59:23.259, 1935 MHz, 2100 MHz, 9501 MHz, 1935 MHz, 244.50 W, 350.00 W, 350.00 W, 67, 88 %, 22620 MiB, P2, 0x0000000000000004, Not Active, Not Active, Not Active, Active, Not Active
2026-08-25T20:59:28+08:00,2026/08/25 20:59:28.287, 1935 MHz, 2100 MHz, 9501 MHz, 1935 MHz, 240.66 W, 350.00 W, 350.00 W, 67, 96 %, 22620 MiB, P2, 0x0000000000000004, Not Active, Not Active, Not Active, Active, Not Active
2026-08-25T20:59:33+08:00,2026/08/25 20:59:33.318, 1845 MHz, 2100 MHz, 9501 MHz, 1845 MHz, 244.52 W, 350.00 W, 350.00 W, 66, 89 %, 22620 MiB, P2, 0x0000000000000004, Not Active, Not Active, Not Active, Active, Not Active
2026-08-25T20:59:38+08:00,2026/08/25 20:59:38.347, 1935 MHz, 2100 MHz, 9501 MHz, 1935 MHz, 244.17 W, 350.00 W, 350.00 W, 68, 91 %, 22620 MiB, P2, 0x0000000000000004, Not Active, Not Active, Not Active, Active, Not Active
2026-08-25T20:59:43+08:00,2026/08/25 20:59:43.379, 1935 MHz, 2100 MHz, 9501 MHz, 1935 MHz, 241.96 W, 350.00 W, 350.00 W, 67, 95 %, 22620 MiB, P2, 0x0000000000000004, Not Active, Not Active, Not Active, Active, Not Active
2026-08-25T20:59:48+08:00,2026/08/25 20:59:48.408, 1935 MHz, 2100 MHz, 9501 MHz, 1935 MHz, 163.75 W, 350.00 W, 350.00 W, 63, 100 %, 21146 MiB, P2, 0x0000000000000000, Not Active, Not Active, Not Active, Not Active, Not Active
2026-08-25T20:59:53+08:00,2026/08/25 20:59:53.442, 1950 MHz, 2100 MHz, 9501 MHz, 1950 MHz, 157.71 W, 350.00 W, 350.00 W, 61, 100 %, 21146 MiB, P2, 0x0000000000000000, Not Active, Not Active, Not Active, Not Active, Not Active
2026-08-25T20:59:58+08:00,2026/08/25 20:59:58.476, 1950 MHz, 2100 MHz, 9501 MHz, 1950 MHz, 236.61 W, 350.00 W, 350.00 W, 64, 91 %, 22574 MiB, P2, 0x0000000000000004, Not Active, Not Active, Not Active, Active, Not Active
2026-08-25T21:00:03+08:00,2026/08/25 21:00:03.500, 1950 MHz, 2100 MHz, 9501 MHz, 1950 MHz, 237.35 W, 350.00 W, 350.00 W, 64, 89 %, 22578 MiB, P2, 0x0000000000000000, Not Active, Not Active, Not Active, Not Active, Not Active
2026-08-25T21:00:08+08:00,2026/08/25 21:00:08.527, 1950 MHz, 2100 MHz, 9501 MHz, 1950 MHz, 237.73 W, 350.00 W, 350.00 W, 65, 88 %, 22578 MiB, P2, 0x0000000000000000, Not Active, Not Active, Not Active, Not Active, Not Active
2026-08-25T21:00:13+08:00,2026/08/25 21:00:13.554, 1950 MHz, 2100 MHz, 9501 MHz, 1950 MHz, 233.55 W, 350.00 W, 350.00 W, 65, 89 %, 22578 MiB, P2, 0x0000000000000004, Not Active, Not Active, Not Active, Active, Not Active
2026-08-25T21:00:18+08:00,2026/08/25 21:00:18.581, 1950 MHz, 2100 MHz, 9501 MHz, 1950 MHz, 234.82 W, 350.00 W, 350.00 W, 65, 90 %, 22578 MiB, P2, 0x0000000000000004, Not Active, Not Active, Not Active, Active, Not Active
2026-08-25T21:00:23+08:00,2026/08/25 21:00:23.611, 1950 MHz, 2100 MHz, 9501 MHz, 1950 MHz, 240.07 W, 350.00 W, 350.00 W, 65, 88 %, 22578 MiB, P2, 0x0000000000000000, Not Active, Not Active, Not Active, Not Active, Not Active
2026-08-25T21:00:28+08:00,2026/08/25 21:00:28.639, 1950 MHz, 2100 MHz, 9501 MHz, 1950 MHz, 242.57 W, 350.00 W, 350.00 W, 65, 90 %, 22578 MiB, P2, 0x0000000000000004, Not Active, Not Active, Not Active, Active, Not Active
2026-08-25T21:00:33+08:00,2026/08/25 21:00:33.668, 1935 MHz, 2100 MHz, 9501 MHz, 1935 MHz, 232.60 W, 350.00 W, 350.00 W, 65, 90 %, 22578 MiB, P2, 0x0000000000000004, Not Active, Not Active, Not Active, Active, Not Active
2026-08-25T21:00:38+08:00,2026/08/25 21:00:38.698, 1950 MHz, 2100 MHz, 9501 MHz, 1950 MHz, 230.86 W, 350.00 W, 350.00 W, 65, 88 %, 22578 MiB, P2, 0x0000000000000004, Not Active, Not Active, Not Active, Active, Not Active
2026-08-25T21:00:43+08:00,2026/08/25 21:00:43.723, 1950 MHz, 2100 MHz, 9501 MHz, 1950 MHz, 238.06 W, 350.00 W, 350.00 W, 66, 90 %, 22578 MiB, P2, 0x0000000000000004, Not Active, Not Active, Not Active, Active, Not Active
2026-08-25T21:00:48+08:00,2026/08/25 21:00:48.748, 1950 MHz, 2100 MHz, 9501 MHz, 1950 MHz, 238.21 W, 350.00 W, 350.00 W, 65, 94 %, 22584 MiB, P2, 0x0000000000000004, Not Active, Not Active, Not Active, Active, Not Active
2026-08-25T21:00:53+08:00,2026/08/25 21:00:53.777, 1950 MHz, 2100 MHz, 9501 MHz, 1950 MHz, 232.61 W, 350.00 W, 350.00 W, 66, 88 %, 22584 MiB, P2, 0x0000000000000004, Not Active, Not Active, Not Active, Active, Not Active
2026-08-25T21:00:58+08:00,2026/08/25 21:00:58.805, 1950 MHz, 2100 MHz, 9501 MHz, 1950 MHz, 235.91 W, 350.00 W, 350.00 W, 65, 89 %, 22584 MiB, P2, 0x0000000000000000, Not Active, Not Active, Not Active, Not Active, Not Active
2026-08-25T21:01:03+08:00,2026/08/25 21:01:03.831, 1950 MHz, 2100 MHz, 9501 MHz, 1950 MHz, 237.46 W, 350.00 W, 350.00 W, 65, 90 %, 22584 MiB, P2, 0x0000000000000004, Not Active, Not Active, Not Active, Active, Not Active
2026-08-25T21:01:08+08:00,2026/08/25 21:01:08.857, 1950 MHz, 2100 MHz, 9501 MHz, 1950 MHz, 243.00 W, 350.00 W, 350.00 W, 66, 88 %, 22584 MiB, P2, 0x0000000000000000, Not Active, Not Active, Not Active, Not Active, Not Active
2026-08-25T21:01:13+08:00,2026/08/25 21:01:13.882, 1950 MHz, 2100 MHz, 9501 MHz, 1950 MHz, 234.52 W, 350.00 W, 350.00 W, 65, 88 %, 22584 MiB, P2, 0x0000000000000000, Not Active, Not Active, Not Active, Not Active, Not Active
2026-08-25T21:01:18+08:00,2026/08/25 21:01:18.909, 1950 MHz, 2100 MHz, 9501 MHz, 1950 MHz, 240.03 W, 350.00 W, 350.00 W, 66, 90 %, 22584 MiB, P2, 0x0000000000000000, Not Active, Not Active, Not Active, Not Active, Not Active
2026-08-25T21:01:23+08:00,2026/08/25 21:01:23.934, 1950 MHz, 2100 MHz, 9501 MHz, 1950 MHz, 238.83 W, 350.00 W, 350.00 W, 66, 87 %, 22584 MiB, P2, 0x0000000000000000, Not Active, Not Active, Not Active, Not Active, Not Active
2026-08-25T21:01:28+08:00,2026/08/25 21:01:28.961, 1950 MHz, 2100 MHz, 9501 MHz, 1950 MHz, 237.52 W, 350.00 W, 350.00 W, 66, 89 %, 22584 MiB, P2, 0x0000000000000004, Not Active, Not Active, Not Active, Active, Not Active
2026-08-25T21:01:33+08:00,2026/08/25 21:01:33.985, 1950 MHz, 2100 MHz, 9501 MHz, 1950 MHz, 243.29 W, 350.00 W, 350.00 W, 66, 90 %, 22584 MiB, P2, 0x0000000000000000, Not Active, Not Active, Not Active, Not Active, Not Active
2026-08-25T21:01:38+08:00,2026/08/25 21:01:39.011, 1950 MHz, 2100 MHz, 9501 MHz, 1950 MHz, 235.69 W, 350.00 W, 350.00 W, 65, 89 %, 22584 MiB, P2, 0x0000000000000004, Not Active, Not Active, Not Active, Active, Not Active
2026-08-25T21:01:44+08:00,2026/08/25 21:01:44.045, 1950 MHz, 2100 MHz, 9501 MHz, 1950 MHz, 157.14 W, 350.00 W, 350.00 W, 61, 99 %, 21146 MiB, P2, 0x0000000000000000, Not Active, Not Active, Not Active, Not Active, Not Active
2026-08-25T21:01:49+08:00,2026/08/25 21:01:49.073, 1950 MHz, 2100 MHz, 9501 MHz, 1950 MHz, 203.96 W, 350.00 W, 350.00 W, 65, 84 %, 21732 MiB, P2, 0x0000000000000004, Not Active, Not Active, Not Active, Active, Not Active
2026-08-25T21:01:54+08:00,2026/08/25 21:01:54.098, 1935 MHz, 2100 MHz, 9501 MHz, 1935 MHz, 286.65 W, 350.00 W, 350.00 W, 68, 86 %, 21734 MiB, P2, 0x0000000000000004, Not Active, Not Active, Not Active, Active, Not Active
2026-08-25T21:01:59+08:00,2026/08/25 21:01:59.127, 1935 MHz, 2100 MHz, 9501 MHz, 1935 MHz, 297.27 W, 350.00 W, 350.00 W, 68, 86 %, 21734 MiB, P2, 0x0000000000000004, Not Active, Not Active, Not Active, Active, Not Active
2026-08-25T21:02:04+08:00,2026/08/25 21:02:04.157, 1935 MHz, 2100 MHz, 9501 MHz, 1935 MHz, 284.82 W, 350.00 W, 350.00 W, 68, 86 %, 21734 MiB, P2, 0x0000000000000004, Not Active, Not Active, Not Active, Active, Not Active
2026-08-25T21:02:09+08:00,2026/08/25 21:02:09.187, 1935 MHz, 2100 MHz, 9501 MHz, 1935 MHz, 276.52 W, 350.00 W, 350.00 W, 69, 83 %, 21740 MiB, P2, 0x0000000000000004, Not Active, Not Active, Not Active, Active, Not Active
2026-08-25T21:02:14+08:00,2026/08/25 21:02:14.214, 1935 MHz, 2100 MHz, 9501 MHz, 1935 MHz, 257.04 W, 350.00 W, 350.00 W, 70, 85 %, 21740 MiB, P2, 0x0000000000000004, Not Active, Not Active, Not Active, Active, Not Active
2026-08-25T21:02:19+08:00,2026/08/25 21:02:19.242, 1920 MHz, 2100 MHz, 9501 MHz, 1920 MHz, 272.73 W, 350.00 W, 350.00 W, 70, 91 %, 21740 MiB, P2, 0x0000000000000004, Not Active, Not Active, Not Active, Active, Not Active
2026-08-25T21:02:24+08:00,2026/08/25 21:02:24.269, 1935 MHz, 2100 MHz, 9501 MHz, 1935 MHz, 266.98 W, 350.00 W, 350.00 W, 68, 86 %, 21740 MiB, P2, 0x0000000000000004, Not Active, Not Active, Not Active, Active, Not Active
2026-08-25T21:02:29+08:00,2026/08/25 21:02:29.298, 1935 MHz, 2100 MHz, 9501 MHz, 1935 MHz, 282.45 W, 350.00 W, 350.00 W, 71, 86 %, 21740 MiB, P2, 0x0000000000000004, Not Active, Not Active, Not Active, Active, Not Active
2026-08-25T21:02:34+08:00,2026/08/25 21:02:34.324, 1935 MHz, 2100 MHz, 9501 MHz, 1935 MHz, 250.63 W, 350.00 W, 350.00 W, 67, 100 %, 389 MiB, P2, 0x0000000000000000, Not Active, Not Active, Not Active, Not Active, Not Active
2026-08-25T21:02:39+08:00,2026/08/25 21:02:39.394, 1935 MHz, 2100 MHz, 9501 MHz, 1935 MHz, 158.45 W, 350.00 W, 350.00 W, 63, 99 %, 21146 MiB, P2, 0x0000000000000000, Not Active, Not Active, Not Active, Not Active, Not Active
2026-08-25T21:02:44+08:00,2026/08/25 21:02:44.422, 1935 MHz, 2100 MHz, 9501 MHz, 1935 MHz, 343.12 W, 350.00 W, 350.00 W, 70, 83 %, 21822 MiB, P2, 0x0000000000000004, Not Active, Not Active, Not Active, Active, Not Active
2026-08-25T21:02:49+08:00,2026/08/25 21:02:49.451, 1935 MHz, 2100 MHz, 9501 MHz, 1935 MHz, 339.47 W, 350.00 W, 350.00 W, 72, 84 %, 21822 MiB, P2, 0x0000000000000004, Not Active, Not Active, Not Active, Active, Not Active
2026-08-25T21:02:54+08:00,2026/08/25 21:02:54.477, 1920 MHz, 2100 MHz, 9501 MHz, 1920 MHz, 286.90 W, 350.00 W, 350.00 W, 71, 93 %, 21826 MiB, P2, 0x0000000000000004, Not Active, Not Active, Not Active, Active, Not Active
2026-08-25T21:02:59+08:00,2026/08/25 21:02:59.506, 1920 MHz, 2100 MHz, 9501 MHz, 1920 MHz, 344.76 W, 350.00 W, 350.00 W, 74, 85 %, 21832 MiB, P2, 0x0000000000000004, Not Active, Not Active, Not Active, Active, Not Active
2026-08-25T21:03:04+08:00,2026/08/25 21:03:04.534, 1920 MHz, 2100 MHz, 9501 MHz, 1920 MHz, 347.69 W, 350.00 W, 350.00 W, 75, 84 %, 21832 MiB, P2, 0x0000000000000004, Not Active, Not Active, Not Active, Active, Not Active
2026-08-25T21:03:09+08:00,2026/08/25 21:03:09.562, 1920 MHz, 2100 MHz, 9501 MHz, 1920 MHz, 324.44 W, 350.00 W, 350.00 W, 75, 84 %, 21832 MiB, P2, 0x0000000000000004, Not Active, Not Active, Not Active, Active, Not Active
2026-08-25T21:03:14+08:00,2026/08/25 21:03:14.592, 1920 MHz, 2100 MHz, 9751 MHz, 1920 MHz, 259.05 W, 350.00 W, 350.00 W, 70, 38 %, 99 MiB, P0, 0x0000000000000000, Not Active, Not Active, Not Active, Not Active, Not Active
2026-08-25T21:03:19+08:00,2026/08/25 21:03:19.621, 1935 MHz, 2100 MHz, 9501 MHz, 1935 MHz, 170.04 W, 350.00 W, 350.00 W, 64, 99 %, 21146 MiB, P2, 0x0000000000000000, Not Active, Not Active, Not Active, Not Active, Not Active
2026-08-25T21:03:24+08:00,2026/08/25 21:03:24.657, 1935 MHz, 2100 MHz, 9501 MHz, 1935 MHz, 167.44 W, 350.00 W, 350.00 W, 63, 100 %, 21146 MiB, P2, 0x0000000000000000, Not Active, Not Active, Not Active, Not Active, Not Active
2026-08-25T21:03:29+08:00,2026/08/25 21:03:29.700, 1890 MHz, 2100 MHz, 9501 MHz, 1890 MHz, 286.97 W, 350.00 W, 350.00 W, 69, 88 %, 21890 MiB, P2, 0x0000000000000004, Not Active, Not Active, Not Active, Active, Not Active
2026-08-25T21:03:34+08:00,2026/08/25 21:03:34.731, 1920 MHz, 2100 MHz, 9501 MHz, 1920 MHz, 315.19 W, 350.00 W, 350.00 W, 67, 45 %, 21890 MiB, P2, 0x0000000000000004, Not Active, Not Active, Not Active, Active, Not Active
2026-08-25T21:03:39+08:00,2026/08/25 21:03:39.757, 1920 MHz, 2100 MHz, 9501 MHz, 1920 MHz, 336.04 W, 350.00 W, 350.00 W, 72, 87 %, 21892 MiB, P2, 0x0000000000000004, Not Active, Not Active, Not Active, Active, Not Active
2026-08-25T21:03:44+08:00,2026/08/25 21:03:44.787, 1905 MHz, 2100 MHz, 9501 MHz, 1905 MHz, 313.25 W, 350.00 W, 350.00 W, 73, 87 %, 21892 MiB, P2, 0x0000000000000004, Not Active, Not Active, Not Active, Active, Not Active
2026-08-25T21:03:49+08:00,2026/08/25 21:03:49.816, 1920 MHz, 2100 MHz, 9501 MHz, 1920 MHz, 290.73 W, 350.00 W, 350.00 W, 72, 86 %, 21892 MiB, P2, 0x0000000000000004, Not Active, Not Active, Not Active, Active, Not Active
2026-08-25T21:03:54+08:00,2026/08/25 21:03:54.843, 1905 MHz, 2100 MHz, 9501 MHz, 1905 MHz, 343.28 W, 350.00 W, 350.00 W, 73, 84 %, 21892 MiB, P2, 0x0000000000000004, Not Active, Not Active, Not Active, Active, Not Active
2026-08-25T21:03:59+08:00,2026/08/25 21:03:59.875, 1935 MHz, 2100 MHz, 9501 MHz, 1935 MHz, 173.45 W, 350.00 W, 350.00 W, 66, 100 %, 21146 MiB, P2, 0x0000000000000000, Not Active, Not Active, Not Active, Not Active, Not Active
2026-08-25T21:04:04+08:00,2026/08/25 21:04:04.911, 1935 MHz, 2100 MHz, 9501 MHz, 1935 MHz, 171.87 W, 350.00 W, 350.00 W, 64, 100 %, 21146 MiB, P2, 0x0000000000000000, Not Active, Not Active, Not Active, Not Active, Not Active
2026-08-25T21:04:09+08:00,2026/08/25 21:04:09.943, 1950 MHz, 2100 MHz, 9501 MHz, 1950 MHz, 171.34 W, 350.00 W, 350.00 W, 62, 100 %, 21146 MiB, P2, 0x0000000000000000, Not Active, Not Active, Not Active, Not Active, Not Active
2026-08-25T21:04:14+08:00,2026/08/25 21:04:14.979, 1935 MHz, 2100 MHz, 9501 MHz, 1935 MHz, 317.93 W, 350.00 W, 350.00 W, 67, 59 %, 21866 MiB, P2, 0x0000000000000004, Not Active, Not Active, Not Active, Active, Not Active
2026-08-25T21:04:19+08:00,2026/08/25 21:04:20.011, 1920 MHz, 2100 MHz, 9501 MHz, 1920 MHz, 342.20 W, 350.00 W, 350.00 W, 71, 86 %, 21866 MiB, P2, 0x0000000000000004, Not Active, Not Active, Not Active, Active, Not Active
2026-08-25T21:04:25+08:00,2026/08/25 21:04:25.038, 1935 MHz, 2100 MHz, 9501 MHz, 1935 MHz, 342.03 W, 350.00 W, 350.00 W, 72, 86 %, 21866 MiB, P2, 0x0000000000000004, Not Active, Not Active, Not Active, Active, Not Active
2026-08-25T21:04:30+08:00,2026/08/25 21:04:30.070, 1920 MHz, 2100 MHz, 9501 MHz, 1920 MHz, 344.59 W, 350.00 W, 350.00 W, 73, 86 %, 21874 MiB, P2, 0x0000000000000004, Not Active, Not Active, Not Active, Active, Not Active
2026-08-25T21:04:35+08:00,2026/08/25 21:04:35.099, 1905 MHz, 2100 MHz, 9501 MHz, 1905 MHz, 341.31 W, 350.00 W, 350.00 W, 74, 87 %, 21874 MiB, P2, 0x0000000000000004, Not Active, Not Active, Not Active, Active, Not Active
2026-08-25T21:04:40+08:00,2026/08/25 21:04:40.128, 1905 MHz, 2100 MHz, 9501 MHz, 1905 MHz, 342.76 W, 350.00 W, 350.00 W, 74, 86 %, 21874 MiB, P2, 0x0000000000000004, Not Active, Not Active, Not Active, Active, Not Active
2026-08-25T21:04:45+08:00,2026/08/25 21:04:45.162, 1935 MHz, 2100 MHz, 9501 MHz, 1935 MHz, 172.91 W, 350.00 W, 350.00 W, 65, 99 %, 21146 MiB, P2, 0x0000000000000000, Not Active, Not Active, Not Active, Not Active, Not Active
2026-08-25T21:04:50+08:00,2026/08/25 21:04:50.198, 1935 MHz, 2100 MHz, 9501 MHz, 1935 MHz, 171.76 W, 350.00 W, 350.00 W, 63, 100 %, 21146 MiB, P2, 0x0000000000000000, Not Active, Not Active, Not Active, Not Active, Not Active
2026-08-25T21:04:55+08:00,2026/08/25 21:04:55.234, 1950 MHz, 2100 MHz, 9501 MHz, 1950 MHz, 211.00 W, 350.00 W, 350.00 W, 67, 82 %, 21866 MiB, P2, 0x0000000000000004, Not Active, Not Active, Not Active, Active, Not Active
2026-08-25T21:05:00+08:00,2026/08/25 21:05:00.262, 1920 MHz, 2100 MHz, 9501 MHz, 1920 MHz, 260.00 W, 350.00 W, 350.00 W, 69, 85 %, 21872 MiB, P2, 0x0000000000000004, Not Active, Not Active, Not Active, Active, Not Active
2026-08-25T21:05:05+08:00,2026/08/25 21:05:05.294, 1920 MHz, 2100 MHz, 9501 MHz, 1920 MHz, 270.08 W, 350.00 W, 350.00 W, 69, 84 %, 21872 MiB, P2, 0x0000000000000004, Not Active, Not Active, Not Active, Active, Not Active
2026-08-25T21:05:10+08:00,2026/08/25 21:05:10.323, 1920 MHz, 2100 MHz, 9501 MHz, 1920 MHz, 279.04 W, 350.00 W, 350.00 W, 67, 89 %, 21872 MiB, P2, 0x0000000000000004, Not Active, Not Active, Not Active, Active, Not Active
2026-08-25T21:05:15+08:00,2026/08/25 21:05:15.349, 1920 MHz, 2100 MHz, 9501 MHz, 1920 MHz, 291.52 W, 350.00 W, 350.00 W, 68, 89 %, 21872 MiB, P2, 0x0000000000000004, Not Active, Not Active, Not Active, Active, Not Active
2026-08-25T21:05:20+08:00,2026/08/25 21:05:20.377, 1935 MHz, 2100 MHz, 9501 MHz, 1935 MHz, 256.99 W, 350.00 W, 350.00 W, 67, 86 %, 21878 MiB, P2, 0x0000000000000000, Not Active, Not Active, Not Active, Not Active, Not Active
2026-08-25T21:05:25+08:00,2026/08/25 21:05:25.404, 1935 MHz, 2100 MHz, 9501 MHz, 1935 MHz, 280.02 W, 350.00 W, 350.00 W, 69, 87 %, 21878 MiB, P2, 0x0000000000000004, Not Active, Not Active, Not Active, Active, Not Active
2026-08-25T21:05:30+08:00,2026/08/25 21:05:30.431, 1935 MHz, 2100 MHz, 9501 MHz, 1935 MHz, 258.59 W, 350.00 W, 350.00 W, 67, 90 %, 21878 MiB, P2, 0x0000000000000004, Not Active, Not Active, Not Active, Active, Not Active
2026-08-25T21:05:35+08:00,2026/08/25 21:05:35.459, 1935 MHz, 2100 MHz, 9501 MHz, 1935 MHz, 248.99 W, 350.00 W, 350.00 W, 66, 87 %, 21878 MiB, P2, 0x0000000000000004, Not Active, Not Active, Not Active, Active, Not Active
2026-08-25T21:05:40+08:00,2026/08/25 21:05:40.487, 1935 MHz, 2100 MHz, 9501 MHz, 1935 MHz, 278.47 W, 350.00 W, 350.00 W, 68, 85 %, 21878 MiB, P2, 0x0000000000000004, Not Active, Not Active, Not Active, Active, Not Active
2026-08-25T21:05:45+08:00,2026/08/25 21:05:45.517, 1935 MHz, 2100 MHz, 9501 MHz, 1935 MHz, 170.78 W, 350.00 W, 350.00 W, 63, 83 %, 21146 MiB, P2, 0x0000000000000000, Not Active, Not Active, Not Active, Not Active, Not Active
2026-08-25T21:05:50+08:00,2026/08/25 21:05:50.553, 1950 MHz, 2100 MHz, 9501 MHz, 1950 MHz, 170.99 W, 350.00 W, 350.00 W, 62, 100 %, 21146 MiB, P2, 0x0000000000000000, Not Active, Not Active, Not Active, Not Active, Not Active
2026-08-25T21:05:55+08:00,2026/08/25 21:05:55.588, 1950 MHz, 2100 MHz, 9501 MHz, 1950 MHz, 169.92 W, 350.00 W, 350.00 W, 61, 99 %, 21146 MiB, P2, 0x0000000000000000, Not Active, Not Active, Not Active, Not Active, Not Active
2026-08-25T21:06:00+08:00,2026/08/25 21:06:00.624, 1950 MHz, 2100 MHz, 9501 MHz, 1950 MHz, 274.02 W, 350.00 W, 350.00 W, 65, 91 %, 21866 MiB, P2, 0x0000000000000004, Not Active, Not Active, Not Active, Active, Not Active
2026-08-25T21:06:05+08:00,2026/08/25 21:06:05.650, 1950 MHz, 2100 MHz, 9501 MHz, 1950 MHz, 285.60 W, 350.00 W, 350.00 W, 67, 83 %, 21872 MiB, P2, 0x0000000000000004, Not Active, Not Active, Not Active, Active, Not Active
2026-08-25T21:06:10+08:00,2026/08/25 21:06:10.679, 1935 MHz, 2100 MHz, 9501 MHz, 1935 MHz, 281.18 W, 350.00 W, 350.00 W, 68, 84 %, 21872 MiB, P2, 0x0000000000000004, Not Active, Not Active, Not Active, Active, Not Active
2026-08-25T21:06:15+08:00,2026/08/25 21:06:15.707, 1935 MHz, 2100 MHz, 9501 MHz, 1935 MHz, 273.18 W, 350.00 W, 350.00 W, 67, 91 %, 21872 MiB, P2, 0x0000000000000004, Not Active, Not Active, Not Active, Active, Not Active
2026-08-25T21:06:20+08:00,2026/08/25 21:06:20.735, 1935 MHz, 2100 MHz, 9501 MHz, 1935 MHz, 287.10 W, 350.00 W, 350.00 W, 68, 88 %, 21872 MiB, P2, 0x0000000000000004, Not Active, Not Active, Not Active, Active, Not Active
2026-08-25T21:06:25+08:00,2026/08/25 21:06:25.765, 1935 MHz, 2100 MHz, 9501 MHz, 1935 MHz, 254.23 W, 350.00 W, 350.00 W, 66, 91 %, 21878 MiB, P2, 0x0000000000000004, Not Active, Not Active, Not Active, Active, Not Active
2026-08-25T21:06:30+08:00,2026/08/25 21:06:30.793, 1935 MHz, 2100 MHz, 9501 MHz, 1935 MHz, 285.73 W, 350.00 W, 350.00 W, 69, 86 %, 21878 MiB, P2, 0x0000000000000004, Not Active, Not Active, Not Active, Active, Not Active
2026-08-25T21:06:35+08:00,2026/08/25 21:06:35.819, 1935 MHz, 2100 MHz, 9501 MHz, 1935 MHz, 248.21 W, 350.00 W, 350.00 W, 66, 86 %, 21878 MiB, P2, 0x0000000000000004, Not Active, Not Active, Not Active, Active, Not Active
2026-08-25T21:06:40+08:00,2026/08/25 21:06:40.846, 1935 MHz, 2100 MHz, 9501 MHz, 1935 MHz, 291.94 W, 350.00 W, 350.00 W, 67, 90 %, 21878 MiB, P2, 0x0000000000000004, Not Active, Not Active, Not Active, Active, Not Active
2026-08-25T21:06:45+08:00,2026/08/25 21:06:45.873, 1920 MHz, 2100 MHz, 9501 MHz, 1920 MHz, 277.07 W, 350.00 W, 350.00 W, 67, 88 %, 21878 MiB, P2, 0x0000000000000004, Not Active, Not Active, Not Active, Active, Not Active
2026-08-25T21:06:50+08:00,2026/08/25 21:06:50.900, 1950 MHz, 2100 MHz, 9501 MHz, 1950 MHz, 171.08 W, 350.00 W, 350.00 W, 63, 99 %, 21146 MiB, P2, 0x0000000000000000, Not Active, Not Active, Not Active, Not Active, Not Active
2026-08-25T21:06:55+08:00,2026/08/25 21:06:55.935, 1950 MHz, 2100 MHz, 9501 MHz, 1950 MHz, 170.46 W, 350.00 W, 350.00 W, 62, 99 %, 21146 MiB, P2, 0x0000000000000000, Not Active, Not Active, Not Active, Not Active, Not Active
2026-08-25T21:07:00+08:00,2026/08/25 21:07:00.979, 1950 MHz, 2100 MHz, 9501 MHz, 1950 MHz, 168.84 W, 350.00 W, 350.00 W, 61, 100 %, 21146 MiB, P2, 0x0000000000000000, Not Active, Not Active, Not Active, Not Active, Not Active
2026-08-25T21:07:06+08:00,2026/08/25 21:07:06.015, 1935 MHz, 2100 MHz, 9501 MHz, 1935 MHz, 302.70 W, 350.00 W, 350.00 W, 68, 85 %, 21866 MiB, P2, 0x0000000000000004, Not Active, Not Active, Not Active, Active, Not Active
2026-08-25T21:07:11+08:00,2026/08/25 21:07:11.044, 1935 MHz, 2100 MHz, 9501 MHz, 1935 MHz, 296.70 W, 350.00 W, 350.00 W, 68, 82 %, 21866 MiB, P2, 0x0000000000000004, Not Active, Not Active, Not Active, Active, Not Active
2026-08-25T21:07:16+08:00,2026/08/25 21:07:16.073, 1920 MHz, 2100 MHz, 9501 MHz, 1920 MHz, 324.96 W, 350.00 W, 350.00 W, 67, 5 %, 21866 MiB, P2, 0x0000000000000004, Not Active, Not Active, Not Active, Active, Not Active
2026-08-25T21:07:21+08:00,2026/08/25 21:07:21.101, 1920 MHz, 2100 MHz, 9501 MHz, 1920 MHz, 341.45 W, 350.00 W, 350.00 W, 72, 86 %, 21874 MiB, P2, 0x0000000000000004, Not Active, Not Active, Not Active, Active, Not Active
2026-08-25T21:07:26+08:00,2026/08/25 21:07:26.130, 1920 MHz, 2100 MHz, 9501 MHz, 1920 MHz, 344.03 W, 350.00 W, 350.00 W, 73, 86 %, 21874 MiB, P2, 0x0000000000000004, Not Active, Not Active, Not Active, Active, Not Active
2026-08-25T21:07:31+08:00,2026/08/25 21:07:31.156, 1905 MHz, 2100 MHz, 9501 MHz, 1905 MHz, 339.36 W, 350.00 W, 350.00 W, 73, 86 %, 21874 MiB, P2, 0x0000000000000004, Not Active, Not Active, Not Active, Active, Not Active
2026-08-25T21:07:36+08:00,2026/08/25 21:07:36.186, 1935 MHz, 2100 MHz, 9501 MHz, 1935 MHz, 169.22 W, 350.00 W, 350.00 W, 64, 99 %, 21146 MiB, P2, 0x0000000000000000, Not Active, Not Active, Not Active, Not Active, Not Active
2026-08-25T21:07:41+08:00,2026/08/25 21:07:41.222, 1950 MHz, 2100 MHz, 9501 MHz, 1950 MHz, 172.12 W, 350.00 W, 350.00 W, 63, 99 %, 21146 MiB, P2, 0x0000000000000000, Not Active, Not Active, Not Active, Not Active, Not Active
2026-08-25T21:07:46+08:00,2026/08/25 21:07:46.257, 1950 MHz, 2100 MHz, 9501 MHz, 1950 MHz, 221.49 W, 350.00 W, 350.00 W, 68, 84 %, 21884 MiB, P2, 0x0000000000000004, Not Active, Not Active, Not Active, Active, Not Active
2026-08-25T21:07:51+08:00,2026/08/25 21:07:51.307, 1920 MHz, 2100 MHz, 9501 MHz, 1920 MHz, 338.61 W, 350.00 W, 350.00 W, 70, 85 %, 21890 MiB, P2, 0x0000000000000004, Not Active, Not Active, Not Active, Active, Not Active
2026-08-25T21:07:56+08:00,2026/08/25 21:07:56.333, 1920 MHz, 2100 MHz, 9501 MHz, 1920 MHz, 339.18 W, 350.00 W, 350.00 W, 71, 86 %, 21892 MiB, P2, 0x0000000000000004, Not Active, Not Active, Not Active, Active, Not Active
2026-08-25T21:08:01+08:00,2026/08/25 21:08:01.362, 1920 MHz, 2100 MHz, 9501 MHz, 1920 MHz, 299.42 W, 350.00 W, 350.00 W, 71, 86 %, 21892 MiB, P2, 0x0000000000000004, Not Active, Not Active, Not Active, Active, Not Active
2026-08-25T21:08:06+08:00,2026/08/25 21:08:06.391, 1920 MHz, 2100 MHz, 9501 MHz, 1920 MHz, 312.86 W, 350.00 W, 350.00 W, 72, 87 %, 21892 MiB, P2, 0x0000000000000004, Not Active, Not Active, Not Active, Active, Not Active
2026-08-25T21:08:11+08:00,2026/08/25 21:08:11.418, 1920 MHz, 2100 MHz, 9501 MHz, 1920 MHz, 338.52 W, 350.00 W, 350.00 W, 73, 85 %, 21892 MiB, P2, 0x0000000000000004, Not Active, Not Active, Not Active, Active, Not Active
2026-08-25T21:08:16+08:00,2026/08/25 21:08:16.443, 1905 MHz, 2100 MHz, 9501 MHz, 1905 MHz, 335.79 W, 350.00 W, 350.00 W, 74, 84 %, 21892 MiB, P2, 0x0000000000000004, Not Active, Not Active, Not Active, Active, Not Active
2026-08-25T21:08:21+08:00,2026/08/25 21:08:21.471, 1935 MHz, 2100 MHz, 9501 MHz, 1935 MHz, 164.01 W, 350.00 W, 350.00 W, 64, 100 %, 21146 MiB, P2, 0x0000000000000000, Not Active, Not Active, Not Active, Not Active, Not Active
2026-08-25T21:08:26+08:00,2026/08/25 21:08:26.500, 1950 MHz, 2100 MHz, 9501 MHz, 1950 MHz, 172.39 W, 350.00 W, 350.00 W, 63, 100 %, 21146 MiB, P2, 0x0000000000000000, Not Active, Not Active, Not Active, Not Active, Not Active
2026-08-25T21:08:31+08:00,2026/08/25 21:08:31.535, 1935 MHz, 2100 MHz, 9501 MHz, 1935 MHz, 301.30 W, 350.00 W, 350.00 W, 66, 78 %, 21822 MiB, P2, 0x0000000000000004, Not Active, Not Active, Not Active, Active, Not Active
2026-08-25T21:08:36+08:00,2026/08/25 21:08:36.562, 1920 MHz, 2100 MHz, 9501 MHz, 1920 MHz, 339.08 W, 350.00 W, 350.00 W, 72, 85 %, 21822 MiB, P2, 0x0000000000000004, Not Active, Not Active, Not Active, Active, Not Active
2026-08-25T21:08:41+08:00,2026/08/25 21:08:41.589, 1920 MHz, 2100 MHz, 9501 MHz, 1920 MHz, 340.78 W, 350.00 W, 350.00 W, 72, 85 %, 21826 MiB, P2, 0x0000000000000004, Not Active, Not Active, Not Active, Active, Not Active
2026-08-25T21:08:46+08:00,2026/08/25 21:08:46.616, 1935 MHz, 2100 MHz, 9501 MHz, 1935 MHz, 318.61 W, 350.00 W, 350.00 W, 73, 85 %, 21832 MiB, P2, 0x0000000000000004, Not Active, Not Active, Not Active, Active, Not Active
2026-08-25T21:08:51+08:00,2026/08/25 21:08:51.644, 1905 MHz, 2100 MHz, 9501 MHz, 1905 MHz, 303.77 W, 350.00 W, 350.00 W, 71, 86 %, 21832 MiB, P2, 0x0000000000000004, Not Active, Not Active, Not Active, Active, Not Active
2026-08-25T21:08:56+08:00,2026/08/25 21:08:56.671, 1905 MHz, 2100 MHz, 9501 MHz, 1905 MHz, 339.76 W, 350.00 W, 350.00 W, 74, 87 %, 21832 MiB, P2, 0x0000000000000004, Not Active, Not Active, Not Active, Active, Not Active
2026-08-25T21:09:01+08:00,2026/08/25 21:09:01.698, 1935 MHz, 2100 MHz, 9501 MHz, 1935 MHz, 171.62 W, 350.00 W, 350.00 W, 66, 100 %, 21146 MiB, P2, 0x0000000000000000, Not Active, Not Active, Not Active, Not Active, Not Active
2026-08-25T21:09:06+08:00,2026/08/25 21:09:06.733, 1935 MHz, 2100 MHz, 9501 MHz, 1935 MHz, 168.18 W, 350.00 W, 350.00 W, 64, 99 %, 21146 MiB, P2, 0x0000000000000000, Not Active, Not Active, Not Active, Not Active, Not Active
2026-08-25T21:09:11+08:00,2026/08/25 21:09:11.769, 1950 MHz, 2100 MHz, 9501 MHz, 1950 MHz, 172.03 W, 350.00 W, 350.00 W, 63, 100 %, 21146 MiB, P2, 0x0000000000000000, Not Active, Not Active, Not Active, Not Active, Not Active
2026-08-25T21:09:16+08:00,2026/08/25 21:09:16.797, 1935 MHz, 2100 MHz, 9501 MHz, 1935 MHz, 258.96 W, 350.00 W, 350.00 W, 66, 93 %, 21734 MiB, P2, 0x0000000000000004, Not Active, Not Active, Not Active, Active, Not Active
2026-08-25T21:09:21+08:00,2026/08/25 21:09:21.823, 1890 MHz, 2100 MHz, 9501 MHz, 1890 MHz, 237.17 W, 350.00 W, 350.00 W, 66, 89 %, 21734 MiB, P2, 0x0000000000000004, Not Active, Not Active, Not Active, Active, Not Active
2026-08-25T21:09:26+08:00,2026/08/25 21:09:26.856, 1920 MHz, 2100 MHz, 9501 MHz, 1920 MHz, 294.71 W, 350.00 W, 350.00 W, 68, 92 %, 21734 MiB, P2, 0x0000000000000004, Not Active, Not Active, Not Active, Active, Not Active
2026-08-25T21:09:31+08:00,2026/08/25 21:09:31.885, 1920 MHz, 2100 MHz, 9501 MHz, 1920 MHz, 286.45 W, 350.00 W, 350.00 W, 67, 92 %, 21734 MiB, P2, 0x0000000000000004, Not Active, Not Active, Not Active, Active, Not Active
2026-08-25T21:09:36+08:00,2026/08/25 21:09:36.915, 1935 MHz, 2100 MHz, 9501 MHz, 1935 MHz, 261.61 W, 350.00 W, 350.00 W, 67, 82 %, 21740 MiB, P2, 0x0000000000000004, Not Active, Not Active, Not Active, Active, Not Active
2026-08-25T21:09:41+08:00,2026/08/25 21:09:41.942, 1935 MHz, 2100 MHz, 9501 MHz, 1935 MHz, 292.15 W, 350.00 W, 350.00 W, 69, 87 %, 21740 MiB, P2, 0x0000000000000004, Not Active, Not Active, Not Active, Active, Not Active
2026-08-25T21:09:46+08:00,2026/08/25 21:09:46.969, 1935 MHz, 2100 MHz, 9501 MHz, 1935 MHz, 269.26 W, 350.00 W, 350.00 W, 68, 82 %, 21740 MiB, P2, 0x0000000000000004, Not Active, Not Active, Not Active, Active, Not Active
2026-08-25T21:09:51+08:00,2026/08/25 21:09:51.997, 1935 MHz, 2100 MHz, 9501 MHz, 1935 MHz, 255.76 W, 350.00 W, 350.00 W, 66, 71 %, 21740 MiB, P2, 0x0000000000000004, Not Active, Not Active, Not Active, Active, Not Active
2026-08-25T21:09:57+08:00,2026/08/25 21:09:57.024, 1935 MHz, 2100 MHz, 9501 MHz, 1935 MHz, 292.03 W, 350.00 W, 350.00 W, 70, 85 %, 21740 MiB, P2, 0x0000000000000004, Not Active, Not Active, Not Active, Active, Not Active
2026-08-25T21:10:02+08:00,2026/08/25 21:10:02.052, 1950 MHz, 2100 MHz, 9501 MHz, 1950 MHz, 164.91 W, 350.00 W, 350.00 W, 64, 100 %, 21146 MiB, P2, 0x0000000000000024, Active, Not Active, Not Active, Active, Not Active
2026-08-25T21:10:07+08:00,2026/08/25 21:10:07.086, 1950 MHz, 2100 MHz, 9501 MHz, 1950 MHz, 171.05 W, 350.00 W, 350.00 W, 62, 100 %, 21146 MiB, P2, 0x0000000000000000, Not Active, Not Active, Not Active, Not Active, Not Active
2026-08-25T21:10:12+08:00,2026/08/25 21:10:12.122, 1950 MHz, 2100 MHz, 9501 MHz, 1950 MHz, 169.99 W, 350.00 W, 350.00 W, 61, 100 %, 21146 MiB, P2, 0x0000000000000000, Not Active, Not Active, Not Active, Not Active, Not Active
2026-08-25T21:10:17+08:00,2026/08/25 21:10:17.158, 1950 MHz, 2100 MHz, 9501 MHz, 1950 MHz, 238.60 W, 350.00 W, 350.00 W, 64, 90 %, 22570 MiB, P2, 0x0000000000000004, Not Active, Not Active, Not Active, Active, Not Active
2026-08-25T21:10:22+08:00,2026/08/25 21:10:22.196, 1950 MHz, 2100 MHz, 9501 MHz, 1950 MHz, 238.91 W, 350.00 W, 350.00 W, 64, 91 %, 22574 MiB, P2, 0x0000000000000000, Not Active, Not Active, Not Active, Not Active, Not Active
2026-08-25T21:10:27+08:00,2026/08/25 21:10:27.223, 1950 MHz, 2100 MHz, 9501 MHz, 1950 MHz, 237.29 W, 350.00 W, 350.00 W, 64, 90 %, 22578 MiB, P2, 0x0000000000000004, Not Active, Not Active, Not Active, Active, Not Active
2026-08-25T21:10:32+08:00,2026/08/25 21:10:32.254, 1950 MHz, 2100 MHz, 9501 MHz, 1950 MHz, 242.84 W, 350.00 W, 350.00 W, 65, 90 %, 22578 MiB, P2, 0x0000000000000000, Not Active, Not Active, Not Active, Not Active, Not Active
2026-08-25T21:10:37+08:00,2026/08/25 21:10:37.284, 1950 MHz, 2100 MHz, 9501 MHz, 1950 MHz, 240.91 W, 350.00 W, 350.00 W, 64, 88 %, 22578 MiB, P2, 0x0000000000000004, Not Active, Not Active, Not Active, Active, Not Active
2026-08-25T21:10:42+08:00,2026/08/25 21:10:42.312, 1950 MHz, 2100 MHz, 9501 MHz, 1950 MHz, 240.12 W, 350.00 W, 350.00 W, 64, 88 %, 22578 MiB, P2, 0x0000000000000000, Not Active, Not Active, Not Active, Not Active, Not Active
2026-08-25T21:10:47+08:00,2026/08/25 21:10:47.343, 1890 MHz, 2100 MHz, 9501 MHz, 1890 MHz, 242.90 W, 350.00 W, 350.00 W, 64, 89 %, 22578 MiB, P2, 0x0000000000000004, Not Active, Not Active, Not Active, Active, Not Active
2026-08-25T21:10:52+08:00,2026/08/25 21:10:52.378, 1950 MHz, 2100 MHz, 9501 MHz, 1950 MHz, 239.65 W, 350.00 W, 350.00 W, 64, 88 %, 22578 MiB, P2, 0x0000000000000000, Not Active, Not Active, Not Active, Not Active, Not Active
2026-08-25T21:10:57+08:00,2026/08/25 21:10:57.407, 1950 MHz, 2100 MHz, 9501 MHz, 1950 MHz, 221.76 W, 350.00 W, 350.00 W, 64, 89 %, 22578 MiB, P2, 0x0000000000000000, Not Active, Not Active, Not Active, Not Active, Not Active
2026-08-25T21:11:02+08:00,2026/08/25 21:11:02.435, 1950 MHz, 2100 MHz, 9501 MHz, 1950 MHz, 233.58 W, 350.00 W, 350.00 W, 64, 89 %, 22578 MiB, P2, 0x0000000000000000, Not Active, Not Active, Not Active, Not Active, Not Active
2026-08-25T21:11:07+08:00,2026/08/25 21:11:07.462, 1950 MHz, 2100 MHz, 9501 MHz, 1950 MHz, 240.86 W, 350.00 W, 350.00 W, 64, 91 %, 22584 MiB, P2, 0x0000000000000004, Not Active, Not Active, Not Active, Active, Not Active
2026-08-25T21:11:12+08:00,2026/08/25 21:11:12.491, 1950 MHz, 2100 MHz, 9501 MHz, 1950 MHz, 232.74 W, 350.00 W, 350.00 W, 64, 89 %, 22584 MiB, P2, 0x0000000000000004, Not Active, Not Active, Not Active, Active, Not Active
2026-08-25T21:11:17+08:00,2026/08/25 21:11:17.520, 1950 MHz, 2100 MHz, 9501 MHz, 1950 MHz, 235.88 W, 350.00 W, 350.00 W, 64, 88 %, 22584 MiB, P2, 0x0000000000000000, Not Active, Not Active, Not Active, Not Active, Not Active
2026-08-25T21:11:22+08:00,2026/08/25 21:11:22.550, 1950 MHz, 2100 MHz, 9501 MHz, 1950 MHz, 232.48 W, 350.00 W, 350.00 W, 64, 90 %, 22584 MiB, P2, 0x0000000000000000, Not Active, Not Active, Not Active, Not Active, Not Active
2026-08-25T21:11:27+08:00,2026/08/25 21:11:27.579, 1950 MHz, 2100 MHz, 9501 MHz, 1950 MHz, 240.80 W, 350.00 W, 350.00 W, 64, 88 %, 22584 MiB, P2, 0x0000000000000004, Not Active, Not Active, Not Active, Active, Not Active
2026-08-25T21:11:32+08:00,2026/08/25 21:11:32.607, 1950 MHz, 2100 MHz, 9501 MHz, 1950 MHz, 239.17 W, 350.00 W, 350.00 W, 65, 88 %, 22584 MiB, P2, 0x0000000000000004, Not Active, Not Active, Not Active, Active, Not Active
2026-08-25T21:11:37+08:00,2026/08/25 21:11:37.634, 1950 MHz, 2100 MHz, 9501 MHz, 1950 MHz, 237.32 W, 350.00 W, 350.00 W, 64, 89 %, 22584 MiB, P2, 0x0000000000000004, Not Active, Not Active, Not Active, Active, Not Active
2026-08-25T21:11:42+08:00,2026/08/25 21:11:42.659, 1950 MHz, 2100 MHz, 9501 MHz, 1950 MHz, 231.42 W, 350.00 W, 350.00 W, 64, 90 %, 22584 MiB, P2, 0x0000000000000004, Not Active, Not Active, Not Active, Active, Not Active
2026-08-25T21:11:47+08:00,2026/08/25 21:11:47.685, 1950 MHz, 2100 MHz, 9501 MHz, 1950 MHz, 232.84 W, 350.00 W, 350.00 W, 65, 90 %, 22584 MiB, P2, 0x0000000000000004, Not Active, Not Active, Not Active, Active, Not Active
2026-08-25T21:11:52+08:00,2026/08/25 21:11:52.711, 1950 MHz, 2100 MHz, 9501 MHz, 1950 MHz, 235.99 W, 350.00 W, 350.00 W, 64, 90 %, 22584 MiB, P2, 0x0000000000000004, Not Active, Not Active, Not Active, Active, Not Active
2026-08-25T21:11:57+08:00,2026/08/25 21:11:57.738, 1950 MHz, 2100 MHz, 9501 MHz, 1950 MHz, 241.28 W, 350.00 W, 350.00 W, 64, 91 %, 22584 MiB, P2, 0x0000000000000004, Not Active, Not Active, Not Active, Active, Not Active
2026-08-25T21:12:02+08:00,2026/08/25 21:12:02.767, 1950 MHz, 2100 MHz, 9501 MHz, 1950 MHz, 167.53 W, 350.00 W, 350.00 W, 61, 100 %, 21146 MiB, P2, 0x0000000000000000, Not Active, Not Active, Not Active, Not Active, Not Active
2026-08-25T21:12:07+08:00,2026/08/25 21:12:07.805, 1950 MHz, 2100 MHz, 9501 MHz, 1950 MHz, 166.61 W, 350.00 W, 350.00 W, 60, 100 %, 21146 MiB, P2, 0x0000000000000000, Not Active, Not Active, Not Active, Not Active, Not Active
2026-08-25T21:12:12+08:00,2026/08/25 21:12:12.841, 1950 MHz, 2100 MHz, 9501 MHz, 1950 MHz, 165.85 W, 350.00 W, 350.00 W, 59, 100 %, 21146 MiB, P2, 0x0000000000000000, Not Active, Not Active, Not Active, Not Active, Not Active
2026-08-25T21:12:17+08:00,2026/08/25 21:12:17.874, 1845 MHz, 2100 MHz, 9501 MHz, 1845 MHz, 237.79 W, 350.00 W, 350.00 W, 62, 91 %, 22602 MiB, P2, 0x0000000000000004, Not Active, Not Active, Not Active, Active, Not Active
2026-08-25T21:12:22+08:00,2026/08/25 21:12:22.902, 1860 MHz, 2100 MHz, 9501 MHz, 1860 MHz, 235.19 W, 350.00 W, 350.00 W, 63, 95 %, 22602 MiB, P2, 0x0000000000000004, Not Active, Not Active, Not Active, Active, Not Active
2026-08-25T21:12:27+08:00,2026/08/25 21:12:27.930, 1950 MHz, 2100 MHz, 9501 MHz, 1950 MHz, 245.95 W, 350.00 W, 350.00 W, 63, 94 %, 22604 MiB, P2, 0x0000000000000004, Not Active, Not Active, Not Active, Active, Not Active
2026-08-25T21:12:32+08:00,2026/08/25 21:12:32.958, 1830 MHz, 2100 MHz, 9501 MHz, 1830 MHz, 238.95 W, 350.00 W, 350.00 W, 64, 91 %, 22614 MiB, P2, 0x0000000000000004, Not Active, Not Active, Not Active, Active, Not Active
2026-08-25T21:12:37+08:00,2026/08/25 21:12:37.986, 1860 MHz, 2100 MHz, 9501 MHz, 1860 MHz, 240.96 W, 350.00 W, 350.00 W, 63, 90 %, 22614 MiB, P2, 0x0000000000000004, Not Active, Not Active, Not Active, Active, Not Active
2026-08-25T21:12:43+08:00,2026/08/25 21:12:43.018, 1920 MHz, 2100 MHz, 9501 MHz, 1920 MHz, 244.54 W, 350.00 W, 350.00 W, 64, 92 %, 22614 MiB, P2, 0x0000000000000004, Not Active, Not Active, Not Active, Active, Not Active
2026-08-25T21:12:48+08:00,2026/08/25 21:12:48.046, 1950 MHz, 2100 MHz, 9501 MHz, 1950 MHz, 244.54 W, 350.00 W, 350.00 W, 64, 91 %, 22614 MiB, P2, 0x000000000000004C, Not Active, Active, Not Active, Active, Not Active
2026-08-25T21:12:53+08:00,2026/08/25 21:12:53.074, 1950 MHz, 2100 MHz, 9501 MHz, 1950 MHz, 238.10 W, 350.00 W, 350.00 W, 63, 70 %, 22614 MiB, P2, 0x0000000000000004, Not Active, Not Active, Not Active, Active, Not Active
2026-08-25T21:12:58+08:00,2026/08/25 21:12:58.101, 1950 MHz, 2100 MHz, 9501 MHz, 1950 MHz, 246.38 W, 350.00 W, 350.00 W, 65, 94 %, 22614 MiB, P2, 0x0000000000000004, Not Active, Not Active, Not Active, Active, Not Active
2026-08-25T21:13:03+08:00,2026/08/25 21:13:03.129, 1860 MHz, 2100 MHz, 9501 MHz, 1860 MHz, 239.15 W, 350.00 W, 350.00 W, 64, 96 %, 22614 MiB, P2, 0x0000000000000004, Not Active, Not Active, Not Active, Active, Not Active
2026-08-25T21:13:08+08:00,2026/08/25 21:13:08.156, 1950 MHz, 2100 MHz, 9501 MHz, 1950 MHz, 247.70 W, 350.00 W, 350.00 W, 65, 89 %, 22614 MiB, P2, 0x0000000000000004, Not Active, Not Active, Not Active, Active, Not Active
2026-08-25T21:13:13+08:00,2026/08/25 21:13:13.183, 1950 MHz, 2100 MHz, 9501 MHz, 1950 MHz, 240.95 W, 350.00 W, 350.00 W, 64, 93 %, 22614 MiB, P2, 0x0000000000000004, Not Active, Not Active, Not Active, Active, Not Active
2026-08-25T21:13:18+08:00,2026/08/25 21:13:18.213, 1950 MHz, 2100 MHz, 9501 MHz, 1950 MHz, 242.21 W, 350.00 W, 350.00 W, 65, 93 %, 22614 MiB, P2, 0x0000000000000004, Not Active, Not Active, Not Active, Active, Not Active
2026-08-25T21:13:23+08:00,2026/08/25 21:13:23.240, 1875 MHz, 2100 MHz, 9501 MHz, 1875 MHz, 239.45 W, 350.00 W, 350.00 W, 64, 90 %, 22614 MiB, P2, 0x0000000000000004, Not Active, Not Active, Not Active, Active, Not Active
2026-08-25T21:13:28+08:00,2026/08/25 21:13:28.268, 1950 MHz, 2100 MHz, 9501 MHz, 1950 MHz, 240.18 W, 350.00 W, 350.00 W, 64, 89 %, 22614 MiB, P2, 0x0000000000000004, Not Active, Not Active, Not Active, Active, Not Active
2026-08-25T21:13:33+08:00,2026/08/25 21:13:33.296, 1950 MHz, 2100 MHz, 9501 MHz, 1950 MHz, 241.04 W, 350.00 W, 350.00 W, 65, 90 %, 22614 MiB, P2, 0x0000000000000004, Not Active, Not Active, Not Active, Active, Not Active
2026-08-25T21:13:38+08:00,2026/08/25 21:13:38.323, 1950 MHz, 2100 MHz, 9501 MHz, 1950 MHz, 240.79 W, 350.00 W, 350.00 W, 66, 90 %, 22614 MiB, P2, 0x0000000000000004, Not Active, Not Active, Not Active, Active, Not Active
2026-08-25T21:13:43+08:00,2026/08/25 21:13:43.348, 1950 MHz, 2100 MHz, 9501 MHz, 1950 MHz, 238.98 W, 350.00 W, 350.00 W, 64, 89 %, 22614 MiB, P2, 0x0000000000000004, Not Active, Not Active, Not Active, Active, Not Active
2026-08-25T21:13:48+08:00,2026/08/25 21:13:48.374, 1830 MHz, 2100 MHz, 9501 MHz, 1830 MHz, 240.35 W, 350.00 W, 350.00 W, 65, 91 %, 22614 MiB, P2, 0x0000000000000004, Not Active, Not Active, Not Active, Active, Not Active
2026-08-25T21:13:53+08:00,2026/08/25 21:13:53.401, 1845 MHz, 2100 MHz, 9501 MHz, 1845 MHz, 242.94 W, 350.00 W, 350.00 W, 65, 91 %, 22620 MiB, P2, 0x0000000000000004, Not Active, Not Active, Not Active, Active, Not Active
2026-08-25T21:13:58+08:00,2026/08/25 21:13:58.430, 1950 MHz, 2100 MHz, 9501 MHz, 1950 MHz, 242.57 W, 350.00 W, 350.00 W, 65, 97 %, 22620 MiB, P2, 0x0000000000000004, Not Active, Not Active, Not Active, Active, Not Active
2026-08-25T21:14:03+08:00,2026/08/25 21:14:03.459, 1950 MHz, 2100 MHz, 9501 MHz, 1950 MHz, 248.68 W, 350.00 W, 350.00 W, 67, 94 %, 22620 MiB, P2, 0x0000000000000004, Not Active, Not Active, Not Active, Active, Not Active
2026-08-25T21:14:08+08:00,2026/08/25 21:14:08.494, 1950 MHz, 2100 MHz, 9501 MHz, 1950 MHz, 245.87 W, 350.00 W, 350.00 W, 67, 90 %, 22620 MiB, P2, 0x0000000000000004, Not Active, Not Active, Not Active, Active, Not Active
2026-08-25T21:14:13+08:00,2026/08/25 21:14:13.526, 1920 MHz, 2100 MHz, 9501 MHz, 1920 MHz, 250.63 W, 350.00 W, 350.00 W, 65, 89 %, 22620 MiB, P2, 0x0000000000000004, Not Active, Not Active, Not Active, Active, Not Active
2026-08-25T21:14:18+08:00,2026/08/25 21:14:18.554, 1950 MHz, 2100 MHz, 9501 MHz, 1950 MHz, 240.41 W, 350.00 W, 350.00 W, 66, 96 %, 22620 MiB, P2, 0x0000000000000004, Not Active, Not Active, Not Active, Active, Not Active
2026-08-25T21:14:23+08:00,2026/08/25 21:14:23.588, 1950 MHz, 2100 MHz, 9501 MHz, 1950 MHz, 240.71 W, 350.00 W, 350.00 W, 66, 90 %, 22620 MiB, P2, 0x0000000000000004, Not Active, Not Active, Not Active, Active, Not Active
2026-08-25T21:14:28+08:00,2026/08/25 21:14:28.612, 1830 MHz, 2100 MHz, 9501 MHz, 1830 MHz, 243.66 W, 350.00 W, 350.00 W, 66, 89 %, 22620 MiB, P2, 0x0000000000000004, Not Active, Not Active, Not Active, Active, Not Active
2026-08-25T21:14:33+08:00,2026/08/25 21:14:33.642, 1950 MHz, 2100 MHz, 9501 MHz, 1950 MHz, 245.69 W, 350.00 W, 350.00 W, 66, 96 %, 22620 MiB, P2, 0x0000000000000004, Not Active, Not Active, Not Active, Active, Not Active
2026-08-25T21:14:38+08:00,2026/08/25 21:14:38.671, 1950 MHz, 2100 MHz, 9501 MHz, 1950 MHz, 245.36 W, 350.00 W, 350.00 W, 67, 93 %, 22620 MiB, P2, 0x0000000000000004, Not Active, Not Active, Not Active, Active, Not Active
2026-08-25T21:14:43+08:00,2026/08/25 21:14:43.700, 1845 MHz, 2100 MHz, 9501 MHz, 1845 MHz, 241.52 W, 350.00 W, 350.00 W, 66, 96 %, 22620 MiB, P2, 0x0000000000000004, Not Active, Not Active, Not Active, Active, Not Active
2026-08-25T21:14:48+08:00,2026/08/25 21:14:48.725, 1950 MHz, 2100 MHz, 9501 MHz, 1950 MHz, 239.35 W, 350.00 W, 350.00 W, 66, 89 %, 22620 MiB, P2, 0x0000000000000004, Not Active, Not Active, Not Active, Active, Not Active
2026-08-25T21:14:53+08:00,2026/08/25 21:14:53.750, 1830 MHz, 2100 MHz, 9501 MHz, 1830 MHz, 231.89 W, 350.00 W, 350.00 W, 66, 90 %, 22620 MiB, P2, 0x0000000000000004, Not Active, Not Active, Not Active, Active, Not Active
2026-08-25T21:14:58+08:00,2026/08/25 21:14:58.778, 1845 MHz, 2100 MHz, 9501 MHz, 1845 MHz, 244.04 W, 350.00 W, 350.00 W, 66, 96 %, 22620 MiB, P2, 0x0000000000000004, Not Active, Not Active, Not Active, Active, Not Active
2026-08-25T21:15:03+08:00,2026/08/25 21:15:03.804, 1950 MHz, 2100 MHz, 9501 MHz, 1950 MHz, 245.32 W, 350.00 W, 350.00 W, 67, 94 %, 22620 MiB, P2, 0x0000000000000004, Not Active, Not Active, Not Active, Active, Not Active
2026-08-25T21:15:08+08:00,2026/08/25 21:15:08.831, 1875 MHz, 2100 MHz, 9501 MHz, 1875 MHz, 241.46 W, 350.00 W, 350.00 W, 66, 90 %, 22620 MiB, P2, 0x0000000000000004, Not Active, Not Active, Not Active, Active, Not Active
2026-08-25T21:15:13+08:00,2026/08/25 21:15:13.857, 1950 MHz, 2100 MHz, 9501 MHz, 1950 MHz, 228.87 W, 350.00 W, 350.00 W, 65, 78 %, 22620 MiB, P2, 0x0000000000000000, Not Active, Not Active, Not Active, Not Active, Not Active
2026-08-25T21:15:18+08:00,2026/08/25 21:15:18.882, 1950 MHz, 2100 MHz, 9501 MHz, 1950 MHz, 246.00 W, 350.00 W, 350.00 W, 66, 90 %, 22620 MiB, P2, 0x0000000000000004, Not Active, Not Active, Not Active, Active, Not Active
2026-08-25T21:15:23+08:00,2026/08/25 21:15:23.906, 1830 MHz, 2100 MHz, 9501 MHz, 1830 MHz, 240.35 W, 350.00 W, 350.00 W, 67, 91 %, 22620 MiB, P2, 0x0000000000000004, Not Active, Not Active, Not Active, Active, Not Active
2026-08-25T21:15:28+08:00,2026/08/25 21:15:28.934, 1875 MHz, 2100 MHz, 9501 MHz, 1875 MHz, 243.38 W, 350.00 W, 350.00 W, 66, 92 %, 22620 MiB, P2, 0x0000000000000004, Not Active, Not Active, Not Active, Active, Not Active
2026-08-25T21:15:33+08:00,2026/08/25 21:15:33.966, 1950 MHz, 2100 MHz, 9501 MHz, 1950 MHz, 169.10 W, 350.00 W, 350.00 W, 62, 100 %, 21146 MiB, P2, 0x0000000000000000, Not Active, Not Active, Not Active, Not Active, Not Active
2026-08-25T21:15:38+08:00,2026/08/25 21:15:39.000, 1950 MHz, 2100 MHz, 9501 MHz, 1950 MHz, 168.25 W, 350.00 W, 350.00 W, 62, 100 %, 21146 MiB, P2, 0x0000000000000000, Not Active, Not Active, Not Active, Not Active, Not Active
2026-08-25T21:15:44+08:00,2026/08/25 21:15:44.037, 1950 MHz, 2100 MHz, 9501 MHz, 1950 MHz, 167.44 W, 350.00 W, 350.00 W, 61, 99 %, 21146 MiB, P2, 0x0000000000000000, Not Active, Not Active, Not Active, Not Active, Not Active
2026-08-25T21:15:49+08:00,2026/08/25 21:15:49.073, 1920 MHz, 2100 MHz, 9501 MHz, 1920 MHz, 240.31 W, 350.00 W, 350.00 W, 64, 89 %, 22576 MiB, P2, 0x0000000000000004, Not Active, Not Active, Not Active, Active, Not Active
2026-08-25T21:15:54+08:00,2026/08/25 21:15:54.106, 1950 MHz, 2100 MHz, 9501 MHz, 1950 MHz, 245.14 W, 350.00 W, 350.00 W, 64, 93 %, 22576 MiB, P2, 0x0000000000000004, Not Active, Not Active, Not Active, Active, Not Active
2026-08-25T21:15:59+08:00,2026/08/25 21:15:59.132, 1950 MHz, 2100 MHz, 9501 MHz, 1950 MHz, 238.98 W, 350.00 W, 350.00 W, 65, 90 %, 22582 MiB, P2, 0x0000000000000004, Not Active, Not Active, Not Active, Active, Not Active
2026-08-25T21:16:04+08:00,2026/08/25 21:16:04.157, 1950 MHz, 2100 MHz, 9501 MHz, 1950 MHz, 244.52 W, 350.00 W, 350.00 W, 65, 91 %, 22582 MiB, P2, 0x0000000000000004, Not Active, Not Active, Not Active, Active, Not Active
2026-08-25T21:16:09+08:00,2026/08/25 21:16:09.187, 1950 MHz, 2100 MHz, 9501 MHz, 1950 MHz, 241.77 W, 350.00 W, 350.00 W, 64, 95 %, 22582 MiB, P2, 0x0000000000000004, Not Active, Not Active, Not Active, Active, Not Active
2026-08-25T21:16:14+08:00,2026/08/25 21:16:14.222, 1950 MHz, 2100 MHz, 9501 MHz, 1950 MHz, 231.64 W, 350.00 W, 350.00 W, 66, 88 %, 22582 MiB, P2, 0x0000000000000004, Not Active, Not Active, Not Active, Active, Not Active
2026-08-25T21:16:19+08:00,2026/08/25 21:16:19.249, 1950 MHz, 2100 MHz, 9501 MHz, 1950 MHz, 241.03 W, 350.00 W, 350.00 W, 66, 87 %, 22582 MiB, P2, 0x0000000000000004, Not Active, Not Active, Not Active, Active, Not Active
2026-08-25T21:16:24+08:00,2026/08/25 21:16:24.285, 1950 MHz, 2100 MHz, 9501 MHz, 1950 MHz, 236.91 W, 350.00 W, 350.00 W, 66, 92 %, 22582 MiB, P2, 0x0000000000000004, Not Active, Not Active, Not Active, Active, Not Active
2026-08-25T21:16:29+08:00,2026/08/25 21:16:29.318, 1920 MHz, 2100 MHz, 9501 MHz, 1920 MHz, 224.87 W, 350.00 W, 350.00 W, 65, 90 %, 22582 MiB, P2, 0x0000000000000004, Not Active, Not Active, Not Active, Active, Not Active
2026-08-25T21:16:34+08:00,2026/08/25 21:16:34.353, 1950 MHz, 2100 MHz, 9501 MHz, 1950 MHz, 240.66 W, 350.00 W, 350.00 W, 66, 91 %, 22582 MiB, P2, 0x0000000000000004, Not Active, Not Active, Not Active, Active, Not Active
2026-08-25T21:16:39+08:00,2026/08/25 21:16:39.379, 1950 MHz, 2100 MHz, 9501 MHz, 1950 MHz, 239.65 W, 350.00 W, 350.00 W, 66, 94 %, 22582 MiB, P2, 0x0000000000000004, Not Active, Not Active, Not Active, Active, Not Active
2026-08-25T21:16:44+08:00,2026/08/25 21:16:44.408, 1950 MHz, 2100 MHz, 9501 MHz, 1950 MHz, 241.77 W, 350.00 W, 350.00 W, 66, 94 %, 22582 MiB, P2, 0x0000000000000004, Not Active, Not Active, Not Active, Active, Not Active
2026-08-25T21:16:49+08:00,2026/08/25 21:16:49.435, 1950 MHz, 2100 MHz, 9501 MHz, 1950 MHz, 241.68 W, 350.00 W, 350.00 W, 66, 93 %, 22582 MiB, P2, 0x0000000000000004, Not Active, Not Active, Not Active, Active, Not Active
2026-08-25T21:16:54+08:00,2026/08/25 21:16:54.461, 1950 MHz, 2100 MHz, 9501 MHz, 1950 MHz, 239.69 W, 350.00 W, 350.00 W, 67, 90 %, 22584 MiB, P2, 0x0000000000000004, Not Active, Not Active, Not Active, Active, Not Active
2026-08-25T21:16:59+08:00,2026/08/25 21:16:59.490, 1950 MHz, 2100 MHz, 9501 MHz, 1950 MHz, 244.65 W, 350.00 W, 350.00 W, 66, 95 %, 22584 MiB, P2, 0x0000000000000004, Not Active, Not Active, Not Active, Active, Not Active
2026-08-25T21:17:04+08:00,2026/08/25 21:17:04.518, 1950 MHz, 2100 MHz, 9501 MHz, 1950 MHz, 253.93 W, 350.00 W, 350.00 W, 67, 89 %, 22584 MiB, P2, 0x0000000000000000, Not Active, Not Active, Not Active, Not Active, Not Active
2026-08-25T21:17:09+08:00,2026/08/25 21:17:09.545, 1950 MHz, 2100 MHz, 9501 MHz, 1950 MHz, 247.81 W, 350.00 W, 350.00 W, 67, 90 %, 22584 MiB, P2, 0x0000000000000004, Not Active, Not Active, Not Active, Active, Not Active
2026-08-25T21:17:14+08:00,2026/08/25 21:17:14.570, 1935 MHz, 2100 MHz, 9501 MHz, 1935 MHz, 247.11 W, 350.00 W, 350.00 W, 66, 90 %, 22584 MiB, P2, 0x0000000000000004, Not Active, Not Active, Not Active, Active, Not Active
2026-08-25T21:17:19+08:00,2026/08/25 21:17:19.597, 1950 MHz, 2100 MHz, 9501 MHz, 1950 MHz, 244.28 W, 350.00 W, 350.00 W, 67, 92 %, 22584 MiB, P2, 0x0000000000000004, Not Active, Not Active, Not Active, Active, Not Active
2026-08-25T21:17:24+08:00,2026/08/25 21:17:24.625, 1950 MHz, 2100 MHz, 9501 MHz, 1950 MHz, 241.69 W, 350.00 W, 350.00 W, 67, 88 %, 22584 MiB, P2, 0x0000000000000004, Not Active, Not Active, Not Active, Active, Not Active
2026-08-25T21:17:29+08:00,2026/08/25 21:17:29.653, 1950 MHz, 2100 MHz, 9501 MHz, 1950 MHz, 242.96 W, 350.00 W, 350.00 W, 67, 93 %, 22584 MiB, P2, 0x0000000000000004, Not Active, Not Active, Not Active, Active, Not Active
2026-08-25T21:17:34+08:00,2026/08/25 21:17:34.681, 1950 MHz, 2100 MHz, 9501 MHz, 1950 MHz, 240.88 W, 350.00 W, 350.00 W, 68, 89 %, 22584 MiB, P2, 0x0000000000000000, Not Active, Not Active, Not Active, Not Active, Not Active
2026-08-25T21:17:39+08:00,2026/08/25 21:17:39.717, 1950 MHz, 2100 MHz, 9501 MHz, 1950 MHz, 240.45 W, 350.00 W, 350.00 W, 67, 89 %, 22584 MiB, P2, 0x0000000000000000, Not Active, Not Active, Not Active, Not Active, Not Active
2026-08-25T21:17:44+08:00,2026/08/25 21:17:44.741, 1950 MHz, 2100 MHz, 9501 MHz, 1950 MHz, 239.48 W, 350.00 W, 350.00 W, 66, 92 %, 22584 MiB, P2, 0x0000000000000004, Not Active, Not Active, Not Active, Active, Not Active
2026-08-25T21:17:49+08:00,2026/08/25 21:17:49.770, 1950 MHz, 2100 MHz, 9501 MHz, 1950 MHz, 245.71 W, 350.00 W, 350.00 W, 66, 94 %, 22584 MiB, P2, 0x0000000000000004, Not Active, Not Active, Not Active, Active, Not Active
2026-08-25T21:17:54+08:00,2026/08/25 21:17:54.798, 1950 MHz, 2100 MHz, 9501 MHz, 1950 MHz, 239.15 W, 350.00 W, 350.00 W, 67, 91 %, 22584 MiB, P2, 0x0000000000000000, Not Active, Not Active, Not Active, Not Active, Not Active
2026-08-25T21:17:59+08:00,2026/08/25 21:17:59.825, 1950 MHz, 2100 MHz, 9501 MHz, 1950 MHz, 242.76 W, 350.00 W, 350.00 W, 66, 92 %, 22584 MiB, P2, 0x0000000000000004, Not Active, Not Active, Not Active, Active, Not Active
2026-08-25T21:18:04+08:00,2026/08/25 21:18:04.862, 1950 MHz, 2100 MHz, 9501 MHz, 1950 MHz, 247.68 W, 350.00 W, 350.00 W, 67, 92 %, 22586 MiB, P2, 0x0000000000000004, Not Active, Not Active, Not Active, Active, Not Active
2026-08-25T21:18:09+08:00,2026/08/25 21:18:09.893, 1950 MHz, 2100 MHz, 9501 MHz, 1950 MHz, 169.54 W, 350.00 W, 350.00 W, 63, 99 %, 21146 MiB, P2, 0x0000000000000000, Not Active, Not Active, Not Active, Not Active, Not Active
2026-08-25T21:18:14+08:00,2026/08/25 21:18:14.928, 1950 MHz, 2100 MHz, 9501 MHz, 1950 MHz, 168.54 W, 350.00 W, 350.00 W, 62, 100 %, 21146 MiB, P2, 0x0000000000000000, Not Active, Not Active, Not Active, Not Active, Not Active
2026-08-25T21:18:19+08:00,2026/08/25 21:18:19.965, 1950 MHz, 2100 MHz, 9501 MHz, 1950 MHz, 167.65 W, 350.00 W, 350.00 W, 61, 100 %, 21146 MiB, P2, 0x0000000000000000, Not Active, Not Active, Not Active, Not Active, Not Active
2026-08-25T21:18:24+08:00,2026/08/25 21:18:25.009, 1950 MHz, 2100 MHz, 9501 MHz, 1950 MHz, 238.46 W, 350.00 W, 350.00 W, 64, 92 %, 22574 MiB, P2, 0x0000000000000004, Not Active, Not Active, Not Active, Active, Not Active
2026-08-25T21:18:30+08:00,2026/08/25 21:18:30.041, 1950 MHz, 2100 MHz, 9501 MHz, 1950 MHz, 236.51 W, 350.00 W, 350.00 W, 64, 89 %, 22578 MiB, P2, 0x0000000000000004, Not Active, Not Active, Not Active, Active, Not Active
2026-08-25T21:18:35+08:00,2026/08/25 21:18:35.069, 1950 MHz, 2100 MHz, 9501 MHz, 1950 MHz, 237.44 W, 350.00 W, 350.00 W, 64, 91 %, 22578 MiB, P2, 0x0000000000000004, Not Active, Not Active, Not Active, Active, Not Active
2026-08-25T21:18:40+08:00,2026/08/25 21:18:40.097, 1950 MHz, 2100 MHz, 9501 MHz, 1950 MHz, 238.68 W, 350.00 W, 350.00 W, 65, 86 %, 22578 MiB, P2, 0x0000000000000000, Not Active, Not Active, Not Active, Not Active, Not Active
2026-08-25T21:18:45+08:00,2026/08/25 21:18:45.124, 1950 MHz, 2100 MHz, 9501 MHz, 1950 MHz, 239.77 W, 350.00 W, 350.00 W, 64, 89 %, 22578 MiB, P2, 0x0000000000000000, Not Active, Not Active, Not Active, Not Active, Not Active
2026-08-25T21:18:50+08:00,2026/08/25 21:18:50.151, 1950 MHz, 2100 MHz, 9501 MHz, 1950 MHz, 234.58 W, 350.00 W, 350.00 W, 65, 89 %, 22578 MiB, P2, 0x0000000000000000, Not Active, Not Active, Not Active, Not Active, Not Active
2026-08-25T21:18:55+08:00,2026/08/25 21:18:55.179, 1950 MHz, 2100 MHz, 9501 MHz, 1950 MHz, 242.22 W, 350.00 W, 350.00 W, 65, 90 %, 22578 MiB, P2, 0x0000000000000004, Not Active, Not Active, Not Active, Active, Not Active
2026-08-25T21:19:00+08:00,2026/08/25 21:19:00.208, 1950 MHz, 2100 MHz, 9501 MHz, 1950 MHz, 238.47 W, 350.00 W, 350.00 W, 65, 88 %, 22578 MiB, P2, 0x0000000000000004, Not Active, Not Active, Not Active, Active, Not Active
2026-08-25T21:19:05+08:00,2026/08/25 21:19:05.236, 1950 MHz, 2100 MHz, 9501 MHz, 1950 MHz, 235.54 W, 350.00 W, 350.00 W, 65, 87 %, 22578 MiB, P2, 0x0000000000000004, Not Active, Not Active, Not Active, Active, Not Active
2026-08-25T21:19:10+08:00,2026/08/25 21:19:10.263, 1950 MHz, 2100 MHz, 9501 MHz, 1950 MHz, 242.31 W, 350.00 W, 350.00 W, 66, 87 %, 22578 MiB, P2, 0x0000000000000004, Not Active, Not Active, Not Active, Active, Not Active
2026-08-25T21:19:15+08:00,2026/08/25 21:19:15.293, 1950 MHz, 2100 MHz, 9501 MHz, 1950 MHz, 233.04 W, 350.00 W, 350.00 W, 65, 88 %, 22584 MiB, P2, 0x0000000000000004, Not Active, Not Active, Not Active, Active, Not Active
2026-08-25T21:19:20+08:00,2026/08/25 21:19:20.318, 1950 MHz, 2100 MHz, 9501 MHz, 1950 MHz, 234.31 W, 350.00 W, 350.00 W, 65, 91 %, 22584 MiB, P2, 0x0000000000000004, Not Active, Not Active, Not Active, Active, Not Active
2026-08-25T21:19:25+08:00,2026/08/25 21:19:25.345, 1950 MHz, 2100 MHz, 9501 MHz, 1950 MHz, 235.10 W, 350.00 W, 350.00 W, 65, 90 %, 22584 MiB, P2, 0x0000000000000004, Not Active, Not Active, Not Active, Active, Not Active
2026-08-25T21:19:30+08:00,2026/08/25 21:19:30.371, 1950 MHz, 2100 MHz, 9501 MHz, 1950 MHz, 234.67 W, 350.00 W, 350.00 W, 65, 87 %, 22584 MiB, P2, 0x0000000000000004, Not Active, Not Active, Not Active, Active, Not Active
2026-08-25T21:19:35+08:00,2026/08/25 21:19:35.400, 1950 MHz, 2100 MHz, 9501 MHz, 1950 MHz, 235.81 W, 350.00 W, 350.00 W, 65, 87 %, 22584 MiB, P2, 0x0000000000000000, Not Active, Not Active, Not Active, Not Active, Not Active
2026-08-25T21:19:40+08:00,2026/08/25 21:19:40.427, 1950 MHz, 2100 MHz, 9501 MHz, 1950 MHz, 236.80 W, 350.00 W, 350.00 W, 66, 89 %, 22584 MiB, P2, 0x0000000000000000, Not Active, Not Active, Not Active, Not Active, Not Active
2026-08-25T21:19:45+08:00,2026/08/25 21:19:45.455, 1950 MHz, 2100 MHz, 9501 MHz, 1950 MHz, 234.07 W, 350.00 W, 350.00 W, 66, 87 %, 22584 MiB, P2, 0x0000000000000000, Not Active, Not Active, Not Active, Not Active, Not Active
2026-08-25T21:19:50+08:00,2026/08/25 21:19:50.485, 1950 MHz, 2100 MHz, 9501 MHz, 1950 MHz, 235.13 W, 350.00 W, 350.00 W, 66, 89 %, 22584 MiB, P2, 0x0000000000000000, Not Active, Not Active, Not Active, Not Active, Not Active
2026-08-25T21:19:55+08:00,2026/08/25 21:19:55.511, 1950 MHz, 2100 MHz, 9501 MHz, 1950 MHz, 239.44 W, 350.00 W, 350.00 W, 66, 88 %, 22584 MiB, P2, 0x0000000000000004, Not Active, Not Active, Not Active, Active, Not Active
2026-08-25T21:20:00+08:00,2026/08/25 21:20:00.537, 1950 MHz, 2100 MHz, 9501 MHz, 1950 MHz, 242.24 W, 350.00 W, 350.00 W, 66, 91 %, 22584 MiB, P2, 0x0000000000000004, Not Active, Not Active, Not Active, Active, Not Active
2026-08-25T21:20:05+08:00,2026/08/25 21:20:05.566, 1950 MHz, 2100 MHz, 9501 MHz, 1950 MHz, 234.07 W, 350.00 W, 350.00 W, 65, 88 %, 22584 MiB, P2, 0x0000000000000004, Not Active, Not Active, Not Active, Active, Not Active
2026-08-25T21:20:10+08:00,2026/08/25 21:20:10.595, 1950 MHz, 2100 MHz, 9501 MHz, 1950 MHz, 168.64 W, 350.00 W, 350.00 W, 62, 100 %, 21146 MiB, P2, 0x0000000000000000, Not Active, Not Active, Not Active, Not Active, Not Active
2026-08-25T21:20:15+08:00,2026/08/25 21:20:15.632, 1950 MHz, 2100 MHz, 9501 MHz, 1950 MHz, 166.89 W, 350.00 W, 350.00 W, 61, 99 %, 21146 MiB, P2, 0x0000000000000000, Not Active, Not Active, Not Active, Not Active, Not Active
2026-08-25T21:20:20+08:00,2026/08/25 21:20:20.669, 1950 MHz, 2100 MHz, 9501 MHz, 1950 MHz, 166.70 W, 350.00 W, 350.00 W, 61, 99 %, 21146 MiB, P2, 0x0000000000000000, Not Active, Not Active, Not Active, Not Active, Not Active
2026-08-25T21:20:25+08:00,2026/08/25 21:20:25.705, 1950 MHz, 2100 MHz, 9501 MHz, 1950 MHz, 226.10 W, 350.00 W, 350.00 W, 63, 87 %, 22570 MiB, P2, 0x0000000000000004, Not Active, Not Active, Not Active, Active, Not Active
2026-08-25T21:20:30+08:00,2026/08/25 21:20:30.734, 1950 MHz, 2100 MHz, 9501 MHz, 1950 MHz, 232.57 W, 350.00 W, 350.00 W, 64, 87 %, 22570 MiB, P2, 0x0000000000000004, Not Active, Not Active, Not Active, Active, Not Active
2026-08-25T21:20:35+08:00,2026/08/25 21:20:35.759, 1950 MHz, 2100 MHz, 9501 MHz, 1950 MHz, 231.45 W, 350.00 W, 350.00 W, 63, 88 %, 22570 MiB, P2, 0x0000000000000004, Not Active, Not Active, Not Active, Active, Not Active
2026-08-25T21:20:40+08:00,2026/08/25 21:20:40.784, 1950 MHz, 2100 MHz, 9501 MHz, 1950 MHz, 217.67 W, 350.00 W, 350.00 W, 63, 88 %, 22570 MiB, P2, 0x0000000000000004, Not Active, Not Active, Not Active, Active, Not Active
2026-08-25T21:20:45+08:00,2026/08/25 21:20:45.812, 1950 MHz, 2100 MHz, 9501 MHz, 1950 MHz, 228.68 W, 350.00 W, 350.00 W, 63, 88 %, 22570 MiB, P2, 0x0000000000000000, Not Active, Not Active, Not Active, Not Active, Not Active
2026-08-25T21:20:50+08:00,2026/08/25 21:20:50.840, 1950 MHz, 2100 MHz, 9501 MHz, 1950 MHz, 219.79 W, 350.00 W, 350.00 W, 64, 86 %, 22572 MiB, P2, 0x0000000000000004, Not Active, Not Active, Not Active, Active, Not Active
2026-08-25T21:20:55+08:00,2026/08/25 21:20:55.867, 1950 MHz, 2100 MHz, 9501 MHz, 1950 MHz, 229.20 W, 350.00 W, 350.00 W, 64, 88 %, 22572 MiB, P2, 0x0000000000000004, Not Active, Not Active, Not Active, Active, Not Active
2026-08-25T21:21:00+08:00,2026/08/25 21:21:00.895, 1950 MHz, 2100 MHz, 9501 MHz, 1950 MHz, 234.43 W, 350.00 W, 350.00 W, 64, 88 %, 22572 MiB, P2, 0x0000000000000000, Not Active, Not Active, Not Active, Not Active, Not Active
2026-08-25T21:21:05+08:00,2026/08/25 21:21:05.922, 1950 MHz, 2100 MHz, 9501 MHz, 1950 MHz, 235.80 W, 350.00 W, 350.00 W, 64, 88 %, 22572 MiB, P2, 0x0000000000000004, Not Active, Not Active, Not Active, Active, Not Active
2026-08-25T21:21:10+08:00,2026/08/25 21:21:10.949, 1950 MHz, 2100 MHz, 9501 MHz, 1950 MHz, 234.27 W, 350.00 W, 350.00 W, 64, 88 %, 22580 MiB, P2, 0x0000000000000004, Not Active, Not Active, Not Active, Active, Not Active
2026-08-25T21:21:15+08:00,2026/08/25 21:21:15.979, 1950 MHz, 2100 MHz, 9501 MHz, 1950 MHz, 234.91 W, 350.00 W, 350.00 W, 64, 87 %, 22580 MiB, P2, 0x0000000000000004, Not Active, Not Active, Not Active, Active, Not Active
2026-08-25T21:21:20+08:00,2026/08/25 21:21:21.006, 1950 MHz, 2100 MHz, 9501 MHz, 1950 MHz, 231.82 W, 350.00 W, 350.00 W, 65, 88 %, 22580 MiB, P2, 0x0000000000000004, Not Active, Not Active, Not Active, Active, Not Active
2026-08-25T21:21:26+08:00,2026/08/25 21:21:26.033, 1950 MHz, 2100 MHz, 9501 MHz, 1950 MHz, 232.77 W, 350.00 W, 350.00 W, 65, 87 %, 22580 MiB, P2, 0x0000000000000004, Not Active, Not Active, Not Active, Active, Not Active
2026-08-25T21:21:31+08:00,2026/08/25 21:21:31.061, 1950 MHz, 2100 MHz, 9501 MHz, 1950 MHz, 228.21 W, 350.00 W, 350.00 W, 64, 88 %, 22580 MiB, P2, 0x0000000000000004, Not Active, Not Active, Not Active, Active, Not Active
2026-08-25T21:21:36+08:00,2026/08/25 21:21:36.087, 1950 MHz, 2100 MHz, 9501 MHz, 1950 MHz, 233.59 W, 350.00 W, 350.00 W, 64, 88 %, 22580 MiB, P2, 0x0000000000000000, Not Active, Not Active, Not Active, Not Active, Not Active
2026-08-25T21:21:41+08:00,2026/08/25 21:21:41.115, 1950 MHz, 2100 MHz, 9501 MHz, 1950 MHz, 216.55 W, 350.00 W, 350.00 W, 64, 87 %, 22580 MiB, P2, 0x0000000000000000, Not Active, Not Active, Not Active, Not Active, Not Active
2026-08-25T21:21:46+08:00,2026/08/25 21:21:46.142, 1950 MHz, 2100 MHz, 9501 MHz, 1950 MHz, 229.78 W, 350.00 W, 350.00 W, 64, 88 %, 22580 MiB, P2, 0x0000000000000004, Not Active, Not Active, Not Active, Active, Not Active
2026-08-25T21:21:51+08:00,2026/08/25 21:21:51.169, 1950 MHz, 2100 MHz, 9501 MHz, 1950 MHz, 225.96 W, 350.00 W, 350.00 W, 65, 91 %, 22580 MiB, P2, 0x0000000000000004, Not Active, Not Active, Not Active, Active, Not Active
2026-08-25T21:21:56+08:00,2026/08/25 21:21:56.196, 1950 MHz, 2100 MHz, 9501 MHz, 1950 MHz, 233.18 W, 350.00 W, 350.00 W, 65, 88 %, 22580 MiB, P2, 0x0000000000000004, Not Active, Not Active, Not Active, Active, Not Active
2026-08-25T21:22:01+08:00,2026/08/25 21:22:01.225, 1950 MHz, 2100 MHz, 9501 MHz, 1950 MHz, 167.43 W, 350.00 W, 350.00 W, 62, 99 %, 21146 MiB, P2, 0x0000000000000000, Not Active, Not Active, Not Active, Not Active, Not Active
2026-08-25T21:22:06+08:00,2026/08/25 21:22:06.259, 1950 MHz, 2100 MHz, 9501 MHz, 1950 MHz, 166.29 W, 350.00 W, 350.00 W, 61, 100 %, 21146 MiB, P2, 0x0000000000000000, Not Active, Not Active, Not Active, Not Active, Not Active
2026-08-25T21:22:11+08:00,2026/08/25 21:22:11.295, 1950 MHz, 2100 MHz, 9501 MHz, 1950 MHz, 165.90 W, 350.00 W, 350.00 W, 60, 100 %, 21146 MiB, P2, 0x0000000000000000, Not Active, Not Active, Not Active, Not Active, Not Active
2026-08-25T21:22:16+08:00,2026/08/25 21:22:16.328, 1950 MHz, 2100 MHz, 9501 MHz, 1950 MHz, 215.22 W, 350.00 W, 350.00 W, 62, 85 %, 22566 MiB, P2, 0x0000000000000000, Not Active, Not Active, Not Active, Not Active, Not Active
2026-08-25T21:22:21+08:00,2026/08/25 21:22:21.362, 1950 MHz, 2100 MHz, 9501 MHz, 1950 MHz, 218.12 W, 350.00 W, 350.00 W, 62, 84 %, 22566 MiB, P2, 0x0000000000000000, Not Active, Not Active, Not Active, Not Active, Not Active
2026-08-25T21:22:26+08:00,2026/08/25 21:22:26.388, 1950 MHz, 2100 MHz, 9501 MHz, 1950 MHz, 217.43 W, 350.00 W, 350.00 W, 63, 88 %, 22566 MiB, P2, 0x0000000000000000, Not Active, Not Active, Not Active, Not Active, Not Active
2026-08-25T21:22:31+08:00,2026/08/25 21:22:31.414, 1950 MHz, 2100 MHz, 9501 MHz, 1950 MHz, 217.13 W, 350.00 W, 350.00 W, 62, 88 %, 22566 MiB, P2, 0x0000000000000000, Not Active, Not Active, Not Active, Not Active, Not Active
2026-08-25T21:22:36+08:00,2026/08/25 21:22:36.442, 1950 MHz, 2100 MHz, 9501 MHz, 1950 MHz, 216.70 W, 350.00 W, 350.00 W, 63, 86 %, 22566 MiB, P2, 0x0000000000000000, Not Active, Not Active, Not Active, Not Active, Not Active
2026-08-25T21:22:41+08:00,2026/08/25 21:22:41.469, 1950 MHz, 2100 MHz, 9501 MHz, 1950 MHz, 215.28 W, 350.00 W, 350.00 W, 63, 87 %, 22566 MiB, P2, 0x0000000000000000, Not Active, Not Active, Not Active, Not Active, Not Active
2026-08-25T21:22:46+08:00,2026/08/25 21:22:46.497, 1950 MHz, 2100 MHz, 9501 MHz, 1950 MHz, 217.21 W, 350.00 W, 350.00 W, 62, 87 %, 22570 MiB, P2, 0x0000000000000000, Not Active, Not Active, Not Active, Not Active, Not Active
2026-08-25T21:22:51+08:00,2026/08/25 21:22:51.524, 1950 MHz, 2100 MHz, 9501 MHz, 1950 MHz, 216.62 W, 350.00 W, 350.00 W, 63, 87 %, 22570 MiB, P2, 0x0000000000000000, Not Active, Not Active, Not Active, Not Active, Not Active
2026-08-25T21:22:56+08:00,2026/08/25 21:22:56.552, 1950 MHz, 2100 MHz, 9501 MHz, 1950 MHz, 217.03 W, 350.00 W, 350.00 W, 63, 86 %, 22570 MiB, P2, 0x0000000000000000, Not Active, Not Active, Not Active, Not Active, Not Active
2026-08-25T21:23:01+08:00,2026/08/25 21:23:01.580, 1950 MHz, 2100 MHz, 9501 MHz, 1950 MHz, 213.13 W, 350.00 W, 350.00 W, 63, 87 %, 22578 MiB, P2, 0x0000000000000000, Not Active, Not Active, Not Active, Not Active, Not Active
2026-08-25T21:23:06+08:00,2026/08/25 21:23:06.607, 1950 MHz, 2100 MHz, 9501 MHz, 1950 MHz, 219.98 W, 350.00 W, 350.00 W, 63, 86 %, 22578 MiB, P2, 0x0000000000000000, Not Active, Not Active, Not Active, Not Active, Not Active
2026-08-25T21:23:11+08:00,2026/08/25 21:23:11.632, 1950 MHz, 2100 MHz, 9501 MHz, 1950 MHz, 217.88 W, 350.00 W, 350.00 W, 63, 88 %, 22578 MiB, P2, 0x0000000000000000, Not Active, Not Active, Not Active, Not Active, Not Active
2026-08-25T21:23:16+08:00,2026/08/25 21:23:16.658, 1950 MHz, 2100 MHz, 9501 MHz, 1950 MHz, 216.42 W, 350.00 W, 350.00 W, 63, 87 %, 22578 MiB, P2, 0x0000000000000000, Not Active, Not Active, Not Active, Not Active, Not Active
2026-08-25T21:23:21+08:00,2026/08/25 21:23:21.685, 1950 MHz, 2100 MHz, 9501 MHz, 1950 MHz, 217.41 W, 350.00 W, 350.00 W, 63, 85 %, 22578 MiB, P2, 0x0000000000000000, Not Active, Not Active, Not Active, Not Active, Not Active
2026-08-25T21:23:26+08:00,2026/08/25 21:23:26.712, 1950 MHz, 2100 MHz, 9501 MHz, 1950 MHz, 214.18 W, 350.00 W, 350.00 W, 63, 87 %, 22578 MiB, P2, 0x0000000000000000, Not Active, Not Active, Not Active, Not Active, Not Active
2026-08-25T21:23:31+08:00,2026/08/25 21:23:31.740, 1950 MHz, 2100 MHz, 9501 MHz, 1950 MHz, 218.83 W, 350.00 W, 350.00 W, 63, 87 %, 22578 MiB, P2, 0x0000000000000000, Not Active, Not Active, Not Active, Not Active, Not Active
2026-08-25T21:23:36+08:00,2026/08/25 21:23:36.769, 1950 MHz, 2100 MHz, 9501 MHz, 1950 MHz, 214.87 W, 350.00 W, 350.00 W, 63, 88 %, 22578 MiB, P2, 0x0000000000000000, Not Active, Not Active, Not Active, Not Active, Not Active
2026-08-25T21:23:41+08:00,2026/08/25 21:23:41.797, 1950 MHz, 2100 MHz, 9501 MHz, 1950 MHz, 218.54 W, 350.00 W, 350.00 W, 63, 87 %, 22578 MiB, P2, 0x0000000000000000, Not Active, Not Active, Not Active, Not Active, Not Active
2026-08-25T21:23:46+08:00,2026/08/25 21:23:46.826, 1950 MHz, 2100 MHz, 9501 MHz, 1950 MHz, 216.75 W, 350.00 W, 350.00 W, 63, 87 %, 22578 MiB, P2, 0x0000000000000000, Not Active, Not Active, Not Active, Not Active, Not Active
2026-08-25T21:23:51+08:00,2026/08/25 21:23:51.853, 1950 MHz, 2100 MHz, 9501 MHz, 1950 MHz, 217.77 W, 350.00 W, 350.00 W, 63, 88 %, 22578 MiB, P2, 0x0000000000000000, Not Active, Not Active, Not Active, Not Active, Not Active
2026-08-25T21:23:56+08:00,2026/08/25 21:23:56.883, 1950 MHz, 2100 MHz, 9501 MHz, 1950 MHz, 165.88 W, 350.00 W, 350.00 W, 61, 100 %, 21146 MiB, P2, 0x0000000000000000, Not Active, Not Active, Not Active, Not Active, Not Active
2026-08-25T21:24:01+08:00,2026/08/25 21:24:01.919, 1950 MHz, 2100 MHz, 9501 MHz, 1950 MHz, 165.74 W, 350.00 W, 350.00 W, 60, 100 %, 21146 MiB, P2, 0x0000000000000000, Not Active, Not Active, Not Active, Not Active, Not Active
2026-08-25T21:24:06+08:00,2026/08/25 21:24:06.954, 1950 MHz, 2100 MHz, 9501 MHz, 1950 MHz, 165.14 W, 350.00 W, 350.00 W, 60, 99 %, 21146 MiB, P2, 0x0000000000000000, Not Active, Not Active, Not Active, Not Active, Not Active
2026-08-25T21:24:11+08:00,2026/08/25 21:24:11.990, 1950 MHz, 2100 MHz, 9501 MHz, 1950 MHz, 207.71 W, 350.00 W, 350.00 W, 61, 89 %, 22566 MiB, P2, 0x0000000000000000, Not Active, Not Active, Not Active, Not Active, Not Active
2026-08-25T21:24:17+08:00,2026/08/25 21:24:17.019, 1950 MHz, 2100 MHz, 9501 MHz, 1950 MHz, 209.01 W, 350.00 W, 350.00 W, 62, 89 %, 22566 MiB, P2, 0x0000000000000000, Not Active, Not Active, Not Active, Not Active, Not Active
2026-08-25T21:24:22+08:00,2026/08/25 21:24:22.047, 1950 MHz, 2100 MHz, 9501 MHz, 1950 MHz, 209.44 W, 350.00 W, 350.00 W, 61, 89 %, 22566 MiB, P2, 0x0000000000000000, Not Active, Not Active, Not Active, Not Active, Not Active
2026-08-25T21:24:27+08:00,2026/08/25 21:24:27.075, 1950 MHz, 2100 MHz, 9501 MHz, 1950 MHz, 209.39 W, 350.00 W, 350.00 W, 61, 89 %, 22566 MiB, P2, 0x0000000000000000, Not Active, Not Active, Not Active, Not Active, Not Active
2026-08-25T21:24:32+08:00,2026/08/25 21:24:32.101, 1950 MHz, 2100 MHz, 9501 MHz, 1950 MHz, 206.63 W, 350.00 W, 350.00 W, 61, 90 %, 22566 MiB, P2, 0x0000000000000000, Not Active, Not Active, Not Active, Not Active, Not Active
2026-08-25T21:24:37+08:00,2026/08/25 21:24:37.126, 1950 MHz, 2100 MHz, 9501 MHz, 1950 MHz, 207.74 W, 350.00 W, 350.00 W, 62, 89 %, 22566 MiB, P2, 0x0000000000000000, Not Active, Not Active, Not Active, Not Active, Not Active
2026-08-25T21:24:42+08:00,2026/08/25 21:24:42.153, 1950 MHz, 2100 MHz, 9501 MHz, 1950 MHz, 206.91 W, 350.00 W, 350.00 W, 62, 89 %, 22570 MiB, P2, 0x0000000000000000, Not Active, Not Active, Not Active, Not Active, Not Active
2026-08-25T21:24:47+08:00,2026/08/25 21:24:47.180, 1950 MHz, 2100 MHz, 9501 MHz, 1950 MHz, 207.31 W, 350.00 W, 350.00 W, 61, 89 %, 22570 MiB, P2, 0x0000000000000000, Not Active, Not Active, Not Active, Not Active, Not Active
2026-08-25T21:24:52+08:00,2026/08/25 21:24:52.208, 1950 MHz, 2100 MHz, 9501 MHz, 1950 MHz, 206.48 W, 350.00 W, 350.00 W, 61, 89 %, 22570 MiB, P2, 0x0000000000000000, Not Active, Not Active, Not Active, Not Active, Not Active
2026-08-25T21:24:57+08:00,2026/08/25 21:24:57.236, 1950 MHz, 2100 MHz, 9501 MHz, 1950 MHz, 206.88 W, 350.00 W, 350.00 W, 62, 88 %, 22570 MiB, P2, 0x0000000000000000, Not Active, Not Active, Not Active, Not Active, Not Active
2026-08-25T21:25:02+08:00,2026/08/25 21:25:02.263, 1950 MHz, 2100 MHz, 9501 MHz, 1950 MHz, 207.33 W, 350.00 W, 350.00 W, 62, 88 %, 22578 MiB, P2, 0x0000000000000000, Not Active, Not Active, Not Active, Not Active, Not Active
2026-08-25T21:25:07+08:00,2026/08/25 21:25:07.289, 1950 MHz, 2100 MHz, 9501 MHz, 1950 MHz, 207.01 W, 350.00 W, 350.00 W, 62, 89 %, 22578 MiB, P2, 0x0000000000000000, Not Active, Not Active, Not Active, Not Active, Not Active
2026-08-25T21:25:12+08:00,2026/08/25 21:25:12.315, 1950 MHz, 2100 MHz, 9501 MHz, 1950 MHz, 207.20 W, 350.00 W, 350.00 W, 62, 89 %, 22578 MiB, P2, 0x0000000000000000, Not Active, Not Active, Not Active, Not Active, Not Active
2026-08-25T21:25:17+08:00,2026/08/25 21:25:17.343, 1950 MHz, 2100 MHz, 9501 MHz, 1950 MHz, 208.35 W, 350.00 W, 350.00 W, 62, 89 %, 22578 MiB, P2, 0x0000000000000000, Not Active, Not Active, Not Active, Not Active, Not Active
2026-08-25T21:25:22+08:00,2026/08/25 21:25:22.371, 1950 MHz, 2100 MHz, 9501 MHz, 1950 MHz, 207.60 W, 350.00 W, 350.00 W, 62, 89 %, 22578 MiB, P2, 0x0000000000000000, Not Active, Not Active, Not Active, Not Active, Not Active
2026-08-25T21:25:27+08:00,2026/08/25 21:25:27.393, 1950 MHz, 2100 MHz, 9501 MHz, 1950 MHz, 206.51 W, 350.00 W, 350.00 W, 62, 89 %, 22578 MiB, P2, 0x0000000000000000, Not Active, Not Active, Not Active, Not Active, Not Active
2026-08-25T21:25:32+08:00,2026/08/25 21:25:32.418, 1950 MHz, 2100 MHz, 9501 MHz, 1950 MHz, 208.38 W, 350.00 W, 350.00 W, 62, 89 %, 22578 MiB, P2, 0x0000000000000000, Not Active, Not Active, Not Active, Not Active, Not Active
2026-08-25T21:25:37+08:00,2026/08/25 21:25:37.444, 1950 MHz, 2100 MHz, 9501 MHz, 1950 MHz, 209.22 W, 350.00 W, 350.00 W, 62, 89 %, 22578 MiB, P2, 0x0000000000000000, Not Active, Not Active, Not Active, Not Active, Not Active
2026-08-25T21:25:42+08:00,2026/08/25 21:25:42.469, 1950 MHz, 2100 MHz, 9501 MHz, 1950 MHz, 208.94 W, 350.00 W, 350.00 W, 62, 89 %, 22578 MiB, P2, 0x0000000000000000, Not Active, Not Active, Not Active, Not Active, Not Active
2026-08-25T21:25:47+08:00,2026/08/25 21:25:47.498, 1950 MHz, 2100 MHz, 9501 MHz, 1950 MHz, 209.82 W, 350.00 W, 350.00 W, 62, 89 %, 22578 MiB, P2, 0x0000000000000000, Not Active, Not Active, Not Active, Not Active, Not Active
2026-08-25T21:25:52+08:00,2026/08/25 21:25:52.523, 1950 MHz, 2100 MHz, 9501 MHz, 1950 MHz, 207.07 W, 350.00 W, 350.00 W, 62, 89 %, 22578 MiB, P2, 0x0000000000000000, Not Active, Not Active, Not Active, Not Active, Not Active
2026-08-25T21:25:57+08:00,2026/08/25 21:25:57.550, 1950 MHz, 2100 MHz, 9501 MHz, 1950 MHz, 208.77 W, 350.00 W, 350.00 W, 62, 88 %, 22578 MiB, P2, 0x0000000000000000, Not Active, Not Active, Not Active, Not Active, Not Active
2026-08-25T21:26:02+08:00,2026/08/25 21:26:02.579, 1950 MHz, 2100 MHz, 9501 MHz, 1950 MHz, 165.43 W, 350.00 W, 350.00 W, 60, 100 %, 21146 MiB, P2, 0x0000000000000000, Not Active, Not Active, Not Active, Not Active, Not Active
2026-08-25T21:26:07+08:00,2026/08/25 21:26:07.614, 1950 MHz, 2100 MHz, 9501 MHz, 1950 MHz, 165.11 W, 350.00 W, 350.00 W, 60, 99 %, 21146 MiB, P2, 0x0000000000000000, Not Active, Not Active, Not Active, Not Active, Not Active
2026-08-25T21:26:12+08:00,2026/08/25 21:26:12.649, 1950 MHz, 2100 MHz, 9501 MHz, 1950 MHz, 164.49 W, 350.00 W, 350.00 W, 60, 100 %, 21146 MiB, P2, 0x0000000000000000, Not Active, Not Active, Not Active, Not Active, Not Active
2026-08-25T21:26:17+08:00,2026/08/25 21:26:17.683, 1935 MHz, 2100 MHz, 9501 MHz, 1935 MHz, 305.47 W, 350.00 W, 350.00 W, 67, 87 %, 21732 MiB, P2, 0x0000000000000004, Not Active, Not Active, Not Active, Active, Not Active
2026-08-25T21:26:22+08:00,2026/08/25 21:26:22.709, 1920 MHz, 2100 MHz, 9501 MHz, 1920 MHz, 296.79 W, 350.00 W, 350.00 W, 69, 87 %, 21732 MiB, P2, 0x0000000000000004, Not Active, Not Active, Not Active, Active, Not Active
2026-08-25T21:26:27+08:00,2026/08/25 21:26:27.738, 1800 MHz, 2100 MHz, 9501 MHz, 1800 MHz, 307.85 W, 350.00 W, 350.00 W, 68, 87 %, 21740 MiB, P2, 0x0000000000000004, Not Active, Not Active, Not Active, Active, Not Active
2026-08-25T21:26:32+08:00,2026/08/25 21:26:32.769, 1920 MHz, 2100 MHz, 9501 MHz, 1920 MHz, 338.73 W, 350.00 W, 350.00 W, 71, 86 %, 21740 MiB, P2, 0x0000000000000004, Not Active, Not Active, Not Active, Active, Not Active
2026-08-25T21:26:37+08:00,2026/08/25 21:26:37.796, 1935 MHz, 2100 MHz, 9501 MHz, 1935 MHz, 339.55 W, 350.00 W, 350.00 W, 72, 87 %, 21740 MiB, P2, 0x0000000000000004, Not Active, Not Active, Not Active, Active, Not Active
2026-08-25T21:26:42+08:00,2026/08/25 21:26:42.825, 1920 MHz, 2100 MHz, 9501 MHz, 1920 MHz, 339.18 W, 350.00 W, 350.00 W, 73, 87 %, 21740 MiB, P2, 0x0000000000000004, Not Active, Not Active, Not Active, Active, Not Active
2026-08-25T21:26:47+08:00,2026/08/25 21:26:47.852, 1935 MHz, 2100 MHz, 9501 MHz, 1935 MHz, 161.09 W, 350.00 W, 350.00 W, 63, 100 %, 21146 MiB, P2, 0x0000000000000000, Not Active, Not Active, Not Active, Not Active, Not Active
2026-08-25T21:26:52+08:00,2026/08/25 21:26:52.881, 1950 MHz, 2100 MHz, 9501 MHz, 1950 MHz, 171.14 W, 350.00 W, 350.00 W, 63, 99 %, 21146 MiB, P2, 0x0000000000000000, Not Active, Not Active, Not Active, Not Active, Not Active
2026-08-25T21:26:57+08:00,2026/08/25 21:26:57.915, 1920 MHz, 2100 MHz, 9501 MHz, 1920 MHz, 338.59 W, 350.00 W, 350.00 W, 69, 86 %, 21732 MiB, P2, 0x0000000000000004, Not Active, Not Active, Not Active, Active, Not Active
2026-08-25T21:27:02+08:00,2026/08/25 21:27:02.944, 1920 MHz, 2100 MHz, 9501 MHz, 1920 MHz, 341.00 W, 350.00 W, 350.00 W, 70, 87 %, 21732 MiB, P2, 0x0000000000000004, Not Active, Not Active, Not Active, Active, Not Active
2026-08-25T21:27:07+08:00,2026/08/25 21:27:07.973, 1920 MHz, 2100 MHz, 9501 MHz, 1920 MHz, 295.10 W, 350.00 W, 350.00 W, 71, 87 %, 21732 MiB, P2, 0x0000000000000004, Not Active, Not Active, Not Active, Active, Not Active
2026-08-25T21:27:12+08:00,2026/08/25 21:27:13.002, 1920 MHz, 2100 MHz, 9501 MHz, 1920 MHz, 310.42 W, 350.00 W, 350.00 W, 72, 88 %, 21740 MiB, P2, 0x0000000000000004, Not Active, Not Active, Not Active, Active, Not Active
2026-08-25T21:27:18+08:00,2026/08/25 21:27:18.031, 1935 MHz, 2100 MHz, 9501 MHz, 1935 MHz, 321.77 W, 350.00 W, 350.00 W, 70, 56 %, 21740 MiB, P2, 0x0000000000000004, Not Active, Not Active, Not Active, Active, Not Active
2026-08-25T21:27:23+08:00,2026/08/25 21:27:23.058, 1905 MHz, 2100 MHz, 9501 MHz, 1905 MHz, 339.96 W, 350.00 W, 350.00 W, 74, 88 %, 21740 MiB, P2, 0x0000000000000004, Not Active, Not Active, Not Active, Active, Not Active
2026-08-25T21:27:28+08:00,2026/08/25 21:27:28.088, 1935 MHz, 2100 MHz, 9501 MHz, 1935 MHz, 166.82 W, 350.00 W, 350.00 W, 66, 53 %, 21146 MiB, P2, 0x0000000000000000, Not Active, Not Active, Not Active, Not Active, Not Active
2026-08-25T21:27:33+08:00,2026/08/25 21:27:33.119, 1950 MHz, 2100 MHz, 9501 MHz, 1950 MHz, 172.87 W, 350.00 W, 350.00 W, 64, 100 %, 21146 MiB, P2, 0x0000000000000000, Not Active, Not Active, Not Active, Not Active, Not Active
2026-08-25T21:27:38+08:00,2026/08/25 21:27:38.154, 1950 MHz, 2100 MHz, 9501 MHz, 1950 MHz, 173.35 W, 350.00 W, 350.00 W, 63, 16 %, 21702 MiB, P2, 0x0000000000000000, Not Active, Not Active, Not Active, Not Active, Not Active
2026-08-25T21:27:43+08:00,2026/08/25 21:27:43.182, 1950 MHz, 2100 MHz, 9501 MHz, 1950 MHz, 212.34 W, 350.00 W, 350.00 W, 64, 89 %, 22566 MiB, P2, 0x0000000000000000, Not Active, Not Active, Not Active, Not Active, Not Active
2026-08-25T21:27:48+08:00,2026/08/25 21:27:48.210, 1950 MHz, 2100 MHz, 9501 MHz, 1950 MHz, 210.63 W, 350.00 W, 350.00 W, 63, 89 %, 22566 MiB, P2, 0x0000000000000000, Not Active, Not Active, Not Active, Not Active, Not Active
2026-08-25T21:27:53+08:00,2026/08/25 21:27:53.237, 1950 MHz, 2100 MHz, 9501 MHz, 1950 MHz, 211.20 W, 350.00 W, 350.00 W, 63, 91 %, 22566 MiB, P2, 0x0000000000000000, Not Active, Not Active, Not Active, Not Active, Not Active
2026-08-25T21:27:58+08:00,2026/08/25 21:27:58.265, 1950 MHz, 2100 MHz, 9501 MHz, 1950 MHz, 211.28 W, 350.00 W, 350.00 W, 63, 88 %, 22566 MiB, P2, 0x0000000000000000, Not Active, Not Active, Not Active, Not Active, Not Active
2026-08-25T21:28:03+08:00,2026/08/25 21:28:03.294, 1950 MHz, 2100 MHz, 9501 MHz, 1950 MHz, 210.29 W, 350.00 W, 350.00 W, 62, 89 %, 22566 MiB, P2, 0x0000000000000000, Not Active, Not Active, Not Active, Not Active, Not Active
2026-08-25T21:28:08+08:00,2026/08/25 21:28:08.321, 1950 MHz, 2100 MHz, 9501 MHz, 1950 MHz, 209.63 W, 350.00 W, 350.00 W, 61, 89 %, 22566 MiB, P2, 0x0000000000000000, Not Active, Not Active, Not Active, Not Active, Not Active
2026-08-25T21:28:13+08:00,2026/08/25 21:28:13.347, 1950 MHz, 2100 MHz, 9501 MHz, 1950 MHz, 209.62 W, 350.00 W, 350.00 W, 62, 89 %, 22570 MiB, P2, 0x0000000000000000, Not Active, Not Active, Not Active, Not Active, Not Active
2026-08-25T21:28:18+08:00,2026/08/25 21:28:18.375, 1950 MHz, 2100 MHz, 9501 MHz, 1950 MHz, 209.75 W, 350.00 W, 350.00 W, 61, 89 %, 22570 MiB, P2, 0x0000000000000000, Not Active, Not Active, Not Active, Not Active, Not Active
2026-08-25T21:28:23+08:00,2026/08/25 21:28:23.401, 1950 MHz, 2100 MHz, 9501 MHz, 1950 MHz, 209.21 W, 350.00 W, 350.00 W, 61, 88 %, 22570 MiB, P2, 0x0000000000000000, Not Active, Not Active, Not Active, Not Active, Not Active
2026-08-25T21:28:28+08:00,2026/08/25 21:28:28.428, 1950 MHz, 2100 MHz, 9501 MHz, 1950 MHz, 209.60 W, 350.00 W, 350.00 W, 61, 89 %, 22570 MiB, P2, 0x0000000000000000, Not Active, Not Active, Not Active, Not Active, Not Active
2026-08-25T21:28:33+08:00,2026/08/25 21:28:33.453, 1950 MHz, 2100 MHz, 9501 MHz, 1950 MHz, 207.73 W, 350.00 W, 350.00 W, 61, 88 %, 22578 MiB, P2, 0x0000000000000000, Not Active, Not Active, Not Active, Not Active, Not Active
2026-08-25T21:28:38+08:00,2026/08/25 21:28:38.482, 1950 MHz, 2100 MHz, 9501 MHz, 1950 MHz, 204.01 W, 350.00 W, 350.00 W, 61, 41 %, 22578 MiB, P2, 0x0000000000000000, Not Active, Not Active, Not Active, Not Active, Not Active
2026-08-25T21:28:43+08:00,2026/08/25 21:28:43.510, 1950 MHz, 2100 MHz, 9501 MHz, 1950 MHz, 208.34 W, 350.00 W, 350.00 W, 60, 90 %, 22578 MiB, P2, 0x0000000000000000, Not Active, Not Active, Not Active, Not Active, Not Active
2026-08-25T21:28:48+08:00,2026/08/25 21:28:48.536, 1950 MHz, 2100 MHz, 9501 MHz, 1950 MHz, 205.48 W, 350.00 W, 350.00 W, 60, 72 %, 22578 MiB, P2, 0x0000000000000000, Not Active, Not Active, Not Active, Not Active, Not Active
2026-08-25T21:28:53+08:00,2026/08/25 21:28:53.561, 1950 MHz, 2100 MHz, 9501 MHz, 1950 MHz, 206.40 W, 350.00 W, 350.00 W, 61, 89 %, 22578 MiB, P2, 0x0000000000000000, Not Active, Not Active, Not Active, Not Active, Not Active
2026-08-25T21:28:58+08:00,2026/08/25 21:28:58.587, 1950 MHz, 2100 MHz, 9501 MHz, 1950 MHz, 207.11 W, 350.00 W, 350.00 W, 61, 90 %, 22578 MiB, P2, 0x0000000000000000, Not Active, Not Active, Not Active, Not Active, Not Active
2026-08-25T21:29:03+08:00,2026/08/25 21:29:03.614, 1950 MHz, 2100 MHz, 9501 MHz, 1950 MHz, 206.62 W, 350.00 W, 350.00 W, 61, 88 %, 22578 MiB, P2, 0x0000000000000000, Not Active, Not Active, Not Active, Not Active, Not Active
2026-08-25T21:29:08+08:00,2026/08/25 21:29:08.643, 1950 MHz, 2100 MHz, 9501 MHz, 1950 MHz, 200.49 W, 350.00 W, 350.00 W, 60, 90 %, 22578 MiB, P2, 0x0000000000000000, Not Active, Not Active, Not Active, Not Active, Not Active
2026-08-25T21:29:13+08:00,2026/08/25 21:29:13.670, 1950 MHz, 2100 MHz, 9501 MHz, 1950 MHz, 207.52 W, 350.00 W, 350.00 W, 60, 89 %, 22578 MiB, P2, 0x0000000000000000, Not Active, Not Active, Not Active, Not Active, Not Active
2026-08-25T21:29:18+08:00,2026/08/25 21:29:18.695, 1950 MHz, 2100 MHz, 9501 MHz, 1950 MHz, 205.23 W, 350.00 W, 350.00 W, 61, 41 %, 22578 MiB, P2, 0x0000000000000000, Not Active, Not Active, Not Active, Not Active, Not Active
2026-08-25T21:29:23+08:00,2026/08/25 21:29:23.721, 1950 MHz, 2100 MHz, 9501 MHz, 1950 MHz, 207.61 W, 350.00 W, 350.00 W, 60, 89 %, 22578 MiB, P2, 0x0000000000000000, Not Active, Not Active, Not Active, Not Active, Not Active
2026-08-25T21:29:28+08:00,2026/08/25 21:29:28.752, 1950 MHz, 2100 MHz, 9501 MHz, 1950 MHz, 198.27 W, 350.00 W, 350.00 W, 60, 100 %, 82 MiB, P2, 0x0000000000000000, Not Active, Not Active, Not Active, Not Active, Not Active
2026-08-25T21:29:33+08:00,2026/08/25 21:29:33.782, 1950 MHz, 2100 MHz, 9501 MHz, 1950 MHz, 164.40 W, 350.00 W, 350.00 W, 58, 100 %, 21146 MiB, P2, 0x0000000000000000, Not Active, Not Active, Not Active, Not Active, Not Active
2026-08-25T21:29:38+08:00,2026/08/25 21:29:38.819, 1965 MHz, 2100 MHz, 9501 MHz, 1965 MHz, 164.63 W, 350.00 W, 350.00 W, 58, 100 %, 21146 MiB, P2, 0x0000000000000000, Not Active, Not Active, Not Active, Not Active, Not Active
2026-08-25T21:29:43+08:00,2026/08/25 21:29:43.854, 1965 MHz, 2100 MHz, 9501 MHz, 1965 MHz, 165.50 W, 350.00 W, 350.00 W, 58, 75 %, 22544 MiB, P2, 0x0000000000000000, Not Active, Not Active, Not Active, Not Active, Not Active
2026-08-25T21:29:48+08:00,2026/08/25 21:29:48.882, 1965 MHz, 2100 MHz, 9501 MHz, 1965 MHz, 216.04 W, 350.00 W, 350.00 W, 60, 88 %, 22566 MiB, P2, 0x0000000000000000, Not Active, Not Active, Not Active, Not Active, Not Active
2026-08-25T21:29:53+08:00,2026/08/25 21:29:53.908, 1965 MHz, 2100 MHz, 9501 MHz, 1965 MHz, 217.50 W, 350.00 W, 350.00 W, 60, 60 %, 22566 MiB, P2, 0x0000000000000000, Not Active, Not Active, Not Active, Not Active, Not Active
2026-08-25T21:29:58+08:00,2026/08/25 21:29:58.934, 1965 MHz, 2100 MHz, 9501 MHz, 1965 MHz, 215.59 W, 350.00 W, 350.00 W, 60, 88 %, 22566 MiB, P2, 0x0000000000000000, Not Active, Not Active, Not Active, Not Active, Not Active
2026-08-25T21:30:03+08:00,2026/08/25 21:30:03.963, 1965 MHz, 2100 MHz, 9501 MHz, 1965 MHz, 208.39 W, 350.00 W, 350.00 W, 60, 88 %, 22566 MiB, P2, 0x0000000000000000, Not Active, Not Active, Not Active, Not Active, Not Active
2026-08-25T21:30:08+08:00,2026/08/25 21:30:08.990, 1965 MHz, 2100 MHz, 9501 MHz, 1965 MHz, 216.58 W, 350.00 W, 350.00 W, 60, 88 %, 22566 MiB, P2, 0x0000000000000000, Not Active, Not Active, Not Active, Not Active, Not Active
2026-08-25T21:30:14+08:00,2026/08/25 21:30:14.014, 1965 MHz, 2100 MHz, 9501 MHz, 1965 MHz, 204.70 W, 350.00 W, 350.00 W, 61, 86 %, 22570 MiB, P2, 0x0000000000000000, Not Active, Not Active, Not Active, Not Active, Not Active
2026-08-25T21:30:19+08:00,2026/08/25 21:30:19.041, 1965 MHz, 2100 MHz, 9501 MHz, 1965 MHz, 216.17 W, 350.00 W, 350.00 W, 61, 89 %, 22570 MiB, P2, 0x0000000000000000, Not Active, Not Active, Not Active, Not Active, Not Active
2026-08-25T21:30:24+08:00,2026/08/25 21:30:24.069, 1965 MHz, 2100 MHz, 9501 MHz, 1965 MHz, 216.70 W, 350.00 W, 350.00 W, 61, 89 %, 22570 MiB, P2, 0x0000000000000000, Not Active, Not Active, Not Active, Not Active, Not Active
2026-08-25T21:30:29+08:00,2026/08/25 21:30:29.097, 1965 MHz, 2100 MHz, 9501 MHz, 1965 MHz, 216.97 W, 350.00 W, 350.00 W, 61, 87 %, 22570 MiB, P2, 0x0000000000000000, Not Active, Not Active, Not Active, Not Active, Not Active
2026-08-25T21:30:34+08:00,2026/08/25 21:30:34.125, 1965 MHz, 2100 MHz, 9501 MHz, 1965 MHz, 217.39 W, 350.00 W, 350.00 W, 61, 89 %, 22578 MiB, P2, 0x0000000000000000, Not Active, Not Active, Not Active, Not Active, Not Active
2026-08-25T21:30:39+08:00,2026/08/25 21:30:39.150, 1965 MHz, 2100 MHz, 9501 MHz, 1965 MHz, 215.52 W, 350.00 W, 350.00 W, 60, 31 %, 22578 MiB, P2, 0x0000000000000000, Not Active, Not Active, Not Active, Not Active, Not Active
2026-08-25T21:30:44+08:00,2026/08/25 21:30:44.177, 1965 MHz, 2100 MHz, 9501 MHz, 1965 MHz, 217.55 W, 350.00 W, 350.00 W, 61, 86 %, 22578 MiB, P2, 0x0000000000000000, Not Active, Not Active, Not Active, Not Active, Not Active
2026-08-25T21:30:49+08:00,2026/08/25 21:30:49.206, 1965 MHz, 2100 MHz, 9501 MHz, 1965 MHz, 212.33 W, 350.00 W, 350.00 W, 62, 87 %, 22578 MiB, P2, 0x0000000000000000, Not Active, Not Active, Not Active, Not Active, Not Active
2026-08-25T21:30:54+08:00,2026/08/25 21:30:54.233, 1965 MHz, 2100 MHz, 9501 MHz, 1965 MHz, 218.36 W, 350.00 W, 350.00 W, 61, 88 %, 22578 MiB, P2, 0x0000000000000000, Not Active, Not Active, Not Active, Not Active, Not Active
2026-08-25T21:30:59+08:00,2026/08/25 21:30:59.262, 1965 MHz, 2100 MHz, 9501 MHz, 1965 MHz, 219.44 W, 350.00 W, 350.00 W, 62, 86 %, 22578 MiB, P2, 0x0000000000000000, Not Active, Not Active, Not Active, Not Active, Not Active
2026-08-25T21:31:04+08:00,2026/08/25 21:31:04.292, 1965 MHz, 2100 MHz, 9501 MHz, 1965 MHz, 217.01 W, 350.00 W, 350.00 W, 62, 87 %, 22578 MiB, P2, 0x0000000000000000, Not Active, Not Active, Not Active, Not Active, Not Active
2026-08-25T21:31:09+08:00,2026/08/25 21:31:09.320, 1965 MHz, 2100 MHz, 9501 MHz, 1965 MHz, 215.98 W, 350.00 W, 350.00 W, 62, 88 %, 22578 MiB, P2, 0x0000000000000000, Not Active, Not Active, Not Active, Not Active, Not Active
2026-08-25T21:31:14+08:00,2026/08/25 21:31:14.346, 1965 MHz, 2100 MHz, 9501 MHz, 1965 MHz, 216.29 W, 350.00 W, 350.00 W, 62, 87 %, 22578 MiB, P2, 0x0000000000000000, Not Active, Not Active, Not Active, Not Active, Not Active
2026-08-25T21:31:19+08:00,2026/08/25 21:31:19.377, 1965 MHz, 2100 MHz, 9501 MHz, 1965 MHz, 221.04 W, 350.00 W, 350.00 W, 62, 88 %, 22578 MiB, P2, 0x0000000000000000, Not Active, Not Active, Not Active, Not Active, Not Active
2026-08-25T21:31:24+08:00,2026/08/25 21:31:24.403, 1965 MHz, 2100 MHz, 9501 MHz, 1965 MHz, 209.32 W, 350.00 W, 350.00 W, 61, 84 %, 398 MiB, P2, 0x0000000000000000, Not Active, Not Active, Not Active, Not Active, Not Active
2026-08-25T21:31:29+08:00,2026/08/25 21:31:29.430, 1965 MHz, 2100 MHz, 9501 MHz, 1965 MHz, 165.93 W, 350.00 W, 350.00 W, 60, 100 %, 21146 MiB, P2, 0x0000000000000000, Not Active, Not Active, Not Active, Not Active, Not Active
2026-08-25T21:31:34+08:00,2026/08/25 21:31:34.467, 1965 MHz, 2100 MHz, 9501 MHz, 1965 MHz, 165.32 W, 350.00 W, 350.00 W, 59, 100 %, 21146 MiB, P2, 0x0000000000000000, Not Active, Not Active, Not Active, Not Active, Not Active
2026-08-25T21:31:39+08:00,2026/08/25 21:31:39.504, 1965 MHz, 2100 MHz, 9501 MHz, 1965 MHz, 166.76 W, 350.00 W, 350.00 W, 59, 97 %, 22200 MiB, P2, 0x0000000000000000, Not Active, Not Active, Not Active, Not Active, Not Active
2026-08-25T21:31:44+08:00,2026/08/25 21:31:44.538, 1965 MHz, 2100 MHz, 9501 MHz, 1965 MHz, 229.03 W, 350.00 W, 350.00 W, 62, 89 %, 22570 MiB, P2, 0x0000000000000004, Not Active, Not Active, Not Active, Active, Not Active
2026-08-25T21:31:49+08:00,2026/08/25 21:31:49.567, 1965 MHz, 2100 MHz, 9501 MHz, 1965 MHz, 231.27 W, 350.00 W, 350.00 W, 62, 86 %, 22570 MiB, P2, 0x0000000000000004, Not Active, Not Active, Not Active, Active, Not Active
2026-08-25T21:31:54+08:00,2026/08/25 21:31:54.596, 1965 MHz, 2100 MHz, 9501 MHz, 1965 MHz, 229.75 W, 350.00 W, 350.00 W, 63, 87 %, 22570 MiB, P2, 0x0000000000000004, Not Active, Not Active, Not Active, Active, Not Active
2026-08-25T21:31:59+08:00,2026/08/25 21:31:59.623, 1965 MHz, 2100 MHz, 9501 MHz, 1965 MHz, 230.76 W, 350.00 W, 350.00 W, 63, 87 %, 22570 MiB, P2, 0x0000000000000004, Not Active, Not Active, Not Active, Active, Not Active
2026-08-25T21:32:04+08:00,2026/08/25 21:32:04.651, 1950 MHz, 2100 MHz, 9501 MHz, 1950 MHz, 229.35 W, 350.00 W, 350.00 W, 63, 87 %, 22570 MiB, P2, 0x0000000000000000, Not Active, Not Active, Not Active, Not Active, Not Active
2026-08-25T21:32:09+08:00,2026/08/25 21:32:09.679, 1950 MHz, 2100 MHz, 9501 MHz, 1950 MHz, 231.53 W, 350.00 W, 350.00 W, 63, 86 %, 22572 MiB, P2, 0x0000000000000004, Not Active, Not Active, Not Active, Active, Not Active
2026-08-25T21:32:14+08:00,2026/08/25 21:32:14.708, 1950 MHz, 2100 MHz, 9501 MHz, 1950 MHz, 229.07 W, 350.00 W, 350.00 W, 63, 90 %, 22572 MiB, P2, 0x0000000000000000, Not Active, Not Active, Not Active, Not Active, Not Active
2026-08-25T21:32:19+08:00,2026/08/25 21:32:19.734, 1950 MHz, 2100 MHz, 9501 MHz, 1950 MHz, 231.30 W, 350.00 W, 350.00 W, 63, 88 %, 22572 MiB, P2, 0x0000000000000004, Not Active, Not Active, Not Active, Active, Not Active
2026-08-25T21:32:24+08:00,2026/08/25 21:32:24.762, 1950 MHz, 2100 MHz, 9501 MHz, 1950 MHz, 224.69 W, 350.00 W, 350.00 W, 63, 59 %, 22580 MiB, P2, 0x0000000000000000, Not Active, Not Active, Not Active, Not Active, Not Active
2026-08-25T21:32:29+08:00,2026/08/25 21:32:29.791, 1950 MHz, 2100 MHz, 9501 MHz, 1950 MHz, 233.68 W, 350.00 W, 350.00 W, 64, 86 %, 22580 MiB, P2, 0x0000000000000004, Not Active, Not Active, Not Active, Active, Not Active
2026-08-25T21:32:34+08:00,2026/08/25 21:32:34.815, 1950 MHz, 2100 MHz, 9501 MHz, 1950 MHz, 228.93 W, 350.00 W, 350.00 W, 64, 88 %, 22580 MiB, P2, 0x0000000000000004, Not Active, Not Active, Not Active, Active, Not Active
2026-08-25T21:32:39+08:00,2026/08/25 21:32:39.841, 1950 MHz, 2100 MHz, 9501 MHz, 1950 MHz, 232.28 W, 350.00 W, 350.00 W, 64, 86 %, 22580 MiB, P2, 0x0000000000000004, Not Active, Not Active, Not Active, Active, Not Active
2026-08-25T21:32:44+08:00,2026/08/25 21:32:44.867, 1950 MHz, 2100 MHz, 9501 MHz, 1950 MHz, 231.52 W, 350.00 W, 350.00 W, 64, 87 %, 22580 MiB, P2, 0x0000000000000000, Not Active, Not Active, Not Active, Not Active, Not Active
2026-08-25T21:32:49+08:00,2026/08/25 21:32:49.894, 1950 MHz, 2100 MHz, 9501 MHz, 1950 MHz, 232.13 W, 350.00 W, 350.00 W, 64, 87 %, 22580 MiB, P2, 0x0000000000000004, Not Active, Not Active, Not Active, Active, Not Active
2026-08-25T21:32:54+08:00,2026/08/25 21:32:54.922, 1950 MHz, 2100 MHz, 9501 MHz, 1950 MHz, 229.99 W, 350.00 W, 350.00 W, 64, 89 %, 22580 MiB, P2, 0x0000000000000000, Not Active, Not Active, Not Active, Not Active, Not Active
2026-08-25T21:32:59+08:00,2026/08/25 21:32:59.950, 1950 MHz, 2100 MHz, 9501 MHz, 1950 MHz, 233.62 W, 350.00 W, 350.00 W, 65, 87 %, 22580 MiB, P2, 0x0000000000000004, Not Active, Not Active, Not Active, Active, Not Active
2026-08-25T21:33:04+08:00,2026/08/25 21:33:04.977, 1950 MHz, 2100 MHz, 9501 MHz, 1950 MHz, 230.23 W, 350.00 W, 350.00 W, 65, 88 %, 22580 MiB, P2, 0x0000000000000000, Not Active, Not Active, Not Active, Not Active, Not Active
2026-08-25T21:33:09+08:00,2026/08/25 21:33:10.005, 1950 MHz, 2100 MHz, 9501 MHz, 1950 MHz, 233.92 W, 350.00 W, 350.00 W, 65, 88 %, 22580 MiB, P2, 0x0000000000000000, Not Active, Not Active, Not Active, Not Active, Not Active
2026-08-25T21:33:15+08:00,2026/08/25 21:33:15.031, 1950 MHz, 2100 MHz, 9501 MHz, 1950 MHz, 236.82 W, 350.00 W, 350.00 W, 65, 87 %, 22580 MiB, P2, 0x0000000000000004, Not Active, Not Active, Not Active, Active, Not Active
2026-08-25T21:33:20+08:00,2026/08/25 21:33:20.064, 1950 MHz, 2100 MHz, 9501 MHz, 1950 MHz, 167.39 W, 350.00 W, 350.00 W, 62, 100 %, 21146 MiB, P2, 0x0000000000000000, Not Active, Not Active, Not Active, Not Active, Not Active
2026-08-25T21:33:25+08:00,2026/08/25 21:33:25.100, 1950 MHz, 2100 MHz, 9501 MHz, 1950 MHz, 166.56 W, 350.00 W, 350.00 W, 61, 100 %, 21146 MiB, P2, 0x0000000000000000, Not Active, Not Active, Not Active, Not Active, Not Active
2026-08-25T21:33:30+08:00,2026/08/25 21:33:30.135, 1950 MHz, 2100 MHz, 9501 MHz, 1950 MHz, 167.92 W, 350.00 W, 350.00 W, 61, 19 %, 21702 MiB, P2, 0x0000000000000000, Not Active, Not Active, Not Active, Not Active, Not Active
2026-08-25T21:33:35+08:00,2026/08/25 21:33:35.164, 1950 MHz, 2100 MHz, 9501 MHz, 1950 MHz, 233.35 W, 350.00 W, 350.00 W, 63, 86 %, 22574 MiB, P2, 0x0000000000000000, Not Active, Not Active, Not Active, Not Active, Not Active
2026-08-25T21:33:40+08:00,2026/08/25 21:33:40.192, 1950 MHz, 2100 MHz, 9501 MHz, 1950 MHz, 231.61 W, 350.00 W, 350.00 W, 64, 88 %, 22578 MiB, P2, 0x0000000000000000, Not Active, Not Active, Not Active, Not Active, Not Active
2026-08-25T21:33:45+08:00,2026/08/25 21:33:45.219, 1950 MHz, 2100 MHz, 9501 MHz, 1950 MHz, 233.20 W, 350.00 W, 350.00 W, 64, 92 %, 22578 MiB, P2, 0x0000000000000004, Not Active, Not Active, Not Active, Active, Not Active
2026-08-25T21:33:50+08:00,2026/08/25 21:33:50.247, 1950 MHz, 2100 MHz, 9501 MHz, 1950 MHz, 238.29 W, 350.00 W, 350.00 W, 64, 94 %, 22578 MiB, P2, 0x0000000000000004, Not Active, Not Active, Not Active, Active, Not Active
2026-08-25T21:33:55+08:00,2026/08/25 21:33:55.274, 1935 MHz, 2100 MHz, 9501 MHz, 1935 MHz, 230.63 W, 350.00 W, 350.00 W, 64, 94 %, 22578 MiB, P2, 0x0000000000000004, Not Active, Not Active, Not Active, Active, Not Active
2026-08-25T21:34:00+08:00,2026/08/25 21:34:00.304, 1950 MHz, 2100 MHz, 9501 MHz, 1950 MHz, 233.15 W, 350.00 W, 350.00 W, 65, 90 %, 22578 MiB, P2, 0x0000000000000000, Not Active, Not Active, Not Active, Not Active, Not Active
2026-08-25T21:34:05+08:00,2026/08/25 21:34:05.331, 1950 MHz, 2100 MHz, 9501 MHz, 1950 MHz, 238.41 W, 350.00 W, 350.00 W, 65, 90 %, 22578 MiB, P2, 0x0000000000000000, Not Active, Not Active, Not Active, Not Active, Not Active
2026-08-25T21:34:10+08:00,2026/08/25 21:34:10.360, 1950 MHz, 2100 MHz, 9501 MHz, 1950 MHz, 231.38 W, 350.00 W, 350.00 W, 65, 88 %, 22578 MiB, P2, 0x0000000000000000, Not Active, Not Active, Not Active, Not Active, Not Active
2026-08-25T21:34:15+08:00,2026/08/25 21:34:15.389, 1950 MHz, 2100 MHz, 9501 MHz, 1950 MHz, 243.09 W, 350.00 W, 350.00 W, 66, 90 %, 22578 MiB, P2, 0x0000000000000004, Not Active, Not Active, Not Active, Active, Not Active
2026-08-25T21:34:20+08:00,2026/08/25 21:34:20.414, 1950 MHz, 2100 MHz, 9501 MHz, 1950 MHz, 234.85 W, 350.00 W, 350.00 W, 65, 90 %, 22578 MiB, P2, 0x0000000000000004, Not Active, Not Active, Not Active, Active, Not Active
2026-08-25T21:34:25+08:00,2026/08/25 21:34:25.441, 1950 MHz, 2100 MHz, 9501 MHz, 1950 MHz, 240.40 W, 350.00 W, 350.00 W, 66, 88 %, 22584 MiB, P2, 0x0000000000000000, Not Active, Not Active, Not Active, Not Active, Not Active
2026-08-25T21:34:30+08:00,2026/08/25 21:34:30.466, 1950 MHz, 2100 MHz, 9501 MHz, 1950 MHz, 233.73 W, 350.00 W, 350.00 W, 66, 90 %, 22584 MiB, P2, 0x0000000000000004, Not Active, Not Active, Not Active, Active, Not Active
2026-08-25T21:34:35+08:00,2026/08/25 21:34:35.495, 1950 MHz, 2100 MHz, 9501 MHz, 1950 MHz, 235.79 W, 350.00 W, 350.00 W, 66, 87 %, 22584 MiB, P2, 0x0000000000000004, Not Active, Not Active, Not Active, Active, Not Active
2026-08-25T21:34:40+08:00,2026/08/25 21:34:40.524, 1950 MHz, 2100 MHz, 9501 MHz, 1950 MHz, 243.44 W, 350.00 W, 350.00 W, 67, 89 %, 22584 MiB, P2, 0x0000000000000004, Not Active, Not Active, Not Active, Active, Not Active
2026-08-25T21:34:45+08:00,2026/08/25 21:34:45.554, 1950 MHz, 2100 MHz, 9501 MHz, 1950 MHz, 233.61 W, 350.00 W, 350.00 W, 66, 87 %, 22584 MiB, P2, 0x0000000000000004, Not Active, Not Active, Not Active, Active, Not Active
2026-08-25T21:34:50+08:00,2026/08/25 21:34:50.579, 1950 MHz, 2100 MHz, 9501 MHz, 1950 MHz, 238.60 W, 350.00 W, 350.00 W, 66, 91 %, 22584 MiB, P2, 0x0000000000000004, Not Active, Not Active, Not Active, Active, Not Active
2026-08-25T21:34:55+08:00,2026/08/25 21:34:55.619, 1950 MHz, 2100 MHz, 9501 MHz, 1950 MHz, 240.51 W, 350.00 W, 350.00 W, 66, 92 %, 22584 MiB, P2, 0x0000000000000004, Not Active, Not Active, Not Active, Active, Not Active
2026-08-25T21:35:00+08:00,2026/08/25 21:35:00.650, 1950 MHz, 2100 MHz, 9501 MHz, 1950 MHz, 236.65 W, 350.00 W, 350.00 W, 66, 87 %, 22584 MiB, P2, 0x0000000000000004, Not Active, Not Active, Not Active, Active, Not Active
2026-08-25T21:35:05+08:00,2026/08/25 21:35:05.679, 1950 MHz, 2100 MHz, 9501 MHz, 1950 MHz, 241.01 W, 350.00 W, 350.00 W, 66, 89 %, 22584 MiB, P2, 0x0000000000000000, Not Active, Not Active, Not Active, Not Active, Not Active
2026-08-25T21:35:10+08:00,2026/08/25 21:35:10.707, 1950 MHz, 2100 MHz, 9501 MHz, 1950 MHz, 238.46 W, 350.00 W, 350.00 W, 66, 88 %, 22584 MiB, P2, 0x0000000000000004, Not Active, Not Active, Not Active, Active, Not Active
2026-08-25T21:35:15+08:00,2026/08/25 21:35:15.734, 1950 MHz, 2100 MHz, 9501 MHz, 1950 MHz, 240.79 W, 350.00 W, 350.00 W, 67, 89 %, 22584 MiB, P2, 0x0000000000000004, Not Active, Not Active, Not Active, Active, Not Active
2026-08-25T21:35:20+08:00,2026/08/25 21:35:20.763, 1950 MHz, 2100 MHz, 9501 MHz, 1950 MHz, 169.13 W, 350.00 W, 350.00 W, 63, 100 %, 21146 MiB, P2, 0x0000000000000000, Not Active, Not Active, Not Active, Not Active, Not Active
2026-08-25T21:35:25+08:00,2026/08/25 21:35:25.799, 1950 MHz, 2100 MHz, 9501 MHz, 1950 MHz, 168.02 W, 350.00 W, 350.00 W, 62, 100 %, 21146 MiB, P2, 0x0000000000000000, Not Active, Not Active, Not Active, Not Active, Not Active
2026-08-25T21:35:30+08:00,2026/08/25 21:35:30.837, 1950 MHz, 2100 MHz, 9501 MHz, 1950 MHz, 167.11 W, 350.00 W, 350.00 W, 61, 1 %, 21702 MiB, P2, 0x0000000000000000, Not Active, Not Active, Not Active, Not Active, Not Active
2026-08-25T21:35:35+08:00,2026/08/25 21:35:35.864, 1950 MHz, 2100 MHz, 9501 MHz, 1950 MHz, 243.44 W, 350.00 W, 350.00 W, 64, 91 %, 22576 MiB, P2, 0x0000000000000004, Not Active, Not Active, Not Active, Active, Not Active
2026-08-25T21:35:40+08:00,2026/08/25 21:35:40.893, 1950 MHz, 2100 MHz, 9501 MHz, 1950 MHz, 245.93 W, 350.00 W, 350.00 W, 65, 91 %, 22576 MiB, P2, 0x0000000000000004, Not Active, Not Active, Not Active, Active, Not Active
2026-08-25T21:35:45+08:00,2026/08/25 21:35:45.920, 1950 MHz, 2100 MHz, 9501 MHz, 1950 MHz, 235.51 W, 350.00 W, 350.00 W, 64, 93 %, 22582 MiB, P2, 0x0000000000000004, Not Active, Not Active, Not Active, Active, Not Active
2026-08-25T21:35:50+08:00,2026/08/25 21:35:50.949, 1950 MHz, 2100 MHz, 9501 MHz, 1950 MHz, 248.23 W, 350.00 W, 350.00 W, 66, 91 %, 22582 MiB, P2, 0x0000000000000004, Not Active, Not Active, Not Active, Active, Not Active
2026-08-25T21:35:55+08:00,2026/08/25 21:35:55.978, 1950 MHz, 2100 MHz, 9501 MHz, 1950 MHz, 239.67 W, 350.00 W, 350.00 W, 66, 88 %, 22582 MiB, P2, 0x0000000000000004, Not Active, Not Active, Not Active, Active, Not Active
2026-08-25T21:36:00+08:00,2026/08/25 21:36:01.007, 1950 MHz, 2100 MHz, 9501 MHz, 1950 MHz, 234.47 W, 350.00 W, 350.00 W, 66, 88 %, 22582 MiB, P2, 0x0000000000000004, Not Active, Not Active, Not Active, Active, Not Active
2026-08-25T21:36:06+08:00,2026/08/25 21:36:06.038, 1890 MHz, 2100 MHz, 9501 MHz, 1890 MHz, 238.77 W, 350.00 W, 350.00 W, 65, 89 %, 22582 MiB, P2, 0x0000000000000004, Not Active, Not Active, Not Active, Active, Not Active
2026-08-25T21:36:11+08:00,2026/08/25 21:36:11.064, 1950 MHz, 2100 MHz, 9501 MHz, 1950 MHz, 232.11 W, 350.00 W, 350.00 W, 65, 95 %, 22582 MiB, P2, 0x0000000000000004, Not Active, Not Active, Not Active, Active, Not Active
2026-08-25T21:36:16+08:00,2026/08/25 21:36:16.095, 1950 MHz, 2100 MHz, 9501 MHz, 1950 MHz, 221.99 W, 350.00 W, 350.00 W, 67, 90 %, 22582 MiB, P2, 0x0000000000000004, Not Active, Not Active, Not Active, Active, Not Active
2026-08-25T21:36:21+08:00,2026/08/25 21:36:21.125, 1950 MHz, 2100 MHz, 9501 MHz, 1950 MHz, 240.05 W, 350.00 W, 350.00 W, 67, 91 %, 22582 MiB, P2, 0x0000000000000000, Not Active, Not Active, Not Active, Not Active, Not Active
2026-08-25T21:36:26+08:00,2026/08/25 21:36:26.152, 1950 MHz, 2100 MHz, 9501 MHz, 1950 MHz, 243.70 W, 350.00 W, 350.00 W, 66, 94 %, 22582 MiB, P2, 0x0000000000000004, Not Active, Not Active, Not Active, Active, Not Active
2026-08-25T21:36:31+08:00,2026/08/25 21:36:31.187, 1950 MHz, 2100 MHz, 9501 MHz, 1950 MHz, 241.74 W, 350.00 W, 350.00 W, 66, 93 %, 22582 MiB, P2, 0x0000000000000004, Not Active, Not Active, Not Active, Active, Not Active
2026-08-25T21:36:36+08:00,2026/08/25 21:36:36.213, 1950 MHz, 2100 MHz, 9501 MHz, 1950 MHz, 242.08 W, 350.00 W, 350.00 W, 66, 92 %, 22582 MiB, P2, 0x0000000000000004, Not Active, Not Active, Not Active, Active, Not Active
2026-08-25T21:36:41+08:00,2026/08/25 21:36:41.238, 1950 MHz, 2100 MHz, 9501 MHz, 1950 MHz, 252.58 W, 350.00 W, 350.00 W, 68, 89 %, 22584 MiB, P2, 0x0000000000000004, Not Active, Not Active, Not Active, Active, Not Active
2026-08-25T21:36:46+08:00,2026/08/25 21:36:46.266, 1950 MHz, 2100 MHz, 9501 MHz, 1950 MHz, 252.05 W, 350.00 W, 350.00 W, 67, 92 %, 22584 MiB, P2, 0x0000000000000004, Not Active, Not Active, Not Active, Active, Not Active
2026-08-25T21:36:51+08:00,2026/08/25 21:36:51.293, 1905 MHz, 2100 MHz, 9501 MHz, 1905 MHz, 243.40 W, 350.00 W, 350.00 W, 67, 91 %, 22584 MiB, P2, 0x0000000000000004, Not Active, Not Active, Not Active, Active, Not Active
2026-08-25T21:36:56+08:00,2026/08/25 21:36:56.321, 1950 MHz, 2100 MHz, 9501 MHz, 1950 MHz, 244.21 W, 350.00 W, 350.00 W, 68, 91 %, 22584 MiB, P2, 0x0000000000000000, Not Active, Not Active, Not Active, Not Active, Not Active
2026-08-25T21:37:01+08:00,2026/08/25 21:37:01.347, 1950 MHz, 2100 MHz, 9501 MHz, 1950 MHz, 239.17 W, 350.00 W, 350.00 W, 67, 92 %, 22584 MiB, P2, 0x0000000000000004, Not Active, Not Active, Not Active, Active, Not Active
2026-08-25T21:37:06+08:00,2026/08/25 21:37:06.373, 1905 MHz, 2100 MHz, 9501 MHz, 1905 MHz, 247.42 W, 350.00 W, 350.00 W, 67, 90 %, 22584 MiB, P2, 0x0000000000000004, Not Active, Not Active, Not Active, Active, Not Active
2026-08-25T21:37:11+08:00,2026/08/25 21:37:11.400, 1950 MHz, 2100 MHz, 9501 MHz, 1950 MHz, 234.28 W, 350.00 W, 350.00 W, 67, 88 %, 22584 MiB, P2, 0x0000000000000000, Not Active, Not Active, Not Active, Not Active, Not Active
2026-08-25T21:37:16+08:00,2026/08/25 21:37:16.429, 1950 MHz, 2100 MHz, 9501 MHz, 1950 MHz, 244.95 W, 350.00 W, 350.00 W, 67, 89 %, 22584 MiB, P2, 0x0000000000000000, Not Active, Not Active, Not Active, Not Active, Not Active
2026-08-25T21:37:21+08:00,2026/08/25 21:37:21.462, 1950 MHz, 2100 MHz, 9501 MHz, 1950 MHz, 249.60 W, 350.00 W, 350.00 W, 67, 90 %, 22584 MiB, P2, 0x0000000000000004, Not Active, Not Active, Not Active, Active, Not Active
2026-08-25T21:37:26+08:00,2026/08/25 21:37:26.489, 1950 MHz, 2100 MHz, 9501 MHz, 1950 MHz, 228.01 W, 350.00 W, 350.00 W, 65, 47 %, 22584 MiB, P2, 0x0000000000000004, Not Active, Not Active, Not Active, Active, Not Active
2026-08-25T21:37:31+08:00,2026/08/25 21:37:31.515, 1950 MHz, 2100 MHz, 9501 MHz, 1950 MHz, 242.83 W, 350.00 W, 350.00 W, 67, 92 %, 22584 MiB, P2, 0x0000000000000004, Not Active, Not Active, Not Active, Active, Not Active
2026-08-25T21:37:36+08:00,2026/08/25 21:37:36.543, 1950 MHz, 2100 MHz, 9501 MHz, 1950 MHz, 244.60 W, 350.00 W, 350.00 W, 67, 90 %, 22584 MiB, P2, 0x0000000000000004, Not Active, Not Active, Not Active, Active, Not Active
2026-08-25T21:37:41+08:00,2026/08/25 21:37:41.568, 1950 MHz, 2100 MHz, 9501 MHz, 1950 MHz, 242.44 W, 350.00 W, 350.00 W, 67, 91 %, 22584 MiB, P2, 0x0000000000000004, Not Active, Not Active, Not Active, Active, Not Active
2026-08-25T21:37:46+08:00,2026/08/25 21:37:46.596, 1950 MHz, 2100 MHz, 9501 MHz, 1950 MHz, 248.75 W, 350.00 W, 350.00 W, 67, 93 %, 22584 MiB, P2, 0x0000000000000004, Not Active, Not Active, Not Active, Active, Not Active
2026-08-25T21:37:51+08:00,2026/08/25 21:37:51.628, 1950 MHz, 2100 MHz, 9501 MHz, 1950 MHz, 246.46 W, 350.00 W, 350.00 W, 67, 92 %, 22584 MiB, P2, 0x0000000000000004, Not Active, Not Active, Not Active, Active, Not Active
2026-08-25T21:37:56+08:00,2026/08/25 21:37:56.657, 1950 MHz, 2100 MHz, 9501 MHz, 1950 MHz, 169.80 W, 350.00 W, 350.00 W, 63, 100 %, 21146 MiB, P2, 0x0000000000000000, Not Active, Not Active, Not Active, Not Active, Not Active
2026-08-25T21:38:01+08:00,2026/08/25 21:38:01.692, 1950 MHz, 2100 MHz, 9501 MHz, 1950 MHz, 169.18 W, 350.00 W, 350.00 W, 62, 99 %, 21146 MiB, P2, 0x0000000000000000, Not Active, Not Active, Not Active, Not Active, Not Active
2026-08-25T21:38:06+08:00,2026/08/25 21:38:06.728, 1950 MHz, 2100 MHz, 9501 MHz, 1950 MHz, 168.20 W, 350.00 W, 350.00 W, 62, 100 %, 21146 MiB, P2, 0x0000000000000000, Not Active, Not Active, Not Active, Not Active, Not Active
2026-08-25T21:38:11+08:00,2026/08/25 21:38:11.772, 1950 MHz, 2100 MHz, 9501 MHz, 1950 MHz, 243.15 W, 350.00 W, 350.00 W, 65, 91 %, 22602 MiB, P2, 0x0000000000000004, Not Active, Not Active, Not Active, Active, Not Active
2026-08-25T21:38:16+08:00,2026/08/25 21:38:16.801, 1950 MHz, 2100 MHz, 9501 MHz, 1950 MHz, 237.84 W, 350.00 W, 350.00 W, 65, 89 %, 22602 MiB, P2, 0x0000000000000004, Not Active, Not Active, Not Active, Active, Not Active
2026-08-25T21:38:21+08:00,2026/08/25 21:38:21.828, 1830 MHz, 2100 MHz, 9501 MHz, 1830 MHz, 243.76 W, 350.00 W, 350.00 W, 65, 90 %, 22604 MiB, P2, 0x0000000000000004, Not Active, Not Active, Not Active, Active, Not Active
2026-08-25T21:38:26+08:00,2026/08/25 21:38:26.855, 1950 MHz, 2100 MHz, 9501 MHz, 1950 MHz, 240.40 W, 350.00 W, 350.00 W, 65, 90 %, 22614 MiB, P2, 0x0000000000000004, Not Active, Not Active, Not Active, Active, Not Active
2026-08-25T21:38:31+08:00,2026/08/25 21:38:31.883, 1950 MHz, 2100 MHz, 9501 MHz, 1950 MHz, 244.12 W, 350.00 W, 350.00 W, 65, 94 %, 22614 MiB, P2, 0x0000000000000004, Not Active, Not Active, Not Active, Active, Not Active
2026-08-25T21:38:36+08:00,2026/08/25 21:38:36.918, 1950 MHz, 2100 MHz, 9501 MHz, 1950 MHz, 242.97 W, 350.00 W, 350.00 W, 66, 93 %, 22614 MiB, P2, 0x0000000000000004, Not Active, Not Active, Not Active, Active, Not Active
2026-08-25T21:38:41+08:00,2026/08/25 21:38:41.955, 1950 MHz, 2100 MHz, 9501 MHz, 1950 MHz, 251.56 W, 350.00 W, 350.00 W, 65, 94 %, 22614 MiB, P2, 0x0000000000000004, Not Active, Not Active, Not Active, Active, Not Active
2026-08-25T21:38:46+08:00,2026/08/25 21:38:46.984, 1950 MHz, 2100 MHz, 9501 MHz, 1950 MHz, 239.17 W, 350.00 W, 350.00 W, 65, 96 %, 22614 MiB, P2, 0x0000000000000004, Not Active, Not Active, Not Active, Active, Not Active
2026-08-25T21:38:52+08:00,2026/08/25 21:38:52.018, 1905 MHz, 2100 MHz, 9501 MHz, 1905 MHz, 240.56 W, 350.00 W, 350.00 W, 66, 95 %, 22614 MiB, P2, 0x0000000000000004, Not Active, Not Active, Not Active, Active, Not Active
2026-08-25T21:38:57+08:00,2026/08/25 21:38:57.045, 1845 MHz, 2100 MHz, 9501 MHz, 1845 MHz, 238.00 W, 350.00 W, 350.00 W, 65, 94 %, 22614 MiB, P2, 0x0000000000000004, Not Active, Not Active, Not Active, Active, Not Active
2026-08-25T21:39:02+08:00,2026/08/25 21:39:02.074, 1950 MHz, 2100 MHz, 9501 MHz, 1950 MHz, 250.14 W, 350.00 W, 350.00 W, 66, 89 %, 22614 MiB, P2, 0x0000000000000004, Not Active, Not Active, Not Active, Active, Not Active
2026-08-25T21:39:07+08:00,2026/08/25 21:39:07.101, 1950 MHz, 2100 MHz, 9501 MHz, 1950 MHz, 240.33 W, 350.00 W, 350.00 W, 65, 89 %, 22614 MiB, P2, 0x0000000000000004, Not Active, Not Active, Not Active, Active, Not Active
2026-08-25T21:39:12+08:00,2026/08/25 21:39:12.128, 1845 MHz, 2100 MHz, 9501 MHz, 1845 MHz, 243.11 W, 350.00 W, 350.00 W, 66, 96 %, 22614 MiB, P2, 0x0000000000000004, Not Active, Not Active, Not Active, Active, Not Active
2026-08-25T21:39:17+08:00,2026/08/25 21:39:17.156, 1845 MHz, 2100 MHz, 9501 MHz, 1845 MHz, 242.26 W, 350.00 W, 350.00 W, 66, 94 %, 22614 MiB, P2, 0x0000000000000004, Not Active, Not Active, Not Active, Active, Not Active
2026-08-25T21:39:22+08:00,2026/08/25 21:39:22.184, 1950 MHz, 2100 MHz, 9501 MHz, 1950 MHz, 239.15 W, 350.00 W, 350.00 W, 67, 91 %, 22614 MiB, P2, 0x0000000000000004, Not Active, Not Active, Not Active, Active, Not Active
2026-08-25T21:39:27+08:00,2026/08/25 21:39:27.212, 1950 MHz, 2100 MHz, 9501 MHz, 1950 MHz, 240.96 W, 350.00 W, 350.00 W, 65, 90 %, 22614 MiB, P2, 0x0000000000000004, Not Active, Not Active, Not Active, Active, Not Active
2026-08-25T21:39:32+08:00,2026/08/25 21:39:32.240, 1950 MHz, 2100 MHz, 9501 MHz, 1950 MHz, 242.55 W, 350.00 W, 350.00 W, 66, 90 %, 22614 MiB, P2, 0x0000000000000004, Not Active, Not Active, Not Active, Active, Not Active
2026-08-25T21:39:37+08:00,2026/08/25 21:39:37.268, 1950 MHz, 2100 MHz, 9501 MHz, 1950 MHz, 243.46 W, 350.00 W, 350.00 W, 66, 91 %, 22614 MiB, P2, 0x0000000000000004, Not Active, Not Active, Not Active, Active, Not Active
2026-08-25T21:39:42+08:00,2026/08/25 21:39:42.293, 1950 MHz, 2100 MHz, 9501 MHz, 1950 MHz, 242.23 W, 350.00 W, 350.00 W, 66, 89 %, 22614 MiB, P2, 0x0000000000000004, Not Active, Not Active, Not Active, Active, Not Active
2026-08-25T21:39:47+08:00,2026/08/25 21:39:47.323, 1845 MHz, 2100 MHz, 9501 MHz, 1845 MHz, 242.06 W, 350.00 W, 350.00 W, 67, 95 %, 22614 MiB, P2, 0x0000000000000004, Not Active, Not Active, Not Active, Active, Not Active
2026-08-25T21:39:52+08:00,2026/08/25 21:39:52.354, 1950 MHz, 2100 MHz, 9501 MHz, 1950 MHz, 243.82 W, 350.00 W, 350.00 W, 67, 95 %, 22620 MiB, P2, 0x0000000000000004, Not Active, Not Active, Not Active, Active, Not Active
2026-08-25T21:39:57+08:00,2026/08/25 21:39:57.388, 1935 MHz, 2100 MHz, 9501 MHz, 1935 MHz, 229.29 W, 350.00 W, 350.00 W, 67, 88 %, 22620 MiB, P2, 0x0000000000000004, Not Active, Not Active, Not Active, Active, Not Active
2026-08-25T21:40:02+08:00,2026/08/25 21:40:02.423, 1830 MHz, 2100 MHz, 9501 MHz, 1830 MHz, 248.59 W, 350.00 W, 350.00 W, 66, 92 %, 22620 MiB, P2, 0x0000000000000004, Not Active, Not Active, Not Active, Active, Not Active
2026-08-25T21:40:07+08:00,2026/08/25 21:40:07.451, 1950 MHz, 2100 MHz, 9501 MHz, 1950 MHz, 243.98 W, 350.00 W, 350.00 W, 66, 93 %, 22620 MiB, P2, 0x0000000000000004, Not Active, Not Active, Not Active, Active, Not Active
2026-08-25T21:40:12+08:00,2026/08/25 21:40:12.488, 1950 MHz, 2100 MHz, 9501 MHz, 1950 MHz, 242.10 W, 350.00 W, 350.00 W, 68, 91 %, 22620 MiB, P2, 0x0000000000000004, Not Active, Not Active, Not Active, Active, Not Active
2026-08-25T21:40:17+08:00,2026/08/25 21:40:17.522, 1950 MHz, 2100 MHz, 9501 MHz, 1950 MHz, 245.98 W, 350.00 W, 350.00 W, 67, 89 %, 22620 MiB, P2, 0x0000000000000004, Not Active, Not Active, Not Active, Active, Not Active
2026-08-25T21:40:22+08:00,2026/08/25 21:40:22.554, 1935 MHz, 2100 MHz, 9501 MHz, 1935 MHz, 244.96 W, 350.00 W, 350.00 W, 66, 89 %, 22620 MiB, P2, 0x0000000000000004, Not Active, Not Active, Not Active, Active, Not Active
2026-08-25T21:40:27+08:00,2026/08/25 21:40:27.578, 1935 MHz, 2100 MHz, 9501 MHz, 1935 MHz, 247.42 W, 350.00 W, 350.00 W, 66, 90 %, 22620 MiB, P2, 0x0000000000000004, Not Active, Not Active, Not Active, Active, Not Active
2026-08-25T21:40:32+08:00,2026/08/25 21:40:32.607, 1815 MHz, 2100 MHz, 9501 MHz, 1815 MHz, 245.29 W, 350.00 W, 350.00 W, 66, 95 %, 22620 MiB, P2, 0x0000000000000004, Not Active, Not Active, Not Active, Active, Not Active
2026-08-25T21:40:37+08:00,2026/08/25 21:40:37.635, 1860 MHz, 2100 MHz, 9501 MHz, 1860 MHz, 239.86 W, 350.00 W, 350.00 W, 66, 94 %, 22620 MiB, P2, 0x0000000000000004, Not Active, Not Active, Not Active, Active, Not Active
2026-08-25T21:40:42+08:00,2026/08/25 21:40:42.664, 1935 MHz, 2100 MHz, 9501 MHz, 1935 MHz, 238.52 W, 350.00 W, 350.00 W, 67, 89 %, 22620 MiB, P2, 0x0000000000000004, Not Active, Not Active, Not Active, Active, Not Active
2026-08-25T21:40:47+08:00,2026/08/25 21:40:47.693, 1935 MHz, 2100 MHz, 9501 MHz, 1935 MHz, 240.70 W, 350.00 W, 350.00 W, 67, 93 %, 22620 MiB, P2, 0x0000000000000004, Not Active, Not Active, Not Active, Active, Not Active
2026-08-25T21:40:52+08:00,2026/08/25 21:40:52.721, 1935 MHz, 2100 MHz, 9501 MHz, 1935 MHz, 242.35 W, 350.00 W, 350.00 W, 66, 90 %, 22620 MiB, P2, 0x0000000000000004, Not Active, Not Active, Not Active, Active, Not Active
2026-08-25T21:40:57+08:00,2026/08/25 21:40:57.754, 1935 MHz, 2100 MHz, 9501 MHz, 1935 MHz, 236.86 W, 350.00 W, 350.00 W, 66, 97 %, 22620 MiB, P2, 0x0000000000000004, Not Active, Not Active, Not Active, Active, Not Active
2026-08-25T21:41:02+08:00,2026/08/25 21:41:02.780, 1920 MHz, 2100 MHz, 9501 MHz, 1920 MHz, 242.68 W, 350.00 W, 350.00 W, 67, 96 %, 22620 MiB, P2, 0x0000000000000004, Not Active, Not Active, Not Active, Active, Not Active
2026-08-25T21:41:07+08:00,2026/08/25 21:41:07.807, 1845 MHz, 2100 MHz, 9501 MHz, 1845 MHz, 241.59 W, 350.00 W, 350.00 W, 66, 95 %, 22620 MiB, P2, 0x0000000000000004, Not Active, Not Active, Not Active, Active, Not Active
2026-08-25T21:41:12+08:00,2026/08/25 21:41:12.833, 1935 MHz, 2100 MHz, 9501 MHz, 1935 MHz, 247.19 W, 350.00 W, 350.00 W, 67, 92 %, 22620 MiB, P2, 0x0000000000000004, Not Active, Not Active, Not Active, Active, Not Active
2026-08-25T21:41:17+08:00,2026/08/25 21:41:17.861, 1935 MHz, 2100 MHz, 9501 MHz, 1935 MHz, 240.84 W, 350.00 W, 350.00 W, 66, 96 %, 22620 MiB, P2, 0x0000000000000004, Not Active, Not Active, Not Active, Active, Not Active
2026-08-25T21:41:22+08:00,2026/08/25 21:41:22.889, 1935 MHz, 2100 MHz, 9501 MHz, 1935 MHz, 251.12 W, 350.00 W, 350.00 W, 67, 94 %, 22620 MiB, P2, 0x0000000000000004, Not Active, Not Active, Not Active, Active, Not Active
2026-08-25T21:41:27+08:00,2026/08/25 21:41:27.921, 1950 MHz, 2100 MHz, 9501 MHz, 1950 MHz, 170.02 W, 350.00 W, 350.00 W, 63, 100 %, 21146 MiB, P2, 0x0000000000000000, Not Active, Not Active, Not Active, Not Active, Not Active
2026-08-25T21:41:32+08:00,2026/08/25 21:41:32.956, 1950 MHz, 2100 MHz, 9501 MHz, 1950 MHz, 168.84 W, 350.00 W, 350.00 W, 62, 100 %, 21146 MiB, P2, 0x0000000000000000, Not Active, Not Active, Not Active, Not Active, Not Active
2026-08-25T21:41:37+08:00,2026/08/25 21:41:38.001, 1950 MHz, 2100 MHz, 9501 MHz, 1950 MHz, 167.90 W, 350.00 W, 350.00 W, 61, 99 %, 21146 MiB, P2, 0x0000000000000000, Not Active, Not Active, Not Active, Not Active, Not Active
2026-08-25T21:41:43+08:00,2026/08/25 21:41:43.037, 1920 MHz, 2100 MHz, 9501 MHz, 1920 MHz, 234.36 W, 350.00 W, 350.00 W, 64, 91 %, 22574 MiB, P2, 0x0000000000000004, Not Active, Not Active, Not Active, Active, Not Active
2026-08-25T21:41:48+08:00,2026/08/25 21:41:48.066, 1950 MHz, 2100 MHz, 9501 MHz, 1950 MHz, 241.15 W, 350.00 W, 350.00 W, 65, 91 %, 22574 MiB, P2, 0x0000000000000000, Not Active, Not Active, Not Active, Not Active, Not Active
2026-08-25T21:41:53+08:00,2026/08/25 21:41:53.093, 1950 MHz, 2100 MHz, 9501 MHz, 1950 MHz, 234.45 W, 350.00 W, 350.00 W, 64, 90 %, 22578 MiB, P2, 0x0000000000000000, Not Active, Not Active, Not Active, Not Active, Not Active
2026-08-25T21:41:58+08:00,2026/08/25 21:41:58.121, 1950 MHz, 2100 MHz, 9501 MHz, 1950 MHz, 241.25 W, 350.00 W, 350.00 W, 64, 89 %, 22578 MiB, P2, 0x0000000000000000, Not Active, Not Active, Not Active, Not Active, Not Active
2026-08-25T21:42:03+08:00,2026/08/25 21:42:03.145, 1950 MHz, 2100 MHz, 9501 MHz, 1950 MHz, 233.25 W, 350.00 W, 350.00 W, 64, 90 %, 22578 MiB, P2, 0x0000000000000004, Not Active, Not Active, Not Active, Active, Not Active
2026-08-25T21:42:08+08:00,2026/08/25 21:42:08.171, 1950 MHz, 2100 MHz, 9501 MHz, 1950 MHz, 238.03 W, 350.00 W, 350.00 W, 65, 92 %, 22578 MiB, P2, 0x0000000000000004, Not Active, Not Active, Not Active, Active, Not Active
2026-08-25T21:42:13+08:00,2026/08/25 21:42:13.200, 1950 MHz, 2100 MHz, 9501 MHz, 1950 MHz, 236.61 W, 350.00 W, 350.00 W, 65, 88 %, 22578 MiB, P2, 0x0000000000000000, Not Active, Not Active, Not Active, Not Active, Not Active
2026-08-25T21:42:18+08:00,2026/08/25 21:42:18.226, 1950 MHz, 2100 MHz, 9501 MHz, 1950 MHz, 237.71 W, 350.00 W, 350.00 W, 65, 90 %, 22578 MiB, P2, 0x0000000000000004, Not Active, Not Active, Not Active, Active, Not Active
2026-08-25T21:42:23+08:00,2026/08/25 21:42:23.256, 1950 MHz, 2100 MHz, 9501 MHz, 1950 MHz, 224.82 W, 350.00 W, 350.00 W, 65, 90 %, 22578 MiB, P2, 0x0000000000000004, Not Active, Not Active, Not Active, Active, Not Active
2026-08-25T21:42:28+08:00,2026/08/25 21:42:28.287, 1950 MHz, 2100 MHz, 9501 MHz, 1950 MHz, 239.29 W, 350.00 W, 350.00 W, 65, 90 %, 22578 MiB, P2, 0x0000000000000000, Not Active, Not Active, Not Active, Not Active, Not Active
2026-08-25T21:42:33+08:00,2026/08/25 21:42:33.314, 1950 MHz, 2100 MHz, 9501 MHz, 1950 MHz, 237.20 W, 350.00 W, 350.00 W, 65, 89 %, 22584 MiB, P2, 0x0000000000000004, Not Active, Not Active, Not Active, Active, Not Active
2026-08-25T21:42:38+08:00,2026/08/25 21:42:38.342, 1950 MHz, 2100 MHz, 9501 MHz, 1950 MHz, 232.95 W, 350.00 W, 350.00 W, 64, 31 %, 22584 MiB, P2, 0x0000000000000000, Not Active, Not Active, Not Active, Not Active, Not Active
2026-08-25T21:42:43+08:00,2026/08/25 21:42:43.367, 1950 MHz, 2100 MHz, 9501 MHz, 1950 MHz, 237.79 W, 350.00 W, 350.00 W, 65, 89 %, 22584 MiB, P2, 0x0000000000000000, Not Active, Not Active, Not Active, Not Active, Not Active
2026-08-25T21:42:48+08:00,2026/08/25 21:42:48.394, 1950 MHz, 2100 MHz, 9501 MHz, 1950 MHz, 234.44 W, 350.00 W, 350.00 W, 65, 79 %, 22584 MiB, P2, 0x0000000000000004, Not Active, Not Active, Not Active, Active, Not Active
2026-08-25T21:42:53+08:00,2026/08/25 21:42:53.422, 1950 MHz, 2100 MHz, 9501 MHz, 1950 MHz, 244.48 W, 350.00 W, 350.00 W, 66, 89 %, 22584 MiB, P2, 0x0000000000000000, Not Active, Not Active, Not Active, Not Active, Not Active
2026-08-25T21:42:58+08:00,2026/08/25 21:42:58.449, 1950 MHz, 2100 MHz, 9501 MHz, 1950 MHz, 240.21 W, 350.00 W, 350.00 W, 65, 88 %, 22584 MiB, P2, 0x0000000000000004, Not Active, Not Active, Not Active, Active, Not Active
2026-08-25T21:43:03+08:00,2026/08/25 21:43:03.480, 1890 MHz, 2100 MHz, 9501 MHz, 1890 MHz, 234.11 W, 350.00 W, 350.00 W, 65, 89 %, 22584 MiB, P2, 0x0000000000000004, Not Active, Not Active, Not Active, Active, Not Active
2026-08-25T21:43:08+08:00,2026/08/25 21:43:08.513, 1890 MHz, 2100 MHz, 9501 MHz, 1890 MHz, 237.05 W, 350.00 W, 350.00 W, 65, 94 %, 22584 MiB, P2, 0x0000000000000004, Not Active, Not Active, Not Active, Active, Not Active
2026-08-25T21:43:13+08:00,2026/08/25 21:43:13.539, 1935 MHz, 2100 MHz, 9501 MHz, 1935 MHz, 231.80 W, 350.00 W, 350.00 W, 64, 91 %, 22584 MiB, P2, 0x0000000000000004, Not Active, Not Active, Not Active, Active, Not Active
2026-08-25T21:43:18+08:00,2026/08/25 21:43:18.569, 1950 MHz, 2100 MHz, 9501 MHz, 1950 MHz, 239.55 W, 350.00 W, 350.00 W, 65, 90 %, 22584 MiB, P2, 0x0000000000000004, Not Active, Not Active, Not Active, Active, Not Active
2026-08-25T21:43:23+08:00,2026/08/25 21:43:23.596, 1950 MHz, 2100 MHz, 9501 MHz, 1950 MHz, 237.72 W, 350.00 W, 350.00 W, 65, 89 %, 22584 MiB, P2, 0x0000000000000000, Not Active, Not Active, Not Active, Not Active, Not Active
2026-08-25T21:43:28+08:00,2026/08/25 21:43:28.625, 1950 MHz, 2100 MHz, 9501 MHz, 1950 MHz, 168.66 W, 350.00 W, 350.00 W, 62, 100 %, 21146 MiB, P2, 0x0000000000000000, Not Active, Not Active, Not Active, Not Active, Not Active
2026-08-25T21:43:33+08:00,2026/08/25 21:43:33.666, 1950 MHz, 2100 MHz, 9501 MHz, 1950 MHz, 167.54 W, 350.00 W, 350.00 W, 61, 100 %, 21146 MiB, P2, 0x0000000000000000, Not Active, Not Active, Not Active, Not Active, Not Active
2026-08-25T21:43:38+08:00,2026/08/25 21:43:38.702, 1950 MHz, 2100 MHz, 9501 MHz, 1950 MHz, 167.23 W, 350.00 W, 350.00 W, 61, 99 %, 21146 MiB, P2, 0x0000000000000000, Not Active, Not Active, Not Active, Not Active, Not Active
2026-08-25T21:43:43+08:00,2026/08/25 21:43:43.737, 1950 MHz, 2100 MHz, 9501 MHz, 1950 MHz, 272.40 W, 350.00 W, 350.00 W, 65, 84 %, 21732 MiB, P2, 0x0000000000000004, Not Active, Not Active, Not Active, Active, Not Active
2026-08-25T21:43:48+08:00,2026/08/25 21:43:48.764, 1950 MHz, 2100 MHz, 9501 MHz, 1950 MHz, 269.64 W, 350.00 W, 350.00 W, 67, 85 %, 21734 MiB, P2, 0x0000000000000004, Not Active, Not Active, Not Active, Active, Not Active
2026-08-25T21:43:53+08:00,2026/08/25 21:43:53.794, 1890 MHz, 2100 MHz, 9501 MHz, 1890 MHz, 252.31 W, 350.00 W, 350.00 W, 65, 89 %, 21734 MiB, P2, 0x0000000000000004, Not Active, Not Active, Not Active, Active, Not Active
2026-08-25T21:43:58+08:00,2026/08/25 21:43:58.829, 1935 MHz, 2100 MHz, 9501 MHz, 1935 MHz, 294.01 W, 350.00 W, 350.00 W, 67, 87 %, 21734 MiB, P2, 0x0000000000000004, Not Active, Not Active, Not Active, Active, Not Active
2026-08-25T21:44:03+08:00,2026/08/25 21:44:03.854, 1935 MHz, 2100 MHz, 9501 MHz, 1935 MHz, 277.77 W, 350.00 W, 350.00 W, 68, 86 %, 21740 MiB, P2, 0x0000000000000004, Not Active, Not Active, Not Active, Active, Not Active
2026-08-25T21:44:08+08:00,2026/08/25 21:44:08.878, 1935 MHz, 2100 MHz, 9501 MHz, 1935 MHz, 305.24 W, 350.00 W, 350.00 W, 68, 85 %, 21740 MiB, P2, 0x0000000000000004, Not Active, Not Active, Not Active, Active, Not Active
2026-08-25T21:44:13+08:00,2026/08/25 21:44:13.904, 1935 MHz, 2100 MHz, 9501 MHz, 1935 MHz, 275.01 W, 350.00 W, 350.00 W, 67, 90 %, 21740 MiB, P2, 0x0000000000000004, Not Active, Not Active, Not Active, Active, Not Active
2026-08-25T21:44:18+08:00,2026/08/25 21:44:18.932, 1935 MHz, 2100 MHz, 9501 MHz, 1935 MHz, 302.19 W, 350.00 W, 350.00 W, 69, 86 %, 21740 MiB, P2, 0x0000000000000004, Not Active, Not Active, Not Active, Active, Not Active
2026-08-25T21:44:23+08:00,2026/08/25 21:44:23.961, 1920 MHz, 2100 MHz, 9501 MHz, 1920 MHz, 284.99 W, 350.00 W, 350.00 W, 71, 87 %, 21740 MiB, P2, 0x0000000000000004, Not Active, Not Active, Not Active, Active, Not Active
2026-08-25T21:44:28+08:00,2026/08/25 21:44:28.985, 1935 MHz, 2100 MHz, 9501 MHz, 1935 MHz, 175.68 W, 350.00 W, 350.00 W, 65, 0 %, 346 MiB, P2, 0x0000000000000000, Not Active, Not Active, Not Active, Not Active, Not Active
2026-08-25T21:44:33+08:00,2026/08/25 21:44:34.011, 1950 MHz, 2100 MHz, 9501 MHz, 1950 MHz, 170.82 W, 350.00 W, 350.00 W, 63, 100 %, 21146 MiB, P2, 0x0000000000000000, Not Active, Not Active, Not Active, Not Active, Not Active
2026-08-25T21:44:39+08:00,2026/08/25 21:44:39.046, 1950 MHz, 2100 MHz, 9501 MHz, 1950 MHz, 169.69 W, 350.00 W, 350.00 W, 62, 100 %, 21146 MiB, P2, 0x0000000000000000, Not Active, Not Active, Not Active, Not Active, Not Active
2026-08-25T21:44:44+08:00,2026/08/25 21:44:44.083, 1935 MHz, 2100 MHz, 9501 MHz, 1935 MHz, 336.79 W, 350.00 W, 350.00 W, 69, 85 %, 21822 MiB, P2, 0x0000000000000004, Not Active, Not Active, Not Active, Active, Not Active
2026-08-25T21:44:49+08:00,2026/08/25 21:44:49.113, 1920 MHz, 2100 MHz, 9501 MHz, 1920 MHz, 337.68 W, 350.00 W, 350.00 W, 70, 86 %, 21822 MiB, P2, 0x0000000000000004, Not Active, Not Active, Not Active, Active, Not Active
2026-08-25T21:44:54+08:00,2026/08/25 21:44:54.141, 1935 MHz, 2100 MHz, 9501 MHz, 1935 MHz, 278.97 W, 350.00 W, 350.00 W, 70, 84 %, 21826 MiB, P2, 0x0000000000000004, Not Active, Not Active, Not Active, Active, Not Active
2026-08-25T21:44:59+08:00,2026/08/25 21:44:59.170, 1920 MHz, 2100 MHz, 9501 MHz, 1920 MHz, 318.93 W, 350.00 W, 350.00 W, 71, 27 %, 21832 MiB, P2, 0x0000000000000004, Not Active, Not Active, Not Active, Active, Not Active
2026-08-25T21:45:04+08:00,2026/08/25 21:45:04.195, 1920 MHz, 2100 MHz, 9501 MHz, 1920 MHz, 338.58 W, 350.00 W, 350.00 W, 73, 86 %, 21832 MiB, P2, 0x0000000000000004, Not Active, Not Active, Not Active, Active, Not Active
2026-08-25T21:45:09+08:00,2026/08/25 21:45:09.228, 1905 MHz, 2100 MHz, 9501 MHz, 1905 MHz, 332.58 W, 350.00 W, 350.00 W, 73, 83 %, 21832 MiB, P2, 0x0000000000000004, Not Active, Not Active, Not Active, Active, Not Active
2026-08-25T21:45:14+08:00,2026/08/25 21:45:14.254, 1935 MHz, 2100 MHz, 9501 MHz, 1935 MHz, 182.73 W, 350.00 W, 350.00 W, 68, 7 %, 346 MiB, P2, 0x0000000000000000, Not Active, Not Active, Not Active, Not Active, Not Active
2026-08-25T21:45:19+08:00,2026/08/25 21:45:19.280, 1950 MHz, 2100 MHz, 9501 MHz, 1950 MHz, 171.18 W, 350.00 W, 350.00 W, 64, 100 %, 21146 MiB, P2, 0x0000000000000000, Not Active, Not Active, Not Active, Not Active, Not Active
2026-08-25T21:45:24+08:00,2026/08/25 21:45:24.315, 1950 MHz, 2100 MHz, 9501 MHz, 1950 MHz, 175.90 W, 350.00 W, 350.00 W, 63, 31 %, 21868 MiB, P2, 0x0000000000000000, Not Active, Not Active, Not Active, Not Active, Not Active
2026-08-25T21:45:29+08:00,2026/08/25 21:45:29.349, 1920 MHz, 2100 MHz, 9501 MHz, 1920 MHz, 336.75 W, 350.00 W, 350.00 W, 71, 85 %, 21890 MiB, P2, 0x0000000000000004, Not Active, Not Active, Not Active, Active, Not Active
2026-08-25T21:45:34+08:00,2026/08/25 21:45:34.375, 1920 MHz, 2100 MHz, 9501 MHz, 1920 MHz, 289.26 W, 350.00 W, 350.00 W, 71, 85 %, 21892 MiB, P2, 0x0000000000000004, Not Active, Not Active, Not Active, Active, Not Active
2026-08-25T21:45:39+08:00,2026/08/25 21:45:39.405, 1920 MHz, 2100 MHz, 9501 MHz, 1920 MHz, 312.66 W, 350.00 W, 350.00 W, 69, 51 %, 21892 MiB, P2, 0x0000000000000004, Not Active, Not Active, Not Active, Active, Not Active
2026-08-25T21:45:44+08:00,2026/08/25 21:45:44.430, 1920 MHz, 2100 MHz, 9501 MHz, 1920 MHz, 335.93 W, 350.00 W, 350.00 W, 72, 85 %, 21892 MiB, P2, 0x0000000000000004, Not Active, Not Active, Not Active, Active, Not Active
2026-08-25T21:45:49+08:00,2026/08/25 21:45:49.462, 1920 MHz, 2100 MHz, 9501 MHz, 1920 MHz, 331.11 W, 350.00 W, 350.00 W, 73, 86 %, 21892 MiB, P2, 0x0000000000000004, Not Active, Not Active, Not Active, Active, Not Active
2026-08-25T21:45:54+08:00,2026/08/25 21:45:54.490, 1920 MHz, 2100 MHz, 9501 MHz, 1920 MHz, 289.44 W, 350.00 W, 350.00 W, 73, 85 %, 21892 MiB, P2, 0x0000000000000004, Not Active, Not Active, Not Active, Active, Not Active
2026-08-25T21:45:59+08:00,2026/08/25 21:45:59.520, 1935 MHz, 2100 MHz, 9501 MHz, 1935 MHz, 174.07 W, 350.00 W, 350.00 W, 65, 100 %, 21146 MiB, P2, 0x0000000000000000, Not Active, Not Active, Not Active, Not Active, Not Active
2026-08-25T21:46:04+08:00,2026/08/25 21:46:04.556, 1950 MHz, 2100 MHz, 9501 MHz, 1950 MHz, 172.44 W, 350.00 W, 350.00 W, 63, 99 %, 21146 MiB, P2, 0x0000000000000000, Not Active, Not Active, Not Active, Not Active, Not Active
2026-08-25T21:46:09+08:00,2026/08/25 21:46:09.593, 1950 MHz, 2100 MHz, 9501 MHz, 1950 MHz, 171.79 W, 350.00 W, 350.00 W, 62, 99 %, 21146 MiB, P2, 0x0000000000000000, Not Active, Not Active, Not Active, Not Active, Not Active
2026-08-25T21:46:14+08:00,2026/08/25 21:46:14.628, 1920 MHz, 2100 MHz, 9501 MHz, 1920 MHz, 305.67 W, 350.00 W, 350.00 W, 69, 85 %, 21866 MiB, P2, 0x0000000000000004, Not Active, Not Active, Not Active, Active, Not Active
2026-08-25T21:46:19+08:00,2026/08/25 21:46:19.655, 1935 MHz, 2100 MHz, 9501 MHz, 1935 MHz, 293.31 W, 350.00 W, 350.00 W, 70, 86 %, 21866 MiB, P2, 0x0000000000000004, Not Active, Not Active, Not Active, Active, Not Active
2026-08-25T21:46:24+08:00,2026/08/25 21:46:24.681, 1920 MHz, 2100 MHz, 9501 MHz, 1920 MHz, 331.74 W, 350.00 W, 350.00 W, 69, 38 %, 21866 MiB, P2, 0x0000000000000004, Not Active, Not Active, Not Active, Active, Not Active
2026-08-25T21:46:29+08:00,2026/08/25 21:46:29.706, 1920 MHz, 2100 MHz, 9501 MHz, 1920 MHz, 341.22 W, 350.00 W, 350.00 W, 72, 86 %, 21874 MiB, P2, 0x0000000000000004, Not Active, Not Active, Not Active, Active, Not Active
2026-08-25T21:46:34+08:00,2026/08/25 21:46:34.733, 1920 MHz, 2100 MHz, 9501 MHz, 1920 MHz, 343.08 W, 350.00 W, 350.00 W, 74, 86 %, 21874 MiB, P2, 0x0000000000000004, Not Active, Not Active, Not Active, Active, Not Active
2026-08-25T21:46:39+08:00,2026/08/25 21:46:39.762, 1905 MHz, 2100 MHz, 9501 MHz, 1905 MHz, 345.37 W, 350.00 W, 350.00 W, 74, 88 %, 21874 MiB, P2, 0x0000000000000004, Not Active, Not Active, Not Active, Active, Not Active
2026-08-25T21:46:44+08:00,2026/08/25 21:46:44.788, 1935 MHz, 2100 MHz, 9501 MHz, 1935 MHz, 174.15 W, 350.00 W, 350.00 W, 65, 100 %, 21146 MiB, P2, 0x0000000000000000, Not Active, Not Active, Not Active, Not Active, Not Active
2026-08-25T21:46:49+08:00,2026/08/25 21:46:49.823, 1950 MHz, 2100 MHz, 9501 MHz, 1950 MHz, 172.75 W, 350.00 W, 350.00 W, 63, 100 %, 21146 MiB, P2, 0x0000000000000000, Not Active, Not Active, Not Active, Not Active, Not Active
2026-08-25T21:46:54+08:00,2026/08/25 21:46:54.859, 1950 MHz, 2100 MHz, 9501 MHz, 1950 MHz, 170.89 W, 350.00 W, 350.00 W, 62, 100 %, 21146 MiB, P2, 0x0000000000000000, Not Active, Not Active, Not Active, Not Active, Not Active
2026-08-25T21:46:59+08:00,2026/08/25 21:46:59.898, 1935 MHz, 2100 MHz, 9501 MHz, 1935 MHz, 256.64 W, 350.00 W, 350.00 W, 66, 81 %, 21872 MiB, P2, 0x0000000000000004, Not Active, Not Active, Not Active, Active, Not Active
2026-08-25T21:47:04+08:00,2026/08/25 21:47:04.932, 1950 MHz, 2100 MHz, 9501 MHz, 1950 MHz, 236.79 W, 350.00 W, 350.00 W, 65, 87 %, 21872 MiB, P2, 0x0000000000000000, Not Active, Not Active, Not Active, Not Active, Not Active
2026-08-25T21:47:09+08:00,2026/08/25 21:47:09.958, 1935 MHz, 2100 MHz, 9501 MHz, 1935 MHz, 251.55 W, 350.00 W, 350.00 W, 68, 85 %, 21872 MiB, P2, 0x0000000000000004, Not Active, Not Active, Not Active, Active, Not Active
2026-08-25T21:47:14+08:00,2026/08/25 21:47:14.990, 1935 MHz, 2100 MHz, 9501 MHz, 1935 MHz, 281.27 W, 350.00 W, 350.00 W, 67, 84 %, 21872 MiB, P2, 0x0000000000000004, Not Active, Not Active, Not Active, Active, Not Active
2026-08-25T21:47:20+08:00,2026/08/25 21:47:20.020, 1920 MHz, 2100 MHz, 9501 MHz, 1920 MHz, 271.92 W, 350.00 W, 350.00 W, 67, 89 %, 21878 MiB, P2, 0x0000000000000004, Not Active, Not Active, Not Active, Active, Not Active
2026-08-25T21:47:25+08:00,2026/08/25 21:47:25.048, 1920 MHz, 2100 MHz, 9501 MHz, 1920 MHz, 294.60 W, 350.00 W, 350.00 W, 69, 84 %, 21878 MiB, P2, 0x0000000000000004, Not Active, Not Active, Not Active, Active, Not Active
2026-08-25T21:47:30+08:00,2026/08/25 21:47:30.078, 1920 MHz, 2100 MHz, 9501 MHz, 1920 MHz, 263.00 W, 350.00 W, 350.00 W, 67, 83 %, 21878 MiB, P2, 0x0000000000000004, Not Active, Not Active, Not Active, Active, Not Active
2026-08-25T21:47:35+08:00,2026/08/25 21:47:35.110, 1920 MHz, 2100 MHz, 9501 MHz, 1920 MHz, 261.14 W, 350.00 W, 350.00 W, 67, 86 %, 21878 MiB, P2, 0x0000000000000004, Not Active, Not Active, Not Active, Active, Not Active
2026-08-25T21:47:40+08:00,2026/08/25 21:47:40.136, 1920 MHz, 2100 MHz, 9501 MHz, 1920 MHz, 276.93 W, 350.00 W, 350.00 W, 67, 92 %, 21878 MiB, P2, 0x0000000000000004, Not Active, Not Active, Not Active, Active, Not Active
2026-08-25T21:47:45+08:00,2026/08/25 21:47:45.166, 1920 MHz, 2100 MHz, 9501 MHz, 1920 MHz, 265.48 W, 350.00 W, 350.00 W, 69, 84 %, 21878 MiB, P2, 0x0000000000000004, Not Active, Not Active, Not Active, Active, Not Active
2026-08-25T21:47:50+08:00,2026/08/25 21:47:50.195, 1950 MHz, 2100 MHz, 9501 MHz, 1950 MHz, 170.78 W, 350.00 W, 350.00 W, 62, 100 %, 21146 MiB, P2, 0x0000000000000000, Not Active, Not Active, Not Active, Not Active, Not Active
2026-08-25T21:47:55+08:00,2026/08/25 21:47:55.231, 1950 MHz, 2100 MHz, 9501 MHz, 1950 MHz, 169.92 W, 350.00 W, 350.00 W, 61, 100 %, 21146 MiB, P2, 0x0000000000000000, Not Active, Not Active, Not Active, Not Active, Not Active
2026-08-25T21:48:00+08:00,2026/08/25 21:48:00.264, 1950 MHz, 2100 MHz, 9501 MHz, 1950 MHz, 168.38 W, 350.00 W, 350.00 W, 60, 18 %, 21836 MiB, P2, 0x0000000000000000, Not Active, Not Active, Not Active, Not Active, Not Active
2026-08-25T21:48:05+08:00,2026/08/25 21:48:05.293, 1950 MHz, 2100 MHz, 9501 MHz, 1950 MHz, 243.72 W, 350.00 W, 350.00 W, 64, 85 %, 21872 MiB, P2, 0x0000000000000000, Not Active, Not Active, Not Active, Not Active, Not Active
2026-08-25T21:48:10+08:00,2026/08/25 21:48:10.322, 1950 MHz, 2100 MHz, 9501 MHz, 1950 MHz, 238.61 W, 350.00 W, 350.00 W, 66, 82 %, 21872 MiB, P2, 0x0000000000000004, Not Active, Not Active, Not Active, Active, Not Active
2026-08-25T21:48:15+08:00,2026/08/25 21:48:15.349, 1950 MHz, 2100 MHz, 9501 MHz, 1950 MHz, 264.21 W, 350.00 W, 350.00 W, 66, 88 %, 21872 MiB, P2, 0x0000000000000004, Not Active, Not Active, Not Active, Active, Not Active
2026-08-25T21:48:20+08:00,2026/08/25 21:48:20.382, 1950 MHz, 2100 MHz, 9501 MHz, 1950 MHz, 265.43 W, 350.00 W, 350.00 W, 66, 86 %, 21872 MiB, P2, 0x0000000000000004, Not Active, Not Active, Not Active, Active, Not Active
2026-08-25T21:48:25+08:00,2026/08/25 21:48:25.413, 1950 MHz, 2100 MHz, 9501 MHz, 1950 MHz, 273.63 W, 350.00 W, 350.00 W, 66, 92 %, 21878 MiB, P2, 0x0000000000000000, Not Active, Not Active, Not Active, Not Active, Not Active
2026-08-25T21:48:30+08:00,2026/08/25 21:48:30.442, 1935 MHz, 2100 MHz, 9501 MHz, 1935 MHz, 306.02 W, 350.00 W, 350.00 W, 67, 86 %, 21878 MiB, P2, 0x0000000000000004, Not Active, Not Active, Not Active, Active, Not Active
2026-08-25T21:48:35+08:00,2026/08/25 21:48:35.470, 1950 MHz, 2100 MHz, 9501 MHz, 1950 MHz, 273.98 W, 350.00 W, 350.00 W, 65, 89 %, 21878 MiB, P2, 0x0000000000000000, Not Active, Not Active, Not Active, Not Active, Not Active
2026-08-25T21:48:40+08:00,2026/08/25 21:48:40.499, 1935 MHz, 2100 MHz, 9501 MHz, 1935 MHz, 253.90 W, 350.00 W, 350.00 W, 66, 89 %, 21878 MiB, P2, 0x0000000000000000, Not Active, Not Active, Not Active, Not Active, Not Active
2026-08-25T21:48:45+08:00,2026/08/25 21:48:45.536, 1935 MHz, 2100 MHz, 9501 MHz, 1935 MHz, 268.79 W, 350.00 W, 350.00 W, 67, 89 %, 21878 MiB, P2, 0x0000000000000004, Not Active, Not Active, Not Active, Active, Not Active
2026-08-25T21:48:50+08:00,2026/08/25 21:48:50.572, 1935 MHz, 2100 MHz, 9501 MHz, 1935 MHz, 266.33 W, 350.00 W, 350.00 W, 67, 88 %, 21878 MiB, P2, 0x0000000000000004, Not Active, Not Active, Not Active, Active, Not Active
2026-08-25T21:48:55+08:00,2026/08/25 21:48:55.601, 1950 MHz, 2100 MHz, 9501 MHz, 1950 MHz, 170.09 W, 350.00 W, 350.00 W, 62, 100 %, 21146 MiB, P2, 0x0000000000000000, Not Active, Not Active, Not Active, Not Active, Not Active
2026-08-25T21:49:00+08:00,2026/08/25 21:49:00.636, 1950 MHz, 2100 MHz, 9501 MHz, 1950 MHz, 168.48 W, 350.00 W, 350.00 W, 61, 99 %, 21146 MiB, P2, 0x0000000000000000, Not Active, Not Active, Not Active, Not Active, Not Active
2026-08-25T21:49:05+08:00,2026/08/25 21:49:05.669, 1950 MHz, 2100 MHz, 9501 MHz, 1950 MHz, 181.57 W, 350.00 W, 350.00 W, 63, 69 %, 21866 MiB, P2, 0x0000000000000004, Not Active, Not Active, Not Active, Active, Not Active
2026-08-25T21:49:10+08:00,2026/08/25 21:49:10.698, 1935 MHz, 2100 MHz, 9501 MHz, 1935 MHz, 321.26 W, 350.00 W, 350.00 W, 67, 18 %, 21866 MiB, P2, 0x0000000000000004, Not Active, Not Active, Not Active, Active, Not Active
2026-08-25T21:49:15+08:00,2026/08/25 21:49:15.725, 1920 MHz, 2100 MHz, 9501 MHz, 1920 MHz, 333.12 W, 350.00 W, 350.00 W, 69, 85 %, 21866 MiB, P2, 0x0000000000000004, Not Active, Not Active, Not Active, Active, Not Active
2026-08-25T21:49:20+08:00,2026/08/25 21:49:20.754, 1920 MHz, 2100 MHz, 9501 MHz, 1920 MHz, 336.20 W, 350.00 W, 350.00 W, 70, 85 %, 21874 MiB, P2, 0x0000000000000004, Not Active, Not Active, Not Active, Active, Not Active
2026-08-25T21:49:25+08:00,2026/08/25 21:49:25.782, 1920 MHz, 2100 MHz, 9501 MHz, 1920 MHz, 341.33 W, 350.00 W, 350.00 W, 71, 86 %, 21874 MiB, P2, 0x0000000000000004, Not Active, Not Active, Not Active, Active, Not Active
2026-08-25T21:49:30+08:00,2026/08/25 21:49:30.811, 1920 MHz, 2100 MHz, 9501 MHz, 1920 MHz, 334.08 W, 350.00 W, 350.00 W, 72, 85 %, 21874 MiB, P2, 0x0000000000000004, Not Active, Not Active, Not Active, Active, Not Active
2026-08-25T21:49:35+08:00,2026/08/25 21:49:35.839, 1935 MHz, 2100 MHz, 9751 MHz, 1935 MHz, 197.25 W, 350.00 W, 350.00 W, 67, 0 %, 346 MiB, P2, 0x0000000000000000, Not Active, Not Active, Not Active, Not Active, Not Active
2026-08-25T21:49:40+08:00,2026/08/25 21:49:40.866, 1950 MHz, 2100 MHz, 9501 MHz, 1950 MHz, 171.49 W, 350.00 W, 350.00 W, 64, 100 %, 21146 MiB, P2, 0x0000000000000000, Not Active, Not Active, Not Active, Not Active, Not Active
2026-08-25T21:49:45+08:00,2026/08/25 21:49:45.903, 1950 MHz, 2100 MHz, 9501 MHz, 1950 MHz, 171.07 W, 350.00 W, 350.00 W, 62, 99 %, 21146 MiB, P2, 0x0000000000000000, Not Active, Not Active, Not Active, Not Active, Not Active
2026-08-25T21:49:50+08:00,2026/08/25 21:49:50.945, 1935 MHz, 2100 MHz, 9501 MHz, 1935 MHz, 328.88 W, 350.00 W, 350.00 W, 68, 84 %, 21884 MiB, P2, 0x0000000000000004, Not Active, Not Active, Not Active, Active, Not Active
2026-08-25T21:49:55+08:00,2026/08/25 21:49:55.973, 1920 MHz, 2100 MHz, 9501 MHz, 1920 MHz, 283.58 W, 350.00 W, 350.00 W, 67, 85 %, 21890 MiB, P2, 0x0000000000000004, Not Active, Not Active, Not Active, Active, Not Active
2026-08-25T21:50:00+08:00,2026/08/25 21:50:01.002, 1920 MHz, 2100 MHz, 9501 MHz, 1920 MHz, 335.24 W, 350.00 W, 350.00 W, 70, 87 %, 21892 MiB, P2, 0x0000000000000000, Not Active, Not Active, Not Active, Not Active, Not Active
2026-08-25T21:50:06+08:00,2026/08/25 21:50:06.031, 1920 MHz, 2100 MHz, 9501 MHz, 1920 MHz, 338.52 W, 350.00 W, 350.00 W, 71, 85 %, 21892 MiB, P2, 0x0000000000000004, Not Active, Not Active, Not Active, Active, Not Active
2026-08-25T21:50:11+08:00,2026/08/25 21:50:11.061, 1920 MHz, 2100 MHz, 9501 MHz, 1920 MHz, 330.46 W, 350.00 W, 350.00 W, 72, 87 %, 21892 MiB, P2, 0x0000000000000004, Not Active, Not Active, Not Active, Active, Not Active
2026-08-25T21:50:16+08:00,2026/08/25 21:50:16.090, 1890 MHz, 2100 MHz, 9501 MHz, 1890 MHz, 286.87 W, 350.00 W, 350.00 W, 72, 87 %, 21892 MiB, P2, 0x0000000000000004, Not Active, Not Active, Not Active, Active, Not Active
2026-08-25T21:50:21+08:00,2026/08/25 21:50:21.119, 1920 MHz, 2100 MHz, 9501 MHz, 1920 MHz, 338.83 W, 350.00 W, 350.00 W, 73, 85 %, 21892 MiB, P2, 0x0000000000000004, Not Active, Not Active, Not Active, Active, Not Active
2026-08-25T21:50:26+08:00,2026/08/25 21:50:26.147, 1935 MHz, 2100 MHz, 9501 MHz, 1935 MHz, 172.93 W, 350.00 W, 350.00 W, 64, 100 %, 21146 MiB, P2, 0x0000000000000000, Not Active, Not Active, Not Active, Not Active, Not Active
2026-08-25T21:50:31+08:00,2026/08/25 21:50:31.182, 1950 MHz, 2100 MHz, 9501 MHz, 1950 MHz, 172.26 W, 350.00 W, 350.00 W, 63, 99 %, 21146 MiB, P2, 0x0000000000000000, Not Active, Not Active, Not Active, Not Active, Not Active
2026-08-25T21:50:36+08:00,2026/08/25 21:50:36.217, 1950 MHz, 2100 MHz, 9501 MHz, 1950 MHz, 176.61 W, 350.00 W, 350.00 W, 63, 35 %, 21808 MiB, P2, 0x0000000000000000, Not Active, Not Active, Not Active, Not Active, Not Active
2026-08-25T21:50:41+08:00,2026/08/25 21:50:41.243, 1920 MHz, 2100 MHz, 9501 MHz, 1920 MHz, 331.22 W, 350.00 W, 350.00 W, 69, 85 %, 21822 MiB, P2, 0x0000000000000004, Not Active, Not Active, Not Active, Active, Not Active
2026-08-25T21:50:46+08:00,2026/08/25 21:50:46.272, 1920 MHz, 2100 MHz, 9501 MHz, 1920 MHz, 333.48 W, 350.00 W, 350.00 W, 70, 84 %, 21822 MiB, P2, 0x0000000000000004, Not Active, Not Active, Not Active, Active, Not Active
2026-08-25T21:50:51+08:00,2026/08/25 21:50:51.302, 1920 MHz, 2100 MHz, 9501 MHz, 1920 MHz, 328.50 W, 350.00 W, 350.00 W, 71, 87 %, 21830 MiB, P2, 0x0000000000000004, Not Active, Not Active, Not Active, Active, Not Active
2026-08-25T21:50:56+08:00,2026/08/25 21:50:56.331, 1920 MHz, 2100 MHz, 9501 MHz, 1920 MHz, 303.62 W, 350.00 W, 350.00 W, 72, 87 %, 21832 MiB, P2, 0x0000000000000004, Not Active, Not Active, Not Active, Active, Not Active
2026-08-25T21:51:01+08:00,2026/08/25 21:51:01.362, 1920 MHz, 2100 MHz, 9501 MHz, 1920 MHz, 314.21 W, 350.00 W, 350.00 W, 69, 77 %, 21832 MiB, P2, 0x0000000000000004, Not Active, Not Active, Not Active, Active, Not Active
2026-08-25T21:51:06+08:00,2026/08/25 21:51:06.390, 1920 MHz, 2100 MHz, 9501 MHz, 1920 MHz, 335.10 W, 350.00 W, 350.00 W, 73, 85 %, 21832 MiB, P2, 0x0000000000000004, Not Active, Not Active, Not Active, Active, Not Active
2026-08-25T21:51:11+08:00,2026/08/25 21:51:11.420, 1935 MHz, 2100 MHz, 9501 MHz, 1935 MHz, 173.57 W, 350.00 W, 350.00 W, 64, 100 %, 21146 MiB, P2, 0x0000000000000000, Not Active, Not Active, Not Active, Not Active, Not Active
2026-08-25T21:51:16+08:00,2026/08/25 21:51:16.456, 1950 MHz, 2100 MHz, 9501 MHz, 1950 MHz, 172.43 W, 350.00 W, 350.00 W, 63, 100 %, 21146 MiB, P2, 0x0000000000000000, Not Active, Not Active, Not Active, Not Active, Not Active
2026-08-25T21:51:21+08:00,2026/08/25 21:51:21.493, 1950 MHz, 2100 MHz, 9501 MHz, 1950 MHz, 174.40 W, 350.00 W, 350.00 W, 62, 9 %, 21716 MiB, P2, 0x0000000000000000, Not Active, Not Active, Not Active, Not Active, Not Active
2026-08-25T21:51:26+08:00,2026/08/25 21:51:26.523, 1935 MHz, 2100 MHz, 9501 MHz, 1935 MHz, 245.60 W, 350.00 W, 350.00 W, 65, 89 %, 21734 MiB, P2, 0x0000000000000004, Not Active, Not Active, Not Active, Active, Not Active
2026-08-25T21:51:31+08:00,2026/08/25 21:51:31.552, 1950 MHz, 2100 MHz, 9501 MHz, 1950 MHz, 246.70 W, 350.00 W, 350.00 W, 67, 86 %, 21734 MiB, P2, 0x0000000000000004, Not Active, Not Active, Not Active, Active, Not Active
2026-08-25T21:51:36+08:00,2026/08/25 21:51:36.581, 1935 MHz, 2100 MHz, 9501 MHz, 1935 MHz, 282.67 W, 350.00 W, 350.00 W, 68, 85 %, 21734 MiB, P2, 0x0000000000000004, Not Active, Not Active, Not Active, Active, Not Active
2026-08-25T21:51:41+08:00,2026/08/25 21:51:41.607, 1935 MHz, 2100 MHz, 9501 MHz, 1935 MHz, 286.84 W, 350.00 W, 350.00 W, 67, 89 %, 21734 MiB, P2, 0x0000000000000004, Not Active, Not Active, Not Active, Active, Not Active
2026-08-25T21:51:46+08:00,2026/08/25 21:51:46.634, 1950 MHz, 2100 MHz, 9501 MHz, 1950 MHz, 254.50 W, 350.00 W, 350.00 W, 66, 87 %, 21740 MiB, P2, 0x0000000000000000, Not Active, Not Active, Not Active, Not Active, Not Active
2026-08-25T21:51:51+08:00,2026/08/25 21:51:51.663, 1935 MHz, 2100 MHz, 9501 MHz, 1935 MHz, 301.32 W, 350.00 W, 350.00 W, 68, 86 %, 21740 MiB, P2, 0x0000000000000000, Not Active, Not Active, Not Active, Not Active, Not Active
2026-08-25T21:51:56+08:00,2026/08/25 21:51:56.692, 1920 MHz, 2100 MHz, 9501 MHz, 1920 MHz, 269.16 W, 350.00 W, 350.00 W, 66, 91 %, 21740 MiB, P2, 0x0000000000000004, Not Active, Not Active, Not Active, Active, Not Active
2026-08-25T21:52:01+08:00,2026/08/25 21:52:01.722, 1920 MHz, 2100 MHz, 9501 MHz, 1920 MHz, 277.55 W, 350.00 W, 350.00 W, 69, 80 %, 21740 MiB, P2, 0x0000000000000000, Not Active, Not Active, Not Active, Not Active, Not Active
2026-08-25T21:52:06+08:00,2026/08/25 21:52:06.749, 1920 MHz, 2100 MHz, 9501 MHz, 1920 MHz, 298.74 W, 350.00 W, 350.00 W, 68, 87 %, 21740 MiB, P2, 0x0000000000000004, Not Active, Not Active, Not Active, Active, Not Active
2026-08-25T21:52:11+08:00,2026/08/25 21:52:11.988, 1935 MHz, 2100 MHz, 9751 MHz, 1935 MHz, 221.38 W, 350.00 W, 350.00 W, 65, 45 %, 99 MiB, P0, 0x0000000000000000, Not Active, Not Active, Not Active, Not Active, Not Active
2026-08-25T21:52:17+08:00,2026/08/25 21:52:17.018, 1950 MHz, 2100 MHz, 9501 MHz, 1950 MHz, 171.30 W, 350.00 W, 350.00 W, 62, 99 %, 21146 MiB, P2, 0x0000000000000000, Not Active, Not Active, Not Active, Not Active, Not Active
2026-08-25T21:52:22+08:00,2026/08/25 21:52:22.055, 1950 MHz, 2100 MHz, 9501 MHz, 1950 MHz, 169.85 W, 350.00 W, 350.00 W, 61, 99 %, 21146 MiB, P2, 0x0000000000000000, Not Active, Not Active, Not Active, Not Active, Not Active
2026-08-25T21:52:27+08:00,2026/08/25 21:52:27.093, 1950 MHz, 2100 MHz, 9501 MHz, 1950 MHz, 169.31 W, 350.00 W, 350.00 W, 60, 0 %, 22544 MiB, P2, 0x0000000000000000, Not Active, Not Active, Not Active, Not Active, Not Active
2026-08-25T21:52:32+08:00,2026/08/25 21:52:32.118, 1950 MHz, 2100 MHz, 9501 MHz, 1950 MHz, 230.08 W, 350.00 W, 350.00 W, 63, 90 %, 22574 MiB, P2, 0x0000000000000000, Not Active, Not Active, Not Active, Not Active, Not Active
2026-08-25T21:52:37+08:00,2026/08/25 21:52:37.147, 1950 MHz, 2100 MHz, 9501 MHz, 1950 MHz, 227.35 W, 350.00 W, 350.00 W, 64, 88 %, 22578 MiB, P2, 0x0000000000000000, Not Active, Not Active, Not Active, Not Active, Not Active
2026-08-25T21:52:42+08:00,2026/08/25 21:52:42.175, 1935 MHz, 2100 MHz, 9501 MHz, 1935 MHz, 230.43 W, 350.00 W, 350.00 W, 64, 88 %, 22578 MiB, P2, 0x0000000000000004, Not Active, Not Active, Not Active, Active, Not Active
2026-08-25T21:52:47+08:00,2026/08/25 21:52:47.202, 1935 MHz, 2100 MHz, 9501 MHz, 1935 MHz, 227.04 W, 350.00 W, 350.00 W, 62, 28 %, 22578 MiB, P2, 0x0000000000000000, Not Active, Not Active, Not Active, Not Active, Not Active
2026-08-25T21:52:52+08:00,2026/08/25 21:52:52.229, 1950 MHz, 2100 MHz, 9501 MHz, 1950 MHz, 233.31 W, 350.00 W, 350.00 W, 63, 88 %, 22578 MiB, P2, 0x0000000000000000, Not Active, Not Active, Not Active, Not Active, Not Active
2026-08-25T21:52:57+08:00,2026/08/25 21:52:57.258, 1950 MHz, 2100 MHz, 9501 MHz, 1950 MHz, 234.85 W, 350.00 W, 350.00 W, 63, 88 %, 22578 MiB, P2, 0x0000000000000000, Not Active, Not Active, Not Active, Not Active, Not Active
2026-08-25T21:53:02+08:00,2026/08/25 21:53:02.287, 1950 MHz, 2100 MHz, 9501 MHz, 1950 MHz, 226.35 W, 350.00 W, 350.00 W, 64, 87 %, 22578 MiB, P2, 0x0000000000000000, Not Active, Not Active, Not Active, Not Active, Not Active
2026-08-25T21:53:07+08:00,2026/08/25 21:53:07.315, 1950 MHz, 2100 MHz, 9501 MHz, 1950 MHz, 232.29 W, 350.00 W, 350.00 W, 63, 89 %, 22578 MiB, P2, 0x0000000000000000, Not Active, Not Active, Not Active, Not Active, Not Active
2026-08-25T21:53:12+08:00,2026/08/25 21:53:12.342, 1950 MHz, 2100 MHz, 9501 MHz, 1950 MHz, 239.94 W, 350.00 W, 350.00 W, 64, 86 %, 22578 MiB, P2, 0x0000000000000000, Not Active, Not Active, Not Active, Not Active, Not Active
2026-08-25T21:53:17+08:00,2026/08/25 21:53:17.368, 1950 MHz, 2100 MHz, 9501 MHz, 1950 MHz, 231.33 W, 350.00 W, 350.00 W, 63, 95 %, 22578 MiB, P2, 0x0000000000000000, Not Active, Not Active, Not Active, Not Active, Not Active
2026-08-25T21:53:22+08:00,2026/08/25 21:53:22.393, 1950 MHz, 2100 MHz, 9501 MHz, 1950 MHz, 233.89 W, 350.00 W, 350.00 W, 64, 89 %, 22584 MiB, P2, 0x0000000000000000, Not Active, Not Active, Not Active, Not Active, Not Active
2026-08-25T21:53:27+08:00,2026/08/25 21:53:27.423, 1935 MHz, 2100 MHz, 9501 MHz, 1935 MHz, 222.23 W, 350.00 W, 350.00 W, 63, 89 %, 22584 MiB, P2, 0x0000000000000004, Not Active, Not Active, Not Active, Active, Not Active
2026-08-25T21:53:32+08:00,2026/08/25 21:53:32.452, 1950 MHz, 2100 MHz, 9501 MHz, 1950 MHz, 235.94 W, 350.00 W, 350.00 W, 64, 89 %, 22584 MiB, P2, 0x0000000000000000, Not Active, Not Active, Not Active, Not Active, Not Active
2026-08-25T21:53:37+08:00,2026/08/25 21:53:37.477, 1950 MHz, 2100 MHz, 9501 MHz, 1950 MHz, 232.93 W, 350.00 W, 350.00 W, 64, 88 %, 22584 MiB, P2, 0x0000000000000000, Not Active, Not Active, Not Active, Not Active, Not Active
2026-08-25T21:53:42+08:00,2026/08/25 21:53:42.502, 1950 MHz, 2100 MHz, 9501 MHz, 1950 MHz, 232.02 W, 350.00 W, 350.00 W, 64, 89 %, 22584 MiB, P2, 0x0000000000000000, Not Active, Not Active, Not Active, Not Active, Not Active
2026-08-25T21:53:47+08:00,2026/08/25 21:53:47.531, 1920 MHz, 2100 MHz, 9501 MHz, 1920 MHz, 239.57 W, 350.00 W, 350.00 W, 64, 93 %, 22584 MiB, P2, 0x0000000000000004, Not Active, Not Active, Not Active, Active, Not Active
2026-08-25T21:53:52+08:00,2026/08/25 21:53:52.566, 1950 MHz, 2100 MHz, 9501 MHz, 1950 MHz, 229.70 W, 350.00 W, 350.00 W, 63, 93 %, 22584 MiB, P2, 0x0000000000000004, Not Active, Not Active, Not Active, Active, Not Active
2026-08-25T21:53:57+08:00,2026/08/25 21:53:57.592, 1950 MHz, 2100 MHz, 9501 MHz, 1950 MHz, 228.60 W, 350.00 W, 350.00 W, 63, 94 %, 22584 MiB, P2, 0x0000000000000000, Not Active, Not Active, Not Active, Not Active, Not Active
2026-08-25T21:54:02+08:00,2026/08/25 21:54:02.620, 1950 MHz, 2100 MHz, 9501 MHz, 1950 MHz, 229.30 W, 350.00 W, 350.00 W, 63, 88 %, 22584 MiB, P2, 0x0000000000000000, Not Active, Not Active, Not Active, Not Active, Not Active
2026-08-25T21:54:07+08:00,2026/08/25 21:54:07.649, 1935 MHz, 2100 MHz, 9501 MHz, 1935 MHz, 224.89 W, 350.00 W, 350.00 W, 64, 89 %, 22584 MiB, P2, 0x0000000000000004, Not Active, Not Active, Not Active, Active, Not Active
2026-08-25T21:54:12+08:00,2026/08/25 21:54:12.677, 1950 MHz, 2100 MHz, 9501 MHz, 1950 MHz, 237.29 W, 350.00 W, 350.00 W, 64, 89 %, 22584 MiB, P2, 0x0000000000000000, Not Active, Not Active, Not Active, Not Active, Not Active
2026-08-25T21:54:17+08:00,2026/08/25 21:54:17.707, 1950 MHz, 2100 MHz, 9501 MHz, 1950 MHz, 167.41 W, 350.00 W, 350.00 W, 61, 100 %, 21146 MiB, P2, 0x0000000000000000, Not Active, Not Active, Not Active, Not Active, Not Active
2026-08-25T21:54:22+08:00,2026/08/25 21:54:22.751, 1950 MHz, 2100 MHz, 9501 MHz, 1950 MHz, 166.88 W, 350.00 W, 350.00 W, 60, 100 %, 21146 MiB, P2, 0x0000000000000000, Not Active, Not Active, Not Active, Not Active, Not Active
2026-08-25T21:54:27+08:00,2026/08/25 21:54:27.788, 1950 MHz, 2100 MHz, 9501 MHz, 1950 MHz, 166.04 W, 350.00 W, 350.00 W, 59, 99 %, 21146 MiB, P2, 0x0000000000000000, Not Active, Not Active, Not Active, Not Active, Not Active
2026-08-25T21:54:32+08:00,2026/08/25 21:54:32.825, 1845 MHz, 2100 MHz, 9501 MHz, 1845 MHz, 233.32 W, 350.00 W, 350.00 W, 62, 93 %, 22602 MiB, P2, 0x0000000000000004, Not Active, Not Active, Not Active, Active, Not Active
2026-08-25T21:54:37+08:00,2026/08/25 21:54:37.851, 1845 MHz, 2100 MHz, 9501 MHz, 1845 MHz, 229.78 W, 350.00 W, 350.00 W, 62, 96 %, 22602 MiB, P2, 0x0000000000000004, Not Active, Not Active, Not Active, Active, Not Active
2026-08-25T21:54:42+08:00,2026/08/25 21:54:42.882, 1860 MHz, 2100 MHz, 9501 MHz, 1860 MHz, 234.56 W, 350.00 W, 350.00 W, 63, 92 %, 22604 MiB, P2, 0x0000000000000004, Not Active, Not Active, Not Active, Active, Not Active
2026-08-25T21:54:47+08:00,2026/08/25 21:54:47.910, 1830 MHz, 2100 MHz, 9501 MHz, 1830 MHz, 234.95 W, 350.00 W, 350.00 W, 63, 91 %, 22614 MiB, P2, 0x0000000000000004, Not Active, Not Active, Not Active, Active, Not Active
2026-08-25T21:54:52+08:00,2026/08/25 21:54:52.940, 1935 MHz, 2100 MHz, 9501 MHz, 1935 MHz, 233.53 W, 350.00 W, 350.00 W, 63, 90 %, 22614 MiB, P2, 0x0000000000000004, Not Active, Not Active, Not Active, Active, Not Active
2026-08-25T21:54:57+08:00,2026/08/25 21:54:57.965, 1935 MHz, 2100 MHz, 9501 MHz, 1935 MHz, 239.81 W, 350.00 W, 350.00 W, 63, 91 %, 22614 MiB, P2, 0x0000000000000004, Not Active, Not Active, Not Active, Active, Not Active
2026-08-25T21:55:02+08:00,2026/08/25 21:55:02.994, 1935 MHz, 2100 MHz, 9501 MHz, 1935 MHz, 243.02 W, 350.00 W, 350.00 W, 64, 93 %, 22614 MiB, P2, 0x0000000000000004, Not Active, Not Active, Not Active, Active, Not Active
2026-08-25T21:55:08+08:00,2026/08/25 21:55:08.034, 1935 MHz, 2100 MHz, 9501 MHz, 1935 MHz, 233.95 W, 350.00 W, 350.00 W, 64, 90 %, 22614 MiB, P2, 0x0000000000000004, Not Active, Not Active, Not Active, Active, Not Active
2026-08-25T21:55:13+08:00,2026/08/25 21:55:13.068, 1935 MHz, 2100 MHz, 9501 MHz, 1935 MHz, 240.46 W, 350.00 W, 350.00 W, 64, 95 %, 22614 MiB, P2, 0x0000000000000004, Not Active, Not Active, Not Active, Active, Not Active
2026-08-25T21:55:18+08:00,2026/08/25 21:55:18.100, 1845 MHz, 2100 MHz, 9501 MHz, 1845 MHz, 231.88 W, 350.00 W, 350.00 W, 63, 94 %, 22614 MiB, P2, 0x0000000000000004, Not Active, Not Active, Not Active, Active, Not Active
2026-08-25T21:55:23+08:00,2026/08/25 21:55:23.128, 1935 MHz, 2100 MHz, 9501 MHz, 1935 MHz, 236.08 W, 350.00 W, 350.00 W, 64, 89 %, 22614 MiB, P2, 0x0000000000000004, Not Active, Not Active, Not Active, Active, Not Active
2026-08-25T21:55:28+08:00,2026/08/25 21:55:28.156, 1935 MHz, 2100 MHz, 9501 MHz, 1935 MHz, 245.32 W, 350.00 W, 350.00 W, 65, 93 %, 22614 MiB, P2, 0x0000000000000004, Not Active, Not Active, Not Active, Active, Not Active
2026-08-25T21:55:33+08:00,2026/08/25 21:55:33.190, 1935 MHz, 2100 MHz, 9501 MHz, 1935 MHz, 233.08 W, 350.00 W, 350.00 W, 64, 95 %, 22614 MiB, P2, 0x0000000000000004, Not Active, Not Active, Not Active, Active, Not Active
2026-08-25T21:55:38+08:00,2026/08/25 21:55:38.219, 1845 MHz, 2100 MHz, 9501 MHz, 1845 MHz, 233.41 W, 350.00 W, 350.00 W, 64, 96 %, 22614 MiB, P2, 0x0000000000000004, Not Active, Not Active, Not Active, Active, Not Active
2026-08-25T21:55:43+08:00,2026/08/25 21:55:43.245, 1845 MHz, 2100 MHz, 9501 MHz, 1845 MHz, 234.41 W, 350.00 W, 350.00 W, 64, 88 %, 22614 MiB, P2, 0x0000000000000004, Not Active, Not Active, Not Active, Active, Not Active
2026-08-25T21:55:48+08:00,2026/08/25 21:55:48.274, 1905 MHz, 2100 MHz, 9501 MHz, 1905 MHz, 234.62 W, 350.00 W, 350.00 W, 64, 91 %, 22614 MiB, P2, 0x0000000000000004, Not Active, Not Active, Not Active, Active, Not Active
2026-08-25T21:55:53+08:00,2026/08/25 21:55:53.299, 1935 MHz, 2100 MHz, 9501 MHz, 1935 MHz, 236.46 W, 350.00 W, 350.00 W, 64, 89 %, 22614 MiB, P2, 0x0000000000000004, Not Active, Not Active, Not Active, Active, Not Active
2026-08-25T21:55:58+08:00,2026/08/25 21:55:58.349, 1935 MHz, 2100 MHz, 9501 MHz, 1935 MHz, 236.69 W, 350.00 W, 350.00 W, 65, 90 %, 22614 MiB, P2, 0x0000000000000004, Not Active, Not Active, Not Active, Active, Not Active
2026-08-25T21:56:03+08:00,2026/08/25 21:56:03.376, 1935 MHz, 2100 MHz, 9501 MHz, 1935 MHz, 235.05 W, 350.00 W, 350.00 W, 65, 89 %, 22614 MiB, P2, 0x0000000000000004, Not Active, Not Active, Not Active, Active, Not Active
2026-08-25T21:56:08+08:00,2026/08/25 21:56:08.410, 1935 MHz, 2100 MHz, 9501 MHz, 1935 MHz, 235.62 W, 350.00 W, 350.00 W, 65, 87 %, 22620 MiB, P2, 0x0000000000000004, Not Active, Not Active, Not Active, Active, Not Active
2026-08-25T21:56:13+08:00,2026/08/25 21:56:13.437, 1935 MHz, 2100 MHz, 9501 MHz, 1935 MHz, 232.47 W, 350.00 W, 350.00 W, 64, 95 %, 22620 MiB, P2, 0x0000000000000004, Not Active, Not Active, Not Active, Active, Not Active
2026-08-25T21:56:18+08:00,2026/08/25 21:56:18.473, 1935 MHz, 2100 MHz, 9501 MHz, 1935 MHz, 226.22 W, 350.00 W, 350.00 W, 66, 92 %, 22620 MiB, P2, 0x0000000000000004, Not Active, Not Active, Not Active, Active, Not Active
2026-08-25T21:56:23+08:00,2026/08/25 21:56:23.508, 1935 MHz, 2100 MHz, 9501 MHz, 1935 MHz, 240.21 W, 350.00 W, 350.00 W, 65, 90 %, 22620 MiB, P2, 0x0000000000000004, Not Active, Not Active, Not Active, Active, Not Active
2026-08-25T21:56:28+08:00,2026/08/25 21:56:28.535, 1935 MHz, 2100 MHz, 9501 MHz, 1935 MHz, 235.80 W, 350.00 W, 350.00 W, 66, 92 %, 22620 MiB, P2, 0x0000000000000000, Not Active, Not Active, Not Active, Not Active, Not Active
2026-08-25T21:56:33+08:00,2026/08/25 21:56:33.561, 1935 MHz, 2100 MHz, 9501 MHz, 1935 MHz, 234.79 W, 350.00 W, 350.00 W, 65, 96 %, 22620 MiB, P2, 0x0000000000000004, Not Active, Not Active, Not Active, Active, Not Active
2026-08-25T21:56:38+08:00,2026/08/25 21:56:38.588, 1935 MHz, 2100 MHz, 9501 MHz, 1935 MHz, 236.16 W, 350.00 W, 350.00 W, 65, 95 %, 22620 MiB, P2, 0x0000000000000004, Not Active, Not Active, Not Active, Active, Not Active
2026-08-25T21:56:43+08:00,2026/08/25 21:56:43.613, 1935 MHz, 2100 MHz, 9501 MHz, 1935 MHz, 242.08 W, 350.00 W, 350.00 W, 66, 91 %, 22620 MiB, P2, 0x0000000000000004, Not Active, Not Active, Not Active, Active, Not Active
2026-08-25T21:56:48+08:00,2026/08/25 21:56:48.641, 1905 MHz, 2100 MHz, 9501 MHz, 1905 MHz, 228.91 W, 350.00 W, 350.00 W, 64, 44 %, 22620 MiB, P2, 0x0000000000000004, Not Active, Not Active, Not Active, Active, Not Active
2026-08-25T21:56:53+08:00,2026/08/25 21:56:53.667, 1845 MHz, 2100 MHz, 9501 MHz, 1845 MHz, 241.87 W, 350.00 W, 350.00 W, 65, 95 %, 22620 MiB, P2, 0x0000000000000004, Not Active, Not Active, Not Active, Active, Not Active
2026-08-25T21:56:58+08:00,2026/08/25 21:56:58.693, 1845 MHz, 2100 MHz, 9501 MHz, 1845 MHz, 232.73 W, 350.00 W, 350.00 W, 65, 92 %, 22620 MiB, P2, 0x0000000000000004, Not Active, Not Active, Not Active, Active, Not Active
2026-08-25T21:57:03+08:00,2026/08/25 21:57:03.721, 1935 MHz, 2100 MHz, 9501 MHz, 1935 MHz, 236.56 W, 350.00 W, 350.00 W, 65, 91 %, 22620 MiB, P2, 0x0000000000000004, Not Active, Not Active, Not Active, Active, Not Active
2026-08-25T21:57:08+08:00,2026/08/25 21:57:08.749, 1890 MHz, 2100 MHz, 9501 MHz, 1890 MHz, 238.44 W, 350.00 W, 350.00 W, 66, 90 %, 22620 MiB, P2, 0x0000000000000004, Not Active, Not Active, Not Active, Active, Not Active
2026-08-25T21:57:13+08:00,2026/08/25 21:57:13.777, 1935 MHz, 2100 MHz, 9501 MHz, 1935 MHz, 238.72 W, 350.00 W, 350.00 W, 65, 94 %, 22620 MiB, P2, 0x0000000000000004, Not Active, Not Active, Not Active, Active, Not Active
2026-08-25T21:57:18+08:00,2026/08/25 21:57:18.804, 1935 MHz, 2100 MHz, 9501 MHz, 1935 MHz, 233.51 W, 350.00 W, 350.00 W, 66, 89 %, 22620 MiB, P2, 0x0000000000000004, Not Active, Not Active, Not Active, Active, Not Active
2026-08-25T21:57:23+08:00,2026/08/25 21:57:23.833, 1935 MHz, 2100 MHz, 9501 MHz, 1935 MHz, 242.22 W, 350.00 W, 350.00 W, 65, 95 %, 22620 MiB, P2, 0x0000000000000004, Not Active, Not Active, Not Active, Active, Not Active
2026-08-25T21:57:28+08:00,2026/08/25 21:57:28.860, 1935 MHz, 2100 MHz, 9501 MHz, 1935 MHz, 231.74 W, 350.00 W, 350.00 W, 65, 90 %, 22620 MiB, P2, 0x0000000000000004, Not Active, Not Active, Not Active, Active, Not Active
2026-08-25T21:57:33+08:00,2026/08/25 21:57:33.888, 1845 MHz, 2100 MHz, 9501 MHz, 1845 MHz, 238.95 W, 350.00 W, 350.00 W, 65, 92 %, 22620 MiB, P2, 0x0000000000000004, Not Active, Not Active, Not Active, Active, Not Active
2026-08-25T21:57:38+08:00,2026/08/25 21:57:38.916, 1935 MHz, 2100 MHz, 9501 MHz, 1935 MHz, 237.72 W, 350.00 W, 350.00 W, 65, 94 %, 22620 MiB, P2, 0x0000000000000004, Not Active, Not Active, Not Active, Active, Not Active
2026-08-25T21:57:43+08:00,2026/08/25 21:57:43.951, 1935 MHz, 2100 MHz, 9501 MHz, 1935 MHz, 239.01 W, 350.00 W, 350.00 W, 66, 89 %, 22620 MiB, P2, 0x0000000000000004, Not Active, Not Active, Not Active, Active, Not Active
2026-08-25T21:57:48+08:00,2026/08/25 21:57:48.979, 1950 MHz, 2100 MHz, 9501 MHz, 1950 MHz, 168.62 W, 350.00 W, 350.00 W, 62, 99 %, 21146 MiB, P2, 0x0000000000000000, Not Active, Not Active, Not Active, Not Active, Not Active
2026-08-25T21:57:54+08:00,2026/08/25 21:57:54.015, 1950 MHz, 2100 MHz, 9501 MHz, 1950 MHz, 167.97 W, 350.00 W, 350.00 W, 61, 100 %, 21146 MiB, P2, 0x0000000000000000, Not Active, Not Active, Not Active, Not Active, Not Active
2026-08-25T21:57:59+08:00,2026/08/25 21:57:59.052, 1950 MHz, 2100 MHz, 9501 MHz, 1950 MHz, 167.10 W, 350.00 W, 350.00 W, 61, 100 %, 21146 MiB, P2, 0x0000000000000000, Not Active, Not Active, Not Active, Not Active, Not Active
2026-08-25T21:58:04+08:00,2026/08/25 21:58:04.088, 1950 MHz, 2100 MHz, 9501 MHz, 1950 MHz, 226.49 W, 350.00 W, 350.00 W, 63, 91 %, 22576 MiB, P2, 0x0000000000000000, Not Active, Not Active, Not Active, Not Active, Not Active
2026-08-25T21:58:09+08:00,2026/08/25 21:58:09.113, 1935 MHz, 2100 MHz, 9501 MHz, 1935 MHz, 238.58 W, 350.00 W, 350.00 W, 64, 94 %, 22576 MiB, P2, 0x0000000000000004, Not Active, Not Active, Not Active, Active, Not Active
2026-08-25T21:58:14+08:00,2026/08/25 21:58:14.142, 1935 MHz, 2100 MHz, 9501 MHz, 1935 MHz, 230.65 W, 350.00 W, 350.00 W, 63, 90 %, 22582 MiB, P2, 0x0000000000000004, Not Active, Not Active, Not Active, Active, Not Active
2026-08-25T21:58:19+08:00,2026/08/25 21:58:19.171, 1935 MHz, 2100 MHz, 9501 MHz, 1935 MHz, 235.66 W, 350.00 W, 350.00 W, 64, 91 %, 22582 MiB, P2, 0x0000000000000004, Not Active, Not Active, Not Active, Active, Not Active
2026-08-25T21:58:24+08:00,2026/08/25 21:58:24.199, 1935 MHz, 2100 MHz, 9501 MHz, 1935 MHz, 239.30 W, 350.00 W, 350.00 W, 65, 91 %, 22582 MiB, P2, 0x0000000000000000, Not Active, Not Active, Not Active, Not Active, Not Active
2026-08-25T21:58:29+08:00,2026/08/25 21:58:29.227, 1950 MHz, 2100 MHz, 9501 MHz, 1950 MHz, 229.79 W, 350.00 W, 350.00 W, 64, 91 %, 22582 MiB, P2, 0x0000000000000000, Not Active, Not Active, Not Active, Not Active, Not Active
2026-08-25T21:58:34+08:00,2026/08/25 21:58:34.255, 1950 MHz, 2100 MHz, 9501 MHz, 1950 MHz, 239.09 W, 350.00 W, 350.00 W, 64, 92 %, 22582 MiB, P2, 0x0000000000000000, Not Active, Not Active, Not Active, Not Active, Not Active
2026-08-25T21:58:39+08:00,2026/08/25 21:58:39.283, 1935 MHz, 2100 MHz, 9501 MHz, 1935 MHz, 231.93 W, 350.00 W, 350.00 W, 64, 90 %, 22582 MiB, P2, 0x0000000000000004, Not Active, Not Active, Not Active, Active, Not Active
2026-08-25T21:58:44+08:00,2026/08/25 21:58:44.310, 1950 MHz, 2100 MHz, 9501 MHz, 1950 MHz, 240.75 W, 350.00 W, 350.00 W, 65, 90 %, 22582 MiB, P2, 0x0000000000000000, Not Active, Not Active, Not Active, Not Active, Not Active
2026-08-25T21:58:49+08:00,2026/08/25 21:58:49.337, 1935 MHz, 2100 MHz, 9501 MHz, 1935 MHz, 229.85 W, 350.00 W, 350.00 W, 64, 91 %, 22582 MiB, P2, 0x0000000000000004, Not Active, Not Active, Not Active, Active, Not Active
2026-08-25T21:58:54+08:00,2026/08/25 21:58:54.365, 1935 MHz, 2100 MHz, 9501 MHz, 1935 MHz, 232.97 W, 350.00 W, 350.00 W, 64, 94 %, 22582 MiB, P2, 0x0000000000000000, Not Active, Not Active, Not Active, Not Active, Not Active
2026-08-25T21:58:59+08:00,2026/08/25 21:58:59.393, 1950 MHz, 2100 MHz, 9501 MHz, 1950 MHz, 240.30 W, 350.00 W, 350.00 W, 65, 91 %, 22582 MiB, P2, 0x0000000000000000, Not Active, Not Active, Not Active, Not Active, Not Active
2026-08-25T21:59:04+08:00,2026/08/25 21:59:04.419, 1905 MHz, 2100 MHz, 9501 MHz, 1905 MHz, 256.01 W, 350.00 W, 350.00 W, 65, 91 %, 22582 MiB, P2, 0x0000000000000004, Not Active, Not Active, Not Active, Active, Not Active
2026-08-25T21:59:09+08:00,2026/08/25 21:59:09.448, 1905 MHz, 2100 MHz, 9501 MHz, 1905 MHz, 229.24 W, 350.00 W, 350.00 W, 64, 94 %, 22582 MiB, P2, 0x0000000000000004, Not Active, Not Active, Not Active, Active, Not Active
2026-08-25T21:59:14+08:00,2026/08/25 21:59:14.477, 1905 MHz, 2100 MHz, 9501 MHz, 1905 MHz, 223.73 W, 350.00 W, 350.00 W, 65, 82 %, 22584 MiB, P2, 0x0000000000000004, Not Active, Not Active, Not Active, Active, Not Active
2026-08-25T21:59:19+08:00,2026/08/25 21:59:19.505, 1935 MHz, 2100 MHz, 9501 MHz, 1935 MHz, 246.06 W, 350.00 W, 350.00 W, 65, 94 %, 22584 MiB, P2, 0x0000000000000004, Not Active, Not Active, Not Active, Active, Not Active
2026-08-25T21:59:24+08:00,2026/08/25 21:59:24.534, 1935 MHz, 2100 MHz, 9501 MHz, 1935 MHz, 231.34 W, 350.00 W, 350.00 W, 64, 94 %, 22584 MiB, P2, 0x0000000000000004, Not Active, Not Active, Not Active, Active, Not Active
2026-08-25T21:59:29+08:00,2026/08/25 21:59:29.563, 1950 MHz, 2100 MHz, 9501 MHz, 1950 MHz, 228.58 W, 350.00 W, 350.00 W, 64, 95 %, 22584 MiB, P2, 0x0000000000000004, Not Active, Not Active, Not Active, Active, Not Active
2026-08-25T21:59:34+08:00,2026/08/25 21:59:34.594, 1920 MHz, 2100 MHz, 9501 MHz, 1920 MHz, 230.62 W, 350.00 W, 350.00 W, 65, 87 %, 22584 MiB, P2, 0x0000000000000004, Not Active, Not Active, Not Active, Active, Not Active
2026-08-25T21:59:39+08:00,2026/08/25 21:59:39.622, 1935 MHz, 2100 MHz, 9501 MHz, 1935 MHz, 232.68 W, 350.00 W, 350.00 W, 65, 87 %, 22584 MiB, P2, 0x0000000000000000, Not Active, Not Active, Not Active, Not Active, Not Active
2026-08-25T21:59:44+08:00,2026/08/25 21:59:44.655, 1935 MHz, 2100 MHz, 9501 MHz, 1935 MHz, 235.05 W, 350.00 W, 350.00 W, 65, 90 %, 22584 MiB, P2, 0x0000000000000004, Not Active, Not Active, Not Active, Active, Not Active
2026-08-25T21:59:49+08:00,2026/08/25 21:59:49.688, 1905 MHz, 2100 MHz, 9501 MHz, 1905 MHz, 236.37 W, 350.00 W, 350.00 W, 66, 91 %, 22584 MiB, P2, 0x0000000000000004, Not Active, Not Active, Not Active, Active, Not Active
2026-08-25T21:59:54+08:00,2026/08/25 21:59:54.720, 1935 MHz, 2100 MHz, 9501 MHz, 1935 MHz, 230.27 W, 350.00 W, 350.00 W, 65, 92 %, 22584 MiB, P2, 0x0000000000000004, Not Active, Not Active, Not Active, Active, Not Active
2026-08-25T21:59:59+08:00,2026/08/25 21:59:59.744, 1950 MHz, 2100 MHz, 9501 MHz, 1950 MHz, 238.41 W, 350.00 W, 350.00 W, 65, 94 %, 22584 MiB, P2, 0x0000000000000004, Not Active, Not Active, Not Active, Active, Not Active
2026-08-25T22:00:04+08:00,2026/08/25 22:00:04.773, 1950 MHz, 2100 MHz, 9501 MHz, 1950 MHz, 225.29 W, 350.00 W, 350.00 W, 66, 94 %, 22584 MiB, P2, 0x0000000000000004, Not Active, Not Active, Not Active, Active, Not Active
2026-08-25T22:00:09+08:00,2026/08/25 22:00:09.807, 1935 MHz, 2100 MHz, 9501 MHz, 1935 MHz, 239.41 W, 350.00 W, 350.00 W, 65, 90 %, 22584 MiB, P2, 0x0000000000000000, Not Active, Not Active, Not Active, Not Active, Not Active
2026-08-25T22:00:14+08:00,2026/08/25 22:00:14.840, 1935 MHz, 2100 MHz, 9501 MHz, 1935 MHz, 234.30 W, 350.00 W, 350.00 W, 66, 88 %, 22584 MiB, P2, 0x0000000000000000, Not Active, Not Active, Not Active, Not Active, Not Active
2026-08-25T22:00:19+08:00,2026/08/25 22:00:19.868, 1905 MHz, 2100 MHz, 9501 MHz, 1905 MHz, 241.85 W, 350.00 W, 350.00 W, 66, 90 %, 22584 MiB, P2, 0x0000000000000004, Not Active, Not Active, Not Active, Active, Not Active
2026-08-25T22:00:24+08:00,2026/08/25 22:00:24.894, 1950 MHz, 2100 MHz, 9501 MHz, 1950 MHz, 233.68 W, 350.00 W, 350.00 W, 66, 92 %, 22584 MiB, P2, 0x0000000000000000, Not Active, Not Active, Not Active, Not Active, Not Active
2026-08-25T22:00:29+08:00,2026/08/25 22:00:29.919, 1935 MHz, 2100 MHz, 9501 MHz, 1935 MHz, 237.79 W, 350.00 W, 350.00 W, 66, 93 %, 22584 MiB, P2, 0x0000000000000004, Not Active, Not Active, Not Active, Active, Not Active
2026-08-25T22:00:34+08:00,2026/08/25 22:00:34.946, 1950 MHz, 2100 MHz, 9501 MHz, 1950 MHz, 170.56 W, 350.00 W, 350.00 W, 63, 0 %, 346 MiB, P2, 0x0000000000000000, Not Active, Not Active, Not Active, Not Active, Not Active
2026-08-25T22:00:39+08:00,2026/08/25 22:00:39.975, 1950 MHz, 2100 MHz, 9501 MHz, 1950 MHz, 168.11 W, 350.00 W, 350.00 W, 62, 100 %, 21146 MiB, P2, 0x0000000000000000, Not Active, Not Active, Not Active, Not Active, Not Active
2026-08-25T22:00:44+08:00,2026/08/25 22:00:45.009, 1950 MHz, 2100 MHz, 9501 MHz, 1950 MHz, 167.61 W, 350.00 W, 350.00 W, 61, 100 %, 21146 MiB, P2, 0x0000000000000000, Not Active, Not Active, Not Active, Not Active, Not Active
2026-08-25T22:00:50+08:00,2026/08/25 22:00:50.045, 1950 MHz, 2100 MHz, 9501 MHz, 1950 MHz, 230.06 W, 350.00 W, 350.00 W, 64, 89 %, 22570 MiB, P2, 0x0000000000000000, Not Active, Not Active, Not Active, Not Active, Not Active
2026-08-25T22:00:55+08:00,2026/08/25 22:00:55.072, 1935 MHz, 2100 MHz, 9501 MHz, 1935 MHz, 233.03 W, 350.00 W, 350.00 W, 64, 91 %, 22574 MiB, P2, 0x0000000000000004, Not Active, Not Active, Not Active, Active, Not Active
2026-08-25T22:01:00+08:00,2026/08/25 22:01:00.098, 1935 MHz, 2100 MHz, 9501 MHz, 1935 MHz, 228.42 W, 350.00 W, 350.00 W, 63, 94 %, 22578 MiB, P2, 0x0000000000000004, Not Active, Not Active, Not Active, Active, Not Active
2026-08-25T22:01:05+08:00,2026/08/25 22:01:05.127, 1950 MHz, 2100 MHz, 9501 MHz, 1950 MHz, 236.51 W, 350.00 W, 350.00 W, 64, 90 %, 22578 MiB, P2, 0x0000000000000000, Not Active, Not Active, Not Active, Not Active, Not Active
2026-08-25T22:01:10+08:00,2026/08/25 22:01:10.156, 1950 MHz, 2100 MHz, 9501 MHz, 1950 MHz, 230.49 W, 350.00 W, 350.00 W, 64, 89 %, 22578 MiB, P2, 0x0000000000000004, Not Active, Not Active, Not Active, Active, Not Active
2026-08-25T22:01:15+08:00,2026/08/25 22:01:15.184, 1950 MHz, 2100 MHz, 9501 MHz, 1950 MHz, 241.78 W, 350.00 W, 350.00 W, 64, 90 %, 22578 MiB, P2, 0x0000000000000000, Not Active, Not Active, Not Active, Not Active, Not Active
2026-08-25T22:01:20+08:00,2026/08/25 22:01:20.210, 1935 MHz, 2100 MHz, 9501 MHz, 1935 MHz, 235.24 W, 350.00 W, 350.00 W, 64, 90 %, 22578 MiB, P2, 0x0000000000000004, Not Active, Not Active, Not Active, Active, Not Active
2026-08-25T22:01:25+08:00,2026/08/25 22:01:25.237, 1950 MHz, 2100 MHz, 9501 MHz, 1950 MHz, 237.68 W, 350.00 W, 350.00 W, 64, 89 %, 22578 MiB, P2, 0x0000000000000000, Not Active, Not Active, Not Active, Not Active, Not Active
2026-08-25T22:01:30+08:00,2026/08/25 22:01:30.265, 1950 MHz, 2100 MHz, 9501 MHz, 1950 MHz, 230.20 W, 350.00 W, 350.00 W, 65, 90 %, 22578 MiB, P2, 0x0000000000000000, Not Active, Not Active, Not Active, Not Active, Not Active
2026-08-25T22:01:35+08:00,2026/08/25 22:01:35.295, 1950 MHz, 2100 MHz, 9501 MHz, 1950 MHz, 234.94 W, 350.00 W, 350.00 W, 65, 88 %, 22578 MiB, P2, 0x0000000000000000, Not Active, Not Active, Not Active, Not Active, Not Active
2026-08-25T22:01:40+08:00,2026/08/25 22:01:40.322, 1950 MHz, 2100 MHz, 9501 MHz, 1950 MHz, 239.18 W, 350.00 W, 350.00 W, 66, 87 %, 22578 MiB, P2, 0x0000000000000000, Not Active, Not Active, Not Active, Not Active, Not Active
2026-08-25T22:01:45+08:00,2026/08/25 22:01:45.349, 1950 MHz, 2100 MHz, 9501 MHz, 1950 MHz, 239.99 W, 350.00 W, 350.00 W, 65, 86 %, 22584 MiB, P2, 0x0000000000000000, Not Active, Not Active, Not Active, Not Active, Not Active
2026-08-25T22:01:50+08:00,2026/08/25 22:01:50.378, 1950 MHz, 2100 MHz, 9501 MHz, 1950 MHz, 236.10 W, 350.00 W, 350.00 W, 65, 89 %, 22584 MiB, P2, 0x0000000000000000, Not Active, Not Active, Not Active, Not Active, Not Active
2026-08-25T22:01:55+08:00,2026/08/25 22:01:55.403, 1950 MHz, 2100 MHz, 9501 MHz, 1950 MHz, 232.45 W, 350.00 W, 350.00 W, 65, 90 %, 22584 MiB, P2, 0x0000000000000000, Not Active, Not Active, Not Active, Not Active, Not Active
2026-08-25T22:02:00+08:00,2026/08/25 22:02:00.429, 1950 MHz, 2100 MHz, 9501 MHz, 1950 MHz, 239.10 W, 350.00 W, 350.00 W, 65, 89 %, 22584 MiB, P2, 0x0000000000000000, Not Active, Not Active, Not Active, Not Active, Not Active
2026-08-25T22:02:05+08:00,2026/08/25 22:02:05.456, 1935 MHz, 2100 MHz, 9501 MHz, 1935 MHz, 225.02 W, 350.00 W, 350.00 W, 64, 90 %, 22584 MiB, P2, 0x0000000000000004, Not Active, Not Active, Not Active, Active, Not Active
2026-08-25T22:02:10+08:00,2026/08/25 22:02:10.487, 1950 MHz, 2100 MHz, 9501 MHz, 1950 MHz, 231.50 W, 350.00 W, 350.00 W, 65, 90 %, 22584 MiB, P2, 0x0000000000000000, Not Active, Not Active, Not Active, Not Active, Not Active
2026-08-25T22:02:15+08:00,2026/08/25 22:02:15.513, 1950 MHz, 2100 MHz, 9501 MHz, 1950 MHz, 232.36 W, 350.00 W, 350.00 W, 65, 88 %, 22584 MiB, P2, 0x0000000000000000, Not Active, Not Active, Not Active, Not Active, Not Active
2026-08-25T22:02:20+08:00,2026/08/25 22:02:20.540, 1950 MHz, 2100 MHz, 9501 MHz, 1950 MHz, 226.72 W, 350.00 W, 350.00 W, 65, 90 %, 22584 MiB, P2, 0x0000000000000000, Not Active, Not Active, Not Active, Not Active, Not Active
2026-08-25T22:02:25+08:00,2026/08/25 22:02:25.565, 1950 MHz, 2100 MHz, 9501 MHz, 1950 MHz, 238.16 W, 350.00 W, 350.00 W, 65, 88 %, 22584 MiB, P2, 0x0000000000000000, Not Active, Not Active, Not Active, Not Active, Not Active
2026-08-25T22:02:30+08:00,2026/08/25 22:02:30.592, 1950 MHz, 2100 MHz, 9501 MHz, 1950 MHz, 243.11 W, 350.00 W, 350.00 W, 66, 90 %, 22584 MiB, P2, 0x0000000000000000, Not Active, Not Active, Not Active, Not Active, Not Active
2026-08-25T22:02:35+08:00,2026/08/25 22:02:35.620, 1950 MHz, 2100 MHz, 9501 MHz, 1950 MHz, 241.57 W, 350.00 W, 350.00 W, 66, 92 %, 22584 MiB, P2, 0x0000000000000004, Not Active, Not Active, Not Active, Active, Not Active
2026-08-25T22:02:40+08:00,2026/08/25 22:02:40.649, 1950 MHz, 2100 MHz, 9501 MHz, 1950 MHz, 168.70 W, 350.00 W, 350.00 W, 62, 99 %, 21146 MiB, P2, 0x0000000000000000, Not Active, Not Active, Not Active, Not Active, Not Active
2026-08-25T22:02:45+08:00,2026/08/25 22:02:45.685, 1950 MHz, 2100 MHz, 9501 MHz, 1950 MHz, 167.90 W, 350.00 W, 350.00 W, 61, 100 %, 21146 MiB, P2, 0x0000000000000000, Not Active, Not Active, Not Active, Not Active, Not Active
2026-08-25T22:02:50+08:00,2026/08/25 22:02:50.719, 1950 MHz, 2100 MHz, 9501 MHz, 1950 MHz, 167.05 W, 350.00 W, 350.00 W, 61, 100 %, 21146 MiB, P2, 0x0000000000000000, Not Active, Not Active, Not Active, Not Active, Not Active
2026-08-25T22:02:55+08:00,2026/08/25 22:02:55.754, 1950 MHz, 2100 MHz, 9501 MHz, 1950 MHz, 230.99 W, 350.00 W, 350.00 W, 63, 86 %, 22570 MiB, P2, 0x0000000000000000, Not Active, Not Active, Not Active, Not Active, Not Active
2026-08-25T22:03:00+08:00,2026/08/25 22:03:00.783, 1950 MHz, 2100 MHz, 9501 MHz, 1950 MHz, 232.17 W, 350.00 W, 350.00 W, 64, 88 %, 22570 MiB, P2, 0x0000000000000000, Not Active, Not Active, Not Active, Not Active, Not Active
2026-08-25T22:03:05+08:00,2026/08/25 22:03:05.810, 1950 MHz, 2100 MHz, 9501 MHz, 1950 MHz, 232.56 W, 350.00 W, 350.00 W, 64, 88 %, 22570 MiB, P2, 0x0000000000000000, Not Active, Not Active, Not Active, Not Active, Not Active
2026-08-25T22:03:10+08:00,2026/08/25 22:03:10.840, 1950 MHz, 2100 MHz, 9501 MHz, 1950 MHz, 219.51 W, 350.00 W, 350.00 W, 64, 88 %, 22570 MiB, P2, 0x0000000000000000, Not Active, Not Active, Not Active, Not Active, Not Active
2026-08-25T22:03:15+08:00,2026/08/25 22:03:15.867, 1950 MHz, 2100 MHz, 9501 MHz, 1950 MHz, 232.50 W, 350.00 W, 350.00 W, 63, 88 %, 22570 MiB, P2, 0x0000000000000000, Not Active, Not Active, Not Active, Not Active, Not Active
2026-08-25T22:03:20+08:00,2026/08/25 22:03:20.894, 1950 MHz, 2100 MHz, 9501 MHz, 1950 MHz, 218.98 W, 350.00 W, 350.00 W, 64, 88 %, 22572 MiB, P2, 0x0000000000000000, Not Active, Not Active, Not Active, Not Active, Not Active
2026-08-25T22:03:25+08:00,2026/08/25 22:03:25.921, 1950 MHz, 2100 MHz, 9501 MHz, 1950 MHz, 229.85 W, 350.00 W, 350.00 W, 64, 88 %, 22572 MiB, P2, 0x0000000000000000, Not Active, Not Active, Not Active, Not Active, Not Active
2026-08-25T22:03:30+08:00,2026/08/25 22:03:30.949, 1950 MHz, 2100 MHz, 9501 MHz, 1950 MHz, 235.63 W, 350.00 W, 350.00 W, 64, 85 %, 22572 MiB, P2, 0x0000000000000000, Not Active, Not Active, Not Active, Not Active, Not Active
2026-08-25T22:03:35+08:00,2026/08/25 22:03:35.974, 1950 MHz, 2100 MHz, 9501 MHz, 1950 MHz, 236.78 W, 350.00 W, 350.00 W, 64, 89 %, 22572 MiB, P2, 0x0000000000000000, Not Active, Not Active, Not Active, Not Active, Not Active
2026-08-25T22:03:40+08:00,2026/08/25 22:03:41.000, 1950 MHz, 2100 MHz, 9501 MHz, 1950 MHz, 232.85 W, 350.00 W, 350.00 W, 64, 86 %, 22580 MiB, P2, 0x0000000000000000, Not Active, Not Active, Not Active, Not Active, Not Active
2026-08-25T22:03:46+08:00,2026/08/25 22:03:46.026, 1950 MHz, 2100 MHz, 9501 MHz, 1950 MHz, 234.36 W, 350.00 W, 350.00 W, 64, 88 %, 22580 MiB, P2, 0x0000000000000000, Not Active, Not Active, Not Active, Not Active, Not Active
2026-08-25T22:03:51+08:00,2026/08/25 22:03:51.054, 1950 MHz, 2100 MHz, 9501 MHz, 1950 MHz, 230.85 W, 350.00 W, 350.00 W, 64, 89 %, 22580 MiB, P2, 0x0000000000000000, Not Active, Not Active, Not Active, Not Active, Not Active
2026-08-25T22:03:56+08:00,2026/08/25 22:03:56.078, 1950 MHz, 2100 MHz, 9501 MHz, 1950 MHz, 235.10 W, 350.00 W, 350.00 W, 64, 86 %, 22580 MiB, P2, 0x0000000000000000, Not Active, Not Active, Not Active, Not Active, Not Active
2026-08-25T22:04:01+08:00,2026/08/25 22:04:01.103, 1950 MHz, 2100 MHz, 9501 MHz, 1950 MHz, 233.72 W, 350.00 W, 350.00 W, 65, 88 %, 22580 MiB, P2, 0x0000000000000000, Not Active, Not Active, Not Active, Not Active, Not Active
2026-08-25T22:04:06+08:00,2026/08/25 22:04:06.128, 1950 MHz, 2100 MHz, 9501 MHz, 1950 MHz, 233.52 W, 350.00 W, 350.00 W, 65, 88 %, 22580 MiB, P2, 0x0000000000000000, Not Active, Not Active, Not Active, Not Active, Not Active
2026-08-25T22:04:11+08:00,2026/08/25 22:04:11.156, 1935 MHz, 2100 MHz, 9501 MHz, 1935 MHz, 213.89 W, 350.00 W, 350.00 W, 64, 91 %, 22580 MiB, P2, 0x0000000000000000, Not Active, Not Active, Not Active, Not Active, Not Active
2026-08-25T22:04:16+08:00,2026/08/25 22:04:16.183, 1950 MHz, 2100 MHz, 9501 MHz, 1950 MHz, 229.22 W, 350.00 W, 350.00 W, 65, 86 %, 22580 MiB, P2, 0x0000000000000000, Not Active, Not Active, Not Active, Not Active, Not Active
2026-08-25T22:04:21+08:00,2026/08/25 22:04:21.211, 1950 MHz, 2100 MHz, 9501 MHz, 1950 MHz, 216.23 W, 350.00 W, 350.00 W, 64, 89 %, 22580 MiB, P2, 0x0000000000000000, Not Active, Not Active, Not Active, Not Active, Not Active
2026-08-25T22:04:26+08:00,2026/08/25 22:04:26.241, 1950 MHz, 2100 MHz, 9501 MHz, 1950 MHz, 232.09 W, 350.00 W, 350.00 W, 64, 85 %, 22580 MiB, P2, 0x0000000000000000, Not Active, Not Active, Not Active, Not Active, Not Active
2026-08-25T22:04:31+08:00,2026/08/25 22:04:31.269, 1950 MHz, 2100 MHz, 9501 MHz, 1950 MHz, 168.52 W, 350.00 W, 350.00 W, 62, 100 %, 21146 MiB, P2, 0x0000000000000000, Not Active, Not Active, Not Active, Not Active, Not Active
2026-08-25T22:04:36+08:00,2026/08/25 22:04:36.306, 1950 MHz, 2100 MHz, 9501 MHz, 1950 MHz, 167.62 W, 350.00 W, 350.00 W, 61, 100 %, 21146 MiB, P2, 0x0000000000000000, Not Active, Not Active, Not Active, Not Active, Not Active
2026-08-25T22:04:41+08:00,2026/08/25 22:04:41.343, 1950 MHz, 2100 MHz, 9501 MHz, 1950 MHz, 167.07 W, 350.00 W, 350.00 W, 61, 100 %, 21146 MiB, P2, 0x0000000000000000, Not Active, Not Active, Not Active, Not Active, Not Active
2026-08-25T22:04:46+08:00,2026/08/25 22:04:46.379, 1950 MHz, 2100 MHz, 9501 MHz, 1950 MHz, 217.31 W, 350.00 W, 350.00 W, 62, 88 %, 22566 MiB, P2, 0x0000000000000000, Not Active, Not Active, Not Active, Not Active, Not Active
2026-08-25T22:04:51+08:00,2026/08/25 22:04:51.406, 1950 MHz, 2100 MHz, 9501 MHz, 1950 MHz, 219.05 W, 350.00 W, 350.00 W, 63, 87 %, 22566 MiB, P2, 0x0000000000000000, Not Active, Not Active, Not Active, Not Active, Not Active
2026-08-25T22:04:56+08:00,2026/08/25 22:04:56.432, 1950 MHz, 2100 MHz, 9501 MHz, 1950 MHz, 217.40 W, 350.00 W, 350.00 W, 62, 85 %, 22566 MiB, P2, 0x0000000000000000, Not Active, Not Active, Not Active, Not Active, Not Active
2026-08-25T22:05:01+08:00,2026/08/25 22:05:01.459, 1950 MHz, 2100 MHz, 9501 MHz, 1950 MHz, 217.72 W, 350.00 W, 350.00 W, 63, 88 %, 22566 MiB, P2, 0x0000000000000000, Not Active, Not Active, Not Active, Not Active, Not Active
2026-08-25T22:05:06+08:00,2026/08/25 22:05:06.486, 1950 MHz, 2100 MHz, 9501 MHz, 1950 MHz, 218.69 W, 350.00 W, 350.00 W, 63, 88 %, 22566 MiB, P2, 0x0000000000000000, Not Active, Not Active, Not Active, Not Active, Not Active
2026-08-25T22:05:11+08:00,2026/08/25 22:05:11.516, 1950 MHz, 2100 MHz, 9501 MHz, 1950 MHz, 217.37 W, 350.00 W, 350.00 W, 63, 88 %, 22566 MiB, P2, 0x0000000000000000, Not Active, Not Active, Not Active, Not Active, Not Active
2026-08-25T22:05:16+08:00,2026/08/25 22:05:16.544, 1950 MHz, 2100 MHz, 9501 MHz, 1950 MHz, 219.27 W, 350.00 W, 350.00 W, 62, 85 %, 22570 MiB, P2, 0x0000000000000000, Not Active, Not Active, Not Active, Not Active, Not Active
2026-08-25T22:05:21+08:00,2026/08/25 22:05:21.571, 1950 MHz, 2100 MHz, 9501 MHz, 1950 MHz, 219.88 W, 350.00 W, 350.00 W, 63, 86 %, 22570 MiB, P2, 0x0000000000000000, Not Active, Not Active, Not Active, Not Active, Not Active
2026-08-25T22:05:26+08:00,2026/08/25 22:05:26.599, 1950 MHz, 2100 MHz, 9501 MHz, 1950 MHz, 218.49 W, 350.00 W, 350.00 W, 63, 88 %, 22570 MiB, P2, 0x0000000000000000, Not Active, Not Active, Not Active, Not Active, Not Active
2026-08-25T22:05:31+08:00,2026/08/25 22:05:31.627, 1815 MHz, 2100 MHz, 9501 MHz, 1815 MHz, 222.93 W, 350.00 W, 350.00 W, 63, 80 %, 22578 MiB, P2, 0x0000000000000004, Not Active, Not Active, Not Active, Active, Not Active
2026-08-25T22:05:36+08:00,2026/08/25 22:05:36.655, 1950 MHz, 2100 MHz, 9501 MHz, 1950 MHz, 219.59 W, 350.00 W, 350.00 W, 63, 89 %, 22578 MiB, P2, 0x0000000000000000, Not Active, Not Active, Not Active, Not Active, Not Active
2026-08-25T22:05:41+08:00,2026/08/25 22:05:41.682, 1950 MHz, 2100 MHz, 9501 MHz, 1950 MHz, 220.39 W, 350.00 W, 350.00 W, 63, 89 %, 22578 MiB, P2, 0x0000000000000000, Not Active, Not Active, Not Active, Not Active, Not Active
2026-08-25T22:05:46+08:00,2026/08/25 22:05:46.710, 1950 MHz, 2100 MHz, 9501 MHz, 1950 MHz, 216.49 W, 350.00 W, 350.00 W, 63, 86 %, 22578 MiB, P2, 0x0000000000000000, Not Active, Not Active, Not Active, Not Active, Not Active
2026-08-25T22:05:51+08:00,2026/08/25 22:05:51.734, 1950 MHz, 2100 MHz, 9501 MHz, 1950 MHz, 219.26 W, 350.00 W, 350.00 W, 63, 88 %, 22578 MiB, P2, 0x0000000000000000, Not Active, Not Active, Not Active, Not Active, Not Active
2026-08-25T22:05:56+08:00,2026/08/25 22:05:56.758, 1950 MHz, 2100 MHz, 9501 MHz, 1950 MHz, 215.73 W, 350.00 W, 350.00 W, 63, 86 %, 22578 MiB, P2, 0x0000000000000000, Not Active, Not Active, Not Active, Not Active, Not Active
2026-08-25T22:06:01+08:00,2026/08/25 22:06:01.785, 1950 MHz, 2100 MHz, 9501 MHz, 1950 MHz, 218.27 W, 350.00 W, 350.00 W, 63, 87 %, 22578 MiB, P2, 0x0000000000000000, Not Active, Not Active, Not Active, Not Active, Not Active
2026-08-25T22:06:06+08:00,2026/08/25 22:06:06.811, 1950 MHz, 2100 MHz, 9501 MHz, 1950 MHz, 212.75 W, 350.00 W, 350.00 W, 63, 88 %, 22578 MiB, P2, 0x0000000000000000, Not Active, Not Active, Not Active, Not Active, Not Active
2026-08-25T22:06:11+08:00,2026/08/25 22:06:11.838, 1950 MHz, 2100 MHz, 9501 MHz, 1950 MHz, 220.00 W, 350.00 W, 350.00 W, 63, 86 %, 22578 MiB, P2, 0x0000000000000000, Not Active, Not Active, Not Active, Not Active, Not Active
2026-08-25T22:06:16+08:00,2026/08/25 22:06:16.864, 1950 MHz, 2100 MHz, 9501 MHz, 1950 MHz, 220.01 W, 350.00 W, 350.00 W, 63, 88 %, 22578 MiB, P2, 0x0000000000000000, Not Active, Not Active, Not Active, Not Active, Not Active
2026-08-25T22:06:21+08:00,2026/08/25 22:06:21.890, 1950 MHz, 2100 MHz, 9501 MHz, 1950 MHz, 218.11 W, 350.00 W, 350.00 W, 63, 89 %, 22578 MiB, P2, 0x0000000000000000, Not Active, Not Active, Not Active, Not Active, Not Active
2026-08-25T22:06:26+08:00,2026/08/25 22:06:26.916, 1950 MHz, 2100 MHz, 9501 MHz, 1950 MHz, 166.83 W, 350.00 W, 350.00 W, 61, 99 %, 21146 MiB, P2, 0x0000000000000000, Not Active, Not Active, Not Active, Not Active, Not Active
2026-08-25T22:06:31+08:00,2026/08/25 22:06:31.951, 1950 MHz, 2100 MHz, 9501 MHz, 1950 MHz, 166.44 W, 350.00 W, 350.00 W, 60, 100 %, 21146 MiB, P2, 0x0000000000000000, Not Active, Not Active, Not Active, Not Active, Not Active
2026-08-25T22:06:36+08:00,2026/08/25 22:06:36.988, 1950 MHz, 2100 MHz, 9501 MHz, 1950 MHz, 165.82 W, 350.00 W, 350.00 W, 60, 100 %, 21146 MiB, P2, 0x0000000000000000, Not Active, Not Active, Not Active, Not Active, Not Active
2026-08-25T22:06:42+08:00,2026/08/25 22:06:42.025, 1950 MHz, 2100 MHz, 9501 MHz, 1950 MHz, 207.41 W, 350.00 W, 350.00 W, 61, 89 %, 22566 MiB, P2, 0x0000000000000000, Not Active, Not Active, Not Active, Not Active, Not Active
2026-08-25T22:06:47+08:00,2026/08/25 22:06:47.051, 1950 MHz, 2100 MHz, 9501 MHz, 1950 MHz, 207.79 W, 350.00 W, 350.00 W, 62, 89 %, 22566 MiB, P2, 0x0000000000000000, Not Active, Not Active, Not Active, Not Active, Not Active
2026-08-25T22:06:52+08:00,2026/08/25 22:06:52.077, 1950 MHz, 2100 MHz, 9501 MHz, 1950 MHz, 208.20 W, 350.00 W, 350.00 W, 62, 88 %, 22566 MiB, P2, 0x0000000000000000, Not Active, Not Active, Not Active, Not Active, Not Active
2026-08-25T22:06:57+08:00,2026/08/25 22:06:57.102, 1950 MHz, 2100 MHz, 9501 MHz, 1950 MHz, 209.11 W, 350.00 W, 350.00 W, 62, 89 %, 22566 MiB, P2, 0x0000000000000000, Not Active, Not Active, Not Active, Not Active, Not Active
2026-08-25T22:07:02+08:00,2026/08/25 22:07:02.130, 1950 MHz, 2100 MHz, 9501 MHz, 1950 MHz, 208.89 W, 350.00 W, 350.00 W, 62, 89 %, 22566 MiB, P2, 0x0000000000000000, Not Active, Not Active, Not Active, Not Active, Not Active
2026-08-25T22:07:07+08:00,2026/08/25 22:07:07.159, 1950 MHz, 2100 MHz, 9501 MHz, 1950 MHz, 208.55 W, 350.00 W, 350.00 W, 62, 89 %, 22566 MiB, P2, 0x0000000000000000, Not Active, Not Active, Not Active, Not Active, Not Active
2026-08-25T22:07:12+08:00,2026/08/25 22:07:12.187, 1950 MHz, 2100 MHz, 9501 MHz, 1950 MHz, 201.76 W, 350.00 W, 350.00 W, 62, 89 %, 22570 MiB, P2, 0x0000000000000000, Not Active, Not Active, Not Active, Not Active, Not Active
2026-08-25T22:07:17+08:00,2026/08/25 22:07:17.213, 1950 MHz, 2100 MHz, 9501 MHz, 1950 MHz, 208.60 W, 350.00 W, 350.00 W, 61, 87 %, 22570 MiB, P2, 0x0000000000000000, Not Active, Not Active, Not Active, Not Active, Not Active
2026-08-25T22:07:22+08:00,2026/08/25 22:07:22.240, 1950 MHz, 2100 MHz, 9501 MHz, 1950 MHz, 201.71 W, 350.00 W, 350.00 W, 62, 89 %, 22570 MiB, P2, 0x0000000000000000, Not Active, Not Active, Not Active, Not Active, Not Active
2026-08-25T22:07:27+08:00,2026/08/25 22:07:27.266, 1950 MHz, 2100 MHz, 9501 MHz, 1950 MHz, 208.61 W, 350.00 W, 350.00 W, 62, 89 %, 22570 MiB, P2, 0x0000000000000000, Not Active, Not Active, Not Active, Not Active, Not Active
2026-08-25T22:07:32+08:00,2026/08/25 22:07:32.293, 1950 MHz, 2100 MHz, 9501 MHz, 1950 MHz, 205.29 W, 350.00 W, 350.00 W, 62, 89 %, 22578 MiB, P2, 0x0000000000000000, Not Active, Not Active, Not Active, Not Active, Not Active
2026-08-25T22:07:37+08:00,2026/08/25 22:07:37.321, 1950 MHz, 2100 MHz, 9501 MHz, 1950 MHz, 208.30 W, 350.00 W, 350.00 W, 62, 88 %, 22578 MiB, P2, 0x0000000000000000, Not Active, Not Active, Not Active, Not Active, Not Active
2026-08-25T22:07:42+08:00,2026/08/25 22:07:42.347, 1950 MHz, 2100 MHz, 9501 MHz, 1950 MHz, 207.39 W, 350.00 W, 350.00 W, 62, 89 %, 22578 MiB, P2, 0x0000000000000000, Not Active, Not Active, Not Active, Not Active, Not Active
2026-08-25T22:07:47+08:00,2026/08/25 22:07:47.373, 1950 MHz, 2100 MHz, 9501 MHz, 1950 MHz, 208.91 W, 350.00 W, 350.00 W, 62, 90 %, 22578 MiB, P2, 0x0000000000000000, Not Active, Not Active, Not Active, Not Active, Not Active
2026-08-25T22:07:52+08:00,2026/08/25 22:07:52.401, 1950 MHz, 2100 MHz, 9501 MHz, 1950 MHz, 209.68 W, 350.00 W, 350.00 W, 62, 89 %, 22578 MiB, P2, 0x0000000000000000, Not Active, Not Active, Not Active, Not Active, Not Active
2026-08-25T22:07:57+08:00,2026/08/25 22:07:57.430, 1950 MHz, 2100 MHz, 9501 MHz, 1950 MHz, 206.49 W, 350.00 W, 350.00 W, 62, 88 %, 22578 MiB, P2, 0x0000000000000000, Not Active, Not Active, Not Active, Not Active, Not Active
2026-08-25T22:08:02+08:00,2026/08/25 22:08:02.457, 1950 MHz, 2100 MHz, 9501 MHz, 1950 MHz, 208.53 W, 350.00 W, 350.00 W, 62, 89 %, 22578 MiB, P2, 0x0000000000000000, Not Active, Not Active, Not Active, Not Active, Not Active
2026-08-25T22:08:07+08:00,2026/08/25 22:08:07.482, 1950 MHz, 2100 MHz, 9501 MHz, 1950 MHz, 210.14 W, 350.00 W, 350.00 W, 62, 89 %, 22578 MiB, P2, 0x0000000000000000, Not Active, Not Active, Not Active, Not Active, Not Active
2026-08-25T22:08:12+08:00,2026/08/25 22:08:12.509, 1950 MHz, 2100 MHz, 9501 MHz, 1950 MHz, 208.77 W, 350.00 W, 350.00 W, 62, 89 %, 22578 MiB, P2, 0x0000000000000000, Not Active, Not Active, Not Active, Not Active, Not Active
2026-08-25T22:08:17+08:00,2026/08/25 22:08:17.534, 1950 MHz, 2100 MHz, 9501 MHz, 1950 MHz, 209.70 W, 350.00 W, 350.00 W, 62, 89 %, 22578 MiB, P2, 0x0000000000000000, Not Active, Not Active, Not Active, Not Active, Not Active
2026-08-25T22:08:22+08:00,2026/08/25 22:08:22.564, 1950 MHz, 2100 MHz, 9501 MHz, 1950 MHz, 209.75 W, 350.00 W, 350.00 W, 62, 89 %, 22578 MiB, P2, 0x0000000000000000, Not Active, Not Active, Not Active, Not Active, Not Active
2026-08-25T22:08:27+08:00,2026/08/25 22:08:27.590, 1950 MHz, 2100 MHz, 9501 MHz, 1950 MHz, 208.15 W, 350.00 W, 350.00 W, 62, 88 %, 22578 MiB, P2, 0x0000000000000000, Not Active, Not Active, Not Active, Not Active, Not Active
2026-08-25T22:08:32+08:00,2026/08/25 22:08:32.619, 1950 MHz, 2100 MHz, 9501 MHz, 1950 MHz, 166.22 W, 350.00 W, 350.00 W, 60, 100 %, 21146 MiB, P2, 0x0000000000000000, Not Active, Not Active, Not Active, Not Active, Not Active
2026-08-25T22:08:37+08:00,2026/08/25 22:08:37.656, 1950 MHz, 2100 MHz, 9501 MHz, 1950 MHz, 165.41 W, 350.00 W, 350.00 W, 60, 100 %, 21146 MiB, P2, 0x0000000000000000, Not Active, Not Active, Not Active, Not Active, Not Active
2026-08-25T22:08:42+08:00,2026/08/25 22:08:42.692, 1950 MHz, 2100 MHz, 9501 MHz, 1950 MHz, 165.27 W, 350.00 W, 350.00 W, 60, 99 %, 21146 MiB, P2, 0x0000000000000000, Not Active, Not Active, Not Active, Not Active, Not Active
2026-08-25T22:08:47+08:00,2026/08/25 22:08:47.727, 1950 MHz, 2100 MHz, 9501 MHz, 1950 MHz, 303.57 W, 350.00 W, 350.00 W, 67, 85 %, 21732 MiB, P2, 0x0000000000000000, Not Active, Not Active, Not Active, Not Active, Not Active
2026-08-25T22:08:52+08:00,2026/08/25 22:08:52.758, 1935 MHz, 2100 MHz, 9501 MHz, 1935 MHz, 331.55 W, 350.00 W, 350.00 W, 68, 86 %, 21732 MiB, P2, 0x0000000000000004, Not Active, Not Active, Not Active, Active, Not Active
2026-08-25T22:08:57+08:00,2026/08/25 22:08:57.782, 1920 MHz, 2100 MHz, 9501 MHz, 1920 MHz, 331.53 W, 350.00 W, 350.00 W, 69, 87 %, 21732 MiB, P2, 0x0000000000000004, Not Active, Not Active, Not Active, Active, Not Active
2026-08-25T22:09:02+08:00,2026/08/25 22:09:02.811, 1920 MHz, 2100 MHz, 9501 MHz, 1920 MHz, 333.72 W, 350.00 W, 350.00 W, 71, 86 %, 21740 MiB, P2, 0x0000000000000004, Not Active, Not Active, Not Active, Active, Not Active
2026-08-25T22:09:07+08:00,2026/08/25 22:09:07.837, 1920 MHz, 2100 MHz, 9501 MHz, 1920 MHz, 333.39 W, 350.00 W, 350.00 W, 71, 87 %, 21740 MiB, P2, 0x0000000000000004, Not Active, Not Active, Not Active, Active, Not Active
2026-08-25T22:09:12+08:00,2026/08/25 22:09:12.867, 1920 MHz, 2100 MHz, 9501 MHz, 1920 MHz, 301.71 W, 350.00 W, 350.00 W, 72, 87 %, 21740 MiB, P2, 0x0000000000000004, Not Active, Not Active, Not Active, Active, Not Active
2026-08-25T22:09:17+08:00,2026/08/25 22:09:17.897, 1935 MHz, 2100 MHz, 9501 MHz, 1935 MHz, 172.42 W, 350.00 W, 350.00 W, 64, 100 %, 21146 MiB, P2, 0x0000000000000000, Not Active, Not Active, Not Active, Not Active, Not Active
2026-08-25T22:09:22+08:00,2026/08/25 22:09:22.934, 1950 MHz, 2100 MHz, 9501 MHz, 1950 MHz, 171.93 W, 350.00 W, 350.00 W, 63, 100 %, 21146 MiB, P2, 0x0000000000000000, Not Active, Not Active, Not Active, Not Active, Not Active
2026-08-25T22:09:27+08:00,2026/08/25 22:09:27.972, 1950 MHz, 2100 MHz, 9501 MHz, 1950 MHz, 170.51 W, 350.00 W, 350.00 W, 62, 100 %, 21146 MiB, P2, 0x0000000000000000, Not Active, Not Active, Not Active, Not Active, Not Active
2026-08-25T22:09:32+08:00,2026/08/25 22:09:33.011, 1935 MHz, 2100 MHz, 9501 MHz, 1935 MHz, 302.10 W, 350.00 W, 350.00 W, 68, 85 %, 21732 MiB, P2, 0x0000000000000004, Not Active, Not Active, Not Active, Active, Not Active
2026-08-25T22:09:38+08:00,2026/08/25 22:09:38.038, 1935 MHz, 2100 MHz, 9501 MHz, 1935 MHz, 289.52 W, 350.00 W, 350.00 W, 68, 83 %, 21732 MiB, P2, 0x0000000000000000, Not Active, Not Active, Not Active, Not Active, Not Active
2026-08-25T22:09:43+08:00,2026/08/25 22:09:43.065, 1920 MHz, 2100 MHz, 9501 MHz, 1920 MHz, 332.18 W, 350.00 W, 350.00 W, 71, 86 %, 21732 MiB, P2, 0x0000000000000004, Not Active, Not Active, Not Active, Active, Not Active
2026-08-25T22:09:48+08:00,2026/08/25 22:09:48.095, 1920 MHz, 2100 MHz, 9501 MHz, 1920 MHz, 335.24 W, 350.00 W, 350.00 W, 72, 85 %, 21740 MiB, P2, 0x0000000000000004, Not Active, Not Active, Not Active, Active, Not Active
2026-08-25T22:09:53+08:00,2026/08/25 22:09:53.124, 1920 MHz, 2100 MHz, 9501 MHz, 1920 MHz, 334.97 W, 350.00 W, 350.00 W, 72, 86 %, 21740 MiB, P2, 0x0000000000000004, Not Active, Not Active, Not Active, Active, Not Active
2026-08-25T22:09:58+08:00,2026/08/25 22:09:58.153, 1920 MHz, 2100 MHz, 9501 MHz, 1920 MHz, 314.89 W, 350.00 W, 350.00 W, 73, 86 %, 21740 MiB, P2, 0x0000000000000004, Not Active, Not Active, Not Active, Active, Not Active
2026-08-25T22:10:03+08:00,2026/08/25 22:10:03.180, 1935 MHz, 2100 MHz, 9501 MHz, 1935 MHz, 173.64 W, 350.00 W, 350.00 W, 65, 100 %, 21146 MiB, P2, 0x0000000000000000, Not Active, Not Active, Not Active, Not Active, Not Active
2026-08-25T22:10:08+08:00,2026/08/25 22:10:08.214, 1950 MHz, 2100 MHz, 9501 MHz, 1950 MHz, 172.52 W, 350.00 W, 350.00 W, 63, 100 %, 21146 MiB, P2, 0x0000000000000000, Not Active, Not Active, Not Active, Not Active, Not Active
2026-08-25T22:10:13+08:00,2026/08/25 22:10:13.280, 1950 MHz, 2100 MHz, 9501 MHz, 1950 MHz, 171.53 W, 350.00 W, 350.00 W, 62, 100 %, 21146 MiB, P2, 0x0000000000000000, Not Active, Not Active, Not Active, Not Active, Not Active
2026-08-25T22:10:18+08:00,2026/08/25 22:10:18.320, 1950 MHz, 2100 MHz, 9501 MHz, 1950 MHz, 212.98 W, 350.00 W, 350.00 W, 63, 88 %, 22566 MiB, P2, 0x0000000000000000, Not Active, Not Active, Not Active, Not Active, Not Active
2026-08-25T22:10:23+08:00,2026/08/25 22:10:23.347, 1950 MHz, 2100 MHz, 9501 MHz, 1950 MHz, 211.12 W, 350.00 W, 350.00 W, 63, 89 %, 22566 MiB, P2, 0x0000000000000000, Not Active, Not Active, Not Active, Not Active, Not Active
2026-08-25T22:10:28+08:00,2026/08/25 22:10:28.372, 1950 MHz, 2100 MHz, 9501 MHz, 1950 MHz, 211.88 W, 350.00 W, 350.00 W, 62, 89 %, 22566 MiB, P2, 0x0000000000000000, Not Active, Not Active, Not Active, Not Active, Not Active
2026-08-25T22:10:33+08:00,2026/08/25 22:10:33.401, 1950 MHz, 2100 MHz, 9501 MHz, 1950 MHz, 211.65 W, 350.00 W, 350.00 W, 62, 87 %, 22566 MiB, P2, 0x0000000000000000, Not Active, Not Active, Not Active, Not Active, Not Active
2026-08-25T22:10:38+08:00,2026/08/25 22:10:38.427, 1950 MHz, 2100 MHz, 9501 MHz, 1950 MHz, 211.20 W, 350.00 W, 350.00 W, 62, 88 %, 22566 MiB, P2, 0x0000000000000000, Not Active, Not Active, Not Active, Not Active, Not Active
2026-08-25T22:10:43+08:00,2026/08/25 22:10:43.456, 1950 MHz, 2100 MHz, 9501 MHz, 1950 MHz, 209.07 W, 350.00 W, 350.00 W, 61, 87 %, 22566 MiB, P2, 0x0000000000000000, Not Active, Not Active, Not Active, Not Active, Not Active
2026-08-25T22:10:48+08:00,2026/08/25 22:10:48.484, 1950 MHz, 2100 MHz, 9501 MHz, 1950 MHz, 209.69 W, 350.00 W, 350.00 W, 61, 89 %, 22570 MiB, P2, 0x0000000000000000, Not Active, Not Active, Not Active, Not Active, Not Active
2026-08-25T22:10:53+08:00,2026/08/25 22:10:53.515, 1950 MHz, 2100 MHz, 9501 MHz, 1950 MHz, 208.97 W, 350.00 W, 350.00 W, 61, 90 %, 22570 MiB, P2, 0x0000000000000000, Not Active, Not Active, Not Active, Not Active, Not Active
2026-08-25T22:10:58+08:00,2026/08/25 22:10:58.543, 1950 MHz, 2100 MHz, 9501 MHz, 1950 MHz, 208.80 W, 350.00 W, 350.00 W, 61, 88 %, 22570 MiB, P2, 0x0000000000000000, Not Active, Not Active, Not Active, Not Active, Not Active
2026-08-25T22:11:03+08:00,2026/08/25 22:11:03.570, 1950 MHz, 2100 MHz, 9501 MHz, 1950 MHz, 207.21 W, 350.00 W, 350.00 W, 61, 88 %, 22570 MiB, P2, 0x0000000000000000, Not Active, Not Active, Not Active, Not Active, Not Active
2026-08-25T22:11:08+08:00,2026/08/25 22:11:08.597, 1950 MHz, 2100 MHz, 9501 MHz, 1950 MHz, 208.53 W, 350.00 W, 350.00 W, 60, 89 %, 22578 MiB, P2, 0x0000000000000000, Not Active, Not Active, Not Active, Not Active, Not Active
2026-08-25T22:11:13+08:00,2026/08/25 22:11:13.626, 1950 MHz, 2100 MHz, 9501 MHz, 1950 MHz, 207.42 W, 350.00 W, 350.00 W, 61, 89 %, 22578 MiB, P2, 0x0000000000000000, Not Active, Not Active, Not Active, Not Active, Not Active
2026-08-25T22:11:18+08:00,2026/08/25 22:11:18.654, 1950 MHz, 2100 MHz, 9501 MHz, 1950 MHz, 209.20 W, 350.00 W, 350.00 W, 61, 89 %, 22578 MiB, P2, 0x0000000000000000, Not Active, Not Active, Not Active, Not Active, Not Active
2026-08-25T22:11:23+08:00,2026/08/25 22:11:23.684, 1950 MHz, 2100 MHz, 9501 MHz, 1950 MHz, 208.27 W, 350.00 W, 350.00 W, 60, 88 %, 22578 MiB, P2, 0x0000000000000000, Not Active, Not Active, Not Active, Not Active, Not Active
2026-08-25T22:11:28+08:00,2026/08/25 22:11:28.710, 1950 MHz, 2100 MHz, 9501 MHz, 1950 MHz, 207.31 W, 350.00 W, 350.00 W, 61, 89 %, 22578 MiB, P2, 0x0000000000000000, Not Active, Not Active, Not Active, Not Active, Not Active
2026-08-25T22:11:33+08:00,2026/08/25 22:11:33.738, 1950 MHz, 2100 MHz, 9501 MHz, 1950 MHz, 207.10 W, 350.00 W, 350.00 W, 60, 71 %, 22578 MiB, P2, 0x0000000000000000, Not Active, Not Active, Not Active, Not Active, Not Active
2026-08-25T22:11:38+08:00,2026/08/25 22:11:38.765, 1950 MHz, 2100 MHz, 9501 MHz, 1950 MHz, 208.50 W, 350.00 W, 350.00 W, 60, 88 %, 22578 MiB, P2, 0x0000000000000000, Not Active, Not Active, Not Active, Not Active, Not Active
2026-08-25T22:11:43+08:00,2026/08/25 22:11:43.793, 1950 MHz, 2100 MHz, 9501 MHz, 1950 MHz, 209.01 W, 350.00 W, 350.00 W, 60, 87 %, 22578 MiB, P2, 0x0000000000000000, Not Active, Not Active, Not Active, Not Active, Not Active
2026-08-25T22:11:48+08:00,2026/08/25 22:11:48.818, 1950 MHz, 2100 MHz, 9501 MHz, 1950 MHz, 208.04 W, 350.00 W, 350.00 W, 61, 89 %, 22578 MiB, P2, 0x0000000000000000, Not Active, Not Active, Not Active, Not Active, Not Active
2026-08-25T22:11:53+08:00,2026/08/25 22:11:53.844, 1950 MHz, 2100 MHz, 9501 MHz, 1950 MHz, 207.41 W, 350.00 W, 350.00 W, 60, 89 %, 22578 MiB, P2, 0x0000000000000000, Not Active, Not Active, Not Active, Not Active, Not Active
2026-08-25T22:11:58+08:00,2026/08/25 22:11:58.871, 1950 MHz, 2100 MHz, 9501 MHz, 1950 MHz, 206.83 W, 350.00 W, 350.00 W, 60, 89 %, 22578 MiB, P2, 0x0000000000000000, Not Active, Not Active, Not Active, Not Active, Not Active
2026-08-25T22:12:03+08:00,2026/08/25 22:12:03.898, 1950 MHz, 2100 MHz, 9501 MHz, 1950 MHz, 207.96 W, 350.00 W, 350.00 W, 60, 89 %, 22578 MiB, P2, 0x0000000000000000, Not Active, Not Active, Not Active, Not Active, Not Active
2026-08-25T22:12:08+08:00,2026/08/25 22:12:08.926, 1950 MHz, 2100 MHz, 9501 MHz, 1950 MHz, 162.64 W, 350.00 W, 350.00 W, 58, 99 %, 21146 MiB, P2, 0x0000000000000000, Not Active, Not Active, Not Active, Not Active, Not Active
2026-08-25T22:12:13+08:00,2026/08/25 22:12:13.964, 1950 MHz, 2100 MHz, 9501 MHz, 1950 MHz, 162.55 W, 350.00 W, 350.00 W, 58, 100 %, 21146 MiB, P2, 0x0000000000000000, Not Active, Not Active, Not Active, Not Active, Not Active
2026-08-25T22:12:18+08:00,2026/08/25 22:12:19.009, 1950 MHz, 2100 MHz, 9501 MHz, 1950 MHz, 162.29 W, 350.00 W, 350.00 W, 58, 100 %, 21146 MiB, P2, 0x0000000000000000, Not Active, Not Active, Not Active, Not Active, Not Active
2026-08-25T22:12:24+08:00,2026/08/25 22:12:24.043, 1950 MHz, 2100 MHz, 9501 MHz, 1950 MHz, 216.24 W, 350.00 W, 350.00 W, 60, 88 %, 22566 MiB, P2, 0x0000000000000000, Not Active, Not Active, Not Active, Not Active, Not Active
2026-08-25T22:12:29+08:00,2026/08/25 22:12:29.070, 1950 MHz, 2100 MHz, 9501 MHz, 1950 MHz, 214.93 W, 350.00 W, 350.00 W, 60, 88 %, 22566 MiB, P2, 0x0000000000000000, Not Active, Not Active, Not Active, Not Active, Not Active
2026-08-25T22:12:34+08:00,2026/08/25 22:12:34.096, 1950 MHz, 2100 MHz, 9501 MHz, 1950 MHz, 215.45 W, 350.00 W, 350.00 W, 60, 88 %, 22566 MiB, P2, 0x0000000000000000, Not Active, Not Active, Not Active, Not Active, Not Active
2026-08-25T22:12:39+08:00,2026/08/25 22:12:39.124, 1950 MHz, 2100 MHz, 9501 MHz, 1950 MHz, 205.56 W, 350.00 W, 350.00 W, 60, 88 %, 22566 MiB, P2, 0x0000000000000000, Not Active, Not Active, Not Active, Not Active, Not Active
2026-08-25T22:12:44+08:00,2026/08/25 22:12:44.152, 1950 MHz, 2100 MHz, 9501 MHz, 1950 MHz, 216.43 W, 350.00 W, 350.00 W, 60, 88 %, 22566 MiB, P2, 0x0000000000000000, Not Active, Not Active, Not Active, Not Active, Not Active
2026-08-25T22:12:49+08:00,2026/08/25 22:12:49.179, 1950 MHz, 2100 MHz, 9501 MHz, 1950 MHz, 202.88 W, 350.00 W, 350.00 W, 60, 88 %, 22570 MiB, P2, 0x0000000000000000, Not Active, Not Active, Not Active, Not Active, Not Active
2026-08-25T22:12:54+08:00,2026/08/25 22:12:54.208, 1950 MHz, 2100 MHz, 9501 MHz, 1950 MHz, 213.35 W, 350.00 W, 350.00 W, 60, 86 %, 22570 MiB, P2, 0x0000000000000000, Not Active, Not Active, Not Active, Not Active, Not Active
2026-08-25T22:12:59+08:00,2026/08/25 22:12:59.235, 1950 MHz, 2100 MHz, 9501 MHz, 1950 MHz, 209.85 W, 350.00 W, 350.00 W, 60, 87 %, 22570 MiB, P2, 0x0000000000000000, Not Active, Not Active, Not Active, Not Active, Not Active
2026-08-25T22:13:04+08:00,2026/08/25 22:13:04.262, 1950 MHz, 2100 MHz, 9501 MHz, 1950 MHz, 213.54 W, 350.00 W, 350.00 W, 61, 87 %, 22570 MiB, P2, 0x0000000000000000, Not Active, Not Active, Not Active, Not Active, Not Active
2026-08-25T22:13:09+08:00,2026/08/25 22:13:09.289, 1950 MHz, 2100 MHz, 9501 MHz, 1950 MHz, 215.48 W, 350.00 W, 350.00 W, 61, 86 %, 22578 MiB, P2, 0x0000000000000000, Not Active, Not Active, Not Active, Not Active, Not Active
2026-08-25T22:13:14+08:00,2026/08/25 22:13:14.320, 1950 MHz, 2100 MHz, 9501 MHz, 1950 MHz, 215.68 W, 350.00 W, 350.00 W, 61, 88 %, 22578 MiB, P2, 0x0000000000000000, Not Active, Not Active, Not Active, Not Active, Not Active
2026-08-25T22:13:19+08:00,2026/08/25 22:13:19.347, 1950 MHz, 2100 MHz, 9501 MHz, 1950 MHz, 214.79 W, 350.00 W, 350.00 W, 61, 87 %, 22578 MiB, P2, 0x0000000000000000, Not Active, Not Active, Not Active, Not Active, Not Active
2026-08-25T22:13:24+08:00,2026/08/25 22:13:24.374, 1950 MHz, 2100 MHz, 9501 MHz, 1950 MHz, 213.10 W, 350.00 W, 350.00 W, 61, 86 %, 22578 MiB, P2, 0x0000000000000000, Not Active, Not Active, Not Active, Not Active, Not Active
2026-08-25T22:13:29+08:00,2026/08/25 22:13:29.402, 1950 MHz, 2100 MHz, 9501 MHz, 1950 MHz, 217.51 W, 350.00 W, 350.00 W, 61, 87 %, 22578 MiB, P2, 0x0000000000000000, Not Active, Not Active, Not Active, Not Active, Not Active
2026-08-25T22:13:34+08:00,2026/08/25 22:13:34.427, 1950 MHz, 2100 MHz, 9501 MHz, 1950 MHz, 215.33 W, 350.00 W, 350.00 W, 61, 87 %, 22578 MiB, P2, 0x0000000000000000, Not Active, Not Active, Not Active, Not Active, Not Active
2026-08-25T22:13:39+08:00,2026/08/25 22:13:39.451, 1950 MHz, 2100 MHz, 9501 MHz, 1950 MHz, 214.24 W, 350.00 W, 350.00 W, 61, 87 %, 22578 MiB, P2, 0x0000000000000000, Not Active, Not Active, Not Active, Not Active, Not Active
2026-08-25T22:13:44+08:00,2026/08/25 22:13:44.477, 1950 MHz, 2100 MHz, 9501 MHz, 1950 MHz, 214.34 W, 350.00 W, 350.00 W, 62, 88 %, 22578 MiB, P2, 0x0000000000000000, Not Active, Not Active, Not Active, Not Active, Not Active
2026-08-25T22:13:49+08:00,2026/08/25 22:13:49.506, 1950 MHz, 2100 MHz, 9501 MHz, 1950 MHz, 214.59 W, 350.00 W, 350.00 W, 61, 88 %, 22578 MiB, P2, 0x0000000000000000, Not Active, Not Active, Not Active, Not Active, Not Active
2026-08-25T22:13:54+08:00,2026/08/25 22:13:54.532, 1950 MHz, 2100 MHz, 9501 MHz, 1950 MHz, 217.69 W, 350.00 W, 350.00 W, 62, 89 %, 22578 MiB, P2, 0x0000000000000000, Not Active, Not Active, Not Active, Not Active, Not Active
2026-08-25T22:13:59+08:00,2026/08/25 22:13:59.559, 1950 MHz, 2100 MHz, 9501 MHz, 1950 MHz, 212.56 W, 350.00 W, 350.00 W, 61, 55 %, 398 MiB, P2, 0x0000000000000000, Not Active, Not Active, Not Active, Not Active, Not Active
2026-08-25T22:14:04+08:00,2026/08/25 22:14:04.584, 1950 MHz, 2100 MHz, 9501 MHz, 1950 MHz, 154.30 W, 350.00 W, 350.00 W, 59, 99 %, 21146 MiB, P2, 0x0000000000000000, Not Active, Not Active, Not Active, Not Active, Not Active
2026-08-25T22:14:09+08:00,2026/08/25 22:14:09.615, 1950 MHz, 2100 MHz, 9501 MHz, 1950 MHz, 203.19 W, 350.00 W, 350.00 W, 61, 88 %, 22568 MiB, P2, 0x0000000000000000, Not Active, Not Active, Not Active, Not Active, Not Active
2026-08-25T22:14:14+08:00,2026/08/25 22:14:14.642, 1950 MHz, 2100 MHz, 9501 MHz, 1950 MHz, 227.01 W, 350.00 W, 350.00 W, 62, 86 %, 22570 MiB, P2, 0x0000000000000000, Not Active, Not Active, Not Active, Not Active, Not Active
2026-08-25T22:14:19+08:00,2026/08/25 22:14:19.670, 1950 MHz, 2100 MHz, 9501 MHz, 1950 MHz, 226.42 W, 350.00 W, 350.00 W, 62, 89 %, 22570 MiB, P2, 0x0000000000000000, Not Active, Not Active, Not Active, Not Active, Not Active
2026-08-25T22:14:24+08:00,2026/08/25 22:14:24.698, 1950 MHz, 2100 MHz, 9501 MHz, 1950 MHz, 229.48 W, 350.00 W, 350.00 W, 62, 89 %, 22570 MiB, P2, 0x0000000000000000, Not Active, Not Active, Not Active, Not Active, Not Active
2026-08-25T22:14:29+08:00,2026/08/25 22:14:29.724, 1950 MHz, 2100 MHz, 9501 MHz, 1950 MHz, 228.54 W, 350.00 W, 350.00 W, 62, 88 %, 22570 MiB, P2, 0x0000000000000000, Not Active, Not Active, Not Active, Not Active, Not Active
2026-08-25T22:14:34+08:00,2026/08/25 22:14:34.749, 1950 MHz, 2100 MHz, 9501 MHz, 1950 MHz, 226.04 W, 350.00 W, 350.00 W, 62, 88 %, 22570 MiB, P2, 0x0000000000000000, Not Active, Not Active, Not Active, Not Active, Not Active
2026-08-25T22:14:39+08:00,2026/08/25 22:14:39.776, 1950 MHz, 2100 MHz, 9501 MHz, 1950 MHz, 227.79 W, 350.00 W, 350.00 W, 63, 88 %, 22572 MiB, P2, 0x0000000000000000, Not Active, Not Active, Not Active, Not Active, Not Active
2026-08-25T22:14:44+08:00,2026/08/25 22:14:44.802, 1950 MHz, 2100 MHz, 9501 MHz, 1950 MHz, 228.21 W, 350.00 W, 350.00 W, 63, 87 %, 22572 MiB, P2, 0x0000000000000000, Not Active, Not Active, Not Active, Not Active, Not Active
2026-08-25T22:14:49+08:00,2026/08/25 22:14:49.828, 1950 MHz, 2100 MHz, 9501 MHz, 1950 MHz, 230.51 W, 350.00 W, 350.00 W, 64, 91 %, 22572 MiB, P2, 0x0000000000000000, Not Active, Not Active, Not Active, Not Active, Not Active
2026-08-25T22:14:54+08:00,2026/08/25 22:14:54.857, 1935 MHz, 2100 MHz, 9501 MHz, 1935 MHz, 228.80 W, 350.00 W, 350.00 W, 63, 87 %, 22580 MiB, P2, 0x0000000000000000, Not Active, Not Active, Not Active, Not Active, Not Active
2026-08-25T22:14:59+08:00,2026/08/25 22:14:59.883, 1935 MHz, 2100 MHz, 9501 MHz, 1935 MHz, 233.83 W, 350.00 W, 350.00 W, 63, 89 %, 22580 MiB, P2, 0x0000000000000000, Not Active, Not Active, Not Active, Not Active, Not Active
2026-08-25T22:15:04+08:00,2026/08/25 22:15:04.912, 1935 MHz, 2100 MHz, 9501 MHz, 1935 MHz, 227.08 W, 350.00 W, 350.00 W, 64, 89 %, 22580 MiB, P2, 0x0000000000000000, Not Active, Not Active, Not Active, Not Active, Not Active
2026-08-25T22:15:09+08:00,2026/08/25 22:15:09.941, 1935 MHz, 2100 MHz, 9501 MHz, 1935 MHz, 224.67 W, 350.00 W, 350.00 W, 64, 89 %, 22580 MiB, P2, 0x0000000000000000, Not Active, Not Active, Not Active, Not Active, Not Active
2026-08-25T22:15:14+08:00,2026/08/25 22:15:14.969, 1935 MHz, 2100 MHz, 9501 MHz, 1935 MHz, 229.53 W, 350.00 W, 350.00 W, 64, 85 %, 22580 MiB, P2, 0x0000000000000000, Not Active, Not Active, Not Active, Not Active, Not Active
2026-08-25T22:15:19+08:00,2026/08/25 22:15:19.995, 1935 MHz, 2100 MHz, 9501 MHz, 1935 MHz, 228.13 W, 350.00 W, 350.00 W, 64, 88 %, 22580 MiB, P2, 0x0000000000000000, Not Active, Not Active, Not Active, Not Active, Not Active
2026-08-25T22:15:25+08:00,2026/08/25 22:15:25.022, 1935 MHz, 2100 MHz, 9501 MHz, 1935 MHz, 230.35 W, 350.00 W, 350.00 W, 64, 89 %, 22580 MiB, P2, 0x0000000000000000, Not Active, Not Active, Not Active, Not Active, Not Active
2026-08-25T22:15:30+08:00,2026/08/25 22:15:30.049, 1935 MHz, 2100 MHz, 9501 MHz, 1935 MHz, 226.76 W, 350.00 W, 350.00 W, 64, 86 %, 22580 MiB, P2, 0x0000000000000000, Not Active, Not Active, Not Active, Not Active, Not Active
2026-08-25T22:15:35+08:00,2026/08/25 22:15:35.077, 1935 MHz, 2100 MHz, 9501 MHz, 1935 MHz, 227.80 W, 350.00 W, 350.00 W, 65, 87 %, 22580 MiB, P2, 0x0000000000000000, Not Active, Not Active, Not Active, Not Active, Not Active
2026-08-25T22:15:40+08:00,2026/08/25 22:15:40.108, 1935 MHz, 2100 MHz, 9501 MHz, 1935 MHz, 229.29 W, 350.00 W, 350.00 W, 64, 87 %, 22580 MiB, P2, 0x0000000000000000, Not Active, Not Active, Not Active, Not Active, Not Active
2026-08-25T22:15:45+08:00,2026/08/25 22:15:45.135, 1935 MHz, 2100 MHz, 9501 MHz, 1935 MHz, 171.22 W, 350.00 W, 350.00 W, 62, 0 %, 346 MiB, P2, 0x0000000000000000, Not Active, Not Active, Not Active, Not Active, Not Active
2026-08-25T22:15:50+08:00,2026/08/25 22:15:50.161, 1935 MHz, 2100 MHz, 9501 MHz, 1935 MHz, 155.31 W, 350.00 W, 350.00 W, 60, 99 %, 21146 MiB, P2, 0x0000000000000000, Not Active, Not Active, Not Active, Not Active, Not Active
2026-08-25T22:15:55+08:00,2026/08/25 22:15:55.191, 1935 MHz, 2100 MHz, 9501 MHz, 1935 MHz, 230.80 W, 350.00 W, 350.00 W, 63, 90 %, 22570 MiB, P2, 0x0000000000000000, Not Active, Not Active, Not Active, Not Active, Not Active
2026-08-25T22:16:00+08:00,2026/08/25 22:16:00.220, 1935 MHz, 2100 MHz, 9501 MHz, 1935 MHz, 234.09 W, 350.00 W, 350.00 W, 64, 86 %, 22574 MiB, P2, 0x0000000000000004, Not Active, Not Active, Not Active, Active, Not Active
2026-08-25T22:16:05+08:00,2026/08/25 22:16:05.256, 1935 MHz, 2100 MHz, 9501 MHz, 1935 MHz, 236.30 W, 350.00 W, 350.00 W, 64, 86 %, 22578 MiB, P2, 0x0000000000000000, Not Active, Not Active, Not Active, Not Active, Not Active
2026-08-25T22:16:10+08:00,2026/08/25 22:16:10.282, 1935 MHz, 2100 MHz, 9501 MHz, 1935 MHz, 237.56 W, 350.00 W, 350.00 W, 64, 88 %, 22578 MiB, P2, 0x0000000000000000, Not Active, Not Active, Not Active, Not Active, Not Active
2026-08-25T22:16:15+08:00,2026/08/25 22:16:15.311, 1935 MHz, 2100 MHz, 9501 MHz, 1935 MHz, 234.33 W, 350.00 W, 350.00 W, 64, 88 %, 22578 MiB, P2, 0x0000000000000000, Not Active, Not Active, Not Active, Not Active, Not Active
2026-08-25T22:16:20+08:00,2026/08/25 22:16:20.339, 1935 MHz, 2100 MHz, 9501 MHz, 1935 MHz, 229.14 W, 350.00 W, 350.00 W, 65, 89 %, 22578 MiB, P2, 0x0000000000000000, Not Active, Not Active, Not Active, Not Active, Not Active
2026-08-25T22:16:25+08:00,2026/08/25 22:16:25.367, 1935 MHz, 2100 MHz, 9501 MHz, 1935 MHz, 224.65 W, 350.00 W, 350.00 W, 65, 89 %, 22578 MiB, P2, 0x0000000000000000, Not Active, Not Active, Not Active, Not Active, Not Active
2026-08-25T22:16:30+08:00,2026/08/25 22:16:30.392, 1935 MHz, 2100 MHz, 9501 MHz, 1935 MHz, 236.65 W, 350.00 W, 350.00 W, 65, 90 %, 22578 MiB, P2, 0x0000000000000000, Not Active, Not Active, Not Active, Not Active, Not Active
2026-08-25T22:16:35+08:00,2026/08/25 22:16:35.421, 1935 MHz, 2100 MHz, 9501 MHz, 1935 MHz, 235.63 W, 350.00 W, 350.00 W, 65, 90 %, 22578 MiB, P2, 0x0000000000000000, Not Active, Not Active, Not Active, Not Active, Not Active
2026-08-25T22:16:40+08:00,2026/08/25 22:16:40.447, 1935 MHz, 2100 MHz, 9501 MHz, 1935 MHz, 228.33 W, 350.00 W, 350.00 W, 64, 88 %, 22578 MiB, P2, 0x0000000000000004, Not Active, Not Active, Not Active, Active, Not Active
2026-08-25T22:16:45+08:00,2026/08/25 22:16:45.474, 1935 MHz, 2100 MHz, 9501 MHz, 1935 MHz, 225.75 W, 350.00 W, 350.00 W, 65, 91 %, 22584 MiB, P2, 0x0000000000000004, Not Active, Not Active, Not Active, Active, Not Active
2026-08-25T22:16:50+08:00,2026/08/25 22:16:50.502, 1935 MHz, 2100 MHz, 9501 MHz, 1935 MHz, 230.54 W, 350.00 W, 350.00 W, 64, 94 %, 22584 MiB, P2, 0x0000000000000004, Not Active, Not Active, Not Active, Active, Not Active
2026-08-25T22:16:55+08:00,2026/08/25 22:16:55.529, 1935 MHz, 2100 MHz, 9501 MHz, 1935 MHz, 237.61 W, 350.00 W, 350.00 W, 65, 90 %, 22584 MiB, P2, 0x0000000000000000, Not Active, Not Active, Not Active, Not Active, Not Active
2026-08-25T22:17:00+08:00,2026/08/25 22:17:00.557, 1935 MHz, 2100 MHz, 9501 MHz, 1935 MHz, 231.52 W, 350.00 W, 350.00 W, 65, 90 %, 22584 MiB, P2, 0x0000000000000000, Not Active, Not Active, Not Active, Not Active, Not Active
2026-08-25T22:17:05+08:00,2026/08/25 22:17:05.584, 1935 MHz, 2100 MHz, 9501 MHz, 1935 MHz, 230.97 W, 350.00 W, 350.00 W, 66, 90 %, 22584 MiB, P2, 0x0000000000000004, Not Active, Not Active, Not Active, Active, Not Active
2026-08-25T22:17:10+08:00,2026/08/25 22:17:10.610, 1935 MHz, 2100 MHz, 9501 MHz, 1935 MHz, 240.71 W, 350.00 W, 350.00 W, 66, 89 %, 22584 MiB, P2, 0x0000000000000000, Not Active, Not Active, Not Active, Not Active, Not Active
2026-08-25T22:17:15+08:00,2026/08/25 22:17:15.638, 1935 MHz, 2100 MHz, 9501 MHz, 1935 MHz, 235.32 W, 350.00 W, 350.00 W, 66, 90 %, 22584 MiB, P2, 0x0000000000000000, Not Active, Not Active, Not Active, Not Active, Not Active
2026-08-25T22:17:20+08:00,2026/08/25 22:17:20.661, 1935 MHz, 2100 MHz, 9501 MHz, 1935 MHz, 215.90 W, 350.00 W, 350.00 W, 65, 91 %, 22584 MiB, P2, 0x0000000000000004, Not Active, Not Active, Not Active, Active, Not Active
2026-08-25T22:17:25+08:00,2026/08/25 22:17:25.688, 1920 MHz, 2100 MHz, 9501 MHz, 1920 MHz, 232.15 W, 350.00 W, 350.00 W, 65, 89 %, 22584 MiB, P2, 0x0000000000000004, Not Active, Not Active, Not Active, Active, Not Active
2026-08-25T22:17:30+08:00,2026/08/25 22:17:30.722, 1935 MHz, 2100 MHz, 9501 MHz, 1935 MHz, 233.19 W, 350.00 W, 350.00 W, 66, 90 %, 22584 MiB, P2, 0x0000000000000004, Not Active, Not Active, Not Active, Active, Not Active
2026-08-25T22:17:35+08:00,2026/08/25 22:17:35.750, 1935 MHz, 2100 MHz, 9501 MHz, 1935 MHz, 232.97 W, 350.00 W, 350.00 W, 66, 89 %, 22584 MiB, P2, 0x0000000000000000, Not Active, Not Active, Not Active, Not Active, Not Active
2026-08-25T22:17:40+08:00,2026/08/25 22:17:40.851, 1935 MHz, 2100 MHz, 9501 MHz, 1935 MHz, 182.91 W, 350.00 W, 350.00 W, 63, 0 %, 346 MiB, P2, 0x0000000000000000, Not Active, Not Active, Not Active, Not Active, Not Active
2026-08-25T22:17:45+08:00,2026/08/25 22:17:45.875, 1935 MHz, 2100 MHz, 9501 MHz, 1935 MHz, 156.04 W, 350.00 W, 350.00 W, 61, 99 %, 21146 MiB, P2, 0x0000000000000000, Not Active, Not Active, Not Active, Not Active, Not Active
2026-08-25T22:17:50+08:00,2026/08/25 22:17:50.905, 1920 MHz, 2100 MHz, 9501 MHz, 1920 MHz, 236.74 W, 350.00 W, 350.00 W, 64, 91 %, 22576 MiB, P2, 0x0000000000000004, Not Active, Not Active, Not Active, Active, Not Active
2026-08-25T22:17:55+08:00,2026/08/25 22:17:55.931, 1935 MHz, 2100 MHz, 9501 MHz, 1935 MHz, 236.95 W, 350.00 W, 350.00 W, 65, 91 %, 22576 MiB, P2, 0x0000000000000004, Not Active, Not Active, Not Active, Active, Not Active
2026-08-25T22:18:00+08:00,2026/08/25 22:18:00.959, 1935 MHz, 2100 MHz, 9501 MHz, 1935 MHz, 237.47 W, 350.00 W, 350.00 W, 65, 87 %, 22582 MiB, P2, 0x0000000000000000, Not Active, Not Active, Not Active, Not Active, Not Active
2026-08-25T22:18:05+08:00,2026/08/25 22:18:05.985, 1935 MHz, 2100 MHz, 9501 MHz, 1935 MHz, 241.89 W, 350.00 W, 350.00 W, 66, 91 %, 22582 MiB, P2, 0x0000000000000000, Not Active, Not Active, Not Active, Not Active, Not Active
2026-08-25T22:18:10+08:00,2026/08/25 22:18:11.012, 1935 MHz, 2100 MHz, 9501 MHz, 1935 MHz, 241.40 W, 350.00 W, 350.00 W, 65, 93 %, 22582 MiB, P2, 0x0000000000000004, Not Active, Not Active, Not Active, Active, Not Active
2026-08-25T22:18:16+08:00,2026/08/25 22:18:16.040, 1935 MHz, 2100 MHz, 9501 MHz, 1935 MHz, 237.33 W, 350.00 W, 350.00 W, 65, 94 %, 22582 MiB, P2, 0x0000000000000004, Not Active, Not Active, Not Active, Active, Not Active
2026-08-25T22:18:21+08:00,2026/08/25 22:18:21.068, 1935 MHz, 2100 MHz, 9501 MHz, 1935 MHz, 244.86 W, 350.00 W, 350.00 W, 67, 87 %, 22582 MiB, P2, 0x0000000000000000, Not Active, Not Active, Not Active, Not Active, Not Active
2026-08-25T22:18:26+08:00,2026/08/25 22:18:26.097, 1935 MHz, 2100 MHz, 9501 MHz, 1935 MHz, 245.27 W, 350.00 W, 350.00 W, 66, 90 %, 22582 MiB, P2, 0x0000000000000000, Not Active, Not Active, Not Active, Not Active, Not Active
2026-08-25T22:18:31+08:00,2026/08/25 22:18:31.124, 1905 MHz, 2100 MHz, 9501 MHz, 1905 MHz, 241.07 W, 350.00 W, 350.00 W, 65, 90 %, 22582 MiB, P2, 0x0000000000000004, Not Active, Not Active, Not Active, Active, Not Active
2026-08-25T22:18:36+08:00,2026/08/25 22:18:36.152, 1935 MHz, 2100 MHz, 9501 MHz, 1935 MHz, 244.96 W, 350.00 W, 350.00 W, 67, 92 %, 22582 MiB, P2, 0x0000000000000000, Not Active, Not Active, Not Active, Not Active, Not Active
2026-08-25T22:18:41+08:00,2026/08/25 22:18:41.176, 1920 MHz, 2100 MHz, 9501 MHz, 1920 MHz, 242.51 W, 350.00 W, 350.00 W, 66, 89 %, 22582 MiB, P2, 0x0000000000000004, Not Active, Not Active, Not Active, Active, Not Active
2026-08-25T22:18:46+08:00,2026/08/25 22:18:46.204, 1935 MHz, 2100 MHz, 9501 MHz, 1935 MHz, 236.54 W, 350.00 W, 350.00 W, 67, 89 %, 22582 MiB, P2, 0x0000000000000000, Not Active, Not Active, Not Active, Not Active, Not Active
2026-08-25T22:18:51+08:00,2026/08/25 22:18:51.233, 1920 MHz, 2100 MHz, 9501 MHz, 1920 MHz, 246.46 W, 350.00 W, 350.00 W, 66, 95 %, 22582 MiB, P2, 0x0000000000000004, Not Active, Not Active, Not Active, Active, Not Active
2026-08-25T22:18:56+08:00,2026/08/25 22:18:56.267, 1935 MHz, 2100 MHz, 9501 MHz, 1935 MHz, 248.12 W, 350.00 W, 350.00 W, 67, 88 %, 22582 MiB, P2, 0x0000000000000000, Not Active, Not Active, Not Active, Not Active, Not Active
2026-08-25T22:19:01+08:00,2026/08/25 22:19:01.295, 1935 MHz, 2100 MHz, 9501 MHz, 1935 MHz, 248.04 W, 350.00 W, 350.00 W, 67, 90 %, 22584 MiB, P2, 0x0000000000000000, Not Active, Not Active, Not Active, Not Active, Not Active
2026-08-25T22:19:06+08:00,2026/08/25 22:19:06.323, 1935 MHz, 2100 MHz, 9501 MHz, 1935 MHz, 250.70 W, 350.00 W, 350.00 W, 66, 88 %, 22584 MiB, P2, 0x0000000000000004, Not Active, Not Active, Not Active, Active, Not Active
2026-08-25T22:19:11+08:00,2026/08/25 22:19:11.349, 1935 MHz, 2100 MHz, 9501 MHz, 1935 MHz, 245.27 W, 350.00 W, 350.00 W, 67, 88 %, 22584 MiB, P2, 0x0000000000000000, Not Active, Not Active, Not Active, Not Active, Not Active
2026-08-25T22:19:16+08:00,2026/08/25 22:19:16.381, 1935 MHz, 2100 MHz, 9501 MHz, 1935 MHz, 249.99 W, 350.00 W, 350.00 W, 66, 95 %, 22584 MiB, P2, 0x0000000000000004, Not Active, Not Active, Not Active, Active, Not Active
2026-08-25T22:19:21+08:00,2026/08/25 22:19:21.415, 1935 MHz, 2100 MHz, 9501 MHz, 1935 MHz, 243.09 W, 350.00 W, 350.00 W, 67, 93 %, 22584 MiB, P2, 0x0000000000000004, Not Active, Not Active, Not Active, Active, Not Active
2026-08-25T22:19:26+08:00,2026/08/25 22:19:26.447, 1935 MHz, 2100 MHz, 9501 MHz, 1935 MHz, 246.23 W, 350.00 W, 350.00 W, 67, 90 %, 22584 MiB, P2, 0x0000000000000000, Not Active, Not Active, Not Active, Not Active, Not Active
2026-08-25T22:19:31+08:00,2026/08/25 22:19:31.474, 1935 MHz, 2100 MHz, 9501 MHz, 1935 MHz, 245.69 W, 350.00 W, 350.00 W, 67, 87 %, 22584 MiB, P2, 0x0000000000000000, Not Active, Not Active, Not Active, Not Active, Not Active
2026-08-25T22:19:36+08:00,2026/08/25 22:19:36.502, 1935 MHz, 2100 MHz, 9501 MHz, 1935 MHz, 243.01 W, 350.00 W, 350.00 W, 67, 91 %, 22584 MiB, P2, 0x0000000000000004, Not Active, Not Active, Not Active, Active, Not Active
2026-08-25T22:19:41+08:00,2026/08/25 22:19:41.534, 1935 MHz, 2100 MHz, 9501 MHz, 1935 MHz, 242.61 W, 350.00 W, 350.00 W, 67, 91 %, 22584 MiB, P2, 0x0000000000000000, Not Active, Not Active, Not Active, Not Active, Not Active
2026-08-25T22:19:46+08:00,2026/08/25 22:19:46.561, 1935 MHz, 2100 MHz, 9501 MHz, 1935 MHz, 224.86 W, 350.00 W, 350.00 W, 66, 76 %, 22584 MiB, P2, 0x0000000000000000, Not Active, Not Active, Not Active, Not Active, Not Active
2026-08-25T22:19:51+08:00,2026/08/25 22:19:51.590, 1935 MHz, 2100 MHz, 9501 MHz, 1935 MHz, 244.96 W, 350.00 W, 350.00 W, 67, 92 %, 22584 MiB, P2, 0x0000000000000004, Not Active, Not Active, Not Active, Active, Not Active
2026-08-25T22:19:56+08:00,2026/08/25 22:19:56.624, 1935 MHz, 2100 MHz, 9501 MHz, 1935 MHz, 243.95 W, 350.00 W, 350.00 W, 67, 92 %, 22584 MiB, P2, 0x0000000000000004, Not Active, Not Active, Not Active, Active, Not Active
2026-08-25T22:20:01+08:00,2026/08/25 22:20:01.654, 1935 MHz, 2100 MHz, 9501 MHz, 1935 MHz, 241.22 W, 350.00 W, 350.00 W, 66, 90 %, 22584 MiB, P2, 0x0000000000000004, Not Active, Not Active, Not Active, Active, Not Active
2026-08-25T22:20:06+08:00,2026/08/25 22:20:06.691, 1935 MHz, 2100 MHz, 9501 MHz, 1935 MHz, 243.87 W, 350.00 W, 350.00 W, 67, 91 %, 22584 MiB, P2, 0x0000000000000000, Not Active, Not Active, Not Active, Not Active, Not Active
2026-08-25T22:20:11+08:00,2026/08/25 22:20:11.719, 1935 MHz, 2100 MHz, 9501 MHz, 1935 MHz, 243.36 W, 350.00 W, 350.00 W, 67, 87 %, 22584 MiB, P2, 0x0000000000000000, Not Active, Not Active, Not Active, Not Active, Not Active
2026-08-25T22:20:16+08:00,2026/08/25 22:20:16.747, 1935 MHz, 2100 MHz, 9501 MHz, 1935 MHz, 171.87 W, 350.00 W, 350.00 W, 63, 2 %, 346 MiB, P2, 0x0000000000000000, Not Active, Not Active, Not Active, Not Active, Not Active
2026-08-25T22:20:21+08:00,2026/08/25 22:20:21.775, 1935 MHz, 2100 MHz, 9501 MHz, 1935 MHz, 166.46 W, 350.00 W, 350.00 W, 62, 100 %, 21146 MiB, P2, 0x0000000000000000, Not Active, Not Active, Not Active, Not Active, Not Active
2026-08-25T22:20:26+08:00,2026/08/25 22:20:26.812, 1935 MHz, 2100 MHz, 9501 MHz, 1935 MHz, 165.40 W, 350.00 W, 350.00 W, 61, 99 %, 21146 MiB, P2, 0x0000000000000000, Not Active, Not Active, Not Active, Not Active, Not Active
2026-08-25T22:20:31+08:00,2026/08/25 22:20:31.847, 1845 MHz, 2100 MHz, 9501 MHz, 1845 MHz, 241.22 W, 350.00 W, 350.00 W, 64, 96 %, 22602 MiB, P2, 0x0000000000000004, Not Active, Not Active, Not Active, Active, Not Active
2026-08-25T22:20:36+08:00,2026/08/25 22:20:36.875, 1935 MHz, 2100 MHz, 9501 MHz, 1935 MHz, 238.57 W, 350.00 W, 350.00 W, 66, 92 %, 22602 MiB, P2, 0x0000000000000004, Not Active, Not Active, Not Active, Active, Not Active
2026-08-25T22:20:41+08:00,2026/08/25 22:20:41.903, 1830 MHz, 2100 MHz, 9501 MHz, 1830 MHz, 241.99 W, 350.00 W, 350.00 W, 65, 92 %, 22604 MiB, P2, 0x0000000000000004, Not Active, Not Active, Not Active, Active, Not Active
2026-08-25T22:20:46+08:00,2026/08/25 22:20:46.932, 1830 MHz, 2100 MHz, 9501 MHz, 1830 MHz, 239.78 W, 350.00 W, 350.00 W, 65, 96 %, 22614 MiB, P2, 0x0000000000000004, Not Active, Not Active, Not Active, Active, Not Active
2026-08-25T22:20:51+08:00,2026/08/25 22:20:51.959, 1935 MHz, 2100 MHz, 9501 MHz, 1935 MHz, 238.90 W, 350.00 W, 350.00 W, 65, 92 %, 22614 MiB, P2, 0x0000000000000004, Not Active, Not Active, Not Active, Active, Not Active
2026-08-25T22:20:56+08:00,2026/08/25 22:20:56.985, 1935 MHz, 2100 MHz, 9501 MHz, 1935 MHz, 243.91 W, 350.00 W, 350.00 W, 65, 89 %, 22614 MiB, P2, 0x0000000000000004, Not Active, Not Active, Not Active, Active, Not Active
2026-08-25T22:21:01+08:00,2026/08/25 22:21:02.012, 1845 MHz, 2100 MHz, 9501 MHz, 1845 MHz, 243.57 W, 350.00 W, 350.00 W, 65, 88 %, 22614 MiB, P2, 0x0000000000000004, Not Active, Not Active, Not Active, Active, Not Active
2026-08-25T22:21:07+08:00,2026/08/25 22:21:07.038, 1905 MHz, 2100 MHz, 9501 MHz, 1905 MHz, 235.80 W, 350.00 W, 350.00 W, 65, 91 %, 22614 MiB, P2, 0x0000000000000004, Not Active, Not Active, Not Active, Active, Not Active
2026-08-25T22:21:12+08:00,2026/08/25 22:21:12.067, 1920 MHz, 2100 MHz, 9501 MHz, 1920 MHz, 245.86 W, 350.00 W, 350.00 W, 66, 88 %, 22614 MiB, P2, 0x0000000000000004, Not Active, Not Active, Not Active, Active, Not Active
2026-08-25T22:21:17+08:00,2026/08/25 22:21:17.094, 1935 MHz, 2100 MHz, 9501 MHz, 1935 MHz, 241.79 W, 350.00 W, 350.00 W, 66, 90 %, 22614 MiB, P2, 0x0000000000000004, Not Active, Not Active, Not Active, Active, Not Active
2026-08-25T22:21:22+08:00,2026/08/25 22:21:22.121, 1935 MHz, 2100 MHz, 9501 MHz, 1935 MHz, 241.51 W, 350.00 W, 350.00 W, 66, 88 %, 22614 MiB, P2, 0x0000000000000004, Not Active, Not Active, Not Active, Active, Not Active
2026-08-25T22:21:27+08:00,2026/08/25 22:21:27.156, 1935 MHz, 2100 MHz, 9501 MHz, 1935 MHz, 243.07 W, 350.00 W, 350.00 W, 66, 93 %, 22614 MiB, P2, 0x0000000000000004, Not Active, Not Active, Not Active, Active, Not Active
2026-08-25T22:21:32+08:00,2026/08/25 22:21:32.184, 1845 MHz, 2100 MHz, 9501 MHz, 1845 MHz, 241.74 W, 350.00 W, 350.00 W, 66, 93 %, 22614 MiB, P2, 0x0000000000000004, Not Active, Not Active, Not Active, Active, Not Active
2026-08-25T22:21:37+08:00,2026/08/25 22:21:37.216, 1845 MHz, 2100 MHz, 9501 MHz, 1845 MHz, 238.99 W, 350.00 W, 350.00 W, 66, 90 %, 22614 MiB, P2, 0x0000000000000004, Not Active, Not Active, Not Active, Active, Not Active
2026-08-25T22:21:42+08:00,2026/08/25 22:21:42.243, 1935 MHz, 2100 MHz, 9501 MHz, 1935 MHz, 242.58 W, 350.00 W, 350.00 W, 66, 89 %, 22614 MiB, P2, 0x0000000000000004, Not Active, Not Active, Not Active, Active, Not Active
2026-08-25T22:21:47+08:00,2026/08/25 22:21:47.271, 1935 MHz, 2100 MHz, 9501 MHz, 1935 MHz, 240.97 W, 350.00 W, 350.00 W, 65, 89 %, 22614 MiB, P2, 0x0000000000000004, Not Active, Not Active, Not Active, Active, Not Active
2026-08-25T22:21:52+08:00,2026/08/25 22:21:52.297, 1935 MHz, 2100 MHz, 9501 MHz, 1935 MHz, 242.51 W, 350.00 W, 350.00 W, 66, 91 %, 22614 MiB, P2, 0x0000000000000004, Not Active, Not Active, Not Active, Active, Not Active
2026-08-25T22:21:57+08:00,2026/08/25 22:21:57.321, 1905 MHz, 2100 MHz, 9501 MHz, 1905 MHz, 238.69 W, 350.00 W, 350.00 W, 66, 94 %, 22614 MiB, P2, 0x0000000000000004, Not Active, Not Active, Not Active, Active, Not Active
2026-08-25T22:22:02+08:00,2026/08/25 22:22:02.351, 1935 MHz, 2100 MHz, 9501 MHz, 1935 MHz, 240.08 W, 350.00 W, 350.00 W, 67, 92 %, 22614 MiB, P2, 0x0000000000000004, Not Active, Not Active, Not Active, Active, Not Active
2026-08-25T22:22:07+08:00,2026/08/25 22:22:07.380, 1860 MHz, 2100 MHz, 9501 MHz, 1860 MHz, 245.68 W, 350.00 W, 350.00 W, 66, 91 %, 22620 MiB, P2, 0x0000000000000004, Not Active, Not Active, Not Active, Active, Not Active
2026-08-25T22:22:12+08:00,2026/08/25 22:22:12.406, 1935 MHz, 2100 MHz, 9501 MHz, 1935 MHz, 239.58 W, 350.00 W, 350.00 W, 66, 89 %, 22620 MiB, P2, 0x0000000000000004, Not Active, Not Active, Not Active, Active, Not Active
2026-08-25T22:22:17+08:00,2026/08/25 22:22:17.434, 1920 MHz, 2100 MHz, 9501 MHz, 1920 MHz, 241.24 W, 350.00 W, 350.00 W, 66, 95 %, 22620 MiB, P2, 0x0000000000000004, Not Active, Not Active, Not Active, Active, Not Active
2026-08-25T22:22:22+08:00,2026/08/25 22:22:22.470, 1935 MHz, 2100 MHz, 9501 MHz, 1935 MHz, 243.65 W, 350.00 W, 350.00 W, 66, 89 %, 22620 MiB, P2, 0x0000000000000004, Not Active, Not Active, Not Active, Active, Not Active
2026-08-25T22:22:27+08:00,2026/08/25 22:22:27.498, 1905 MHz, 2100 MHz, 9501 MHz, 1905 MHz, 249.15 W, 350.00 W, 350.00 W, 66, 94 %, 22620 MiB, P2, 0x0000000000000004, Not Active, Not Active, Not Active, Active, Not Active
2026-08-25T22:22:32+08:00,2026/08/25 22:22:32.526, 1830 MHz, 2100 MHz, 9501 MHz, 1830 MHz, 236.84 W, 350.00 W, 350.00 W, 66, 89 %, 22620 MiB, P2, 0x0000000000000004, Not Active, Not Active, Not Active, Active, Not Active
2026-08-25T22:22:37+08:00,2026/08/25 22:22:37.554, 1845 MHz, 2100 MHz, 9501 MHz, 1845 MHz, 241.43 W, 350.00 W, 350.00 W, 66, 89 %, 22620 MiB, P2, 0x0000000000000004, Not Active, Not Active, Not Active, Active, Not Active
2026-08-25T22:22:42+08:00,2026/08/25 22:22:42.580, 1845 MHz, 2100 MHz, 9501 MHz, 1845 MHz, 240.20 W, 350.00 W, 350.00 W, 66, 97 %, 22620 MiB, P2, 0x0000000000000004, Not Active, Not Active, Not Active, Active, Not Active
2026-08-25T22:22:47+08:00,2026/08/25 22:22:47.608, 1920 MHz, 2100 MHz, 9501 MHz, 1920 MHz, 235.52 W, 350.00 W, 350.00 W, 66, 91 %, 22620 MiB, P2, 0x0000000000000004, Not Active, Not Active, Not Active, Active, Not Active
2026-08-25T22:22:52+08:00,2026/08/25 22:22:52.635, 1935 MHz, 2100 MHz, 9501 MHz, 1935 MHz, 243.68 W, 350.00 W, 350.00 W, 67, 95 %, 22620 MiB, P2, 0x0000000000000004, Not Active, Not Active, Not Active, Active, Not Active
2026-08-25T22:22:57+08:00,2026/08/25 22:22:57.663, 1830 MHz, 2100 MHz, 9501 MHz, 1830 MHz, 239.31 W, 350.00 W, 350.00 W, 66, 90 %, 22620 MiB, P2, 0x0000000000000004, Not Active, Not Active, Not Active, Active, Not Active
2026-08-25T22:23:02+08:00,2026/08/25 22:23:02.692, 1905 MHz, 2100 MHz, 9501 MHz, 1905 MHz, 240.19 W, 350.00 W, 350.00 W, 67, 89 %, 22620 MiB, P2, 0x0000000000000004, Not Active, Not Active, Not Active, Active, Not Active
2026-08-25T22:23:07+08:00,2026/08/25 22:23:07.719, 1935 MHz, 2100 MHz, 9501 MHz, 1935 MHz, 245.58 W, 350.00 W, 350.00 W, 66, 86 %, 22620 MiB, P2, 0x0000000000000000, Not Active, Not Active, Not Active, Not Active, Not Active
2026-08-25T22:23:12+08:00,2026/08/25 22:23:12.745, 1860 MHz, 2100 MHz, 9501 MHz, 1860 MHz, 241.88 W, 350.00 W, 350.00 W, 66, 89 %, 22620 MiB, P2, 0x0000000000000004, Not Active, Not Active, Not Active, Active, Not Active
2026-08-25T22:23:17+08:00,2026/08/25 22:23:17.771, 1845 MHz, 2100 MHz, 9501 MHz, 1845 MHz, 237.44 W, 350.00 W, 350.00 W, 66, 94 %, 22620 MiB, P2, 0x0000000000000004, Not Active, Not Active, Not Active, Active, Not Active
2026-08-25T22:23:22+08:00,2026/08/25 22:23:22.799, 1935 MHz, 2100 MHz, 9501 MHz, 1935 MHz, 248.49 W, 350.00 W, 350.00 W, 66, 90 %, 22620 MiB, P2, 0x0000000000000004, Not Active, Not Active, Not Active, Active, Not Active
2026-08-25T22:23:27+08:00,2026/08/25 22:23:27.823, 1935 MHz, 2100 MHz, 9501 MHz, 1935 MHz, 235.89 W, 350.00 W, 350.00 W, 66, 90 %, 22620 MiB, P2, 0x0000000000000004, Not Active, Not Active, Not Active, Active, Not Active
2026-08-25T22:23:32+08:00,2026/08/25 22:23:32.850, 1935 MHz, 2100 MHz, 9501 MHz, 1935 MHz, 244.83 W, 350.00 W, 350.00 W, 66, 95 %, 22620 MiB, P2, 0x0000000000000004, Not Active, Not Active, Not Active, Active, Not Active
2026-08-25T22:23:37+08:00,2026/08/25 22:23:37.875, 1875 MHz, 2100 MHz, 9501 MHz, 1875 MHz, 241.50 W, 350.00 W, 350.00 W, 66, 90 %, 22620 MiB, P2, 0x0000000000000004, Not Active, Not Active, Not Active, Active, Not Active
2026-08-25T22:23:42+08:00,2026/08/25 22:23:42.903, 1935 MHz, 2100 MHz, 9501 MHz, 1935 MHz, 244.12 W, 350.00 W, 350.00 W, 66, 92 %, 22620 MiB, P2, 0x0000000000000004, Not Active, Not Active, Not Active, Active, Not Active
2026-08-25T22:23:47+08:00,2026/08/25 22:23:47.932, 1935 MHz, 2100 MHz, 9501 MHz, 1935 MHz, 166.34 W, 350.00 W, 350.00 W, 62, 100 %, 21146 MiB, P2, 0x0000000000000000, Not Active, Not Active, Not Active, Not Active, Not Active
2026-08-25T22:23:52+08:00,2026/08/25 22:23:52.965, 1935 MHz, 2100 MHz, 9501 MHz, 1935 MHz, 163.83 W, 350.00 W, 350.00 W, 61, 100 %, 21146 MiB, P2, 0x0000000000000000, Not Active, Not Active, Not Active, Not Active, Not Active
2026-08-25T22:23:57+08:00,2026/08/25 22:23:58.000, 1935 MHz, 2100 MHz, 9501 MHz, 1935 MHz, 180.94 W, 350.00 W, 350.00 W, 62, 88 %, 22566 MiB, P2, 0x0000000000000000, Not Active, Not Active, Not Active, Not Active, Not Active
2026-08-25T22:24:03+08:00,2026/08/25 22:24:03.028, 1935 MHz, 2100 MHz, 9501 MHz, 1935 MHz, 230.57 W, 350.00 W, 350.00 W, 64, 91 %, 22574 MiB, P2, 0x0000000000000000, Not Active, Not Active, Not Active, Not Active, Not Active
2026-08-25T22:24:08+08:00,2026/08/25 22:24:08.056, 1935 MHz, 2100 MHz, 9501 MHz, 1935 MHz, 227.96 W, 350.00 W, 350.00 W, 64, 90 %, 22578 MiB, P2, 0x0000000000000000, Not Active, Not Active, Not Active, Not Active, Not Active
2026-08-25T22:24:13+08:00,2026/08/25 22:24:13.083, 1935 MHz, 2100 MHz, 9501 MHz, 1935 MHz, 232.35 W, 350.00 W, 350.00 W, 64, 89 %, 22578 MiB, P2, 0x0000000000000000, Not Active, Not Active, Not Active, Not Active, Not Active
2026-08-25T22:24:18+08:00,2026/08/25 22:24:18.110, 1935 MHz, 2100 MHz, 9501 MHz, 1935 MHz, 219.90 W, 350.00 W, 350.00 W, 64, 90 %, 22578 MiB, P2, 0x0000000000000004, Not Active, Not Active, Not Active, Active, Not Active
2026-08-25T22:24:23+08:00,2026/08/25 22:24:23.135, 1935 MHz, 2100 MHz, 9501 MHz, 1935 MHz, 237.36 W, 350.00 W, 350.00 W, 64, 90 %, 22578 MiB, P2, 0x0000000000000000, Not Active, Not Active, Not Active, Not Active, Not Active
2026-08-25T22:24:28+08:00,2026/08/25 22:24:28.162, 1935 MHz, 2100 MHz, 9501 MHz, 1935 MHz, 232.76 W, 350.00 W, 350.00 W, 64, 89 %, 22578 MiB, P2, 0x0000000000000004, Not Active, Not Active, Not Active, Active, Not Active
2026-08-25T22:24:33+08:00,2026/08/25 22:24:33.188, 1935 MHz, 2100 MHz, 9501 MHz, 1935 MHz, 233.14 W, 350.00 W, 350.00 W, 64, 90 %, 22578 MiB, P2, 0x0000000000000000, Not Active, Not Active, Not Active, Not Active, Not Active
2026-08-25T22:24:38+08:00,2026/08/25 22:24:38.215, 1935 MHz, 2100 MHz, 9501 MHz, 1935 MHz, 232.20 W, 350.00 W, 350.00 W, 65, 90 %, 22578 MiB, P2, 0x0000000000000000, Not Active, Not Active, Not Active, Not Active, Not Active
2026-08-25T22:24:43+08:00,2026/08/25 22:24:43.242, 1935 MHz, 2100 MHz, 9501 MHz, 1935 MHz, 236.80 W, 350.00 W, 350.00 W, 64, 90 %, 22578 MiB, P2, 0x0000000000000000, Not Active, Not Active, Not Active, Not Active, Not Active
2026-08-25T22:24:48+08:00,2026/08/25 22:24:48.269, 1935 MHz, 2100 MHz, 9501 MHz, 1935 MHz, 232.42 W, 350.00 W, 350.00 W, 65, 89 %, 22578 MiB, P2, 0x0000000000000004, Not Active, Not Active, Not Active, Active, Not Active
2026-08-25T22:24:53+08:00,2026/08/25 22:24:53.296, 1935 MHz, 2100 MHz, 9501 MHz, 1935 MHz, 236.80 W, 350.00 W, 350.00 W, 65, 88 %, 22584 MiB, P2, 0x0000000000000000, Not Active, Not Active, Not Active, Not Active, Not Active
2026-08-25T22:24:58+08:00,2026/08/25 22:24:58.322, 1935 MHz, 2100 MHz, 9501 MHz, 1935 MHz, 229.58 W, 350.00 W, 350.00 W, 65, 88 %, 22584 MiB, P2, 0x0000000000000000, Not Active, Not Active, Not Active, Not Active, Not Active
2026-08-25T22:25:03+08:00,2026/08/25 22:25:03.349, 1935 MHz, 2100 MHz, 9501 MHz, 1935 MHz, 234.08 W, 350.00 W, 350.00 W, 65, 87 %, 22584 MiB, P2, 0x0000000000000000, Not Active, Not Active, Not Active, Not Active, Not Active
2026-08-25T22:25:08+08:00,2026/08/25 22:25:08.376, 1935 MHz, 2100 MHz, 9501 MHz, 1935 MHz, 233.63 W, 350.00 W, 350.00 W, 65, 89 %, 22584 MiB, P2, 0x0000000000000000, Not Active, Not Active, Not Active, Not Active, Not Active
2026-08-25T22:25:13+08:00,2026/08/25 22:25:13.403, 1935 MHz, 2100 MHz, 9501 MHz, 1935 MHz, 231.20 W, 350.00 W, 350.00 W, 65, 92 %, 22584 MiB, P2, 0x0000000000000000, Not Active, Not Active, Not Active, Not Active, Not Active
2026-08-25T22:25:18+08:00,2026/08/25 22:25:18.428, 1935 MHz, 2100 MHz, 9501 MHz, 1935 MHz, 235.31 W, 350.00 W, 350.00 W, 65, 90 %, 22584 MiB, P2, 0x0000000000000000, Not Active, Not Active, Not Active, Not Active, Not Active
2026-08-25T22:25:23+08:00,2026/08/25 22:25:23.452, 1935 MHz, 2100 MHz, 9501 MHz, 1935 MHz, 238.59 W, 350.00 W, 350.00 W, 65, 91 %, 22584 MiB, P2, 0x0000000000000000, Not Active, Not Active, Not Active, Not Active, Not Active
2026-08-25T22:25:28+08:00,2026/08/25 22:25:28.480, 1935 MHz, 2100 MHz, 9501 MHz, 1935 MHz, 234.94 W, 350.00 W, 350.00 W, 65, 90 %, 22584 MiB, P2, 0x0000000000000000, Not Active, Not Active, Not Active, Not Active, Not Active
2026-08-25T22:25:33+08:00,2026/08/25 22:25:33.506, 1935 MHz, 2100 MHz, 9501 MHz, 1935 MHz, 232.60 W, 350.00 W, 350.00 W, 65, 92 %, 22584 MiB, P2, 0x0000000000000004, Not Active, Not Active, Not Active, Active, Not Active
2026-08-25T22:25:38+08:00,2026/08/25 22:25:38.535, 1935 MHz, 2100 MHz, 9501 MHz, 1935 MHz, 243.15 W, 350.00 W, 350.00 W, 66, 91 %, 22584 MiB, P2, 0x0000000000000000, Not Active, Not Active, Not Active, Not Active, Not Active
2026-08-25T22:25:43+08:00,2026/08/25 22:25:43.562, 1935 MHz, 2100 MHz, 9501 MHz, 1935 MHz, 228.65 W, 350.00 W, 350.00 W, 65, 91 %, 22584 MiB, P2, 0x0000000000000004, Not Active, Not Active, Not Active, Active, Not Active
2026-08-25T22:25:48+08:00,2026/08/25 22:25:48.598, 1935 MHz, 2100 MHz, 9501 MHz, 1935 MHz, 162.85 W, 350.00 W, 350.00 W, 61, 100 %, 21146 MiB, P2, 0x0000000000000000, Not Active, Not Active, Not Active, Not Active, Not Active
2026-08-25T22:25:53+08:00,2026/08/25 22:25:53.633, 1935 MHz, 2100 MHz, 9501 MHz, 1935 MHz, 161.70 W, 350.00 W, 350.00 W, 61, 100 %, 21146 MiB, P2, 0x0000000000000000, Not Active, Not Active, Not Active, Not Active, Not Active
2026-08-25T22:25:58+08:00,2026/08/25 22:25:58.667, 1935 MHz, 2100 MHz, 9501 MHz, 1935 MHz, 259.70 W, 350.00 W, 350.00 W, 65, 87 %, 21734 MiB, P2, 0x0000000000000004, Not Active, Not Active, Not Active, Active, Not Active
2026-08-25T22:26:03+08:00,2026/08/25 22:26:03.693, 1935 MHz, 2100 MHz, 9501 MHz, 1935 MHz, 267.96 W, 350.00 W, 350.00 W, 66, 89 %, 21734 MiB, P2, 0x0000000000000004, Not Active, Not Active, Not Active, Active, Not Active
2026-08-25T22:26:08+08:00,2026/08/25 22:26:08.721, 1935 MHz, 2100 MHz, 9501 MHz, 1935 MHz, 239.73 W, 350.00 W, 350.00 W, 65, 77 %, 21734 MiB, P2, 0x0000000000000000, Not Active, Not Active, Not Active, Not Active, Not Active
2026-08-25T22:26:13+08:00,2026/08/25 22:26:13.750, 1935 MHz, 2100 MHz, 9501 MHz, 1935 MHz, 240.76 W, 350.00 W, 350.00 W, 68, 87 %, 21734 MiB, P2, 0x0000000000000004, Not Active, Not Active, Not Active, Active, Not Active
2026-08-25T22:26:18+08:00,2026/08/25 22:26:18.778, 1935 MHz, 2100 MHz, 9501 MHz, 1935 MHz, 262.39 W, 350.00 W, 350.00 W, 67, 88 %, 21740 MiB, P2, 0x0000000000000004, Not Active, Not Active, Not Active, Active, Not Active
2026-08-25T22:26:23+08:00,2026/08/25 22:26:23.804, 1935 MHz, 2100 MHz, 9501 MHz, 1935 MHz, 269.13 W, 350.00 W, 350.00 W, 67, 86 %, 21740 MiB, P2, 0x0000000000000004, Not Active, Not Active, Not Active, Active, Not Active
2026-08-25T22:26:28+08:00,2026/08/25 22:26:28.836, 1920 MHz, 2100 MHz, 9501 MHz, 1920 MHz, 254.68 W, 350.00 W, 350.00 W, 67, 89 %, 21740 MiB, P2, 0x0000000000000004, Not Active, Not Active, Not Active, Active, Not Active
2026-08-25T22:26:33+08:00,2026/08/25 22:26:33.865, 1920 MHz, 2100 MHz, 9501 MHz, 1920 MHz, 257.77 W, 350.00 W, 350.00 W, 67, 82 %, 21740 MiB, P2, 0x0000000000000004, Not Active, Not Active, Not Active, Active, Not Active
2026-08-25T22:26:38+08:00,2026/08/25 22:26:38.894, 1935 MHz, 2100 MHz, 9501 MHz, 1935 MHz, 276.01 W, 350.00 W, 350.00 W, 68, 91 %, 21740 MiB, P2, 0x0000000000000000, Not Active, Not Active, Not Active, Not Active, Not Active
2026-08-25T22:26:43+08:00,2026/08/25 22:26:43.926, 1920 MHz, 2100 MHz, 9501 MHz, 1920 MHz, 278.20 W, 350.00 W, 350.00 W, 68, 86 %, 21740 MiB, P2, 0x0000000000000004, Not Active, Not Active, Not Active, Active, Not Active
2026-08-25T22:26:48+08:00,2026/08/25 22:26:48.957, 1935 MHz, 2100 MHz, 9501 MHz, 1935 MHz, 169.41 W, 350.00 W, 350.00 W, 63, 100 %, 21146 MiB, P2, 0x0000000000000000, Not Active, Not Active, Not Active, Not Active, Not Active
2026-08-25T22:26:53+08:00,2026/08/25 22:26:53.994, 1935 MHz, 2100 MHz, 9501 MHz, 1935 MHz, 167.33 W, 350.00 W, 350.00 W, 62, 100 %, 21146 MiB, P2, 0x0000000000000000, Not Active, Not Active, Not Active, Not Active, Not Active
2026-08-25T22:26:59+08:00,2026/08/25 22:26:59.026, 1935 MHz, 2100 MHz, 9501 MHz, 1935 MHz, 169.62 W, 350.00 W, 350.00 W, 62, 27 %, 21808 MiB, P2, 0x0000000000000000, Not Active, Not Active, Not Active, Not Active, Not Active
2026-08-25T22:27:04+08:00,2026/08/25 22:27:04.053, 1935 MHz, 2100 MHz, 9501 MHz, 1935 MHz, 337.72 W, 350.00 W, 350.00 W, 70, 84 %, 21822 MiB, P2, 0x0000000000000000, Not Active, Not Active, Not Active, Not Active, Not Active
2026-08-25T22:27:09+08:00,2026/08/25 22:27:09.081, 1920 MHz, 2100 MHz, 9501 MHz, 1920 MHz, 331.36 W, 350.00 W, 350.00 W, 71, 84 %, 21822 MiB, P2, 0x0000000000000004, Not Active, Not Active, Not Active, Active, Not Active
2026-08-25T22:27:14+08:00,2026/08/25 22:27:14.110, 1920 MHz, 2100 MHz, 9501 MHz, 1920 MHz, 315.31 W, 350.00 W, 350.00 W, 72, 85 %, 21830 MiB, P2, 0x0000000000000004, Not Active, Not Active, Not Active, Active, Not Active
2026-08-25T22:27:19+08:00,2026/08/25 22:27:19.138, 1920 MHz, 2100 MHz, 9501 MHz, 1920 MHz, 303.09 W, 350.00 W, 350.00 W, 71, 85 %, 21832 MiB, P2, 0x0000000000000004, Not Active, Not Active, Not Active, Active, Not Active
2026-08-25T22:27:24+08:00,2026/08/25 22:27:24.166, 1920 MHz, 2100 MHz, 9501 MHz, 1920 MHz, 338.21 W, 350.00 W, 350.00 W, 73, 84 %, 21832 MiB, P2, 0x0000000000000004, Not Active, Not Active, Not Active, Active, Not Active
2026-08-25T22:27:29+08:00,2026/08/25 22:27:29.196, 1920 MHz, 2100 MHz, 9501 MHz, 1920 MHz, 337.13 W, 350.00 W, 350.00 W, 74, 85 %, 21832 MiB, P2, 0x0000000000000004, Not Active, Not Active, Not Active, Active, Not Active
2026-08-25T22:27:34+08:00,2026/08/25 22:27:34.225, 1935 MHz, 2100 MHz, 9501 MHz, 1935 MHz, 173.95 W, 350.00 W, 350.00 W, 65, 100 %, 21146 MiB, P2, 0x0000000000000024, Active, Not Active, Not Active, Active, Not Active
2026-08-25T22:27:39+08:00,2026/08/25 22:27:39.260, 1935 MHz, 2100 MHz, 9501 MHz, 1935 MHz, 170.19 W, 350.00 W, 350.00 W, 63, 100 %, 21146 MiB, P2, 0x0000000000000000, Not Active, Not Active, Not Active, Not Active, Not Active
2026-08-25T22:27:44+08:00,2026/08/25 22:27:44.295, 1935 MHz, 2100 MHz, 9501 MHz, 1935 MHz, 207.22 W, 350.00 W, 350.00 W, 67, 84 %, 21884 MiB, P2, 0x0000000000000004, Not Active, Not Active, Not Active, Active, Not Active
2026-08-25T22:27:49+08:00,2026/08/25 22:27:49.321, 1920 MHz, 2100 MHz, 9501 MHz, 1920 MHz, 338.22 W, 350.00 W, 350.00 W, 70, 85 %, 21890 MiB, P2, 0x0000000000000004, Not Active, Not Active, Not Active, Active, Not Active
2026-08-25T22:27:54+08:00,2026/08/25 22:27:54.350, 1920 MHz, 2100 MHz, 9501 MHz, 1920 MHz, 335.33 W, 350.00 W, 350.00 W, 71, 85 %, 21892 MiB, P2, 0x0000000000000004, Not Active, Not Active, Not Active, Active, Not Active
2026-08-25T22:27:59+08:00,2026/08/25 22:27:59.379, 1890 MHz, 2100 MHz, 9501 MHz, 1890 MHz, 278.22 W, 350.00 W, 350.00 W, 70, 86 %, 21892 MiB, P2, 0x0000000000000004, Not Active, Not Active, Not Active, Active, Not Active
2026-08-25T22:28:04+08:00,2026/08/25 22:28:04.408, 1920 MHz, 2100 MHz, 9501 MHz, 1920 MHz, 330.24 W, 350.00 W, 350.00 W, 69, 11 %, 21892 MiB, P2, 0x0000000000000004, Not Active, Not Active, Not Active, Active, Not Active
2026-08-25T22:28:09+08:00,2026/08/25 22:28:09.435, 1920 MHz, 2100 MHz, 9501 MHz, 1920 MHz, 339.13 W, 350.00 W, 350.00 W, 73, 85 %, 21892 MiB, P2, 0x0000000000000004, Not Active, Not Active, Not Active, Active, Not Active
2026-08-25T22:28:14+08:00,2026/08/25 22:28:14.464, 1920 MHz, 2100 MHz, 9501 MHz, 1920 MHz, 323.22 W, 350.00 W, 350.00 W, 73, 85 %, 21892 MiB, P2, 0x0000000000000004, Not Active, Not Active, Not Active, Active, Not Active
2026-08-25T22:28:19+08:00,2026/08/25 22:28:19.500, 1935 MHz, 2100 MHz, 9501 MHz, 1935 MHz, 173.64 W, 350.00 W, 350.00 W, 65, 100 %, 21146 MiB, P2, 0x0000000000000000, Not Active, Not Active, Not Active, Not Active, Not Active
2026-08-25T22:28:24+08:00,2026/08/25 22:28:24.536, 1935 MHz, 2100 MHz, 9501 MHz, 1935 MHz, 171.46 W, 350.00 W, 350.00 W, 63, 100 %, 21146 MiB, P2, 0x0000000000000000, Not Active, Not Active, Not Active, Not Active, Not Active
2026-08-25T22:28:29+08:00,2026/08/25 22:28:29.571, 1935 MHz, 2100 MHz, 9501 MHz, 1935 MHz, 169.11 W, 350.00 W, 350.00 W, 62, 100 %, 21146 MiB, P2, 0x0000000000000000, Not Active, Not Active, Not Active, Not Active, Not Active
2026-08-25T22:28:34+08:00,2026/08/25 22:28:34.614, 1920 MHz, 2100 MHz, 9501 MHz, 1920 MHz, 342.60 W, 350.00 W, 350.00 W, 70, 85 %, 21866 MiB, P2, 0x0000000000000004, Not Active, Not Active, Not Active, Active, Not Active
2026-08-25T22:28:39+08:00,2026/08/25 22:28:39.643, 1920 MHz, 2100 MHz, 9501 MHz, 1920 MHz, 338.72 W, 350.00 W, 350.00 W, 71, 86 %, 21866 MiB, P2, 0x0000000000000004, Not Active, Not Active, Not Active, Active, Not Active
2026-08-25T22:28:44+08:00,2026/08/25 22:28:44.672, 1920 MHz, 2100 MHz, 9501 MHz, 1920 MHz, 319.76 W, 350.00 W, 350.00 W, 73, 85 %, 21874 MiB, P2, 0x0000000000000004, Not Active, Not Active, Not Active, Active, Not Active
2026-08-25T22:28:49+08:00,2026/08/25 22:28:49.700, 1920 MHz, 2100 MHz, 9501 MHz, 1920 MHz, 307.43 W, 350.00 W, 350.00 W, 73, 86 %, 21874 MiB, P2, 0x0000000000000004, Not Active, Not Active, Not Active, Active, Not Active
2026-08-25T22:28:54+08:00,2026/08/25 22:28:54.728, 1920 MHz, 2100 MHz, 9501 MHz, 1920 MHz, 305.58 W, 350.00 W, 350.00 W, 73, 86 %, 21874 MiB, P2, 0x0000000000000004, Not Active, Not Active, Not Active, Active, Not Active
2026-08-25T22:28:59+08:00,2026/08/25 22:28:59.766, 1905 MHz, 2100 MHz, 9501 MHz, 1905 MHz, 306.31 W, 350.00 W, 350.00 W, 70, 100 %, 392 MiB, P2, 0x0000000000000004, Not Active, Not Active, Not Active, Active, Not Active
2026-08-25T22:29:04+08:00,2026/08/25 22:29:04.987, 1935 MHz, 2100 MHz, 9501 MHz, 1935 MHz, 172.46 W, 350.00 W, 350.00 W, 64, 100 %, 21146 MiB, P2, 0x0000000000000000, Not Active, Not Active, Not Active, Not Active, Not Active
2026-08-25T22:29:10+08:00,2026/08/25 22:29:10.024, 1935 MHz, 2100 MHz, 9501 MHz, 1935 MHz, 169.94 W, 350.00 W, 350.00 W, 63, 100 %, 21146 MiB, P2, 0x0000000000000000, Not Active, Not Active, Not Active, Not Active, Not Active
2026-08-25T22:29:15+08:00,2026/08/25 22:29:15.061, 1935 MHz, 2100 MHz, 9501 MHz, 1935 MHz, 288.07 W, 350.00 W, 350.00 W, 67, 82 %, 21866 MiB, P2, 0x0000000000000004, Not Active, Not Active, Not Active, Active, Not Active
2026-08-25T22:29:20+08:00,2026/08/25 22:29:20.089, 1935 MHz, 2100 MHz, 9501 MHz, 1935 MHz, 278.72 W, 350.00 W, 350.00 W, 66, 87 %, 21872 MiB, P2, 0x0000000000000004, Not Active, Not Active, Not Active, Active, Not Active
2026-08-25T22:29:25+08:00,2026/08/25 22:29:25.115, 1935 MHz, 2100 MHz, 9501 MHz, 1935 MHz, 275.55 W, 350.00 W, 350.00 W, 68, 91 %, 21872 MiB, P2, 0x0000000000000004, Not Active, Not Active, Not Active, Active, Not Active
2026-08-25T22:29:30+08:00,2026/08/25 22:29:30.144, 1935 MHz, 2100 MHz, 9501 MHz, 1935 MHz, 272.31 W, 350.00 W, 350.00 W, 67, 87 %, 21872 MiB, P2, 0x0000000000000004, Not Active, Not Active, Not Active, Active, Not Active
2026-08-25T22:29:35+08:00,2026/08/25 22:29:35.181, 1935 MHz, 2100 MHz, 9501 MHz, 1935 MHz, 278.48 W, 350.00 W, 350.00 W, 68, 86 %, 21872 MiB, P2, 0x0000000000000004, Not Active, Not Active, Not Active, Active, Not Active
2026-08-25T22:29:40+08:00,2026/08/25 22:29:40.207, 1935 MHz, 2100 MHz, 9501 MHz, 1935 MHz, 256.87 W, 350.00 W, 350.00 W, 66, 87 %, 21878 MiB, P2, 0x0000000000000004, Not Active, Not Active, Not Active, Active, Not Active
2026-08-25T22:29:45+08:00,2026/08/25 22:29:45.236, 1935 MHz, 2100 MHz, 9501 MHz, 1935 MHz, 284.19 W, 350.00 W, 350.00 W, 68, 84 %, 21878 MiB, P2, 0x0000000000000004, Not Active, Not Active, Not Active, Active, Not Active
2026-08-25T22:29:50+08:00,2026/08/25 22:29:50.263, 1935 MHz, 2100 MHz, 9501 MHz, 1935 MHz, 253.32 W, 350.00 W, 350.00 W, 66, 88 %, 21878 MiB, P2, 0x0000000000000004, Not Active, Not Active, Not Active, Active, Not Active
2026-08-25T22:29:55+08:00,2026/08/25 22:29:55.291, 1935 MHz, 2100 MHz, 9501 MHz, 1935 MHz, 243.97 W, 350.00 W, 350.00 W, 65, 79 %, 21878 MiB, P2, 0x0000000000000004, Not Active, Not Active, Not Active, Active, Not Active
2026-08-25T22:30:00+08:00,2026/08/25 22:30:00.319, 1935 MHz, 2100 MHz, 9501 MHz, 1935 MHz, 271.13 W, 350.00 W, 350.00 W, 69, 85 %, 21878 MiB, P2, 0x0000000000000004, Not Active, Not Active, Not Active, Active, Not Active
2026-08-25T22:30:05+08:00,2026/08/25 22:30:05.345, 1935 MHz, 2100 MHz, 9751 MHz, 1935 MHz, 168.60 W, 350.00 W, 350.00 W, 63, 0 %, 82 MiB, P0, 0x0000000000000000, Not Active, Not Active, Not Active, Not Active, Not Active
2026-08-25T22:30:10+08:00,2026/08/25 22:30:10.370, 210 MHz, 2100 MHz, 810 MHz, 210 MHz, 74.88 W, 350.00 W, 350.00 W, 56, 0 %, 82 MiB, P5, 0x0000000000000001, Not Active, Not Active, Not Active, Not Active, Active
2026-08-25T22:30:15+08:00,2026/08/25 22:30:15.399, 1965 MHz, 2100 MHz, 9501 MHz, 1965 MHz, 152.46 W, 350.00 W, 350.00 W, 58, 100 %, 21146 MiB, P2, 0x0000000000000000, Not Active, Not Active, Not Active, Not Active, Not Active
2026-08-25T22:30:20+08:00,2026/08/25 22:30:20.437, 1965 MHz, 2100 MHz, 9501 MHz, 1965 MHz, 159.07 W, 350.00 W, 350.00 W, 58, 100 %, 21146 MiB, P2, 0x0000000000000000, Not Active, Not Active, Not Active, Not Active, Not Active
2026-08-25T22:30:25+08:00,2026/08/25 22:30:25.473, 1965 MHz, 2100 MHz, 9501 MHz, 1965 MHz, 159.23 W, 350.00 W, 350.00 W, 58, 1 %, 21716 MiB, P2, 0x0000000000000000, Not Active, Not Active, Not Active, Not Active, Not Active
2026-08-25T22:30:30+08:00,2026/08/25 22:30:30.500, 1935 MHz, 2100 MHz, 9501 MHz, 1935 MHz, 334.32 W, 350.00 W, 350.00 W, 67, 86 %, 21732 MiB, P2, 0x0000000000000004, Not Active, Not Active, Not Active, Active, Not Active
2026-08-25T22:30:35+08:00,2026/08/25 22:30:35.530, 1920 MHz, 2100 MHz, 9501 MHz, 1920 MHz, 309.96 W, 350.00 W, 350.00 W, 67, 86 %, 21740 MiB, P2, 0x0000000000000004, Not Active, Not Active, Not Active, Active, Not Active
2026-08-25T22:30:40+08:00,2026/08/25 22:30:40.573, 1935 MHz, 2100 MHz, 9751 MHz, 1935 MHz, 230.73 W, 350.00 W, 350.00 W, 64, 100 %, 99 MiB, P0, 0x0000000000000000, Not Active, Not Active, Not Active, Not Active, Not Active
2026-08-25T22:30:45+08:00,2026/08/25 22:30:45.598, 1935 MHz, 2100 MHz, 9501 MHz, 1935 MHz, 155.43 W, 350.00 W, 350.00 W, 60, 99 %, 21146 MiB, P2, 0x0000000000000000, Not Active, Not Active, Not Active, Not Active, Not Active
2026-08-25T22:30:50+08:00,2026/08/25 22:30:50.627, 1950 MHz, 2100 MHz, 9501 MHz, 1950 MHz, 209.47 W, 350.00 W, 350.00 W, 62, 87 %, 22570 MiB, P2, 0x0000000000000000, Not Active, Not Active, Not Active, Not Active, Not Active
2026-08-25T22:30:55+08:00,2026/08/25 22:30:55.655, 1950 MHz, 2100 MHz, 9501 MHz, 1950 MHz, 233.27 W, 350.00 W, 350.00 W, 64, 90 %, 22574 MiB, P2, 0x0000000000000000, Not Active, Not Active, Not Active, Not Active, Not Active
2026-08-25T22:31:00+08:00,2026/08/25 22:31:00.682, 1950 MHz, 2100 MHz, 9501 MHz, 1950 MHz, 232.09 W, 350.00 W, 350.00 W, 63, 89 %, 22574 MiB, P2, 0x0000000000000000, Not Active, Not Active, Not Active, Not Active, Not Active
2026-08-25T22:31:05+08:00,2026/08/25 22:31:05.709, 1950 MHz, 2100 MHz, 9501 MHz, 1950 MHz, 235.33 W, 350.00 W, 350.00 W, 64, 89 %, 22574 MiB, P2, 0x0000000000000000, Not Active, Not Active, Not Active, Not Active, Not Active
2026-08-25T22:31:10+08:00,2026/08/25 22:31:10.736, 1950 MHz, 2100 MHz, 9501 MHz, 1950 MHz, 216.87 W, 350.00 W, 350.00 W, 64, 90 %, 22576 MiB, P2, 0x0000000000000004, Not Active, Not Active, Not Active, Active, Not Active
2026-08-25T22:31:15+08:00,2026/08/25 22:31:15.762, 1920 MHz, 2100 MHz, 9501 MHz, 1920 MHz, 232.49 W, 350.00 W, 350.00 W, 64, 92 %, 22586 MiB, P2, 0x0000000000000004, Not Active, Not Active, Not Active, Active, Not Active
2026-08-25T22:31:20+08:00,2026/08/25 22:31:20.790, 1935 MHz, 2100 MHz, 9501 MHz, 1935 MHz, 230.76 W, 350.00 W, 350.00 W, 64, 89 %, 22586 MiB, P2, 0x0000000000000000, Not Active, Not Active, Not Active, Not Active, Not Active
2026-08-25T22:31:25+08:00,2026/08/25 22:31:25.815, 1935 MHz, 2100 MHz, 9501 MHz, 1935 MHz, 224.82 W, 350.00 W, 350.00 W, 63, 89 %, 22586 MiB, P2, 0x0000000000000000, Not Active, Not Active, Not Active, Not Active, Not Active
2026-08-25T22:31:30+08:00,2026/08/25 22:31:30.842, 1935 MHz, 2100 MHz, 9501 MHz, 1935 MHz, 227.47 W, 350.00 W, 350.00 W, 64, 88 %, 22586 MiB, P2, 0x0000000000000000, Not Active, Not Active, Not Active, Not Active, Not Active
2026-08-25T22:31:35+08:00,2026/08/25 22:31:35.869, 1935 MHz, 2100 MHz, 9501 MHz, 1935 MHz, 229.37 W, 350.00 W, 350.00 W, 63, 85 %, 22586 MiB, P2, 0x0000000000000000, Not Active, Not Active, Not Active, Not Active, Not Active
2026-08-25T22:31:40+08:00,2026/08/25 22:31:40.897, 1935 MHz, 2100 MHz, 9501 MHz, 1935 MHz, 225.87 W, 350.00 W, 350.00 W, 64, 87 %, 22586 MiB, P2, 0x0000000000000000, Not Active, Not Active, Not Active, Not Active, Not Active
2026-08-25T22:31:45+08:00,2026/08/25 22:31:45.926, 1935 MHz, 2100 MHz, 9501 MHz, 1935 MHz, 154.98 W, 350.00 W, 350.00 W, 60, 99 %, 21146 MiB, P2, 0x0000000000000000, Not Active, Not Active, Not Active, Not Active, Not Active
2026-08-25T22:31:50+08:00,2026/08/25 22:31:50.955, 1950 MHz, 2100 MHz, 9501 MHz, 1950 MHz, 156.95 W, 350.00 W, 350.00 W, 60, 16 %, 21702 MiB, P2, 0x0000000000000000, Not Active, Not Active, Not Active, Not Active, Not Active
2026-08-25T22:31:55+08:00,2026/08/25 22:31:55.978, 1950 MHz, 2100 MHz, 9501 MHz, 1950 MHz, 223.85 W, 350.00 W, 350.00 W, 63, 89 %, 22574 MiB, P2, 0x0000000000000000, Not Active, Not Active, Not Active, Not Active, Not Active
2026-08-25T22:32:00+08:00,2026/08/25 22:32:01.005, 1950 MHz, 2100 MHz, 9501 MHz, 1950 MHz, 232.61 W, 350.00 W, 350.00 W, 63, 89 %, 22574 MiB, P2, 0x0000000000000000, Not Active, Not Active, Not Active, Not Active, Not Active
2026-08-25T22:32:06+08:00,2026/08/25 22:32:06.033, 1950 MHz, 2100 MHz, 9501 MHz, 1950 MHz, 232.58 W, 350.00 W, 350.00 W, 63, 88 %, 22574 MiB, P2, 0x0000000000000000, Not Active, Not Active, Not Active, Not Active, Not Active
2026-08-25T22:32:11+08:00,2026/08/25 22:32:11.060, 1950 MHz, 2100 MHz, 9501 MHz, 1950 MHz, 238.02 W, 350.00 W, 350.00 W, 63, 72 %, 22576 MiB, P2, 0x0000000000000000, Not Active, Not Active, Not Active, Not Active, Not Active
2026-08-25T22:32:16+08:00,2026/08/25 22:32:16.084, 1950 MHz, 2100 MHz, 9501 MHz, 1950 MHz, 236.04 W, 350.00 W, 350.00 W, 63, 90 %, 22586 MiB, P2, 0x0000000000000004, Not Active, Not Active, Not Active, Active, Not Active
2026-08-25T22:32:21+08:00,2026/08/25 22:32:21.113, 1950 MHz, 2100 MHz, 9501 MHz, 1950 MHz, 235.38 W, 350.00 W, 350.00 W, 64, 90 %, 22586 MiB, P2, 0x0000000000000000, Not Active, Not Active, Not Active, Not Active, Not Active
2026-08-25T22:32:26+08:00,2026/08/25 22:32:26.141, 1950 MHz, 2100 MHz, 9501 MHz, 1950 MHz, 237.47 W, 350.00 W, 350.00 W, 65, 89 %, 22586 MiB, P2, 0x0000000000000000, Not Active, Not Active, Not Active, Not Active, Not Active
2026-08-25T22:32:31+08:00,2026/08/25 22:32:31.169, 1950 MHz, 2100 MHz, 9501 MHz, 1950 MHz, 235.19 W, 350.00 W, 350.00 W, 64, 88 %, 22586 MiB, P2, 0x0000000000000000, Not Active, Not Active, Not Active, Not Active, Not Active
2026-08-25T22:32:36+08:00,2026/08/25 22:32:36.196, 1950 MHz, 2100 MHz, 9501 MHz, 1950 MHz, 235.05 W, 350.00 W, 350.00 W, 64, 90 %, 22586 MiB, P2, 0x0000000000000000, Not Active, Not Active, Not Active, Not Active, Not Active
2026-08-25T22:32:41+08:00,2026/08/25 22:32:41.223, 1935 MHz, 2100 MHz, 9501 MHz, 1935 MHz, 234.87 W, 350.00 W, 350.00 W, 65, 89 %, 22586 MiB, P2, 0x0000000000000000, Not Active, Not Active, Not Active, Not Active, Not Active
2026-08-25T22:32:46+08:00,2026/08/25 22:32:46.252, 1935 MHz, 2100 MHz, 9501 MHz, 1935 MHz, 164.35 W, 350.00 W, 350.00 W, 61, 100 %, 21146 MiB, P2, 0x0000000000000000, Not Active, Not Active, Not Active, Not Active, Not Active
2026-08-25T22:32:51+08:00,2026/08/25 22:32:51.286, 1935 MHz, 2100 MHz, 9501 MHz, 1935 MHz, 163.51 W, 350.00 W, 350.00 W, 60, 100 %, 21146 MiB, P2, 0x0000000000000000, Not Active, Not Active, Not Active, Not Active, Not Active
2026-08-25T22:32:56+08:00,2026/08/25 22:32:56.320, 1950 MHz, 2100 MHz, 9501 MHz, 1950 MHz, 162.51 W, 350.00 W, 350.00 W, 60, 100 %, 21146 MiB, P2, 0x0000000000000000, Not Active, Not Active, Not Active, Not Active, Not Active
2026-08-25T22:33:01+08:00,2026/08/25 22:33:01.350, 1935 MHz, 2100 MHz, 9501 MHz, 1935 MHz, 308.12 W, 350.00 W, 350.00 W, 67, 87 %, 21732 MiB, P2, 0x0000000000000004, Not Active, Not Active, Not Active, Active, Not Active
2026-08-25T22:33:06+08:00,2026/08/25 22:33:06.380, 1935 MHz, 2100 MHz, 9501 MHz, 1935 MHz, 264.07 W, 350.00 W, 350.00 W, 65, 90 %, 21740 MiB, P2, 0x0000000000000000, Not Active, Not Active, Not Active, Not Active, Not Active
2026-08-25T22:33:11+08:00,2026/08/25 22:33:11.409, 1935 MHz, 2100 MHz, 9501 MHz, 1935 MHz, 280.44 W, 350.00 W, 350.00 W, 67, 84 %, 21740 MiB, P2, 0x0000000000000000, Not Active, Not Active, Not Active, Not Active, Not Active
2026-08-25T22:33:16+08:00,2026/08/25 22:33:16.436, 1935 MHz, 2100 MHz, 9501 MHz, 1935 MHz, 273.57 W, 350.00 W, 350.00 W, 68, 83 %, 21740 MiB, P2, 0x0000000000000004, Not Active, Not Active, Not Active, Active, Not Active
2026-08-25T22:33:21+08:00,2026/08/25 22:33:21.466, 1935 MHz, 2100 MHz, 9501 MHz, 1935 MHz, 156.43 W, 350.00 W, 350.00 W, 61, 99 %, 21146 MiB, P2, 0x0000000000000000, Not Active, Not Active, Not Active, Not Active, Not Active
2026-08-25T22:33:26+08:00,2026/08/25 22:33:26.501, 1935 MHz, 2100 MHz, 9501 MHz, 1935 MHz, 275.48 W, 350.00 W, 350.00 W, 67, 84 %, 21884 MiB, P2, 0x0000000000000000, Not Active, Not Active, Not Active, Not Active, Not Active
2026-08-25T22:33:31+08:00,2026/08/25 22:33:31.528, 1935 MHz, 2100 MHz, 9501 MHz, 1935 MHz, 297.36 W, 350.00 W, 350.00 W, 69, 85 %, 21892 MiB, P2, 0x0000000000000004, Not Active, Not Active, Not Active, Active, Not Active
2026-08-25T22:33:36+08:00,2026/08/25 22:33:36.554, 1920 MHz, 2100 MHz, 9501 MHz, 1920 MHz, 303.28 W, 350.00 W, 350.00 W, 67, 58 %, 21892 MiB, P2, 0x0000000000000004, Not Active, Not Active, Not Active, Active, Not Active
2026-08-25T22:33:41+08:00,2026/08/25 22:33:41.579, 1935 MHz, 2100 MHz, 9501 MHz, 1935 MHz, 170.30 W, 350.00 W, 350.00 W, 64, 100 %, 21146 MiB, P2, 0x0000000000000000, Not Active, Not Active, Not Active, Not Active, Not Active
2026-08-25T22:33:46+08:00,2026/08/25 22:33:46.615, 1935 MHz, 2100 MHz, 9501 MHz, 1935 MHz, 166.64 W, 350.00 W, 350.00 W, 62, 100 %, 21146 MiB, P2, 0x0000000000000000, Not Active, Not Active, Not Active, Not Active, Not Active
2026-08-25T22:33:51+08:00,2026/08/25 22:33:51.651, 1935 MHz, 2100 MHz, 9501 MHz, 1935 MHz, 165.79 W, 350.00 W, 350.00 W, 61, 99 %, 21146 MiB, P2, 0x0000000000000000, Not Active, Not Active, Not Active, Not Active, Not Active
2026-08-25T22:33:56+08:00,2026/08/25 22:33:56.687, 1935 MHz, 2100 MHz, 9501 MHz, 1935 MHz, 295.89 W, 350.00 W, 350.00 W, 68, 85 %, 21884 MiB, P2, 0x0000000000000004, Not Active, Not Active, Not Active, Active, Not Active
2026-08-25T22:34:01+08:00,2026/08/25 22:34:01.716, 1935 MHz, 2100 MHz, 9501 MHz, 1935 MHz, 335.34 W, 350.00 W, 350.00 W, 69, 85 %, 21892 MiB, P2, 0x0000000000000004, Not Active, Not Active, Not Active, Active, Not Active
2026-08-25T22:34:06+08:00,2026/08/25 22:34:06.741, 1920 MHz, 2100 MHz, 9501 MHz, 1920 MHz, 336.65 W, 350.00 W, 350.00 W, 70, 84 %, 21892 MiB, P2, 0x0000000000000004, Not Active, Not Active, Not Active, Active, Not Active
2026-08-25T22:34:11+08:00,2026/08/25 22:34:11.770, 1935 MHz, 2100 MHz, 9501 MHz, 1935 MHz, 166.77 W, 350.00 W, 350.00 W, 62, 100 %, 21146 MiB, P2, 0x0000000000000000, Not Active, Not Active, Not Active, Not Active, Not Active
2026-08-25T22:34:16+08:00,2026/08/25 22:34:16.806, 1935 MHz, 2100 MHz, 9501 MHz, 1935 MHz, 166.94 W, 350.00 W, 350.00 W, 61, 100 %, 21146 MiB, P2, 0x0000000000000000, Not Active, Not Active, Not Active, Not Active, Not Active
2026-08-25T22:34:21+08:00,2026/08/25 22:34:21.841, 1935 MHz, 2100 MHz, 9501 MHz, 1935 MHz, 166.62 W, 350.00 W, 350.00 W, 61, 100 %, 21146 MiB, P2, 0x0000000000000000, Not Active, Not Active, Not Active, Not Active, Not Active
2026-08-25T22:34:26+08:00,2026/08/25 22:34:26.881, 1935 MHz, 2100 MHz, 9501 MHz, 1935 MHz, 311.82 W, 350.00 W, 350.00 W, 68, 86 %, 21732 MiB, P2, 0x0000000000000004, Not Active, Not Active, Not Active, Active, Not Active
2026-08-25T22:34:31+08:00,2026/08/25 22:34:31.909, 1935 MHz, 2100 MHz, 9501 MHz, 1935 MHz, 261.94 W, 350.00 W, 350.00 W, 65, 93 %, 21740 MiB, P2, 0x0000000000000004, Not Active, Not Active, Not Active, Active, Not Active
2026-08-25T22:34:36+08:00,2026/08/25 22:34:36.936, 1935 MHz, 2100 MHz, 9501 MHz, 1935 MHz, 278.95 W, 350.00 W, 350.00 W, 67, 87 %, 21740 MiB, P2, 0x0000000000000004, Not Active, Not Active, Not Active, Active, Not Active
2026-08-25T22:34:41+08:00,2026/08/25 22:34:41.963, 1935 MHz, 2100 MHz, 9501 MHz, 1935 MHz, 289.58 W, 350.00 W, 350.00 W, 68, 86 %, 21740 MiB, P2, 0x0000000000000004, Not Active, Not Active, Not Active, Active, Not Active
2026-08-25T22:34:46+08:00,2026/08/25 22:34:46.990, 1935 MHz, 2100 MHz, 9501 MHz, 1935 MHz, 156.77 W, 350.00 W, 350.00 W, 61, 99 %, 21146 MiB, P2, 0x0000000000000000, Not Active, Not Active, Not Active, Not Active, Not Active
2026-08-25T22:34:52+08:00,2026/08/25 22:34:52.020, 1950 MHz, 2100 MHz, 9501 MHz, 1950 MHz, 173.23 W, 350.00 W, 350.00 W, 62, 59 %, 22562 MiB, P2, 0x0000000000000000, Not Active, Not Active, Not Active, Not Active, Not Active
2026-08-25T22:34:57+08:00,2026/08/25 22:34:57.046, 1950 MHz, 2100 MHz, 9501 MHz, 1950 MHz, 222.51 W, 350.00 W, 350.00 W, 64, 89 %, 22574 MiB, P2, 0x0000000000000000, Not Active, Not Active, Not Active, Not Active, Not Active
2026-08-25T22:35:02+08:00,2026/08/25 22:35:02.073, 1950 MHz, 2100 MHz, 9501 MHz, 1950 MHz, 231.66 W, 350.00 W, 350.00 W, 64, 88 %, 22574 MiB, P2, 0x0000000000000000, Not Active, Not Active, Not Active, Not Active, Not Active
2026-08-25T22:35:07+08:00,2026/08/25 22:35:07.098, 1950 MHz, 2100 MHz, 9501 MHz, 1950 MHz, 232.05 W, 350.00 W, 350.00 W, 64, 88 %, 22574 MiB, P2, 0x0000000000000000, Not Active, Not Active, Not Active, Not Active, Not Active
2026-08-25T22:35:12+08:00,2026/08/25 22:35:12.125, 1935 MHz, 2100 MHz, 9501 MHz, 1935 MHz, 214.26 W, 350.00 W, 350.00 W, 63, 84 %, 22576 MiB, P2, 0x0000000000000004, Not Active, Not Active, Not Active, Active, Not Active
2026-08-25T22:35:17+08:00,2026/08/25 22:35:17.152, 1950 MHz, 2100 MHz, 9501 MHz, 1950 MHz, 237.68 W, 350.00 W, 350.00 W, 63, 89 %, 22586 MiB, P2, 0x0000000000000000, Not Active, Not Active, Not Active, Not Active, Not Active
2026-08-25T22:35:22+08:00,2026/08/25 22:35:22.179, 1950 MHz, 2100 MHz, 9501 MHz, 1950 MHz, 233.97 W, 350.00 W, 350.00 W, 64, 88 %, 22586 MiB, P2, 0x0000000000000000, Not Active, Not Active, Not Active, Not Active, Not Active
2026-08-25T22:35:27+08:00,2026/08/25 22:35:27.205, 1950 MHz, 2100 MHz, 9501 MHz, 1950 MHz, 231.23 W, 350.00 W, 350.00 W, 63, 88 %, 22586 MiB, P2, 0x0000000000000004, Not Active, Not Active, Not Active, Active, Not Active
2026-08-25T22:35:32+08:00,2026/08/25 22:35:32.229, 1950 MHz, 2100 MHz, 9501 MHz, 1950 MHz, 229.34 W, 350.00 W, 350.00 W, 64, 90 %, 22586 MiB, P2, 0x0000000000000000, Not Active, Not Active, Not Active, Not Active, Not Active
2026-08-25T22:35:37+08:00,2026/08/25 22:35:37.255, 1950 MHz, 2100 MHz, 9501 MHz, 1950 MHz, 232.46 W, 350.00 W, 350.00 W, 64, 89 %, 22586 MiB, P2, 0x0000000000000000, Not Active, Not Active, Not Active, Not Active, Not Active
2026-08-25T22:35:42+08:00,2026/08/25 22:35:42.284, 1950 MHz, 2100 MHz, 9501 MHz, 1950 MHz, 226.41 W, 350.00 W, 350.00 W, 64, 89 %, 22586 MiB, P2, 0x0000000000000004, Not Active, Not Active, Not Active, Active, Not Active
2026-08-25T22:35:47+08:00,2026/08/25 22:35:47.311, 1950 MHz, 2100 MHz, 9501 MHz, 1950 MHz, 154.48 W, 350.00 W, 350.00 W, 60, 99 %, 21146 MiB, P2, 0x0000000000000000, Not Active, Not Active, Not Active, Not Active, Not Active
2026-08-25T22:35:52+08:00,2026/08/25 22:35:52.352, 1950 MHz, 2100 MHz, 9501 MHz, 1950 MHz, 155.25 W, 350.00 W, 350.00 W, 59, 0 %, 21702 MiB, P2, 0x0000000000000000, Not Active, Not Active, Not Active, Not Active, Not Active
2026-08-25T22:35:57+08:00,2026/08/25 22:35:57.379, 1950 MHz, 2100 MHz, 9501 MHz, 1950 MHz, 221.23 W, 350.00 W, 350.00 W, 62, 90 %, 22574 MiB, P2, 0x0000000000000000, Not Active, Not Active, Not Active, Not Active, Not Active
2026-08-25T22:36:02+08:00,2026/08/25 22:36:02.406, 1950 MHz, 2100 MHz, 9501 MHz, 1950 MHz, 229.73 W, 350.00 W, 350.00 W, 62, 90 %, 22574 MiB, P2, 0x0000000000000000, Not Active, Not Active, Not Active, Not Active, Not Active
2026-08-25T22:36:07+08:00,2026/08/25 22:36:07.435, 1950 MHz, 2100 MHz, 9501 MHz, 1950 MHz, 230.58 W, 350.00 W, 350.00 W, 63, 89 %, 22574 MiB, P2, 0x0000000000000000, Not Active, Not Active, Not Active, Not Active, Not Active
2026-08-25T22:36:12+08:00,2026/08/25 22:36:12.462, 1950 MHz, 2100 MHz, 9501 MHz, 1950 MHz, 233.76 W, 350.00 W, 350.00 W, 63, 88 %, 22576 MiB, P2, 0x0000000000000004, Not Active, Not Active, Not Active, Active, Not Active
2026-08-25T22:36:17+08:00,2026/08/25 22:36:17.485, 1950 MHz, 2100 MHz, 9501 MHz, 1950 MHz, 235.46 W, 350.00 W, 350.00 W, 63, 90 %, 22586 MiB, P2, 0x0000000000000004, Not Active, Not Active, Not Active, Active, Not Active
2026-08-25T22:36:22+08:00,2026/08/25 22:36:22.513, 1950 MHz, 2100 MHz, 9501 MHz, 1950 MHz, 231.71 W, 350.00 W, 350.00 W, 64, 88 %, 22586 MiB, P2, 0x0000000000000000, Not Active, Not Active, Not Active, Not Active, Not Active
2026-08-25T22:36:27+08:00,2026/08/25 22:36:27.538, 1950 MHz, 2100 MHz, 9501 MHz, 1950 MHz, 238.06 W, 350.00 W, 350.00 W, 63, 89 %, 22586 MiB, P2, 0x0000000000000000, Not Active, Not Active, Not Active, Not Active, Not Active
2026-08-25T22:36:32+08:00,2026/08/25 22:36:32.563, 1950 MHz, 2100 MHz, 9501 MHz, 1950 MHz, 230.88 W, 350.00 W, 350.00 W, 63, 86 %, 22586 MiB, P2, 0x0000000000000000, Not Active, Not Active, Not Active, Not Active, Not Active
2026-08-25T22:36:37+08:00,2026/08/25 22:36:37.588, 1950 MHz, 2100 MHz, 9501 MHz, 1950 MHz, 230.20 W, 350.00 W, 350.00 W, 63, 87 %, 22586 MiB, P2, 0x0000000000000000, Not Active, Not Active, Not Active, Not Active, Not Active
2026-08-25T22:36:42+08:00,2026/08/25 22:36:42.616, 1950 MHz, 2100 MHz, 9501 MHz, 1950 MHz, 226.86 W, 350.00 W, 350.00 W, 63, 67 %, 22586 MiB, P2, 0x0000000000000000, Not Active, Not Active, Not Active, Not Active, Not Active
2026-08-25T22:36:47+08:00,2026/08/25 22:36:47.644, 1950 MHz, 2100 MHz, 9501 MHz, 1950 MHz, 155.34 W, 350.00 W, 350.00 W, 60, 99 %, 21146 MiB, P2, 0x0000000000000000, Not Active, Not Active, Not Active, Not Active, Not Active
2026-08-25T22:36:52+08:00,2026/08/25 22:36:52.674, 1950 MHz, 2100 MHz, 9501 MHz, 1950 MHz, 154.57 W, 350.00 W, 350.00 W, 59, 16 %, 21702 MiB, P2, 0x0000000000000000, Not Active, Not Active, Not Active, Not Active, Not Active
2026-08-25T22:36:57+08:00,2026/08/25 22:36:57.701, 1935 MHz, 2100 MHz, 9501 MHz, 1935 MHz, 305.38 W, 350.00 W, 350.00 W, 64, 73 %, 21736 MiB, P2, 0x0000000000000004, Not Active, Not Active, Not Active, Active, Not Active
2026-08-25T22:37:02+08:00,2026/08/25 22:37:02.730, 1935 MHz, 2100 MHz, 9501 MHz, 1935 MHz, 307.19 W, 350.00 W, 350.00 W, 68, 87 %, 21740 MiB, P2, 0x0000000000000004, Not Active, Not Active, Not Active, Active, Not Active
2026-08-25T22:37:07+08:00,2026/08/25 22:37:07.783, 1935 MHz, 2100 MHz, 9501 MHz, 1935 MHz, 217.62 W, 350.00 W, 350.00 W, 64, 0 %, 346 MiB, P2, 0x0000000000000000, Not Active, Not Active, Not Active, Not Active, Not Active
2026-08-25T22:37:12+08:00,2026/08/25 22:37:12.808, 1935 MHz, 2100 MHz, 9501 MHz, 1935 MHz, 157.03 W, 350.00 W, 350.00 W, 61, 99 %, 21146 MiB, P2, 0x0000000000000000, Not Active, Not Active, Not Active, Not Active, Not Active
2026-08-25T22:37:17+08:00,2026/08/25 22:37:17.838, 1935 MHz, 2100 MHz, 9501 MHz, 1935 MHz, 291.94 W, 350.00 W, 350.00 W, 63, 60 %, 21732 MiB, P2, 0x0000000000000004, Not Active, Not Active, Not Active, Active, Not Active
2026-08-25T22:37:22+08:00,2026/08/25 22:37:22.866, 1935 MHz, 2100 MHz, 9501 MHz, 1935 MHz, 341.08 W, 350.00 W, 350.00 W, 69, 87 %, 21740 MiB, P2, 0x0000000000000004, Not Active, Not Active, Not Active, Active, Not Active
2026-08-25T22:37:27+08:00,2026/08/25 22:37:27.895, 1935 MHz, 2100 MHz, 9501 MHz, 1935 MHz, 333.89 W, 350.00 W, 350.00 W, 70, 85 %, 21740 MiB, P2, 0x0000000000000004, Not Active, Not Active, Not Active, Active, Not Active
2026-08-25T22:37:32+08:00,2026/08/25 22:37:32.924, 1935 MHz, 2100 MHz, 9501 MHz, 1935 MHz, 168.98 W, 350.00 W, 350.00 W, 63, 100 %, 21146 MiB, P2, 0x0000000000000000, Not Active, Not Active, Not Active, Not Active, Not Active
2026-08-25T22:37:37+08:00,2026/08/25 22:37:37.962, 1935 MHz, 2100 MHz, 9501 MHz, 1935 MHz, 167.18 W, 350.00 W, 350.00 W, 62, 100 %, 21146 MiB, P2, 0x0000000000000000, Not Active, Not Active, Not Active, Not Active, Not Active
2026-08-25T22:37:42+08:00,2026/08/25 22:37:43.000, 1935 MHz, 2100 MHz, 9501 MHz, 1935 MHz, 165.92 W, 350.00 W, 350.00 W, 61, 100 %, 21146 MiB, P2, 0x0000000000000000, Not Active, Not Active, Not Active, Not Active, Not Active
2026-08-25T22:37:48+08:00,2026/08/25 22:37:48.034, 1935 MHz, 2100 MHz, 9501 MHz, 1935 MHz, 231.15 W, 350.00 W, 350.00 W, 63, 85 %, 22574 MiB, P2, 0x0000000000000000, Not Active, Not Active, Not Active, Not Active, Not Active
2026-08-25T22:37:53+08:00,2026/08/25 22:37:53.062, 1935 MHz, 2100 MHz, 9501 MHz, 1935 MHz, 233.05 W, 350.00 W, 350.00 W, 63, 88 %, 22574 MiB, P2, 0x0000000000000000, Not Active, Not Active, Not Active, Not Active, Not Active
2026-08-25T22:37:58+08:00,2026/08/25 22:37:58.085, 1935 MHz, 2100 MHz, 9501 MHz, 1935 MHz, 230.93 W, 350.00 W, 350.00 W, 64, 88 %, 22574 MiB, P2, 0x0000000000000000, Not Active, Not Active, Not Active, Not Active, Not Active
2026-08-25T22:38:03+08:00,2026/08/25 22:38:03.113, 1935 MHz, 2100 MHz, 9501 MHz, 1935 MHz, 233.55 W, 350.00 W, 350.00 W, 63, 90 %, 22576 MiB, P2, 0x0000000000000000, Not Active, Not Active, Not Active, Not Active, Not Active
2026-08-25T22:38:08+08:00,2026/08/25 22:38:08.139, 1935 MHz, 2100 MHz, 9501 MHz, 1935 MHz, 235.71 W, 350.00 W, 350.00 W, 64, 87 %, 22586 MiB, P2, 0x0000000000000000, Not Active, Not Active, Not Active, Not Active, Not Active
2026-08-25T22:38:13+08:00,2026/08/25 22:38:13.166, 1935 MHz, 2100 MHz, 9501 MHz, 1935 MHz, 230.86 W, 350.00 W, 350.00 W, 63, 89 %, 22586 MiB, P2, 0x0000000000000000, Not Active, Not Active, Not Active, Not Active, Not Active
2026-08-25T22:38:18+08:00,2026/08/25 22:38:18.194, 1935 MHz, 2100 MHz, 9501 MHz, 1935 MHz, 228.65 W, 350.00 W, 350.00 W, 63, 92 %, 22586 MiB, P2, 0x0000000000000004, Not Active, Not Active, Not Active, Active, Not Active
2026-08-25T22:38:23+08:00,2026/08/25 22:38:23.220, 1935 MHz, 2100 MHz, 9501 MHz, 1935 MHz, 231.44 W, 350.00 W, 350.00 W, 63, 87 %, 22586 MiB, P2, 0x0000000000000000, Not Active, Not Active, Not Active, Not Active, Not Active
2026-08-25T22:38:28+08:00,2026/08/25 22:38:28.245, 1935 MHz, 2100 MHz, 9501 MHz, 1935 MHz, 231.06 W, 350.00 W, 350.00 W, 63, 88 %, 22586 MiB, P2, 0x0000000000000000, Not Active, Not Active, Not Active, Not Active, Not Active
2026-08-25T22:38:33+08:00,2026/08/25 22:38:33.269, 1935 MHz, 2100 MHz, 9501 MHz, 1935 MHz, 235.80 W, 350.00 W, 350.00 W, 63, 90 %, 22586 MiB, P2, 0x0000000000000000, Not Active, Not Active, Not Active, Not Active, Not Active
2026-08-25T22:38:38+08:00,2026/08/25 22:38:38.298, 1950 MHz, 2100 MHz, 9501 MHz, 1950 MHz, 161.65 W, 350.00 W, 350.00 W, 60, 0 %, 21146 MiB, P2, 0x0000000000000000, Not Active, Not Active, Not Active, Not Active, Not Active
2026-08-25T22:38:43+08:00,2026/08/25 22:38:43.334, 1950 MHz, 2100 MHz, 9501 MHz, 1950 MHz, 164.03 W, 350.00 W, 350.00 W, 60, 100 %, 21146 MiB, P2, 0x0000000000000000, Not Active, Not Active, Not Active, Not Active, Not Active
2026-08-25T22:38:48+08:00,2026/08/25 22:38:48.371, 1950 MHz, 2100 MHz, 9501 MHz, 1950 MHz, 163.01 W, 350.00 W, 350.00 W, 59, 99 %, 21146 MiB, P2, 0x0000000000000000, Not Active, Not Active, Not Active, Not Active, Not Active
2026-08-25T22:38:53+08:00,2026/08/25 22:38:53.415, 1950 MHz, 2100 MHz, 9501 MHz, 1950 MHz, 219.78 W, 350.00 W, 350.00 W, 62, 88 %, 22570 MiB, P2, 0x0000000000000000, Not Active, Not Active, Not Active, Not Active, Not Active
2026-08-25T22:38:58+08:00,2026/08/25 22:38:58.443, 1950 MHz, 2100 MHz, 9501 MHz, 1950 MHz, 217.52 W, 350.00 W, 350.00 W, 62, 90 %, 22574 MiB, P2, 0x0000000000000000, Not Active, Not Active, Not Active, Not Active, Not Active
2026-08-25T22:39:03+08:00,2026/08/25 22:39:03.471, 1950 MHz, 2100 MHz, 9501 MHz, 1950 MHz, 231.30 W, 350.00 W, 350.00 W, 62, 89 %, 22574 MiB, P2, 0x0000000000000000, Not Active, Not Active, Not Active, Not Active, Not Active
2026-08-25T22:39:08+08:00,2026/08/25 22:39:08.502, 1950 MHz, 2100 MHz, 9501 MHz, 1950 MHz, 228.56 W, 350.00 W, 350.00 W, 62, 90 %, 22576 MiB, P2, 0x0000000000000000, Not Active, Not Active, Not Active, Not Active, Not Active
2026-08-25T22:39:13+08:00,2026/08/25 22:39:13.528, 1950 MHz, 2100 MHz, 9501 MHz, 1950 MHz, 238.01 W, 350.00 W, 350.00 W, 63, 90 %, 22586 MiB, P2, 0x0000000000000004, Not Active, Not Active, Not Active, Active, Not Active
2026-08-25T22:39:18+08:00,2026/08/25 22:39:18.556, 1950 MHz, 2100 MHz, 9501 MHz, 1950 MHz, 223.48 W, 350.00 W, 350.00 W, 63, 88 %, 22586 MiB, P2, 0x0000000000000000, Not Active, Not Active, Not Active, Not Active, Not Active
2026-08-25T22:39:23+08:00,2026/08/25 22:39:23.583, 1950 MHz, 2100 MHz, 9501 MHz, 1950 MHz, 234.75 W, 350.00 W, 350.00 W, 63, 91 %, 22586 MiB, P2, 0x0000000000000004, Not Active, Not Active, Not Active, Active, Not Active
2026-08-25T22:39:28+08:00,2026/08/25 22:39:28.608, 1950 MHz, 2100 MHz, 9501 MHz, 1950 MHz, 221.15 W, 350.00 W, 350.00 W, 63, 90 %, 22586 MiB, P2, 0x0000000000000000, Not Active, Not Active, Not Active, Not Active, Not Active
2026-08-25T22:39:33+08:00,2026/08/25 22:39:33.634, 1950 MHz, 2100 MHz, 9501 MHz, 1950 MHz, 231.00 W, 350.00 W, 350.00 W, 63, 89 %, 22586 MiB, P2, 0x0000000000000000, Not Active, Not Active, Not Active, Not Active, Not Active
2026-08-25T22:39:38+08:00,2026/08/25 22:39:38.660, 1950 MHz, 2100 MHz, 9501 MHz, 1950 MHz, 235.44 W, 350.00 W, 350.00 W, 63, 89 %, 22586 MiB, P2, 0x0000000000000000, Not Active, Not Active, Not Active, Not Active, Not Active
2026-08-25T22:39:43+08:00,2026/08/25 22:39:43.686, 1950 MHz, 2100 MHz, 9501 MHz, 1950 MHz, 167.98 W, 350.00 W, 350.00 W, 61, 0 %, 346 MiB, P2, 0x0000000000000000, Not Active, Not Active, Not Active, Not Active, Not Active
2026-08-25T22:39:48+08:00,2026/08/25 22:39:48.712, 1950 MHz, 2100 MHz, 9501 MHz, 1950 MHz, 164.10 W, 350.00 W, 350.00 W, 60, 99 %, 21146 MiB, P2, 0x0000000000000000, Not Active, Not Active, Not Active, Not Active, Not Active
2026-08-25T22:39:53+08:00,2026/08/25 22:39:53.747, 1950 MHz, 2100 MHz, 9501 MHz, 1950 MHz, 162.40 W, 350.00 W, 350.00 W, 59, 99 %, 21146 MiB, P2, 0x0000000000000000, Not Active, Not Active, Not Active, Not Active, Not Active
2026-08-25T22:39:58+08:00,2026/08/25 22:39:58.788, 1950 MHz, 2100 MHz, 9501 MHz, 1950 MHz, 278.99 W, 350.00 W, 350.00 W, 64, 88 %, 21732 MiB, P2, 0x0000000000000004, Not Active, Not Active, Not Active, Active, Not Active
2026-08-25T22:40:03+08:00,2026/08/25 22:40:03.816, 1935 MHz, 2100 MHz, 9501 MHz, 1935 MHz, 258.12 W, 350.00 W, 350.00 W, 64, 86 %, 21740 MiB, P2, 0x0000000000000000, Not Active, Not Active, Not Active, Not Active, Not Active
2026-08-25T22:40:08+08:00,2026/08/25 22:40:08.844, 1935 MHz, 2100 MHz, 9501 MHz, 1935 MHz, 265.61 W, 350.00 W, 350.00 W, 64, 94 %, 21740 MiB, P2, 0x0000000000000004, Not Active, Not Active, Not Active, Active, Not Active
2026-08-25T22:40:13+08:00,2026/08/25 22:40:13.874, 1935 MHz, 2100 MHz, 9501 MHz, 1935 MHz, 300.34 W, 350.00 W, 350.00 W, 68, 86 %, 21740 MiB, P2, 0x0000000000000004, Not Active, Not Active, Not Active, Active, Not Active
2026-08-25T22:40:18+08:00,2026/08/25 22:40:18.902, 1935 MHz, 2100 MHz, 9501 MHz, 1935 MHz, 156.33 W, 350.00 W, 350.00 W, 61, 100 %, 21146 MiB, P2, 0x0000000000000000, Not Active, Not Active, Not Active, Not Active, Not Active
2026-08-25T22:40:23+08:00,2026/08/25 22:40:23.931, 1950 MHz, 2100 MHz, 9501 MHz, 1950 MHz, 161.63 W, 350.00 W, 350.00 W, 60, 100 %, 21146 MiB, P2, 0x0000000000000000, Not Active, Not Active, Not Active, Not Active, Not Active
2026-08-25T22:40:28+08:00,2026/08/25 22:40:28.965, 1935 MHz, 2100 MHz, 9501 MHz, 1935 MHz, 308.70 W, 350.00 W, 350.00 W, 67, 83 %, 21884 MiB, P2, 0x0000000000000000, Not Active, Not Active, Not Active, Not Active, Not Active
2026-08-25T22:40:33+08:00,2026/08/25 22:40:33.993, 1935 MHz, 2100 MHz, 9501 MHz, 1935 MHz, 336.12 W, 350.00 W, 350.00 W, 69, 83 %, 21892 MiB, P2, 0x0000000000000004, Not Active, Not Active, Not Active, Active, Not Active
2026-08-25T22:40:39+08:00,2026/08/25 22:40:39.023, 1935 MHz, 2100 MHz, 9501 MHz, 1935 MHz, 305.10 W, 350.00 W, 350.00 W, 70, 84 %, 21892 MiB, P2, 0x0000000000000004, Not Active, Not Active, Not Active, Active, Not Active
2026-08-25T22:40:44+08:00,2026/08/25 22:40:44.052, 1935 MHz, 2100 MHz, 9501 MHz, 1935 MHz, 158.43 W, 350.00 W, 350.00 W, 62, 99 %, 21146 MiB, P2, 0x0000000000000000, Not Active, Not Active, Not Active, Not Active, Not Active
2026-08-25T22:40:49+08:00,2026/08/25 22:40:49.082, 1935 MHz, 2100 MHz, 9501 MHz, 1935 MHz, 159.85 W, 350.00 W, 350.00 W, 61, 100 %, 21146 MiB, P2, 0x0000000000000000, Not Active, Not Active, Not Active, Not Active, Not Active
2026-08-25T22:40:54+08:00,2026/08/25 22:40:54.111, 1935 MHz, 2100 MHz, 9501 MHz, 1935 MHz, 335.90 W, 350.00 W, 350.00 W, 69, 84 %, 21884 MiB, P2, 0x0000000000000004, Not Active, Not Active, Not Active, Active, Not Active
2026-08-25T22:40:59+08:00,2026/08/25 22:40:59.140, 1935 MHz, 2100 MHz, 9501 MHz, 1935 MHz, 307.26 W, 350.00 W, 350.00 W, 70, 85 %, 21892 MiB, P2, 0x0000000000000004, Not Active, Not Active, Not Active, Active, Not Active
2026-08-25T22:41:04+08:00,2026/08/25 22:41:04.171, 1920 MHz, 2100 MHz, 9501 MHz, 1920 MHz, 317.13 W, 350.00 W, 350.00 W, 67, 28 %, 21892 MiB, P2, 0x0000000000000004, Not Active, Not Active, Not Active, Active, Not Active
2026-08-25T22:41:09+08:00,2026/08/25 22:41:09.199, 1935 MHz, 2100 MHz, 9501 MHz, 1935 MHz, 168.48 W, 350.00 W, 350.00 W, 62, 99 %, 21146 MiB, P2, 0x0000000000000000, Not Active, Not Active, Not Active, Not Active, Not Active
2026-08-25T22:41:14+08:00,2026/08/25 22:41:14.236, 1935 MHz, 2100 MHz, 9501 MHz, 1935 MHz, 164.86 W, 350.00 W, 350.00 W, 61, 99 %, 21146 MiB, P2, 0x0000000000000000, Not Active, Not Active, Not Active, Not Active, Not Active
2026-08-25T22:41:19+08:00,2026/08/25 22:41:19.273, 1935 MHz, 2100 MHz, 9501 MHz, 1935 MHz, 269.27 W, 350.00 W, 350.00 W, 65, 87 %, 21732 MiB, P2, 0x0000000000000004, Not Active, Not Active, Not Active, Active, Not Active
2026-08-25T22:41:24+08:00,2026/08/25 22:41:24.303, 1935 MHz, 2100 MHz, 9501 MHz, 1935 MHz, 269.19 W, 350.00 W, 350.00 W, 65, 85 %, 21740 MiB, P2, 0x0000000000000004, Not Active, Not Active, Not Active, Active, Not Active
2026-08-25T22:41:29+08:00,2026/08/25 22:41:29.327, 1935 MHz, 2100 MHz, 9501 MHz, 1935 MHz, 257.20 W, 350.00 W, 350.00 W, 65, 81 %, 21740 MiB, P2, 0x0000000000000004, Not Active, Not Active, Not Active, Active, Not Active
2026-08-25T22:41:34+08:00,2026/08/25 22:41:34.359, 1935 MHz, 2100 MHz, 9501 MHz, 1935 MHz, 307.62 W, 350.00 W, 350.00 W, 69, 83 %, 21740 MiB, P2, 0x0000000000000004, Not Active, Not Active, Not Active, Active, Not Active
2026-08-25T22:41:39+08:00,2026/08/25 22:41:39.386, 1935 MHz, 2100 MHz, 9501 MHz, 1935 MHz, 160.20 W, 350.00 W, 350.00 W, 62, 100 %, 21146 MiB, P2, 0x0000000000000000, Not Active, Not Active, Not Active, Not Active, Not Active
2026-08-25T22:41:44+08:00,2026/08/25 22:41:44.417, 1950 MHz, 2100 MHz, 9501 MHz, 1950 MHz, 162.38 W, 350.00 W, 350.00 W, 61, 100 %, 21146 MiB, P2, 0x0000000000000000, Not Active, Not Active, Not Active, Not Active, Not Active
2026-08-25T22:41:49+08:00,2026/08/25 22:41:49.450, 1950 MHz, 2100 MHz, 9501 MHz, 1950 MHz, 220.01 W, 350.00 W, 350.00 W, 63, 86 %, 22570 MiB, P2, 0x0000000000000000, Not Active, Not Active, Not Active, Not Active, Not Active
2026-08-25T22:41:54+08:00,2026/08/25 22:41:54.474, 1950 MHz, 2100 MHz, 9501 MHz, 1950 MHz, 222.23 W, 350.00 W, 350.00 W, 62, 71 %, 22574 MiB, P2, 0x0000000000000004, Not Active, Not Active, Not Active, Active, Not Active
2026-08-25T22:41:59+08:00,2026/08/25 22:41:59.510, 1950 MHz, 2100 MHz, 9501 MHz, 1950 MHz, 230.25 W, 350.00 W, 350.00 W, 63, 89 %, 22574 MiB, P2, 0x0000000000000000, Not Active, Not Active, Not Active, Not Active, Not Active
2026-08-25T22:42:04+08:00,2026/08/25 22:42:04.534, 1950 MHz, 2100 MHz, 9501 MHz, 1950 MHz, 232.52 W, 350.00 W, 350.00 W, 63, 89 %, 22576 MiB, P2, 0x0000000000000000, Not Active, Not Active, Not Active, Not Active, Not Active
2026-08-25T22:42:09+08:00,2026/08/25 22:42:09.562, 1950 MHz, 2100 MHz, 9501 MHz, 1950 MHz, 221.78 W, 350.00 W, 350.00 W, 63, 88 %, 22586 MiB, P2, 0x0000000000000004, Not Active, Not Active, Not Active, Active, Not Active
2026-08-25T22:42:14+08:00,2026/08/25 22:42:14.588, 1950 MHz, 2100 MHz, 9501 MHz, 1950 MHz, 230.79 W, 350.00 W, 350.00 W, 63, 87 %, 22586 MiB, P2, 0x0000000000000004, Not Active, Not Active, Not Active, Active, Not Active
2026-08-25T22:42:19+08:00,2026/08/25 22:42:19.618, 1950 MHz, 2100 MHz, 9501 MHz, 1950 MHz, 233.09 W, 350.00 W, 350.00 W, 64, 91 %, 22586 MiB, P2, 0x0000000000000004, Not Active, Not Active, Not Active, Active, Not Active
2026-08-25T22:42:24+08:00,2026/08/25 22:42:24.655, 1950 MHz, 2100 MHz, 9501 MHz, 1950 MHz, 226.24 W, 350.00 W, 350.00 W, 63, 72 %, 22586 MiB, P2, 0x0000000000000004, Not Active, Not Active, Not Active, Active, Not Active
2026-08-25T22:42:29+08:00,2026/08/25 22:42:29.682, 1950 MHz, 2100 MHz, 9501 MHz, 1950 MHz, 230.01 W, 350.00 W, 350.00 W, 63, 88 %, 22586 MiB, P2, 0x0000000000000000, Not Active, Not Active, Not Active, Not Active, Not Active
2026-08-25T22:42:34+08:00,2026/08/25 22:42:34.709, 1950 MHz, 2100 MHz, 9501 MHz, 1950 MHz, 231.68 W, 350.00 W, 350.00 W, 63, 90 %, 22586 MiB, P2, 0x0000000000000000, Not Active, Not Active, Not Active, Not Active, Not Active
2026-08-25T22:42:39+08:00,2026/08/25 22:42:39.982, 1950 MHz, 2100 MHz, 9501 MHz, 1950 MHz, 180.43 W, 350.00 W, 350.00 W, 61, 0 %, 346 MiB, P2, 0x0000000000000000, Not Active, Not Active, Not Active, Not Active, Not Active
2026-08-25T22:42:44+08:00,2026/08/25 22:42:45.006, 1950 MHz, 2100 MHz, 9501 MHz, 1950 MHz, 154.00 W, 350.00 W, 350.00 W, 59, 99 %, 21146 MiB, P2, 0x0000000000000000, Not Active, Not Active, Not Active, Not Active, Not Active
2026-08-25T22:42:50+08:00,2026/08/25 22:42:50.035, 1950 MHz, 2100 MHz, 9501 MHz, 1950 MHz, 228.85 W, 350.00 W, 350.00 W, 61, 58 %, 22570 MiB, P2, 0x0000000000000000, Not Active, Not Active, Not Active, Not Active, Not Active
2026-08-25T22:42:55+08:00,2026/08/25 22:42:55.063, 1950 MHz, 2100 MHz, 9501 MHz, 1950 MHz, 229.71 W, 350.00 W, 350.00 W, 63, 87 %, 22574 MiB, P2, 0x0000000000000000, Not Active, Not Active, Not Active, Not Active, Not Active
2026-08-25T22:43:00+08:00,2026/08/25 22:43:00.090, 1950 MHz, 2100 MHz, 9501 MHz, 1950 MHz, 228.70 W, 350.00 W, 350.00 W, 63, 89 %, 22574 MiB, P2, 0x0000000000000000, Not Active, Not Active, Not Active, Not Active, Not Active
2026-08-25T22:43:05+08:00,2026/08/25 22:43:05.115, 1950 MHz, 2100 MHz, 9501 MHz, 1950 MHz, 230.66 W, 350.00 W, 350.00 W, 63, 86 %, 22576 MiB, P2, 0x0000000000000000, Not Active, Not Active, Not Active, Not Active, Not Active
2026-08-25T22:43:10+08:00,2026/08/25 22:43:10.142, 1950 MHz, 2100 MHz, 9501 MHz, 1950 MHz, 225.46 W, 350.00 W, 350.00 W, 63, 90 %, 22582 MiB, P2, 0x0000000000000000, Not Active, Not Active, Not Active, Not Active, Not Active
2026-08-25T22:43:15+08:00,2026/08/25 22:43:15.168, 1950 MHz, 2100 MHz, 9501 MHz, 1950 MHz, 242.66 W, 350.00 W, 350.00 W, 64, 89 %, 22586 MiB, P2, 0x0000000000000000, Not Active, Not Active, Not Active, Not Active, Not Active
2026-08-25T22:43:20+08:00,2026/08/25 22:43:20.194, 1950 MHz, 2100 MHz, 9501 MHz, 1950 MHz, 233.70 W, 350.00 W, 350.00 W, 63, 88 %, 22586 MiB, P2, 0x0000000000000000, Not Active, Not Active, Not Active, Not Active, Not Active
2026-08-25T22:43:25+08:00,2026/08/25 22:43:25.223, 1950 MHz, 2100 MHz, 9501 MHz, 1950 MHz, 235.90 W, 350.00 W, 350.00 W, 63, 89 %, 22586 MiB, P2, 0x0000000000000004, Not Active, Not Active, Not Active, Active, Not Active
2026-08-25T22:43:30+08:00,2026/08/25 22:43:30.248, 1950 MHz, 2100 MHz, 9501 MHz, 1950 MHz, 235.93 W, 350.00 W, 350.00 W, 64, 90 %, 22586 MiB, P2, 0x0000000000000000, Not Active, Not Active, Not Active, Not Active, Not Active
2026-08-25T22:43:35+08:00,2026/08/25 22:43:35.274, 1950 MHz, 2100 MHz, 9501 MHz, 1950 MHz, 233.26 W, 350.00 W, 350.00 W, 63, 88 %, 22586 MiB, P2, 0x0000000000000000, Not Active, Not Active, Not Active, Not Active, Not Active
2026-08-25T22:43:40+08:00,2026/08/25 22:43:40.390, 1950 MHz, 2100 MHz, 9751 MHz, 1950 MHz, 199.15 W, 350.00 W, 350.00 W, 62, 33 %, 99 MiB, P0, 0x0000000000000000, Not Active, Not Active, Not Active, Not Active, Not Active
2026-08-25T22:43:45+08:00,2026/08/25 22:43:45.415, 1950 MHz, 2100 MHz, 9501 MHz, 1950 MHz, 154.01 W, 350.00 W, 350.00 W, 59, 99 %, 21146 MiB, P2, 0x0000000000000000, Not Active, Not Active, Not Active, Not Active, Not Active
2026-08-25T22:43:50+08:00,2026/08/25 22:43:50.445, 1935 MHz, 2100 MHz, 9501 MHz, 1935 MHz, 295.06 W, 350.00 W, 350.00 W, 66, 86 %, 21732 MiB, P2, 0x0000000000000004, Not Active, Not Active, Not Active, Active, Not Active
2026-08-25T22:43:55+08:00,2026/08/25 22:43:55.474, 1935 MHz, 2100 MHz, 9501 MHz, 1935 MHz, 335.92 W, 350.00 W, 350.00 W, 68, 86 %, 21740 MiB, P2, 0x0000000000000004, Not Active, Not Active, Not Active, Active, Not Active
2026-08-25T22:44:00+08:00,2026/08/25 22:44:00.503, 1935 MHz, 2100 MHz, 9501 MHz, 1935 MHz, 306.93 W, 350.00 W, 350.00 W, 69, 86 %, 21740 MiB, P2, 0x0000000000000004, Not Active, Not Active, Not Active, Active, Not Active
2026-08-25T22:44:05+08:00,2026/08/25 22:44:05.533, 1935 MHz, 2100 MHz, 9501 MHz, 1935 MHz, 160.68 W, 350.00 W, 350.00 W, 62, 99 %, 21146 MiB, P2, 0x0000000000000000, Not Active, Not Active, Not Active, Not Active, Not Active
2026-08-25T22:44:10+08:00,2026/08/25 22:44:10.563, 1950 MHz, 2100 MHz, 9501 MHz, 1950 MHz, 162.61 W, 350.00 W, 350.00 W, 61, 100 %, 21146 MiB, P2, 0x0000000000000000, Not Active, Not Active, Not Active, Not Active, Not Active
2026-08-25T22:44:15+08:00,2026/08/25 22:44:15.594, 1935 MHz, 2100 MHz, 9501 MHz, 1935 MHz, 304.52 W, 350.00 W, 350.00 W, 67, 86 %, 21732 MiB, P2, 0x0000000000000004, Not Active, Not Active, Not Active, Active, Not Active
2026-08-25T22:44:20+08:00,2026/08/25 22:44:20.621, 1935 MHz, 2100 MHz, 9501 MHz, 1935 MHz, 339.58 W, 350.00 W, 350.00 W, 69, 86 %, 21740 MiB, P2, 0x0000000000000004, Not Active, Not Active, Not Active, Active, Not Active
2026-08-25T22:44:25+08:00,2026/08/25 22:44:25.653, 1935 MHz, 2100 MHz, 9501 MHz, 1935 MHz, 341.85 W, 350.00 W, 350.00 W, 70, 86 %, 21740 MiB, P2, 0x0000000000000004, Not Active, Not Active, Not Active, Active, Not Active
2026-08-25T22:44:30+08:00,2026/08/25 22:44:30.683, 1935 MHz, 2100 MHz, 9501 MHz, 1935 MHz, 162.53 W, 350.00 W, 350.00 W, 62, 100 %, 21146 MiB, P2, 0x0000000000000000, Not Active, Not Active, Not Active, Not Active, Not Active
2026-08-25T22:44:35+08:00,2026/08/25 22:44:35.714, 1950 MHz, 2100 MHz, 9501 MHz, 1950 MHz, 163.77 W, 350.00 W, 350.00 W, 61, 100 %, 21146 MiB, P2, 0x0000000000000000, Not Active, Not Active, Not Active, Not Active, Not Active
2026-08-25T22:44:40+08:00,2026/08/25 22:44:40.749, 1950 MHz, 2100 MHz, 9501 MHz, 1950 MHz, 231.45 W, 350.00 W, 350.00 W, 64, 89 %, 22570 MiB, P2, 0x0000000000000000, Not Active, Not Active, Not Active, Not Active, Not Active
2026-08-25T22:44:45+08:00,2026/08/25 22:44:45.775, 1950 MHz, 2100 MHz, 9501 MHz, 1950 MHz, 225.58 W, 350.00 W, 350.00 W, 64, 90 %, 22574 MiB, P2, 0x0000000000000000, Not Active, Not Active, Not Active, Not Active, Not Active
2026-08-25T22:44:50+08:00,2026/08/25 22:44:50.801, 1950 MHz, 2100 MHz, 9501 MHz, 1950 MHz, 229.78 W, 350.00 W, 350.00 W, 64, 90 %, 22574 MiB, P2, 0x0000000000000000, Not Active, Not Active, Not Active, Not Active, Not Active
2026-08-25T22:44:55+08:00,2026/08/25 22:44:55.828, 1950 MHz, 2100 MHz, 9501 MHz, 1950 MHz, 231.57 W, 350.00 W, 350.00 W, 64, 90 %, 22576 MiB, P2, 0x0000000000000000, Not Active, Not Active, Not Active, Not Active, Not Active
2026-08-25T22:45:00+08:00,2026/08/25 22:45:00.855, 1950 MHz, 2100 MHz, 9501 MHz, 1950 MHz, 240.16 W, 350.00 W, 350.00 W, 63, 88 %, 22586 MiB, P2, 0x0000000000000004, Not Active, Not Active, Not Active, Active, Not Active
2026-08-25T22:45:05+08:00,2026/08/25 22:45:05.878, 1950 MHz, 2100 MHz, 9501 MHz, 1950 MHz, 227.18 W, 350.00 W, 350.00 W, 63, 90 %, 22586 MiB, P2, 0x0000000000000000, Not Active, Not Active, Not Active, Not Active, Not Active
2026-08-25T22:45:10+08:00,2026/08/25 22:45:10.906, 1860 MHz, 2100 MHz, 9501 MHz, 1860 MHz, 225.48 W, 350.00 W, 350.00 W, 63, 89 %, 22586 MiB, P2, 0x0000000000000004, Not Active, Not Active, Not Active, Active, Not Active
2026-08-25T22:45:15+08:00,2026/08/25 22:45:15.936, 1950 MHz, 2100 MHz, 9501 MHz, 1950 MHz, 230.10 W, 350.00 W, 350.00 W, 63, 87 %, 22586 MiB, P2, 0x0000000000000000, Not Active, Not Active, Not Active, Not Active, Not Active
2026-08-25T22:45:20+08:00,2026/08/25 22:45:20.962, 1950 MHz, 2100 MHz, 9501 MHz, 1950 MHz, 228.79 W, 350.00 W, 350.00 W, 64, 90 %, 22586 MiB, P2, 0x0000000000000000, Not Active, Not Active, Not Active, Not Active, Not Active
2026-08-25T22:45:25+08:00,2026/08/25 22:45:25.990, 1950 MHz, 2100 MHz, 9501 MHz, 1950 MHz, 229.89 W, 350.00 W, 350.00 W, 64, 88 %, 22586 MiB, P2, 0x0000000000000000, Not Active, Not Active, Not Active, Not Active, Not Active
2026-08-25T22:45:31+08:00,2026/08/25 22:45:31.017, 1950 MHz, 2100 MHz, 9501 MHz, 1950 MHz, 155.07 W, 350.00 W, 350.00 W, 60, 89 %, 21146 MiB, P2, 0x0000000000000000, Not Active, Not Active, Not Active, Not Active, Not Active
2026-08-25T22:45:36+08:00,2026/08/25 22:45:36.047, 1950 MHz, 2100 MHz, 9501 MHz, 1950 MHz, 154.02 W, 350.00 W, 350.00 W, 59, 100 %, 21146 MiB, P2, 0x0000000000000000, Not Active, Not Active, Not Active, Not Active, Not Active
2026-08-25T22:45:41+08:00,2026/08/25 22:45:41.075, 1950 MHz, 2100 MHz, 9501 MHz, 1950 MHz, 225.32 W, 350.00 W, 350.00 W, 62, 90 %, 22570 MiB, P2, 0x0000000000000000, Not Active, Not Active, Not Active, Not Active, Not Active
2026-08-25T22:45:46+08:00,2026/08/25 22:45:46.101, 1950 MHz, 2100 MHz, 9501 MHz, 1950 MHz, 218.89 W, 350.00 W, 350.00 W, 62, 89 %, 22574 MiB, P2, 0x0000000000000000, Not Active, Not Active, Not Active, Not Active, Not Active
2026-08-25T22:45:51+08:00,2026/08/25 22:45:51.128, 1950 MHz, 2100 MHz, 9501 MHz, 1950 MHz, 232.06 W, 350.00 W, 350.00 W, 62, 90 %, 22574 MiB, P2, 0x0000000000000000, Not Active, Not Active, Not Active, Not Active, Not Active
2026-08-25T22:45:56+08:00,2026/08/25 22:45:56.156, 1950 MHz, 2100 MHz, 9501 MHz, 1950 MHz, 234.26 W, 350.00 W, 350.00 W, 63, 90 %, 22576 MiB, P2, 0x0000000000000000, Not Active, Not Active, Not Active, Not Active, Not Active
2026-08-25T22:46:01+08:00,2026/08/25 22:46:01.183, 1950 MHz, 2100 MHz, 9501 MHz, 1950 MHz, 235.53 W, 350.00 W, 350.00 W, 63, 91 %, 22586 MiB, P2, 0x0000000000000000, Not Active, Not Active, Not Active, Not Active, Not Active
2026-08-25T22:46:06+08:00,2026/08/25 22:46:06.209, 1950 MHz, 2100 MHz, 9501 MHz, 1950 MHz, 222.76 W, 350.00 W, 350.00 W, 63, 89 %, 22586 MiB, P2, 0x0000000000000000, Not Active, Not Active, Not Active, Not Active, Not Active
2026-08-25T22:46:11+08:00,2026/08/25 22:46:11.235, 1950 MHz, 2100 MHz, 9501 MHz, 1950 MHz, 230.07 W, 350.00 W, 350.00 W, 63, 90 %, 22586 MiB, P2, 0x0000000000000000, Not Active, Not Active, Not Active, Not Active, Not Active
2026-08-25T22:46:16+08:00,2026/08/25 22:46:16.263, 1950 MHz, 2100 MHz, 9501 MHz, 1950 MHz, 218.42 W, 350.00 W, 350.00 W, 63, 89 %, 22586 MiB, P2, 0x0000000000000000, Not Active, Not Active, Not Active, Not Active, Not Active
2026-08-25T22:46:21+08:00,2026/08/25 22:46:21.287, 1950 MHz, 2100 MHz, 9501 MHz, 1950 MHz, 228.97 W, 350.00 W, 350.00 W, 62, 85 %, 22586 MiB, P2, 0x0000000000000000, Not Active, Not Active, Not Active, Not Active, Not Active
2026-08-25T22:46:26+08:00,2026/08/25 22:46:26.314, 1950 MHz, 2100 MHz, 9501 MHz, 1950 MHz, 233.10 W, 350.00 W, 350.00 W, 63, 89 %, 22586 MiB, P2, 0x0000000000000004, Not Active, Not Active, Not Active, Active, Not Active
2026-08-25T22:46:31+08:00,2026/08/25 22:46:31.340, 1950 MHz, 2100 MHz, 9501 MHz, 1950 MHz, 164.73 W, 350.00 W, 350.00 W, 60, 0 %, 346 MiB, P2, 0x0000000000000000, Not Active, Not Active, Not Active, Not Active, Not Active
2026-08-25T22:46:36+08:00,2026/08/25 22:46:36.365, 1950 MHz, 2100 MHz, 9501 MHz, 1950 MHz, 153.45 W, 350.00 W, 350.00 W, 59, 99 %, 21146 MiB, P2, 0x0000000000000000, Not Active, Not Active, Not Active, Not Active, Not Active
2026-08-25T22:46:41+08:00,2026/08/25 22:46:41.395, 1935 MHz, 2100 MHz, 9501 MHz, 1935 MHz, 275.82 W, 350.00 W, 350.00 W, 62, 83 %, 21732 MiB, P2, 0x0000000000000000, Not Active, Not Active, Not Active, Not Active, Not Active
2026-08-25T22:46:46+08:00,2026/08/25 22:46:46.424, 1935 MHz, 2100 MHz, 9501 MHz, 1935 MHz, 260.52 W, 350.00 W, 350.00 W, 64, 89 %, 21740 MiB, P2, 0x0000000000000004, Not Active, Not Active, Not Active, Active, Not Active
2026-08-25T22:46:51+08:00,2026/08/25 22:46:51.451, 1935 MHz, 2100 MHz, 9501 MHz, 1935 MHz, 282.00 W, 350.00 W, 350.00 W, 66, 86 %, 21740 MiB, P2, 0x0000000000000004, Not Active, Not Active, Not Active, Active, Not Active
2026-08-25T22:46:56+08:00,2026/08/25 22:46:56.479, 1935 MHz, 2100 MHz, 9501 MHz, 1935 MHz, 292.65 W, 350.00 W, 350.00 W, 68, 85 %, 21740 MiB, P2, 0x0000000000000004, Not Active, Not Active, Not Active, Active, Not Active
2026-08-25T22:47:01+08:00,2026/08/25 22:47:01.509, 1950 MHz, 2100 MHz, 9501 MHz, 1950 MHz, 159.98 W, 350.00 W, 350.00 W, 61, 100 %, 21146 MiB, P2, 0x0000000000000000, Not Active, Not Active, Not Active, Not Active, Not Active
2026-08-25T22:47:06+08:00,2026/08/25 22:47:06.547, 1950 MHz, 2100 MHz, 9501 MHz, 1950 MHz, 161.75 W, 350.00 W, 350.00 W, 60, 100 %, 21146 MiB, P2, 0x0000000000000000, Not Active, Not Active, Not Active, Not Active, Not Active
2026-08-25T22:47:11+08:00,2026/08/25 22:47:11.581, 1935 MHz, 2100 MHz, 9501 MHz, 1935 MHz, 305.56 W, 350.00 W, 350.00 W, 67, 84 %, 21884 MiB, P2, 0x0000000000000004, Not Active, Not Active, Not Active, Active, Not Active
2026-08-25T22:47:16+08:00,2026/08/25 22:47:16.606, 1935 MHz, 2100 MHz, 9501 MHz, 1935 MHz, 339.39 W, 350.00 W, 350.00 W, 69, 84 %, 21892 MiB, P2, 0x0000000000000004, Not Active, Not Active, Not Active, Active, Not Active
2026-08-25T22:47:21+08:00,2026/08/25 22:47:21.634, 1935 MHz, 2100 MHz, 9501 MHz, 1935 MHz, 324.98 W, 350.00 W, 350.00 W, 70, 85 %, 21892 MiB, P2, 0x0000000000000004, Not Active, Not Active, Not Active, Active, Not Active
2026-08-25T22:47:26+08:00,2026/08/25 22:47:26.660, 570 MHz, 2100 MHz, 5001 MHz, 570 MHz, 160.16 W, 350.00 W, 350.00 W, 62, 0 %, 82 MiB, P3, 0x0000000000000001, Not Active, Not Active, Not Active, Not Active, Active
