timestamp, index, memory.used [MiB], utilization.gpu [%], clocks.current.graphics [MHz], clocks.current.sm [MHz], power.draw [W], temperature.gpu, pstate, clocks_event_reasons.active
2026/08/26 20:44:03.143, 0, 82 MiB, 0 %, 1950 MHz, 1950 MHz, 172.31 W, 60, P0, 0x0000000000000000
2026/08/26 20:44:04.145, 0, 82 MiB, 0 %, 1950 MHz, 1950 MHz, 168.97 W, 60, P0, 0x0000000000000001
2026/08/26 20:44:05.145, 0, 82 MiB, 0 %, 1950 MHz, 1950 MHz, 160.54 W, 60, P3, 0x0000000000000001
2026/08/26 20:44:06.146, 0, 82 MiB, 0 %, 300 MHz, 300 MHz, 128.95 W, 56, P5, 0x0000000000000001
2026/08/26 20:44:07.146, 0, 82 MiB, 0 %, 210 MHz, 210 MHz, 84.83 W, 55, P5, 0x0000000000000001
2026/08/26 20:44:08.146, 0, 82 MiB, 0 %, 210 MHz, 210 MHz, 56.07 W, 54, P8, 0x0000000000000001
2026/08/26 20:44:09.146, 0, 82 MiB, 0 %, 210 MHz, 210 MHz, 38.62 W, 53, P8, 0x0000000000000001
2026/08/26 20:44:10.146, 0, 82 MiB, 0 %, 210 MHz, 210 MHz, 33.47 W, 51, P8, 0x0000000000000001
2026/08/26 20:44:11.146, 0, 82 MiB, 0 %, 210 MHz, 210 MHz, 30.59 W, 51, P8, 0x0000000000000001
2026/08/26 20:44:12.147, 0, 82 MiB, 0 %, 210 MHz, 210 MHz, 30.81 W, 51, P8, 0x0000000000000001
2026/08/26 20:44:13.147, 0, 82 MiB, 0 %, 210 MHz, 210 MHz, 30.52 W, 50, P8, 0x0000000000000001
2026/08/26 20:44:14.147, 0, 85 MiB, 0 %, 210 MHz, 210 MHz, 30.05 W, 50, P8, 0x0000000000000001
2026/08/26 20:44:15.490, 0, 346 MiB, 0 %, 1980 MHz, 1980 MHz, 96.53 W, 55, P2, 0x0000000000000000
2026/08/26 20:44:16.490, 0, 346 MiB, 7 %, 1980 MHz, 1980 MHz, 159.90 W, 56, P2, 0x0000000000000000
2026/08/26 20:44:17.491, 0, 346 MiB, 8 %, 1695 MHz, 1695 MHz, 158.02 W, 56, P2, 0x0000000000000000
2026/08/26 20:44:18.491, 0, 20144 MiB, 100 %, 1695 MHz, 1695 MHz, 125.04 W, 54, P2, 0x0000000000000000
2026/08/26 20:44:19.491, 0, 20144 MiB, 100 %, 1980 MHz, 1980 MHz, 156.22 W, 56, P2, 0x0000000000000000
2026/08/26 20:44:20.491, 0, 20144 MiB, 100 %, 1965 MHz, 1965 MHz, 161.77 W, 56, P2, 0x0000000000000000
2026/08/26 20:44:21.491, 0, 20144 MiB, 100 %, 1965 MHz, 1965 MHz, 160.94 W, 56, P2, 0x0000000000000000
2026/08/26 20:44:22.491, 0, 20144 MiB, 100 %, 1965 MHz, 1965 MHz, 160.53 W, 56, P2, 0x0000000000000000
2026/08/26 20:44:23.491, 0, 20144 MiB, 99 %, 1965 MHz, 1965 MHz, 161.04 W, 56, P2, 0x0000000000000000
2026/08/26 20:44:24.492, 0, 20144 MiB, 100 %, 1965 MHz, 1965 MHz, 161.44 W, 57, P2, 0x0000000000000000
2026/08/26 20:44:25.492, 0, 20144 MiB, 100 %, 1965 MHz, 1965 MHz, 161.30 W, 57, P2, 0x0000000000000000
2026/08/26 20:44:26.492, 0, 20144 MiB, 100 %, 1965 MHz, 1965 MHz, 161.08 W, 57, P2, 0x0000000000000000
2026/08/26 20:44:27.492, 0, 20144 MiB, 99 %, 1965 MHz, 1965 MHz, 161.14 W, 57, P2, 0x0000000000000000
2026/08/26 20:44:28.492, 0, 20144 MiB, 100 %, 1965 MHz, 1965 MHz, 161.38 W, 57, P2, 0x0000000000000000
2026/08/26 20:44:29.492, 0, 20144 MiB, 100 %, 1965 MHz, 1965 MHz, 161.50 W, 56, P2, 0x0000000000000000
2026/08/26 20:44:30.494, 0, 20816 MiB, 2 %, 1950 MHz, 1950 MHz, 182.56 W, 58, P2, 0x0000000000000004
2026/08/26 20:44:31.494, 0, 20816 MiB, 79 %, 1950 MHz, 1950 MHz, 311.93 W, 63, P2, 0x0000000000000000
2026/08/26 20:44:32.495, 0, 20816 MiB, 73 %, 1950 MHz, 1950 MHz, 315.58 W, 63, P2, 0x0000000000000000
2026/08/26 20:44:33.495, 0, 20816 MiB, 78 %, 1950 MHz, 1950 MHz, 285.72 W, 63, P2, 0x0000000000000000
2026/08/26 20:44:34.495, 0, 20816 MiB, 78 %, 1950 MHz, 1950 MHz, 318.26 W, 64, P2, 0x0000000000000000
2026/08/26 20:44:35.495, 0, 20816 MiB, 76 %, 1950 MHz, 1950 MHz, 316.33 W, 65, P2, 0x0000000000000000
2026/08/26 20:44:36.495, 0, 20816 MiB, 42 %, 1950 MHz, 1950 MHz, 281.83 W, 64, P2, 0x0000000000000000
2026/08/26 20:44:37.495, 0, 20816 MiB, 77 %, 1950 MHz, 1950 MHz, 318.20 W, 65, P2, 0x0000000000000000
2026/08/26 20:44:38.495, 0, 20816 MiB, 77 %, 1950 MHz, 1950 MHz, 321.01 W, 66, P2, 0x0000000000000000
2026/08/26 20:44:39.495, 0, 20816 MiB, 46 %, 1950 MHz, 1950 MHz, 277.32 W, 66, P2, 0x0000000000000000
2026/08/26 20:44:40.496, 0, 20816 MiB, 77 %, 1950 MHz, 1950 MHz, 324.61 W, 66, P2, 0x0000000000000000
2026/08/26 20:44:41.496, 0, 20816 MiB, 74 %, 1950 MHz, 1950 MHz, 325.70 W, 66, P2, 0x0000000000000000
2026/08/26 20:44:42.496, 0, 20816 MiB, 74 %, 1950 MHz, 1950 MHz, 285.00 W, 66, P2, 0x0000000000000000
2026/08/26 20:44:43.496, 0, 20816 MiB, 78 %, 1935 MHz, 1935 MHz, 323.25 W, 67, P2, 0x0000000000000000
2026/08/26 20:44:44.496, 0, 20816 MiB, 76 %, 1935 MHz, 1935 MHz, 321.13 W, 67, P2, 0x0000000000000000
2026/08/26 20:44:45.496, 0, 20824 MiB, 100 %, 1935 MHz, 1935 MHz, 254.71 W, 66, P2, 0x0000000000000000
2026/08/26 20:44:46.496, 0, 20824 MiB, 80 %, 1935 MHz, 1935 MHz, 327.72 W, 68, P2, 0x0000000000000000
2026/08/26 20:44:47.497, 0, 20824 MiB, 80 %, 1935 MHz, 1935 MHz, 328.78 W, 68, P2, 0x0000000000000000
2026/08/26 20:44:48.497, 0, 20824 MiB, 75 %, 1935 MHz, 1935 MHz, 288.30 W, 68, P2, 0x0000000000000000
2026/08/26 20:44:49.497, 0, 20824 MiB, 77 %, 1935 MHz, 1935 MHz, 326.13 W, 68, P2, 0x0000000000000000
2026/08/26 20:44:50.497, 0, 20824 MiB, 78 %, 1935 MHz, 1935 MHz, 326.33 W, 69, P2, 0x0000000000000000
2026/08/26 20:44:51.497, 0, 20824 MiB, 78 %, 1935 MHz, 1935 MHz, 297.23 W, 68, P2, 0x0000000000000000
2026/08/26 20:44:52.497, 0, 20824 MiB, 78 %, 1935 MHz, 1935 MHz, 327.17 W, 69, P2, 0x0000000000000000
2026/08/26 20:44:53.497, 0, 20824 MiB, 77 %, 1935 MHz, 1935 MHz, 303.72 W, 66, P2, 0x0000000000000000
2026/08/26 20:44:54.497, 0, 20824 MiB, 77 %, 1935 MHz, 1935 MHz, 301.67 W, 69, P2, 0x0000000000000000
2026/08/26 20:44:55.498, 0, 20824 MiB, 77 %, 1935 MHz, 1935 MHz, 326.48 W, 69, P2, 0x0000000000000000
2026/08/26 20:44:56.498, 0, 20824 MiB, 77 %, 1935 MHz, 1935 MHz, 291.15 W, 67, P2, 0x0000000000000000
2026/08/26 20:44:57.498, 0, 20824 MiB, 78 %, 1935 MHz, 1935 MHz, 319.67 W, 69, P2, 0x0000000000000000
2026/08/26 20:44:58.498, 0, 20824 MiB, 79 %, 1935 MHz, 1935 MHz, 326.28 W, 69, P2, 0x0000000000000000
2026/08/26 20:44:59.498, 0, 20824 MiB, 79 %, 1935 MHz, 1935 MHz, 290.63 W, 68, P2, 0x0000000000000004
2026/08/26 20:45:00.498, 0, 20824 MiB, 79 %, 1935 MHz, 1935 MHz, 326.34 W, 70, P2, 0x0000000000000000
2026/08/26 20:45:01.498, 0, 20824 MiB, 75 %, 1935 MHz, 1935 MHz, 326.63 W, 70, P2, 0x0000000000000000
2026/08/26 20:45:02.499, 0, 82 MiB, 42 %, 1935 MHz, 1935 MHz, 254.10 W, 65, P0, 0x0000000000000000
2026/08/26 20:45:03.499, 0, 346 MiB, 0 %, 1935 MHz, 1935 MHz, 184.30 W, 65, P2, 0x0000000000000000
2026/08/26 20:45:04.499, 0, 346 MiB, 0 %, 1935 MHz, 1935 MHz, 161.32 W, 63, P2, 0x0000000000000000
2026/08/26 20:45:05.499, 0, 346 MiB, 0 %, 1695 MHz, 1695 MHz, 161.06 W, 62, P2, 0x0000000000000000
2026/08/26 20:45:06.499, 0, 19362 MiB, 0 %, 1695 MHz, 1695 MHz, 135.56 W, 61, P2, 0x0000000000000000
2026/08/26 20:45:07.499, 0, 19362 MiB, 100 %, 1950 MHz, 1950 MHz, 151.44 W, 62, P2, 0x0000000000000000
2026/08/26 20:45:08.500, 0, 19362 MiB, 99 %, 1950 MHz, 1950 MHz, 167.98 W, 62, P2, 0x0000000000000000
2026/08/26 20:45:09.500, 0, 19362 MiB, 100 %, 1950 MHz, 1950 MHz, 167.48 W, 62, P2, 0x0000000000000000
2026/08/26 20:45:10.500, 0, 19362 MiB, 100 %, 1950 MHz, 1950 MHz, 166.00 W, 62, P2, 0x0000000000000000
2026/08/26 20:45:11.500, 0, 19362 MiB, 99 %, 1950 MHz, 1950 MHz, 160.09 W, 61, P2, 0x0000000000000000
2026/08/26 20:45:12.500, 0, 19362 MiB, 99 %, 1950 MHz, 1950 MHz, 157.24 W, 61, P2, 0x0000000000000000
2026/08/26 20:45:13.500, 0, 19362 MiB, 100 %, 1950 MHz, 1950 MHz, 156.96 W, 60, P2, 0x0000000000000000
2026/08/26 20:45:14.500, 0, 20742 MiB, 60 %, 1950 MHz, 1950 MHz, 156.69 W, 61, P2, 0x0000000000000000
2026/08/26 20:45:15.501, 0, 20764 MiB, 77 %, 1950 MHz, 1950 MHz, 175.28 W, 61, P2, 0x0000000000000004
2026/08/26 20:45:16.501, 0, 20764 MiB, 85 %, 1950 MHz, 1950 MHz, 202.47 W, 61, P2, 0x0000000000000000
2026/08/26 20:45:17.501, 0, 20764 MiB, 85 %, 1950 MHz, 1950 MHz, 203.07 W, 62, P2, 0x0000000000000000
2026/08/26 20:45:18.501, 0, 20764 MiB, 84 %, 1950 MHz, 1950 MHz, 204.07 W, 62, P2, 0x0000000000000000
2026/08/26 20:45:19.501, 0, 20764 MiB, 83 %, 1950 MHz, 1950 MHz, 203.43 W, 62, P2, 0x0000000000000000
2026/08/26 20:45:20.501, 0, 20764 MiB, 83 %, 1950 MHz, 1950 MHz, 202.85 W, 62, P2, 0x0000000000000000
2026/08/26 20:45:21.501, 0, 20764 MiB, 85 %, 1950 MHz, 1950 MHz, 203.91 W, 62, P2, 0x0000000000000000
2026/08/26 20:45:22.502, 0, 20764 MiB, 84 %, 1950 MHz, 1950 MHz, 203.21 W, 62, P2, 0x0000000000000000
2026/08/26 20:45:23.502, 0, 20764 MiB, 82 %, 1950 MHz, 1950 MHz, 202.16 W, 62, P2, 0x0000000000000000
2026/08/26 20:45:24.502, 0, 20764 MiB, 83 %, 1950 MHz, 1950 MHz, 204.85 W, 62, P2, 0x0000000000000000
2026/08/26 20:45:25.502, 0, 20764 MiB, 84 %, 1950 MHz, 1950 MHz, 202.98 W, 61, P2, 0x0000000000000000
2026/08/26 20:45:26.502, 0, 20764 MiB, 85 %, 1950 MHz, 1950 MHz, 202.10 W, 62, P2, 0x0000000000000000
2026/08/26 20:45:27.502, 0, 20764 MiB, 82 %, 1950 MHz, 1950 MHz, 203.04 W, 61, P2, 0x0000000000000000
2026/08/26 20:45:28.502, 0, 20764 MiB, 84 %, 1950 MHz, 1950 MHz, 203.16 W, 61, P2, 0x0000000000000000
2026/08/26 20:45:29.503, 0, 20764 MiB, 83 %, 1950 MHz, 1950 MHz, 203.30 W, 61, P2, 0x0000000000000000
2026/08/26 20:45:30.503, 0, 20764 MiB, 82 %, 1950 MHz, 1950 MHz, 203.59 W, 61, P2, 0x0000000000000000
2026/08/26 20:45:31.503, 0, 20764 MiB, 84 %, 1950 MHz, 1950 MHz, 202.81 W, 61, P2, 0x0000000000000000
2026/08/26 20:45:32.503, 0, 20764 MiB, 83 %, 1950 MHz, 1950 MHz, 203.15 W, 61, P2, 0x0000000000000000
2026/08/26 20:45:33.503, 0, 20764 MiB, 86 %, 1950 MHz, 1950 MHz, 201.94 W, 61, P2, 0x0000000000000000
2026/08/26 20:45:34.503, 0, 20764 MiB, 84 %, 1950 MHz, 1950 MHz, 203.61 W, 61, P2, 0x0000000000000000
2026/08/26 20:45:35.503, 0, 20764 MiB, 83 %, 1950 MHz, 1950 MHz, 203.03 W, 61, P2, 0x0000000000000000
2026/08/26 20:45:36.504, 0, 20764 MiB, 56 %, 1950 MHz, 1950 MHz, 198.36 W, 60, P2, 0x0000000000000000
2026/08/26 20:45:37.504, 0, 20764 MiB, 82 %, 1950 MHz, 1950 MHz, 198.42 W, 61, P2, 0x0000000000000000
2026/08/26 20:45:38.504, 0, 20764 MiB, 84 %, 1950 MHz, 1950 MHz, 202.56 W, 61, P2, 0x0000000000000000
2026/08/26 20:45:39.504, 0, 20764 MiB, 83 %, 1950 MHz, 1950 MHz, 202.49 W, 61, P2, 0x0000000000000000
2026/08/26 20:45:40.504, 0, 20764 MiB, 80 %, 1950 MHz, 1950 MHz, 202.27 W, 61, P2, 0x0000000000000000
2026/08/26 20:45:41.504, 0, 20764 MiB, 82 %, 1950 MHz, 1950 MHz, 202.46 W, 61, P2, 0x0000000000000000
2026/08/26 20:45:42.505, 0, 20764 MiB, 83 %, 1950 MHz, 1950 MHz, 202.13 W, 61, P2, 0x0000000000000000
2026/08/26 20:45:43.505, 0, 20764 MiB, 85 %, 1950 MHz, 1950 MHz, 202.83 W, 61, P2, 0x0000000000000000
2026/08/26 20:45:44.505, 0, 20764 MiB, 85 %, 1950 MHz, 1950 MHz, 203.22 W, 61, P2, 0x0000000000000000
2026/08/26 20:45:45.505, 0, 20764 MiB, 85 %, 1950 MHz, 1950 MHz, 202.57 W, 61, P2, 0x0000000000000000
2026/08/26 20:45:46.505, 0, 20764 MiB, 84 %, 1950 MHz, 1950 MHz, 202.71 W, 61, P2, 0x0000000000000000
2026/08/26 20:45:47.505, 0, 20768 MiB, 83 %, 1950 MHz, 1950 MHz, 202.92 W, 61, P2, 0x0000000000000000
2026/08/26 20:45:48.506, 0, 20768 MiB, 83 %, 1950 MHz, 1950 MHz, 196.04 W, 61, P2, 0x0000000000000000
2026/08/26 20:45:49.506, 0, 20768 MiB, 83 %, 1950 MHz, 1950 MHz, 202.41 W, 60, P2, 0x0000000000000000
2026/08/26 20:45:50.506, 0, 20768 MiB, 84 %, 1950 MHz, 1950 MHz, 201.13 W, 60, P2, 0x0000000000000000
2026/08/26 20:45:51.506, 0, 20768 MiB, 84 %, 1950 MHz, 1950 MHz, 202.24 W, 61, P2, 0x0000000000000000
2026/08/26 20:45:52.506, 0, 20768 MiB, 84 %, 1950 MHz, 1950 MHz, 203.36 W, 61, P2, 0x0000000000000000
2026/08/26 20:45:53.506, 0, 20768 MiB, 84 %, 1950 MHz, 1950 MHz, 202.05 W, 61, P2, 0x0000000000000000
2026/08/26 20:45:54.506, 0, 20768 MiB, 84 %, 1950 MHz, 1950 MHz, 202.40 W, 60, P2, 0x0000000000000000
2026/08/26 20:45:55.506, 0, 20768 MiB, 84 %, 1950 MHz, 1950 MHz, 202.04 W, 60, P2, 0x0000000000000000
2026/08/26 20:45:56.507, 0, 20768 MiB, 83 %, 1950 MHz, 1950 MHz, 201.67 W, 60, P2, 0x0000000000000000
2026/08/26 20:45:57.507, 0, 20768 MiB, 83 %, 1950 MHz, 1950 MHz, 201.49 W, 61, P2, 0x0000000000000000
2026/08/26 20:45:58.507, 0, 20768 MiB, 84 %, 1950 MHz, 1950 MHz, 203.63 W, 60, P2, 0x0000000000000000
2026/08/26 20:45:59.507, 0, 20768 MiB, 85 %, 1950 MHz, 1950 MHz, 197.70 W, 60, P2, 0x0000000000000000
2026/08/26 20:46:00.507, 0, 20768 MiB, 84 %, 1950 MHz, 1950 MHz, 201.58 W, 60, P2, 0x0000000000000000
2026/08/26 20:46:01.507, 0, 20768 MiB, 83 %, 1950 MHz, 1950 MHz, 200.77 W, 60, P2, 0x0000000000000000
2026/08/26 20:46:02.508, 0, 20768 MiB, 83 %, 1950 MHz, 1950 MHz, 202.13 W, 60, P2, 0x0000000000000000
2026/08/26 20:46:03.508, 0, 20768 MiB, 85 %, 1950 MHz, 1950 MHz, 202.00 W, 61, P2, 0x0000000000000000
2026/08/26 20:46:04.508, 0, 20768 MiB, 84 %, 1950 MHz, 1950 MHz, 200.46 W, 60, P2, 0x0000000000000000
2026/08/26 20:46:05.508, 0, 20768 MiB, 84 %, 1950 MHz, 1950 MHz, 203.16 W, 60, P2, 0x0000000000000000
2026/08/26 20:46:06.508, 0, 20768 MiB, 83 %, 1950 MHz, 1950 MHz, 201.19 W, 60, P2, 0x0000000000000000
2026/08/26 20:46:07.508, 0, 20768 MiB, 84 %, 1950 MHz, 1950 MHz, 201.85 W, 60, P2, 0x0000000000000000
2026/08/26 20:46:08.509, 0, 20774 MiB, 85 %, 1950 MHz, 1950 MHz, 201.01 W, 60, P2, 0x0000000000000000
2026/08/26 20:46:09.509, 0, 20776 MiB, 69 %, 1950 MHz, 1950 MHz, 192.37 W, 60, P2, 0x0000000000000000
2026/08/26 20:46:10.509, 0, 20776 MiB, 82 %, 1950 MHz, 1950 MHz, 200.25 W, 60, P2, 0x0000000000000000
2026/08/26 20:46:11.511, 0, 20776 MiB, 84 %, 1950 MHz, 1950 MHz, 201.58 W, 60, P2, 0x0000000000000000
2026/08/26 20:46:12.511, 0, 20776 MiB, 83 %, 1950 MHz, 1950 MHz, 200.80 W, 60, P2, 0x0000000000000000
2026/08/26 20:46:13.511, 0, 20776 MiB, 84 %, 1950 MHz, 1950 MHz, 201.86 W, 60, P2, 0x0000000000000000
2026/08/26 20:46:14.511, 0, 20776 MiB, 85 %, 1950 MHz, 1950 MHz, 201.43 W, 60, P2, 0x0000000000000000
2026/08/26 20:46:15.512, 0, 20776 MiB, 81 %, 1950 MHz, 1950 MHz, 201.53 W, 60, P2, 0x0000000000000000
2026/08/26 20:46:16.519, 0, 20776 MiB, 84 %, 1950 MHz, 1950 MHz, 201.35 W, 60, P2, 0x0000000000000000
2026/08/26 20:46:17.519, 0, 20776 MiB, 85 %, 1950 MHz, 1950 MHz, 200.29 W, 60, P2, 0x0000000000000000
2026/08/26 20:46:18.520, 0, 20776 MiB, 86 %, 1950 MHz, 1950 MHz, 199.84 W, 60, P2, 0x0000000000000000
2026/08/26 20:46:19.520, 0, 20776 MiB, 82 %, 1950 MHz, 1950 MHz, 199.88 W, 60, P2, 0x0000000000000000
2026/08/26 20:46:20.520, 0, 20776 MiB, 84 %, 1950 MHz, 1950 MHz, 201.60 W, 60, P2, 0x0000000000000000
2026/08/26 20:46:21.520, 0, 20776 MiB, 84 %, 1950 MHz, 1950 MHz, 200.52 W, 60, P2, 0x0000000000000000
2026/08/26 20:46:22.520, 0, 20776 MiB, 83 %, 1950 MHz, 1950 MHz, 200.60 W, 60, P2, 0x0000000000000000
2026/08/26 20:46:23.521, 0, 20776 MiB, 83 %, 1950 MHz, 1950 MHz, 201.23 W, 60, P2, 0x0000000000000000
2026/08/26 20:46:24.521, 0, 20776 MiB, 83 %, 1950 MHz, 1950 MHz, 202.62 W, 60, P2, 0x0000000000000000
2026/08/26 20:46:25.521, 0, 20776 MiB, 82 %, 1950 MHz, 1950 MHz, 201.15 W, 60, P2, 0x0000000000000000
2026/08/26 20:46:26.521, 0, 20776 MiB, 81 %, 1950 MHz, 1950 MHz, 201.26 W, 60, P2, 0x0000000000000000
2026/08/26 20:46:27.521, 0, 20776 MiB, 84 %, 1950 MHz, 1950 MHz, 201.06 W, 60, P2, 0x0000000000000000
2026/08/26 20:46:28.522, 0, 20776 MiB, 84 %, 1950 MHz, 1950 MHz, 201.05 W, 60, P2, 0x0000000000000000
2026/08/26 20:46:29.522, 0, 20776 MiB, 28 %, 1950 MHz, 1950 MHz, 200.26 W, 59, P2, 0x0000000000000000
2026/08/26 20:46:30.522, 0, 20776 MiB, 83 %, 1950 MHz, 1950 MHz, 200.59 W, 60, P2, 0x0000000000000000
2026/08/26 20:46:31.522, 0, 20776 MiB, 85 %, 1950 MHz, 1950 MHz, 201.36 W, 60, P2, 0x0000000000000000
2026/08/26 20:46:32.523, 0, 20776 MiB, 83 %, 1950 MHz, 1950 MHz, 200.16 W, 60, P2, 0x0000000000000000
2026/08/26 20:46:33.523, 0, 20776 MiB, 83 %, 1950 MHz, 1950 MHz, 200.05 W, 60, P2, 0x0000000000000000
2026/08/26 20:46:34.523, 0, 20776 MiB, 84 %, 1950 MHz, 1950 MHz, 201.19 W, 60, P2, 0x0000000000000000
2026/08/26 20:46:35.523, 0, 20776 MiB, 84 %, 1950 MHz, 1950 MHz, 200.52 W, 60, P2, 0x0000000000000000
2026/08/26 20:46:36.523, 0, 20776 MiB, 82 %, 1950 MHz, 1950 MHz, 200.46 W, 60, P2, 0x0000000000000000
2026/08/26 20:46:37.524, 0, 20776 MiB, 86 %, 1950 MHz, 1950 MHz, 199.91 W, 60, P2, 0x0000000000000000
2026/08/26 20:46:38.524, 0, 20776 MiB, 85 %, 1950 MHz, 1950 MHz, 200.65 W, 60, P2, 0x0000000000000000
2026/08/26 20:46:39.524, 0, 20776 MiB, 78 %, 1935 MHz, 1935 MHz, 201.77 W, 60, P2, 0x0000000000000004
2026/08/26 20:46:40.524, 0, 20776 MiB, 83 %, 1950 MHz, 1950 MHz, 199.46 W, 60, P2, 0x0000000000000000
2026/08/26 20:46:41.524, 0, 20776 MiB, 82 %, 1950 MHz, 1950 MHz, 199.75 W, 60, P2, 0x0000000000000000
2026/08/26 20:46:42.525, 0, 20776 MiB, 85 %, 1950 MHz, 1950 MHz, 201.21 W, 60, P2, 0x0000000000000000
2026/08/26 20:46:43.525, 0, 20776 MiB, 83 %, 1950 MHz, 1950 MHz, 201.14 W, 60, P2, 0x0000000000000000
2026/08/26 20:46:44.525, 0, 20776 MiB, 84 %, 1950 MHz, 1950 MHz, 201.49 W, 60, P2, 0x0000000000000000
2026/08/26 20:46:45.525, 0, 20776 MiB, 83 %, 1950 MHz, 1950 MHz, 200.85 W, 60, P2, 0x0000000000000000
2026/08/26 20:46:46.525, 0, 20776 MiB, 83 %, 1950 MHz, 1950 MHz, 201.04 W, 60, P2, 0x0000000000000000
2026/08/26 20:46:47.526, 0, 20776 MiB, 82 %, 1950 MHz, 1950 MHz, 200.13 W, 60, P2, 0x0000000000000000
2026/08/26 20:46:48.526, 0, 20776 MiB, 85 %, 1950 MHz, 1950 MHz, 201.38 W, 60, P2, 0x0000000000000000
2026/08/26 20:46:49.526, 0, 20776 MiB, 85 %, 1950 MHz, 1950 MHz, 200.99 W, 60, P2, 0x0000000000000000
2026/08/26 20:46:50.526, 0, 20776 MiB, 75 %, 1950 MHz, 1950 MHz, 195.37 W, 59, P2, 0x0000000000000000
2026/08/26 20:46:51.526, 0, 20776 MiB, 86 %, 1950 MHz, 1950 MHz, 198.37 W, 60, P2, 0x0000000000000000
2026/08/26 20:46:52.527, 0, 20776 MiB, 84 %, 1950 MHz, 1950 MHz, 200.37 W, 60, P2, 0x0000000000000000
2026/08/26 20:46:53.527, 0, 20776 MiB, 85 %, 1950 MHz, 1950 MHz, 200.51 W, 60, P2, 0x0000000000000000
2026/08/26 20:46:54.527, 0, 20776 MiB, 84 %, 1950 MHz, 1950 MHz, 200.52 W, 60, P2, 0x0000000000000000
2026/08/26 20:46:55.527, 0, 20776 MiB, 81 %, 1950 MHz, 1950 MHz, 200.91 W, 60, P2, 0x0000000000000000
2026/08/26 20:46:56.528, 0, 20776 MiB, 84 %, 1950 MHz, 1950 MHz, 201.22 W, 60, P2, 0x0000000000000000
2026/08/26 20:46:57.528, 0, 20776 MiB, 83 %, 1950 MHz, 1950 MHz, 201.45 W, 60, P2, 0x0000000000000000
2026/08/26 20:46:58.528, 0, 20776 MiB, 83 %, 1950 MHz, 1950 MHz, 201.05 W, 60, P2, 0x0000000000000000
2026/08/26 20:46:59.528, 0, 20776 MiB, 84 %, 1950 MHz, 1950 MHz, 200.55 W, 60, P2, 0x0000000000000000
2026/08/26 20:47:00.528, 0, 20776 MiB, 84 %, 1950 MHz, 1950 MHz, 200.68 W, 60, P2, 0x0000000000000000
2026/08/26 20:47:01.529, 0, 20776 MiB, 48 %, 1950 MHz, 1950 MHz, 200.29 W, 60, P2, 0x0000000000000000
2026/08/26 20:47:02.529, 0, 20776 MiB, 83 %, 1950 MHz, 1950 MHz, 198.64 W, 60, P2, 0x0000000000000000
2026/08/26 20:47:03.529, 0, 20776 MiB, 82 %, 1950 MHz, 1950 MHz, 199.65 W, 60, P2, 0x0000000000000000
2026/08/26 20:47:04.529, 0, 20776 MiB, 81 %, 1950 MHz, 1950 MHz, 200.34 W, 60, P2, 0x0000000000000000
2026/08/26 20:47:05.529, 0, 20776 MiB, 81 %, 1950 MHz, 1950 MHz, 199.38 W, 60, P2, 0x0000000000000000
2026/08/26 20:47:06.529, 0, 20776 MiB, 84 %, 1950 MHz, 1950 MHz, 199.72 W, 60, P2, 0x0000000000000000
2026/08/26 20:47:07.530, 0, 20776 MiB, 84 %, 1950 MHz, 1950 MHz, 201.09 W, 60, P2, 0x0000000000000000
2026/08/26 20:47:08.530, 0, 20776 MiB, 83 %, 1950 MHz, 1950 MHz, 200.58 W, 60, P2, 0x0000000000000000
2026/08/26 20:47:09.530, 0, 20776 MiB, 84 %, 1950 MHz, 1950 MHz, 202.00 W, 60, P2, 0x0000000000000000
2026/08/26 20:47:10.530, 0, 20776 MiB, 84 %, 1950 MHz, 1950 MHz, 199.77 W, 60, P2, 0x0000000000000000
2026/08/26 20:47:11.531, 0, 20776 MiB, 85 %, 1950 MHz, 1950 MHz, 201.29 W, 60, P2, 0x0000000000000000
2026/08/26 20:47:12.531, 0, 346 MiB, 100 %, 1950 MHz, 1950 MHz, 182.41 W, 59, P0, 0x0000000000000000
2026/08/26 20:47:13.589, 0, 346 MiB, 0 %, 1950 MHz, 1950 MHz, 164.60 W, 58, P2, 0x0000000000000000
2026/08/26 20:47:14.590, 0, 346 MiB, 0 %, 1695 MHz, 1695 MHz, 154.14 W, 58, P2, 0x0000000000000000
2026/08/26 20:47:15.590, 0, 346 MiB, 0 %, 1695 MHz, 1695 MHz, 129.49 W, 56, P2, 0x0000000000000000
2026/08/26 20:47:16.590, 0, 19362 MiB, 100 %, 1965 MHz, 1965 MHz, 127.74 W, 57, P2, 0x0000000000000000
2026/08/26 20:47:17.591, 0, 19362 MiB, 99 %, 1965 MHz, 1965 MHz, 163.63 W, 58, P2, 0x0000000000000000
2026/08/26 20:47:18.591, 0, 19362 MiB, 100 %, 1965 MHz, 1965 MHz, 163.75 W, 58, P2, 0x0000000000000000
2026/08/26 20:47:19.591, 0, 19362 MiB, 100 %, 1965 MHz, 1965 MHz, 163.48 W, 58, P2, 0x0000000000000000
2026/08/26 20:47:20.594, 0, 19362 MiB, 100 %, 1965 MHz, 1965 MHz, 163.27 W, 58, P2, 0x0000000000000000
2026/08/26 20:47:21.594, 0, 19362 MiB, 99 %, 1965 MHz, 1965 MHz, 163.42 W, 58, P2, 0x0000000000000000
2026/08/26 20:47:22.594, 0, 19362 MiB, 99 %, 1965 MHz, 1965 MHz, 163.56 W, 58, P2, 0x0000000000000000
2026/08/26 20:47:23.594, 0, 19362 MiB, 100 %, 1965 MHz, 1965 MHz, 163.36 W, 58, P2, 0x0000000000000000
2026/08/26 20:47:24.594, 0, 19362 MiB, 100 %, 1965 MHz, 1965 MHz, 163.01 W, 58, P2, 0x0000000000000000
2026/08/26 20:47:25.595, 0, 19362 MiB, 100 %, 1965 MHz, 1965 MHz, 163.25 W, 58, P2, 0x0000000000000000
2026/08/26 20:47:26.595, 0, 19362 MiB, 99 %, 1965 MHz, 1965 MHz, 163.24 W, 58, P2, 0x0000000000000000
2026/08/26 20:47:27.595, 0, 20004 MiB, 99 %, 1965 MHz, 1965 MHz, 164.77 W, 58, P2, 0x0000000000000000
2026/08/26 20:47:28.595, 0, 20764 MiB, 90 %, 1965 MHz, 1965 MHz, 180.07 W, 59, P2, 0x0000000000000004
2026/08/26 20:47:29.595, 0, 20768 MiB, 79 %, 1965 MHz, 1965 MHz, 225.35 W, 60, P2, 0x0000000000000000
2026/08/26 20:47:30.595, 0, 20770 MiB, 80 %, 1965 MHz, 1965 MHz, 226.07 W, 60, P2, 0x0000000000000000
2026/08/26 20:47:31.595, 0, 20770 MiB, 81 %, 1965 MHz, 1965 MHz, 227.00 W, 61, P2, 0x0000000000000000
2026/08/26 20:47:32.596, 0, 20770 MiB, 84 %, 1965 MHz, 1965 MHz, 226.76 W, 61, P2, 0x0000000000000000
2026/08/26 20:47:33.596, 0, 20770 MiB, 85 %, 1965 MHz, 1965 MHz, 223.34 W, 60, P2, 0x0000000000000000
2026/08/26 20:47:34.596, 0, 20770 MiB, 82 %, 1965 MHz, 1965 MHz, 225.43 W, 61, P2, 0x0000000000000000
2026/08/26 20:47:35.596, 0, 20770 MiB, 88 %, 1965 MHz, 1965 MHz, 224.32 W, 61, P2, 0x0000000000000000
2026/08/26 20:47:36.596, 0, 20774 MiB, 79 %, 1965 MHz, 1965 MHz, 228.72 W, 60, P2, 0x0000000000000000
2026/08/26 20:47:37.596, 0, 20774 MiB, 84 %, 1965 MHz, 1965 MHz, 226.33 W, 61, P2, 0x0000000000000000
2026/08/26 20:47:38.596, 0, 20774 MiB, 80 %, 1965 MHz, 1965 MHz, 224.58 W, 61, P2, 0x0000000000000000
2026/08/26 20:47:39.597, 0, 20774 MiB, 84 %, 1965 MHz, 1965 MHz, 225.94 W, 61, P2, 0x0000000000000000
2026/08/26 20:47:40.597, 0, 20774 MiB, 80 %, 1965 MHz, 1965 MHz, 215.80 W, 61, P2, 0x0000000000000000
2026/08/26 20:47:41.597, 0, 20774 MiB, 81 %, 1965 MHz, 1965 MHz, 227.45 W, 61, P2, 0x0000000000000000
2026/08/26 20:47:42.597, 0, 20774 MiB, 87 %, 1950 MHz, 1950 MHz, 224.54 W, 61, P2, 0x0000000000000000
2026/08/26 20:47:43.597, 0, 20774 MiB, 84 %, 1950 MHz, 1950 MHz, 223.41 W, 61, P2, 0x0000000000000000
2026/08/26 20:47:44.597, 0, 20774 MiB, 85 %, 1950 MHz, 1950 MHz, 225.85 W, 61, P2, 0x0000000000000004
2026/08/26 20:47:45.598, 0, 20774 MiB, 82 %, 1950 MHz, 1950 MHz, 226.46 W, 61, P2, 0x0000000000000000
2026/08/26 20:47:46.598, 0, 20774 MiB, 84 %, 1950 MHz, 1950 MHz, 221.76 W, 61, P2, 0x0000000000000000
2026/08/26 20:47:47.598, 0, 20774 MiB, 84 %, 1950 MHz, 1950 MHz, 225.69 W, 61, P2, 0x0000000000000000
2026/08/26 20:47:48.598, 0, 20774 MiB, 84 %, 1950 MHz, 1950 MHz, 226.14 W, 62, P2, 0x0000000000000000
2026/08/26 20:47:49.598, 0, 20774 MiB, 84 %, 1950 MHz, 1950 MHz, 228.21 W, 61, P2, 0x0000000000000000
2026/08/26 20:47:50.598, 0, 20774 MiB, 68 %, 1950 MHz, 1950 MHz, 216.10 W, 61, P2, 0x0000000000000000
2026/08/26 20:47:51.598, 0, 20774 MiB, 80 %, 1950 MHz, 1950 MHz, 224.63 W, 61, P2, 0x0000000000000000
2026/08/26 20:47:52.599, 0, 20774 MiB, 81 %, 1950 MHz, 1950 MHz, 225.92 W, 62, P2, 0x0000000000000000
2026/08/26 20:47:53.599, 0, 20774 MiB, 84 %, 1950 MHz, 1950 MHz, 224.69 W, 61, P2, 0x0000000000000000
2026/08/26 20:47:54.599, 0, 20774 MiB, 84 %, 1950 MHz, 1950 MHz, 227.01 W, 62, P2, 0x0000000000000000
2026/08/26 20:47:55.599, 0, 20774 MiB, 83 %, 1950 MHz, 1950 MHz, 225.33 W, 62, P2, 0x0000000000000000
2026/08/26 20:47:56.599, 0, 20774 MiB, 83 %, 1950 MHz, 1950 MHz, 223.33 W, 62, P2, 0x0000000000000000
2026/08/26 20:47:57.599, 0, 20774 MiB, 82 %, 1950 MHz, 1950 MHz, 225.71 W, 62, P2, 0x0000000000000000
2026/08/26 20:47:58.600, 0, 20774 MiB, 80 %, 1950 MHz, 1950 MHz, 224.17 W, 62, P2, 0x0000000000000000
2026/08/26 20:47:59.600, 0, 20774 MiB, 83 %, 1950 MHz, 1950 MHz, 222.13 W, 62, P2, 0x0000000000000000
2026/08/26 20:48:00.600, 0, 20774 MiB, 80 %, 1950 MHz, 1950 MHz, 225.47 W, 62, P2, 0x0000000000000000
2026/08/26 20:48:01.600, 0, 20774 MiB, 82 %, 1950 MHz, 1950 MHz, 226.92 W, 62, P2, 0x0000000000000000
2026/08/26 20:48:02.600, 0, 20774 MiB, 80 %, 1950 MHz, 1950 MHz, 216.02 W, 62, P2, 0x0000000000000000
2026/08/26 20:48:03.600, 0, 20774 MiB, 82 %, 1950 MHz, 1950 MHz, 228.18 W, 62, P2, 0x0000000000000000
2026/08/26 20:48:04.600, 0, 20774 MiB, 82 %, 1950 MHz, 1950 MHz, 229.07 W, 62, P2, 0x0000000000000000
2026/08/26 20:48:05.601, 0, 20774 MiB, 82 %, 1950 MHz, 1950 MHz, 229.18 W, 62, P2, 0x0000000000000000
2026/08/26 20:48:06.601, 0, 20774 MiB, 81 %, 1950 MHz, 1950 MHz, 226.38 W, 62, P2, 0x0000000000000000
2026/08/26 20:48:07.601, 0, 20774 MiB, 78 %, 1950 MHz, 1950 MHz, 227.94 W, 62, P2, 0x0000000000000000
2026/08/26 20:48:08.601, 0, 20774 MiB, 83 %, 1950 MHz, 1950 MHz, 225.14 W, 62, P2, 0x0000000000000000
2026/08/26 20:48:09.601, 0, 20774 MiB, 85 %, 1950 MHz, 1950 MHz, 227.73 W, 62, P2, 0x0000000000000000
2026/08/26 20:48:10.601, 0, 20774 MiB, 82 %, 1950 MHz, 1950 MHz, 226.29 W, 63, P2, 0x0000000000000000
2026/08/26 20:48:11.601, 0, 20774 MiB, 82 %, 1950 MHz, 1950 MHz, 227.28 W, 62, P2, 0x0000000000000000
2026/08/26 20:48:12.602, 0, 20774 MiB, 81 %, 1950 MHz, 1950 MHz, 211.24 W, 62, P2, 0x0000000000000000
2026/08/26 20:48:13.602, 0, 20774 MiB, 84 %, 1950 MHz, 1950 MHz, 227.83 W, 62, P2, 0x0000000000000000
2026/08/26 20:48:14.602, 0, 20774 MiB, 81 %, 1950 MHz, 1950 MHz, 228.21 W, 63, P2, 0x0000000000000000
2026/08/26 20:48:15.602, 0, 20774 MiB, 81 %, 1950 MHz, 1950 MHz, 228.33 W, 62, P2, 0x0000000000000000
2026/08/26 20:48:16.602, 0, 20774 MiB, 80 %, 1950 MHz, 1950 MHz, 228.40 W, 63, P2, 0x0000000000000000
2026/08/26 20:48:17.603, 0, 20774 MiB, 84 %, 1950 MHz, 1950 MHz, 230.84 W, 62, P2, 0x0000000000000000
2026/08/26 20:48:18.603, 0, 20774 MiB, 83 %, 1950 MHz, 1950 MHz, 227.70 W, 62, P2, 0x0000000000000000
2026/08/26 20:48:19.603, 0, 20774 MiB, 84 %, 1950 MHz, 1950 MHz, 228.04 W, 63, P2, 0x0000000000000000
2026/08/26 20:48:20.603, 0, 20774 MiB, 81 %, 1950 MHz, 1950 MHz, 227.71 W, 63, P2, 0x0000000000000000
2026/08/26 20:48:21.605, 0, 20774 MiB, 83 %, 1950 MHz, 1950 MHz, 228.92 W, 62, P2, 0x0000000000000000
2026/08/26 20:48:22.605, 0, 20780 MiB, 100 %, 1950 MHz, 1950 MHz, 198.09 W, 62, P2, 0x0000000000000000
2026/08/26 20:48:23.605, 0, 20780 MiB, 84 %, 1950 MHz, 1950 MHz, 231.91 W, 63, P2, 0x0000000000000000
2026/08/26 20:48:24.606, 0, 20780 MiB, 81 %, 1950 MHz, 1950 MHz, 233.97 W, 63, P2, 0x0000000000000000
2026/08/26 20:48:25.606, 0, 20780 MiB, 82 %, 1950 MHz, 1950 MHz, 229.35 W, 63, P2, 0x0000000000000000
2026/08/26 20:48:26.606, 0, 20780 MiB, 84 %, 1950 MHz, 1950 MHz, 230.48 W, 63, P2, 0x0000000000000000
2026/08/26 20:48:27.606, 0, 20780 MiB, 84 %, 1950 MHz, 1950 MHz, 228.99 W, 63, P2, 0x0000000000000000
2026/08/26 20:48:28.606, 0, 20780 MiB, 84 %, 1950 MHz, 1950 MHz, 227.89 W, 63, P2, 0x0000000000000000
2026/08/26 20:48:29.607, 0, 20780 MiB, 83 %, 1950 MHz, 1950 MHz, 227.16 W, 63, P2, 0x0000000000000000
2026/08/26 20:48:30.607, 0, 20780 MiB, 73 %, 1950 MHz, 1950 MHz, 218.30 W, 63, P2, 0x0000000000000000
2026/08/26 20:48:31.607, 0, 20780 MiB, 79 %, 1950 MHz, 1950 MHz, 232.71 W, 63, P2, 0x0000000000000000
2026/08/26 20:48:32.607, 0, 20780 MiB, 79 %, 1950 MHz, 1950 MHz, 228.71 W, 63, P2, 0x0000000000000000
2026/08/26 20:48:33.608, 0, 20780 MiB, 84 %, 1950 MHz, 1950 MHz, 227.63 W, 63, P2, 0x0000000000000000
2026/08/26 20:48:34.608, 0, 20780 MiB, 84 %, 1950 MHz, 1950 MHz, 227.01 W, 63, P2, 0x0000000000000000
2026/08/26 20:48:35.608, 0, 20780 MiB, 82 %, 1950 MHz, 1950 MHz, 225.79 W, 63, P2, 0x0000000000000000
2026/08/26 20:48:36.608, 0, 20780 MiB, 84 %, 1950 MHz, 1950 MHz, 226.58 W, 63, P2, 0x0000000000000000
2026/08/26 20:48:37.608, 0, 20780 MiB, 79 %, 1950 MHz, 1950 MHz, 228.23 W, 63, P2, 0x0000000000000000
2026/08/26 20:48:38.609, 0, 20780 MiB, 84 %, 1950 MHz, 1950 MHz, 231.85 W, 63, P2, 0x0000000000000000
2026/08/26 20:48:39.609, 0, 20780 MiB, 84 %, 1950 MHz, 1950 MHz, 228.44 W, 63, P2, 0x0000000000000000
2026/08/26 20:48:40.609, 0, 20780 MiB, 62 %, 1950 MHz, 1950 MHz, 220.07 W, 64, P2, 0x0000000000000000
2026/08/26 20:48:41.609, 0, 20780 MiB, 80 %, 1950 MHz, 1950 MHz, 230.29 W, 64, P2, 0x0000000000000000
2026/08/26 20:48:42.609, 0, 20780 MiB, 79 %, 1950 MHz, 1950 MHz, 227.83 W, 64, P2, 0x0000000000000000
2026/08/26 20:48:43.610, 0, 20780 MiB, 79 %, 1950 MHz, 1950 MHz, 233.66 W, 64, P2, 0x0000000000000000
2026/08/26 20:48:44.610, 0, 20780 MiB, 80 %, 1950 MHz, 1950 MHz, 228.63 W, 64, P2, 0x0000000000000000
2026/08/26 20:48:45.610, 0, 20780 MiB, 83 %, 1950 MHz, 1950 MHz, 229.48 W, 64, P2, 0x0000000000000000
2026/08/26 20:48:46.610, 0, 20780 MiB, 83 %, 1950 MHz, 1950 MHz, 233.22 W, 64, P2, 0x0000000000000000
2026/08/26 20:48:47.611, 0, 20780 MiB, 83 %, 1950 MHz, 1950 MHz, 227.99 W, 63, P2, 0x0000000000000000
2026/08/26 20:48:48.611, 0, 20780 MiB, 82 %, 1950 MHz, 1950 MHz, 225.98 W, 64, P2, 0x0000000000000000
2026/08/26 20:48:49.611, 0, 20780 MiB, 81 %, 1950 MHz, 1950 MHz, 231.21 W, 64, P2, 0x0000000000000000
2026/08/26 20:48:50.611, 0, 20780 MiB, 81 %, 1950 MHz, 1950 MHz, 230.33 W, 64, P2, 0x0000000000000000
2026/08/26 20:48:51.611, 0, 20780 MiB, 84 %, 1950 MHz, 1950 MHz, 228.63 W, 63, P2, 0x0000000000000000
2026/08/26 20:48:52.612, 0, 20780 MiB, 85 %, 1950 MHz, 1950 MHz, 226.74 W, 63, P2, 0x0000000000000000
2026/08/26 20:48:53.612, 0, 20780 MiB, 83 %, 1950 MHz, 1950 MHz, 230.62 W, 63, P2, 0x0000000000000000
2026/08/26 20:48:54.612, 0, 20780 MiB, 84 %, 1950 MHz, 1950 MHz, 227.62 W, 64, P2, 0x0000000000000000
2026/08/26 20:48:55.612, 0, 20780 MiB, 81 %, 1950 MHz, 1950 MHz, 227.83 W, 64, P2, 0x0000000000000000
2026/08/26 20:48:56.612, 0, 20780 MiB, 84 %, 1950 MHz, 1950 MHz, 225.64 W, 64, P2, 0x0000000000000000
2026/08/26 20:48:57.613, 0, 20780 MiB, 83 %, 1950 MHz, 1950 MHz, 228.27 W, 64, P2, 0x0000000000000000
2026/08/26 20:48:58.613, 0, 20780 MiB, 81 %, 1950 MHz, 1950 MHz, 229.39 W, 64, P2, 0x0000000000000000
2026/08/26 20:48:59.613, 0, 20780 MiB, 22 %, 1950 MHz, 1950 MHz, 222.14 W, 64, P2, 0x0000000000000000
2026/08/26 20:49:00.613, 0, 20780 MiB, 84 %, 1950 MHz, 1950 MHz, 230.00 W, 64, P2, 0x0000000000000000
2026/08/26 20:49:01.613, 0, 20780 MiB, 79 %, 1950 MHz, 1950 MHz, 231.94 W, 64, P2, 0x0000000000000000
2026/08/26 20:49:02.614, 0, 20780 MiB, 83 %, 1950 MHz, 1950 MHz, 228.98 W, 64, P2, 0x0000000000000000
2026/08/26 20:49:03.614, 0, 20780 MiB, 83 %, 1950 MHz, 1950 MHz, 232.23 W, 64, P2, 0x0000000000000000
2026/08/26 20:49:04.614, 0, 20780 MiB, 84 %, 1950 MHz, 1950 MHz, 228.46 W, 64, P2, 0x0000000000000000
2026/08/26 20:49:05.614, 0, 20780 MiB, 84 %, 1950 MHz, 1950 MHz, 228.58 W, 64, P2, 0x0000000000000000
2026/08/26 20:49:06.614, 0, 20780 MiB, 80 %, 1950 MHz, 1950 MHz, 229.55 W, 64, P2, 0x0000000000000000
2026/08/26 20:49:07.615, 0, 20780 MiB, 82 %, 1950 MHz, 1950 MHz, 227.09 W, 64, P2, 0x0000000000000000
2026/08/26 20:49:08.615, 0, 20780 MiB, 80 %, 1950 MHz, 1950 MHz, 227.62 W, 64, P2, 0x0000000000000000
2026/08/26 20:49:09.615, 0, 20780 MiB, 84 %, 1950 MHz, 1950 MHz, 228.42 W, 64, P2, 0x0000000000000000
2026/08/26 20:49:10.615, 0, 20780 MiB, 81 %, 1950 MHz, 1950 MHz, 225.21 W, 64, P2, 0x0000000000000000
2026/08/26 20:49:11.615, 0, 20780 MiB, 82 %, 1950 MHz, 1950 MHz, 218.40 W, 64, P2, 0x0000000000000000
2026/08/26 20:49:12.616, 0, 20780 MiB, 79 %, 1950 MHz, 1950 MHz, 232.46 W, 64, P2, 0x0000000000000000
2026/08/26 20:49:13.616, 0, 20780 MiB, 83 %, 1950 MHz, 1950 MHz, 229.07 W, 64, P2, 0x0000000000000000
2026/08/26 20:49:14.616, 0, 20780 MiB, 82 %, 1950 MHz, 1950 MHz, 232.48 W, 64, P2, 0x0000000000000000
2026/08/26 20:49:15.616, 0, 20780 MiB, 83 %, 1950 MHz, 1950 MHz, 231.80 W, 64, P2, 0x0000000000000004
2026/08/26 20:49:16.616, 0, 20780 MiB, 80 %, 1950 MHz, 1950 MHz, 228.63 W, 65, P2, 0x0000000000000000
2026/08/26 20:49:17.617, 0, 20780 MiB, 83 %, 1950 MHz, 1950 MHz, 229.00 W, 64, P2, 0x0000000000000000
2026/08/26 20:49:18.617, 0, 20780 MiB, 80 %, 1950 MHz, 1950 MHz, 227.82 W, 64, P2, 0x0000000000000000
2026/08/26 20:49:19.617, 0, 20780 MiB, 81 %, 1950 MHz, 1950 MHz, 232.91 W, 65, P2, 0x0000000000000000
2026/08/26 20:49:20.617, 0, 402 MiB, 79 %, 1950 MHz, 1950 MHz, 216.29 W, 63, P2, 0x0000000000000000
2026/08/26 20:49:21.618, 0, 346 MiB, 0 %, 1950 MHz, 1950 MHz, 181.73 W, 62, P0, 0x0000000000000000
2026/08/26 20:49:22.618, 0, 346 MiB, 0 %, 1950 MHz, 1950 MHz, 161.63 W, 61, P2, 0x0000000000000000
2026/08/26 20:49:23.618, 0, 346 MiB, 17 %, 1950 MHz, 1950 MHz, 156.84 W, 61, P2, 0x0000000000000000
2026/08/26 20:49:24.618, 0, 346 MiB, 17 %, 1695 MHz, 1695 MHz, 132.91 W, 59, P2, 0x0000000000000000
2026/08/26 20:49:25.618, 0, 19044 MiB, 100 %, 1695 MHz, 1695 MHz, 125.34 W, 59, P2, 0x0000000000000000
2026/08/26 20:49:26.618, 0, 19044 MiB, 100 %, 1950 MHz, 1950 MHz, 150.78 W, 60, P2, 0x0000000000000000
2026/08/26 20:49:27.619, 0, 19044 MiB, 99 %, 1950 MHz, 1950 MHz, 155.24 W, 60, P2, 0x0000000000000000
2026/08/26 20:49:28.619, 0, 19044 MiB, 99 %, 1950 MHz, 1950 MHz, 155.29 W, 60, P2, 0x0000000000000000
2026/08/26 20:49:29.619, 0, 19044 MiB, 99 %, 1950 MHz, 1950 MHz, 155.27 W, 60, P2, 0x0000000000000000
2026/08/26 20:49:30.619, 0, 19044 MiB, 100 %, 1950 MHz, 1950 MHz, 155.07 W, 60, P2, 0x0000000000000000
2026/08/26 20:49:31.619, 0, 21094 MiB, 62 %, 1950 MHz, 1950 MHz, 157.58 W, 60, P2, 0x0000000000000000
2026/08/26 20:49:32.619, 0, 22270 MiB, 43 %, 1950 MHz, 1950 MHz, 168.07 W, 61, P2, 0x0000000000000000
2026/08/26 20:49:33.619, 0, 22270 MiB, 76 %, 1950 MHz, 1950 MHz, 304.02 W, 66, P2, 0x0000000000000004
2026/08/26 20:49:34.619, 0, 22270 MiB, 77 %, 1935 MHz, 1935 MHz, 322.42 W, 67, P2, 0x0000000000000004
2026/08/26 20:49:35.620, 0, 22270 MiB, 77 %, 1935 MHz, 1935 MHz, 294.34 W, 67, P2, 0x0000000000000004
2026/08/26 20:49:36.620, 0, 22270 MiB, 74 %, 1935 MHz, 1935 MHz, 323.78 W, 67, P2, 0x000000000000004C
2026/08/26 20:49:37.620, 0, 22270 MiB, 74 %, 1935 MHz, 1935 MHz, 292.95 W, 67, P2, 0x0000000000000004
2026/08/26 20:49:38.620, 0, 22270 MiB, 72 %, 1935 MHz, 1935 MHz, 325.67 W, 68, P2, 0x0000000000000004
2026/08/26 20:49:39.620, 0, 22286 MiB, 43 %, 1935 MHz, 1935 MHz, 295.71 W, 64, P2, 0x0000000000000004
2026/08/26 20:49:40.620, 0, 22286 MiB, 76 %, 1935 MHz, 1935 MHz, 307.03 W, 68, P2, 0x0000000000000004
2026/08/26 20:49:41.620, 0, 22286 MiB, 76 %, 1935 MHz, 1935 MHz, 329.72 W, 69, P2, 0x0000000000000004
2026/08/26 20:49:42.621, 0, 22286 MiB, 74 %, 1935 MHz, 1935 MHz, 287.49 W, 68, P2, 0x0000000000000004
2026/08/26 20:49:43.621, 0, 22286 MiB, 73 %, 1935 MHz, 1935 MHz, 325.60 W, 69, P2, 0x0000000000000004
2026/08/26 20:49:44.621, 0, 22292 MiB, 81 %, 1935 MHz, 1935 MHz, 247.32 W, 64, P2, 0x0000000000000000
2026/08/26 20:49:45.621, 0, 22292 MiB, 76 %, 1935 MHz, 1935 MHz, 295.23 W, 69, P2, 0x0000000000000004
2026/08/26 20:49:46.621, 0, 22292 MiB, 64 %, 1935 MHz, 1935 MHz, 327.54 W, 69, P2, 0x0000000000000004
2026/08/26 20:49:47.622, 0, 22292 MiB, 76 %, 1935 MHz, 1935 MHz, 291.56 W, 69, P2, 0x0000000000000004
2026/08/26 20:49:48.622, 0, 22292 MiB, 78 %, 1935 MHz, 1935 MHz, 327.73 W, 70, P2, 0x0000000000000004
2026/08/26 20:49:49.622, 0, 22292 MiB, 74 %, 1935 MHz, 1935 MHz, 291.58 W, 69, P2, 0x0000000000000004
2026/08/26 20:49:50.622, 0, 22292 MiB, 74 %, 1935 MHz, 1935 MHz, 329.10 W, 70, P2, 0x0000000000000004
2026/08/26 20:49:51.623, 0, 22292 MiB, 76 %, 1935 MHz, 1935 MHz, 296.63 W, 70, P2, 0x0000000000000004
2026/08/26 20:49:52.623, 0, 22292 MiB, 79 %, 1935 MHz, 1935 MHz, 330.20 W, 71, P2, 0x0000000000000004
2026/08/26 20:49:53.623, 0, 22292 MiB, 70 %, 1935 MHz, 1935 MHz, 301.26 W, 67, P2, 0x0000000000000004
2026/08/26 20:49:54.623, 0, 22292 MiB, 80 %, 1920 MHz, 1920 MHz, 327.78 W, 71, P2, 0x0000000000000004
2026/08/26 20:49:55.623, 0, 22292 MiB, 75 %, 1935 MHz, 1935 MHz, 329.47 W, 71, P2, 0x0000000000000004
2026/08/26 20:49:56.623, 0, 22292 MiB, 75 %, 1935 MHz, 1935 MHz, 300.16 W, 71, P2, 0x0000000000000004
2026/08/26 20:49:57.623, 0, 22292 MiB, 80 %, 1935 MHz, 1935 MHz, 333.99 W, 71, P2, 0x0000000000000004
2026/08/26 20:49:58.623, 0, 85 MiB, 100 %, 1935 MHz, 1935 MHz, 267.87 W, 67, P2, 0x0000000000000000
2026/08/26 20:49:59.660, 0, 1604 MiB, 0 %, 1935 MHz, 1935 MHz, 176.52 W, 65, P2, 0x0000000000000000
2026/08/26 20:50:00.660, 0, 346 MiB, 0 %, 1935 MHz, 1935 MHz, 159.40 W, 63, P2, 0x0000000000000000
2026/08/26 20:50:01.660, 0, 346 MiB, 0 %, 1695 MHz, 1695 MHz, 155.66 W, 62, P2, 0x0000000000000000
2026/08/26 20:50:02.660, 0, 18082 MiB, 0 %, 1695 MHz, 1695 MHz, 133.57 W, 61, P2, 0x0000000000000000
2026/08/26 20:50:03.661, 0, 18082 MiB, 100 %, 1950 MHz, 1950 MHz, 150.63 W, 63, P2, 0x0000000000000000
2026/08/26 20:50:04.661, 0, 18082 MiB, 100 %, 1950 MHz, 1950 MHz, 169.58 W, 63, P2, 0x0000000000000000
2026/08/26 20:50:05.661, 0, 18082 MiB, 100 %, 1950 MHz, 1950 MHz, 169.52 W, 62, P2, 0x0000000000000000
2026/08/26 20:50:06.661, 0, 18082 MiB, 100 %, 1950 MHz, 1950 MHz, 168.32 W, 62, P2, 0x0000000000000000
2026/08/26 20:50:07.661, 0, 18082 MiB, 99 %, 1950 MHz, 1950 MHz, 169.03 W, 62, P2, 0x0000000000000000
2026/08/26 20:50:08.661, 0, 18082 MiB, 99 %, 1950 MHz, 1950 MHz, 166.70 W, 62, P2, 0x0000000000000000
2026/08/26 20:50:09.661, 0, 18082 MiB, 100 %, 1950 MHz, 1950 MHz, 167.53 W, 62, P2, 0x0000000000000000
2026/08/26 20:50:10.662, 0, 18082 MiB, 99 %, 1950 MHz, 1950 MHz, 167.97 W, 61, P2, 0x0000000000000000
2026/08/26 20:50:11.662, 0, 18082 MiB, 99 %, 1950 MHz, 1950 MHz, 167.23 W, 61, P2, 0x0000000000000000
2026/08/26 20:50:12.662, 0, 21268 MiB, 18 %, 1950 MHz, 1950 MHz, 168.97 W, 61, P2, 0x0000000000000000
2026/08/26 20:50:13.662, 0, 21812 MiB, 48 %, 1950 MHz, 1950 MHz, 168.01 W, 61, P2, 0x0000000000000000
2026/08/26 20:50:14.662, 0, 21812 MiB, 69 %, 1950 MHz, 1950 MHz, 287.03 W, 66, P2, 0x0000000000000000
2026/08/26 20:50:15.662, 0, 21812 MiB, 63 %, 1935 MHz, 1935 MHz, 309.23 W, 67, P2, 0x0000000000000000
2026/08/26 20:50:16.662, 0, 21812 MiB, 72 %, 1935 MHz, 1935 MHz, 279.09 W, 67, P2, 0x0000000000000000
2026/08/26 20:50:17.663, 0, 21812 MiB, 70 %, 1935 MHz, 1935 MHz, 312.48 W, 67, P2, 0x0000000000000000
2026/08/26 20:50:18.663, 0, 21812 MiB, 69 %, 1935 MHz, 1935 MHz, 284.45 W, 67, P2, 0x0000000000000000
2026/08/26 20:50:19.663, 0, 21812 MiB, 70 %, 1935 MHz, 1935 MHz, 312.86 W, 68, P2, 0x0000000000000000
2026/08/26 20:50:20.663, 0, 21828 MiB, 68 %, 1935 MHz, 1935 MHz, 312.91 W, 68, P2, 0x0000000000000000
2026/08/26 20:50:21.664, 0, 21828 MiB, 66 %, 1935 MHz, 1935 MHz, 275.96 W, 68, P2, 0x0000000000000000
2026/08/26 20:50:22.664, 0, 21828 MiB, 71 %, 1935 MHz, 1935 MHz, 315.23 W, 68, P2, 0x0000000000000000
2026/08/26 20:50:23.664, 0, 21828 MiB, 38 %, 1935 MHz, 1935 MHz, 279.57 W, 65, P2, 0x0000000000000000
2026/08/26 20:50:24.664, 0, 21828 MiB, 70 %, 1935 MHz, 1935 MHz, 301.88 W, 69, P2, 0x0000000000000000
2026/08/26 20:50:25.664, 0, 21834 MiB, 27 %, 1935 MHz, 1935 MHz, 303.71 W, 66, P2, 0x0000000000000000
2026/08/26 20:50:26.665, 0, 21834 MiB, 68 %, 1935 MHz, 1935 MHz, 204.04 W, 67, P2, 0x0000000000000000
2026/08/26 20:50:27.665, 0, 21834 MiB, 64 %, 1935 MHz, 1935 MHz, 310.73 W, 68, P2, 0x0000000000000000
2026/08/26 20:50:28.665, 0, 21834 MiB, 66 %, 1935 MHz, 1935 MHz, 284.01 W, 68, P2, 0x0000000000000004
2026/08/26 20:50:29.665, 0, 21834 MiB, 69 %, 1935 MHz, 1935 MHz, 312.92 W, 69, P2, 0x0000000000000000
2026/08/26 20:50:30.665, 0, 21834 MiB, 67 %, 1935 MHz, 1935 MHz, 316.63 W, 69, P2, 0x0000000000000004
2026/08/26 20:50:31.666, 0, 21834 MiB, 66 %, 1935 MHz, 1935 MHz, 286.25 W, 69, P2, 0x0000000000000000
2026/08/26 20:50:32.666, 0, 21834 MiB, 65 %, 1935 MHz, 1935 MHz, 313.21 W, 69, P2, 0x0000000000000000
2026/08/26 20:50:33.666, 0, 21834 MiB, 71 %, 1935 MHz, 1935 MHz, 287.33 W, 69, P2, 0x0000000000000000
2026/08/26 20:50:34.666, 0, 21834 MiB, 64 %, 1935 MHz, 1935 MHz, 316.11 W, 69, P2, 0x0000000000000000
2026/08/26 20:50:35.667, 0, 21834 MiB, 51 %, 1935 MHz, 1935 MHz, 290.05 W, 67, P2, 0x0000000000000004
2026/08/26 20:50:36.667, 0, 21834 MiB, 71 %, 1935 MHz, 1935 MHz, 295.52 W, 70, P2, 0x0000000000000000
2026/08/26 20:50:37.667, 0, 21834 MiB, 69 %, 1935 MHz, 1935 MHz, 316.54 W, 70, P2, 0x0000000000000000
2026/08/26 20:50:38.667, 0, 21834 MiB, 66 %, 1935 MHz, 1935 MHz, 288.17 W, 69, P2, 0x0000000000000000
2026/08/26 20:50:39.667, 0, 21834 MiB, 73 %, 1935 MHz, 1935 MHz, 313.47 W, 70, P2, 0x0000000000000004
2026/08/26 20:50:40.668, 0, 414 MiB, 71 %, 1935 MHz, 1935 MHz, 320.84 W, 70, P2, 0x0000000000000004
2026/08/26 20:50:41.668, 0, 346 MiB, 0 %, 1935 MHz, 1935 MHz, 186.14 W, 65, P2, 0x0000000000000000
2026/08/26 20:50:42.668, 0, 346 MiB, 0 %, 1935 MHz, 1935 MHz, 163.12 W, 63, P2, 0x0000000000000000
2026/08/26 20:50:43.668, 0, 346 MiB, 0 %, 1695 MHz, 1695 MHz, 162.44 W, 63, P2, 0x0000000000000000
2026/08/26 20:50:44.668, 0, 17618 MiB, 0 %, 1695 MHz, 1695 MHz, 136.92 W, 61, P2, 0x0000000000000000
2026/08/26 20:50:45.669, 0, 17618 MiB, 100 %, 1950 MHz, 1950 MHz, 143.22 W, 62, P2, 0x0000000000000000
2026/08/26 20:50:46.669, 0, 17618 MiB, 100 %, 1950 MHz, 1950 MHz, 167.76 W, 62, P2, 0x0000000000000000
2026/08/26 20:50:47.669, 0, 17618 MiB, 100 %, 1950 MHz, 1950 MHz, 168.53 W, 62, P2, 0x0000000000000000
2026/08/26 20:50:48.669, 0, 17618 MiB, 100 %, 1950 MHz, 1950 MHz, 165.26 W, 62, P2, 0x0000000000000000
2026/08/26 20:50:49.669, 0, 17618 MiB, 100 %, 1950 MHz, 1950 MHz, 158.97 W, 61, P2, 0x0000000000000000
2026/08/26 20:50:50.670, 0, 17618 MiB, 99 %, 1950 MHz, 1950 MHz, 157.49 W, 61, P2, 0x0000000000000000
2026/08/26 20:50:51.670, 0, 18762 MiB, 99 %, 1950 MHz, 1950 MHz, 157.07 W, 61, P2, 0x0000000000000000
2026/08/26 20:50:52.670, 0, 20250 MiB, 100 %, 1950 MHz, 1950 MHz, 158.70 W, 60, P2, 0x0000000000000000
2026/08/26 20:50:53.670, 0, 20276 MiB, 67 %, 1950 MHz, 1950 MHz, 232.35 W, 66, P2, 0x0000000000000000
2026/08/26 20:50:54.670, 0, 20276 MiB, 72 %, 1935 MHz, 1935 MHz, 307.99 W, 66, P2, 0x0000000000000000
2026/08/26 20:50:55.671, 0, 20276 MiB, 65 %, 1935 MHz, 1935 MHz, 280.18 W, 66, P2, 0x0000000000000000
2026/08/26 20:50:56.671, 0, 20276 MiB, 66 %, 1935 MHz, 1935 MHz, 308.39 W, 67, P2, 0x0000000000000000
2026/08/26 20:50:57.671, 0, 20276 MiB, 42 %, 1935 MHz, 1935 MHz, 294.72 W, 64, P2, 0x0000000000000000
2026/08/26 20:50:58.671, 0, 20276 MiB, 69 %, 1935 MHz, 1935 MHz, 285.15 W, 68, P2, 0x0000000000000000
2026/08/26 20:50:59.672, 0, 20276 MiB, 72 %, 1935 MHz, 1935 MHz, 314.41 W, 68, P2, 0x0000000000000000
2026/08/26 20:51:00.672, 0, 20276 MiB, 65 %, 1935 MHz, 1935 MHz, 278.97 W, 68, P2, 0x0000000000000000
2026/08/26 20:51:01.672, 0, 20276 MiB, 65 %, 1935 MHz, 1935 MHz, 309.35 W, 68, P2, 0x0000000000000000
2026/08/26 20:51:02.672, 0, 20276 MiB, 42 %, 1935 MHz, 1935 MHz, 296.61 W, 65, P2, 0x0000000000000004
2026/08/26 20:51:03.672, 0, 20276 MiB, 67 %, 1935 MHz, 1935 MHz, 280.67 W, 68, P2, 0x0000000000000000
2026/08/26 20:51:04.673, 0, 20284 MiB, 68 %, 1935 MHz, 1935 MHz, 310.62 W, 69, P2, 0x0000000000000000
2026/08/26 20:51:05.673, 0, 20288 MiB, 99 %, 1935 MHz, 1935 MHz, 220.02 W, 64, P2, 0x0000000000000000
2026/08/26 20:51:06.673, 0, 20288 MiB, 72 %, 1935 MHz, 1935 MHz, 295.73 W, 68, P2, 0x0000000000000000
2026/08/26 20:51:07.673, 0, 20288 MiB, 69 %, 1935 MHz, 1935 MHz, 308.94 W, 69, P2, 0x0000000000000000
2026/08/26 20:51:08.673, 0, 20288 MiB, 68 %, 1935 MHz, 1935 MHz, 283.28 W, 69, P2, 0x0000000000000000
2026/08/26 20:51:09.674, 0, 20288 MiB, 72 %, 1935 MHz, 1935 MHz, 312.48 W, 69, P2, 0x0000000000000000
2026/08/26 20:51:10.674, 0, 20288 MiB, 67 %, 1935 MHz, 1935 MHz, 279.52 W, 68, P2, 0x0000000000000000
2026/08/26 20:51:11.674, 0, 20288 MiB, 68 %, 1935 MHz, 1935 MHz, 311.17 W, 69, P2, 0x0000000000000000
2026/08/26 20:51:12.674, 0, 20288 MiB, 66 %, 1935 MHz, 1935 MHz, 284.69 W, 68, P2, 0x0000000000000004
2026/08/26 20:51:13.674, 0, 20288 MiB, 68 %, 1935 MHz, 1935 MHz, 313.66 W, 69, P2, 0x0000000000000000
2026/08/26 20:51:14.674, 0, 20288 MiB, 68 %, 1935 MHz, 1935 MHz, 304.97 W, 70, P2, 0x0000000000000000
2026/08/26 20:51:15.674, 0, 20288 MiB, 70 %, 1935 MHz, 1935 MHz, 282.06 W, 70, P2, 0x0000000000000000
2026/08/26 20:51:16.675, 0, 20288 MiB, 67 %, 1935 MHz, 1935 MHz, 313.18 W, 70, P2, 0x0000000000000000
2026/08/26 20:51:17.675, 0, 20288 MiB, 71 %, 1935 MHz, 1935 MHz, 286.23 W, 69, P2, 0x0000000000000000
2026/08/26 20:51:18.675, 0, 20288 MiB, 72 %, 1935 MHz, 1935 MHz, 314.21 W, 70, P2, 0x0000000000000000
2026/08/26 20:51:19.675, 0, 82 MiB, 0 %, 1935 MHz, 1935 MHz, 283.44 W, 66, P2, 0x0000000000000000
2026/08/26 20:51:20.675, 0, 346 MiB, 0 %, 1935 MHz, 1935 MHz, 175.27 W, 64, P2, 0x0000000000000000
2026/08/26 20:51:21.675, 0, 346 MiB, 0 %, 1935 MHz, 1935 MHz, 158.98 W, 63, P2, 0x0000000000000000
2026/08/26 20:51:22.676, 0, 346 MiB, 0 %, 1695 MHz, 1695 MHz, 152.90 W, 62, P2, 0x0000000000000000
2026/08/26 20:51:23.676, 0, 20144 MiB, 100 %, 1695 MHz, 1695 MHz, 132.28 W, 61, P2, 0x0000000000000000
2026/08/26 20:51:24.676, 0, 20144 MiB, 100 %, 1950 MHz, 1950 MHz, 161.46 W, 62, P2, 0x0000000000000000
2026/08/26 20:51:25.676, 0, 20144 MiB, 100 %, 1950 MHz, 1950 MHz, 165.22 W, 62, P2, 0x0000000000000000
2026/08/26 20:51:26.676, 0, 20144 MiB, 100 %, 1950 MHz, 1950 MHz, 164.57 W, 62, P2, 0x0000000000000000
2026/08/26 20:51:27.676, 0, 20144 MiB, 99 %, 1950 MHz, 1950 MHz, 162.51 W, 61, P2, 0x0000000000000000
2026/08/26 20:51:28.677, 0, 20144 MiB, 100 %, 1950 MHz, 1950 MHz, 157.64 W, 61, P2, 0x0000000000000000
2026/08/26 20:51:29.677, 0, 20144 MiB, 100 %, 1950 MHz, 1950 MHz, 157.34 W, 61, P2, 0x0000000000000000
2026/08/26 20:51:30.677, 0, 20786 MiB, 100 %, 1950 MHz, 1950 MHz, 157.20 W, 61, P2, 0x0000000000000000
2026/08/26 20:51:31.677, 0, 20816 MiB, 80 %, 1950 MHz, 1950 MHz, 225.80 W, 65, P2, 0x0000000000000004
2026/08/26 20:51:32.677, 0, 20816 MiB, 75 %, 1950 MHz, 1950 MHz, 280.00 W, 66, P2, 0x0000000000000000
2026/08/26 20:51:33.677, 0, 20816 MiB, 80 %, 1935 MHz, 1935 MHz, 282.27 W, 67, P2, 0x0000000000000000
2026/08/26 20:51:34.677, 0, 20816 MiB, 77 %, 1935 MHz, 1935 MHz, 282.86 W, 67, P2, 0x0000000000000000
2026/08/26 20:51:35.677, 0, 20816 MiB, 76 %, 1935 MHz, 1935 MHz, 277.45 W, 67, P2, 0x0000000000000000
2026/08/26 20:51:36.678, 0, 20816 MiB, 78 %, 1935 MHz, 1935 MHz, 326.90 W, 68, P2, 0x0000000000000000
2026/08/26 20:51:37.678, 0, 20816 MiB, 76 %, 1935 MHz, 1935 MHz, 327.31 W, 69, P2, 0x0000000000000000
2026/08/26 20:51:38.678, 0, 20816 MiB, 77 %, 1935 MHz, 1935 MHz, 293.39 W, 69, P2, 0x0000000000000000
2026/08/26 20:51:39.678, 0, 20816 MiB, 78 %, 1935 MHz, 1935 MHz, 319.42 W, 69, P2, 0x0000000000000000
2026/08/26 20:51:40.678, 0, 20816 MiB, 76 %, 1935 MHz, 1935 MHz, 302.78 W, 67, P2, 0x0000000000000000
2026/08/26 20:51:41.678, 0, 20816 MiB, 78 %, 1935 MHz, 1935 MHz, 276.90 W, 68, P2, 0x0000000000000000
2026/08/26 20:51:42.678, 0, 20816 MiB, 78 %, 1935 MHz, 1935 MHz, 308.33 W, 69, P2, 0x0000000000000000
2026/08/26 20:51:43.679, 0, 20816 MiB, 77 %, 1935 MHz, 1935 MHz, 311.28 W, 69, P2, 0x0000000000000000
2026/08/26 20:51:44.679, 0, 20816 MiB, 76 %, 1935 MHz, 1935 MHz, 280.66 W, 69, P2, 0x0000000000000000
2026/08/26 20:51:45.679, 0, 20816 MiB, 76 %, 1935 MHz, 1935 MHz, 294.52 W, 68, P2, 0x0000000000000000
2026/08/26 20:51:46.679, 0, 20816 MiB, 81 %, 1935 MHz, 1935 MHz, 306.75 W, 70, P2, 0x0000000000000000
2026/08/26 20:51:47.679, 0, 20824 MiB, 70 %, 1935 MHz, 1935 MHz, 296.38 W, 66, P2, 0x0000000000000000
2026/08/26 20:51:48.679, 0, 20824 MiB, 76 %, 1935 MHz, 1935 MHz, 241.47 W, 67, P2, 0x0000000000000000
2026/08/26 20:51:49.679, 0, 20824 MiB, 77 %, 1935 MHz, 1935 MHz, 270.06 W, 68, P2, 0x0000000000000000
2026/08/26 20:51:50.680, 0, 20824 MiB, 78 %, 1935 MHz, 1935 MHz, 276.46 W, 68, P2, 0x0000000000000000
2026/08/26 20:51:51.680, 0, 20824 MiB, 80 %, 1935 MHz, 1935 MHz, 266.97 W, 67, P2, 0x0000000000000000
2026/08/26 20:51:52.680, 0, 20824 MiB, 85 %, 1935 MHz, 1935 MHz, 241.75 W, 66, P2, 0x0000000000000000
2026/08/26 20:51:53.680, 0, 20824 MiB, 77 %, 1935 MHz, 1935 MHz, 246.80 W, 67, P2, 0x0000000000000000
2026/08/26 20:51:54.680, 0, 20824 MiB, 78 %, 1935 MHz, 1935 MHz, 299.38 W, 69, P2, 0x0000000000000000
2026/08/26 20:51:55.680, 0, 20824 MiB, 79 %, 1935 MHz, 1935 MHz, 293.47 W, 69, P2, 0x0000000000000000
2026/08/26 20:51:56.680, 0, 20824 MiB, 69 %, 1935 MHz, 1935 MHz, 282.44 W, 69, P2, 0x0000000000000000
2026/08/26 20:51:57.681, 0, 20824 MiB, 82 %, 1935 MHz, 1935 MHz, 271.24 W, 69, P2, 0x0000000000000000
2026/08/26 20:51:58.681, 0, 20824 MiB, 77 %, 1935 MHz, 1935 MHz, 264.79 W, 68, P2, 0x0000000000000000
2026/08/26 20:51:59.681, 0, 20824 MiB, 79 %, 1935 MHz, 1935 MHz, 269.60 W, 67, P2, 0x0000000000000000
2026/08/26 20:52:00.681, 0, 20824 MiB, 70 %, 1935 MHz, 1935 MHz, 267.68 W, 67, P2, 0x0000000000000000
2026/08/26 20:52:01.681, 0, 20824 MiB, 77 %, 1935 MHz, 1935 MHz, 277.31 W, 69, P2, 0x0000000000000000
2026/08/26 20:52:02.682, 0, 20824 MiB, 78 %, 1935 MHz, 1935 MHz, 330.01 W, 71, P2, 0x0000000000000004
2026/08/26 20:52:03.682, 0, 20824 MiB, 77 %, 1935 MHz, 1935 MHz, 322.21 W, 71, P2, 0x0000000000000000
2026/08/26 20:52:04.682, 0, 20824 MiB, 79 %, 1935 MHz, 1935 MHz, 291.98 W, 71, P2, 0x0000000000000004
2026/08/26 20:52:05.682, 0, 20824 MiB, 77 %, 1935 MHz, 1935 MHz, 327.51 W, 71, P2, 0x0000000000000004
2026/08/26 20:52:06.682, 0, 20824 MiB, 77 %, 1935 MHz, 1935 MHz, 312.67 W, 71, P2, 0x0000000000000004
2026/08/26 20:52:07.683, 0, 20824 MiB, 78 %, 1935 MHz, 1935 MHz, 288.19 W, 70, P2, 0x0000000000000004
2026/08/26 20:52:08.683, 0, 20824 MiB, 77 %, 1935 MHz, 1935 MHz, 306.02 W, 71, P2, 0x0000000000000004
2026/08/26 20:52:09.683, 0, 20824 MiB, 79 %, 1920 MHz, 1920 MHz, 331.81 W, 72, P2, 0x0000000000000000
2026/08/26 20:52:10.683, 0, 346 MiB, 15 %, 1920 MHz, 1920 MHz, 221.46 W, 67, P0, 0x0000000000000024
2026/08/26 20:52:11.915, 0, 346 MiB, 0 %, 1935 MHz, 1935 MHz, 173.17 W, 65, P2, 0x0000000000000000
2026/08/26 20:52:12.915, 0, 346 MiB, 6 %, 1935 MHz, 1935 MHz, 167.95 W, 64, P2, 0x0000000000000000
2026/08/26 20:52:13.915, 0, 20144 MiB, 0 %, 1695 MHz, 1695 MHz, 148.51 W, 62, P2, 0x0000000000000000
2026/08/26 20:52:14.915, 0, 20144 MiB, 100 %, 1935 MHz, 1935 MHz, 146.62 W, 63, P2, 0x0000000000000000
2026/08/26 20:52:15.916, 0, 20144 MiB, 100 %, 1935 MHz, 1935 MHz, 170.52 W, 63, P2, 0x0000000000000000
2026/08/26 20:52:16.916, 0, 20144 MiB, 100 %, 1935 MHz, 1935 MHz, 168.88 W, 63, P2, 0x0000000000000000
2026/08/26 20:52:17.916, 0, 20144 MiB, 100 %, 1935 MHz, 1935 MHz, 169.81 W, 63, P2, 0x0000000000000000
2026/08/26 20:52:18.916, 0, 20144 MiB, 99 %, 1935 MHz, 1935 MHz, 168.69 W, 62, P2, 0x0000000000000000
2026/08/26 20:52:19.916, 0, 20144 MiB, 100 %, 1935 MHz, 1935 MHz, 167.69 W, 62, P2, 0x0000000000000000
2026/08/26 20:52:20.917, 0, 20144 MiB, 99 %, 1935 MHz, 1935 MHz, 167.06 W, 62, P2, 0x0000000000000000
2026/08/26 20:52:21.917, 0, 20144 MiB, 100 %, 1935 MHz, 1935 MHz, 167.87 W, 62, P2, 0x0000000000000000
2026/08/26 20:52:22.917, 0, 20144 MiB, 100 %, 1935 MHz, 1935 MHz, 168.59 W, 62, P2, 0x0000000000000000
2026/08/26 20:52:23.917, 0, 20144 MiB, 99 %, 1950 MHz, 1950 MHz, 167.35 W, 61, P2, 0x0000000000000000
2026/08/26 20:52:24.917, 0, 20144 MiB, 100 %, 1950 MHz, 1950 MHz, 166.88 W, 61, P2, 0x0000000000000000
2026/08/26 20:52:25.918, 0, 20802 MiB, 53 %, 1950 MHz, 1950 MHz, 169.29 W, 62, P2, 0x0000000000000000
2026/08/26 20:52:26.918, 0, 20816 MiB, 78 %, 1950 MHz, 1950 MHz, 237.18 W, 66, P2, 0x0000000000000000
2026/08/26 20:52:27.918, 0, 20816 MiB, 77 %, 1935 MHz, 1935 MHz, 323.76 W, 68, P2, 0x0000000000000000
2026/08/26 20:52:28.918, 0, 20818 MiB, 78 %, 1935 MHz, 1935 MHz, 325.88 W, 68, P2, 0x0000000000000000
2026/08/26 20:52:29.918, 0, 20822 MiB, 80 %, 1935 MHz, 1935 MHz, 234.59 W, 65, P2, 0x0000000000000000
2026/08/26 20:52:30.920, 0, 20822 MiB, 77 %, 1935 MHz, 1935 MHz, 316.11 W, 68, P2, 0x0000000000000000
2026/08/26 20:52:31.920, 0, 20822 MiB, 78 %, 1935 MHz, 1935 MHz, 325.40 W, 69, P2, 0x0000000000000000
2026/08/26 20:52:32.920, 0, 20822 MiB, 99 %, 1920 MHz, 1920 MHz, 273.57 W, 65, P2, 0x0000000000000004
2026/08/26 20:52:33.920, 0, 20822 MiB, 81 %, 1935 MHz, 1935 MHz, 282.90 W, 69, P2, 0x0000000000000000
2026/08/26 20:52:34.920, 0, 20822 MiB, 74 %, 1935 MHz, 1935 MHz, 329.51 W, 69, P2, 0x0000000000000000
2026/08/26 20:52:35.921, 0, 20824 MiB, 75 %, 1935 MHz, 1935 MHz, 287.84 W, 67, P2, 0x0000000000000004
2026/08/26 20:52:36.921, 0, 20824 MiB, 78 %, 1935 MHz, 1935 MHz, 280.54 W, 69, P2, 0x0000000000000000
2026/08/26 20:52:37.922, 0, 20824 MiB, 77 %, 1935 MHz, 1935 MHz, 329.15 W, 70, P2, 0x0000000000000000
2026/08/26 20:52:38.922, 0, 20824 MiB, 58 %, 1935 MHz, 1935 MHz, 292.32 W, 66, P2, 0x0000000000000000
2026/08/26 20:52:39.923, 0, 20824 MiB, 78 %, 1935 MHz, 1935 MHz, 276.76 W, 69, P2, 0x0000000000000000
2026/08/26 20:52:40.924, 0, 20824 MiB, 77 %, 1935 MHz, 1935 MHz, 330.26 W, 70, P2, 0x0000000000000000
2026/08/26 20:52:41.924, 0, 20824 MiB, 43 %, 1935 MHz, 1935 MHz, 310.76 W, 68, P2, 0x0000000000000004
2026/08/26 20:52:42.924, 0, 20824 MiB, 98 %, 1935 MHz, 1935 MHz, 220.59 W, 65, P2, 0x0000000000000000
2026/08/26 20:52:43.924, 0, 20824 MiB, 78 %, 1935 MHz, 1935 MHz, 325.37 W, 70, P2, 0x0000000000000000
2026/08/26 20:52:44.925, 0, 20824 MiB, 77 %, 1935 MHz, 1935 MHz, 329.55 W, 70, P2, 0x0000000000000000
2026/08/26 20:52:45.925, 0, 20824 MiB, 100 %, 1755 MHz, 1755 MHz, 270.01 W, 67, P2, 0x0000000000000004
2026/08/26 20:52:46.925, 0, 20824 MiB, 77 %, 1935 MHz, 1935 MHz, 298.72 W, 70, P2, 0x0000000000000000
2026/08/26 20:52:47.925, 0, 20824 MiB, 78 %, 1935 MHz, 1935 MHz, 329.05 W, 71, P2, 0x0000000000000000
2026/08/26 20:52:48.926, 0, 20824 MiB, 77 %, 1935 MHz, 1935 MHz, 297.80 W, 70, P2, 0x0000000000000004
2026/08/26 20:52:49.926, 0, 20824 MiB, 78 %, 1935 MHz, 1935 MHz, 331.27 W, 71, P2, 0x0000000000000004
2026/08/26 20:52:50.926, 0, 20824 MiB, 76 %, 1935 MHz, 1935 MHz, 330.52 W, 71, P2, 0x0000000000000000
2026/08/26 20:52:51.927, 0, 20824 MiB, 100 %, 1920 MHz, 1920 MHz, 277.00 W, 70, P2, 0x0000000000000004
2026/08/26 20:52:52.928, 0, 20824 MiB, 77 %, 1935 MHz, 1935 MHz, 280.58 W, 71, P2, 0x0000000000000000
2026/08/26 20:52:53.928, 0, 20824 MiB, 74 %, 1935 MHz, 1935 MHz, 328.92 W, 71, P2, 0x0000000000000000
2026/08/26 20:52:54.928, 0, 20824 MiB, 81 %, 1920 MHz, 1920 MHz, 295.67 W, 68, P2, 0x0000000000000004
2026/08/26 20:52:55.928, 0, 20824 MiB, 77 %, 1935 MHz, 1935 MHz, 271.09 W, 71, P2, 0x0000000000000000
2026/08/26 20:52:56.928, 0, 20824 MiB, 77 %, 1920 MHz, 1920 MHz, 330.74 W, 71, P2, 0x0000000000000000
2026/08/26 20:52:57.929, 0, 20824 MiB, 14 %, 1920 MHz, 1920 MHz, 321.63 W, 72, P2, 0x0000000000000000
2026/08/26 20:52:58.929, 0, 20824 MiB, 78 %, 1920 MHz, 1920 MHz, 253.53 W, 71, P2, 0x0000000000000000
2026/08/26 20:52:59.929, 0, 20824 MiB, 77 %, 1920 MHz, 1920 MHz, 333.29 W, 72, P2, 0x0000000000000000
2026/08/26 20:53:00.930, 0, 392 MiB, 78 %, 1920 MHz, 1920 MHz, 332.15 W, 72, P2, 0x0000000000000000
2026/08/26 20:53:01.931, 0, 346 MiB, 2 %, 1920 MHz, 1920 MHz, 208.07 W, 67, P0, 0x0000000000000000
2026/08/26 20:53:02.931, 0, 346 MiB, 0 %, 1935 MHz, 1935 MHz, 172.01 W, 65, P2, 0x0000000000000000
2026/08/26 20:53:03.931, 0, 598 MiB, 0 %, 1935 MHz, 1935 MHz, 169.85 W, 64, P2, 0x0000000000000000
2026/08/26 20:53:04.931, 0, 20144 MiB, 0 %, 1695 MHz, 1695 MHz, 145.57 W, 62, P2, 0x0000000000000000
2026/08/26 20:53:05.931, 0, 20144 MiB, 100 %, 1935 MHz, 1935 MHz, 150.29 W, 63, P2, 0x0000000000000000
2026/08/26 20:53:06.932, 0, 20144 MiB, 99 %, 1935 MHz, 1935 MHz, 169.60 W, 63, P2, 0x0000000000000000
2026/08/26 20:53:07.932, 0, 20144 MiB, 100 %, 1935 MHz, 1935 MHz, 169.56 W, 63, P2, 0x0000000000000000
2026/08/26 20:53:08.932, 0, 20144 MiB, 100 %, 1935 MHz, 1935 MHz, 168.95 W, 63, P2, 0x0000000000000000
2026/08/26 20:53:09.932, 0, 20144 MiB, 100 %, 1935 MHz, 1935 MHz, 169.38 W, 63, P2, 0x0000000000000000
2026/08/26 20:53:10.932, 0, 20144 MiB, 99 %, 1935 MHz, 1935 MHz, 168.37 W, 62, P2, 0x0000000000000000
2026/08/26 20:53:11.932, 0, 20144 MiB, 100 %, 1935 MHz, 1935 MHz, 167.35 W, 62, P2, 0x0000000000000000
2026/08/26 20:53:12.934, 0, 20144 MiB, 100 %, 1935 MHz, 1935 MHz, 168.82 W, 62, P2, 0x0000000000000000
2026/08/26 20:53:13.934, 0, 20144 MiB, 100 %, 1935 MHz, 1935 MHz, 167.38 W, 62, P2, 0x0000000000000000
2026/08/26 20:53:14.934, 0, 20144 MiB, 100 %, 1935 MHz, 1935 MHz, 167.90 W, 62, P2, 0x0000000000000000
2026/08/26 20:53:15.934, 0, 20144 MiB, 99 %, 1935 MHz, 1935 MHz, 167.37 W, 61, P2, 0x0000000000000000
2026/08/26 20:53:16.934, 0, 20802 MiB, 99 %, 1950 MHz, 1950 MHz, 165.96 W, 61, P2, 0x0000000000000000
2026/08/26 20:53:17.942, 0, 20816 MiB, 80 %, 1935 MHz, 1935 MHz, 261.22 W, 67, P2, 0x0000000000000000
2026/08/26 20:53:18.942, 0, 20816 MiB, 80 %, 1935 MHz, 1935 MHz, 326.23 W, 67, P2, 0x0000000000000000
2026/08/26 20:53:19.942, 0, 20820 MiB, 42 %, 1935 MHz, 1935 MHz, 298.95 W, 66, P2, 0x0000000000000000
2026/08/26 20:53:20.942, 0, 20820 MiB, 79 %, 1935 MHz, 1935 MHz, 282.32 W, 68, P2, 0x0000000000000000
2026/08/26 20:53:21.943, 0, 20820 MiB, 77 %, 1935 MHz, 1935 MHz, 325.52 W, 69, P2, 0x0000000000000000
2026/08/26 20:53:22.945, 0, 20820 MiB, 42 %, 1935 MHz, 1935 MHz, 290.98 W, 66, P2, 0x0000000000000000
2026/08/26 20:53:23.946, 0, 20820 MiB, 78 %, 1935 MHz, 1935 MHz, 293.94 W, 69, P2, 0x0000000000000000
2026/08/26 20:53:24.946, 0, 20820 MiB, 78 %, 1935 MHz, 1935 MHz, 326.26 W, 69, P2, 0x0000000000000000
2026/08/26 20:53:25.948, 0, 20820 MiB, 65 %, 1935 MHz, 1935 MHz, 287.97 W, 65, P2, 0x0000000000000000
2026/08/26 20:53:26.949, 0, 20820 MiB, 77 %, 1935 MHz, 1935 MHz, 312.45 W, 69, P2, 0x0000000000000000
2026/08/26 20:53:27.949, 0, 20820 MiB, 75 %, 1935 MHz, 1935 MHz, 331.12 W, 70, P2, 0x0000000000000000
2026/08/26 20:53:28.950, 0, 20820 MiB, 60 %, 1935 MHz, 1935 MHz, 287.68 W, 67, P2, 0x0000000000000000
2026/08/26 20:53:29.951, 0, 20820 MiB, 78 %, 1935 MHz, 1935 MHz, 317.09 W, 70, P2, 0x0000000000000004
2026/08/26 20:53:30.952, 0, 20820 MiB, 79 %, 1935 MHz, 1935 MHz, 325.55 W, 70, P2, 0x0000000000000004
2026/08/26 20:53:31.953, 0, 20826 MiB, 100 %, 1920 MHz, 1920 MHz, 272.60 W, 66, P2, 0x0000000000000004
2026/08/26 20:53:32.953, 0, 20826 MiB, 78 %, 1935 MHz, 1935 MHz, 296.57 W, 70, P2, 0x0000000000000000
2026/08/26 20:53:33.954, 0, 20826 MiB, 78 %, 1935 MHz, 1935 MHz, 320.43 W, 70, P2, 0x0000000000000004
2026/08/26 20:53:34.956, 0, 20826 MiB, 57 %, 1935 MHz, 1935 MHz, 306.49 W, 68, P2, 0x0000000000000004
2026/08/26 20:53:35.957, 0, 20826 MiB, 78 %, 1935 MHz, 1935 MHz, 314.28 W, 71, P2, 0x0000000000000000
2026/08/26 20:53:36.958, 0, 20826 MiB, 78 %, 1935 MHz, 1935 MHz, 332.35 W, 71, P2, 0x0000000000000000
2026/08/26 20:53:37.959, 0, 20826 MiB, 74 %, 1920 MHz, 1920 MHz, 296.08 W, 68, P2, 0x0000000000000004
2026/08/26 20:53:38.960, 0, 20826 MiB, 77 %, 1920 MHz, 1920 MHz, 327.64 W, 71, P2, 0x0000000000000000
2026/08/26 20:53:39.961, 0, 20826 MiB, 77 %, 1920 MHz, 1920 MHz, 331.56 W, 71, P2, 0x0000000000000000
2026/08/26 20:53:40.963, 0, 20826 MiB, 77 %, 1920 MHz, 1920 MHz, 293.95 W, 70, P2, 0x0000000000000004
2026/08/26 20:53:41.964, 0, 20826 MiB, 80 %, 1920 MHz, 1920 MHz, 331.80 W, 72, P2, 0x0000000000000000
2026/08/26 20:53:42.965, 0, 20826 MiB, 77 %, 1920 MHz, 1920 MHz, 334.67 W, 72, P2, 0x0000000000000000
2026/08/26 20:53:43.966, 0, 20826 MiB, 77 %, 1920 MHz, 1920 MHz, 296.76 W, 72, P2, 0x0000000000000000
2026/08/26 20:53:44.967, 0, 20826 MiB, 79 %, 1920 MHz, 1920 MHz, 334.72 W, 72, P2, 0x0000000000000000
2026/08/26 20:53:45.968, 0, 20826 MiB, 77 %, 1920 MHz, 1920 MHz, 333.79 W, 73, P2, 0x0000000000000000
2026/08/26 20:53:46.969, 0, 20826 MiB, 77 %, 1920 MHz, 1920 MHz, 299.94 W, 72, P2, 0x0000000000000000
2026/08/26 20:53:47.970, 0, 20826 MiB, 78 %, 1920 MHz, 1920 MHz, 334.98 W, 73, P2, 0x0000000000000000
2026/08/26 20:53:48.970, 0, 394 MiB, 77 %, 1920 MHz, 1920 MHz, 335.34 W, 73, P2, 0x0000000000000000
2026/08/26 20:53:49.970, 0, 598 MiB, 0 %, 1920 MHz, 1920 MHz, 184.27 W, 67, P2, 0x0000000000000000
2026/08/26 20:53:50.970, 0, 346 MiB, 0 %, 1935 MHz, 1935 MHz, 169.63 W, 65, P2, 0x0000000000000000
2026/08/26 20:53:51.972, 0, 346 MiB, 0 %, 1695 MHz, 1695 MHz, 167.15 W, 64, P2, 0x0000000000000000
2026/08/26 20:53:52.972, 0, 19362 MiB, 0 %, 1695 MHz, 1695 MHz, 135.79 W, 62, P2, 0x0000000000000000
2026/08/26 20:53:53.972, 0, 19362 MiB, 100 %, 1935 MHz, 1935 MHz, 149.40 W, 63, P2, 0x0000000000000000
2026/08/26 20:53:54.972, 0, 19362 MiB, 100 %, 1935 MHz, 1935 MHz, 171.08 W, 63, P2, 0x0000000000000000
2026/08/26 20:53:55.972, 0, 19362 MiB, 99 %, 1935 MHz, 1935 MHz, 170.60 W, 63, P2, 0x0000000000000000
2026/08/26 20:53:56.972, 0, 19362 MiB, 100 %, 1935 MHz, 1935 MHz, 170.26 W, 63, P2, 0x0000000000000000
2026/08/26 20:53:57.972, 0, 19362 MiB, 100 %, 1935 MHz, 1935 MHz, 170.59 W, 63, P2, 0x0000000000000000
2026/08/26 20:53:58.973, 0, 19362 MiB, 100 %, 1935 MHz, 1935 MHz, 169.05 W, 62, P2, 0x0000000000000000
2026/08/26 20:53:59.973, 0, 19362 MiB, 99 %, 1935 MHz, 1935 MHz, 168.98 W, 62, P2, 0x0000000000000000
2026/08/26 20:54:00.973, 0, 19362 MiB, 99 %, 1935 MHz, 1935 MHz, 169.21 W, 62, P2, 0x0000000000000000
2026/08/26 20:54:01.973, 0, 19362 MiB, 100 %, 1935 MHz, 1935 MHz, 168.40 W, 62, P2, 0x0000000000000000
2026/08/26 20:54:02.973, 0, 19362 MiB, 100 %, 1935 MHz, 1935 MHz, 168.60 W, 62, P2, 0x0000000000000000
2026/08/26 20:54:03.973, 0, 19362 MiB, 99 %, 1935 MHz, 1935 MHz, 167.31 W, 61, P2, 0x0000000000000024
2026/08/26 20:54:04.974, 0, 20742 MiB, 24 %, 1950 MHz, 1950 MHz, 167.78 W, 61, P2, 0x0000000000000000
2026/08/26 20:54:05.975, 0, 20764 MiB, 80 %, 1950 MHz, 1950 MHz, 178.55 W, 62, P2, 0x0000000000000004
2026/08/26 20:54:06.975, 0, 20764 MiB, 83 %, 1950 MHz, 1950 MHz, 205.30 W, 62, P2, 0x0000000000000000
2026/08/26 20:54:07.975, 0, 20764 MiB, 84 %, 1950 MHz, 1950 MHz, 205.67 W, 62, P2, 0x0000000000000000
2026/08/26 20:54:08.976, 0, 20764 MiB, 83 %, 1950 MHz, 1950 MHz, 205.24 W, 62, P2, 0x0000000000000000
2026/08/26 20:54:09.976, 0, 20764 MiB, 83 %, 1950 MHz, 1950 MHz, 205.42 W, 62, P2, 0x0000000000000000
2026/08/26 20:54:10.976, 0, 20764 MiB, 84 %, 1950 MHz, 1950 MHz, 206.60 W, 62, P2, 0x0000000000000000
2026/08/26 20:54:11.977, 0, 20764 MiB, 84 %, 1950 MHz, 1950 MHz, 205.14 W, 62, P2, 0x0000000000000000
2026/08/26 20:54:12.977, 0, 20764 MiB, 84 %, 1950 MHz, 1950 MHz, 205.63 W, 62, P2, 0x0000000000000000
2026/08/26 20:54:13.977, 0, 20764 MiB, 83 %, 1950 MHz, 1950 MHz, 205.01 W, 62, P2, 0x0000000000000000
2026/08/26 20:54:14.978, 0, 20764 MiB, 82 %, 1950 MHz, 1950 MHz, 205.44 W, 62, P2, 0x0000000000000000
2026/08/26 20:54:15.980, 0, 20764 MiB, 83 %, 1950 MHz, 1950 MHz, 204.63 W, 62, P2, 0x0000000000000000
2026/08/26 20:54:16.981, 0, 20764 MiB, 85 %, 1950 MHz, 1950 MHz, 204.09 W, 62, P2, 0x0000000000000000
2026/08/26 20:54:17.981, 0, 20764 MiB, 83 %, 1950 MHz, 1950 MHz, 204.99 W, 62, P2, 0x0000000000000000
2026/08/26 20:54:18.982, 0, 20764 MiB, 84 %, 1950 MHz, 1950 MHz, 205.01 W, 62, P2, 0x0000000000000000
2026/08/26 20:54:19.983, 0, 20764 MiB, 83 %, 1950 MHz, 1950 MHz, 205.19 W, 61, P2, 0x0000000000000000
2026/08/26 20:54:20.983, 0, 20764 MiB, 82 %, 1950 MHz, 1950 MHz, 205.37 W, 62, P2, 0x0000000000000000
2026/08/26 20:54:21.984, 0, 20764 MiB, 83 %, 1950 MHz, 1950 MHz, 205.18 W, 61, P2, 0x0000000000000000
2026/08/26 20:54:22.984, 0, 20764 MiB, 84 %, 1950 MHz, 1950 MHz, 204.62 W, 61, P2, 0x0000000000000000
2026/08/26 20:54:23.984, 0, 20764 MiB, 83 %, 1950 MHz, 1950 MHz, 204.90 W, 61, P2, 0x0000000000000000
2026/08/26 20:54:24.985, 0, 20764 MiB, 84 %, 1950 MHz, 1950 MHz, 203.89 W, 61, P2, 0x0000000000000000
2026/08/26 20:54:25.986, 0, 20764 MiB, 83 %, 1950 MHz, 1950 MHz, 204.27 W, 61, P2, 0x0000000000000000
2026/08/26 20:54:26.986, 0, 20764 MiB, 65 %, 1950 MHz, 1950 MHz, 199.52 W, 60, P2, 0x0000000000000000
2026/08/26 20:54:27.986, 0, 20764 MiB, 82 %, 1950 MHz, 1950 MHz, 199.68 W, 61, P2, 0x0000000000000000
2026/08/26 20:54:28.986, 0, 20764 MiB, 83 %, 1950 MHz, 1950 MHz, 204.42 W, 61, P2, 0x0000000000000000
2026/08/26 20:54:29.986, 0, 20764 MiB, 85 %, 1950 MHz, 1950 MHz, 203.85 W, 61, P2, 0x0000000000000000
2026/08/26 20:54:30.987, 0, 20764 MiB, 84 %, 1950 MHz, 1950 MHz, 204.79 W, 61, P2, 0x0000000000000000
2026/08/26 20:54:31.987, 0, 20764 MiB, 85 %, 1950 MHz, 1950 MHz, 202.69 W, 61, P2, 0x0000000000000000
2026/08/26 20:54:32.987, 0, 20764 MiB, 84 %, 1950 MHz, 1950 MHz, 204.10 W, 61, P2, 0x0000000000000000
2026/08/26 20:54:33.987, 0, 20764 MiB, 84 %, 1950 MHz, 1950 MHz, 204.54 W, 61, P2, 0x0000000000000000
2026/08/26 20:54:34.987, 0, 20764 MiB, 85 %, 1950 MHz, 1950 MHz, 203.44 W, 61, P2, 0x0000000000000000
2026/08/26 20:54:35.988, 0, 20764 MiB, 84 %, 1950 MHz, 1950 MHz, 203.80 W, 61, P2, 0x0000000000000000
2026/08/26 20:54:36.988, 0, 20764 MiB, 83 %, 1950 MHz, 1950 MHz, 203.65 W, 61, P2, 0x0000000000000000
2026/08/26 20:54:37.988, 0, 20764 MiB, 84 %, 1950 MHz, 1950 MHz, 203.59 W, 61, P2, 0x0000000000000000
2026/08/26 20:54:38.988, 0, 20768 MiB, 85 %, 1950 MHz, 1950 MHz, 198.54 W, 61, P2, 0x0000000000000000
2026/08/26 20:54:39.989, 0, 20768 MiB, 84 %, 1950 MHz, 1950 MHz, 202.55 W, 61, P2, 0x0000000000000000
2026/08/26 20:54:40.990, 0, 20768 MiB, 84 %, 1950 MHz, 1950 MHz, 202.65 W, 60, P2, 0x0000000000000000
2026/08/26 20:54:41.990, 0, 20768 MiB, 83 %, 1950 MHz, 1950 MHz, 203.13 W, 61, P2, 0x0000000000000000
2026/08/26 20:54:42.991, 0, 20768 MiB, 83 %, 1950 MHz, 1950 MHz, 202.75 W, 60, P2, 0x0000000000000000
2026/08/26 20:54:43.992, 0, 20768 MiB, 83 %, 1950 MHz, 1950 MHz, 202.94 W, 61, P2, 0x0000000000000000
2026/08/26 20:54:44.992, 0, 20768 MiB, 84 %, 1950 MHz, 1950 MHz, 202.47 W, 60, P2, 0x0000000000000000
2026/08/26 20:54:45.994, 0, 20768 MiB, 84 %, 1950 MHz, 1950 MHz, 202.51 W, 60, P2, 0x0000000000000000
2026/08/26 20:54:46.995, 0, 20768 MiB, 84 %, 1950 MHz, 1950 MHz, 202.05 W, 60, P2, 0x0000000000000000
2026/08/26 20:54:47.995, 0, 20768 MiB, 84 %, 1950 MHz, 1950 MHz, 202.28 W, 60, P2, 0x0000000000000000
2026/08/26 20:54:48.995, 0, 20768 MiB, 84 %, 1950 MHz, 1950 MHz, 203.86 W, 60, P2, 0x0000000000000000
2026/08/26 20:54:49.996, 0, 20768 MiB, 85 %, 1950 MHz, 1950 MHz, 198.35 W, 60, P2, 0x0000000000000000
2026/08/26 20:54:50.996, 0, 20768 MiB, 83 %, 1950 MHz, 1950 MHz, 201.64 W, 60, P2, 0x0000000000000000
2026/08/26 20:54:51.998, 0, 20768 MiB, 83 %, 1950 MHz, 1950 MHz, 201.01 W, 60, P2, 0x0000000000000000
2026/08/26 20:54:52.999, 0, 20768 MiB, 84 %, 1950 MHz, 1950 MHz, 203.01 W, 60, P2, 0x0000000000000000
2026/08/26 20:54:53.999, 0, 20768 MiB, 84 %, 1950 MHz, 1950 MHz, 202.82 W, 60, P2, 0x0000000000000000
2026/08/26 20:54:54.999, 0, 20768 MiB, 84 %, 1950 MHz, 1950 MHz, 200.95 W, 60, P2, 0x0000000000000000
2026/08/26 20:54:55.999, 0, 20768 MiB, 85 %, 1950 MHz, 1950 MHz, 202.13 W, 61, P2, 0x0000000000000000
2026/08/26 20:54:57.000, 0, 20768 MiB, 84 %, 1950 MHz, 1950 MHz, 202.78 W, 60, P2, 0x0000000000000000
2026/08/26 20:54:58.001, 0, 20768 MiB, 84 %, 1950 MHz, 1950 MHz, 200.62 W, 60, P2, 0x0000000000000000
2026/08/26 20:54:59.001, 0, 20768 MiB, 84 %, 1950 MHz, 1950 MHz, 202.73 W, 60, P2, 0x0000000000000000
2026/08/26 20:55:00.002, 0, 20776 MiB, 66 %, 1950 MHz, 1950 MHz, 192.81 W, 60, P2, 0x0000000000000000
2026/08/26 20:55:01.003, 0, 20776 MiB, 84 %, 1950 MHz, 1950 MHz, 202.28 W, 60, P2, 0x0000000000000000
2026/08/26 20:55:02.003, 0, 20776 MiB, 84 %, 1950 MHz, 1950 MHz, 201.09 W, 60, P2, 0x0000000000000000
2026/08/26 20:55:03.004, 0, 20776 MiB, 84 %, 1950 MHz, 1950 MHz, 202.11 W, 60, P2, 0x0000000000000000
2026/08/26 20:55:04.004, 0, 20776 MiB, 84 %, 1950 MHz, 1950 MHz, 202.17 W, 60, P2, 0x0000000000000000
2026/08/26 20:55:05.004, 0, 20776 MiB, 83 %, 1950 MHz, 1950 MHz, 201.45 W, 60, P2, 0x0000000000000000
2026/08/26 20:55:06.004, 0, 20776 MiB, 83 %, 1950 MHz, 1950 MHz, 201.45 W, 60, P2, 0x0000000000000000
2026/08/26 20:55:07.004, 0, 20776 MiB, 82 %, 1950 MHz, 1950 MHz, 201.04 W, 60, P2, 0x0000000000000000
2026/08/26 20:55:08.004, 0, 20776 MiB, 84 %, 1950 MHz, 1950 MHz, 201.66 W, 60, P2, 0x0000000000000000
2026/08/26 20:55:09.004, 0, 20776 MiB, 83 %, 1950 MHz, 1950 MHz, 201.68 W, 60, P2, 0x0000000000000000
2026/08/26 20:55:10.004, 0, 20776 MiB, 84 %, 1950 MHz, 1950 MHz, 203.19 W, 60, P2, 0x0000000000000000
2026/08/26 20:55:11.005, 0, 20776 MiB, 83 %, 1950 MHz, 1950 MHz, 200.83 W, 60, P2, 0x0000000000000000
2026/08/26 20:55:12.005, 0, 20776 MiB, 83 %, 1950 MHz, 1950 MHz, 201.53 W, 60, P2, 0x0000000000000000
2026/08/26 20:55:13.005, 0, 20776 MiB, 83 %, 1950 MHz, 1950 MHz, 202.34 W, 60, P2, 0x0000000000000000
2026/08/26 20:55:14.005, 0, 20776 MiB, 82 %, 1950 MHz, 1950 MHz, 201.84 W, 60, P2, 0x0000000000000000
2026/08/26 20:55:15.005, 0, 20776 MiB, 84 %, 1950 MHz, 1950 MHz, 201.91 W, 60, P2, 0x0000000000000000
2026/08/26 20:55:16.005, 0, 20776 MiB, 84 %, 1950 MHz, 1950 MHz, 203.43 W, 60, P2, 0x0000000000000000
2026/08/26 20:55:17.005, 0, 20776 MiB, 82 %, 1950 MHz, 1950 MHz, 201.93 W, 60, P2, 0x0000000000000000
2026/08/26 20:55:18.005, 0, 20776 MiB, 84 %, 1950 MHz, 1950 MHz, 201.42 W, 60, P2, 0x0000000000000000
2026/08/26 20:55:19.006, 0, 20776 MiB, 82 %, 1950 MHz, 1950 MHz, 201.96 W, 60, P2, 0x0000000000000000
2026/08/26 20:55:20.006, 0, 20776 MiB, 43 %, 1950 MHz, 1950 MHz, 200.81 W, 60, P2, 0x0000000000000000
2026/08/26 20:55:21.006, 0, 20776 MiB, 84 %, 1950 MHz, 1950 MHz, 198.91 W, 60, P2, 0x0000000000000000
2026/08/26 20:55:22.006, 0, 20776 MiB, 83 %, 1950 MHz, 1950 MHz, 201.93 W, 60, P2, 0x0000000000000000
2026/08/26 20:55:23.006, 0, 20776 MiB, 84 %, 1950 MHz, 1950 MHz, 201.87 W, 60, P2, 0x0000000000000000
2026/08/26 20:55:24.006, 0, 20776 MiB, 82 %, 1950 MHz, 1950 MHz, 200.65 W, 59, P2, 0x0000000000000000
2026/08/26 20:55:25.007, 0, 20776 MiB, 85 %, 1950 MHz, 1950 MHz, 201.83 W, 60, P2, 0x0000000000000000
2026/08/26 20:55:26.008, 0, 20776 MiB, 86 %, 1950 MHz, 1950 MHz, 200.43 W, 60, P2, 0x0000000000000000
2026/08/26 20:55:27.008, 0, 20776 MiB, 83 %, 1950 MHz, 1950 MHz, 200.77 W, 60, P2, 0x0000000000000000
2026/08/26 20:55:28.008, 0, 20776 MiB, 83 %, 1950 MHz, 1950 MHz, 200.40 W, 60, P2, 0x0000000000000000
2026/08/26 20:55:29.008, 0, 20776 MiB, 84 %, 1950 MHz, 1950 MHz, 201.41 W, 60, P2, 0x0000000000000000
2026/08/26 20:55:30.008, 0, 20776 MiB, 77 %, 1950 MHz, 1950 MHz, 203.30 W, 60, P2, 0x0000000000000000
2026/08/26 20:55:31.008, 0, 20776 MiB, 84 %, 1950 MHz, 1950 MHz, 202.13 W, 60, P2, 0x0000000000000000
2026/08/26 20:55:32.008, 0, 20776 MiB, 85 %, 1950 MHz, 1950 MHz, 200.30 W, 60, P2, 0x0000000000000000
2026/08/26 20:55:33.010, 0, 20776 MiB, 83 %, 1950 MHz, 1950 MHz, 201.72 W, 59, P2, 0x0000000000000000
2026/08/26 20:55:34.010, 0, 20776 MiB, 84 %, 1950 MHz, 1950 MHz, 201.38 W, 59, P2, 0x0000000000000000
2026/08/26 20:55:35.010, 0, 20776 MiB, 83 %, 1950 MHz, 1950 MHz, 202.02 W, 60, P2, 0x0000000000000000
2026/08/26 20:55:36.010, 0, 20776 MiB, 85 %, 1950 MHz, 1950 MHz, 201.57 W, 60, P2, 0x0000000000000000
2026/08/26 20:55:37.010, 0, 20776 MiB, 84 %, 1950 MHz, 1950 MHz, 201.32 W, 60, P2, 0x0000000000000000
2026/08/26 20:55:38.010, 0, 20776 MiB, 83 %, 1950 MHz, 1950 MHz, 200.72 W, 60, P2, 0x0000000000000000
2026/08/26 20:55:39.010, 0, 20776 MiB, 85 %, 1950 MHz, 1950 MHz, 201.65 W, 60, P2, 0x0000000000000000
2026/08/26 20:55:40.011, 0, 20776 MiB, 85 %, 1950 MHz, 1950 MHz, 203.04 W, 60, P2, 0x0000000000000000
2026/08/26 20:55:41.011, 0, 20776 MiB, 75 %, 1950 MHz, 1950 MHz, 197.74 W, 60, P2, 0x0000000000000000
2026/08/26 20:55:42.011, 0, 20776 MiB, 84 %, 1950 MHz, 1950 MHz, 198.43 W, 60, P2, 0x0000000000000000
2026/08/26 20:55:43.011, 0, 20776 MiB, 85 %, 1950 MHz, 1950 MHz, 200.14 W, 60, P2, 0x0000000000000000
2026/08/26 20:55:44.011, 0, 20776 MiB, 84 %, 1950 MHz, 1950 MHz, 201.17 W, 60, P2, 0x0000000000000000
2026/08/26 20:55:45.011, 0, 20776 MiB, 84 %, 1950 MHz, 1950 MHz, 201.37 W, 60, P2, 0x0000000000000000
2026/08/26 20:55:46.011, 0, 20776 MiB, 84 %, 1950 MHz, 1950 MHz, 202.13 W, 60, P2, 0x0000000000000000
2026/08/26 20:55:47.012, 0, 20776 MiB, 84 %, 1950 MHz, 1950 MHz, 201.21 W, 59, P2, 0x0000000000000000
2026/08/26 20:55:48.012, 0, 20776 MiB, 84 %, 1950 MHz, 1950 MHz, 202.24 W, 60, P2, 0x0000000000000000
2026/08/26 20:55:49.012, 0, 20776 MiB, 84 %, 1950 MHz, 1950 MHz, 202.00 W, 60, P2, 0x0000000000000000
2026/08/26 20:55:50.012, 0, 20776 MiB, 84 %, 1950 MHz, 1950 MHz, 201.68 W, 60, P2, 0x0000000000000000
2026/08/26 20:55:51.012, 0, 20776 MiB, 84 %, 1950 MHz, 1950 MHz, 201.12 W, 60, P2, 0x0000000000000000
2026/08/26 20:55:52.012, 0, 20776 MiB, 67 %, 1950 MHz, 1950 MHz, 203.00 W, 60, P2, 0x0000000000000000
2026/08/26 20:55:53.012, 0, 20776 MiB, 83 %, 1950 MHz, 1950 MHz, 199.99 W, 60, P2, 0x0000000000000000
2026/08/26 20:55:54.013, 0, 20776 MiB, 83 %, 1950 MHz, 1950 MHz, 201.80 W, 60, P2, 0x0000000000000000
2026/08/26 20:55:55.013, 0, 20776 MiB, 84 %, 1950 MHz, 1950 MHz, 200.72 W, 60, P2, 0x0000000000000000
2026/08/26 20:55:56.013, 0, 20776 MiB, 84 %, 1950 MHz, 1950 MHz, 201.49 W, 60, P2, 0x0000000000000000
2026/08/26 20:55:57.013, 0, 20776 MiB, 84 %, 1950 MHz, 1950 MHz, 200.44 W, 60, P2, 0x0000000000000000
2026/08/26 20:55:58.013, 0, 20776 MiB, 84 %, 1950 MHz, 1950 MHz, 201.82 W, 60, P2, 0x0000000000000000
2026/08/26 20:55:59.013, 0, 20776 MiB, 82 %, 1950 MHz, 1950 MHz, 202.58 W, 60, P2, 0x0000000000000000
2026/08/26 20:56:00.013, 0, 20776 MiB, 84 %, 1950 MHz, 1950 MHz, 201.19 W, 59, P2, 0x0000000000000000
2026/08/26 20:56:01.013, 0, 20776 MiB, 85 %, 1950 MHz, 1950 MHz, 199.96 W, 60, P2, 0x0000000000000000
2026/08/26 20:56:02.014, 0, 20776 MiB, 85 %, 1950 MHz, 1950 MHz, 200.65 W, 59, P2, 0x0000000000000000
2026/08/26 20:56:03.014, 0, 346 MiB, 100 %, 1950 MHz, 1950 MHz, 182.66 W, 59, P0, 0x0000000000000000
2026/08/26 20:56:04.239, 0, 346 MiB, 0 %, 1950 MHz, 1950 MHz, 163.18 W, 58, P2, 0x0000000000000000
2026/08/26 20:56:05.239, 0, 346 MiB, 1 %, 1950 MHz, 1950 MHz, 155.69 W, 58, P2, 0x0000000000000000
2026/08/26 20:56:06.239, 0, 346 MiB, 2 %, 1695 MHz, 1695 MHz, 142.29 W, 56, P2, 0x0000000000000000
2026/08/26 20:56:07.239, 0, 19362 MiB, 100 %, 1965 MHz, 1965 MHz, 128.60 W, 57, P2, 0x0000000000000000
2026/08/26 20:56:08.239, 0, 19362 MiB, 100 %, 1965 MHz, 1965 MHz, 161.32 W, 58, P2, 0x0000000000000000
2026/08/26 20:56:09.240, 0, 19362 MiB, 99 %, 1965 MHz, 1965 MHz, 162.27 W, 58, P2, 0x0000000000000000
2026/08/26 20:56:10.240, 0, 19362 MiB, 99 %, 1965 MHz, 1965 MHz, 161.50 W, 57, P2, 0x0000000000000000
2026/08/26 20:56:11.240, 0, 19362 MiB, 100 %, 1965 MHz, 1965 MHz, 161.66 W, 58, P2, 0x0000000000000000
2026/08/26 20:56:12.240, 0, 19362 MiB, 100 %, 1965 MHz, 1965 MHz, 161.11 W, 57, P2, 0x0000000000000000
2026/08/26 20:56:13.240, 0, 19362 MiB, 100 %, 1965 MHz, 1965 MHz, 161.63 W, 57, P2, 0x0000000000000000
2026/08/26 20:56:14.240, 0, 19362 MiB, 100 %, 1965 MHz, 1965 MHz, 162.10 W, 57, P2, 0x0000000000000000
2026/08/26 20:56:15.240, 0, 19362 MiB, 100 %, 1965 MHz, 1965 MHz, 162.40 W, 57, P2, 0x0000000000000000
2026/08/26 20:56:16.241, 0, 19362 MiB, 100 %, 1965 MHz, 1965 MHz, 161.24 W, 57, P2, 0x0000000000000000
2026/08/26 20:56:17.241, 0, 20742 MiB, 0 %, 1965 MHz, 1965 MHz, 161.86 W, 57, P2, 0x0000000000000000
2026/08/26 20:56:18.241, 0, 20766 MiB, 68 %, 1965 MHz, 1965 MHz, 176.07 W, 59, P2, 0x0000000000000000
2026/08/26 20:56:19.241, 0, 20768 MiB, 84 %, 1965 MHz, 1965 MHz, 225.86 W, 59, P2, 0x0000000000000000
2026/08/26 20:56:20.241, 0, 20770 MiB, 83 %, 1965 MHz, 1965 MHz, 225.18 W, 60, P2, 0x0000000000000000
2026/08/26 20:56:21.242, 0, 20770 MiB, 82 %, 1965 MHz, 1965 MHz, 226.37 W, 60, P2, 0x0000000000000000
2026/08/26 20:56:22.242, 0, 20770 MiB, 82 %, 1965 MHz, 1965 MHz, 225.34 W, 60, P2, 0x0000000000000000
2026/08/26 20:56:23.242, 0, 20770 MiB, 85 %, 1965 MHz, 1965 MHz, 222.84 W, 60, P2, 0x0000000000000000
2026/08/26 20:56:24.242, 0, 20770 MiB, 83 %, 1965 MHz, 1965 MHz, 224.71 W, 61, P2, 0x0000000000000000
2026/08/26 20:56:25.242, 0, 20770 MiB, 81 %, 1965 MHz, 1965 MHz, 226.53 W, 61, P2, 0x0000000000000000
2026/08/26 20:56:26.242, 0, 20774 MiB, 81 %, 1965 MHz, 1965 MHz, 229.03 W, 61, P2, 0x0000000000000000
2026/08/26 20:56:27.243, 0, 20774 MiB, 81 %, 1965 MHz, 1965 MHz, 226.54 W, 61, P2, 0x0000000000000000
2026/08/26 20:56:28.243, 0, 20774 MiB, 84 %, 1965 MHz, 1965 MHz, 224.82 W, 60, P2, 0x0000000000000000
2026/08/26 20:56:29.243, 0, 20774 MiB, 81 %, 1965 MHz, 1965 MHz, 226.43 W, 60, P2, 0x0000000000000000
2026/08/26 20:56:30.243, 0, 20774 MiB, 80 %, 1965 MHz, 1965 MHz, 217.06 W, 61, P2, 0x0000000000000000
2026/08/26 20:56:31.243, 0, 20774 MiB, 78 %, 1965 MHz, 1965 MHz, 226.70 W, 60, P2, 0x0000000000000000
2026/08/26 20:56:32.244, 0, 20774 MiB, 79 %, 1965 MHz, 1965 MHz, 228.73 W, 61, P2, 0x0000000000000000
2026/08/26 20:56:33.244, 0, 20774 MiB, 85 %, 1965 MHz, 1965 MHz, 224.28 W, 60, P2, 0x0000000000000000
2026/08/26 20:56:34.244, 0, 20774 MiB, 84 %, 1950 MHz, 1950 MHz, 225.07 W, 61, P2, 0x0000000000000000
2026/08/26 20:56:35.244, 0, 20774 MiB, 80 %, 1950 MHz, 1950 MHz, 228.00 W, 61, P2, 0x0000000000000000
2026/08/26 20:56:36.244, 0, 20774 MiB, 84 %, 1950 MHz, 1950 MHz, 223.07 W, 61, P2, 0x0000000000000000
2026/08/26 20:56:37.245, 0, 20774 MiB, 84 %, 1950 MHz, 1950 MHz, 226.90 W, 61, P2, 0x0000000000000000
2026/08/26 20:56:38.245, 0, 20774 MiB, 85 %, 1950 MHz, 1950 MHz, 227.44 W, 61, P2, 0x0000000000000000
2026/08/26 20:56:39.245, 0, 20774 MiB, 80 %, 1950 MHz, 1950 MHz, 229.44 W, 61, P2, 0x0000000000000000
2026/08/26 20:56:40.245, 0, 20774 MiB, 81 %, 1950 MHz, 1950 MHz, 217.16 W, 61, P2, 0x0000000000000000
2026/08/26 20:56:41.246, 0, 20774 MiB, 83 %, 1950 MHz, 1950 MHz, 226.20 W, 61, P2, 0x0000000000000000
2026/08/26 20:56:42.246, 0, 20774 MiB, 82 %, 1950 MHz, 1950 MHz, 227.73 W, 62, P2, 0x0000000000000000
2026/08/26 20:56:43.246, 0, 20774 MiB, 81 %, 1950 MHz, 1950 MHz, 226.02 W, 61, P2, 0x0000000000000000
2026/08/26 20:56:44.246, 0, 20774 MiB, 78 %, 1950 MHz, 1950 MHz, 228.58 W, 61, P2, 0x0000000000000000
2026/08/26 20:56:45.246, 0, 20774 MiB, 84 %, 1950 MHz, 1950 MHz, 227.34 W, 61, P2, 0x0000000000000000
2026/08/26 20:56:46.247, 0, 20774 MiB, 83 %, 1950 MHz, 1950 MHz, 224.31 W, 62, P2, 0x0000000000000000
2026/08/26 20:56:47.247, 0, 20774 MiB, 81 %, 1950 MHz, 1950 MHz, 227.12 W, 61, P2, 0x0000000000000000
2026/08/26 20:56:48.247, 0, 20774 MiB, 85 %, 1950 MHz, 1950 MHz, 226.39 W, 61, P2, 0x0000000000000000
2026/08/26 20:56:49.247, 0, 20774 MiB, 81 %, 1950 MHz, 1950 MHz, 223.52 W, 62, P2, 0x0000000000000000
2026/08/26 20:56:50.248, 0, 20774 MiB, 85 %, 1950 MHz, 1950 MHz, 226.72 W, 62, P2, 0x0000000000000000
2026/08/26 20:56:51.248, 0, 20774 MiB, 75 %, 1950 MHz, 1950 MHz, 229.29 W, 62, P2, 0x0000000000000000
2026/08/26 20:56:52.248, 0, 20774 MiB, 85 %, 1950 MHz, 1950 MHz, 215.54 W, 61, P2, 0x0000000000000000
2026/08/26 20:56:53.248, 0, 20774 MiB, 83 %, 1950 MHz, 1950 MHz, 228.93 W, 61, P2, 0x0000000000000000
2026/08/26 20:56:54.248, 0, 20774 MiB, 82 %, 1950 MHz, 1950 MHz, 230.82 W, 62, P2, 0x0000000000000000
2026/08/26 20:56:55.249, 0, 20774 MiB, 83 %, 1950 MHz, 1950 MHz, 228.59 W, 62, P2, 0x0000000000000000
2026/08/26 20:56:56.249, 0, 20774 MiB, 84 %, 1950 MHz, 1950 MHz, 225.69 W, 62, P2, 0x0000000000000000
2026/08/26 20:56:57.249, 0, 20774 MiB, 81 %, 1950 MHz, 1950 MHz, 229.09 W, 62, P2, 0x0000000000000000
2026/08/26 20:56:58.249, 0, 20774 MiB, 81 %, 1950 MHz, 1950 MHz, 227.46 W, 62, P2, 0x0000000000000000
2026/08/26 20:56:59.249, 0, 20774 MiB, 78 %, 1950 MHz, 1950 MHz, 230.13 W, 62, P2, 0x0000000000000000
2026/08/26 20:57:00.250, 0, 20774 MiB, 83 %, 1950 MHz, 1950 MHz, 227.57 W, 62, P2, 0x0000000000000000
2026/08/26 20:57:01.250, 0, 20774 MiB, 81 %, 1950 MHz, 1950 MHz, 226.68 W, 62, P2, 0x0000000000000000
2026/08/26 20:57:02.250, 0, 20774 MiB, 81 %, 1950 MHz, 1950 MHz, 210.65 W, 61, P2, 0x0000000000000004
2026/08/26 20:57:03.250, 0, 20774 MiB, 81 %, 1950 MHz, 1950 MHz, 228.69 W, 62, P2, 0x0000000000000000
2026/08/26 20:57:04.250, 0, 20774 MiB, 81 %, 1950 MHz, 1950 MHz, 229.15 W, 63, P2, 0x0000000000000000
2026/08/26 20:57:05.250, 0, 20774 MiB, 84 %, 1950 MHz, 1950 MHz, 227.64 W, 62, P2, 0x0000000000000000
2026/08/26 20:57:06.251, 0, 20774 MiB, 85 %, 1950 MHz, 1950 MHz, 229.15 W, 62, P2, 0x0000000000000000
2026/08/26 20:57:07.251, 0, 20774 MiB, 81 %, 1950 MHz, 1950 MHz, 229.62 W, 62, P2, 0x0000000000000000
2026/08/26 20:57:08.251, 0, 20774 MiB, 84 %, 1950 MHz, 1950 MHz, 228.76 W, 62, P2, 0x0000000000000000
2026/08/26 20:57:09.251, 0, 20774 MiB, 84 %, 1950 MHz, 1950 MHz, 227.21 W, 62, P2, 0x0000000000000000
2026/08/26 20:57:10.251, 0, 20774 MiB, 83 %, 1950 MHz, 1950 MHz, 228.24 W, 62, P2, 0x0000000000000000
2026/08/26 20:57:11.251, 0, 20778 MiB, 82 %, 1815 MHz, 1815 MHz, 217.46 W, 61, P2, 0x0000000000000000
2026/08/26 20:57:12.252, 0, 20780 MiB, 83 %, 1950 MHz, 1950 MHz, 206.26 W, 62, P2, 0x0000000000000000
2026/08/26 20:57:13.252, 0, 20780 MiB, 80 %, 1950 MHz, 1950 MHz, 234.27 W, 63, P2, 0x0000000000000000
2026/08/26 20:57:14.252, 0, 20780 MiB, 82 %, 1950 MHz, 1950 MHz, 231.45 W, 62, P2, 0x0000000000000000
2026/08/26 20:57:15.252, 0, 20780 MiB, 81 %, 1950 MHz, 1950 MHz, 230.43 W, 63, P2, 0x0000000000000000
2026/08/26 20:57:16.252, 0, 20780 MiB, 79 %, 1950 MHz, 1950 MHz, 230.13 W, 63, P2, 0x0000000000000000
2026/08/26 20:57:17.252, 0, 20780 MiB, 85 %, 1950 MHz, 1950 MHz, 231.60 W, 62, P2, 0x0000000000000000
2026/08/26 20:57:18.253, 0, 20780 MiB, 80 %, 1950 MHz, 1950 MHz, 228.00 W, 63, P2, 0x0000000000000000
2026/08/26 20:57:19.253, 0, 20780 MiB, 81 %, 1950 MHz, 1950 MHz, 216.10 W, 62, P2, 0x0000000000000004
2026/08/26 20:57:20.253, 0, 20780 MiB, 84 %, 1950 MHz, 1950 MHz, 234.62 W, 63, P2, 0x0000000000000000
2026/08/26 20:57:21.253, 0, 20780 MiB, 84 %, 1950 MHz, 1950 MHz, 230.32 W, 63, P2, 0x0000000000000000
2026/08/26 20:57:22.253, 0, 20780 MiB, 83 %, 1950 MHz, 1950 MHz, 230.51 W, 63, P2, 0x0000000000000000
2026/08/26 20:57:23.253, 0, 20780 MiB, 84 %, 1950 MHz, 1950 MHz, 228.86 W, 63, P2, 0x0000000000000000
2026/08/26 20:57:24.254, 0, 20780 MiB, 83 %, 1950 MHz, 1950 MHz, 226.47 W, 62, P2, 0x0000000000000000
2026/08/26 20:57:25.254, 0, 20780 MiB, 82 %, 1950 MHz, 1950 MHz, 226.16 W, 63, P2, 0x0000000000000000
2026/08/26 20:57:26.254, 0, 20780 MiB, 82 %, 1950 MHz, 1950 MHz, 228.87 W, 63, P2, 0x0000000000000000
2026/08/26 20:57:27.254, 0, 20780 MiB, 82 %, 1950 MHz, 1950 MHz, 230.08 W, 63, P2, 0x0000000000000000
2026/08/26 20:57:28.254, 0, 20780 MiB, 85 %, 1950 MHz, 1950 MHz, 229.96 W, 63, P2, 0x0000000000000000
2026/08/26 20:57:29.255, 0, 20780 MiB, 83 %, 1950 MHz, 1950 MHz, 220.78 W, 63, P2, 0x0000000000000000
2026/08/26 20:57:30.255, 0, 20780 MiB, 81 %, 1950 MHz, 1950 MHz, 228.99 W, 63, P2, 0x0000000000000000
2026/08/26 20:57:31.255, 0, 20780 MiB, 83 %, 1950 MHz, 1950 MHz, 228.91 W, 63, P2, 0x0000000000000000
2026/08/26 20:57:32.255, 0, 20780 MiB, 83 %, 1950 MHz, 1950 MHz, 229.85 W, 64, P2, 0x0000000000000000
2026/08/26 20:57:33.255, 0, 20780 MiB, 84 %, 1950 MHz, 1950 MHz, 227.48 W, 64, P2, 0x0000000000000000
2026/08/26 20:57:34.256, 0, 20780 MiB, 82 %, 1950 MHz, 1950 MHz, 229.44 W, 63, P2, 0x0000000000000000
2026/08/26 20:57:35.256, 0, 20780 MiB, 83 %, 1950 MHz, 1950 MHz, 229.27 W, 63, P2, 0x0000000000000000
2026/08/26 20:57:36.256, 0, 20780 MiB, 84 %, 1950 MHz, 1950 MHz, 233.81 W, 63, P2, 0x0000000000000000
2026/08/26 20:57:37.256, 0, 20780 MiB, 71 %, 1950 MHz, 1950 MHz, 222.34 W, 63, P2, 0x0000000000000000
2026/08/26 20:57:38.256, 0, 20780 MiB, 82 %, 1950 MHz, 1950 MHz, 232.39 W, 64, P2, 0x0000000000000000
2026/08/26 20:57:39.257, 0, 20780 MiB, 84 %, 1950 MHz, 1950 MHz, 231.13 W, 64, P2, 0x0000000000000000
2026/08/26 20:57:40.257, 0, 20780 MiB, 85 %, 1950 MHz, 1950 MHz, 231.07 W, 64, P2, 0x0000000000000004
2026/08/26 20:57:41.257, 0, 20780 MiB, 85 %, 1950 MHz, 1950 MHz, 226.30 W, 64, P2, 0x0000000000000000
2026/08/26 20:57:42.257, 0, 20780 MiB, 82 %, 1950 MHz, 1950 MHz, 229.89 W, 64, P2, 0x0000000000000000
2026/08/26 20:57:43.257, 0, 20780 MiB, 83 %, 1950 MHz, 1950 MHz, 229.79 W, 63, P2, 0x0000000000000000
2026/08/26 20:57:44.258, 0, 20780 MiB, 81 %, 1950 MHz, 1950 MHz, 227.20 W, 64, P2, 0x0000000000000000
2026/08/26 20:57:45.258, 0, 20780 MiB, 84 %, 1950 MHz, 1950 MHz, 227.18 W, 63, P2, 0x0000000000000000
2026/08/26 20:57:46.258, 0, 20780 MiB, 84 %, 1950 MHz, 1950 MHz, 227.68 W, 64, P2, 0x0000000000000000
2026/08/26 20:57:47.258, 0, 20780 MiB, 84 %, 1950 MHz, 1950 MHz, 227.45 W, 63, P2, 0x0000000000000000
2026/08/26 20:57:48.258, 0, 20780 MiB, 84 %, 1950 MHz, 1950 MHz, 224.02 W, 63, P2, 0x0000000000000000
2026/08/26 20:57:49.259, 0, 20780 MiB, 79 %, 1950 MHz, 1950 MHz, 219.69 W, 63, P2, 0x0000000000000000
2026/08/26 20:57:50.259, 0, 20780 MiB, 84 %, 1950 MHz, 1950 MHz, 230.74 W, 63, P2, 0x0000000000000000
2026/08/26 20:57:51.259, 0, 20780 MiB, 80 %, 1950 MHz, 1950 MHz, 230.21 W, 63, P2, 0x0000000000000000
2026/08/26 20:57:52.259, 0, 20780 MiB, 80 %, 1950 MHz, 1950 MHz, 228.17 W, 64, P2, 0x0000000000000000
2026/08/26 20:57:53.260, 0, 20780 MiB, 82 %, 1950 MHz, 1950 MHz, 229.29 W, 64, P2, 0x0000000000000000
2026/08/26 20:57:54.260, 0, 20780 MiB, 84 %, 1950 MHz, 1950 MHz, 227.30 W, 63, P2, 0x0000000000000000
2026/08/26 20:57:55.260, 0, 20780 MiB, 84 %, 1950 MHz, 1950 MHz, 230.18 W, 63, P2, 0x0000000000000000
2026/08/26 20:57:56.260, 0, 20780 MiB, 84 %, 1950 MHz, 1950 MHz, 229.98 W, 64, P2, 0x0000000000000000
2026/08/26 20:57:57.260, 0, 20780 MiB, 84 %, 1950 MHz, 1950 MHz, 227.40 W, 64, P2, 0x0000000000000000
2026/08/26 20:57:58.260, 0, 20780 MiB, 85 %, 1950 MHz, 1950 MHz, 227.49 W, 64, P2, 0x0000000000000000
2026/08/26 20:57:59.261, 0, 20780 MiB, 82 %, 1950 MHz, 1950 MHz, 227.33 W, 63, P2, 0x0000000000000000
2026/08/26 20:58:00.261, 0, 20780 MiB, 85 %, 1950 MHz, 1950 MHz, 224.01 W, 63, P2, 0x0000000000000000
2026/08/26 20:58:01.261, 0, 20780 MiB, 78 %, 1950 MHz, 1950 MHz, 220.16 W, 64, P2, 0x0000000000000000
2026/08/26 20:58:02.261, 0, 20780 MiB, 84 %, 1950 MHz, 1950 MHz, 230.37 W, 63, P2, 0x0000000000000000
2026/08/26 20:58:03.262, 0, 20780 MiB, 83 %, 1950 MHz, 1950 MHz, 231.76 W, 64, P2, 0x0000000000000000
2026/08/26 20:58:04.262, 0, 20780 MiB, 82 %, 1950 MHz, 1950 MHz, 231.26 W, 64, P2, 0x0000000000000000
2026/08/26 20:58:05.262, 0, 20780 MiB, 81 %, 1950 MHz, 1950 MHz, 227.00 W, 64, P2, 0x0000000000000000
2026/08/26 20:58:06.262, 0, 20780 MiB, 81 %, 1950 MHz, 1950 MHz, 227.59 W, 63, P2, 0x0000000000000000
2026/08/26 20:58:07.262, 0, 20780 MiB, 83 %, 1950 MHz, 1950 MHz, 227.63 W, 63, P2, 0x0000000000000000
2026/08/26 20:58:08.263, 0, 20780 MiB, 80 %, 1950 MHz, 1950 MHz, 227.59 W, 64, P2, 0x0000000000000000
2026/08/26 20:58:09.263, 0, 20780 MiB, 83 %, 1950 MHz, 1950 MHz, 232.51 W, 64, P2, 0x0000000000000000
2026/08/26 20:58:10.263, 0, 85 MiB, 79 %, 1950 MHz, 1950 MHz, 214.85 W, 62, P2, 0x0000000000000000
2026/08/26 20:58:11.350, 0, 346 MiB, 1 %, 1950 MHz, 1950 MHz, 162.19 W, 61, P2, 0x0000000000000000
2026/08/26 20:58:12.351, 0, 346 MiB, 0 %, 1950 MHz, 1950 MHz, 156.04 W, 60, P2, 0x0000000000000000
2026/08/26 20:58:13.351, 0, 346 MiB, 19 %, 1695 MHz, 1695 MHz, 138.47 W, 59, P2, 0x0000000000000000
2026/08/26 20:58:14.351, 0, 19044 MiB, 0 %, 1695 MHz, 1695 MHz, 129.54 W, 59, P2, 0x0000000000000000
2026/08/26 20:58:15.351, 0, 19044 MiB, 100 %, 1950 MHz, 1950 MHz, 159.47 W, 60, P2, 0x0000000000000000
2026/08/26 20:58:16.351, 0, 19044 MiB, 100 %, 1950 MHz, 1950 MHz, 159.75 W, 60, P2, 0x0000000000000000
2026/08/26 20:58:17.352, 0, 19044 MiB, 100 %, 1950 MHz, 1950 MHz, 156.09 W, 60, P2, 0x0000000000000000
2026/08/26 20:58:18.352, 0, 19044 MiB, 100 %, 1950 MHz, 1950 MHz, 154.93 W, 59, P2, 0x0000000000000000
2026/08/26 20:58:19.352, 0, 19044 MiB, 99 %, 1950 MHz, 1950 MHz, 154.84 W, 59, P2, 0x0000000000000000
2026/08/26 20:58:20.352, 0, 19044 MiB, 99 %, 1950 MHz, 1950 MHz, 154.71 W, 59, P2, 0x0000000000000000
2026/08/26 20:58:21.352, 0, 21712 MiB, 40 %, 1950 MHz, 1950 MHz, 156.40 W, 59, P2, 0x0000000000000000
2026/08/26 20:58:22.360, 0, 22270 MiB, 42 %, 1950 MHz, 1950 MHz, 227.64 W, 64, P2, 0x0000000000000000
2026/08/26 20:58:23.360, 0, 22270 MiB, 77 %, 1950 MHz, 1950 MHz, 319.18 W, 66, P2, 0x0000000000000004
2026/08/26 20:58:24.360, 0, 22270 MiB, 74 %, 1935 MHz, 1935 MHz, 288.83 W, 62, P2, 0x0000000000000000
2026/08/26 20:58:25.360, 0, 22270 MiB, 76 %, 1935 MHz, 1935 MHz, 315.44 W, 67, P2, 0x0000000000000000
2026/08/26 20:58:26.360, 0, 22270 MiB, 77 %, 1935 MHz, 1935 MHz, 325.35 W, 67, P2, 0x0000000000000004
2026/08/26 20:58:27.361, 0, 22270 MiB, 77 %, 1935 MHz, 1935 MHz, 295.04 W, 67, P2, 0x0000000000000004
2026/08/26 20:58:28.361, 0, 22270 MiB, 77 %, 1935 MHz, 1935 MHz, 324.68 W, 68, P2, 0x0000000000000004
2026/08/26 20:58:29.361, 0, 22286 MiB, 55 %, 1935 MHz, 1935 MHz, 284.68 W, 67, P2, 0x0000000000000000
2026/08/26 20:58:30.361, 0, 22286 MiB, 78 %, 1935 MHz, 1935 MHz, 327.77 W, 68, P2, 0x0000000000000004
2026/08/26 20:58:31.362, 0, 22286 MiB, 76 %, 1935 MHz, 1935 MHz, 303.51 W, 65, P2, 0x0000000000000004
2026/08/26 20:58:32.362, 0, 22286 MiB, 76 %, 1935 MHz, 1935 MHz, 297.31 W, 68, P2, 0x0000000000000004
2026/08/26 20:58:33.362, 0, 22286 MiB, 75 %, 1935 MHz, 1935 MHz, 323.97 W, 69, P2, 0x0000000000000004
2026/08/26 20:58:34.362, 0, 22292 MiB, 100 %, 1935 MHz, 1935 MHz, 223.51 W, 66, P2, 0x0000000000000000
2026/08/26 20:58:35.363, 0, 22292 MiB, 78 %, 1935 MHz, 1935 MHz, 325.09 W, 69, P2, 0x0000000000000004
2026/08/26 20:58:36.363, 0, 22292 MiB, 75 %, 1935 MHz, 1935 MHz, 296.76 W, 67, P2, 0x0000000000000004
2026/08/26 20:58:37.363, 0, 22292 MiB, 75 %, 1935 MHz, 1935 MHz, 309.19 W, 69, P2, 0x0000000000000004
2026/08/26 20:58:38.363, 0, 22292 MiB, 75 %, 1935 MHz, 1935 MHz, 332.99 W, 70, P2, 0x0000000000000004
2026/08/26 20:58:39.363, 0, 22292 MiB, 77 %, 1935 MHz, 1935 MHz, 301.53 W, 70, P2, 0x0000000000000004
2026/08/26 20:58:40.363, 0, 22292 MiB, 79 %, 1935 MHz, 1935 MHz, 329.06 W, 70, P2, 0x0000000000000004
2026/08/26 20:58:41.363, 0, 22292 MiB, 76 %, 1935 MHz, 1935 MHz, 294.17 W, 70, P2, 0x0000000000000004
2026/08/26 20:58:42.363, 0, 22292 MiB, 78 %, 1935 MHz, 1935 MHz, 333.92 W, 70, P2, 0x0000000000000004
2026/08/26 20:58:43.365, 0, 22292 MiB, 77 %, 1935 MHz, 1935 MHz, 296.46 W, 70, P2, 0x0000000000000004
2026/08/26 20:58:44.365, 0, 22292 MiB, 76 %, 1935 MHz, 1935 MHz, 332.00 W, 70, P2, 0x0000000000000004
2026/08/26 20:58:45.365, 0, 22292 MiB, 78 %, 1935 MHz, 1935 MHz, 315.35 W, 68, P2, 0x0000000000000004
2026/08/26 20:58:46.365, 0, 22292 MiB, 77 %, 1935 MHz, 1935 MHz, 307.69 W, 71, P2, 0x0000000000000004
2026/08/26 20:58:47.365, 0, 22292 MiB, 79 %, 1935 MHz, 1935 MHz, 327.24 W, 71, P2, 0x0000000000000004
2026/08/26 20:58:48.365, 0, 85 MiB, 34 %, 1935 MHz, 1935 MHz, 296.80 W, 67, P2, 0x0000000000000000
2026/08/26 20:58:49.576, 0, 346 MiB, 0 %, 1935 MHz, 1935 MHz, 178.25 W, 65, P2, 0x0000000000000000
2026/08/26 20:58:50.576, 0, 346 MiB, 0 %, 1935 MHz, 1935 MHz, 170.29 W, 64, P2, 0x0000000000000000
2026/08/26 20:58:51.576, 0, 346 MiB, 28 %, 1695 MHz, 1695 MHz, 148.09 W, 62, P2, 0x0000000000000000
2026/08/26 20:58:52.576, 0, 18082 MiB, 0 %, 1695 MHz, 1695 MHz, 135.51 W, 61, P2, 0x0000000000000000
2026/08/26 20:58:53.578, 0, 18082 MiB, 100 %, 1950 MHz, 1950 MHz, 162.88 W, 63, P2, 0x0000000000000000
2026/08/26 20:58:54.578, 0, 18082 MiB, 100 %, 1950 MHz, 1950 MHz, 168.96 W, 62, P2, 0x0000000000000000
2026/08/26 20:58:55.578, 0, 18082 MiB, 100 %, 1950 MHz, 1950 MHz, 169.37 W, 62, P2, 0x0000000000000000
2026/08/26 20:58:56.580, 0, 18082 MiB, 99 %, 1950 MHz, 1950 MHz, 168.19 W, 62, P2, 0x0000000000000000
2026/08/26 20:58:57.580, 0, 18082 MiB, 100 %, 1950 MHz, 1950 MHz, 166.77 W, 62, P2, 0x0000000000000000
2026/08/26 20:58:58.580, 0, 18082 MiB, 99 %, 1950 MHz, 1950 MHz, 165.02 W, 61, P2, 0x0000000000000000
2026/08/26 20:58:59.580, 0, 18082 MiB, 100 %, 1950 MHz, 1950 MHz, 164.48 W, 61, P2, 0x0000000000000000
2026/08/26 20:59:00.581, 0, 18082 MiB, 99 %, 1950 MHz, 1950 MHz, 161.54 W, 61, P2, 0x0000000000000000
2026/08/26 20:59:01.581, 0, 21760 MiB, 0 %, 1950 MHz, 1950 MHz, 162.94 W, 61, P2, 0x0000000000000000
2026/08/26 20:59:02.581, 0, 21812 MiB, 35 %, 1950 MHz, 1950 MHz, 231.28 W, 66, P2, 0x0000000000000000
2026/08/26 20:59:03.581, 0, 21812 MiB, 72 %, 1935 MHz, 1935 MHz, 310.89 W, 66, P2, 0x0000000000000000
2026/08/26 20:59:04.581, 0, 21812 MiB, 64 %, 1935 MHz, 1935 MHz, 280.62 W, 66, P2, 0x0000000000000000
2026/08/26 20:59:05.581, 0, 21812 MiB, 72 %, 1935 MHz, 1935 MHz, 309.32 W, 67, P2, 0x0000000000000000
2026/08/26 20:59:06.582, 0, 21812 MiB, 68 %, 1935 MHz, 1935 MHz, 315.59 W, 68, P2, 0x0000000000000000
2026/08/26 20:59:07.582, 0, 21812 MiB, 70 %, 1935 MHz, 1935 MHz, 284.59 W, 68, P2, 0x0000000000000004
2026/08/26 20:59:08.582, 0, 21812 MiB, 70 %, 1935 MHz, 1935 MHz, 316.45 W, 68, P2, 0x0000000000000000
2026/08/26 20:59:09.582, 0, 21828 MiB, 69 %, 1935 MHz, 1935 MHz, 273.64 W, 67, P2, 0x0000000000000000
2026/08/26 20:59:10.582, 0, 21828 MiB, 71 %, 1935 MHz, 1935 MHz, 309.11 W, 68, P2, 0x0000000000000000
2026/08/26 20:59:11.582, 0, 21828 MiB, 72 %, 1935 MHz, 1935 MHz, 314.80 W, 68, P2, 0x0000000000000004
2026/08/26 20:59:12.582, 0, 21828 MiB, 41 %, 1935 MHz, 1935 MHz, 274.44 W, 68, P2, 0x0000000000000004
2026/08/26 20:59:13.584, 0, 21828 MiB, 73 %, 1935 MHz, 1935 MHz, 313.13 W, 68, P2, 0x0000000000000000
2026/08/26 20:59:14.584, 0, 21834 MiB, 46 %, 1935 MHz, 1935 MHz, 254.23 W, 64, P2, 0x0000000000000004
2026/08/26 20:59:15.584, 0, 21834 MiB, 65 %, 1935 MHz, 1935 MHz, 243.64 W, 68, P2, 0x0000000000000004
2026/08/26 20:59:16.584, 0, 21834 MiB, 70 %, 1935 MHz, 1935 MHz, 307.90 W, 68, P2, 0x0000000000000000
2026/08/26 20:59:17.584, 0, 21834 MiB, 70 %, 1935 MHz, 1935 MHz, 285.67 W, 68, P2, 0x0000000000000000
2026/08/26 20:59:18.584, 0, 21834 MiB, 71 %, 1935 MHz, 1935 MHz, 316.37 W, 69, P2, 0x0000000000000000
2026/08/26 20:59:19.584, 0, 21834 MiB, 69 %, 1935 MHz, 1935 MHz, 291.48 W, 66, P2, 0x0000000000000004
2026/08/26 20:59:20.585, 0, 21834 MiB, 65 %, 1935 MHz, 1935 MHz, 293.63 W, 69, P2, 0x0000000000000000
2026/08/26 20:59:21.585, 0, 21834 MiB, 68 %, 1935 MHz, 1935 MHz, 289.26 W, 67, P2, 0x0000000000000004
2026/08/26 20:59:22.585, 0, 21834 MiB, 68 %, 1935 MHz, 1935 MHz, 290.64 W, 69, P2, 0x0000000000000000
2026/08/26 20:59:23.585, 0, 21834 MiB, 67 %, 1935 MHz, 1935 MHz, 314.18 W, 69, P2, 0x0000000000000004
2026/08/26 20:59:24.586, 0, 21834 MiB, 71 %, 1935 MHz, 1935 MHz, 288.09 W, 69, P2, 0x0000000000000000
2026/08/26 20:59:25.586, 0, 21834 MiB, 66 %, 1935 MHz, 1935 MHz, 315.76 W, 70, P2, 0x0000000000000004
2026/08/26 20:59:26.586, 0, 21834 MiB, 69 %, 1935 MHz, 1935 MHz, 318.61 W, 70, P2, 0x0000000000000004
2026/08/26 20:59:27.586, 0, 21834 MiB, 64 %, 1935 MHz, 1935 MHz, 285.20 W, 70, P2, 0x0000000000000004
2026/08/26 20:59:28.586, 0, 21834 MiB, 68 %, 1935 MHz, 1935 MHz, 315.77 W, 70, P2, 0x0000000000000004
2026/08/26 20:59:29.587, 0, 414 MiB, 69 %, 1935 MHz, 1935 MHz, 284.87 W, 66, P2, 0x0000000000000000
2026/08/26 20:59:30.587, 0, 346 MiB, 0 %, 1935 MHz, 1935 MHz, 206.66 W, 65, P0, 0x0000000000000000
2026/08/26 20:59:31.587, 0, 346 MiB, 1 %, 1935 MHz, 1935 MHz, 166.65 W, 63, P2, 0x0000000000000000
2026/08/26 20:59:32.587, 0, 1100 MiB, 19 %, 1935 MHz, 1935 MHz, 160.10 W, 63, P2, 0x0000000000000000
2026/08/26 20:59:33.587, 0, 346 MiB, 5 %, 1695 MHz, 1695 MHz, 141.80 W, 61, P2, 0x0000000000000000
2026/08/26 20:59:34.588, 0, 17618 MiB, 99 %, 1950 MHz, 1950 MHz, 136.79 W, 61, P2, 0x0000000000000000
2026/08/26 20:59:35.588, 0, 17618 MiB, 100 %, 1950 MHz, 1950 MHz, 169.38 W, 62, P2, 0x0000000000000000
2026/08/26 20:59:36.588, 0, 17618 MiB, 100 %, 1950 MHz, 1950 MHz, 169.43 W, 62, P2, 0x0000000000000000
2026/08/26 20:59:37.588, 0, 17618 MiB, 100 %, 1950 MHz, 1950 MHz, 167.26 W, 62, P2, 0x0000000000000000
2026/08/26 20:59:38.588, 0, 17618 MiB, 100 %, 1950 MHz, 1950 MHz, 168.95 W, 62, P2, 0x0000000000000000
2026/08/26 20:59:39.589, 0, 17618 MiB, 99 %, 1950 MHz, 1950 MHz, 167.67 W, 62, P2, 0x0000000000000000
2026/08/26 20:59:40.589, 0, 17618 MiB, 100 %, 1950 MHz, 1950 MHz, 166.99 W, 61, P2, 0x0000000000000000
2026/08/26 20:59:41.589, 0, 17618 MiB, 100 %, 1950 MHz, 1950 MHz, 166.53 W, 61, P2, 0x0000000000000000
2026/08/26 20:59:42.589, 0, 17618 MiB, 100 %, 1950 MHz, 1950 MHz, 167.98 W, 61, P2, 0x0000000000000000
2026/08/26 20:59:43.589, 0, 20136 MiB, 0 %, 1950 MHz, 1950 MHz, 167.80 W, 61, P2, 0x0000000000000000
2026/08/26 20:59:44.589, 0, 20276 MiB, 0 %, 1950 MHz, 1950 MHz, 160.89 W, 60, P2, 0x0000000000000000
2026/08/26 20:59:45.590, 0, 20276 MiB, 66 %, 1950 MHz, 1950 MHz, 269.58 W, 66, P2, 0x0000000000000000
2026/08/26 20:59:46.590, 0, 20276 MiB, 64 %, 1935 MHz, 1935 MHz, 306.97 W, 66, P2, 0x0000000000000000
2026/08/26 20:59:47.590, 0, 20276 MiB, 66 %, 1935 MHz, 1935 MHz, 280.65 W, 66, P2, 0x0000000000000000
2026/08/26 20:59:48.590, 0, 20276 MiB, 71 %, 1935 MHz, 1935 MHz, 309.95 W, 67, P2, 0x0000000000000000
2026/08/26 20:59:49.590, 0, 20276 MiB, 69 %, 1935 MHz, 1935 MHz, 274.25 W, 64, P2, 0x0000000000000000
2026/08/26 20:59:50.590, 0, 20276 MiB, 68 %, 1935 MHz, 1935 MHz, 303.52 W, 67, P2, 0x0000000000000000
2026/08/26 20:59:51.592, 0, 20276 MiB, 67 %, 1935 MHz, 1935 MHz, 312.97 W, 68, P2, 0x0000000000000000
2026/08/26 20:59:52.592, 0, 20276 MiB, 67 %, 1935 MHz, 1935 MHz, 276.27 W, 68, P2, 0x0000000000000000
2026/08/26 20:59:53.592, 0, 20276 MiB, 68 %, 1935 MHz, 1935 MHz, 312.89 W, 68, P2, 0x0000000000000000
2026/08/26 20:59:54.592, 0, 20276 MiB, 67 %, 1935 MHz, 1935 MHz, 289.48 W, 65, P2, 0x0000000000000000
2026/08/26 20:59:55.592, 0, 20276 MiB, 67 %, 1935 MHz, 1935 MHz, 289.93 W, 68, P2, 0x0000000000000000
2026/08/26 20:59:56.593, 0, 20284 MiB, 67 %, 1935 MHz, 1935 MHz, 308.24 W, 68, P2, 0x0000000000000000
2026/08/26 20:59:57.593, 0, 20288 MiB, 99 %, 1935 MHz, 1935 MHz, 214.69 W, 64, P2, 0x0000000000000000
2026/08/26 20:59:58.593, 0, 20288 MiB, 71 %, 1935 MHz, 1935 MHz, 277.44 W, 68, P2, 0x0000000000000000
2026/08/26 20:59:59.593, 0, 20288 MiB, 66 %, 1935 MHz, 1935 MHz, 308.10 W, 68, P2, 0x0000000000000000
2026/08/26 21:00:00.593, 0, 20288 MiB, 70 %, 1935 MHz, 1935 MHz, 283.48 W, 68, P2, 0x0000000000000000
2026/08/26 21:00:01.594, 0, 20288 MiB, 70 %, 1935 MHz, 1935 MHz, 311.49 W, 68, P2, 0x0000000000000000
2026/08/26 21:00:02.594, 0, 20288 MiB, 69 %, 1935 MHz, 1935 MHz, 285.49 W, 68, P2, 0x0000000000000000
2026/08/26 21:00:03.594, 0, 20288 MiB, 68 %, 1935 MHz, 1935 MHz, 311.43 W, 69, P2, 0x0000000000000000
2026/08/26 21:00:04.594, 0, 20288 MiB, 69 %, 1935 MHz, 1935 MHz, 286.73 W, 66, P2, 0x0000000000000000
2026/08/26 21:00:05.595, 0, 20288 MiB, 66 %, 1935 MHz, 1935 MHz, 306.17 W, 69, P2, 0x0000000000000000
2026/08/26 21:00:06.595, 0, 20288 MiB, 63 %, 1935 MHz, 1935 MHz, 311.98 W, 69, P2, 0x0000000000000000
2026/08/26 21:00:07.595, 0, 20288 MiB, 69 %, 1935 MHz, 1935 MHz, 283.09 W, 69, P2, 0x0000000000000000
2026/08/26 21:00:08.595, 0, 20288 MiB, 68 %, 1935 MHz, 1935 MHz, 313.52 W, 70, P2, 0x0000000000000000
2026/08/26 21:00:09.595, 0, 20288 MiB, 69 %, 1935 MHz, 1935 MHz, 283.93 W, 69, P2, 0x0000000000000000
2026/08/26 21:00:10.596, 0, 20288 MiB, 72 %, 1935 MHz, 1935 MHz, 315.72 W, 70, P2, 0x0000000000000004
2026/08/26 21:00:11.596, 0, 82 MiB, 6 %, 1935 MHz, 1935 MHz, 293.68 W, 66, P2, 0x0000000000000000
2026/08/26 21:00:12.597, 0, 346 MiB, 0 %, 1935 MHz, 1935 MHz, 174.72 W, 64, P2, 0x0000000000000000
2026/08/26 21:00:13.597, 0, 346 MiB, 6 %, 1935 MHz, 1935 MHz, 160.67 W, 63, P2, 0x0000000000000000
2026/08/26 21:00:14.597, 0, 346 MiB, 6 %, 1695 MHz, 1695 MHz, 152.76 W, 61, P2, 0x0000000000000000
2026/08/26 21:00:15.597, 0, 20144 MiB, 100 %, 1695 MHz, 1695 MHz, 132.19 W, 61, P2, 0x0000000000000000
2026/08/26 21:00:16.597, 0, 20144 MiB, 99 %, 1950 MHz, 1950 MHz, 157.27 W, 62, P2, 0x0000000000000000
2026/08/26 21:00:17.598, 0, 20144 MiB, 100 %, 1950 MHz, 1950 MHz, 158.78 W, 62, P2, 0x0000000000000000
2026/08/26 21:00:18.598, 0, 20144 MiB, 100 %, 1950 MHz, 1950 MHz, 158.54 W, 61, P2, 0x0000000000000000
2026/08/26 21:00:19.598, 0, 20144 MiB, 99 %, 1950 MHz, 1950 MHz, 158.30 W, 61, P2, 0x0000000000000000
2026/08/26 21:00:20.598, 0, 20144 MiB, 99 %, 1950 MHz, 1950 MHz, 158.04 W, 61, P2, 0x0000000000000000
2026/08/26 21:00:21.598, 0, 20144 MiB, 99 %, 1950 MHz, 1950 MHz, 157.64 W, 61, P2, 0x0000000000000000
2026/08/26 21:00:22.599, 0, 20816 MiB, 54 %, 1950 MHz, 1950 MHz, 167.51 W, 62, P2, 0x0000000000000000
2026/08/26 21:00:23.599, 0, 20816 MiB, 76 %, 1950 MHz, 1950 MHz, 267.36 W, 66, P2, 0x0000000000000000
2026/08/26 21:00:24.599, 0, 20816 MiB, 79 %, 1935 MHz, 1935 MHz, 277.54 W, 65, P2, 0x0000000000000000
2026/08/26 21:00:25.599, 0, 20816 MiB, 73 %, 1935 MHz, 1935 MHz, 285.12 W, 67, P2, 0x0000000000000000
2026/08/26 21:00:26.599, 0, 20816 MiB, 20 %, 1935 MHz, 1935 MHz, 268.20 W, 64, P2, 0x0000000000000000
2026/08/26 21:00:27.599, 0, 20816 MiB, 76 %, 1935 MHz, 1935 MHz, 295.09 W, 68, P2, 0x0000000000000000
2026/08/26 21:00:28.599, 0, 20816 MiB, 78 %, 1935 MHz, 1935 MHz, 325.12 W, 69, P2, 0x0000000000000000
2026/08/26 21:00:29.600, 0, 20816 MiB, 73 %, 1935 MHz, 1935 MHz, 291.88 W, 66, P2, 0x0000000000000000
2026/08/26 21:00:30.600, 0, 20816 MiB, 79 %, 1935 MHz, 1935 MHz, 316.82 W, 69, P2, 0x0000000000000000
2026/08/26 21:00:31.600, 0, 20816 MiB, 76 %, 1935 MHz, 1935 MHz, 311.44 W, 69, P2, 0x0000000000000000
2026/08/26 21:00:32.600, 0, 20816 MiB, 38 %, 1935 MHz, 1935 MHz, 287.00 W, 65, P2, 0x0000000000000000
2026/08/26 21:00:33.600, 0, 20816 MiB, 78 %, 1935 MHz, 1935 MHz, 270.52 W, 68, P2, 0x0000000000000000
2026/08/26 21:00:34.600, 0, 20816 MiB, 77 %, 1935 MHz, 1935 MHz, 309.64 W, 69, P2, 0x0000000000000000
2026/08/26 21:00:35.600, 0, 20816 MiB, 78 %, 1935 MHz, 1935 MHz, 311.86 W, 70, P2, 0x0000000000000000
2026/08/26 21:00:36.601, 0, 20816 MiB, 78 %, 1935 MHz, 1935 MHz, 285.29 W, 70, P2, 0x0000000000000000
2026/08/26 21:00:37.601, 0, 20816 MiB, 78 %, 1935 MHz, 1935 MHz, 314.06 W, 70, P2, 0x0000000000000000
2026/08/26 21:00:38.601, 0, 20816 MiB, 78 %, 1935 MHz, 1935 MHz, 304.67 W, 70, P2, 0x0000000000000000
2026/08/26 21:00:39.601, 0, 20824 MiB, 64 %, 1935 MHz, 1935 MHz, 261.58 W, 67, P2, 0x0000000000000000
2026/08/26 21:00:40.601, 0, 20824 MiB, 83 %, 1935 MHz, 1935 MHz, 260.12 W, 66, P2, 0x0000000000000000
2026/08/26 21:00:41.602, 0, 20824 MiB, 77 %, 1935 MHz, 1935 MHz, 275.71 W, 68, P2, 0x0000000000000000
2026/08/26 21:00:42.602, 0, 20824 MiB, 78 %, 1935 MHz, 1935 MHz, 274.92 W, 68, P2, 0x0000000000000000
2026/08/26 21:00:43.602, 0, 20824 MiB, 79 %, 1935 MHz, 1935 MHz, 254.50 W, 67, P2, 0x0000000000000000
2026/08/26 21:00:44.602, 0, 20824 MiB, 65 %, 1935 MHz, 1935 MHz, 231.12 W, 66, P2, 0x0000000000000000
2026/08/26 21:00:45.602, 0, 20824 MiB, 80 %, 1935 MHz, 1935 MHz, 270.41 W, 67, P2, 0x0000000000000000
2026/08/26 21:00:46.603, 0, 20824 MiB, 81 %, 1935 MHz, 1935 MHz, 303.30 W, 69, P2, 0x0000000000000000
2026/08/26 21:00:47.603, 0, 20824 MiB, 77 %, 1935 MHz, 1935 MHz, 293.17 W, 70, P2, 0x0000000000000000
2026/08/26 21:00:48.603, 0, 20824 MiB, 73 %, 1935 MHz, 1935 MHz, 258.13 W, 66, P2, 0x0000000000000004
2026/08/26 21:00:49.603, 0, 20824 MiB, 74 %, 1935 MHz, 1935 MHz, 280.71 W, 67, P2, 0x0000000000000000
2026/08/26 21:00:50.603, 0, 20824 MiB, 80 %, 1935 MHz, 1935 MHz, 269.68 W, 68, P2, 0x0000000000000000
2026/08/26 21:00:51.604, 0, 20824 MiB, 74 %, 1935 MHz, 1935 MHz, 258.12 W, 69, P2, 0x0000000000000000
2026/08/26 21:00:52.604, 0, 20824 MiB, 58 %, 1935 MHz, 1935 MHz, 279.83 W, 67, P2, 0x0000000000000000
2026/08/26 21:00:53.604, 0, 20824 MiB, 77 %, 1935 MHz, 1935 MHz, 296.72 W, 70, P2, 0x0000000000000000
2026/08/26 21:00:54.604, 0, 20824 MiB, 77 %, 1935 MHz, 1935 MHz, 330.95 W, 71, P2, 0x0000000000000000
2026/08/26 21:00:55.604, 0, 20824 MiB, 15 %, 1935 MHz, 1935 MHz, 310.32 W, 68, P2, 0x0000000000000000
2026/08/26 21:00:56.605, 0, 20824 MiB, 77 %, 1935 MHz, 1935 MHz, 282.56 W, 71, P2, 0x0000000000000000
2026/08/26 21:00:57.605, 0, 20824 MiB, 84 %, 1920 MHz, 1920 MHz, 324.08 W, 70, P2, 0x0000000000000000
2026/08/26 21:00:58.605, 0, 20824 MiB, 77 %, 1920 MHz, 1920 MHz, 308.81 W, 71, P2, 0x0000000000000000
2026/08/26 21:00:59.605, 0, 20824 MiB, 76 %, 1920 MHz, 1920 MHz, 289.48 W, 71, P2, 0x0000000000000000
2026/08/26 21:01:00.605, 0, 20824 MiB, 79 %, 1920 MHz, 1920 MHz, 317.13 W, 72, P2, 0x0000000000000000
2026/08/26 21:01:01.606, 0, 392 MiB, 78 %, 1920 MHz, 1920 MHz, 335.44 W, 72, P2, 0x0000000000000000
2026/08/26 21:01:02.606, 0, 346 MiB, 0 %, 1935 MHz, 1935 MHz, 178.69 W, 66, P2, 0x0000000000000000
2026/08/26 21:01:03.606, 0, 346 MiB, 0 %, 1935 MHz, 1935 MHz, 165.00 W, 64, P2, 0x0000000000000000
2026/08/26 21:01:04.606, 0, 346 MiB, 0 %, 1695 MHz, 1695 MHz, 157.15 W, 63, P2, 0x0000000000000000
2026/08/26 21:01:05.606, 0, 20144 MiB, 100 %, 1695 MHz, 1695 MHz, 131.34 W, 62, P2, 0x0000000000000000
2026/08/26 21:01:06.607, 0, 20144 MiB, 100 %, 1935 MHz, 1935 MHz, 156.30 W, 62, P2, 0x0000000000000000
2026/08/26 21:01:07.607, 0, 20144 MiB, 99 %, 1935 MHz, 1935 MHz, 158.75 W, 62, P2, 0x0000000000000000
2026/08/26 21:01:08.607, 0, 20144 MiB, 99 %, 1935 MHz, 1935 MHz, 158.44 W, 62, P2, 0x0000000000000000
2026/08/26 21:01:09.607, 0, 20144 MiB, 99 %, 1935 MHz, 1935 MHz, 158.14 W, 62, P2, 0x0000000000000000
2026/08/26 21:01:10.607, 0, 20144 MiB, 100 %, 1935 MHz, 1935 MHz, 157.93 W, 61, P2, 0x0000000000000000
2026/08/26 21:01:11.608, 0, 20144 MiB, 99 %, 1950 MHz, 1950 MHz, 161.30 W, 61, P2, 0x0000000000000000
2026/08/26 21:01:12.608, 0, 20816 MiB, 52 %, 1950 MHz, 1950 MHz, 168.72 W, 62, P2, 0x0000000000000000
2026/08/26 21:01:13.608, 0, 20816 MiB, 76 %, 1935 MHz, 1935 MHz, 307.03 W, 68, P2, 0x0000000000000000
2026/08/26 21:01:14.608, 0, 20816 MiB, 76 %, 1935 MHz, 1935 MHz, 325.05 W, 68, P2, 0x0000000000000000
2026/08/26 21:01:15.608, 0, 20818 MiB, 72 %, 1935 MHz, 1935 MHz, 284.19 W, 65, P2, 0x0000000000000000
2026/08/26 21:01:16.609, 0, 20822 MiB, 78 %, 1935 MHz, 1935 MHz, 274.51 W, 68, P2, 0x0000000000000000
2026/08/26 21:01:17.609, 0, 20822 MiB, 77 %, 1935 MHz, 1935 MHz, 327.89 W, 69, P2, 0x0000000000000004
2026/08/26 21:01:18.609, 0, 20822 MiB, 4 %, 1935 MHz, 1935 MHz, 314.21 W, 69, P2, 0x0000000000000004
2026/08/26 21:01:19.609, 0, 20822 MiB, 78 %, 1935 MHz, 1935 MHz, 251.78 W, 69, P2, 0x0000000000000000
2026/08/26 21:01:20.609, 0, 20822 MiB, 78 %, 1935 MHz, 1935 MHz, 327.70 W, 70, P2, 0x0000000000000000
2026/08/26 21:01:21.610, 0, 20822 MiB, 78 %, 1935 MHz, 1935 MHz, 329.17 W, 70, P2, 0x0000000000000000
2026/08/26 21:01:22.610, 0, 20824 MiB, 77 %, 1935 MHz, 1935 MHz, 256.10 W, 68, P2, 0x0000000000000000
2026/08/26 21:01:23.610, 0, 20824 MiB, 77 %, 1935 MHz, 1935 MHz, 329.89 W, 70, P2, 0x0000000000000000
2026/08/26 21:01:24.610, 0, 20824 MiB, 77 %, 1935 MHz, 1935 MHz, 329.53 W, 71, P2, 0x0000000000000000
2026/08/26 21:01:25.610, 0, 20824 MiB, 77 %, 1935 MHz, 1935 MHz, 252.83 W, 65, P2, 0x0000000000000004
2026/08/26 21:01:26.611, 0, 20824 MiB, 77 %, 1935 MHz, 1935 MHz, 322.58 W, 70, P2, 0x0000000000000000
2026/08/26 21:01:27.611, 0, 20824 MiB, 78 %, 1935 MHz, 1935 MHz, 331.43 W, 71, P2, 0x0000000000000004
2026/08/26 21:01:28.611, 0, 20824 MiB, 74 %, 1935 MHz, 1935 MHz, 263.37 W, 67, P2, 0x0000000000000000
2026/08/26 21:01:29.611, 0, 20824 MiB, 78 %, 1935 MHz, 1935 MHz, 284.48 W, 70, P2, 0x0000000000000004
2026/08/26 21:01:30.611, 0, 20824 MiB, 79 %, 1935 MHz, 1935 MHz, 333.66 W, 71, P2, 0x0000000000000004
2026/08/26 21:01:31.612, 0, 20824 MiB, 64 %, 1935 MHz, 1935 MHz, 309.47 W, 68, P2, 0x0000000000000004
2026/08/26 21:01:32.612, 0, 20824 MiB, 78 %, 1935 MHz, 1935 MHz, 268.24 W, 71, P2, 0x0000000000000004
2026/08/26 21:01:33.612, 0, 20824 MiB, 80 %, 1935 MHz, 1935 MHz, 331.39 W, 71, P2, 0x0000000000000004
2026/08/26 21:01:34.612, 0, 20824 MiB, 57 %, 1920 MHz, 1920 MHz, 329.86 W, 72, P2, 0x0000000000000000
2026/08/26 21:01:35.612, 0, 20824 MiB, 78 %, 1920 MHz, 1920 MHz, 293.78 W, 71, P2, 0x0000000000000000
2026/08/26 21:01:36.613, 0, 20824 MiB, 78 %, 1920 MHz, 1920 MHz, 334.34 W, 72, P2, 0x0000000000000004
2026/08/26 21:01:37.613, 0, 20824 MiB, 29 %, 1920 MHz, 1920 MHz, 312.30 W, 70, P2, 0x0000000000000000
2026/08/26 21:01:38.613, 0, 20824 MiB, 78 %, 1920 MHz, 1920 MHz, 253.24 W, 71, P2, 0x0000000000000000
2026/08/26 21:01:39.613, 0, 20824 MiB, 76 %, 1920 MHz, 1920 MHz, 334.02 W, 72, P2, 0x0000000000000000
2026/08/26 21:01:40.613, 0, 20824 MiB, 78 %, 1920 MHz, 1920 MHz, 332.85 W, 72, P2, 0x0000000000000000
2026/08/26 21:01:41.614, 0, 20824 MiB, 89 %, 1920 MHz, 1920 MHz, 241.09 W, 67, P2, 0x0000000000000004
2026/08/26 21:01:42.614, 0, 20824 MiB, 78 %, 1920 MHz, 1920 MHz, 324.79 W, 72, P2, 0x0000000000000000
2026/08/26 21:01:43.614, 0, 20824 MiB, 78 %, 1920 MHz, 1920 MHz, 334.05 W, 73, P2, 0x0000000000000000
2026/08/26 21:01:44.614, 0, 20824 MiB, 98 %, 1920 MHz, 1920 MHz, 291.61 W, 71, P2, 0x0000000000000004
2026/08/26 21:01:45.614, 0, 20824 MiB, 80 %, 1920 MHz, 1920 MHz, 289.35 W, 72, P2, 0x0000000000000004
2026/08/26 21:01:46.615, 0, 20824 MiB, 79 %, 1920 MHz, 1920 MHz, 330.87 W, 72, P2, 0x0000000000000004
2026/08/26 21:01:47.615, 0, 392 MiB, 97 %, 1920 MHz, 1920 MHz, 293.00 W, 69, P2, 0x0000000000000000
2026/08/26 21:01:48.615, 0, 346 MiB, 0 %, 1935 MHz, 1935 MHz, 180.35 W, 66, P2, 0x0000000000000024
2026/08/26 21:01:49.615, 0, 346 MiB, 6 %, 1935 MHz, 1935 MHz, 169.22 W, 65, P2, 0x0000000000000000
2026/08/26 21:01:50.615, 0, 346 MiB, 8 %, 1695 MHz, 1695 MHz, 165.29 W, 63, P2, 0x0000000000000000
2026/08/26 21:01:51.616, 0, 20144 MiB, 100 %, 1695 MHz, 1695 MHz, 134.13 W, 62, P2, 0x0000000000000000
2026/08/26 21:01:52.616, 0, 20144 MiB, 100 %, 1935 MHz, 1935 MHz, 164.96 W, 63, P2, 0x0000000000000000
2026/08/26 21:01:53.616, 0, 20144 MiB, 100 %, 1935 MHz, 1935 MHz, 169.95 W, 63, P2, 0x0000000000000000
2026/08/26 21:01:54.616, 0, 20144 MiB, 99 %, 1935 MHz, 1935 MHz, 168.76 W, 63, P2, 0x0000000000000000
2026/08/26 21:01:55.616, 0, 20144 MiB, 99 %, 1935 MHz, 1935 MHz, 167.11 W, 63, P2, 0x0000000000000000
2026/08/26 21:01:56.617, 0, 20144 MiB, 100 %, 1935 MHz, 1935 MHz, 166.10 W, 62, P2, 0x0000000000000000
2026/08/26 21:01:57.617, 0, 20144 MiB, 100 %, 1935 MHz, 1935 MHz, 166.14 W, 62, P2, 0x0000000000000000
2026/08/26 21:01:58.617, 0, 20144 MiB, 100 %, 1935 MHz, 1935 MHz, 165.91 W, 62, P2, 0x0000000000000000
2026/08/26 21:01:59.617, 0, 20144 MiB, 100 %, 1935 MHz, 1935 MHz, 165.33 W, 62, P2, 0x0000000000000000
2026/08/26 21:02:00.617, 0, 20144 MiB, 99 %, 1935 MHz, 1935 MHz, 165.10 W, 62, P2, 0x0000000000000024
2026/08/26 21:02:01.618, 0, 20816 MiB, 60 %, 1950 MHz, 1950 MHz, 176.69 W, 63, P2, 0x0000000000000000
2026/08/26 21:02:02.618, 0, 20816 MiB, 76 %, 1935 MHz, 1935 MHz, 311.52 W, 68, P2, 0x0000000000000000
2026/08/26 21:02:03.618, 0, 20816 MiB, 77 %, 1935 MHz, 1935 MHz, 326.13 W, 68, P2, 0x0000000000000000
2026/08/26 21:02:04.618, 0, 20820 MiB, 75 %, 1935 MHz, 1935 MHz, 265.42 W, 67, P2, 0x0000000000000000
2026/08/26 21:02:05.618, 0, 20820 MiB, 80 %, 1935 MHz, 1935 MHz, 318.37 W, 69, P2, 0x0000000000000004
2026/08/26 21:02:06.619, 0, 20820 MiB, 75 %, 1935 MHz, 1935 MHz, 328.48 W, 69, P2, 0x0000000000000004
2026/08/26 21:02:07.619, 0, 20820 MiB, 78 %, 1935 MHz, 1935 MHz, 279.37 W, 69, P2, 0x0000000000000000
2026/08/26 21:02:08.619, 0, 20820 MiB, 78 %, 1935 MHz, 1935 MHz, 328.04 W, 70, P2, 0x0000000000000000
2026/08/26 21:02:09.619, 0, 20820 MiB, 80 %, 1935 MHz, 1935 MHz, 330.34 W, 70, P2, 0x0000000000000004
2026/08/26 21:02:10.620, 0, 20820 MiB, 77 %, 1935 MHz, 1935 MHz, 294.15 W, 70, P2, 0x0000000000000000
2026/08/26 21:02:11.620, 0, 20820 MiB, 77 %, 1935 MHz, 1935 MHz, 331.48 W, 70, P2, 0x0000000000000004
2026/08/26 21:02:12.620, 0, 20820 MiB, 76 %, 1935 MHz, 1935 MHz, 330.92 W, 71, P2, 0x0000000000000004
2026/08/26 21:02:13.620, 0, 20820 MiB, 78 %, 1935 MHz, 1935 MHz, 294.57 W, 70, P2, 0x0000000000000004
2026/08/26 21:02:14.620, 0, 20820 MiB, 80 %, 1935 MHz, 1935 MHz, 332.57 W, 71, P2, 0x0000000000000004
2026/08/26 21:02:15.620, 0, 20820 MiB, 78 %, 1935 MHz, 1935 MHz, 334.21 W, 71, P2, 0x0000000000000004
2026/08/26 21:02:16.621, 0, 20826 MiB, 78 %, 1935 MHz, 1935 MHz, 262.94 W, 70, P2, 0x0000000000000004
2026/08/26 21:02:17.621, 0, 20826 MiB, 76 %, 1935 MHz, 1935 MHz, 319.15 W, 70, P2, 0x0000000000000000
2026/08/26 21:02:18.621, 0, 20826 MiB, 80 %, 1935 MHz, 1935 MHz, 331.03 W, 71, P2, 0x0000000000000004
2026/08/26 21:02:19.621, 0, 20826 MiB, 77 %, 1935 MHz, 1935 MHz, 294.58 W, 71, P2, 0x0000000000000000
2026/08/26 21:02:20.621, 0, 20826 MiB, 77 %, 1935 MHz, 1935 MHz, 330.94 W, 71, P2, 0x0000000000000004
2026/08/26 21:02:21.622, 0, 20826 MiB, 77 %, 1920 MHz, 1920 MHz, 329.22 W, 72, P2, 0x0000000000000000
2026/08/26 21:02:22.622, 0, 20826 MiB, 76 %, 1920 MHz, 1920 MHz, 301.96 W, 72, P2, 0x0000000000000000
2026/08/26 21:02:23.622, 0, 20826 MiB, 78 %, 1920 MHz, 1920 MHz, 333.96 W, 72, P2, 0x0000000000000000
2026/08/26 21:02:24.622, 0, 20826 MiB, 44 %, 1920 MHz, 1920 MHz, 326.87 W, 70, P2, 0x0000000000000000
2026/08/26 21:02:25.622, 0, 20826 MiB, 77 %, 1920 MHz, 1920 MHz, 294.86 W, 72, P2, 0x0000000000000000
2026/08/26 21:02:26.623, 0, 20826 MiB, 78 %, 1920 MHz, 1920 MHz, 332.73 W, 72, P2, 0x0000000000000000
2026/08/26 21:02:27.623, 0, 20826 MiB, 30 %, 1920 MHz, 1920 MHz, 313.09 W, 69, P2, 0x0000000000000000
2026/08/26 21:02:28.623, 0, 20826 MiB, 77 %, 1920 MHz, 1920 MHz, 303.57 W, 73, P2, 0x0000000000000000
2026/08/26 21:02:29.623, 0, 20826 MiB, 79 %, 1920 MHz, 1920 MHz, 333.68 W, 73, P2, 0x0000000000000004
2026/08/26 21:02:30.624, 0, 20826 MiB, 58 %, 1920 MHz, 1920 MHz, 302.08 W, 69, P2, 0x0000000000000000
2026/08/26 21:02:31.624, 0, 20826 MiB, 76 %, 1920 MHz, 1920 MHz, 319.33 W, 73, P2, 0x0000000000000004
2026/08/26 21:02:32.624, 0, 20826 MiB, 77 %, 1920 MHz, 1920 MHz, 331.70 W, 73, P2, 0x0000000000000004
2026/08/26 21:02:33.624, 0, 82 MiB, 100 %, 1920 MHz, 1920 MHz, 285.25 W, 69, P2, 0x0000000000000000
2026/08/26 21:02:34.652, 0, 346 MiB, 100 %, 1920 MHz, 1920 MHz, 180.76 W, 67, P2, 0x0000000000000000
2026/08/26 21:02:35.652, 0, 346 MiB, 0 %, 1935 MHz, 1935 MHz, 170.03 W, 65, P2, 0x0000000000000000
2026/08/26 21:02:36.652, 0, 346 MiB, 0 %, 1695 MHz, 1695 MHz, 165.30 W, 64, P2, 0x0000000000000000
2026/08/26 21:02:37.653, 0, 20144 MiB, 8 %, 1695 MHz, 1695 MHz, 135.09 W, 62, P2, 0x0000000000000000
2026/08/26 21:02:38.653, 0, 20144 MiB, 99 %, 1935 MHz, 1935 MHz, 159.45 W, 64, P2, 0x0000000000000000
2026/08/26 21:02:39.653, 0, 20144 MiB, 100 %, 1935 MHz, 1935 MHz, 170.73 W, 63, P2, 0x0000000000000000
2026/08/26 21:02:40.653, 0, 20144 MiB, 99 %, 1935 MHz, 1935 MHz, 170.58 W, 63, P2, 0x0000000000000000
2026/08/26 21:02:41.653, 0, 20144 MiB, 100 %, 1935 MHz, 1935 MHz, 169.21 W, 63, P2, 0x0000000000000000
2026/08/26 21:02:42.654, 0, 20144 MiB, 99 %, 1935 MHz, 1935 MHz, 169.45 W, 63, P2, 0x0000000000000000
2026/08/26 21:02:43.654, 0, 20144 MiB, 100 %, 1935 MHz, 1935 MHz, 170.05 W, 63, P2, 0x0000000000000000
2026/08/26 21:02:44.654, 0, 20144 MiB, 100 %, 1935 MHz, 1935 MHz, 169.68 W, 62, P2, 0x0000000000000000
2026/08/26 21:02:45.654, 0, 20144 MiB, 100 %, 1935 MHz, 1935 MHz, 169.25 W, 62, P2, 0x0000000000000000
2026/08/26 21:02:46.654, 0, 20144 MiB, 99 %, 1935 MHz, 1935 MHz, 168.07 W, 62, P2, 0x0000000000000000
2026/08/26 21:02:47.655, 0, 20144 MiB, 100 %, 1935 MHz, 1935 MHz, 168.26 W, 61, P2, 0x0000000000000000
2026/08/26 21:02:48.655, 0, 20800 MiB, 100 %, 1950 MHz, 1950 MHz, 169.20 W, 62, P2, 0x0000000000000000
2026/08/26 21:02:49.655, 0, 20816 MiB, 19 %, 1950 MHz, 1950 MHz, 234.36 W, 66, P2, 0x0000000000000000
2026/08/26 21:02:50.655, 0, 20816 MiB, 77 %, 1935 MHz, 1935 MHz, 321.85 W, 67, P2, 0x0000000000000000
2026/08/26 21:02:51.656, 0, 20816 MiB, 75 %, 1935 MHz, 1935 MHz, 323.22 W, 68, P2, 0x0000000000000000
2026/08/26 21:02:52.656, 0, 20816 MiB, 66 %, 1935 MHz, 1935 MHz, 292.30 W, 68, P2, 0x0000000000000000
2026/08/26 21:02:53.656, 0, 20816 MiB, 77 %, 1935 MHz, 1935 MHz, 322.20 W, 69, P2, 0x0000000000000000
2026/08/26 21:02:54.656, 0, 20816 MiB, 79 %, 1935 MHz, 1935 MHz, 326.38 W, 69, P2, 0x0000000000000004
2026/08/26 21:02:55.656, 0, 20816 MiB, 76 %, 1935 MHz, 1935 MHz, 290.44 W, 69, P2, 0x0000000000000000
2026/08/26 21:02:56.657, 0, 20816 MiB, 77 %, 1935 MHz, 1935 MHz, 329.17 W, 70, P2, 0x0000000000000000
2026/08/26 21:02:57.657, 0, 20816 MiB, 77 %, 1935 MHz, 1935 MHz, 323.66 W, 70, P2, 0x0000000000000000
2026/08/26 21:02:58.657, 0, 20816 MiB, 76 %, 1935 MHz, 1935 MHz, 286.39 W, 70, P2, 0x0000000000000000
2026/08/26 21:02:59.657, 0, 20816 MiB, 77 %, 1935 MHz, 1935 MHz, 329.16 W, 70, P2, 0x0000000000000000
2026/08/26 21:03:00.657, 0, 20816 MiB, 79 %, 1935 MHz, 1935 MHz, 308.57 W, 68, P2, 0x0000000000000000
2026/08/26 21:03:01.658, 0, 20816 MiB, 77 %, 1935 MHz, 1935 MHz, 300.40 W, 70, P2, 0x0000000000000000
2026/08/26 21:03:02.658, 0, 20816 MiB, 79 %, 1935 MHz, 1935 MHz, 332.09 W, 71, P2, 0x0000000000000004
2026/08/26 21:03:03.658, 0, 20824 MiB, 78 %, 1935 MHz, 1935 MHz, 297.30 W, 70, P2, 0x0000000000000004
2026/08/26 21:03:04.658, 0, 20824 MiB, 77 %, 1935 MHz, 1935 MHz, 283.17 W, 70, P2, 0x0000000000000000
2026/08/26 21:03:05.658, 0, 20824 MiB, 77 %, 1935 MHz, 1935 MHz, 329.66 W, 71, P2, 0x0000000000000000
2026/08/26 21:03:06.659, 0, 20824 MiB, 79 %, 1935 MHz, 1935 MHz, 311.69 W, 68, P2, 0x0000000000000004
2026/08/26 21:03:07.659, 0, 20824 MiB, 78 %, 1935 MHz, 1935 MHz, 305.19 W, 71, P2, 0x0000000000000000
2026/08/26 21:03:08.659, 0, 20824 MiB, 78 %, 1935 MHz, 1935 MHz, 332.51 W, 71, P2, 0x0000000000000004
2026/08/26 21:03:09.659, 0, 20824 MiB, 77 %, 1920 MHz, 1920 MHz, 299.76 W, 69, P2, 0x0000000000000004
2026/08/26 21:03:10.660, 0, 20824 MiB, 79 %, 1920 MHz, 1920 MHz, 317.91 W, 71, P2, 0x0000000000000004
2026/08/26 21:03:11.660, 0, 20824 MiB, 80 %, 1920 MHz, 1920 MHz, 333.98 W, 72, P2, 0x0000000000000004
2026/08/26 21:03:12.660, 0, 20824 MiB, 79 %, 1860 MHz, 1860 MHz, 293.57 W, 69, P2, 0x0000000000000004
2026/08/26 21:03:13.660, 0, 20824 MiB, 78 %, 1920 MHz, 1920 MHz, 328.58 W, 72, P2, 0x0000000000000000
2026/08/26 21:03:14.660, 0, 20824 MiB, 78 %, 1920 MHz, 1920 MHz, 334.77 W, 72, P2, 0x0000000000000000
2026/08/26 21:03:15.661, 0, 20824 MiB, 50 %, 1920 MHz, 1920 MHz, 294.85 W, 71, P2, 0x0000000000000000
2026/08/26 21:03:16.661, 0, 20824 MiB, 77 %, 1920 MHz, 1920 MHz, 335.37 W, 72, P2, 0x0000000000000000
2026/08/26 21:03:17.661, 0, 20824 MiB, 78 %, 1920 MHz, 1920 MHz, 336.31 W, 73, P2, 0x0000000000000000
2026/08/26 21:03:18.661, 0, 20824 MiB, 56 %, 1920 MHz, 1920 MHz, 299.46 W, 72, P2, 0x0000000000000000
2026/08/26 21:03:19.661, 0, 20824 MiB, 77 %, 1920 MHz, 1920 MHz, 336.12 W, 73, P2, 0x0000000000000000
2026/08/26 21:03:20.662, 0, 392 MiB, 79 %, 1920 MHz, 1920 MHz, 334.17 W, 73, P2, 0x0000000000000004
2026/08/26 21:03:21.662, 0, 346 MiB, 100 %, 1920 MHz, 1920 MHz, 220.64 W, 67, P0, 0x0000000000000000
2026/08/26 21:03:22.662, 0, 346 MiB, 0 %, 1935 MHz, 1935 MHz, 174.18 W, 66, P2, 0x0000000000000000
2026/08/26 21:03:23.662, 0, 346 MiB, 0 %, 1935 MHz, 1935 MHz, 171.24 W, 65, P2, 0x0000000000000000
2026/08/26 21:03:24.662, 0, 19362 MiB, 6 %, 1695 MHz, 1695 MHz, 147.72 W, 63, P2, 0x0000000000000000
2026/08/26 21:03:25.663, 0, 19362 MiB, 90 %, 1935 MHz, 1935 MHz, 142.38 W, 63, P2, 0x0000000000000000
2026/08/26 21:03:26.663, 0, 19362 MiB, 99 %, 1935 MHz, 1935 MHz, 170.42 W, 63, P2, 0x0000000000000000
2026/08/26 21:03:27.663, 0, 19362 MiB, 100 %, 1935 MHz, 1935 MHz, 170.88 W, 63, P2, 0x0000000000000000
2026/08/26 21:03:28.663, 0, 19362 MiB, 99 %, 1935 MHz, 1935 MHz, 169.07 W, 63, P2, 0x0000000000000000
2026/08/26 21:03:29.663, 0, 19362 MiB, 100 %, 1935 MHz, 1935 MHz, 169.86 W, 63, P2, 0x0000000000000000
2026/08/26 21:03:30.664, 0, 19362 MiB, 100 %, 1935 MHz, 1935 MHz, 169.69 W, 62, P2, 0x0000000000000000
2026/08/26 21:03:31.664, 0, 19362 MiB, 100 %, 1935 MHz, 1935 MHz, 169.04 W, 62, P2, 0x0000000000000000
2026/08/26 21:03:32.664, 0, 19362 MiB, 99 %, 1935 MHz, 1935 MHz, 167.59 W, 62, P2, 0x0000000000000000
2026/08/26 21:03:33.664, 0, 19362 MiB, 100 %, 1935 MHz, 1935 MHz, 168.78 W, 62, P2, 0x0000000000000000
2026/08/26 21:03:34.664, 0, 19362 MiB, 100 %, 1950 MHz, 1950 MHz, 167.74 W, 62, P2, 0x0000000000000000
2026/08/26 21:03:35.664, 0, 20004 MiB, 100 %, 1950 MHz, 1950 MHz, 168.71 W, 61, P2, 0x0000000000000000
2026/08/26 21:03:36.664, 0, 20764 MiB, 0 %, 1950 MHz, 1950 MHz, 168.99 W, 61, P2, 0x0000000000000000
2026/08/26 21:03:37.665, 0, 20768 MiB, 81 %, 1950 MHz, 1950 MHz, 226.12 W, 64, P2, 0x0000000000000000
2026/08/26 21:03:38.665, 0, 20770 MiB, 83 %, 1950 MHz, 1950 MHz, 231.38 W, 64, P2, 0x0000000000000000
2026/08/26 21:03:39.665, 0, 20770 MiB, 84 %, 1950 MHz, 1950 MHz, 232.11 W, 64, P2, 0x0000000000000000
2026/08/26 21:03:40.665, 0, 20770 MiB, 84 %, 1950 MHz, 1950 MHz, 231.48 W, 64, P2, 0x0000000000000000
2026/08/26 21:03:41.665, 0, 20770 MiB, 85 %, 1950 MHz, 1950 MHz, 226.87 W, 63, P2, 0x0000000000000000
2026/08/26 21:03:42.665, 0, 20770 MiB, 82 %, 1950 MHz, 1950 MHz, 228.51 W, 63, P2, 0x0000000000000000
2026/08/26 21:03:43.666, 0, 20770 MiB, 79 %, 1950 MHz, 1950 MHz, 231.88 W, 64, P2, 0x0000000000000000
2026/08/26 21:03:44.666, 0, 20774 MiB, 80 %, 1950 MHz, 1950 MHz, 235.18 W, 64, P2, 0x0000000000000000
2026/08/26 21:03:45.666, 0, 20774 MiB, 83 %, 1950 MHz, 1950 MHz, 229.65 W, 64, P2, 0x0000000000000000
2026/08/26 21:03:46.666, 0, 20774 MiB, 81 %, 1950 MHz, 1950 MHz, 226.95 W, 64, P2, 0x0000000000000000
2026/08/26 21:03:47.666, 0, 20774 MiB, 84 %, 1950 MHz, 1950 MHz, 230.76 W, 64, P2, 0x0000000000000000
2026/08/26 21:03:48.666, 0, 20774 MiB, 67 %, 1950 MHz, 1950 MHz, 221.44 W, 64, P2, 0x0000000000000000
2026/08/26 21:03:49.667, 0, 20774 MiB, 74 %, 1950 MHz, 1950 MHz, 231.64 W, 64, P2, 0x0000000000000000
2026/08/26 21:03:50.667, 0, 20774 MiB, 80 %, 1950 MHz, 1950 MHz, 233.57 W, 64, P2, 0x0000000000000000
2026/08/26 21:03:51.667, 0, 20774 MiB, 82 %, 1950 MHz, 1950 MHz, 230.34 W, 63, P2, 0x0000000000000000
2026/08/26 21:03:52.667, 0, 20774 MiB, 84 %, 1950 MHz, 1950 MHz, 232.98 W, 63, P2, 0x0000000000000004
2026/08/26 21:03:53.667, 0, 20774 MiB, 80 %, 1950 MHz, 1950 MHz, 233.39 W, 64, P2, 0x0000000000000000
2026/08/26 21:03:54.668, 0, 20774 MiB, 83 %, 1950 MHz, 1950 MHz, 229.54 W, 63, P2, 0x0000000000000000
2026/08/26 21:03:55.668, 0, 20774 MiB, 84 %, 1950 MHz, 1950 MHz, 231.16 W, 63, P2, 0x0000000000000000
2026/08/26 21:03:56.668, 0, 20774 MiB, 81 %, 1950 MHz, 1950 MHz, 230.82 W, 64, P2, 0x0000000000000000
2026/08/26 21:03:57.668, 0, 20774 MiB, 83 %, 1950 MHz, 1950 MHz, 234.26 W, 64, P2, 0x0000000000000000
2026/08/26 21:03:58.668, 0, 20774 MiB, 30 %, 1950 MHz, 1950 MHz, 219.76 W, 64, P2, 0x0000000000000000
2026/08/26 21:03:59.669, 0, 20774 MiB, 82 %, 1950 MHz, 1950 MHz, 232.59 W, 64, P2, 0x0000000000000000
2026/08/26 21:04:00.669, 0, 20774 MiB, 79 %, 1950 MHz, 1950 MHz, 231.96 W, 64, P2, 0x0000000000000000
2026/08/26 21:04:01.669, 0, 20774 MiB, 85 %, 1950 MHz, 1950 MHz, 231.35 W, 64, P2, 0x0000000000000000
2026/08/26 21:04:02.669, 0, 20774 MiB, 79 %, 1950 MHz, 1950 MHz, 230.58 W, 64, P2, 0x0000000000000000
2026/08/26 21:04:03.670, 0, 20774 MiB, 79 %, 1950 MHz, 1950 MHz, 232.30 W, 63, P2, 0x0000000000000000
2026/08/26 21:04:04.670, 0, 20774 MiB, 85 %, 1950 MHz, 1950 MHz, 227.51 W, 64, P2, 0x0000000000000000
2026/08/26 21:04:05.670, 0, 20774 MiB, 83 %, 1950 MHz, 1950 MHz, 229.62 W, 64, P2, 0x0000000000000000
2026/08/26 21:04:06.670, 0, 20774 MiB, 80 %, 1950 MHz, 1950 MHz, 230.18 W, 63, P2, 0x0000000000000000
2026/08/26 21:04:07.670, 0, 20774 MiB, 84 %, 1950 MHz, 1950 MHz, 226.82 W, 63, P2, 0x0000000000000000
2026/08/26 21:04:08.671, 0, 20774 MiB, 81 %, 1950 MHz, 1950 MHz, 229.08 W, 63, P2, 0x0000000000000000
2026/08/26 21:04:09.671, 0, 20774 MiB, 79 %, 1950 MHz, 1950 MHz, 230.49 W, 63, P2, 0x0000000000000000
2026/08/26 21:04:10.671, 0, 20774 MiB, 76 %, 1950 MHz, 1950 MHz, 220.51 W, 63, P2, 0x0000000000000000
2026/08/26 21:04:11.671, 0, 20774 MiB, 81 %, 1950 MHz, 1950 MHz, 232.18 W, 63, P2, 0x0000000000000000
2026/08/26 21:04:12.671, 0, 20774 MiB, 81 %, 1950 MHz, 1950 MHz, 233.29 W, 64, P2, 0x0000000000000000
2026/08/26 21:04:13.672, 0, 20774 MiB, 83 %, 1950 MHz, 1950 MHz, 232.59 W, 63, P2, 0x0000000000000000
2026/08/26 21:04:14.672, 0, 20774 MiB, 85 %, 1950 MHz, 1950 MHz, 228.17 W, 63, P2, 0x0000000000000000
2026/08/26 21:04:15.672, 0, 20774 MiB, 78 %, 1950 MHz, 1950 MHz, 230.22 W, 63, P2, 0x0000000000000000
2026/08/26 21:04:16.672, 0, 20774 MiB, 83 %, 1950 MHz, 1950 MHz, 230.45 W, 63, P2, 0x0000000000000000
2026/08/26 21:04:17.673, 0, 20774 MiB, 84 %, 1950 MHz, 1950 MHz, 231.59 W, 63, P2, 0x0000000000000000
2026/08/26 21:04:18.673, 0, 20774 MiB, 84 %, 1950 MHz, 1950 MHz, 228.38 W, 63, P2, 0x0000000000000000
2026/08/26 21:04:19.673, 0, 20774 MiB, 84 %, 1950 MHz, 1950 MHz, 229.44 W, 63, P2, 0x0000000000000000
2026/08/26 21:04:20.673, 0, 20774 MiB, 81 %, 1950 MHz, 1950 MHz, 214.04 W, 62, P2, 0x0000000000000000
2026/08/26 21:04:21.673, 0, 20774 MiB, 83 %, 1950 MHz, 1950 MHz, 229.66 W, 63, P2, 0x0000000000000000
2026/08/26 21:04:22.673, 0, 20774 MiB, 82 %, 1950 MHz, 1950 MHz, 231.26 W, 63, P2, 0x0000000000000004
2026/08/26 21:04:23.673, 0, 20774 MiB, 81 %, 1950 MHz, 1950 MHz, 229.37 W, 63, P2, 0x0000000000000000
2026/08/26 21:04:24.674, 0, 20774 MiB, 78 %, 1950 MHz, 1950 MHz, 230.28 W, 63, P2, 0x0000000000000000
2026/08/26 21:04:25.674, 0, 20774 MiB, 82 %, 1950 MHz, 1950 MHz, 230.99 W, 63, P2, 0x0000000000000000
2026/08/26 21:04:26.674, 0, 20774 MiB, 82 %, 1950 MHz, 1950 MHz, 229.03 W, 63, P2, 0x0000000000000000
2026/08/26 21:04:27.674, 0, 20774 MiB, 80 %, 1950 MHz, 1950 MHz, 226.95 W, 63, P2, 0x0000000000000000
2026/08/26 21:04:28.674, 0, 20774 MiB, 78 %, 1950 MHz, 1950 MHz, 227.05 W, 63, P2, 0x0000000000000000
2026/08/26 21:04:29.674, 0, 20778 MiB, 83 %, 1950 MHz, 1950 MHz, 229.38 W, 63, P2, 0x0000000000000000
2026/08/26 21:04:30.675, 0, 20780 MiB, 99 %, 1950 MHz, 1950 MHz, 200.87 W, 62, P2, 0x0000000000000000
2026/08/26 21:04:31.675, 0, 20780 MiB, 85 %, 1950 MHz, 1950 MHz, 233.52 W, 63, P2, 0x0000000000000000
2026/08/26 21:04:32.675, 0, 20780 MiB, 81 %, 1950 MHz, 1950 MHz, 234.91 W, 63, P2, 0x0000000000000004
2026/08/26 21:04:33.675, 0, 20780 MiB, 81 %, 1950 MHz, 1950 MHz, 231.15 W, 63, P2, 0x0000000000000000
2026/08/26 21:04:34.675, 0, 20780 MiB, 81 %, 1950 MHz, 1950 MHz, 232.10 W, 63, P2, 0x0000000000000004
2026/08/26 21:04:35.675, 0, 20780 MiB, 81 %, 1950 MHz, 1950 MHz, 228.44 W, 63, P2, 0x0000000000000000
2026/08/26 21:04:36.676, 0, 20780 MiB, 82 %, 1950 MHz, 1950 MHz, 228.26 W, 62, P2, 0x0000000000000000
2026/08/26 21:04:37.676, 0, 20780 MiB, 84 %, 1950 MHz, 1950 MHz, 227.60 W, 63, P2, 0x0000000000000000
2026/08/26 21:04:38.676, 0, 20780 MiB, 77 %, 1950 MHz, 1950 MHz, 218.10 W, 63, P2, 0x0000000000000000
2026/08/26 21:04:39.676, 0, 20780 MiB, 78 %, 1950 MHz, 1950 MHz, 233.12 W, 63, P2, 0x0000000000000000
2026/08/26 21:04:40.676, 0, 20780 MiB, 82 %, 1950 MHz, 1950 MHz, 230.30 W, 63, P2, 0x0000000000000000
2026/08/26 21:04:41.676, 0, 20780 MiB, 80 %, 1950 MHz, 1950 MHz, 229.97 W, 63, P2, 0x0000000000000000
2026/08/26 21:04:42.676, 0, 20780 MiB, 79 %, 1950 MHz, 1950 MHz, 230.73 W, 63, P2, 0x0000000000000000
2026/08/26 21:04:43.677, 0, 20780 MiB, 85 %, 1950 MHz, 1950 MHz, 226.51 W, 63, P2, 0x0000000000000000
2026/08/26 21:04:44.677, 0, 20780 MiB, 82 %, 1950 MHz, 1950 MHz, 227.02 W, 63, P2, 0x0000000000000000
2026/08/26 21:04:45.677, 0, 20780 MiB, 84 %, 1950 MHz, 1950 MHz, 231.17 W, 63, P2, 0x0000000000000000
2026/08/26 21:04:46.677, 0, 20780 MiB, 83 %, 1950 MHz, 1950 MHz, 232.04 W, 63, P2, 0x0000000000000000
2026/08/26 21:04:47.677, 0, 20780 MiB, 80 %, 1950 MHz, 1950 MHz, 228.40 W, 63, P2, 0x0000000000000000
2026/08/26 21:04:48.677, 0, 20780 MiB, 72 %, 1950 MHz, 1950 MHz, 221.05 W, 62, P2, 0x0000000000000000
2026/08/26 21:04:49.677, 0, 20780 MiB, 83 %, 1950 MHz, 1950 MHz, 229.24 W, 62, P2, 0x0000000000000000
2026/08/26 21:04:50.678, 0, 20780 MiB, 84 %, 1950 MHz, 1950 MHz, 229.14 W, 63, P2, 0x0000000000000000
2026/08/26 21:04:51.678, 0, 20780 MiB, 84 %, 1950 MHz, 1950 MHz, 233.05 W, 63, P2, 0x0000000000000000
2026/08/26 21:04:52.678, 0, 20780 MiB, 83 %, 1950 MHz, 1950 MHz, 227.18 W, 63, P2, 0x0000000000000000
2026/08/26 21:04:53.678, 0, 20780 MiB, 80 %, 1950 MHz, 1950 MHz, 228.22 W, 63, P2, 0x0000000000000000
2026/08/26 21:04:54.678, 0, 20780 MiB, 81 %, 1950 MHz, 1950 MHz, 233.07 W, 63, P2, 0x0000000000000000
2026/08/26 21:04:55.678, 0, 20780 MiB, 84 %, 1950 MHz, 1950 MHz, 228.29 W, 61, P2, 0x0000000000000000
2026/08/26 21:04:56.678, 0, 20780 MiB, 79 %, 1950 MHz, 1950 MHz, 221.90 W, 63, P2, 0x0000000000000000
2026/08/26 21:04:57.679, 0, 20780 MiB, 80 %, 1950 MHz, 1950 MHz, 229.94 W, 63, P2, 0x0000000000000000
2026/08/26 21:04:58.679, 0, 20780 MiB, 81 %, 1950 MHz, 1950 MHz, 230.71 W, 63, P2, 0x0000000000000000
2026/08/26 21:04:59.679, 0, 20780 MiB, 82 %, 1950 MHz, 1950 MHz, 230.46 W, 63, P2, 0x0000000000000000
2026/08/26 21:05:00.679, 0, 20780 MiB, 80 %, 1950 MHz, 1950 MHz, 227.25 W, 63, P2, 0x0000000000000000
2026/08/26 21:05:01.679, 0, 20780 MiB, 83 %, 1950 MHz, 1950 MHz, 228.77 W, 63, P2, 0x0000000000000000
2026/08/26 21:05:02.679, 0, 20780 MiB, 85 %, 1950 MHz, 1950 MHz, 226.37 W, 63, P2, 0x0000000000000000
2026/08/26 21:05:03.679, 0, 20780 MiB, 83 %, 1950 MHz, 1950 MHz, 227.04 W, 63, P2, 0x0000000000000000
2026/08/26 21:05:04.680, 0, 20780 MiB, 81 %, 1950 MHz, 1950 MHz, 226.30 W, 62, P2, 0x0000000000000000
2026/08/26 21:05:05.680, 0, 20780 MiB, 84 %, 1950 MHz, 1950 MHz, 228.14 W, 63, P2, 0x0000000000000000
2026/08/26 21:05:06.680, 0, 20780 MiB, 83 %, 1950 MHz, 1950 MHz, 226.93 W, 63, P2, 0x0000000000000000
2026/08/26 21:05:07.680, 0, 20780 MiB, 78 %, 1950 MHz, 1950 MHz, 219.18 W, 63, P2, 0x0000000000000004
2026/08/26 21:05:08.680, 0, 20780 MiB, 85 %, 1950 MHz, 1950 MHz, 230.82 W, 63, P2, 0x0000000000000000
2026/08/26 21:05:09.680, 0, 20780 MiB, 83 %, 1950 MHz, 1950 MHz, 230.64 W, 63, P2, 0x0000000000000000
2026/08/26 21:05:10.681, 0, 20780 MiB, 79 %, 1950 MHz, 1950 MHz, 229.08 W, 63, P2, 0x0000000000000000
2026/08/26 21:05:11.681, 0, 20780 MiB, 83 %, 1950 MHz, 1950 MHz, 229.40 W, 63, P2, 0x0000000000000000
2026/08/26 21:05:12.681, 0, 20780 MiB, 85 %, 1950 MHz, 1950 MHz, 228.12 W, 63, P2, 0x0000000000000000
2026/08/26 21:05:13.681, 0, 20780 MiB, 83 %, 1950 MHz, 1950 MHz, 224.93 W, 63, P2, 0x0000000000000004
2026/08/26 21:05:14.681, 0, 20780 MiB, 81 %, 1950 MHz, 1950 MHz, 227.33 W, 63, P2, 0x0000000000000000
2026/08/26 21:05:15.681, 0, 20780 MiB, 81 %, 1950 MHz, 1950 MHz, 229.22 W, 62, P2, 0x0000000000000000
2026/08/26 21:05:16.681, 0, 20780 MiB, 85 %, 1950 MHz, 1950 MHz, 224.90 W, 63, P2, 0x0000000000000000
2026/08/26 21:05:17.682, 0, 20780 MiB, 82 %, 1950 MHz, 1950 MHz, 227.12 W, 63, P2, 0x0000000000000000
2026/08/26 21:05:18.682, 0, 20780 MiB, 81 %, 1950 MHz, 1950 MHz, 224.75 W, 63, P2, 0x0000000000000000
2026/08/26 21:05:19.682, 0, 20780 MiB, 82 %, 1950 MHz, 1950 MHz, 213.71 W, 62, P2, 0x0000000000000000
2026/08/26 21:05:20.682, 0, 20780 MiB, 81 %, 1950 MHz, 1950 MHz, 230.29 W, 62, P2, 0x0000000000000000
2026/08/26 21:05:21.682, 0, 20780 MiB, 82 %, 1950 MHz, 1950 MHz, 229.57 W, 63, P2, 0x0000000000000000
2026/08/26 21:05:22.682, 0, 20780 MiB, 82 %, 1950 MHz, 1950 MHz, 230.91 W, 63, P2, 0x0000000000000000
2026/08/26 21:05:23.682, 0, 20780 MiB, 80 %, 1950 MHz, 1950 MHz, 230.23 W, 63, P2, 0x0000000000000000
2026/08/26 21:05:24.683, 0, 20780 MiB, 82 %, 1950 MHz, 1950 MHz, 228.28 W, 62, P2, 0x0000000000000000
2026/08/26 21:05:25.683, 0, 20780 MiB, 81 %, 1950 MHz, 1950 MHz, 228.20 W, 63, P2, 0x0000000000000000
2026/08/26 21:05:26.683, 0, 20780 MiB, 84 %, 1950 MHz, 1950 MHz, 227.99 W, 63, P2, 0x0000000000000000
2026/08/26 21:05:27.683, 0, 20780 MiB, 78 %, 1950 MHz, 1950 MHz, 232.05 W, 63, P2, 0x0000000000000000
2026/08/26 21:05:28.683, 0, 402 MiB, 82 %, 1950 MHz, 1950 MHz, 228.17 W, 61, P2, 0x0000000000000000
2026/08/26 21:05:29.683, 0, 346 MiB, 100 %, 1950 MHz, 1950 MHz, 169.23 W, 61, P2, 0x0000000000000000
2026/08/26 21:05:30.684, 0, 346 MiB, 0 %, 1950 MHz, 1950 MHz, 157.10 W, 60, P2, 0x0000000000000000
2026/08/26 21:05:31.684, 0, 346 MiB, 19 %, 1695 MHz, 1695 MHz, 155.47 W, 59, P2, 0x0000000000000000
2026/08/26 21:05:32.684, 0, 346 MiB, 22 %, 1695 MHz, 1695 MHz, 128.20 W, 58, P2, 0x0000000000000000
2026/08/26 21:05:33.684, 0, 19044 MiB, 47 %, 1950 MHz, 1950 MHz, 134.39 W, 59, P2, 0x0000000000000000
2026/08/26 21:05:34.684, 0, 19044 MiB, 100 %, 1950 MHz, 1950 MHz, 155.38 W, 59, P2, 0x0000000000000000
2026/08/26 21:05:35.685, 0, 19044 MiB, 100 %, 1950 MHz, 1950 MHz, 155.22 W, 59, P2, 0x0000000000000000
2026/08/26 21:05:36.685, 0, 19044 MiB, 100 %, 1950 MHz, 1950 MHz, 154.99 W, 58, P2, 0x0000000000000000
2026/08/26 21:05:37.685, 0, 19044 MiB, 99 %, 1950 MHz, 1950 MHz, 154.67 W, 58, P2, 0x0000000000000000
2026/08/26 21:05:38.685, 0, 19044 MiB, 99 %, 1950 MHz, 1950 MHz, 154.61 W, 58, P2, 0x0000000000000000
2026/08/26 21:05:39.685, 0, 22218 MiB, 99 %, 1950 MHz, 1950 MHz, 156.46 W, 58, P2, 0x0000000000000000
2026/08/26 21:05:40.685, 0, 22270 MiB, 0 %, 1950 MHz, 1950 MHz, 199.24 W, 62, P2, 0x0000000000000004
2026/08/26 21:05:41.686, 0, 22270 MiB, 75 %, 1950 MHz, 1950 MHz, 319.61 W, 64, P2, 0x0000000000000000
2026/08/26 21:05:42.694, 0, 22270 MiB, 78 %, 1950 MHz, 1950 MHz, 306.05 W, 62, P2, 0x0000000000000004
2026/08/26 21:05:43.694, 0, 22270 MiB, 75 %, 1950 MHz, 1950 MHz, 305.74 W, 66, P2, 0x0000000000000000
2026/08/26 21:05:44.694, 0, 22270 MiB, 75 %, 1950 MHz, 1950 MHz, 325.35 W, 66, P2, 0x0000000000000004
2026/08/26 21:05:45.694, 0, 22270 MiB, 72 %, 1950 MHz, 1950 MHz, 296.15 W, 66, P2, 0x0000000000000004
2026/08/26 21:05:46.694, 0, 22270 MiB, 79 %, 1935 MHz, 1935 MHz, 324.86 W, 66, P2, 0x0000000000000004
2026/08/26 21:05:47.695, 0, 22286 MiB, 74 %, 1935 MHz, 1935 MHz, 283.61 W, 64, P2, 0x0000000000000000
2026/08/26 21:05:48.695, 0, 22286 MiB, 76 %, 1935 MHz, 1935 MHz, 325.62 W, 67, P2, 0x0000000000000004
2026/08/26 21:05:49.695, 0, 22286 MiB, 78 %, 1935 MHz, 1935 MHz, 327.66 W, 67, P2, 0x0000000000000004
2026/08/26 21:05:50.695, 0, 22286 MiB, 74 %, 1935 MHz, 1935 MHz, 285.79 W, 67, P2, 0x0000000000000000
2026/08/26 21:05:51.695, 0, 22292 MiB, 76 %, 1935 MHz, 1935 MHz, 321.80 W, 67, P2, 0x0000000000000004
2026/08/26 21:05:52.695, 0, 22292 MiB, 100 %, 1935 MHz, 1935 MHz, 225.27 W, 62, P2, 0x0000000000000000
2026/08/26 21:05:53.696, 0, 22292 MiB, 69 %, 1935 MHz, 1935 MHz, 308.78 W, 67, P2, 0x0000000000000000
2026/08/26 21:05:54.696, 0, 22292 MiB, 78 %, 1935 MHz, 1935 MHz, 312.02 W, 68, P2, 0x0000000000000004
2026/08/26 21:05:55.696, 0, 22292 MiB, 74 %, 1935 MHz, 1935 MHz, 290.19 W, 68, P2, 0x0000000000000004
2026/08/26 21:05:56.696, 0, 22292 MiB, 77 %, 1935 MHz, 1935 MHz, 327.88 W, 68, P2, 0x0000000000000004
2026/08/26 21:05:57.697, 0, 22292 MiB, 63 %, 1935 MHz, 1935 MHz, 298.19 W, 68, P2, 0x0000000000000004
2026/08/26 21:05:58.697, 0, 22292 MiB, 76 %, 1935 MHz, 1935 MHz, 326.84 W, 68, P2, 0x0000000000000000
2026/08/26 21:05:59.697, 0, 22292 MiB, 62 %, 1935 MHz, 1935 MHz, 297.65 W, 68, P2, 0x0000000000000004
2026/08/26 21:06:00.697, 0, 22292 MiB, 77 %, 1935 MHz, 1935 MHz, 326.86 W, 68, P2, 0x0000000000000004
2026/08/26 21:06:01.697, 0, 22292 MiB, 77 %, 1935 MHz, 1935 MHz, 290.68 W, 68, P2, 0x0000000000000004
2026/08/26 21:06:02.697, 0, 22292 MiB, 76 %, 1935 MHz, 1935 MHz, 326.77 W, 69, P2, 0x0000000000000004
2026/08/26 21:06:03.697, 0, 22292 MiB, 75 %, 1935 MHz, 1935 MHz, 329.15 W, 70, P2, 0x0000000000000004
2026/08/26 21:06:04.698, 0, 22292 MiB, 76 %, 1935 MHz, 1935 MHz, 296.39 W, 69, P2, 0x0000000000000004
2026/08/26 21:06:05.698, 0, 22292 MiB, 77 %, 1935 MHz, 1935 MHz, 328.05 W, 70, P2, 0x0000000000000004
2026/08/26 21:06:06.698, 0, 85 MiB, 69 %, 1935 MHz, 1935 MHz, 258.60 W, 65, P2, 0x0000000000000000
2026/08/26 21:06:07.737, 0, 346 MiB, 0 %, 1935 MHz, 1935 MHz, 168.93 W, 63, P2, 0x0000000000000000
2026/08/26 21:06:08.737, 0, 346 MiB, 0 %, 1935 MHz, 1935 MHz, 158.15 W, 63, P2, 0x0000000000000000
2026/08/26 21:06:09.737, 0, 346 MiB, 0 %, 1695 MHz, 1695 MHz, 149.06 W, 61, P2, 0x0000000000000000
2026/08/26 21:06:10.738, 0, 18082 MiB, 0 %, 1695 MHz, 1695 MHz, 128.00 W, 60, P2, 0x0000000000000000
2026/08/26 21:06:11.738, 0, 18082 MiB, 100 %, 1950 MHz, 1950 MHz, 157.39 W, 61, P2, 0x0000000000000000
2026/08/26 21:06:12.738, 0, 18082 MiB, 100 %, 1950 MHz, 1950 MHz, 163.66 W, 61, P2, 0x0000000000000000
2026/08/26 21:06:13.738, 0, 18082 MiB, 100 %, 1950 MHz, 1950 MHz, 163.85 W, 61, P2, 0x0000000000000000
2026/08/26 21:06:14.738, 0, 18082 MiB, 100 %, 1950 MHz, 1950 MHz, 163.42 W, 61, P2, 0x0000000000000000
2026/08/26 21:06:15.739, 0, 18082 MiB, 99 %, 1950 MHz, 1950 MHz, 161.58 W, 61, P2, 0x0000000000000000
2026/08/26 21:06:16.739, 0, 18082 MiB, 99 %, 1950 MHz, 1950 MHz, 156.56 W, 60, P2, 0x0000000000000000
2026/08/26 21:06:17.739, 0, 20636 MiB, 100 %, 1950 MHz, 1950 MHz, 158.41 W, 60, P2, 0x0000000000000000
2026/08/26 21:06:18.739, 0, 21792 MiB, 82 %, 1950 MHz, 1950 MHz, 160.20 W, 60, P2, 0x0000000000000000
2026/08/26 21:06:19.739, 0, 21812 MiB, 65 %, 1950 MHz, 1950 MHz, 263.01 W, 66, P2, 0x0000000000000000
2026/08/26 21:06:20.740, 0, 21812 MiB, 69 %, 1950 MHz, 1950 MHz, 311.36 W, 66, P2, 0x0000000000000000
2026/08/26 21:06:21.740, 0, 21812 MiB, 74 %, 1935 MHz, 1935 MHz, 278.04 W, 66, P2, 0x0000000000000000
2026/08/26 21:06:22.740, 0, 21812 MiB, 70 %, 1935 MHz, 1935 MHz, 312.96 W, 67, P2, 0x0000000000000000
2026/08/26 21:06:23.740, 0, 21812 MiB, 71 %, 1935 MHz, 1935 MHz, 289.59 W, 64, P2, 0x0000000000000000
2026/08/26 21:06:24.741, 0, 21812 MiB, 67 %, 1935 MHz, 1935 MHz, 293.30 W, 67, P2, 0x0000000000000000
2026/08/26 21:06:25.741, 0, 21812 MiB, 71 %, 1935 MHz, 1935 MHz, 312.27 W, 68, P2, 0x0000000000000000
2026/08/26 21:06:26.741, 0, 21828 MiB, 65 %, 1935 MHz, 1935 MHz, 276.02 W, 68, P2, 0x0000000000000000
2026/08/26 21:06:27.741, 0, 21828 MiB, 72 %, 1935 MHz, 1935 MHz, 313.05 W, 68, P2, 0x0000000000000000
2026/08/26 21:06:28.741, 0, 21828 MiB, 68 %, 1935 MHz, 1935 MHz, 302.72 W, 66, P2, 0x0000000000000000
2026/08/26 21:06:29.742, 0, 21828 MiB, 69 %, 1935 MHz, 1935 MHz, 270.35 W, 68, P2, 0x0000000000000000
2026/08/26 21:06:30.742, 0, 21828 MiB, 70 %, 1935 MHz, 1935 MHz, 312.85 W, 68, P2, 0x0000000000000000
2026/08/26 21:06:31.742, 0, 21834 MiB, 97 %, 1935 MHz, 1935 MHz, 221.78 W, 63, P2, 0x0000000000000000
2026/08/26 21:06:32.742, 0, 21834 MiB, 66 %, 1935 MHz, 1935 MHz, 271.74 W, 68, P2, 0x0000000000000000
2026/08/26 21:06:33.742, 0, 21834 MiB, 67 %, 1935 MHz, 1935 MHz, 301.02 W, 66, P2, 0x0000000000000000
2026/08/26 21:06:34.742, 0, 21834 MiB, 65 %, 1935 MHz, 1935 MHz, 280.99 W, 68, P2, 0x0000000000000000
2026/08/26 21:06:35.743, 0, 21834 MiB, 68 %, 1935 MHz, 1935 MHz, 311.88 W, 69, P2, 0x0000000000000000
2026/08/26 21:06:36.743, 0, 21834 MiB, 68 %, 1935 MHz, 1935 MHz, 286.42 W, 68, P2, 0x0000000000000000
2026/08/26 21:06:37.743, 0, 21834 MiB, 71 %, 1935 MHz, 1935 MHz, 310.60 W, 69, P2, 0x0000000000000000
2026/08/26 21:06:38.743, 0, 21834 MiB, 68 %, 1935 MHz, 1935 MHz, 284.14 W, 68, P2, 0x0000000000000000
2026/08/26 21:06:39.744, 0, 21834 MiB, 73 %, 1935 MHz, 1935 MHz, 313.49 W, 69, P2, 0x0000000000000000
2026/08/26 21:06:40.744, 0, 21834 MiB, 70 %, 1935 MHz, 1935 MHz, 316.06 W, 70, P2, 0x0000000000000000
2026/08/26 21:06:41.744, 0, 21834 MiB, 57 %, 1935 MHz, 1935 MHz, 282.69 W, 69, P2, 0x0000000000000000
2026/08/26 21:06:42.744, 0, 21834 MiB, 74 %, 1935 MHz, 1935 MHz, 317.29 W, 70, P2, 0x0000000000000000
2026/08/26 21:06:43.744, 0, 21834 MiB, 73 %, 1935 MHz, 1935 MHz, 304.30 W, 67, P2, 0x0000000000000000
2026/08/26 21:06:44.745, 0, 21834 MiB, 67 %, 1935 MHz, 1935 MHz, 284.12 W, 70, P2, 0x0000000000000000
2026/08/26 21:06:45.745, 0, 21834 MiB, 71 %, 1935 MHz, 1935 MHz, 319.44 W, 70, P2, 0x0000000000000004
2026/08/26 21:06:46.745, 0, 85 MiB, 45 %, 1935 MHz, 1935 MHz, 246.67 W, 66, P0, 0x0000000000000000
2026/08/26 21:06:47.820, 0, 346 MiB, 0 %, 1935 MHz, 1935 MHz, 171.53 W, 64, P2, 0x0000000000000000
2026/08/26 21:06:48.821, 0, 346 MiB, 0 %, 1935 MHz, 1935 MHz, 158.24 W, 63, P2, 0x0000000000000000
2026/08/26 21:06:49.821, 0, 346 MiB, 0 %, 1695 MHz, 1695 MHz, 149.55 W, 61, P2, 0x0000000000000000
2026/08/26 21:06:50.821, 0, 17618 MiB, 0 %, 1695 MHz, 1695 MHz, 132.64 W, 61, P2, 0x0000000000000000
2026/08/26 21:06:51.821, 0, 17618 MiB, 100 %, 1950 MHz, 1950 MHz, 157.57 W, 62, P2, 0x0000000000000000
2026/08/26 21:06:52.822, 0, 17618 MiB, 99 %, 1950 MHz, 1950 MHz, 165.30 W, 62, P2, 0x0000000000000000
2026/08/26 21:06:53.822, 0, 17618 MiB, 100 %, 1950 MHz, 1950 MHz, 165.53 W, 62, P2, 0x0000000000000000
2026/08/26 21:06:54.822, 0, 17618 MiB, 100 %, 1950 MHz, 1950 MHz, 164.73 W, 61, P2, 0x0000000000000000
2026/08/26 21:06:55.822, 0, 17618 MiB, 100 %, 1950 MHz, 1950 MHz, 159.08 W, 61, P2, 0x0000000000000000
2026/08/26 21:06:56.822, 0, 17618 MiB, 99 %, 1950 MHz, 1950 MHz, 157.59 W, 61, P2, 0x0000000000000000
2026/08/26 21:06:57.822, 0, 20136 MiB, 99 %, 1950 MHz, 1950 MHz, 159.21 W, 61, P2, 0x0000000000000000
2026/08/26 21:06:58.823, 0, 20276 MiB, 21 %, 1950 MHz, 1950 MHz, 165.29 W, 61, P2, 0x0000000000000000
2026/08/26 21:06:59.823, 0, 20276 MiB, 67 %, 1950 MHz, 1950 MHz, 290.07 W, 67, P2, 0x0000000000000000
2026/08/26 21:07:00.823, 0, 20276 MiB, 70 %, 1935 MHz, 1935 MHz, 310.01 W, 67, P2, 0x0000000000000000
2026/08/26 21:07:01.823, 0, 20276 MiB, 64 %, 1935 MHz, 1935 MHz, 284.31 W, 67, P2, 0x0000000000000000
2026/08/26 21:07:02.823, 0, 20276 MiB, 64 %, 1935 MHz, 1935 MHz, 309.12 W, 68, P2, 0x0000000000000000
2026/08/26 21:07:03.824, 0, 20276 MiB, 35 %, 1935 MHz, 1935 MHz, 280.94 W, 67, P2, 0x0000000000000000
2026/08/26 21:07:04.824, 0, 20276 MiB, 68 %, 1935 MHz, 1935 MHz, 310.29 W, 68, P2, 0x0000000000000000
2026/08/26 21:07:05.824, 0, 20276 MiB, 69 %, 1935 MHz, 1935 MHz, 291.24 W, 65, P2, 0x0000000000000000
2026/08/26 21:07:06.824, 0, 20276 MiB, 67 %, 1935 MHz, 1935 MHz, 282.94 W, 68, P2, 0x0000000000000000
2026/08/26 21:07:07.824, 0, 20276 MiB, 66 %, 1935 MHz, 1935 MHz, 311.27 W, 69, P2, 0x0000000000000000
2026/08/26 21:07:08.824, 0, 20276 MiB, 53 %, 1935 MHz, 1935 MHz, 280.96 W, 68, P2, 0x0000000000000000
2026/08/26 21:07:09.824, 0, 20276 MiB, 68 %, 1935 MHz, 1935 MHz, 311.79 W, 69, P2, 0x0000000000000000
2026/08/26 21:07:10.825, 0, 20284 MiB, 68 %, 1935 MHz, 1935 MHz, 293.32 W, 68, P2, 0x0000000000000004
2026/08/26 21:07:11.825, 0, 20288 MiB, 99 %, 1935 MHz, 1935 MHz, 208.53 W, 67, P2, 0x0000000000000000
2026/08/26 21:07:12.825, 0, 20288 MiB, 69 %, 1935 MHz, 1935 MHz, 308.60 W, 69, P2, 0x0000000000000000
2026/08/26 21:07:13.825, 0, 20288 MiB, 68 %, 1890 MHz, 1890 MHz, 284.87 W, 66, P2, 0x0000000000000004
2026/08/26 21:07:14.825, 0, 20288 MiB, 65 %, 1935 MHz, 1935 MHz, 296.56 W, 69, P2, 0x0000000000000000
2026/08/26 21:07:15.825, 0, 20288 MiB, 65 %, 1935 MHz, 1935 MHz, 311.11 W, 69, P2, 0x0000000000000000
2026/08/26 21:07:16.826, 0, 20288 MiB, 71 %, 1935 MHz, 1935 MHz, 276.70 W, 69, P2, 0x0000000000000000
2026/08/26 21:07:17.826, 0, 20288 MiB, 65 %, 1935 MHz, 1935 MHz, 309.85 W, 69, P2, 0x0000000000000000
2026/08/26 21:07:18.826, 0, 20288 MiB, 44 %, 1935 MHz, 1935 MHz, 285.55 W, 69, P2, 0x0000000000000000
2026/08/26 21:07:19.826, 0, 20288 MiB, 68 %, 1935 MHz, 1935 MHz, 312.86 W, 70, P2, 0x0000000000000000
2026/08/26 21:07:20.826, 0, 20288 MiB, 68 %, 1935 MHz, 1935 MHz, 285.59 W, 68, P2, 0x0000000000000000
2026/08/26 21:07:21.826, 0, 20288 MiB, 67 %, 1935 MHz, 1935 MHz, 313.61 W, 70, P2, 0x0000000000000000
2026/08/26 21:07:22.827, 0, 20288 MiB, 72 %, 1935 MHz, 1935 MHz, 316.82 W, 70, P2, 0x0000000000000000
2026/08/26 21:07:23.827, 0, 20288 MiB, 64 %, 1935 MHz, 1935 MHz, 285.93 W, 70, P2, 0x0000000000000000
2026/08/26 21:07:24.827, 0, 20288 MiB, 67 %, 1935 MHz, 1935 MHz, 313.82 W, 70, P2, 0x0000000000000000
2026/08/26 21:07:25.827, 0, 85 MiB, 67 %, 1935 MHz, 1935 MHz, 236.62 W, 66, P0, 0x0000000000000000
2026/08/26 21:07:26.829, 0, 346 MiB, 0 %, 1935 MHz, 1935 MHz, 170.02 W, 64, P2, 0x0000000000000000
2026/08/26 21:07:27.829, 0, 346 MiB, 0 %, 1935 MHz, 1935 MHz, 159.25 W, 63, P2, 0x0000000000000000
2026/08/26 21:07:28.830, 0, 346 MiB, 7 %, 1695 MHz, 1695 MHz, 146.46 W, 62, P2, 0x0000000000000000
2026/08/26 21:07:29.830, 0, 20144 MiB, 100 %, 1950 MHz, 1950 MHz, 145.51 W, 63, P2, 0x0000000000000000
2026/08/26 21:07:30.830, 0, 20144 MiB, 100 %, 1950 MHz, 1950 MHz, 169.37 W, 63, P2, 0x0000000000000000
2026/08/26 21:07:31.830, 0, 20144 MiB, 100 %, 1950 MHz, 1950 MHz, 168.83 W, 62, P2, 0x0000000000000000
2026/08/26 21:07:32.831, 0, 20144 MiB, 100 %, 1950 MHz, 1950 MHz, 167.92 W, 62, P2, 0x0000000000000000
2026/08/26 21:07:33.831, 0, 20144 MiB, 99 %, 1950 MHz, 1950 MHz, 169.05 W, 62, P2, 0x0000000000000000
2026/08/26 21:07:34.831, 0, 20144 MiB, 100 %, 1950 MHz, 1950 MHz, 167.02 W, 62, P2, 0x0000000000000000
2026/08/26 21:07:35.831, 0, 20144 MiB, 100 %, 1950 MHz, 1950 MHz, 163.82 W, 61, P2, 0x0000000000000000
2026/08/26 21:07:36.831, 0, 20144 MiB, 99 %, 1950 MHz, 1950 MHz, 158.75 W, 61, P2, 0x0000000000000000
2026/08/26 21:07:37.831, 0, 20144 MiB, 99 %, 1950 MHz, 1950 MHz, 157.22 W, 61, P2, 0x0000000000000000
2026/08/26 21:07:38.831, 0, 20816 MiB, 0 %, 1950 MHz, 1950 MHz, 200.22 W, 64, P2, 0x0000000000000004
2026/08/26 21:07:39.832, 0, 20816 MiB, 77 %, 1950 MHz, 1950 MHz, 274.95 W, 65, P2, 0x0000000000000000
2026/08/26 21:07:40.832, 0, 20816 MiB, 84 %, 1935 MHz, 1935 MHz, 269.98 W, 64, P2, 0x0000000000000000
2026/08/26 21:07:41.832, 0, 20816 MiB, 77 %, 1935 MHz, 1935 MHz, 290.04 W, 67, P2, 0x0000000000000000
2026/08/26 21:07:42.832, 0, 20816 MiB, 79 %, 1935 MHz, 1935 MHz, 262.63 W, 65, P2, 0x0000000000000004
2026/08/26 21:07:43.832, 0, 20816 MiB, 77 %, 1935 MHz, 1935 MHz, 324.49 W, 68, P2, 0x0000000000000000
2026/08/26 21:07:44.832, 0, 20816 MiB, 78 %, 1935 MHz, 1935 MHz, 326.58 W, 68, P2, 0x0000000000000000
2026/08/26 21:07:45.832, 0, 20816 MiB, 40 %, 1935 MHz, 1935 MHz, 293.74 W, 69, P2, 0x0000000000000004
2026/08/26 21:07:46.832, 0, 20816 MiB, 78 %, 1935 MHz, 1935 MHz, 326.14 W, 69, P2, 0x0000000000000000
2026/08/26 21:07:47.833, 0, 20816 MiB, 79 %, 1935 MHz, 1935 MHz, 310.88 W, 69, P2, 0x0000000000000000
2026/08/26 21:07:48.833, 0, 20816 MiB, 76 %, 1935 MHz, 1935 MHz, 272.51 W, 68, P2, 0x0000000000000000
2026/08/26 21:07:49.833, 0, 20816 MiB, 80 %, 1935 MHz, 1935 MHz, 309.72 W, 69, P2, 0x0000000000000000
2026/08/26 21:07:50.833, 0, 20816 MiB, 76 %, 1935 MHz, 1935 MHz, 306.01 W, 69, P2, 0x0000000000000000
2026/08/26 21:07:51.833, 0, 20816 MiB, 77 %, 1935 MHz, 1935 MHz, 287.86 W, 66, P2, 0x0000000000000004
2026/08/26 21:07:52.833, 0, 20816 MiB, 77 %, 1935 MHz, 1935 MHz, 292.35 W, 70, P2, 0x0000000000000000
2026/08/26 21:07:53.833, 0, 20816 MiB, 78 %, 1935 MHz, 1935 MHz, 296.98 W, 68, P2, 0x0000000000000000
2026/08/26 21:07:54.834, 0, 20824 MiB, 78 %, 1935 MHz, 1935 MHz, 316.24 W, 70, P2, 0x0000000000000000
2026/08/26 21:07:55.834, 0, 20824 MiB, 88 %, 1935 MHz, 1935 MHz, 240.38 W, 68, P2, 0x0000000000000000
2026/08/26 21:07:56.834, 0, 20824 MiB, 77 %, 1935 MHz, 1935 MHz, 263.74 W, 67, P2, 0x0000000000000000
2026/08/26 21:07:57.834, 0, 20824 MiB, 83 %, 1935 MHz, 1935 MHz, 270.18 W, 67, P2, 0x0000000000000000
2026/08/26 21:07:58.834, 0, 20824 MiB, 82 %, 1935 MHz, 1935 MHz, 268.44 W, 67, P2, 0x0000000000000000
2026/08/26 21:07:59.835, 0, 20824 MiB, 78 %, 1935 MHz, 1935 MHz, 241.92 W, 67, P2, 0x0000000000000000
2026/08/26 21:08:00.835, 0, 20824 MiB, 48 %, 1935 MHz, 1935 MHz, 245.10 W, 68, P2, 0x0000000000000000
2026/08/26 21:08:01.835, 0, 20824 MiB, 80 %, 1935 MHz, 1935 MHz, 297.62 W, 70, P2, 0x0000000000000000
2026/08/26 21:08:02.835, 0, 20824 MiB, 77 %, 1935 MHz, 1935 MHz, 300.12 W, 69, P2, 0x0000000000000000
2026/08/26 21:08:03.835, 0, 20824 MiB, 75 %, 1935 MHz, 1935 MHz, 284.23 W, 69, P2, 0x0000000000000000
2026/08/26 21:08:04.836, 0, 20824 MiB, 74 %, 1935 MHz, 1935 MHz, 268.24 W, 70, P2, 0x0000000000000000
2026/08/26 21:08:05.836, 0, 20824 MiB, 81 %, 1935 MHz, 1935 MHz, 258.17 W, 67, P2, 0x0000000000000000
2026/08/26 21:08:06.836, 0, 20824 MiB, 79 %, 1935 MHz, 1935 MHz, 273.24 W, 67, P2, 0x0000000000000000
2026/08/26 21:08:07.836, 0, 20824 MiB, 72 %, 1935 MHz, 1935 MHz, 263.31 W, 67, P2, 0x0000000000000000
2026/08/26 21:08:08.836, 0, 20824 MiB, 64 %, 1935 MHz, 1935 MHz, 270.94 W, 69, P2, 0x0000000000000000
2026/08/26 21:08:09.837, 0, 20824 MiB, 78 %, 1935 MHz, 1935 MHz, 330.57 W, 71, P2, 0x0000000000000004
2026/08/26 21:08:10.837, 0, 20824 MiB, 77 %, 1935 MHz, 1935 MHz, 322.52 W, 71, P2, 0x0000000000000000
2026/08/26 21:08:11.837, 0, 20824 MiB, 38 %, 1935 MHz, 1935 MHz, 292.65 W, 69, P2, 0x0000000000000000
2026/08/26 21:08:12.837, 0, 20824 MiB, 78 %, 1935 MHz, 1935 MHz, 326.62 W, 71, P2, 0x0000000000000004
2026/08/26 21:08:13.838, 0, 20824 MiB, 76 %, 1935 MHz, 1935 MHz, 315.30 W, 72, P2, 0x0000000000000004
2026/08/26 21:08:14.838, 0, 20824 MiB, 25 %, 1935 MHz, 1935 MHz, 295.71 W, 71, P2, 0x0000000000000000
2026/08/26 21:08:15.838, 0, 20824 MiB, 77 %, 1935 MHz, 1935 MHz, 307.07 W, 70, P2, 0x0000000000000004
2026/08/26 21:08:16.838, 0, 20824 MiB, 76 %, 1920 MHz, 1920 MHz, 328.39 W, 72, P2, 0x0000000000000000
2026/08/26 21:08:17.838, 0, 85 MiB, 19 %, 1935 MHz, 1935 MHz, 252.40 W, 67, P0, 0x0000000000000024
2026/08/26 21:08:18.841, 0, 346 MiB, 0 %, 1935 MHz, 1935 MHz, 176.03 W, 65, P2, 0x0000000000000000
2026/08/26 21:08:19.841, 0, 346 MiB, 0 %, 1935 MHz, 1935 MHz, 169.84 W, 65, P2, 0x0000000000000000
2026/08/26 21:08:20.841, 0, 346 MiB, 0 %, 1695 MHz, 1695 MHz, 152.74 W, 62, P2, 0x0000000000000000
2026/08/26 21:08:21.841, 0, 20144 MiB, 66 %, 1950 MHz, 1950 MHz, 142.13 W, 63, P2, 0x0000000000000000
2026/08/26 21:08:22.841, 0, 20144 MiB, 100 %, 1950 MHz, 1950 MHz, 170.81 W, 63, P2, 0x0000000000000000
2026/08/26 21:08:23.842, 0, 20144 MiB, 99 %, 1950 MHz, 1950 MHz, 169.95 W, 63, P2, 0x0000000000000000
2026/08/26 21:08:24.842, 0, 20144 MiB, 100 %, 1950 MHz, 1950 MHz, 167.83 W, 62, P2, 0x0000000000000000
2026/08/26 21:08:25.842, 0, 20144 MiB, 99 %, 1950 MHz, 1950 MHz, 169.56 W, 63, P2, 0x0000000000000000
2026/08/26 21:08:26.842, 0, 20144 MiB, 100 %, 1950 MHz, 1950 MHz, 169.60 W, 62, P2, 0x0000000000000000
2026/08/26 21:08:27.842, 0, 20144 MiB, 100 %, 1950 MHz, 1950 MHz, 166.92 W, 62, P2, 0x0000000000000000
2026/08/26 21:08:28.842, 0, 20144 MiB, 100 %, 1950 MHz, 1950 MHz, 168.15 W, 62, P2, 0x0000000000000000
2026/08/26 21:08:29.843, 0, 20144 MiB, 99 %, 1950 MHz, 1950 MHz, 168.93 W, 62, P2, 0x0000000000000000
2026/08/26 21:08:30.843, 0, 20144 MiB, 99 %, 1950 MHz, 1950 MHz, 166.33 W, 61, P2, 0x0000000000000000
2026/08/26 21:08:31.843, 0, 20816 MiB, 100 %, 1950 MHz, 1950 MHz, 171.29 W, 62, P2, 0x0000000000000000
2026/08/26 21:08:32.843, 0, 20816 MiB, 77 %, 1935 MHz, 1935 MHz, 287.92 W, 67, P2, 0x0000000000000000
2026/08/26 21:08:33.843, 0, 20816 MiB, 76 %, 1935 MHz, 1935 MHz, 323.38 W, 68, P2, 0x0000000000000000
2026/08/26 21:08:34.843, 0, 20822 MiB, 78 %, 1935 MHz, 1935 MHz, 293.86 W, 65, P2, 0x0000000000000000
2026/08/26 21:08:35.843, 0, 20822 MiB, 100 %, 1935 MHz, 1935 MHz, 261.00 W, 68, P2, 0x0000000000000000
2026/08/26 21:08:36.844, 0, 20822 MiB, 77 %, 1935 MHz, 1935 MHz, 325.60 W, 69, P2, 0x0000000000000000
2026/08/26 21:08:37.844, 0, 20822 MiB, 74 %, 1935 MHz, 1935 MHz, 325.42 W, 69, P2, 0x0000000000000000
2026/08/26 21:08:38.844, 0, 20822 MiB, 80 %, 1935 MHz, 1935 MHz, 251.36 W, 68, P2, 0x0000000000000000
2026/08/26 21:08:39.844, 0, 20822 MiB, 77 %, 1935 MHz, 1935 MHz, 326.51 W, 69, P2, 0x0000000000000000
2026/08/26 21:08:40.844, 0, 20822 MiB, 77 %, 1935 MHz, 1935 MHz, 326.95 W, 69, P2, 0x0000000000000000
2026/08/26 21:08:41.844, 0, 20824 MiB, 64 %, 1935 MHz, 1935 MHz, 247.57 W, 66, P2, 0x0000000000000004
2026/08/26 21:08:42.844, 0, 20824 MiB, 77 %, 1935 MHz, 1935 MHz, 310.72 W, 70, P2, 0x0000000000000000
2026/08/26 21:08:43.844, 0, 20824 MiB, 76 %, 1935 MHz, 1935 MHz, 327.30 W, 70, P2, 0x0000000000000000
2026/08/26 21:08:44.845, 0, 20824 MiB, 33 %, 1935 MHz, 1935 MHz, 281.38 W, 67, P2, 0x0000000000000004
2026/08/26 21:08:45.845, 0, 20824 MiB, 77 %, 1935 MHz, 1935 MHz, 285.97 W, 69, P2, 0x0000000000000000
2026/08/26 21:08:46.845, 0, 20824 MiB, 79 %, 1935 MHz, 1935 MHz, 328.79 W, 70, P2, 0x0000000000000004
2026/08/26 21:08:47.845, 0, 20824 MiB, 78 %, 1920 MHz, 1920 MHz, 294.64 W, 67, P2, 0x0000000000000004
2026/08/26 21:08:48.845, 0, 20824 MiB, 69 %, 1935 MHz, 1935 MHz, 232.37 W, 69, P2, 0x0000000000000000
2026/08/26 21:08:49.845, 0, 20824 MiB, 78 %, 1935 MHz, 1935 MHz, 326.57 W, 70, P2, 0x0000000000000004
2026/08/26 21:08:50.845, 0, 20824 MiB, 77 %, 1935 MHz, 1935 MHz, 328.52 W, 70, P2, 0x0000000000000000
2026/08/26 21:08:51.845, 0, 20824 MiB, 70 %, 1935 MHz, 1935 MHz, 252.15 W, 67, P2, 0x0000000000000004
2026/08/26 21:08:52.846, 0, 20824 MiB, 78 %, 1935 MHz, 1935 MHz, 311.19 W, 71, P2, 0x0000000000000000
2026/08/26 21:08:53.846, 0, 20824 MiB, 76 %, 1935 MHz, 1935 MHz, 328.04 W, 71, P2, 0x0000000000000004
2026/08/26 21:08:54.846, 0, 20824 MiB, 35 %, 1935 MHz, 1935 MHz, 301.16 W, 71, P2, 0x0000000000000000
2026/08/26 21:08:55.846, 0, 20824 MiB, 78 %, 1935 MHz, 1935 MHz, 331.92 W, 71, P2, 0x0000000000000004
2026/08/26 21:08:56.846, 0, 20824 MiB, 77 %, 1935 MHz, 1935 MHz, 331.44 W, 72, P2, 0x0000000000000004
2026/08/26 21:08:57.846, 0, 20824 MiB, 56 %, 1920 MHz, 1920 MHz, 265.47 W, 67, P2, 0x0000000000000004
2026/08/26 21:08:58.846, 0, 20824 MiB, 78 %, 1935 MHz, 1935 MHz, 300.67 W, 71, P2, 0x0000000000000004
2026/08/26 21:08:59.846, 0, 20824 MiB, 77 %, 1935 MHz, 1935 MHz, 331.35 W, 72, P2, 0x0000000000000004
2026/08/26 21:09:00.847, 0, 20824 MiB, 79 %, 1935 MHz, 1935 MHz, 295.88 W, 71, P2, 0x0000000000000004
2026/08/26 21:09:01.847, 0, 20824 MiB, 77 %, 1935 MHz, 1935 MHz, 283.34 W, 71, P2, 0x0000000000000004
2026/08/26 21:09:02.847, 0, 20824 MiB, 78 %, 1935 MHz, 1935 MHz, 333.12 W, 72, P2, 0x0000000000000004
2026/08/26 21:09:03.847, 0, 20824 MiB, 78 %, 1920 MHz, 1920 MHz, 299.16 W, 69, P2, 0x0000000000000000
2026/08/26 21:09:04.847, 0, 20824 MiB, 98 %, 1935 MHz, 1935 MHz, 271.80 W, 71, P2, 0x0000000000000000
2026/08/26 21:09:05.847, 0, 20824 MiB, 77 %, 1920 MHz, 1920 MHz, 331.48 W, 72, P2, 0x0000000000000004
2026/08/26 21:09:06.847, 0, 392 MiB, 77 %, 1920 MHz, 1920 MHz, 329.99 W, 71, P2, 0x0000000000000004
2026/08/26 21:09:07.848, 0, 346 MiB, 100 %, 1935 MHz, 1935 MHz, 181.10 W, 66, P2, 0x0000000000000000
2026/08/26 21:09:08.848, 0, 346 MiB, 0 %, 1935 MHz, 1935 MHz, 172.04 W, 65, P2, 0x0000000000000000
2026/08/26 21:09:09.848, 0, 346 MiB, 0 %, 1695 MHz, 1695 MHz, 169.58 W, 63, P2, 0x0000000000000000
2026/08/26 21:09:10.848, 0, 20144 MiB, 0 %, 1695 MHz, 1695 MHz, 136.74 W, 62, P2, 0x0000000000000000
2026/08/26 21:09:11.848, 0, 20144 MiB, 100 %, 1935 MHz, 1935 MHz, 161.61 W, 63, P2, 0x0000000000000000
2026/08/26 21:09:12.848, 0, 20144 MiB, 100 %, 1935 MHz, 1935 MHz, 169.87 W, 63, P2, 0x0000000000000000
2026/08/26 21:09:13.849, 0, 20144 MiB, 99 %, 1935 MHz, 1935 MHz, 170.32 W, 63, P2, 0x0000000000000000
2026/08/26 21:09:14.849, 0, 20144 MiB, 100 %, 1935 MHz, 1935 MHz, 169.69 W, 63, P2, 0x0000000000000000
2026/08/26 21:09:15.849, 0, 20144 MiB, 100 %, 1935 MHz, 1935 MHz, 169.49 W, 63, P2, 0x0000000000000000
2026/08/26 21:09:16.849, 0, 20144 MiB, 99 %, 1935 MHz, 1935 MHz, 168.54 W, 62, P2, 0x0000000000000000
2026/08/26 21:09:17.849, 0, 20144 MiB, 100 %, 1935 MHz, 1935 MHz, 168.89 W, 62, P2, 0x0000000000000000
2026/08/26 21:09:18.849, 0, 20144 MiB, 100 %, 1935 MHz, 1935 MHz, 168.71 W, 62, P2, 0x0000000000000000
2026/08/26 21:09:19.849, 0, 20144 MiB, 100 %, 1950 MHz, 1950 MHz, 168.71 W, 62, P2, 0x0000000000000000
2026/08/26 21:09:20.850, 0, 20144 MiB, 99 %, 1950 MHz, 1950 MHz, 167.06 W, 61, P2, 0x0000000000000000
2026/08/26 21:09:21.850, 0, 20816 MiB, 99 %, 1950 MHz, 1950 MHz, 163.73 W, 62, P2, 0x0000000000000000
2026/08/26 21:09:22.850, 0, 20816 MiB, 74 %, 1935 MHz, 1935 MHz, 291.82 W, 67, P2, 0x0000000000000000
2026/08/26 21:09:23.850, 0, 20816 MiB, 78 %, 1935 MHz, 1935 MHz, 327.78 W, 68, P2, 0x0000000000000000
2026/08/26 21:09:24.850, 0, 20820 MiB, 78 %, 1935 MHz, 1935 MHz, 277.73 W, 64, P2, 0x0000000000000000
2026/08/26 21:09:25.850, 0, 20820 MiB, 77 %, 1935 MHz, 1935 MHz, 308.73 W, 69, P2, 0x0000000000000000
2026/08/26 21:09:26.850, 0, 20820 MiB, 77 %, 1935 MHz, 1935 MHz, 327.20 W, 69, P2, 0x0000000000000000
2026/08/26 21:09:27.850, 0, 20820 MiB, 77 %, 1935 MHz, 1935 MHz, 278.78 W, 68, P2, 0x0000000000000000
2026/08/26 21:09:28.851, 0, 20820 MiB, 77 %, 1935 MHz, 1935 MHz, 325.02 W, 69, P2, 0x0000000000000000
2026/08/26 21:09:29.851, 0, 20820 MiB, 77 %, 1935 MHz, 1935 MHz, 327.47 W, 70, P2, 0x0000000000000004
2026/08/26 21:09:30.851, 0, 20820 MiB, 74 %, 1935 MHz, 1935 MHz, 289.80 W, 69, P2, 0x0000000000000004
2026/08/26 21:09:31.851, 0, 20820 MiB, 77 %, 1935 MHz, 1935 MHz, 327.45 W, 70, P2, 0x0000000000000000
2026/08/26 21:09:32.851, 0, 20820 MiB, 78 %, 1935 MHz, 1935 MHz, 328.05 W, 70, P2, 0x0000000000000000
2026/08/26 21:09:33.852, 0, 20820 MiB, 26 %, 1935 MHz, 1935 MHz, 287.75 W, 70, P2, 0x0000000000000004
2026/08/26 21:09:34.852, 0, 20820 MiB, 75 %, 1935 MHz, 1935 MHz, 325.21 W, 70, P2, 0x0000000000000000
2026/08/26 21:09:35.852, 0, 20820 MiB, 77 %, 1935 MHz, 1935 MHz, 328.57 W, 71, P2, 0x0000000000000000
2026/08/26 21:09:36.852, 0, 20826 MiB, 76 %, 1935 MHz, 1935 MHz, 260.26 W, 70, P2, 0x0000000000000000
2026/08/26 21:09:37.852, 0, 20826 MiB, 78 %, 1935 MHz, 1935 MHz, 331.77 W, 70, P2, 0x0000000000000004
2026/08/26 21:09:38.853, 0, 20826 MiB, 73 %, 1935 MHz, 1935 MHz, 319.85 W, 71, P2, 0x0000000000000004
2026/08/26 21:09:39.853, 0, 20826 MiB, 56 %, 1935 MHz, 1935 MHz, 297.82 W, 70, P2, 0x0000000000000000
2026/08/26 21:09:40.853, 0, 20826 MiB, 78 %, 1935 MHz, 1935 MHz, 331.40 W, 71, P2, 0x0000000000000004
2026/08/26 21:09:41.853, 0, 20826 MiB, 77 %, 1935 MHz, 1935 MHz, 333.72 W, 72, P2, 0x0000000000000004
2026/08/26 21:09:42.853, 0, 20826 MiB, 61 %, 1935 MHz, 1935 MHz, 293.44 W, 71, P2, 0x0000000000000004
2026/08/26 21:09:43.854, 0, 20826 MiB, 76 %, 1935 MHz, 1935 MHz, 330.45 W, 72, P2, 0x0000000000000000
2026/08/26 21:09:44.854, 0, 20826 MiB, 76 %, 1920 MHz, 1920 MHz, 331.04 W, 72, P2, 0x0000000000000000
2026/08/26 21:09:45.854, 0, 20826 MiB, 72 %, 1920 MHz, 1920 MHz, 295.15 W, 72, P2, 0x0000000000000004
2026/08/26 21:09:46.854, 0, 20826 MiB, 79 %, 1920 MHz, 1920 MHz, 332.04 W, 72, P2, 0x0000000000000000
2026/08/26 21:09:47.854, 0, 20826 MiB, 78 %, 1920 MHz, 1920 MHz, 332.54 W, 72, P2, 0x0000000000000000
2026/08/26 21:09:48.855, 0, 20826 MiB, 72 %, 1920 MHz, 1920 MHz, 295.39 W, 72, P2, 0x0000000000000000
2026/08/26 21:09:49.855, 0, 20826 MiB, 76 %, 1920 MHz, 1920 MHz, 334.32 W, 73, P2, 0x0000000000000004
2026/08/26 21:09:50.855, 0, 20826 MiB, 75 %, 1920 MHz, 1920 MHz, 330.91 W, 73, P2, 0x0000000000000000
2026/08/26 21:09:51.855, 0, 20826 MiB, 77 %, 1920 MHz, 1920 MHz, 299.61 W, 73, P2, 0x0000000000000000
2026/08/26 21:09:52.855, 0, 20826 MiB, 77 %, 1920 MHz, 1920 MHz, 332.62 W, 73, P2, 0x0000000000000004
2026/08/26 21:09:53.856, 0, 394 MiB, 77 %, 1920 MHz, 1920 MHz, 322.70 W, 71, P2, 0x0000000000000004
2026/08/26 21:09:54.856, 0, 346 MiB, 100 %, 1920 MHz, 1920 MHz, 182.85 W, 67, P2, 0x0000000000000024
2026/08/26 21:09:55.856, 0, 346 MiB, 0 %, 1935 MHz, 1935 MHz, 170.61 W, 65, P2, 0x0000000000000000
2026/08/26 21:09:56.856, 0, 346 MiB, 0 %, 1935 MHz, 1935 MHz, 170.25 W, 65, P2, 0x0000000000000000
2026/08/26 21:09:57.857, 0, 20144 MiB, 0 %, 1695 MHz, 1695 MHz, 139.61 W, 62, P2, 0x0000000000000000
2026/08/26 21:09:58.857, 0, 20144 MiB, 99 %, 1935 MHz, 1935 MHz, 159.06 W, 63, P2, 0x0000000000000000
2026/08/26 21:09:59.857, 0, 20144 MiB, 100 %, 1935 MHz, 1935 MHz, 169.75 W, 63, P2, 0x0000000000000000
2026/08/26 21:10:00.857, 0, 20144 MiB, 100 %, 1935 MHz, 1935 MHz, 170.79 W, 63, P2, 0x0000000000000000
2026/08/26 21:10:01.857, 0, 20144 MiB, 99 %, 1935 MHz, 1935 MHz, 170.46 W, 63, P2, 0x0000000000000000
2026/08/26 21:10:02.857, 0, 20144 MiB, 100 %, 1935 MHz, 1935 MHz, 170.70 W, 63, P2, 0x0000000000000000
2026/08/26 21:10:03.857, 0, 20144 MiB, 100 %, 1935 MHz, 1935 MHz, 169.33 W, 62, P2, 0x0000000000000000
2026/08/26 21:10:04.858, 0, 20144 MiB, 100 %, 1935 MHz, 1935 MHz, 170.10 W, 62, P2, 0x0000000000000000
2026/08/26 21:10:05.858, 0, 20144 MiB, 99 %, 1935 MHz, 1935 MHz, 169.65 W, 62, P2, 0x0000000000000000
2026/08/26 21:10:06.858, 0, 20144 MiB, 100 %, 1950 MHz, 1950 MHz, 167.99 W, 62, P2, 0x0000000000000024
2026/08/26 21:10:07.858, 0, 20144 MiB, 100 %, 1950 MHz, 1950 MHz, 168.87 W, 62, P2, 0x0000000000000000
2026/08/26 21:10:08.858, 0, 20144 MiB, 100 %, 1950 MHz, 1950 MHz, 169.10 W, 62, P2, 0x0000000000000000
2026/08/26 21:10:09.858, 0, 20816 MiB, 96 %, 1950 MHz, 1950 MHz, 169.76 W, 62, P2, 0x0000000000000000
2026/08/26 21:10:10.859, 0, 20816 MiB, 77 %, 1935 MHz, 1935 MHz, 296.69 W, 67, P2, 0x0000000000000000
2026/08/26 21:10:11.859, 0, 20816 MiB, 77 %, 1935 MHz, 1935 MHz, 325.77 W, 68, P2, 0x0000000000000000
2026/08/26 21:10:12.859, 0, 20816 MiB, 77 %, 1935 MHz, 1935 MHz, 295.74 W, 65, P2, 0x0000000000000000
2026/08/26 21:10:13.859, 0, 20816 MiB, 77 %, 1935 MHz, 1935 MHz, 316.61 W, 69, P2, 0x0000000000000000
2026/08/26 21:10:14.859, 0, 20816 MiB, 76 %, 1935 MHz, 1935 MHz, 326.40 W, 69, P2, 0x0000000000000000
2026/08/26 21:10:15.859, 0, 20816 MiB, 76 %, 1935 MHz, 1935 MHz, 294.04 W, 68, P2, 0x0000000000000000
2026/08/26 21:10:16.859, 0, 20816 MiB, 75 %, 1935 MHz, 1935 MHz, 327.01 W, 69, P2, 0x0000000000000000
2026/08/26 21:10:17.859, 0, 20816 MiB, 77 %, 1935 MHz, 1935 MHz, 329.99 W, 70, P2, 0x0000000000000004
2026/08/26 21:10:18.859, 0, 20816 MiB, 13 %, 1935 MHz, 1935 MHz, 293.20 W, 70, P2, 0x0000000000000000
2026/08/26 21:10:19.860, 0, 20816 MiB, 77 %, 1935 MHz, 1935 MHz, 328.33 W, 70, P2, 0x0000000000000000
2026/08/26 21:10:20.860, 0, 20816 MiB, 75 %, 1935 MHz, 1935 MHz, 329.20 W, 70, P2, 0x0000000000000004
2026/08/26 21:10:21.860, 0, 20816 MiB, 64 %, 1935 MHz, 1935 MHz, 294.62 W, 70, P2, 0x0000000000000004
2026/08/26 21:10:22.860, 0, 20816 MiB, 77 %, 1935 MHz, 1935 MHz, 332.31 W, 70, P2, 0x0000000000000004
2026/08/26 21:10:23.860, 0, 20816 MiB, 78 %, 1935 MHz, 1935 MHz, 331.51 W, 71, P2, 0x0000000000000004
2026/08/26 21:10:24.860, 0, 20824 MiB, 99 %, 1935 MHz, 1935 MHz, 261.95 W, 70, P2, 0x0000000000000000
2026/08/26 21:10:25.861, 0, 20824 MiB, 77 %, 1935 MHz, 1935 MHz, 329.48 W, 71, P2, 0x0000000000000004
2026/08/26 21:10:26.861, 0, 20824 MiB, 76 %, 1935 MHz, 1935 MHz, 329.39 W, 71, P2, 0x0000000000000004
2026/08/26 21:10:27.861, 0, 20824 MiB, 62 %, 1935 MHz, 1935 MHz, 299.76 W, 71, P2, 0x0000000000000000
2026/08/26 21:10:28.861, 0, 20824 MiB, 78 %, 1935 MHz, 1935 MHz, 332.39 W, 71, P2, 0x0000000000000004
2026/08/26 21:10:29.861, 0, 20824 MiB, 78 %, 1935 MHz, 1935 MHz, 332.64 W, 72, P2, 0x0000000000000004
2026/08/26 21:10:30.861, 0, 20824 MiB, 78 %, 1935 MHz, 1935 MHz, 296.22 W, 71, P2, 0x0000000000000004
2026/08/26 21:10:31.861, 0, 20824 MiB, 77 %, 1935 MHz, 1935 MHz, 332.38 W, 72, P2, 0x0000000000000004
2026/08/26 21:10:32.862, 0, 20824 MiB, 78 %, 1920 MHz, 1920 MHz, 319.01 W, 69, P2, 0x0000000000000004
2026/08/26 21:10:33.862, 0, 20824 MiB, 77 %, 1920 MHz, 1920 MHz, 296.90 W, 72, P2, 0x0000000000000004
2026/08/26 21:10:34.862, 0, 20824 MiB, 78 %, 1920 MHz, 1920 MHz, 331.91 W, 72, P2, 0x0000000000000004
2026/08/26 21:10:35.862, 0, 20824 MiB, 80 %, 1920 MHz, 1920 MHz, 308.79 W, 68, P2, 0x0000000000000000
2026/08/26 21:10:36.862, 0, 20824 MiB, 77 %, 1920 MHz, 1920 MHz, 305.69 W, 72, P2, 0x0000000000000000
2026/08/26 21:10:37.862, 0, 20824 MiB, 78 %, 1920 MHz, 1920 MHz, 333.58 W, 73, P2, 0x0000000000000004
2026/08/26 21:10:38.862, 0, 20824 MiB, 77 %, 1920 MHz, 1920 MHz, 299.63 W, 70, P2, 0x0000000000000000
2026/08/26 21:10:39.862, 0, 20824 MiB, 77 %, 1920 MHz, 1920 MHz, 322.23 W, 72, P2, 0x0000000000000004
2026/08/26 21:10:40.863, 0, 20824 MiB, 77 %, 1920 MHz, 1920 MHz, 333.25 W, 73, P2, 0x0000000000000004
2026/08/26 21:10:41.863, 0, 82 MiB, 76 %, 1920 MHz, 1920 MHz, 277.27 W, 68, P2, 0x0000000000000000
2026/08/26 21:10:42.863, 0, 346 MiB, 0 %, 1935 MHz, 1935 MHz, 181.62 W, 66, P2, 0x0000000000000000
2026/08/26 21:10:43.863, 0, 346 MiB, 2 %, 1935 MHz, 1935 MHz, 169.57 W, 65, P2, 0x0000000000000000
2026/08/26 21:10:44.864, 0, 346 MiB, 6 %, 1695 MHz, 1695 MHz, 164.53 W, 63, P2, 0x0000000000000000
2026/08/26 21:10:45.864, 0, 19362 MiB, 6 %, 1695 MHz, 1695 MHz, 135.40 W, 62, P2, 0x0000000000000000
2026/08/26 21:10:46.864, 0, 19362 MiB, 100 %, 1935 MHz, 1935 MHz, 158.80 W, 63, P2, 0x0000000000000000
2026/08/26 21:10:47.864, 0, 19362 MiB, 100 %, 1935 MHz, 1935 MHz, 170.82 W, 63, P2, 0x0000000000000000
2026/08/26 21:10:48.864, 0, 19362 MiB, 99 %, 1935 MHz, 1935 MHz, 169.83 W, 63, P2, 0x0000000000000000
2026/08/26 21:10:49.864, 0, 19362 MiB, 100 %, 1935 MHz, 1935 MHz, 169.62 W, 63, P2, 0x0000000000000000
2026/08/26 21:10:50.865, 0, 19362 MiB, 100 %, 1935 MHz, 1935 MHz, 168.20 W, 63, P2, 0x0000000000000000
2026/08/26 21:10:51.865, 0, 19362 MiB, 100 %, 1935 MHz, 1935 MHz, 169.58 W, 62, P2, 0x0000000000000000
2026/08/26 21:10:52.865, 0, 19362 MiB, 99 %, 1935 MHz, 1935 MHz, 169.07 W, 62, P2, 0x0000000000000000
2026/08/26 21:10:53.865, 0, 19362 MiB, 100 %, 1935 MHz, 1935 MHz, 168.83 W, 62, P2, 0x0000000000000000
2026/08/26 21:10:54.865, 0, 19362 MiB, 100 %, 1950 MHz, 1950 MHz, 168.80 W, 62, P2, 0x0000000000000000
2026/08/26 21:10:55.865, 0, 19362 MiB, 100 %, 1950 MHz, 1950 MHz, 170.02 W, 61, P2, 0x0000000000000000
2026/08/26 21:10:56.865, 0, 20004 MiB, 99 %, 1950 MHz, 1950 MHz, 168.02 W, 62, P2, 0x0000000000000000
2026/08/26 21:10:57.866, 0, 20758 MiB, 76 %, 1950 MHz, 1950 MHz, 178.42 W, 62, P2, 0x0000000000000000
2026/08/26 21:10:58.873, 0, 20764 MiB, 82 %, 1950 MHz, 1950 MHz, 205.49 W, 62, P2, 0x0000000000000000
2026/08/26 21:10:59.874, 0, 20764 MiB, 86 %, 1950 MHz, 1950 MHz, 206.56 W, 63, P2, 0x0000000000000000
2026/08/26 21:11:00.874, 0, 20764 MiB, 83 %, 1950 MHz, 1950 MHz, 206.29 W, 63, P2, 0x0000000000000000
2026/08/26 21:11:01.874, 0, 20764 MiB, 83 %, 1950 MHz, 1950 MHz, 205.32 W, 62, P2, 0x0000000000000000
2026/08/26 21:11:02.874, 0, 20764 MiB, 84 %, 1950 MHz, 1950 MHz, 206.18 W, 62, P2, 0x0000000000000000
2026/08/26 21:11:03.876, 0, 20764 MiB, 84 %, 1950 MHz, 1950 MHz, 205.41 W, 62, P2, 0x0000000000000000
2026/08/26 21:11:04.876, 0, 20764 MiB, 84 %, 1950 MHz, 1950 MHz, 206.03 W, 62, P2, 0x0000000000000000
2026/08/26 21:11:05.876, 0, 20764 MiB, 85 %, 1950 MHz, 1950 MHz, 206.00 W, 62, P2, 0x0000000000000000
2026/08/26 21:11:06.876, 0, 20764 MiB, 83 %, 1950 MHz, 1950 MHz, 205.15 W, 62, P2, 0x0000000000000000
2026/08/26 21:11:07.876, 0, 20764 MiB, 85 %, 1950 MHz, 1950 MHz, 204.76 W, 62, P2, 0x0000000000000000
2026/08/26 21:11:08.876, 0, 20764 MiB, 51 %, 1950 MHz, 1950 MHz, 203.10 W, 62, P2, 0x0000000000000000
2026/08/26 21:11:09.877, 0, 20764 MiB, 84 %, 1950 MHz, 1950 MHz, 204.85 W, 62, P2, 0x0000000000000000
2026/08/26 21:11:10.877, 0, 20764 MiB, 83 %, 1950 MHz, 1950 MHz, 205.35 W, 62, P2, 0x0000000000000000
2026/08/26 21:11:11.877, 0, 20764 MiB, 84 %, 1950 MHz, 1950 MHz, 205.49 W, 62, P2, 0x0000000000000000
2026/08/26 21:11:12.877, 0, 20764 MiB, 85 %, 1950 MHz, 1950 MHz, 205.65 W, 61, P2, 0x0000000000000000
2026/08/26 21:11:13.877, 0, 20764 MiB, 83 %, 1950 MHz, 1950 MHz, 204.94 W, 62, P2, 0x0000000000000000
2026/08/26 21:11:14.877, 0, 20764 MiB, 85 %, 1950 MHz, 1950 MHz, 205.11 W, 62, P2, 0x0000000000000000
2026/08/26 21:11:15.877, 0, 20764 MiB, 82 %, 1950 MHz, 1950 MHz, 204.98 W, 61, P2, 0x0000000000000000
2026/08/26 21:11:16.878, 0, 20764 MiB, 85 %, 1950 MHz, 1950 MHz, 204.58 W, 61, P2, 0x0000000000000000
2026/08/26 21:11:17.878, 0, 20764 MiB, 84 %, 1950 MHz, 1950 MHz, 204.28 W, 61, P2, 0x0000000000000000
2026/08/26 21:11:18.878, 0, 20764 MiB, 83 %, 1950 MHz, 1950 MHz, 203.44 W, 61, P2, 0x0000000000000000
2026/08/26 21:11:19.878, 0, 20764 MiB, 83 %, 1950 MHz, 1950 MHz, 198.74 W, 61, P2, 0x0000000000000000
2026/08/26 21:11:20.878, 0, 20764 MiB, 86 %, 1950 MHz, 1950 MHz, 204.71 W, 61, P2, 0x0000000000000000
2026/08/26 21:11:21.878, 0, 20764 MiB, 83 %, 1950 MHz, 1950 MHz, 204.11 W, 61, P2, 0x0000000000000000
2026/08/26 21:11:22.878, 0, 20764 MiB, 85 %, 1950 MHz, 1950 MHz, 204.82 W, 61, P2, 0x0000000000000000
2026/08/26 21:11:23.879, 0, 20764 MiB, 84 %, 1950 MHz, 1950 MHz, 203.60 W, 61, P2, 0x0000000000000000
2026/08/26 21:11:24.879, 0, 20764 MiB, 85 %, 1950 MHz, 1950 MHz, 204.24 W, 61, P2, 0x0000000000000000
2026/08/26 21:11:25.879, 0, 20764 MiB, 83 %, 1950 MHz, 1950 MHz, 203.54 W, 61, P2, 0x0000000000000000
2026/08/26 21:11:26.879, 0, 20764 MiB, 84 %, 1950 MHz, 1950 MHz, 205.23 W, 61, P2, 0x0000000000000000
2026/08/26 21:11:27.879, 0, 20764 MiB, 84 %, 1950 MHz, 1950 MHz, 203.10 W, 61, P2, 0x0000000000000000
2026/08/26 21:11:28.879, 0, 20764 MiB, 82 %, 1950 MHz, 1950 MHz, 205.05 W, 61, P2, 0x0000000000000000
2026/08/26 21:11:29.879, 0, 20764 MiB, 86 %, 1950 MHz, 1950 MHz, 203.91 W, 61, P2, 0x0000000000000000
2026/08/26 21:11:30.880, 0, 20768 MiB, 47 %, 1950 MHz, 1950 MHz, 197.07 W, 61, P2, 0x0000000000000000
2026/08/26 21:11:31.880, 0, 20768 MiB, 80 %, 1950 MHz, 1950 MHz, 202.38 W, 60, P2, 0x0000000000000000
2026/08/26 21:11:32.880, 0, 20768 MiB, 82 %, 1950 MHz, 1950 MHz, 202.20 W, 60, P2, 0x0000000000000000
2026/08/26 21:11:33.880, 0, 20768 MiB, 84 %, 1950 MHz, 1950 MHz, 203.37 W, 61, P2, 0x0000000000000000
2026/08/26 21:11:34.880, 0, 20768 MiB, 84 %, 1950 MHz, 1950 MHz, 202.26 W, 61, P2, 0x0000000000000000
2026/08/26 21:11:35.880, 0, 20768 MiB, 82 %, 1950 MHz, 1950 MHz, 201.97 W, 61, P2, 0x0000000000000000
2026/08/26 21:11:36.880, 0, 20768 MiB, 84 %, 1950 MHz, 1950 MHz, 202.45 W, 61, P2, 0x0000000000000000
2026/08/26 21:11:37.881, 0, 20768 MiB, 85 %, 1950 MHz, 1950 MHz, 203.51 W, 61, P2, 0x0000000000000000
2026/08/26 21:11:38.881, 0, 20768 MiB, 82 %, 1950 MHz, 1950 MHz, 203.04 W, 61, P2, 0x0000000000000000
2026/08/26 21:11:39.881, 0, 20768 MiB, 82 %, 1950 MHz, 1950 MHz, 202.62 W, 61, P2, 0x0000000000000000
2026/08/26 21:11:40.881, 0, 20768 MiB, 85 %, 1950 MHz, 1950 MHz, 203.13 W, 61, P2, 0x0000000000000000
2026/08/26 21:11:41.881, 0, 20768 MiB, 58 %, 1950 MHz, 1950 MHz, 198.63 W, 60, P2, 0x0000000000000000
2026/08/26 21:11:42.881, 0, 20768 MiB, 86 %, 1950 MHz, 1950 MHz, 202.42 W, 60, P2, 0x0000000000000000
2026/08/26 21:11:43.882, 0, 20768 MiB, 83 %, 1950 MHz, 1950 MHz, 201.86 W, 61, P2, 0x0000000000000000
2026/08/26 21:11:44.882, 0, 20768 MiB, 82 %, 1950 MHz, 1950 MHz, 201.04 W, 60, P2, 0x0000000000000000
2026/08/26 21:11:45.882, 0, 20768 MiB, 84 %, 1950 MHz, 1950 MHz, 202.60 W, 60, P2, 0x0000000000000000
2026/08/26 21:11:46.882, 0, 20768 MiB, 84 %, 1950 MHz, 1950 MHz, 202.30 W, 61, P2, 0x0000000000000000
2026/08/26 21:11:47.882, 0, 20768 MiB, 85 %, 1950 MHz, 1950 MHz, 203.24 W, 60, P2, 0x0000000000000000
2026/08/26 21:11:48.882, 0, 20768 MiB, 84 %, 1950 MHz, 1950 MHz, 201.32 W, 60, P2, 0x0000000000000000
2026/08/26 21:11:49.882, 0, 20768 MiB, 86 %, 1950 MHz, 1950 MHz, 202.45 W, 60, P2, 0x0000000000000000
2026/08/26 21:11:50.882, 0, 20768 MiB, 85 %, 1950 MHz, 1950 MHz, 201.65 W, 60, P2, 0x0000000000000000
2026/08/26 21:11:51.883, 0, 20776 MiB, 15 %, 1950 MHz, 1950 MHz, 194.09 W, 59, P2, 0x0000000000000000
2026/08/26 21:11:52.883, 0, 20776 MiB, 86 %, 1950 MHz, 1950 MHz, 198.10 W, 60, P2, 0x0000000000000000
2026/08/26 21:11:53.883, 0, 20776 MiB, 84 %, 1950 MHz, 1950 MHz, 202.42 W, 60, P2, 0x0000000000000000
2026/08/26 21:11:54.883, 0, 20776 MiB, 86 %, 1950 MHz, 1950 MHz, 201.16 W, 60, P2, 0x0000000000000000
2026/08/26 21:11:55.883, 0, 20776 MiB, 83 %, 1950 MHz, 1950 MHz, 203.25 W, 60, P2, 0x0000000000000000
2026/08/26 21:11:56.883, 0, 20776 MiB, 83 %, 1950 MHz, 1950 MHz, 201.82 W, 60, P2, 0x0000000000000000
2026/08/26 21:11:57.883, 0, 20776 MiB, 83 %, 1950 MHz, 1950 MHz, 202.34 W, 60, P2, 0x0000000000000000
2026/08/26 21:11:58.883, 0, 20776 MiB, 82 %, 1950 MHz, 1950 MHz, 200.58 W, 60, P2, 0x0000000000000000
2026/08/26 21:11:59.884, 0, 20776 MiB, 84 %, 1950 MHz, 1950 MHz, 201.11 W, 60, P2, 0x0000000000000000
2026/08/26 21:12:00.884, 0, 20776 MiB, 84 %, 1950 MHz, 1950 MHz, 201.28 W, 60, P2, 0x0000000000000000
2026/08/26 21:12:01.884, 0, 20776 MiB, 83 %, 1950 MHz, 1950 MHz, 202.30 W, 60, P2, 0x0000000000000000
2026/08/26 21:12:02.884, 0, 20776 MiB, 82 %, 1950 MHz, 1950 MHz, 202.02 W, 60, P2, 0x0000000000000000
2026/08/26 21:12:03.884, 0, 20776 MiB, 83 %, 1950 MHz, 1950 MHz, 201.18 W, 60, P2, 0x0000000000000000
2026/08/26 21:12:04.884, 0, 20776 MiB, 82 %, 1950 MHz, 1950 MHz, 201.40 W, 60, P2, 0x0000000000000000
2026/08/26 21:12:05.884, 0, 20776 MiB, 83 %, 1950 MHz, 1950 MHz, 202.22 W, 60, P2, 0x0000000000000000
2026/08/26 21:12:06.884, 0, 20776 MiB, 84 %, 1950 MHz, 1950 MHz, 201.88 W, 60, P2, 0x0000000000000000
2026/08/26 21:12:07.885, 0, 20776 MiB, 82 %, 1950 MHz, 1950 MHz, 203.12 W, 60, P2, 0x0000000000000000
2026/08/26 21:12:08.885, 0, 20776 MiB, 83 %, 1950 MHz, 1950 MHz, 201.73 W, 60, P2, 0x0000000000000000
2026/08/26 21:12:09.885, 0, 20776 MiB, 86 %, 1950 MHz, 1950 MHz, 202.18 W, 60, P2, 0x0000000000000000
2026/08/26 21:12:10.885, 0, 20776 MiB, 83 %, 1950 MHz, 1950 MHz, 201.79 W, 60, P2, 0x0000000000000000
2026/08/26 21:12:11.885, 0, 20776 MiB, 83 %, 1950 MHz, 1950 MHz, 201.50 W, 60, P2, 0x0000000000000000
2026/08/26 21:12:12.885, 0, 20776 MiB, 86 %, 1950 MHz, 1950 MHz, 201.11 W, 60, P2, 0x0000000000000000
2026/08/26 21:12:13.885, 0, 20776 MiB, 85 %, 1950 MHz, 1950 MHz, 202.01 W, 60, P2, 0x0000000000000000
2026/08/26 21:12:14.886, 0, 20776 MiB, 82 %, 1950 MHz, 1950 MHz, 200.23 W, 60, P2, 0x0000000000000000
2026/08/26 21:12:15.886, 0, 20776 MiB, 84 %, 1950 MHz, 1950 MHz, 201.32 W, 60, P2, 0x0000000000000000
2026/08/26 21:12:16.886, 0, 20776 MiB, 82 %, 1950 MHz, 1950 MHz, 201.55 W, 60, P2, 0x0000000000000000
2026/08/26 21:12:17.886, 0, 20776 MiB, 83 %, 1950 MHz, 1950 MHz, 200.47 W, 60, P2, 0x0000000000000000
2026/08/26 21:12:18.886, 0, 20776 MiB, 85 %, 1950 MHz, 1950 MHz, 202.18 W, 60, P2, 0x0000000000000000
2026/08/26 21:12:19.886, 0, 20776 MiB, 82 %, 1950 MHz, 1950 MHz, 200.79 W, 60, P2, 0x0000000000000000
2026/08/26 21:12:20.886, 0, 20776 MiB, 82 %, 1950 MHz, 1950 MHz, 201.43 W, 60, P2, 0x0000000000000000
2026/08/26 21:12:21.887, 0, 20776 MiB, 85 %, 1950 MHz, 1950 MHz, 203.47 W, 61, P2, 0x0000000000000000
2026/08/26 21:12:22.887, 0, 20776 MiB, 84 %, 1950 MHz, 1950 MHz, 203.44 W, 60, P2, 0x0000000000000000
2026/08/26 21:12:23.887, 0, 20776 MiB, 84 %, 1950 MHz, 1950 MHz, 201.18 W, 60, P2, 0x0000000000000000
2026/08/26 21:12:24.887, 0, 20776 MiB, 84 %, 1950 MHz, 1950 MHz, 202.04 W, 60, P2, 0x0000000000000000
2026/08/26 21:12:25.887, 0, 20776 MiB, 83 %, 1950 MHz, 1950 MHz, 201.75 W, 60, P2, 0x0000000000000000
2026/08/26 21:12:26.887, 0, 20776 MiB, 84 %, 1950 MHz, 1950 MHz, 201.29 W, 60, P2, 0x0000000000000000
2026/08/26 21:12:27.888, 0, 20776 MiB, 84 %, 1950 MHz, 1950 MHz, 203.21 W, 60, P2, 0x0000000000000000
2026/08/26 21:12:28.888, 0, 20776 MiB, 83 %, 1950 MHz, 1950 MHz, 201.59 W, 60, P2, 0x0000000000000000
2026/08/26 21:12:29.888, 0, 20776 MiB, 83 %, 1950 MHz, 1950 MHz, 201.64 W, 60, P2, 0x0000000000000000
2026/08/26 21:12:30.888, 0, 20776 MiB, 84 %, 1950 MHz, 1950 MHz, 202.40 W, 60, P2, 0x0000000000000000
2026/08/26 21:12:31.888, 0, 20776 MiB, 83 %, 1950 MHz, 1950 MHz, 202.49 W, 60, P2, 0x0000000000000000
2026/08/26 21:12:32.888, 0, 20776 MiB, 84 %, 1950 MHz, 1950 MHz, 196.91 W, 59, P2, 0x0000000000000000
2026/08/26 21:12:33.888, 0, 20776 MiB, 82 %, 1950 MHz, 1950 MHz, 194.61 W, 60, P2, 0x0000000000000000
2026/08/26 21:12:34.888, 0, 20776 MiB, 85 %, 1950 MHz, 1950 MHz, 201.15 W, 60, P2, 0x0000000000000000
2026/08/26 21:12:35.889, 0, 20776 MiB, 85 %, 1950 MHz, 1950 MHz, 201.93 W, 59, P2, 0x0000000000000000
2026/08/26 21:12:36.889, 0, 20776 MiB, 83 %, 1950 MHz, 1950 MHz, 201.41 W, 59, P2, 0x0000000000000000
2026/08/26 21:12:37.889, 0, 20776 MiB, 83 %, 1950 MHz, 1950 MHz, 201.02 W, 60, P2, 0x0000000000000000
2026/08/26 21:12:38.889, 0, 20776 MiB, 80 %, 1950 MHz, 1950 MHz, 202.46 W, 59, P2, 0x0000000000000000
2026/08/26 21:12:39.889, 0, 20776 MiB, 82 %, 1950 MHz, 1950 MHz, 200.66 W, 60, P2, 0x0000000000000000
2026/08/26 21:12:40.889, 0, 20776 MiB, 84 %, 1950 MHz, 1950 MHz, 202.86 W, 60, P2, 0x0000000000000000
2026/08/26 21:12:41.889, 0, 20776 MiB, 84 %, 1950 MHz, 1950 MHz, 200.23 W, 60, P2, 0x0000000000000000
2026/08/26 21:12:42.890, 0, 20776 MiB, 83 %, 1950 MHz, 1950 MHz, 201.43 W, 60, P2, 0x0000000000000000
2026/08/26 21:12:43.890, 0, 20776 MiB, 84 %, 1950 MHz, 1950 MHz, 200.30 W, 60, P2, 0x0000000000000000
2026/08/26 21:12:44.890, 0, 20776 MiB, 79 %, 1950 MHz, 1950 MHz, 200.04 W, 60, P2, 0x0000000000000000
2026/08/26 21:12:45.890, 0, 20776 MiB, 84 %, 1950 MHz, 1950 MHz, 200.68 W, 59, P2, 0x0000000000000000
2026/08/26 21:12:46.890, 0, 20776 MiB, 83 %, 1950 MHz, 1950 MHz, 200.95 W, 60, P2, 0x0000000000000000
2026/08/26 21:12:47.890, 0, 20776 MiB, 85 %, 1950 MHz, 1950 MHz, 201.52 W, 60, P2, 0x0000000000000000
2026/08/26 21:12:48.890, 0, 20776 MiB, 83 %, 1950 MHz, 1950 MHz, 199.87 W, 60, P2, 0x0000000000000000
2026/08/26 21:12:49.891, 0, 20776 MiB, 84 %, 1950 MHz, 1950 MHz, 201.35 W, 60, P2, 0x0000000000000000
2026/08/26 21:12:50.891, 0, 20776 MiB, 84 %, 1950 MHz, 1950 MHz, 202.08 W, 60, P2, 0x0000000000000000
2026/08/26 21:12:51.891, 0, 20776 MiB, 83 %, 1950 MHz, 1950 MHz, 201.12 W, 60, P2, 0x0000000000000000
2026/08/26 21:12:52.891, 0, 20776 MiB, 85 %, 1950 MHz, 1950 MHz, 201.09 W, 60, P2, 0x0000000000000000
2026/08/26 21:12:53.891, 0, 20776 MiB, 84 %, 1950 MHz, 1950 MHz, 199.90 W, 60, P2, 0x0000000000000000
2026/08/26 21:12:54.892, 0, 82 MiB, 80 %, 1950 MHz, 1950 MHz, 184.42 W, 58, P2, 0x0000000000000000
2026/08/26 21:12:55.893, 0, 346 MiB, 0 %, 1950 MHz, 1950 MHz, 166.02 W, 59, P2, 0x0000000000000000
2026/08/26 21:12:56.893, 0, 346 MiB, 0 %, 1950 MHz, 1950 MHz, 155.06 W, 58, P2, 0x0000000000000000
2026/08/26 21:12:57.893, 0, 346 MiB, 19 %, 1695 MHz, 1695 MHz, 153.06 W, 57, P2, 0x0000000000000000
2026/08/26 21:12:58.893, 0, 19044 MiB, 19 %, 1695 MHz, 1695 MHz, 128.73 W, 56, P2, 0x0000000000000000
2026/08/26 21:12:59.894, 0, 19044 MiB, 99 %, 1965 MHz, 1965 MHz, 134.81 W, 57, P2, 0x0000000000000000
2026/08/26 21:13:00.894, 0, 19044 MiB, 99 %, 1965 MHz, 1965 MHz, 163.44 W, 58, P2, 0x0000000000000000
2026/08/26 21:13:01.894, 0, 19044 MiB, 99 %, 1965 MHz, 1965 MHz, 163.36 W, 58, P2, 0x0000000000000000
2026/08/26 21:13:02.894, 0, 19044 MiB, 100 %, 1965 MHz, 1965 MHz, 162.99 W, 58, P2, 0x0000000000000000
2026/08/26 21:13:03.894, 0, 19044 MiB, 100 %, 1965 MHz, 1965 MHz, 163.27 W, 58, P2, 0x0000000000000000
2026/08/26 21:13:04.895, 0, 19044 MiB, 100 %, 1965 MHz, 1965 MHz, 162.98 W, 58, P2, 0x0000000000000000
2026/08/26 21:13:05.895, 0, 19044 MiB, 99 %, 1965 MHz, 1965 MHz, 163.16 W, 57, P2, 0x0000000000000000
2026/08/26 21:13:06.895, 0, 19044 MiB, 100 %, 1965 MHz, 1965 MHz, 163.35 W, 57, P2, 0x0000000000000000
2026/08/26 21:13:07.895, 0, 19044 MiB, 100 %, 1965 MHz, 1965 MHz, 162.96 W, 57, P2, 0x0000000000000000
2026/08/26 21:13:08.895, 0, 19044 MiB, 100 %, 1965 MHz, 1965 MHz, 163.13 W, 57, P2, 0x0000000000000000
2026/08/26 21:13:09.895, 0, 19044 MiB, 99 %, 1965 MHz, 1965 MHz, 163.60 W, 57, P2, 0x0000000000000000
2026/08/26 21:13:10.895, 0, 21094 MiB, 30 %, 1965 MHz, 1965 MHz, 165.36 W, 58, P2, 0x0000000000000000
2026/08/26 21:13:11.896, 0, 22270 MiB, 0 %, 1965 MHz, 1965 MHz, 166.55 W, 57, P2, 0x0000000000000000
2026/08/26 21:13:12.896, 0, 22270 MiB, 75 %, 1950 MHz, 1950 MHz, 264.48 W, 63, P2, 0x0000000000000000
2026/08/26 21:13:13.904, 0, 22270 MiB, 73 %, 1950 MHz, 1950 MHz, 318.93 W, 63, P2, 0x0000000000000004
2026/08/26 21:13:14.904, 0, 22270 MiB, 75 %, 1950 MHz, 1950 MHz, 295.10 W, 64, P2, 0x0000000000000004
2026/08/26 21:13:15.904, 0, 22270 MiB, 75 %, 1950 MHz, 1950 MHz, 325.33 W, 65, P2, 0x0000000000000004
2026/08/26 21:13:16.904, 0, 22270 MiB, 67 %, 1950 MHz, 1950 MHz, 290.43 W, 63, P2, 0x0000000000000000
2026/08/26 21:13:17.904, 0, 22270 MiB, 77 %, 1950 MHz, 1950 MHz, 317.49 W, 65, P2, 0x0000000000000004
2026/08/26 21:13:18.908, 0, 22286 MiB, 77 %, 1950 MHz, 1950 MHz, 328.61 W, 65, P2, 0x0000000000000004
2026/08/26 21:13:19.908, 0, 22286 MiB, 77 %, 1950 MHz, 1950 MHz, 284.94 W, 65, P2, 0x0000000000000004
2026/08/26 21:13:20.908, 0, 22286 MiB, 76 %, 1950 MHz, 1950 MHz, 326.71 W, 66, P2, 0x0000000000000004
2026/08/26 21:13:21.909, 0, 22286 MiB, 77 %, 1950 MHz, 1950 MHz, 289.99 W, 65, P2, 0x0000000000000004
2026/08/26 21:13:22.909, 0, 22286 MiB, 74 %, 1950 MHz, 1950 MHz, 329.24 W, 66, P2, 0x0000000000000004
2026/08/26 21:13:23.911, 0, 22292 MiB, 100 %, 1950 MHz, 1950 MHz, 222.79 W, 65, P2, 0x0000000000000000
2026/08/26 21:13:24.911, 0, 22292 MiB, 76 %, 1950 MHz, 1950 MHz, 321.35 W, 66, P2, 0x0000000000000004
2026/08/26 21:13:25.912, 0, 22292 MiB, 73 %, 1950 MHz, 1950 MHz, 298.76 W, 64, P2, 0x0000000000000004
2026/08/26 21:13:26.912, 0, 22292 MiB, 74 %, 1935 MHz, 1935 MHz, 311.43 W, 67, P2, 0x0000000000000004
2026/08/26 21:13:27.912, 0, 22292 MiB, 74 %, 1935 MHz, 1935 MHz, 323.34 W, 67, P2, 0x0000000000000004
2026/08/26 21:13:28.912, 0, 22292 MiB, 71 %, 1935 MHz, 1935 MHz, 287.05 W, 67, P2, 0x0000000000000004
2026/08/26 21:13:29.912, 0, 22292 MiB, 74 %, 1935 MHz, 1935 MHz, 321.65 W, 67, P2, 0x0000000000000004
2026/08/26 21:13:30.913, 0, 22292 MiB, 76 %, 1935 MHz, 1935 MHz, 290.23 W, 67, P2, 0x0000000000000004
2026/08/26 21:13:31.913, 0, 22292 MiB, 77 %, 1935 MHz, 1935 MHz, 323.22 W, 68, P2, 0x0000000000000004
2026/08/26 21:13:32.913, 0, 22292 MiB, 62 %, 1935 MHz, 1935 MHz, 292.07 W, 67, P2, 0x0000000000000004
2026/08/26 21:13:33.913, 0, 22292 MiB, 76 %, 1935 MHz, 1935 MHz, 327.18 W, 68, P2, 0x0000000000000004
2026/08/26 21:13:34.913, 0, 22292 MiB, 77 %, 1935 MHz, 1935 MHz, 326.51 W, 67, P2, 0x0000000000000004
2026/08/26 21:13:35.914, 0, 22292 MiB, 77 %, 1935 MHz, 1935 MHz, 295.84 W, 68, P2, 0x0000000000000004
2026/08/26 21:13:36.914, 0, 22292 MiB, 80 %, 1935 MHz, 1935 MHz, 330.63 W, 69, P2, 0x0000000000000004
2026/08/26 21:13:37.914, 0, 82 MiB, 0 %, 1935 MHz, 1935 MHz, 238.34 W, 64, P0, 0x0000000000000000
2026/08/26 21:13:38.914, 0, 346 MiB, 0 %, 1935 MHz, 1935 MHz, 172.96 W, 63, P2, 0x0000000000000000
2026/08/26 21:13:39.914, 0, 346 MiB, 0 %, 1935 MHz, 1935 MHz, 160.55 W, 62, P2, 0x0000000000000000
2026/08/26 21:13:40.915, 0, 346 MiB, 0 %, 1695 MHz, 1695 MHz, 162.03 W, 61, P2, 0x0000000000000000
2026/08/26 21:13:41.915, 0, 18082 MiB, 31 %, 1695 MHz, 1695 MHz, 134.93 W, 60, P2, 0x0000000000000000
2026/08/26 21:13:42.915, 0, 18082 MiB, 100 %, 1950 MHz, 1950 MHz, 139.27 W, 61, P2, 0x0000000000000000
2026/08/26 21:13:43.915, 0, 18082 MiB, 99 %, 1950 MHz, 1950 MHz, 167.28 W, 61, P2, 0x0000000000000000
2026/08/26 21:13:44.916, 0, 18082 MiB, 100 %, 1950 MHz, 1950 MHz, 166.44 W, 61, P2, 0x0000000000000000
2026/08/26 21:13:45.916, 0, 18082 MiB, 99 %, 1950 MHz, 1950 MHz, 165.70 W, 61, P2, 0x0000000000000000
2026/08/26 21:13:46.916, 0, 18082 MiB, 99 %, 1950 MHz, 1950 MHz, 163.60 W, 60, P2, 0x0000000000000000
2026/08/26 21:13:47.916, 0, 18082 MiB, 100 %, 1950 MHz, 1950 MHz, 163.02 W, 60, P2, 0x0000000000000000
2026/08/26 21:13:48.916, 0, 18082 MiB, 100 %, 1950 MHz, 1950 MHz, 163.24 W, 60, P2, 0x0000000000000000
2026/08/26 21:13:49.917, 0, 18082 MiB, 100 %, 1950 MHz, 1950 MHz, 162.87 W, 60, P2, 0x0000000000000000
2026/08/26 21:13:50.917, 0, 19730 MiB, 99 %, 1950 MHz, 1950 MHz, 162.49 W, 60, P2, 0x0000000000000000
2026/08/26 21:13:51.917, 0, 21760 MiB, 99 %, 1950 MHz, 1950 MHz, 161.99 W, 59, P2, 0x0000000000000000
2026/08/26 21:13:52.917, 0, 21812 MiB, 62 %, 1950 MHz, 1950 MHz, 188.04 W, 63, P2, 0x0000000000000000
2026/08/26 21:13:53.917, 0, 21812 MiB, 69 %, 1950 MHz, 1950 MHz, 305.34 W, 66, P2, 0x0000000000000000
2026/08/26 21:13:54.917, 0, 21812 MiB, 38 %, 1950 MHz, 1950 MHz, 300.30 W, 64, P2, 0x0000000000000000
2026/08/26 21:13:55.918, 0, 21812 MiB, 64 %, 1950 MHz, 1950 MHz, 282.48 W, 66, P2, 0x0000000000000000
2026/08/26 21:13:56.918, 0, 21812 MiB, 69 %, 1950 MHz, 1950 MHz, 309.94 W, 67, P2, 0x0000000000000004
2026/08/26 21:13:57.918, 0, 21812 MiB, 68 %, 1935 MHz, 1935 MHz, 278.15 W, 66, P2, 0x0000000000000000
2026/08/26 21:13:58.918, 0, 21812 MiB, 67 %, 1935 MHz, 1935 MHz, 311.12 W, 67, P2, 0x0000000000000000
2026/08/26 21:13:59.918, 0, 21828 MiB, 21 %, 1935 MHz, 1935 MHz, 299.21 W, 64, P2, 0x0000000000000000
2026/08/26 21:14:00.918, 0, 21828 MiB, 69 %, 1935 MHz, 1935 MHz, 272.26 W, 67, P2, 0x0000000000000000
2026/08/26 21:14:01.919, 0, 21828 MiB, 72 %, 1935 MHz, 1935 MHz, 310.43 W, 67, P2, 0x0000000000000000
2026/08/26 21:14:02.919, 0, 21828 MiB, 70 %, 1935 MHz, 1935 MHz, 274.67 W, 67, P2, 0x0000000000000000
2026/08/26 21:14:03.927, 0, 21828 MiB, 70 %, 1935 MHz, 1935 MHz, 308.08 W, 68, P2, 0x0000000000000000
2026/08/26 21:14:04.927, 0, 21834 MiB, 70 %, 1935 MHz, 1935 MHz, 290.68 W, 67, P2, 0x0000000000000000
2026/08/26 21:14:05.927, 0, 21834 MiB, 70 %, 1935 MHz, 1935 MHz, 219.63 W, 67, P2, 0x0000000000000000
2026/08/26 21:14:06.927, 0, 21834 MiB, 72 %, 1935 MHz, 1935 MHz, 309.29 W, 68, P2, 0x0000000000000000
2026/08/26 21:14:07.928, 0, 21834 MiB, 65 %, 1935 MHz, 1935 MHz, 276.51 W, 67, P2, 0x0000000000000004
2026/08/26 21:14:08.928, 0, 21834 MiB, 73 %, 1935 MHz, 1935 MHz, 309.80 W, 68, P2, 0x0000000000000004
2026/08/26 21:14:09.928, 0, 21834 MiB, 68 %, 1935 MHz, 1935 MHz, 310.46 W, 68, P2, 0x0000000000000000
2026/08/26 21:14:10.928, 0, 21834 MiB, 73 %, 1935 MHz, 1935 MHz, 279.80 W, 68, P2, 0x0000000000000000
2026/08/26 21:14:11.929, 0, 21834 MiB, 71 %, 1935 MHz, 1935 MHz, 310.25 W, 69, P2, 0x0000000000000000
2026/08/26 21:14:12.929, 0, 21834 MiB, 72 %, 1935 MHz, 1935 MHz, 283.98 W, 68, P2, 0x0000000000000004
2026/08/26 21:14:13.930, 0, 21834 MiB, 71 %, 1935 MHz, 1935 MHz, 314.71 W, 69, P2, 0x0000000000000000
2026/08/26 21:14:14.930, 0, 21834 MiB, 73 %, 1935 MHz, 1935 MHz, 284.89 W, 67, P2, 0x0000000000000004
2026/08/26 21:14:15.930, 0, 21834 MiB, 72 %, 1935 MHz, 1935 MHz, 308.38 W, 69, P2, 0x0000000000000000
2026/08/26 21:14:16.931, 0, 21834 MiB, 70 %, 1935 MHz, 1935 MHz, 317.92 W, 69, P2, 0x0000000000000000
2026/08/26 21:14:17.931, 0, 21834 MiB, 70 %, 1935 MHz, 1935 MHz, 284.79 W, 69, P2, 0x0000000000000000
2026/08/26 21:14:18.933, 0, 21834 MiB, 71 %, 1935 MHz, 1935 MHz, 316.01 W, 69, P2, 0x0000000000000004
2026/08/26 21:14:19.933, 0, 82 MiB, 2 %, 1935 MHz, 1935 MHz, 305.83 W, 67, P2, 0x0000000000000004
2026/08/26 21:14:20.933, 0, 346 MiB, 0 %, 1935 MHz, 1935 MHz, 174.51 W, 64, P2, 0x0000000000000000
2026/08/26 21:14:21.933, 0, 346 MiB, 0 %, 1935 MHz, 1935 MHz, 161.10 W, 63, P2, 0x0000000000000000
2026/08/26 21:14:22.934, 0, 346 MiB, 1 %, 1695 MHz, 1695 MHz, 159.68 W, 63, P2, 0x0000000000000000
2026/08/26 21:14:23.934, 0, 17618 MiB, 0 %, 1695 MHz, 1695 MHz, 136.86 W, 61, P2, 0x0000000000000000
2026/08/26 21:14:24.934, 0, 17618 MiB, 100 %, 1950 MHz, 1950 MHz, 145.44 W, 62, P2, 0x0000000000000000
2026/08/26 21:14:25.934, 0, 17618 MiB, 100 %, 1950 MHz, 1950 MHz, 168.48 W, 62, P2, 0x0000000000000000
2026/08/26 21:14:26.934, 0, 17618 MiB, 99 %, 1950 MHz, 1950 MHz, 168.13 W, 62, P2, 0x0000000000000000
2026/08/26 21:14:27.934, 0, 17618 MiB, 99 %, 1950 MHz, 1950 MHz, 166.15 W, 62, P2, 0x0000000000000000
2026/08/26 21:14:28.935, 0, 17618 MiB, 99 %, 1950 MHz, 1950 MHz, 165.25 W, 61, P2, 0x0000000000000000
2026/08/26 21:14:29.935, 0, 17618 MiB, 100 %, 1950 MHz, 1950 MHz, 164.47 W, 61, P2, 0x0000000000000000
2026/08/26 21:14:30.935, 0, 17618 MiB, 99 %, 1950 MHz, 1950 MHz, 165.84 W, 61, P2, 0x0000000000000000
2026/08/26 21:14:31.935, 0, 17618 MiB, 100 %, 1950 MHz, 1950 MHz, 167.15 W, 61, P2, 0x0000000000000000
2026/08/26 21:14:32.935, 0, 18762 MiB, 100 %, 1950 MHz, 1950 MHz, 165.18 W, 61, P2, 0x0000000000000000
2026/08/26 21:14:33.936, 0, 20248 MiB, 100 %, 1950 MHz, 1950 MHz, 160.76 W, 60, P2, 0x0000000000000000
2026/08/26 21:14:34.936, 0, 20276 MiB, 67 %, 1950 MHz, 1950 MHz, 206.83 W, 65, P2, 0x0000000000000000
2026/08/26 21:14:35.936, 0, 20276 MiB, 68 %, 1950 MHz, 1950 MHz, 308.48 W, 66, P2, 0x0000000000000000
2026/08/26 21:14:36.936, 0, 20276 MiB, 57 %, 1935 MHz, 1935 MHz, 288.01 W, 63, P2, 0x0000000000000000
2026/08/26 21:14:37.936, 0, 20276 MiB, 66 %, 1935 MHz, 1935 MHz, 293.50 W, 67, P2, 0x0000000000000000
2026/08/26 21:14:38.937, 0, 20276 MiB, 70 %, 1935 MHz, 1935 MHz, 306.52 W, 67, P2, 0x0000000000000000
2026/08/26 21:14:39.937, 0, 20276 MiB, 70 %, 1935 MHz, 1935 MHz, 275.26 W, 67, P2, 0x0000000000000000
2026/08/26 21:14:40.937, 0, 20276 MiB, 69 %, 1935 MHz, 1935 MHz, 309.55 W, 68, P2, 0x0000000000000000
2026/08/26 21:14:41.937, 0, 20276 MiB, 67 %, 1935 MHz, 1935 MHz, 277.72 W, 67, P2, 0x0000000000000000
2026/08/26 21:14:42.937, 0, 20276 MiB, 69 %, 1935 MHz, 1935 MHz, 311.27 W, 68, P2, 0x0000000000000000
2026/08/26 21:14:43.938, 0, 20276 MiB, 69 %, 1935 MHz, 1935 MHz, 311.58 W, 68, P2, 0x0000000000000000
2026/08/26 21:14:44.938, 0, 20276 MiB, 66 %, 1935 MHz, 1935 MHz, 278.65 W, 68, P2, 0x0000000000000000
2026/08/26 21:14:45.938, 0, 20276 MiB, 68 %, 1935 MHz, 1935 MHz, 310.02 W, 68, P2, 0x0000000000000000
2026/08/26 21:14:46.938, 0, 20288 MiB, 100 %, 1935 MHz, 1935 MHz, 258.07 W, 64, P2, 0x0000000000000004
2026/08/26 21:14:47.938, 0, 20288 MiB, 69 %, 1935 MHz, 1935 MHz, 226.81 W, 67, P2, 0x0000000000000000
2026/08/26 21:14:48.939, 0, 20288 MiB, 71 %, 1935 MHz, 1935 MHz, 306.14 W, 68, P2, 0x0000000000000000
2026/08/26 21:14:49.939, 0, 20288 MiB, 69 %, 1935 MHz, 1935 MHz, 277.15 W, 67, P2, 0x0000000000000004
2026/08/26 21:14:50.939, 0, 20288 MiB, 71 %, 1935 MHz, 1935 MHz, 311.58 W, 69, P2, 0x0000000000000000
2026/08/26 21:14:51.939, 0, 20288 MiB, 34 %, 1935 MHz, 1935 MHz, 305.62 W, 66, P2, 0x0000000000000000
2026/08/26 21:14:52.940, 0, 20288 MiB, 65 %, 1935 MHz, 1935 MHz, 277.78 W, 69, P2, 0x0000000000000000
2026/08/26 21:14:53.940, 0, 20288 MiB, 65 %, 1935 MHz, 1935 MHz, 309.05 W, 69, P2, 0x0000000000000000
2026/08/26 21:14:54.940, 0, 20288 MiB, 65 %, 1935 MHz, 1935 MHz, 282.92 W, 69, P2, 0x0000000000000000
2026/08/26 21:14:55.940, 0, 20288 MiB, 67 %, 1935 MHz, 1935 MHz, 309.87 W, 69, P2, 0x0000000000000000
2026/08/26 21:14:56.940, 0, 20288 MiB, 67 %, 1935 MHz, 1935 MHz, 284.95 W, 69, P2, 0x0000000000000004
2026/08/26 21:14:57.941, 0, 20288 MiB, 66 %, 1935 MHz, 1935 MHz, 310.20 W, 69, P2, 0x0000000000000000
2026/08/26 21:14:58.941, 0, 20288 MiB, 65 %, 1935 MHz, 1935 MHz, 312.61 W, 69, P2, 0x0000000000000000
2026/08/26 21:14:59.941, 0, 20288 MiB, 68 %, 1935 MHz, 1935 MHz, 280.34 W, 70, P2, 0x0000000000000000
2026/08/26 21:15:00.941, 0, 20288 MiB, 67 %, 1935 MHz, 1935 MHz, 312.43 W, 70, P2, 0x0000000000000000
2026/08/26 21:15:01.941, 0, 346 MiB, 100 %, 1935 MHz, 1935 MHz, 244.61 W, 66, P0, 0x0000000000000000
2026/08/26 21:15:03.091, 0, 346 MiB, 0 %, 1935 MHz, 1935 MHz, 173.18 W, 64, P2, 0x0000000000000000
2026/08/26 21:15:04.091, 0, 346 MiB, 0 %, 1935 MHz, 1935 MHz, 167.34 W, 63, P2, 0x0000000000000000
2026/08/26 21:15:05.091, 0, 20144 MiB, 0 %, 1695 MHz, 1695 MHz, 132.76 W, 61, P2, 0x0000000000000000
2026/08/26 21:15:06.092, 0, 20144 MiB, 99 %, 1950 MHz, 1950 MHz, 139.64 W, 62, P2, 0x0000000000000000
2026/08/26 21:15:07.092, 0, 20144 MiB, 100 %, 1950 MHz, 1950 MHz, 169.89 W, 62, P2, 0x0000000000000000
2026/08/26 21:15:08.092, 0, 20144 MiB, 100 %, 1950 MHz, 1950 MHz, 168.45 W, 62, P2, 0x0000000000000000
2026/08/26 21:15:09.092, 0, 20144 MiB, 100 %, 1950 MHz, 1950 MHz, 168.84 W, 62, P2, 0x0000000000000000
2026/08/26 21:15:10.092, 0, 20144 MiB, 100 %, 1950 MHz, 1950 MHz, 167.85 W, 62, P2, 0x0000000000000000
2026/08/26 21:15:11.093, 0, 20144 MiB, 100 %, 1950 MHz, 1950 MHz, 168.31 W, 62, P2, 0x0000000000000000
2026/08/26 21:15:12.093, 0, 20144 MiB, 99 %, 1950 MHz, 1950 MHz, 167.62 W, 62, P2, 0x0000000000000000
2026/08/26 21:15:13.093, 0, 20144 MiB, 100 %, 1950 MHz, 1950 MHz, 167.42 W, 61, P2, 0x0000000000000000
2026/08/26 21:15:14.093, 0, 20144 MiB, 100 %, 1950 MHz, 1950 MHz, 167.02 W, 61, P2, 0x0000000000000000
2026/08/26 21:15:15.098, 0, 20144 MiB, 100 %, 1950 MHz, 1950 MHz, 167.01 W, 61, P2, 0x0000000000000000
2026/08/26 21:15:16.098, 0, 20800 MiB, 100 %, 1950 MHz, 1950 MHz, 170.31 W, 62, P2, 0x0000000000000000
2026/08/26 21:15:17.098, 0, 20816 MiB, 17 %, 1950 MHz, 1950 MHz, 208.85 W, 64, P2, 0x0000000000000000
2026/08/26 21:15:18.098, 0, 20816 MiB, 80 %, 1950 MHz, 1950 MHz, 274.10 W, 64, P2, 0x0000000000000004
2026/08/26 21:15:19.099, 0, 20816 MiB, 77 %, 1950 MHz, 1950 MHz, 279.42 W, 67, P2, 0x0000000000000000
2026/08/26 21:15:20.099, 0, 20816 MiB, 77 %, 1935 MHz, 1935 MHz, 285.11 W, 65, P2, 0x0000000000000000
2026/08/26 21:15:21.099, 0, 20816 MiB, 79 %, 1935 MHz, 1935 MHz, 266.13 W, 67, P2, 0x0000000000000000
2026/08/26 21:15:22.099, 0, 20816 MiB, 78 %, 1935 MHz, 1935 MHz, 324.54 W, 68, P2, 0x0000000000000000
2026/08/26 21:15:23.099, 0, 20816 MiB, 77 %, 1935 MHz, 1935 MHz, 325.80 W, 68, P2, 0x0000000000000000
2026/08/26 21:15:24.099, 0, 20816 MiB, 18 %, 1935 MHz, 1935 MHz, 289.90 W, 68, P2, 0x0000000000000000
2026/08/26 21:15:25.099, 0, 20816 MiB, 78 %, 1935 MHz, 1935 MHz, 323.29 W, 68, P2, 0x0000000000000000
2026/08/26 21:15:26.100, 0, 20816 MiB, 80 %, 1935 MHz, 1935 MHz, 308.40 W, 68, P2, 0x0000000000000000
2026/08/26 21:15:27.100, 0, 20816 MiB, 76 %, 1935 MHz, 1935 MHz, 269.18 W, 68, P2, 0x0000000000000004
2026/08/26 21:15:28.100, 0, 20816 MiB, 81 %, 1935 MHz, 1935 MHz, 309.74 W, 69, P2, 0x0000000000000000
2026/08/26 21:15:29.100, 0, 20816 MiB, 76 %, 1935 MHz, 1935 MHz, 305.94 W, 68, P2, 0x0000000000000000
2026/08/26 21:15:30.100, 0, 20816 MiB, 80 %, 1935 MHz, 1935 MHz, 288.56 W, 65, P2, 0x0000000000000004
2026/08/26 21:15:31.101, 0, 20816 MiB, 76 %, 1935 MHz, 1935 MHz, 292.62 W, 67, P2, 0x0000000000000000
2026/08/26 21:15:32.101, 0, 20816 MiB, 77 %, 1935 MHz, 1935 MHz, 296.65 W, 69, P2, 0x0000000000000000
2026/08/26 21:15:33.101, 0, 20816 MiB, 77 %, 1935 MHz, 1935 MHz, 317.65 W, 69, P2, 0x0000000000000004
2026/08/26 21:15:34.101, 0, 20824 MiB, 84 %, 1935 MHz, 1935 MHz, 233.45 W, 67, P2, 0x0000000000000000
2026/08/26 21:15:35.101, 0, 20824 MiB, 76 %, 1935 MHz, 1935 MHz, 258.94 W, 67, P2, 0x0000000000000000
2026/08/26 21:15:36.101, 0, 20824 MiB, 81 %, 1935 MHz, 1935 MHz, 272.80 W, 67, P2, 0x0000000000000000
2026/08/26 21:15:37.102, 0, 20824 MiB, 74 %, 1935 MHz, 1935 MHz, 270.94 W, 67, P2, 0x0000000000000000
2026/08/26 21:15:38.102, 0, 20824 MiB, 80 %, 1935 MHz, 1935 MHz, 242.64 W, 66, P2, 0x0000000000000000
2026/08/26 21:15:39.102, 0, 20824 MiB, 78 %, 1935 MHz, 1935 MHz, 230.25 W, 67, P2, 0x0000000000000004
2026/08/26 21:15:40.102, 0, 20824 MiB, 76 %, 1935 MHz, 1935 MHz, 293.23 W, 69, P2, 0x0000000000000000
2026/08/26 21:15:41.102, 0, 20824 MiB, 77 %, 1935 MHz, 1935 MHz, 301.53 W, 69, P2, 0x0000000000000000
2026/08/26 21:15:42.103, 0, 20824 MiB, 81 %, 1935 MHz, 1935 MHz, 292.46 W, 68, P2, 0x0000000000000000
2026/08/26 21:15:43.103, 0, 20824 MiB, 62 %, 1935 MHz, 1935 MHz, 278.17 W, 69, P2, 0x0000000000000000
2026/08/26 21:15:44.103, 0, 20824 MiB, 71 %, 1935 MHz, 1935 MHz, 266.15 W, 67, P2, 0x0000000000000000
2026/08/26 21:15:45.103, 0, 20824 MiB, 76 %, 1935 MHz, 1935 MHz, 271.71 W, 67, P2, 0x0000000000000000
2026/08/26 21:15:46.103, 0, 20824 MiB, 79 %, 1935 MHz, 1935 MHz, 260.83 W, 68, P2, 0x0000000000000000
2026/08/26 21:15:47.103, 0, 20824 MiB, 80 %, 1935 MHz, 1935 MHz, 264.68 W, 69, P2, 0x0000000000000000
2026/08/26 21:15:48.103, 0, 20824 MiB, 77 %, 1935 MHz, 1935 MHz, 329.72 W, 70, P2, 0x0000000000000000
2026/08/26 21:15:49.104, 0, 20824 MiB, 78 %, 1935 MHz, 1935 MHz, 322.11 W, 70, P2, 0x0000000000000000
2026/08/26 21:15:50.104, 0, 20824 MiB, 46 %, 1935 MHz, 1935 MHz, 291.64 W, 69, P2, 0x0000000000000000
2026/08/26 21:15:51.104, 0, 20824 MiB, 77 %, 1935 MHz, 1935 MHz, 320.98 W, 71, P2, 0x0000000000000004
2026/08/26 21:15:52.104, 0, 20824 MiB, 82 %, 1935 MHz, 1935 MHz, 314.27 W, 71, P2, 0x0000000000000004
2026/08/26 21:15:53.104, 0, 20824 MiB, 52 %, 1935 MHz, 1935 MHz, 298.86 W, 71, P2, 0x0000000000000004
2026/08/26 21:15:54.104, 0, 20824 MiB, 80 %, 1935 MHz, 1935 MHz, 310.16 W, 70, P2, 0x0000000000000004
2026/08/26 21:15:55.104, 0, 20824 MiB, 76 %, 1920 MHz, 1920 MHz, 323.60 W, 72, P2, 0x0000000000000000
2026/08/26 21:15:56.104, 0, 82 MiB, 78 %, 1920 MHz, 1920 MHz, 263.49 W, 67, P2, 0x0000000000000024
2026/08/26 21:15:57.104, 0, 346 MiB, 0 %, 1935 MHz, 1935 MHz, 182.60 W, 66, P2, 0x0000000000000000
2026/08/26 21:15:58.105, 0, 346 MiB, 0 %, 1935 MHz, 1935 MHz, 171.52 W, 65, P2, 0x0000000000000000
2026/08/26 21:15:59.105, 0, 346 MiB, 0 %, 1935 MHz, 1935 MHz, 169.35 W, 64, P2, 0x0000000000000000
2026/08/26 21:16:00.105, 0, 20144 MiB, 100 %, 1695 MHz, 1695 MHz, 139.50 W, 62, P2, 0x0000000000000000
2026/08/26 21:16:01.105, 0, 20144 MiB, 100 %, 1950 MHz, 1950 MHz, 157.25 W, 63, P2, 0x0000000000000000
2026/08/26 21:16:02.105, 0, 20144 MiB, 99 %, 1950 MHz, 1950 MHz, 171.73 W, 63, P2, 0x0000000000000000
2026/08/26 21:16:03.113, 0, 20144 MiB, 100 %, 1950 MHz, 1950 MHz, 170.46 W, 63, P2, 0x0000000000000000
2026/08/26 21:16:04.113, 0, 20144 MiB, 100 %, 1950 MHz, 1950 MHz, 167.93 W, 62, P2, 0x0000000000000000
2026/08/26 21:16:05.114, 0, 20144 MiB, 100 %, 1950 MHz, 1950 MHz, 168.82 W, 62, P2, 0x0000000000000000
2026/08/26 21:16:06.114, 0, 20144 MiB, 100 %, 1950 MHz, 1950 MHz, 170.05 W, 62, P2, 0x0000000000000000
2026/08/26 21:16:07.114, 0, 20144 MiB, 100 %, 1950 MHz, 1950 MHz, 167.07 W, 62, P2, 0x0000000000000000
2026/08/26 21:16:08.114, 0, 20144 MiB, 99 %, 1950 MHz, 1950 MHz, 166.36 W, 62, P2, 0x0000000000000000
2026/08/26 21:16:09.114, 0, 20144 MiB, 100 %, 1950 MHz, 1950 MHz, 167.42 W, 61, P2, 0x0000000000000000
2026/08/26 21:16:10.114, 0, 20800 MiB, 100 %, 1950 MHz, 1950 MHz, 165.94 W, 61, P2, 0x0000000000000000
2026/08/26 21:16:11.115, 0, 20816 MiB, 79 %, 1950 MHz, 1950 MHz, 213.12 W, 66, P2, 0x0000000000000000
2026/08/26 21:16:12.115, 0, 20816 MiB, 78 %, 1935 MHz, 1935 MHz, 322.74 W, 67, P2, 0x0000000000000000
2026/08/26 21:16:13.115, 0, 20818 MiB, 79 %, 1935 MHz, 1935 MHz, 324.44 W, 68, P2, 0x0000000000000000
2026/08/26 21:16:14.115, 0, 20822 MiB, 100 %, 1830 MHz, 1830 MHz, 260.34 W, 64, P2, 0x0000000000000004
2026/08/26 21:16:15.115, 0, 20822 MiB, 76 %, 1935 MHz, 1935 MHz, 280.71 W, 68, P2, 0x0000000000000000
2026/08/26 21:16:16.115, 0, 20822 MiB, 78 %, 1935 MHz, 1935 MHz, 326.49 W, 69, P2, 0x0000000000000000
2026/08/26 21:16:17.115, 0, 20822 MiB, 77 %, 1935 MHz, 1935 MHz, 292.14 W, 68, P2, 0x0000000000000000
2026/08/26 21:16:18.116, 0, 20822 MiB, 78 %, 1935 MHz, 1935 MHz, 281.70 W, 69, P2, 0x0000000000000000
2026/08/26 21:16:19.116, 0, 20822 MiB, 79 %, 1935 MHz, 1935 MHz, 330.53 W, 69, P2, 0x0000000000000004
2026/08/26 21:16:20.116, 0, 20824 MiB, 57 %, 1935 MHz, 1935 MHz, 297.47 W, 66, P2, 0x0000000000000000
2026/08/26 21:16:21.116, 0, 20824 MiB, 77 %, 1935 MHz, 1935 MHz, 266.93 W, 69, P2, 0x0000000000000004
2026/08/26 21:16:22.116, 0, 20824 MiB, 79 %, 1935 MHz, 1935 MHz, 326.58 W, 70, P2, 0x0000000000000000
2026/08/26 21:16:23.116, 0, 20824 MiB, 49 %, 1935 MHz, 1935 MHz, 323.68 W, 68, P2, 0x0000000000000000
2026/08/26 21:16:24.116, 0, 20824 MiB, 76 %, 1935 MHz, 1935 MHz, 245.11 W, 69, P2, 0x0000000000000000
2026/08/26 21:16:25.116, 0, 20824 MiB, 77 %, 1935 MHz, 1935 MHz, 328.02 W, 70, P2, 0x0000000000000000
2026/08/26 21:16:26.117, 0, 20824 MiB, 79 %, 1935 MHz, 1935 MHz, 330.13 W, 70, P2, 0x0000000000000004
2026/08/26 21:16:27.117, 0, 20824 MiB, 100 %, 1770 MHz, 1770 MHz, 251.40 W, 66, P2, 0x0000000000000004
2026/08/26 21:16:28.117, 0, 20824 MiB, 79 %, 1935 MHz, 1935 MHz, 280.04 W, 70, P2, 0x0000000000000004
2026/08/26 21:16:29.117, 0, 20824 MiB, 79 %, 1935 MHz, 1935 MHz, 330.82 W, 70, P2, 0x0000000000000004
2026/08/26 21:16:30.117, 0, 20824 MiB, 78 %, 1935 MHz, 1935 MHz, 295.94 W, 69, P2, 0x0000000000000004
2026/08/26 21:16:31.117, 0, 20824 MiB, 77 %, 1935 MHz, 1935 MHz, 278.88 W, 70, P2, 0x0000000000000004
2026/08/26 21:16:32.117, 0, 20824 MiB, 79 %, 1935 MHz, 1935 MHz, 332.04 W, 71, P2, 0x0000000000000004
2026/08/26 21:16:33.118, 0, 20824 MiB, 71 %, 1935 MHz, 1935 MHz, 309.37 W, 69, P2, 0x0000000000000004
2026/08/26 21:16:34.118, 0, 20824 MiB, 77 %, 1935 MHz, 1935 MHz, 310.51 W, 71, P2, 0x0000000000000004
2026/08/26 21:16:35.118, 0, 20824 MiB, 73 %, 1935 MHz, 1935 MHz, 332.49 W, 71, P2, 0x0000000000000000
2026/08/26 21:16:36.118, 0, 20824 MiB, 67 %, 1875 MHz, 1875 MHz, 295.76 W, 69, P2, 0x0000000000000004
2026/08/26 21:16:37.118, 0, 20824 MiB, 76 %, 1935 MHz, 1935 MHz, 270.44 W, 71, P2, 0x0000000000000000
2026/08/26 21:16:38.118, 0, 20824 MiB, 76 %, 1935 MHz, 1935 MHz, 329.88 W, 72, P2, 0x0000000000000004
2026/08/26 21:16:39.119, 0, 20824 MiB, 12 %, 1920 MHz, 1920 MHz, 320.21 W, 69, P2, 0x0000000000000004
2026/08/26 21:16:40.119, 0, 20824 MiB, 75 %, 1935 MHz, 1935 MHz, 241.34 W, 71, P2, 0x0000000000000000
2026/08/26 21:16:41.119, 0, 20824 MiB, 78 %, 1920 MHz, 1920 MHz, 329.58 W, 72, P2, 0x0000000000000000
2026/08/26 21:16:42.119, 0, 20824 MiB, 78 %, 1920 MHz, 1920 MHz, 332.23 W, 72, P2, 0x0000000000000000
2026/08/26 21:16:43.119, 0, 20824 MiB, 97 %, 1920 MHz, 1920 MHz, 255.33 W, 67, P2, 0x0000000000000004
2026/08/26 21:16:44.120, 0, 20824 MiB, 76 %, 1920 MHz, 1920 MHz, 316.88 W, 72, P2, 0x0000000000000000
2026/08/26 21:16:45.120, 0, 20824 MiB, 78 %, 1920 MHz, 1920 MHz, 333.44 W, 72, P2, 0x0000000000000000
2026/08/26 21:16:46.120, 0, 346 MiB, 100 %, 1920 MHz, 1920 MHz, 250.42 W, 67, P0, 0x0000000000000000
2026/08/26 21:16:47.141, 0, 346 MiB, 0 %, 1935 MHz, 1935 MHz, 175.91 W, 65, P2, 0x0000000000000000
2026/08/26 21:16:48.141, 0, 346 MiB, 0 %, 1935 MHz, 1935 MHz, 170.19 W, 65, P2, 0x0000000000000000
2026/08/26 21:16:49.142, 0, 20144 MiB, 0 %, 1695 MHz, 1695 MHz, 153.63 W, 63, P2, 0x0000000000000000
2026/08/26 21:16:50.142, 0, 20144 MiB, 100 %, 1935 MHz, 1935 MHz, 144.29 W, 63, P2, 0x0000000000000000
2026/08/26 21:16:51.142, 0, 20144 MiB, 99 %, 1935 MHz, 1935 MHz, 169.36 W, 63, P2, 0x0000000000000000
2026/08/26 21:16:52.142, 0, 20144 MiB, 100 %, 1935 MHz, 1935 MHz, 169.17 W, 63, P2, 0x0000000000000000
2026/08/26 21:16:53.151, 0, 20144 MiB, 100 %, 1935 MHz, 1935 MHz, 169.87 W, 63, P2, 0x0000000000000000
2026/08/26 21:16:54.151, 0, 20144 MiB, 100 %, 1935 MHz, 1935 MHz, 169.51 W, 63, P2, 0x0000000000000000
2026/08/26 21:16:55.151, 0, 20144 MiB, 99 %, 1935 MHz, 1935 MHz, 169.18 W, 62, P2, 0x0000000000000000
2026/08/26 21:16:56.151, 0, 20144 MiB, 100 %, 1935 MHz, 1935 MHz, 169.02 W, 62, P2, 0x0000000000000000
2026/08/26 21:16:57.152, 0, 20144 MiB, 100 %, 1935 MHz, 1935 MHz, 168.39 W, 62, P2, 0x0000000000000000
2026/08/26 21:16:58.152, 0, 20144 MiB, 100 %, 1935 MHz, 1935 MHz, 168.71 W, 62, P2, 0x0000000000000000
2026/08/26 21:16:59.152, 0, 20144 MiB, 100 %, 1935 MHz, 1935 MHz, 167.41 W, 62, P2, 0x0000000000000000
2026/08/26 21:17:00.152, 0, 20144 MiB, 99 %, 1935 MHz, 1935 MHz, 167.74 W, 62, P2, 0x0000000000000000
2026/08/26 21:17:01.152, 0, 20800 MiB, 100 %, 1950 MHz, 1950 MHz, 167.85 W, 61, P2, 0x0000000000000000
2026/08/26 21:17:02.152, 0, 20816 MiB, 0 %, 1950 MHz, 1950 MHz, 170.28 W, 61, P2, 0x0000000000000000
2026/08/26 21:17:03.153, 0, 20816 MiB, 76 %, 1935 MHz, 1935 MHz, 288.04 W, 67, P2, 0x0000000000000000
2026/08/26 21:17:04.153, 0, 20816 MiB, 79 %, 1935 MHz, 1935 MHz, 320.82 W, 68, P2, 0x0000000000000000
2026/08/26 21:17:05.153, 0, 20820 MiB, 68 %, 1935 MHz, 1935 MHz, 280.51 W, 64, P2, 0x0000000000000000
2026/08/26 21:17:06.153, 0, 20820 MiB, 77 %, 1935 MHz, 1935 MHz, 304.82 W, 68, P2, 0x0000000000000000
2026/08/26 21:17:07.153, 0, 20820 MiB, 78 %, 1935 MHz, 1935 MHz, 327.84 W, 69, P2, 0x0000000000000004
2026/08/26 21:17:08.154, 0, 20820 MiB, 74 %, 1935 MHz, 1935 MHz, 279.20 W, 67, P2, 0x0000000000000000
2026/08/26 21:17:09.154, 0, 20820 MiB, 77 %, 1935 MHz, 1935 MHz, 324.61 W, 69, P2, 0x0000000000000000
2026/08/26 21:17:10.154, 0, 20820 MiB, 79 %, 1935 MHz, 1935 MHz, 327.03 W, 69, P2, 0x0000000000000004
2026/08/26 21:17:11.154, 0, 20820 MiB, 78 %, 1935 MHz, 1935 MHz, 288.83 W, 69, P2, 0x0000000000000000
2026/08/26 21:17:12.154, 0, 20820 MiB, 76 %, 1935 MHz, 1935 MHz, 327.68 W, 70, P2, 0x0000000000000000
2026/08/26 21:17:13.155, 0, 20820 MiB, 77 %, 1935 MHz, 1935 MHz, 328.45 W, 70, P2, 0x0000000000000000
2026/08/26 21:17:14.155, 0, 20820 MiB, 80 %, 1935 MHz, 1935 MHz, 288.49 W, 70, P2, 0x0000000000000004
2026/08/26 21:17:15.155, 0, 20820 MiB, 77 %, 1935 MHz, 1935 MHz, 331.62 W, 70, P2, 0x0000000000000004
2026/08/26 21:17:16.155, 0, 20826 MiB, 78 %, 1935 MHz, 1935 MHz, 330.31 W, 71, P2, 0x0000000000000004
2026/08/26 21:17:17.155, 0, 20826 MiB, 77 %, 1935 MHz, 1935 MHz, 261.75 W, 70, P2, 0x0000000000000000
2026/08/26 21:17:18.155, 0, 20826 MiB, 68 %, 1935 MHz, 1935 MHz, 325.13 W, 69, P2, 0x0000000000000000
2026/08/26 21:17:19.156, 0, 20826 MiB, 77 %, 1935 MHz, 1935 MHz, 319.47 W, 71, P2, 0x0000000000000004
2026/08/26 21:17:20.156, 0, 20826 MiB, 77 %, 1935 MHz, 1935 MHz, 295.07 W, 70, P2, 0x0000000000000004
2026/08/26 21:17:21.156, 0, 20826 MiB, 78 %, 1935 MHz, 1935 MHz, 332.52 W, 71, P2, 0x0000000000000004
2026/08/26 21:17:22.156, 0, 20826 MiB, 76 %, 1935 MHz, 1935 MHz, 331.45 W, 71, P2, 0x0000000000000004
2026/08/26 21:17:23.156, 0, 20826 MiB, 77 %, 1935 MHz, 1935 MHz, 297.98 W, 71, P2, 0x0000000000000004
2026/08/26 21:17:24.157, 0, 20826 MiB, 78 %, 1935 MHz, 1935 MHz, 333.52 W, 72, P2, 0x0000000000000004
2026/08/26 21:17:25.157, 0, 20826 MiB, 77 %, 1920 MHz, 1920 MHz, 330.45 W, 72, P2, 0x0000000000000000
2026/08/26 21:17:26.157, 0, 20826 MiB, 78 %, 1920 MHz, 1920 MHz, 302.46 W, 72, P2, 0x0000000000000004
2026/08/26 21:17:27.157, 0, 20826 MiB, 77 %, 1920 MHz, 1920 MHz, 330.96 W, 72, P2, 0x0000000000000000
2026/08/26 21:17:28.157, 0, 20826 MiB, 62 %, 1920 MHz, 1920 MHz, 331.53 W, 70, P2, 0x0000000000000000
2026/08/26 21:17:29.158, 0, 20826 MiB, 77 %, 1920 MHz, 1920 MHz, 296.76 W, 72, P2, 0x0000000000000000
2026/08/26 21:17:30.158, 0, 20826 MiB, 79 %, 1920 MHz, 1920 MHz, 334.72 W, 72, P2, 0x0000000000000004
2026/08/26 21:17:31.158, 0, 20826 MiB, 21 %, 1920 MHz, 1920 MHz, 310.93 W, 70, P2, 0x0000000000000000
2026/08/26 21:17:32.158, 0, 20826 MiB, 79 %, 1920 MHz, 1920 MHz, 303.91 W, 72, P2, 0x0000000000000004
2026/08/26 21:17:33.158, 0, 20826 MiB, 78 %, 1920 MHz, 1920 MHz, 334.07 W, 73, P2, 0x0000000000000000
2026/08/26 21:17:34.159, 0, 85 MiB, 99 %, 1920 MHz, 1920 MHz, 296.31 W, 68, P2, 0x0000000000000000
2026/08/26 21:17:35.172, 0, 346 MiB, 0 %, 1935 MHz, 1935 MHz, 180.45 W, 66, P2, 0x0000000000000024
2026/08/26 21:17:36.172, 0, 346 MiB, 7 %, 1935 MHz, 1935 MHz, 169.01 W, 65, P2, 0x0000000000000000
2026/08/26 21:17:37.172, 0, 346 MiB, 8 %, 1695 MHz, 1695 MHz, 149.29 W, 63, P2, 0x0000000000000000
2026/08/26 21:17:38.173, 0, 20144 MiB, 100 %, 1935 MHz, 1935 MHz, 134.93 W, 62, P2, 0x0000000000000000
2026/08/26 21:17:39.173, 0, 20144 MiB, 100 %, 1935 MHz, 1935 MHz, 172.55 W, 64, P2, 0x0000000000000000
2026/08/26 21:17:40.173, 0, 20144 MiB, 99 %, 1935 MHz, 1935 MHz, 171.14 W, 63, P2, 0x0000000000000000
2026/08/26 21:17:41.173, 0, 20144 MiB, 100 %, 1935 MHz, 1935 MHz, 169.51 W, 63, P2, 0x0000000000000000
2026/08/26 21:17:42.173, 0, 20144 MiB, 100 %, 1935 MHz, 1935 MHz, 169.63 W, 63, P2, 0x0000000000000000
2026/08/26 21:17:43.174, 0, 20144 MiB, 100 %, 1935 MHz, 1935 MHz, 170.43 W, 62, P2, 0x0000000000000000
2026/08/26 21:17:44.175, 0, 20144 MiB, 99 %, 1935 MHz, 1935 MHz, 168.99 W, 62, P2, 0x0000000000000000
2026/08/26 21:17:45.175, 0, 20144 MiB, 100 %, 1935 MHz, 1935 MHz, 168.86 W, 62, P2, 0x0000000000000000
2026/08/26 21:17:46.175, 0, 20144 MiB, 100 %, 1935 MHz, 1935 MHz, 168.17 W, 62, P2, 0x0000000000000000
2026/08/26 21:17:47.176, 0, 20144 MiB, 100 %, 1935 MHz, 1935 MHz, 168.19 W, 62, P2, 0x0000000000000000
2026/08/26 21:17:48.176, 0, 20144 MiB, 100 %, 1950 MHz, 1950 MHz, 167.29 W, 62, P2, 0x0000000000000000
2026/08/26 21:17:49.176, 0, 20144 MiB, 99 %, 1950 MHz, 1950 MHz, 169.41 W, 61, P2, 0x0000000000000000
2026/08/26 21:17:50.176, 0, 20816 MiB, 71 %, 1950 MHz, 1950 MHz, 239.22 W, 67, P2, 0x0000000000000000
2026/08/26 21:17:51.176, 0, 20816 MiB, 77 %, 1935 MHz, 1935 MHz, 322.40 W, 68, P2, 0x0000000000000000
2026/08/26 21:17:52.176, 0, 20816 MiB, 78 %, 1935 MHz, 1935 MHz, 324.81 W, 68, P2, 0x0000000000000000
2026/08/26 21:17:53.176, 0, 20816 MiB, 72 %, 1935 MHz, 1935 MHz, 293.93 W, 68, P2, 0x0000000000000000
2026/08/26 21:17:54.177, 0, 20816 MiB, 77 %, 1935 MHz, 1935 MHz, 325.99 W, 69, P2, 0x0000000000000000
2026/08/26 21:17:55.177, 0, 20816 MiB, 75 %, 1935 MHz, 1935 MHz, 327.63 W, 69, P2, 0x0000000000000000
2026/08/26 21:17:56.177, 0, 20816 MiB, 77 %, 1935 MHz, 1935 MHz, 294.40 W, 69, P2, 0x0000000000000000
2026/08/26 21:17:57.177, 0, 20816 MiB, 77 %, 1935 MHz, 1935 MHz, 328.48 W, 70, P2, 0x0000000000000000
2026/08/26 21:17:58.177, 0, 20816 MiB, 78 %, 1935 MHz, 1935 MHz, 301.77 W, 66, P2, 0x0000000000000004
2026/08/26 21:17:59.177, 0, 20816 MiB, 79 %, 1935 MHz, 1935 MHz, 305.24 W, 70, P2, 0x0000000000000000
2026/08/26 21:18:00.178, 0, 20816 MiB, 78 %, 1935 MHz, 1935 MHz, 330.12 W, 70, P2, 0x0000000000000000
2026/08/26 21:18:01.178, 0, 20816 MiB, 76 %, 1935 MHz, 1935 MHz, 292.17 W, 69, P2, 0x0000000000000004
2026/08/26 21:18:02.178, 0, 20816 MiB, 78 %, 1935 MHz, 1935 MHz, 328.24 W, 70, P2, 0x0000000000000004
2026/08/26 21:18:03.178, 0, 20816 MiB, 79 %, 1935 MHz, 1935 MHz, 329.82 W, 71, P2, 0x0000000000000004
2026/08/26 21:18:04.178, 0, 20824 MiB, 57 %, 1935 MHz, 1935 MHz, 267.08 W, 67, P2, 0x0000000000000004
2026/08/26 21:18:05.178, 0, 20824 MiB, 78 %, 1935 MHz, 1935 MHz, 315.98 W, 71, P2, 0x0000000000000004
2026/08/26 21:18:06.178, 0, 20824 MiB, 78 %, 1935 MHz, 1935 MHz, 333.28 W, 71, P2, 0x0000000000000004
2026/08/26 21:18:07.178, 0, 20824 MiB, 79 %, 1935 MHz, 1935 MHz, 297.12 W, 70, P2, 0x0000000000000004
2026/08/26 21:18:08.178, 0, 20824 MiB, 77 %, 1935 MHz, 1935 MHz, 328.43 W, 71, P2, 0x0000000000000004
2026/08/26 21:18:09.179, 0, 20824 MiB, 79 %, 1935 MHz, 1935 MHz, 332.14 W, 72, P2, 0x0000000000000004
2026/08/26 21:18:10.179, 0, 20824 MiB, 2 %, 1920 MHz, 1920 MHz, 297.76 W, 71, P2, 0x0000000000000000
2026/08/26 21:18:11.179, 0, 20824 MiB, 78 %, 1920 MHz, 1920 MHz, 333.82 W, 72, P2, 0x0000000000000000
2026/08/26 21:18:12.179, 0, 20824 MiB, 77 %, 1920 MHz, 1920 MHz, 334.24 W, 72, P2, 0x0000000000000000
2026/08/26 21:18:13.179, 0, 20824 MiB, 61 %, 1920 MHz, 1920 MHz, 293.76 W, 72, P2, 0x0000000000000000
2026/08/26 21:18:14.179, 0, 20824 MiB, 80 %, 1920 MHz, 1920 MHz, 331.86 W, 72, P2, 0x0000000000000000
2026/08/26 21:18:15.179, 0, 20824 MiB, 75 %, 1920 MHz, 1920 MHz, 333.07 W, 72, P2, 0x0000000000000000
2026/08/26 21:18:16.179, 0, 20824 MiB, 73 %, 1920 MHz, 1920 MHz, 301.22 W, 72, P2, 0x0000000000000000
2026/08/26 21:18:17.179, 0, 20824 MiB, 78 %, 1920 MHz, 1920 MHz, 333.72 W, 72, P2, 0x0000000000000000
2026/08/26 21:18:18.180, 0, 20824 MiB, 78 %, 1920 MHz, 1920 MHz, 332.49 W, 73, P2, 0x0000000000000004
2026/08/26 21:18:19.180, 0, 20824 MiB, 77 %, 1920 MHz, 1920 MHz, 299.56 W, 73, P2, 0x0000000000000000
2026/08/26 21:18:20.180, 0, 20824 MiB, 79 %, 1920 MHz, 1920 MHz, 335.94 W, 73, P2, 0x0000000000000004
2026/08/26 21:18:21.180, 0, 392 MiB, 78 %, 1920 MHz, 1920 MHz, 311.96 W, 69, P2, 0x0000000000000000
2026/08/26 21:18:22.180, 0, 346 MiB, 22 %, 1920 MHz, 1920 MHz, 230.02 W, 67, P0, 0x0000000000000000
2026/08/26 21:18:23.180, 0, 346 MiB, 0 %, 1935 MHz, 1935 MHz, 174.58 W, 66, P2, 0x0000000000000000
2026/08/26 21:18:24.181, 0, 346 MiB, 6 %, 1935 MHz, 1935 MHz, 170.13 W, 65, P2, 0x0000000000000000
2026/08/26 21:18:25.181, 0, 19362 MiB, 6 %, 1695 MHz, 1695 MHz, 148.58 W, 63, P2, 0x0000000000000000
2026/08/26 21:18:26.181, 0, 19362 MiB, 100 %, 1935 MHz, 1935 MHz, 142.81 W, 64, P2, 0x0000000000000000
2026/08/26 21:18:27.181, 0, 19362 MiB, 100 %, 1935 MHz, 1935 MHz, 169.60 W, 63, P2, 0x0000000000000000
2026/08/26 21:18:28.181, 0, 19362 MiB, 100 %, 1935 MHz, 1935 MHz, 169.03 W, 63, P2, 0x0000000000000000
2026/08/26 21:18:29.181, 0, 19362 MiB, 100 %, 1935 MHz, 1935 MHz, 168.22 W, 63, P2, 0x0000000000000000
2026/08/26 21:18:30.181, 0, 19362 MiB, 100 %, 1935 MHz, 1935 MHz, 168.39 W, 63, P2, 0x0000000000000000
2026/08/26 21:18:31.182, 0, 19362 MiB, 99 %, 1935 MHz, 1935 MHz, 168.17 W, 62, P2, 0x0000000000000000
2026/08/26 21:18:32.182, 0, 19362 MiB, 99 %, 1935 MHz, 1935 MHz, 167.41 W, 62, P2, 0x0000000000000000
2026/08/26 21:18:33.182, 0, 19362 MiB, 100 %, 1935 MHz, 1935 MHz, 167.78 W, 62, P2, 0x0000000000000000
2026/08/26 21:18:34.182, 0, 19362 MiB, 100 %, 1935 MHz, 1935 MHz, 167.49 W, 61, P2, 0x0000000000000000
2026/08/26 21:18:35.182, 0, 20744 MiB, 0 %, 1935 MHz, 1935 MHz, 168.20 W, 62, P2, 0x0000000000000000
2026/08/26 21:18:36.182, 0, 20764 MiB, 83 %, 1935 MHz, 1935 MHz, 185.41 W, 63, P2, 0x0000000000000000
2026/08/26 21:18:37.182, 0, 20764 MiB, 82 %, 1935 MHz, 1935 MHz, 205.67 W, 63, P2, 0x0000000000000000
2026/08/26 21:18:38.183, 0, 20764 MiB, 86 %, 1935 MHz, 1935 MHz, 206.70 W, 63, P2, 0x0000000000000000
2026/08/26 21:18:39.183, 0, 20764 MiB, 85 %, 1935 MHz, 1935 MHz, 206.89 W, 63, P2, 0x0000000000000000
2026/08/26 21:18:40.183, 0, 20764 MiB, 83 %, 1935 MHz, 1935 MHz, 206.53 W, 63, P2, 0x0000000000000000
2026/08/26 21:18:41.183, 0, 20764 MiB, 85 %, 1935 MHz, 1935 MHz, 207.58 W, 62, P2, 0x0000000000000000
2026/08/26 21:18:42.183, 0, 20764 MiB, 85 %, 1935 MHz, 1935 MHz, 205.85 W, 62, P2, 0x0000000000000000
2026/08/26 21:18:43.183, 0, 20764 MiB, 84 %, 1935 MHz, 1935 MHz, 205.87 W, 62, P2, 0x0000000000000000
2026/08/26 21:18:44.184, 0, 20764 MiB, 83 %, 1935 MHz, 1935 MHz, 206.14 W, 62, P2, 0x0000000000000000
2026/08/26 21:18:45.184, 0, 20764 MiB, 84 %, 1935 MHz, 1935 MHz, 205.87 W, 62, P2, 0x0000000000000000
2026/08/26 21:18:46.184, 0, 20764 MiB, 82 %, 1935 MHz, 1935 MHz, 204.88 W, 62, P2, 0x0000000000000000
2026/08/26 21:18:47.184, 0, 20764 MiB, 82 %, 1935 MHz, 1935 MHz, 203.92 W, 62, P2, 0x0000000000000000
2026/08/26 21:18:48.184, 0, 20764 MiB, 82 %, 1935 MHz, 1935 MHz, 205.69 W, 62, P2, 0x0000000000000000
2026/08/26 21:18:49.185, 0, 20764 MiB, 83 %, 1935 MHz, 1935 MHz, 206.09 W, 62, P2, 0x0000000000000000
2026/08/26 21:18:50.185, 0, 20764 MiB, 82 %, 1935 MHz, 1935 MHz, 205.18 W, 62, P2, 0x0000000000000000
2026/08/26 21:18:51.185, 0, 20764 MiB, 83 %, 1935 MHz, 1935 MHz, 205.64 W, 62, P2, 0x0000000000000000
2026/08/26 21:18:52.185, 0, 20764 MiB, 83 %, 1935 MHz, 1935 MHz, 205.05 W, 62, P2, 0x0000000000000000
2026/08/26 21:18:53.185, 0, 20764 MiB, 83 %, 1935 MHz, 1935 MHz, 204.96 W, 62, P2, 0x0000000000000000
2026/08/26 21:18:54.186, 0, 20764 MiB, 85 %, 1935 MHz, 1935 MHz, 205.38 W, 62, P2, 0x0000000000000000
2026/08/26 21:18:55.186, 0, 20764 MiB, 83 %, 1935 MHz, 1935 MHz, 204.70 W, 62, P2, 0x0000000000000000
2026/08/26 21:18:56.186, 0, 20764 MiB, 84 %, 1935 MHz, 1935 MHz, 205.30 W, 62, P2, 0x0000000000000000
2026/08/26 21:18:57.186, 0, 20764 MiB, 73 %, 1950 MHz, 1950 MHz, 198.36 W, 61, P2, 0x0000000000000024
2026/08/26 21:18:58.186, 0, 20764 MiB, 84 %, 1950 MHz, 1950 MHz, 201.88 W, 61, P2, 0x0000000000000000
2026/08/26 21:18:59.187, 0, 20764 MiB, 84 %, 1950 MHz, 1950 MHz, 202.89 W, 61, P2, 0x0000000000000000
2026/08/26 21:19:00.187, 0, 20764 MiB, 84 %, 1950 MHz, 1950 MHz, 201.90 W, 61, P2, 0x0000000000000000
2026/08/26 21:19:01.187, 0, 20764 MiB, 85 %, 1950 MHz, 1950 MHz, 201.76 W, 61, P2, 0x0000000000000000
2026/08/26 21:19:02.187, 0, 20764 MiB, 84 %, 1950 MHz, 1950 MHz, 200.93 W, 61, P2, 0x0000000000000000
2026/08/26 21:19:03.187, 0, 20764 MiB, 84 %, 1950 MHz, 1950 MHz, 203.07 W, 61, P2, 0x0000000000000000
2026/08/26 21:19:04.188, 0, 20764 MiB, 86 %, 1950 MHz, 1950 MHz, 201.74 W, 61, P2, 0x0000000000000000
2026/08/26 21:19:05.188, 0, 20764 MiB, 84 %, 1950 MHz, 1950 MHz, 202.39 W, 61, P2, 0x0000000000000000
2026/08/26 21:19:06.188, 0, 20764 MiB, 83 %, 1950 MHz, 1950 MHz, 201.05 W, 61, P2, 0x0000000000000000
2026/08/26 21:19:07.188, 0, 20764 MiB, 85 %, 1950 MHz, 1950 MHz, 201.62 W, 61, P2, 0x0000000000000000
2026/08/26 21:19:08.188, 0, 20768 MiB, 85 %, 1950 MHz, 1950 MHz, 201.11 W, 61, P2, 0x0000000000000000
2026/08/26 21:19:09.188, 0, 20768 MiB, 81 %, 1950 MHz, 1950 MHz, 196.03 W, 61, P2, 0x0000000000000000
2026/08/26 21:19:10.189, 0, 20768 MiB, 84 %, 1950 MHz, 1950 MHz, 201.87 W, 60, P2, 0x0000000000000000
2026/08/26 21:19:11.189, 0, 20768 MiB, 83 %, 1950 MHz, 1950 MHz, 200.07 W, 61, P2, 0x0000000000000000
2026/08/26 21:19:12.189, 0, 20768 MiB, 85 %, 1950 MHz, 1950 MHz, 201.72 W, 61, P2, 0x0000000000000000
2026/08/26 21:19:13.189, 0, 20768 MiB, 84 %, 1950 MHz, 1950 MHz, 200.64 W, 61, P2, 0x0000000000000000
2026/08/26 21:19:14.189, 0, 20768 MiB, 85 %, 1950 MHz, 1950 MHz, 201.24 W, 60, P2, 0x0000000000000000
2026/08/26 21:19:15.189, 0, 20768 MiB, 82 %, 1950 MHz, 1950 MHz, 201.07 W, 60, P2, 0x0000000000000000
2026/08/26 21:19:16.190, 0, 20768 MiB, 83 %, 1950 MHz, 1950 MHz, 200.77 W, 61, P2, 0x0000000000000000
2026/08/26 21:19:17.190, 0, 20768 MiB, 85 %, 1950 MHz, 1950 MHz, 200.44 W, 60, P2, 0x0000000000000000
2026/08/26 21:19:18.190, 0, 20768 MiB, 83 %, 1950 MHz, 1950 MHz, 201.65 W, 60, P2, 0x0000000000000000
2026/08/26 21:19:19.190, 0, 20768 MiB, 67 %, 1950 MHz, 1950 MHz, 202.23 W, 61, P2, 0x0000000000000000
2026/08/26 21:19:20.190, 0, 20768 MiB, 84 %, 1950 MHz, 1950 MHz, 196.44 W, 60, P2, 0x0000000000000000
2026/08/26 21:19:21.190, 0, 20768 MiB, 84 %, 1950 MHz, 1950 MHz, 201.30 W, 60, P2, 0x0000000000000000
2026/08/26 21:19:22.191, 0, 20768 MiB, 84 %, 1950 MHz, 1950 MHz, 200.87 W, 60, P2, 0x0000000000000000
2026/08/26 21:19:23.191, 0, 20768 MiB, 85 %, 1950 MHz, 1950 MHz, 199.93 W, 60, P2, 0x0000000000000000
2026/08/26 21:19:24.191, 0, 20768 MiB, 84 %, 1950 MHz, 1950 MHz, 201.48 W, 60, P2, 0x0000000000000000
2026/08/26 21:19:25.191, 0, 20768 MiB, 84 %, 1950 MHz, 1950 MHz, 200.54 W, 60, P2, 0x0000000000000000
2026/08/26 21:19:26.191, 0, 20768 MiB, 84 %, 1950 MHz, 1950 MHz, 200.88 W, 60, P2, 0x0000000000000000
2026/08/26 21:19:27.191, 0, 20768 MiB, 83 %, 1950 MHz, 1950 MHz, 199.36 W, 60, P2, 0x0000000000000000
2026/08/26 21:19:28.191, 0, 20768 MiB, 84 %, 1950 MHz, 1950 MHz, 200.92 W, 60, P2, 0x0000000000000000
2026/08/26 21:19:29.192, 0, 20774 MiB, 82 %, 1950 MHz, 1950 MHz, 199.51 W, 60, P2, 0x0000000000000000
2026/08/26 21:19:30.192, 0, 20776 MiB, 85 %, 1950 MHz, 1950 MHz, 190.06 W, 60, P2, 0x0000000000000000
2026/08/26 21:19:31.192, 0, 20776 MiB, 83 %, 1950 MHz, 1950 MHz, 200.54 W, 60, P2, 0x0000000000000000
2026/08/26 21:19:32.192, 0, 20776 MiB, 82 %, 1950 MHz, 1950 MHz, 199.76 W, 60, P2, 0x0000000000000000
2026/08/26 21:19:33.192, 0, 20776 MiB, 84 %, 1950 MHz, 1950 MHz, 200.86 W, 60, P2, 0x0000000000000000
2026/08/26 21:19:34.193, 0, 20776 MiB, 84 %, 1950 MHz, 1950 MHz, 200.33 W, 60, P2, 0x0000000000000000
2026/08/26 21:19:35.193, 0, 20776 MiB, 84 %, 1950 MHz, 1950 MHz, 200.21 W, 60, P2, 0x0000000000000000
2026/08/26 21:19:36.193, 0, 20776 MiB, 83 %, 1950 MHz, 1950 MHz, 198.45 W, 60, P2, 0x0000000000000000
2026/08/26 21:19:37.193, 0, 20776 MiB, 82 %, 1950 MHz, 1950 MHz, 199.15 W, 60, P2, 0x0000000000000000
2026/08/26 21:19:38.193, 0, 20776 MiB, 83 %, 1950 MHz, 1950 MHz, 199.79 W, 60, P2, 0x0000000000000000
2026/08/26 21:19:39.194, 0, 20776 MiB, 82 %, 1950 MHz, 1950 MHz, 199.60 W, 60, P2, 0x0000000000000000
2026/08/26 21:19:40.194, 0, 20776 MiB, 84 %, 1950 MHz, 1950 MHz, 199.67 W, 60, P2, 0x0000000000000000
2026/08/26 21:19:41.194, 0, 20776 MiB, 83 %, 1950 MHz, 1950 MHz, 199.69 W, 59, P2, 0x0000000000000000
2026/08/26 21:19:42.194, 0, 20776 MiB, 83 %, 1950 MHz, 1950 MHz, 199.28 W, 60, P2, 0x0000000000000000
2026/08/26 21:19:43.194, 0, 20776 MiB, 83 %, 1950 MHz, 1950 MHz, 198.63 W, 60, P2, 0x0000000000000000
2026/08/26 21:19:44.195, 0, 20776 MiB, 84 %, 1950 MHz, 1950 MHz, 200.76 W, 60, P2, 0x0000000000000000
2026/08/26 21:19:45.195, 0, 20776 MiB, 84 %, 1950 MHz, 1950 MHz, 199.58 W, 60, P2, 0x0000000000000000
2026/08/26 21:19:46.195, 0, 20776 MiB, 85 %, 1950 MHz, 1950 MHz, 199.23 W, 60, P2, 0x0000000000000000
2026/08/26 21:19:47.195, 0, 20776 MiB, 80 %, 1950 MHz, 1950 MHz, 198.98 W, 60, P2, 0x0000000000000000
2026/08/26 21:19:48.195, 0, 20776 MiB, 83 %, 1950 MHz, 1950 MHz, 199.45 W, 60, P2, 0x0000000000000000
2026/08/26 21:19:49.195, 0, 20776 MiB, 84 %, 1950 MHz, 1950 MHz, 199.63 W, 60, P2, 0x0000000000000000
2026/08/26 21:19:50.195, 0, 20776 MiB, 48 %, 1950 MHz, 1950 MHz, 199.17 W, 59, P2, 0x0000000000000000
2026/08/26 21:19:51.196, 0, 20776 MiB, 85 %, 1950 MHz, 1950 MHz, 199.82 W, 60, P2, 0x0000000000000000
2026/08/26 21:19:52.196, 0, 20776 MiB, 85 %, 1950 MHz, 1950 MHz, 199.10 W, 60, P2, 0x0000000000000000
2026/08/26 21:19:53.196, 0, 20776 MiB, 84 %, 1950 MHz, 1950 MHz, 199.25 W, 59, P2, 0x0000000000000000
2026/08/26 21:19:54.196, 0, 20776 MiB, 85 %, 1950 MHz, 1950 MHz, 198.25 W, 60, P2, 0x0000000000000000
2026/08/26 21:19:55.196, 0, 20776 MiB, 83 %, 1950 MHz, 1950 MHz, 198.31 W, 60, P2, 0x0000000000000000
2026/08/26 21:19:56.197, 0, 20776 MiB, 84 %, 1950 MHz, 1950 MHz, 199.84 W, 59, P2, 0x0000000000000000
2026/08/26 21:19:57.197, 0, 20776 MiB, 82 %, 1950 MHz, 1950 MHz, 198.79 W, 59, P2, 0x0000000000000000
2026/08/26 21:19:58.197, 0, 20776 MiB, 82 %, 1950 MHz, 1950 MHz, 198.53 W, 60, P2, 0x0000000000000000
2026/08/26 21:19:59.197, 0, 20776 MiB, 83 %, 1950 MHz, 1950 MHz, 199.35 W, 60, P2, 0x0000000000000000
2026/08/26 21:20:00.198, 0, 20776 MiB, 82 %, 1950 MHz, 1950 MHz, 201.24 W, 60, P2, 0x0000000000000000
2026/08/26 21:20:01.198, 0, 20776 MiB, 84 %, 1950 MHz, 1950 MHz, 199.45 W, 60, P2, 0x0000000000000000
2026/08/26 21:20:02.198, 0, 20776 MiB, 84 %, 1950 MHz, 1950 MHz, 198.52 W, 60, P2, 0x0000000000000000
2026/08/26 21:20:03.198, 0, 20776 MiB, 83 %, 1950 MHz, 1950 MHz, 199.93 W, 60, P2, 0x0000000000000000
2026/08/26 21:20:04.198, 0, 20776 MiB, 83 %, 1950 MHz, 1950 MHz, 199.17 W, 60, P2, 0x0000000000000000
2026/08/26 21:20:05.199, 0, 20776 MiB, 82 %, 1950 MHz, 1950 MHz, 200.78 W, 59, P2, 0x0000000000000000
2026/08/26 21:20:06.199, 0, 20776 MiB, 85 %, 1950 MHz, 1950 MHz, 199.32 W, 59, P2, 0x0000000000000000
2026/08/26 21:20:07.199, 0, 20776 MiB, 84 %, 1950 MHz, 1950 MHz, 199.01 W, 59, P2, 0x0000000000000000
2026/08/26 21:20:08.199, 0, 20776 MiB, 84 %, 1950 MHz, 1950 MHz, 200.16 W, 60, P2, 0x0000000000000000
2026/08/26 21:20:09.199, 0, 20776 MiB, 83 %, 1950 MHz, 1950 MHz, 199.17 W, 60, P2, 0x0000000000000000
2026/08/26 21:20:10.200, 0, 20776 MiB, 84 %, 1950 MHz, 1950 MHz, 200.91 W, 59, P2, 0x0000000000000000
2026/08/26 21:20:11.200, 0, 20776 MiB, 69 %, 1950 MHz, 1950 MHz, 194.98 W, 59, P2, 0x0000000000000000
2026/08/26 21:20:12.200, 0, 20776 MiB, 85 %, 1950 MHz, 1950 MHz, 199.37 W, 59, P2, 0x0000000000000000
2026/08/26 21:20:13.200, 0, 20776 MiB, 82 %, 1950 MHz, 1950 MHz, 198.44 W, 60, P2, 0x0000000000000000
2026/08/26 21:20:14.200, 0, 20776 MiB, 84 %, 1950 MHz, 1950 MHz, 199.95 W, 59, P2, 0x0000000000000000
2026/08/26 21:20:15.201, 0, 20776 MiB, 83 %, 1950 MHz, 1950 MHz, 199.00 W, 60, P2, 0x0000000000000000
2026/08/26 21:20:16.201, 0, 20776 MiB, 85 %, 1950 MHz, 1950 MHz, 200.94 W, 60, P2, 0x0000000000000000
2026/08/26 21:20:17.201, 0, 20776 MiB, 84 %, 1950 MHz, 1950 MHz, 199.96 W, 59, P2, 0x0000000000000000
2026/08/26 21:20:18.201, 0, 20776 MiB, 84 %, 1950 MHz, 1950 MHz, 199.42 W, 59, P2, 0x0000000000000000
2026/08/26 21:20:19.201, 0, 20776 MiB, 83 %, 1950 MHz, 1950 MHz, 199.46 W, 59, P2, 0x0000000000000000
2026/08/26 21:20:20.201, 0, 20776 MiB, 82 %, 1950 MHz, 1950 MHz, 199.42 W, 59, P2, 0x0000000000000000
2026/08/26 21:20:21.201, 0, 20776 MiB, 85 %, 1950 MHz, 1950 MHz, 199.17 W, 60, P2, 0x0000000000000000
2026/08/26 21:20:22.202, 0, 20776 MiB, 31 %, 1950 MHz, 1950 MHz, 195.03 W, 58, P2, 0x0000000000000000
2026/08/26 21:20:23.202, 0, 20776 MiB, 83 %, 1950 MHz, 1950 MHz, 196.65 W, 60, P2, 0x0000000000000000
2026/08/26 21:20:24.202, 0, 20776 MiB, 83 %, 1950 MHz, 1950 MHz, 199.55 W, 59, P2, 0x0000000000000000
2026/08/26 21:20:25.202, 0, 20776 MiB, 83 %, 1950 MHz, 1950 MHz, 198.82 W, 60, P2, 0x0000000000000000
2026/08/26 21:20:26.202, 0, 20776 MiB, 85 %, 1950 MHz, 1950 MHz, 198.96 W, 60, P2, 0x0000000000000000
2026/08/26 21:20:27.202, 0, 20776 MiB, 81 %, 1950 MHz, 1950 MHz, 197.98 W, 59, P2, 0x0000000000000000
2026/08/26 21:20:28.202, 0, 20776 MiB, 85 %, 1950 MHz, 1950 MHz, 199.06 W, 59, P2, 0x0000000000000000
2026/08/26 21:20:29.203, 0, 20776 MiB, 86 %, 1950 MHz, 1950 MHz, 198.51 W, 60, P2, 0x0000000000000000
2026/08/26 21:20:30.203, 0, 20776 MiB, 84 %, 1950 MHz, 1950 MHz, 199.19 W, 60, P2, 0x0000000000000000
2026/08/26 21:20:31.203, 0, 20776 MiB, 85 %, 1950 MHz, 1950 MHz, 197.77 W, 59, P2, 0x0000000000000000
2026/08/26 21:20:32.203, 0, 20776 MiB, 82 %, 1950 MHz, 1950 MHz, 199.76 W, 59, P2, 0x0000000000000000
2026/08/26 21:20:33.204, 0, 346 MiB, 0 %, 1950 MHz, 1950 MHz, 175.19 W, 58, P0, 0x0000000000000000
2026/08/26 21:20:34.211, 0, 346 MiB, 0 %, 1950 MHz, 1950 MHz, 157.82 W, 58, P2, 0x0000000000000000
2026/08/26 21:20:35.212, 0, 346 MiB, 6 %, 1950 MHz, 1950 MHz, 151.97 W, 57, P2, 0x0000000000000000
2026/08/26 21:20:36.212, 0, 346 MiB, 6 %, 1695 MHz, 1695 MHz, 136.62 W, 56, P2, 0x0000000000000000
2026/08/26 21:20:37.212, 0, 19362 MiB, 100 %, 1950 MHz, 1950 MHz, 133.82 W, 57, P2, 0x0000000000000000
2026/08/26 21:20:38.212, 0, 19362 MiB, 100 %, 1950 MHz, 1950 MHz, 157.71 W, 57, P2, 0x0000000000000000
2026/08/26 21:20:39.212, 0, 19362 MiB, 100 %, 1950 MHz, 1950 MHz, 158.21 W, 57, P2, 0x0000000000000000
2026/08/26 21:20:40.212, 0, 19362 MiB, 99 %, 1950 MHz, 1950 MHz, 158.31 W, 57, P2, 0x0000000000000000
2026/08/26 21:20:41.212, 0, 19362 MiB, 99 %, 1950 MHz, 1950 MHz, 157.67 W, 57, P2, 0x0000000000000000
2026/08/26 21:20:42.213, 0, 19362 MiB, 100 %, 1950 MHz, 1950 MHz, 158.12 W, 57, P2, 0x0000000000000000
2026/08/26 21:20:43.213, 0, 19362 MiB, 100 %, 1950 MHz, 1950 MHz, 158.05 W, 57, P2, 0x0000000000000000
2026/08/26 21:20:44.213, 0, 19362 MiB, 100 %, 1950 MHz, 1950 MHz, 156.98 W, 57, P2, 0x0000000000000000
2026/08/26 21:20:45.213, 0, 19362 MiB, 99 %, 1950 MHz, 1950 MHz, 157.42 W, 57, P2, 0x0000000000000000
2026/08/26 21:20:46.213, 0, 20742 MiB, 69 %, 1950 MHz, 1950 MHz, 159.28 W, 57, P2, 0x0000000000000000
2026/08/26 21:20:47.213, 0, 20766 MiB, 78 %, 1950 MHz, 1950 MHz, 185.12 W, 59, P2, 0x0000000000000000
2026/08/26 21:20:48.214, 0, 20768 MiB, 85 %, 1950 MHz, 1950 MHz, 222.30 W, 59, P2, 0x0000000000000000
2026/08/26 21:20:49.214, 0, 20770 MiB, 85 %, 1950 MHz, 1950 MHz, 221.31 W, 59, P2, 0x0000000000000000
2026/08/26 21:20:50.214, 0, 20770 MiB, 84 %, 1950 MHz, 1950 MHz, 221.36 W, 60, P2, 0x0000000000000000
2026/08/26 21:20:51.214, 0, 20770 MiB, 84 %, 1950 MHz, 1950 MHz, 219.52 W, 60, P2, 0x0000000000000000
2026/08/26 21:20:52.214, 0, 20770 MiB, 82 %, 1950 MHz, 1950 MHz, 219.23 W, 60, P2, 0x0000000000000000
2026/08/26 21:20:53.214, 0, 20770 MiB, 84 %, 1950 MHz, 1950 MHz, 219.87 W, 60, P2, 0x0000000000000000
2026/08/26 21:20:54.215, 0, 20770 MiB, 83 %, 1950 MHz, 1950 MHz, 224.65 W, 60, P2, 0x0000000000000000
2026/08/26 21:20:55.215, 0, 20774 MiB, 81 %, 1950 MHz, 1950 MHz, 224.72 W, 60, P2, 0x0000000000000000
2026/08/26 21:20:56.215, 0, 20774 MiB, 81 %, 1950 MHz, 1950 MHz, 220.30 W, 60, P2, 0x0000000000000000
2026/08/26 21:20:57.215, 0, 20774 MiB, 85 %, 1950 MHz, 1950 MHz, 221.10 W, 60, P2, 0x0000000000000000
2026/08/26 21:20:58.215, 0, 20774 MiB, 44 %, 1950 MHz, 1950 MHz, 214.75 W, 60, P2, 0x0000000000000000
2026/08/26 21:20:59.215, 0, 20774 MiB, 83 %, 1950 MHz, 1950 MHz, 214.85 W, 61, P2, 0x0000000000000000
2026/08/26 21:21:00.215, 0, 20774 MiB, 84 %, 1950 MHz, 1950 MHz, 221.59 W, 60, P2, 0x0000000000000000
2026/08/26 21:21:01.216, 0, 20774 MiB, 85 %, 1950 MHz, 1950 MHz, 222.49 W, 60, P2, 0x0000000000000000
2026/08/26 21:21:02.216, 0, 20774 MiB, 81 %, 1950 MHz, 1950 MHz, 221.40 W, 61, P2, 0x0000000000000000
2026/08/26 21:21:03.216, 0, 20774 MiB, 82 %, 1950 MHz, 1950 MHz, 227.40 W, 61, P2, 0x0000000000000000
2026/08/26 21:21:04.216, 0, 20774 MiB, 84 %, 1950 MHz, 1950 MHz, 222.30 W, 61, P2, 0x0000000000000000
2026/08/26 21:21:05.216, 0, 20774 MiB, 83 %, 1950 MHz, 1950 MHz, 222.09 W, 61, P2, 0x0000000000000000
2026/08/26 21:21:06.216, 0, 20774 MiB, 84 %, 1950 MHz, 1950 MHz, 224.48 W, 61, P2, 0x0000000000000000
2026/08/26 21:21:07.216, 0, 20774 MiB, 84 %, 1950 MHz, 1950 MHz, 223.84 W, 61, P2, 0x0000000000000000
2026/08/26 21:21:08.217, 0, 20774 MiB, 48 %, 1950 MHz, 1950 MHz, 222.31 W, 60, P2, 0x0000000000000000
2026/08/26 21:21:09.217, 0, 20774 MiB, 85 %, 1950 MHz, 1950 MHz, 211.93 W, 61, P2, 0x0000000000000000
2026/08/26 21:21:10.217, 0, 20774 MiB, 84 %, 1950 MHz, 1950 MHz, 223.83 W, 61, P2, 0x0000000000000000
2026/08/26 21:21:11.217, 0, 20774 MiB, 81 %, 1950 MHz, 1950 MHz, 224.77 W, 61, P2, 0x0000000000000000
2026/08/26 21:21:12.217, 0, 20774 MiB, 85 %, 1950 MHz, 1950 MHz, 222.84 W, 61, P2, 0x0000000000000000
2026/08/26 21:21:13.217, 0, 20774 MiB, 83 %, 1950 MHz, 1950 MHz, 225.28 W, 61, P2, 0x0000000000000000
2026/08/26 21:21:14.217, 0, 20774 MiB, 84 %, 1950 MHz, 1950 MHz, 221.78 W, 61, P2, 0x0000000000000000
2026/08/26 21:21:15.218, 0, 20774 MiB, 81 %, 1950 MHz, 1950 MHz, 222.20 W, 61, P2, 0x0000000000000000
2026/08/26 21:21:16.218, 0, 20774 MiB, 82 %, 1950 MHz, 1950 MHz, 224.56 W, 61, P2, 0x0000000000000000
2026/08/26 21:21:17.218, 0, 20774 MiB, 82 %, 1950 MHz, 1950 MHz, 219.45 W, 61, P2, 0x0000000000000000
2026/08/26 21:21:18.218, 0, 20774 MiB, 84 %, 1950 MHz, 1950 MHz, 220.93 W, 61, P2, 0x0000000000000000
2026/08/26 21:21:19.218, 0, 20774 MiB, 79 %, 1950 MHz, 1950 MHz, 224.27 W, 61, P2, 0x0000000000000000
2026/08/26 21:21:20.218, 0, 20774 MiB, 62 %, 1950 MHz, 1950 MHz, 212.69 W, 61, P2, 0x0000000000000000
2026/08/26 21:21:21.219, 0, 20774 MiB, 78 %, 1950 MHz, 1950 MHz, 223.60 W, 61, P2, 0x0000000000000000
2026/08/26 21:21:22.219, 0, 20774 MiB, 80 %, 1950 MHz, 1950 MHz, 226.31 W, 62, P2, 0x0000000000000000
2026/08/26 21:21:23.219, 0, 20774 MiB, 82 %, 1950 MHz, 1950 MHz, 226.72 W, 62, P2, 0x0000000000000000
2026/08/26 21:21:24.219, 0, 20774 MiB, 83 %, 1950 MHz, 1950 MHz, 225.11 W, 61, P2, 0x0000000000000000
2026/08/26 21:21:25.219, 0, 20774 MiB, 79 %, 1950 MHz, 1950 MHz, 223.75 W, 62, P2, 0x0000000000000000
2026/08/26 21:21:26.219, 0, 20774 MiB, 82 %, 1950 MHz, 1950 MHz, 225.56 W, 62, P2, 0x0000000000000000
2026/08/26 21:21:27.220, 0, 20774 MiB, 80 %, 1950 MHz, 1950 MHz, 225.25 W, 62, P2, 0x0000000000000000
2026/08/26 21:21:28.220, 0, 20774 MiB, 81 %, 1950 MHz, 1950 MHz, 226.45 W, 62, P2, 0x0000000000000000
2026/08/26 21:21:29.220, 0, 20774 MiB, 82 %, 1950 MHz, 1950 MHz, 226.11 W, 62, P2, 0x0000000000000000
2026/08/26 21:21:30.220, 0, 20774 MiB, 80 %, 1950 MHz, 1950 MHz, 223.75 W, 62, P2, 0x0000000000000000
2026/08/26 21:21:31.220, 0, 20774 MiB, 78 %, 1950 MHz, 1950 MHz, 208.32 W, 62, P2, 0x0000000000000000
2026/08/26 21:21:32.221, 0, 20774 MiB, 83 %, 1950 MHz, 1950 MHz, 225.05 W, 61, P2, 0x0000000000000000
2026/08/26 21:21:33.221, 0, 20774 MiB, 80 %, 1950 MHz, 1950 MHz, 225.92 W, 62, P2, 0x0000000000000000
2026/08/26 21:21:34.221, 0, 20774 MiB, 81 %, 1950 MHz, 1950 MHz, 224.30 W, 62, P2, 0x0000000000000000
2026/08/26 21:21:35.221, 0, 20774 MiB, 79 %, 1950 MHz, 1950 MHz, 227.49 W, 62, P2, 0x0000000000000000
2026/08/26 21:21:36.221, 0, 20774 MiB, 82 %, 1950 MHz, 1950 MHz, 226.66 W, 62, P2, 0x0000000000000000
2026/08/26 21:21:37.221, 0, 20774 MiB, 81 %, 1950 MHz, 1950 MHz, 225.39 W, 62, P2, 0x0000000000000000
2026/08/26 21:21:38.222, 0, 20774 MiB, 82 %, 1950 MHz, 1950 MHz, 225.10 W, 62, P2, 0x0000000000000000
2026/08/26 21:21:39.222, 0, 20774 MiB, 84 %, 1950 MHz, 1950 MHz, 223.03 W, 62, P2, 0x0000000000000000
2026/08/26 21:21:40.222, 0, 20778 MiB, 51 %, 1950 MHz, 1950 MHz, 215.95 W, 61, P2, 0x0000000000000004
2026/08/26 21:21:41.222, 0, 20780 MiB, 83 %, 1950 MHz, 1950 MHz, 205.35 W, 62, P2, 0x0000000000000000
2026/08/26 21:21:42.222, 0, 20780 MiB, 83 %, 1950 MHz, 1950 MHz, 227.37 W, 62, P2, 0x0000000000000000
2026/08/26 21:21:43.222, 0, 20780 MiB, 80 %, 1950 MHz, 1950 MHz, 229.30 W, 63, P2, 0x0000000000000000
2026/08/26 21:21:44.223, 0, 20780 MiB, 82 %, 1950 MHz, 1950 MHz, 227.77 W, 63, P2, 0x0000000000000000
2026/08/26 21:21:45.223, 0, 20780 MiB, 83 %, 1950 MHz, 1950 MHz, 226.77 W, 62, P2, 0x0000000000000000
2026/08/26 21:21:46.223, 0, 20780 MiB, 81 %, 1950 MHz, 1950 MHz, 227.30 W, 62, P2, 0x0000000000000000
2026/08/26 21:21:47.223, 0, 20780 MiB, 79 %, 1950 MHz, 1950 MHz, 223.82 W, 63, P2, 0x0000000000000000
2026/08/26 21:21:48.224, 0, 20780 MiB, 62 %, 1950 MHz, 1950 MHz, 220.03 W, 62, P2, 0x0000000000000004
2026/08/26 21:21:49.224, 0, 20780 MiB, 84 %, 1950 MHz, 1950 MHz, 222.31 W, 63, P2, 0x0000000000000000
2026/08/26 21:21:50.224, 0, 20780 MiB, 78 %, 1950 MHz, 1950 MHz, 230.56 W, 63, P2, 0x0000000000000004
2026/08/26 21:21:51.224, 0, 20780 MiB, 79 %, 1950 MHz, 1950 MHz, 226.01 W, 63, P2, 0x0000000000000000
2026/08/26 21:21:52.224, 0, 20780 MiB, 81 %, 1950 MHz, 1950 MHz, 224.75 W, 62, P2, 0x0000000000000000
2026/08/26 21:21:53.224, 0, 20780 MiB, 84 %, 1950 MHz, 1950 MHz, 221.85 W, 63, P2, 0x0000000000000000
2026/08/26 21:21:54.225, 0, 20780 MiB, 81 %, 1950 MHz, 1950 MHz, 223.36 W, 63, P2, 0x0000000000000000
2026/08/26 21:21:55.225, 0, 20780 MiB, 84 %, 1950 MHz, 1950 MHz, 224.77 W, 62, P2, 0x0000000000000000
2026/08/26 21:21:56.225, 0, 20780 MiB, 83 %, 1950 MHz, 1950 MHz, 225.66 W, 62, P2, 0x0000000000000000
2026/08/26 21:21:57.225, 0, 20780 MiB, 80 %, 1950 MHz, 1950 MHz, 228.03 W, 63, P2, 0x0000000000000000
2026/08/26 21:21:58.225, 0, 20780 MiB, 71 %, 1950 MHz, 1950 MHz, 218.02 W, 61, P2, 0x0000000000000000
2026/08/26 21:21:59.225, 0, 20780 MiB, 83 %, 1950 MHz, 1950 MHz, 220.36 W, 62, P2, 0x0000000000000000
2026/08/26 21:22:00.226, 0, 20780 MiB, 82 %, 1950 MHz, 1950 MHz, 226.37 W, 63, P2, 0x0000000000000000
2026/08/26 21:22:01.226, 0, 20780 MiB, 79 %, 1950 MHz, 1950 MHz, 227.28 W, 63, P2, 0x0000000000000000
2026/08/26 21:22:02.226, 0, 20780 MiB, 80 %, 1950 MHz, 1950 MHz, 226.59 W, 63, P2, 0x0000000000000000
2026/08/26 21:22:03.226, 0, 20780 MiB, 79 %, 1950 MHz, 1950 MHz, 225.81 W, 63, P2, 0x0000000000000000
2026/08/26 21:22:04.226, 0, 20780 MiB, 82 %, 1950 MHz, 1950 MHz, 225.27 W, 63, P2, 0x0000000000000000
2026/08/26 21:22:05.226, 0, 20780 MiB, 84 %, 1950 MHz, 1950 MHz, 228.70 W, 63, P2, 0x0000000000000000
2026/08/26 21:22:06.226, 0, 20780 MiB, 79 %, 1950 MHz, 1950 MHz, 221.19 W, 63, P2, 0x0000000000000000
2026/08/26 21:22:07.227, 0, 20780 MiB, 82 %, 1950 MHz, 1950 MHz, 227.38 W, 63, P2, 0x0000000000000000
2026/08/26 21:22:08.227, 0, 20780 MiB, 82 %, 1950 MHz, 1950 MHz, 228.10 W, 64, P2, 0x0000000000000000
2026/08/26 21:22:09.227, 0, 20780 MiB, 84 %, 1950 MHz, 1950 MHz, 228.80 W, 63, P2, 0x0000000000000000
2026/08/26 21:22:10.227, 0, 20780 MiB, 83 %, 1950 MHz, 1950 MHz, 226.06 W, 63, P2, 0x0000000000000000
2026/08/26 21:22:11.227, 0, 20780 MiB, 84 %, 1950 MHz, 1950 MHz, 225.35 W, 63, P2, 0x0000000000000000
2026/08/26 21:22:12.227, 0, 20780 MiB, 81 %, 1950 MHz, 1950 MHz, 227.84 W, 63, P2, 0x0000000000000000
2026/08/26 21:22:13.227, 0, 20780 MiB, 84 %, 1950 MHz, 1950 MHz, 223.24 W, 63, P2, 0x0000000000000000
2026/08/26 21:22:14.228, 0, 20780 MiB, 80 %, 1950 MHz, 1950 MHz, 223.78 W, 63, P2, 0x0000000000000000
2026/08/26 21:22:15.228, 0, 20780 MiB, 83 %, 1950 MHz, 1950 MHz, 223.86 W, 63, P2, 0x0000000000000000
2026/08/26 21:22:16.228, 0, 20780 MiB, 84 %, 1950 MHz, 1950 MHz, 224.75 W, 63, P2, 0x0000000000000000
2026/08/26 21:22:17.228, 0, 20780 MiB, 80 %, 1950 MHz, 1950 MHz, 225.76 W, 63, P2, 0x0000000000000000
2026/08/26 21:22:18.228, 0, 20780 MiB, 84 %, 1950 MHz, 1950 MHz, 218.98 W, 63, P2, 0x0000000000000000
2026/08/26 21:22:19.228, 0, 20780 MiB, 79 %, 1950 MHz, 1950 MHz, 225.55 W, 63, P2, 0x0000000000000000
2026/08/26 21:22:20.229, 0, 20780 MiB, 83 %, 1950 MHz, 1950 MHz, 229.11 W, 63, P2, 0x0000000000000000
2026/08/26 21:22:21.229, 0, 20780 MiB, 81 %, 1950 MHz, 1950 MHz, 226.03 W, 63, P2, 0x0000000000000000
2026/08/26 21:22:22.229, 0, 20780 MiB, 81 %, 1950 MHz, 1950 MHz, 228.09 W, 63, P2, 0x0000000000000000
2026/08/26 21:22:23.229, 0, 20780 MiB, 85 %, 1950 MHz, 1950 MHz, 225.81 W, 64, P2, 0x0000000000000000
2026/08/26 21:22:24.229, 0, 20780 MiB, 83 %, 1950 MHz, 1950 MHz, 226.18 W, 63, P2, 0x0000000000000000
2026/08/26 21:22:25.229, 0, 20780 MiB, 84 %, 1950 MHz, 1950 MHz, 226.02 W, 64, P2, 0x0000000000000000
2026/08/26 21:22:26.230, 0, 20780 MiB, 81 %, 1950 MHz, 1950 MHz, 222.77 W, 64, P2, 0x0000000000000000
2026/08/26 21:22:27.230, 0, 20780 MiB, 85 %, 1950 MHz, 1950 MHz, 226.24 W, 64, P2, 0x0000000000000000
2026/08/26 21:22:28.230, 0, 20780 MiB, 85 %, 1950 MHz, 1950 MHz, 224.30 W, 63, P2, 0x0000000000000000
2026/08/26 21:22:29.230, 0, 20780 MiB, 83 %, 1950 MHz, 1950 MHz, 222.49 W, 63, P2, 0x0000000000000000
2026/08/26 21:22:30.230, 0, 20780 MiB, 83 %, 1950 MHz, 1950 MHz, 215.27 W, 63, P2, 0x0000000000000000
2026/08/26 21:22:31.230, 0, 20780 MiB, 84 %, 1950 MHz, 1950 MHz, 227.47 W, 64, P2, 0x0000000000000000
2026/08/26 21:22:32.230, 0, 20780 MiB, 85 %, 1950 MHz, 1950 MHz, 227.24 W, 63, P2, 0x0000000000000000
2026/08/26 21:22:33.231, 0, 20780 MiB, 84 %, 1950 MHz, 1950 MHz, 229.30 W, 64, P2, 0x0000000000000000
2026/08/26 21:22:34.231, 0, 20780 MiB, 80 %, 1950 MHz, 1950 MHz, 223.46 W, 63, P2, 0x0000000000000000
2026/08/26 21:22:35.231, 0, 20780 MiB, 84 %, 1950 MHz, 1950 MHz, 225.57 W, 64, P2, 0x0000000000000000
2026/08/26 21:22:36.231, 0, 20780 MiB, 85 %, 1950 MHz, 1950 MHz, 225.79 W, 64, P2, 0x0000000000000000
2026/08/26 21:22:37.231, 0, 20780 MiB, 80 %, 1950 MHz, 1950 MHz, 225.81 W, 64, P2, 0x0000000000000000
2026/08/26 21:22:38.231, 0, 20780 MiB, 79 %, 1950 MHz, 1950 MHz, 232.08 W, 64, P2, 0x0000000000000000
2026/08/26 21:22:39.231, 0, 346 MiB, 100 %, 1950 MHz, 1950 MHz, 191.58 W, 62, P0, 0x0000000000000000
2026/08/26 21:22:40.397, 0, 346 MiB, 0 %, 1950 MHz, 1950 MHz, 164.44 W, 61, P2, 0x0000000000000000
2026/08/26 21:22:41.397, 0, 346 MiB, 0 %, 1950 MHz, 1950 MHz, 153.55 W, 60, P2, 0x0000000000000000
2026/08/26 21:22:42.398, 0, 346 MiB, 0 %, 1695 MHz, 1695 MHz, 142.77 W, 59, P2, 0x0000000000000000
2026/08/26 21:22:43.398, 0, 18082 MiB, 100 %, 1695 MHz, 1695 MHz, 128.79 W, 59, P2, 0x0000000000000000
2026/08/26 21:22:44.398, 0, 18082 MiB, 100 %, 1950 MHz, 1950 MHz, 153.68 W, 60, P2, 0x0000000000000000
2026/08/26 21:22:45.398, 0, 18082 MiB, 100 %, 1950 MHz, 1950 MHz, 161.72 W, 60, P2, 0x0000000000000000
2026/08/26 21:22:46.398, 0, 18082 MiB, 99 %, 1950 MHz, 1950 MHz, 163.93 W, 60, P2, 0x0000000000000000
2026/08/26 21:22:47.399, 0, 18082 MiB, 100 %, 1950 MHz, 1950 MHz, 163.96 W, 60, P2, 0x0000000000000000
2026/08/26 21:22:48.399, 0, 18082 MiB, 100 %, 1950 MHz, 1950 MHz, 163.47 W, 60, P2, 0x0000000000000000
2026/08/26 21:22:49.399, 0, 18082 MiB, 100 %, 1950 MHz, 1950 MHz, 163.95 W, 60, P2, 0x0000000000000000
2026/08/26 21:22:50.399, 0, 18082 MiB, 99 %, 1950 MHz, 1950 MHz, 163.50 W, 60, P2, 0x0000000000000000
2026/08/26 21:22:51.399, 0, 18082 MiB, 100 %, 1950 MHz, 1950 MHz, 162.92 W, 60, P2, 0x0000000000000000
2026/08/26 21:22:52.399, 0, 18082 MiB, 100 %, 1950 MHz, 1950 MHz, 163.57 W, 60, P2, 0x0000000000000000
2026/08/26 21:22:53.399, 0, 19730 MiB, 100 %, 1950 MHz, 1950 MHz, 162.98 W, 60, P2, 0x0000000000000000
2026/08/26 21:22:54.400, 0, 21760 MiB, 99 %, 1950 MHz, 1950 MHz, 164.99 W, 60, P2, 0x0000000000000000
2026/08/26 21:22:55.400, 0, 21812 MiB, 66 %, 1950 MHz, 1950 MHz, 193.56 W, 62, P2, 0x0000000000000000
2026/08/26 21:22:56.400, 0, 21812 MiB, 73 %, 1950 MHz, 1950 MHz, 297.83 W, 65, P2, 0x0000000000000000
2026/08/26 21:22:57.400, 0, 21812 MiB, 32 %, 1950 MHz, 1950 MHz, 291.12 W, 65, P2, 0x0000000000000000
2026/08/26 21:22:58.401, 0, 21812 MiB, 75 %, 1935 MHz, 1935 MHz, 276.09 W, 65, P2, 0x0000000000000000
2026/08/26 21:22:59.401, 0, 21812 MiB, 68 %, 1935 MHz, 1935 MHz, 305.88 W, 66, P2, 0x0000000000000000
2026/08/26 21:23:00.401, 0, 21812 MiB, 67 %, 1935 MHz, 1935 MHz, 277.30 W, 66, P2, 0x0000000000000000
2026/08/26 21:23:01.401, 0, 21812 MiB, 73 %, 1935 MHz, 1935 MHz, 309.43 W, 67, P2, 0x0000000000000000
2026/08/26 21:23:02.401, 0, 21828 MiB, 48 %, 1935 MHz, 1935 MHz, 308.14 W, 67, P2, 0x0000000000000000
2026/08/26 21:23:03.402, 0, 21828 MiB, 70 %, 1935 MHz, 1935 MHz, 271.50 W, 66, P2, 0x0000000000000000
2026/08/26 21:23:04.402, 0, 21828 MiB, 68 %, 1935 MHz, 1935 MHz, 312.19 W, 67, P2, 0x0000000000000000
2026/08/26 21:23:05.402, 0, 21828 MiB, 63 %, 1935 MHz, 1935 MHz, 274.38 W, 65, P2, 0x0000000000000000
2026/08/26 21:23:06.402, 0, 21828 MiB, 74 %, 1935 MHz, 1935 MHz, 310.79 W, 68, P2, 0x0000000000000000
2026/08/26 21:23:07.403, 0, 21834 MiB, 63 %, 1935 MHz, 1935 MHz, 293.98 W, 65, P2, 0x0000000000000000
2026/08/26 21:23:08.403, 0, 21834 MiB, 68 %, 1935 MHz, 1935 MHz, 208.15 W, 66, P2, 0x0000000000000000
2026/08/26 21:23:09.403, 0, 21834 MiB, 67 %, 1935 MHz, 1935 MHz, 304.45 W, 68, P2, 0x0000000000000000
2026/08/26 21:23:10.403, 0, 21834 MiB, 65 %, 1935 MHz, 1935 MHz, 278.75 W, 67, P2, 0x0000000000000004
2026/08/26 21:23:11.403, 0, 21834 MiB, 69 %, 1935 MHz, 1935 MHz, 308.36 W, 68, P2, 0x0000000000000000
2026/08/26 21:23:12.403, 0, 21834 MiB, 68 %, 1935 MHz, 1935 MHz, 315.06 W, 69, P2, 0x0000000000000000
2026/08/26 21:23:13.404, 0, 21834 MiB, 67 %, 1935 MHz, 1935 MHz, 276.14 W, 68, P2, 0x0000000000000000
2026/08/26 21:23:14.404, 0, 21834 MiB, 68 %, 1935 MHz, 1935 MHz, 313.07 W, 68, P2, 0x0000000000000000
2026/08/26 21:23:15.404, 0, 21834 MiB, 69 %, 1935 MHz, 1935 MHz, 278.69 W, 68, P2, 0x0000000000000000
2026/08/26 21:23:16.404, 0, 21834 MiB, 72 %, 1935 MHz, 1935 MHz, 312.28 W, 69, P2, 0x0000000000000000
2026/08/26 21:23:17.405, 0, 21834 MiB, 44 %, 1935 MHz, 1935 MHz, 302.07 W, 66, P2, 0x0000000000000000
2026/08/26 21:23:18.405, 0, 21834 MiB, 71 %, 1935 MHz, 1935 MHz, 281.42 W, 69, P2, 0x0000000000000000
2026/08/26 21:23:19.405, 0, 21834 MiB, 76 %, 1935 MHz, 1935 MHz, 318.17 W, 69, P2, 0x0000000000000000
2026/08/26 21:23:20.405, 0, 21834 MiB, 69 %, 1935 MHz, 1935 MHz, 285.26 W, 68, P2, 0x0000000000000000
2026/08/26 21:23:21.405, 0, 21834 MiB, 66 %, 1935 MHz, 1935 MHz, 309.98 W, 70, P2, 0x0000000000000000
2026/08/26 21:23:22.406, 0, 414 MiB, 77 %, 1935 MHz, 1935 MHz, 318.50 W, 70, P2, 0x0000000000000000
2026/08/26 21:23:23.406, 0, 346 MiB, 0 %, 1935 MHz, 1935 MHz, 220.54 W, 65, P0, 0x0000000000000000
2026/08/26 21:23:24.406, 0, 346 MiB, 0 %, 1935 MHz, 1935 MHz, 166.48 W, 63, P2, 0x0000000000000000
2026/08/26 21:23:25.406, 0, 346 MiB, 0 %, 1935 MHz, 1935 MHz, 161.69 W, 63, P2, 0x0000000000000000
2026/08/26 21:23:26.406, 0, 346 MiB, 0 %, 1695 MHz, 1695 MHz, 140.75 W, 61, P2, 0x0000000000000000
2026/08/26 21:23:27.407, 0, 17618 MiB, 100 %, 1950 MHz, 1950 MHz, 131.13 W, 61, P2, 0x0000000000000000
2026/08/26 21:23:28.407, 0, 17618 MiB, 100 %, 1950 MHz, 1950 MHz, 161.35 W, 62, P2, 0x0000000000000000
2026/08/26 21:23:29.407, 0, 17618 MiB, 99 %, 1950 MHz, 1950 MHz, 167.27 W, 62, P2, 0x0000000000000000
2026/08/26 21:23:30.407, 0, 17618 MiB, 100 %, 1950 MHz, 1950 MHz, 167.18 W, 62, P2, 0x0000000000000000
2026/08/26 21:23:31.407, 0, 17618 MiB, 100 %, 1950 MHz, 1950 MHz, 167.83 W, 62, P2, 0x0000000000000000
2026/08/26 21:23:32.408, 0, 17618 MiB, 100 %, 1950 MHz, 1950 MHz, 167.21 W, 62, P2, 0x0000000000000000
2026/08/26 21:23:33.408, 0, 17618 MiB, 100 %, 1950 MHz, 1950 MHz, 166.26 W, 61, P2, 0x0000000000000000
2026/08/26 21:23:34.408, 0, 17618 MiB, 99 %, 1950 MHz, 1950 MHz, 167.01 W, 61, P2, 0x0000000000000000
2026/08/26 21:23:35.408, 0, 17618 MiB, 100 %, 1950 MHz, 1950 MHz, 166.06 W, 61, P2, 0x0000000000000000
2026/08/26 21:23:36.409, 0, 17618 MiB, 100 %, 1950 MHz, 1950 MHz, 165.65 W, 61, P2, 0x0000000000000000
2026/08/26 21:23:37.409, 0, 20136 MiB, 98 %, 1950 MHz, 1950 MHz, 165.78 W, 61, P2, 0x0000000000000000
2026/08/26 21:23:38.409, 0, 20250 MiB, 100 %, 1950 MHz, 1950 MHz, 163.72 W, 60, P2, 0x0000000000000000
2026/08/26 21:23:39.409, 0, 20276 MiB, 66 %, 1950 MHz, 1950 MHz, 220.66 W, 65, P2, 0x0000000000000000
2026/08/26 21:23:40.409, 0, 20276 MiB, 69 %, 1935 MHz, 1935 MHz, 299.51 W, 66, P2, 0x0000000000000000
2026/08/26 21:23:41.409, 0, 20276 MiB, 63 %, 1935 MHz, 1935 MHz, 283.04 W, 63, P2, 0x0000000000000000
2026/08/26 21:23:42.410, 0, 20276 MiB, 66 %, 1935 MHz, 1935 MHz, 299.26 W, 67, P2, 0x0000000000000000
2026/08/26 21:23:43.410, 0, 20276 MiB, 67 %, 1935 MHz, 1935 MHz, 310.26 W, 67, P2, 0x0000000000000000
2026/08/26 21:23:44.410, 0, 20276 MiB, 68 %, 1935 MHz, 1935 MHz, 283.15 W, 67, P2, 0x0000000000000000
2026/08/26 21:23:45.410, 0, 20276 MiB, 64 %, 1935 MHz, 1935 MHz, 312.48 W, 67, P2, 0x0000000000000000
2026/08/26 21:23:46.411, 0, 20276 MiB, 70 %, 1935 MHz, 1935 MHz, 279.55 W, 67, P2, 0x0000000000000000
2026/08/26 21:23:47.411, 0, 20276 MiB, 71 %, 1935 MHz, 1935 MHz, 311.88 W, 68, P2, 0x0000000000000000
2026/08/26 21:23:48.411, 0, 20276 MiB, 69 %, 1935 MHz, 1935 MHz, 310.92 W, 68, P2, 0x0000000000000000
2026/08/26 21:23:49.411, 0, 20276 MiB, 67 %, 1935 MHz, 1935 MHz, 275.48 W, 68, P2, 0x0000000000000000
2026/08/26 21:23:50.411, 0, 20276 MiB, 71 %, 1935 MHz, 1935 MHz, 309.46 W, 68, P2, 0x0000000000000000
2026/08/26 21:23:51.412, 0, 20288 MiB, 100 %, 1935 MHz, 1935 MHz, 235.61 W, 63, P2, 0x0000000000000000
2026/08/26 21:23:52.412, 0, 20288 MiB, 65 %, 1935 MHz, 1935 MHz, 262.59 W, 67, P2, 0x0000000000000000
2026/08/26 21:23:53.412, 0, 20288 MiB, 66 %, 1935 MHz, 1935 MHz, 306.55 W, 68, P2, 0x0000000000000000
2026/08/26 21:23:54.412, 0, 20288 MiB, 67 %, 1935 MHz, 1935 MHz, 279.62 W, 68, P2, 0x0000000000000000
2026/08/26 21:23:55.412, 0, 20288 MiB, 67 %, 1935 MHz, 1935 MHz, 312.41 W, 68, P2, 0x0000000000000000
2026/08/26 21:23:56.413, 0, 20288 MiB, 54 %, 1890 MHz, 1890 MHz, 284.13 W, 66, P2, 0x0000000000000004
2026/08/26 21:23:57.413, 0, 20288 MiB, 69 %, 1935 MHz, 1935 MHz, 302.22 W, 69, P2, 0x0000000000000000
2026/08/26 21:23:58.413, 0, 20288 MiB, 54 %, 1935 MHz, 1935 MHz, 298.61 W, 67, P2, 0x0000000000000000
2026/08/26 21:23:59.413, 0, 20288 MiB, 66 %, 1935 MHz, 1935 MHz, 286.81 W, 69, P2, 0x0000000000000000
2026/08/26 21:24:00.414, 0, 20288 MiB, 65 %, 1935 MHz, 1935 MHz, 312.00 W, 69, P2, 0x0000000000000000
2026/08/26 21:24:01.414, 0, 20288 MiB, 66 %, 1935 MHz, 1935 MHz, 283.62 W, 69, P2, 0x0000000000000000
2026/08/26 21:24:02.414, 0, 20288 MiB, 70 %, 1935 MHz, 1935 MHz, 316.49 W, 69, P2, 0x0000000000000000
2026/08/26 21:24:03.414, 0, 20288 MiB, 48 %, 1935 MHz, 1935 MHz, 288.61 W, 67, P2, 0x0000000000000000
2026/08/26 21:24:04.414, 0, 20288 MiB, 70 %, 1935 MHz, 1935 MHz, 301.56 W, 70, P2, 0x0000000000000000
2026/08/26 21:24:05.415, 0, 394 MiB, 69 %, 1935 MHz, 1935 MHz, 316.78 W, 70, P2, 0x0000000000000000
2026/08/26 21:24:06.415, 0, 346 MiB, 0 %, 1935 MHz, 1935 MHz, 198.55 W, 65, P0, 0x0000000000000000
2026/08/26 21:24:07.415, 0, 346 MiB, 0 %, 1935 MHz, 1935 MHz, 164.46 W, 63, P2, 0x0000000000000000
2026/08/26 21:24:08.415, 0, 346 MiB, 0 %, 1935 MHz, 1935 MHz, 161.43 W, 63, P2, 0x0000000000000000
2026/08/26 21:24:09.416, 0, 20144 MiB, 0 %, 1695 MHz, 1695 MHz, 137.62 W, 61, P2, 0x0000000000000000
2026/08/26 21:24:10.416, 0, 20144 MiB, 99 %, 1935 MHz, 1935 MHz, 153.66 W, 62, P2, 0x0000000000000000
2026/08/26 21:24:11.416, 0, 20144 MiB, 100 %, 1935 MHz, 1935 MHz, 165.56 W, 62, P2, 0x0000000000000000
2026/08/26 21:24:12.416, 0, 20144 MiB, 100 %, 1935 MHz, 1935 MHz, 165.17 W, 62, P2, 0x0000000000000000
2026/08/26 21:24:13.416, 0, 20144 MiB, 100 %, 1935 MHz, 1935 MHz, 164.66 W, 62, P2, 0x0000000000000000
2026/08/26 21:24:14.417, 0, 20144 MiB, 100 %, 1935 MHz, 1935 MHz, 164.70 W, 62, P2, 0x0000000000000000
2026/08/26 21:24:15.417, 0, 20144 MiB, 100 %, 1935 MHz, 1935 MHz, 164.16 W, 61, P2, 0x0000000000000000
2026/08/26 21:24:16.417, 0, 20144 MiB, 99 %, 1935 MHz, 1935 MHz, 163.76 W, 61, P2, 0x0000000000000000
2026/08/26 21:24:17.417, 0, 20144 MiB, 99 %, 1935 MHz, 1935 MHz, 164.04 W, 61, P2, 0x0000000000000000
2026/08/26 21:24:18.418, 0, 20144 MiB, 99 %, 1935 MHz, 1935 MHz, 163.72 W, 61, P2, 0x0000000000000000
2026/08/26 21:24:19.418, 0, 20816 MiB, 0 %, 1950 MHz, 1950 MHz, 166.77 W, 61, P2, 0x0000000000000000
2026/08/26 21:24:20.418, 0, 20816 MiB, 73 %, 1950 MHz, 1950 MHz, 229.88 W, 64, P2, 0x0000000000000004
2026/08/26 21:24:21.418, 0, 20816 MiB, 76 %, 1935 MHz, 1935 MHz, 280.11 W, 66, P2, 0x0000000000000000
2026/08/26 21:24:22.418, 0, 20816 MiB, 78 %, 1935 MHz, 1935 MHz, 277.96 W, 65, P2, 0x0000000000000000
2026/08/26 21:24:23.418, 0, 20816 MiB, 80 %, 1935 MHz, 1935 MHz, 283.30 W, 67, P2, 0x0000000000000000
2026/08/26 21:24:24.418, 0, 20816 MiB, 77 %, 1935 MHz, 1935 MHz, 277.54 W, 67, P2, 0x0000000000000000
2026/08/26 21:24:25.419, 0, 20816 MiB, 79 %, 1935 MHz, 1935 MHz, 328.98 W, 68, P2, 0x0000000000000000
2026/08/26 21:24:26.419, 0, 20816 MiB, 73 %, 1935 MHz, 1935 MHz, 330.89 W, 69, P2, 0x0000000000000000
2026/08/26 21:24:27.419, 0, 20816 MiB, 77 %, 1935 MHz, 1935 MHz, 294.25 W, 69, P2, 0x0000000000000000
2026/08/26 21:24:28.419, 0, 20816 MiB, 81 %, 1935 MHz, 1935 MHz, 317.23 W, 69, P2, 0x0000000000000000
2026/08/26 21:24:29.419, 0, 20816 MiB, 78 %, 1935 MHz, 1935 MHz, 304.04 W, 68, P2, 0x0000000000000000
2026/08/26 21:24:30.419, 0, 20816 MiB, 78 %, 1935 MHz, 1935 MHz, 281.76 W, 69, P2, 0x0000000000000000
2026/08/26 21:24:31.419, 0, 20816 MiB, 78 %, 1935 MHz, 1935 MHz, 309.44 W, 69, P2, 0x0000000000000000
2026/08/26 21:24:32.420, 0, 20816 MiB, 78 %, 1935 MHz, 1935 MHz, 313.12 W, 69, P2, 0x0000000000000000
2026/08/26 21:24:33.420, 0, 20816 MiB, 76 %, 1935 MHz, 1935 MHz, 280.07 W, 68, P2, 0x0000000000000000
2026/08/26 21:24:34.420, 0, 20816 MiB, 77 %, 1935 MHz, 1935 MHz, 307.66 W, 69, P2, 0x0000000000000000
2026/08/26 21:24:35.420, 0, 20816 MiB, 77 %, 1935 MHz, 1935 MHz, 304.37 W, 69, P2, 0x0000000000000000
2026/08/26 21:24:36.420, 0, 20824 MiB, 100 %, 1935 MHz, 1935 MHz, 277.68 W, 66, P2, 0x0000000000000004
2026/08/26 21:24:37.420, 0, 20824 MiB, 79 %, 1935 MHz, 1935 MHz, 245.42 W, 67, P2, 0x0000000000000000
2026/08/26 21:24:38.420, 0, 20824 MiB, 83 %, 1935 MHz, 1935 MHz, 276.53 W, 68, P2, 0x0000000000000000
2026/08/26 21:24:39.421, 0, 20824 MiB, 78 %, 1935 MHz, 1935 MHz, 269.33 W, 68, P2, 0x0000000000000000
2026/08/26 21:24:40.421, 0, 20824 MiB, 78 %, 1935 MHz, 1935 MHz, 260.05 W, 67, P2, 0x0000000000000000
2026/08/26 21:24:41.421, 0, 20824 MiB, 41 %, 1935 MHz, 1935 MHz, 236.21 W, 67, P2, 0x0000000000000000
2026/08/26 21:24:42.421, 0, 20824 MiB, 75 %, 1935 MHz, 1935 MHz, 258.45 W, 67, P2, 0x0000000000000000
2026/08/26 21:24:43.421, 0, 20824 MiB, 77 %, 1935 MHz, 1935 MHz, 309.02 W, 69, P2, 0x0000000000000000
2026/08/26 21:24:44.421, 0, 20824 MiB, 82 %, 1935 MHz, 1935 MHz, 295.35 W, 69, P2, 0x0000000000000000
2026/08/26 21:24:45.421, 0, 20824 MiB, 80 %, 1935 MHz, 1935 MHz, 263.30 W, 67, P2, 0x0000000000000004
2026/08/26 21:24:46.421, 0, 20824 MiB, 74 %, 1935 MHz, 1935 MHz, 282.32 W, 68, P2, 0x0000000000000000
2026/08/26 21:24:47.422, 0, 20824 MiB, 77 %, 1935 MHz, 1935 MHz, 269.87 W, 69, P2, 0x0000000000000000
2026/08/26 21:24:48.422, 0, 20824 MiB, 78 %, 1935 MHz, 1935 MHz, 261.15 W, 67, P2, 0x0000000000000000
2026/08/26 21:24:49.422, 0, 20824 MiB, 80 %, 1935 MHz, 1935 MHz, 275.28 W, 68, P2, 0x0000000000000000
2026/08/26 21:24:50.422, 0, 20824 MiB, 76 %, 1935 MHz, 1935 MHz, 287.98 W, 70, P2, 0x0000000000000000
2026/08/26 21:24:51.422, 0, 20824 MiB, 78 %, 1935 MHz, 1935 MHz, 330.90 W, 71, P2, 0x0000000000000000
2026/08/26 21:24:52.422, 0, 20824 MiB, 78 %, 1935 MHz, 1935 MHz, 325.31 W, 71, P2, 0x0000000000000000
2026/08/26 21:24:53.422, 0, 20824 MiB, 77 %, 1935 MHz, 1935 MHz, 275.49 W, 70, P2, 0x0000000000000000
2026/08/26 21:24:54.422, 0, 20824 MiB, 76 %, 1935 MHz, 1935 MHz, 330.55 W, 71, P2, 0x0000000000000000
2026/08/26 21:24:55.423, 0, 20824 MiB, 77 %, 1935 MHz, 1935 MHz, 318.51 W, 72, P2, 0x0000000000000000
2026/08/26 21:24:56.423, 0, 20824 MiB, 77 %, 1935 MHz, 1935 MHz, 290.45 W, 71, P2, 0x0000000000000000
2026/08/26 21:24:57.423, 0, 20824 MiB, 76 %, 1935 MHz, 1935 MHz, 311.66 W, 72, P2, 0x0000000000000000
2026/08/26 21:24:58.423, 0, 392 MiB, 77 %, 1935 MHz, 1935 MHz, 334.77 W, 72, P2, 0x0000000000000000
2026/08/26 21:24:59.423, 0, 346 MiB, 0 %, 1935 MHz, 1935 MHz, 215.10 W, 67, P0, 0x0000000000000000
2026/08/26 21:25:00.423, 0, 346 MiB, 0 %, 1935 MHz, 1935 MHz, 174.77 W, 65, P2, 0x0000000000000000
2026/08/26 21:25:01.423, 0, 346 MiB, 7 %, 1935 MHz, 1935 MHz, 171.22 W, 64, P2, 0x0000000000000000
2026/08/26 21:25:02.424, 0, 20144 MiB, 0 %, 1695 MHz, 1695 MHz, 144.96 W, 62, P2, 0x0000000000000000
2026/08/26 21:25:03.424, 0, 20144 MiB, 100 %, 1935 MHz, 1935 MHz, 150.01 W, 63, P2, 0x0000000000000000
2026/08/26 21:25:04.424, 0, 20144 MiB, 100 %, 1935 MHz, 1935 MHz, 169.15 W, 63, P2, 0x0000000000000000
2026/08/26 21:25:05.424, 0, 20144 MiB, 100 %, 1935 MHz, 1935 MHz, 169.47 W, 63, P2, 0x0000000000000000
2026/08/26 21:25:06.424, 0, 20144 MiB, 100 %, 1935 MHz, 1935 MHz, 169.24 W, 63, P2, 0x0000000000000000
2026/08/26 21:25:07.424, 0, 20144 MiB, 100 %, 1935 MHz, 1935 MHz, 169.12 W, 62, P2, 0x0000000000000000
2026/08/26 21:25:08.424, 0, 20144 MiB, 100 %, 1935 MHz, 1935 MHz, 168.74 W, 62, P2, 0x0000000000000000
2026/08/26 21:25:09.424, 0, 20144 MiB, 99 %, 1935 MHz, 1935 MHz, 168.78 W, 62, P2, 0x0000000000000000
2026/08/26 21:25:10.424, 0, 20144 MiB, 100 %, 1935 MHz, 1935 MHz, 167.68 W, 62, P2, 0x0000000000000000
2026/08/26 21:25:11.424, 0, 20144 MiB, 100 %, 1935 MHz, 1935 MHz, 167.76 W, 62, P2, 0x0000000000000000
2026/08/26 21:25:12.425, 0, 20144 MiB, 100 %, 1935 MHz, 1935 MHz, 167.17 W, 61, P2, 0x0000000000000000
2026/08/26 21:25:13.425, 0, 20800 MiB, 100 %, 1935 MHz, 1935 MHz, 167.34 W, 61, P2, 0x0000000000000000
2026/08/26 21:25:14.425, 0, 20816 MiB, 66 %, 1935 MHz, 1935 MHz, 183.25 W, 64, P2, 0x0000000000000004
2026/08/26 21:25:15.425, 0, 20816 MiB, 77 %, 1935 MHz, 1935 MHz, 313.44 W, 67, P2, 0x0000000000000000
2026/08/26 21:25:16.425, 0, 20816 MiB, 74 %, 1935 MHz, 1935 MHz, 323.61 W, 68, P2, 0x0000000000000000
2026/08/26 21:25:17.425, 0, 20822 MiB, 77 %, 1935 MHz, 1935 MHz, 277.32 W, 67, P2, 0x0000000000000004
2026/08/26 21:25:18.425, 0, 20822 MiB, 78 %, 1935 MHz, 1935 MHz, 278.18 W, 68, P2, 0x0000000000000000
2026/08/26 21:25:19.426, 0, 20822 MiB, 76 %, 1935 MHz, 1935 MHz, 326.49 W, 69, P2, 0x0000000000000000
2026/08/26 21:25:20.426, 0, 20822 MiB, 42 %, 1935 MHz, 1935 MHz, 305.90 W, 65, P2, 0x0000000000000000
2026/08/26 21:25:21.426, 0, 20822 MiB, 77 %, 1935 MHz, 1935 MHz, 248.84 W, 68, P2, 0x0000000000000000
2026/08/26 21:25:22.426, 0, 20822 MiB, 78 %, 1935 MHz, 1935 MHz, 328.00 W, 69, P2, 0x0000000000000000
2026/08/26 21:25:23.426, 0, 20824 MiB, 78 %, 1935 MHz, 1935 MHz, 328.17 W, 69, P2, 0x0000000000000000
2026/08/26 21:25:24.426, 0, 20824 MiB, 77 %, 1935 MHz, 1935 MHz, 247.49 W, 68, P2, 0x0000000000000000
2026/08/26 21:25:25.426, 0, 20824 MiB, 80 %, 1935 MHz, 1935 MHz, 330.42 W, 70, P2, 0x0000000000000000
2026/08/26 21:25:26.427, 0, 20824 MiB, 78 %, 1935 MHz, 1935 MHz, 333.68 W, 70, P2, 0x0000000000000000
2026/08/26 21:25:27.427, 0, 20824 MiB, 97 %, 1935 MHz, 1935 MHz, 255.09 W, 65, P2, 0x0000000000000004
2026/08/26 21:25:28.427, 0, 20824 MiB, 76 %, 1935 MHz, 1935 MHz, 313.34 W, 70, P2, 0x0000000000000000
2026/08/26 21:25:29.427, 0, 20824 MiB, 77 %, 1935 MHz, 1935 MHz, 330.22 W, 70, P2, 0x0000000000000000
2026/08/26 21:25:30.427, 0, 20824 MiB, 73 %, 1935 MHz, 1935 MHz, 261.97 W, 67, P2, 0x0000000000000004
2026/08/26 21:25:31.427, 0, 20824 MiB, 77 %, 1935 MHz, 1935 MHz, 268.91 W, 70, P2, 0x0000000000000000
2026/08/26 21:25:32.427, 0, 20824 MiB, 75 %, 1935 MHz, 1935 MHz, 332.22 W, 70, P2, 0x0000000000000000
2026/08/26 21:25:33.427, 0, 20824 MiB, 48 %, 1935 MHz, 1935 MHz, 327.83 W, 68, P2, 0x0000000000000000
2026/08/26 21:25:34.428, 0, 20824 MiB, 77 %, 1935 MHz, 1935 MHz, 245.64 W, 69, P2, 0x0000000000000000
2026/08/26 21:25:35.428, 0, 20824 MiB, 76 %, 1935 MHz, 1935 MHz, 326.47 W, 70, P2, 0x0000000000000000
2026/08/26 21:25:36.428, 0, 20824 MiB, 77 %, 1935 MHz, 1935 MHz, 328.84 W, 71, P2, 0x0000000000000000
2026/08/26 21:25:37.428, 0, 20824 MiB, 77 %, 1935 MHz, 1935 MHz, 296.75 W, 71, P2, 0x0000000000000000
2026/08/26 21:25:38.428, 0, 20824 MiB, 77 %, 1935 MHz, 1935 MHz, 334.80 W, 71, P2, 0x0000000000000000
2026/08/26 21:25:39.428, 0, 20824 MiB, 77 %, 1935 MHz, 1935 MHz, 335.67 W, 72, P2, 0x0000000000000000
2026/08/26 21:25:40.428, 0, 20824 MiB, 74 %, 1935 MHz, 1935 MHz, 248.03 W, 69, P2, 0x0000000000000000
2026/08/26 21:25:41.428, 0, 20824 MiB, 77 %, 1935 MHz, 1935 MHz, 333.46 W, 72, P2, 0x0000000000000000
2026/08/26 21:25:42.429, 0, 20824 MiB, 79 %, 1935 MHz, 1935 MHz, 336.34 W, 72, P2, 0x0000000000000000
2026/08/26 21:25:43.429, 0, 20824 MiB, 100 %, 1905 MHz, 1905 MHz, 267.33 W, 67, P2, 0x0000000000000004
2026/08/26 21:25:44.429, 0, 20824 MiB, 77 %, 1935 MHz, 1935 MHz, 300.07 W, 72, P2, 0x0000000000000000
2026/08/26 21:25:45.429, 0, 20824 MiB, 76 %, 1935 MHz, 1935 MHz, 335.60 W, 72, P2, 0x0000000000000000
2026/08/26 21:25:46.429, 0, 20824 MiB, 77 %, 1935 MHz, 1935 MHz, 296.13 W, 70, P2, 0x0000000000000000
2026/08/26 21:25:47.429, 0, 20824 MiB, 79 %, 1935 MHz, 1935 MHz, 285.33 W, 72, P2, 0x0000000000000000
2026/08/26 21:25:48.429, 0, 20824 MiB, 79 %, 1935 MHz, 1935 MHz, 339.39 W, 73, P2, 0x0000000000000000
2026/08/26 21:25:49.430, 0, 82 MiB, 68 %, 1935 MHz, 1935 MHz, 303.15 W, 68, P2, 0x0000000000000000
2026/08/26 21:25:50.431, 0, 346 MiB, 0 %, 1935 MHz, 1935 MHz, 182.32 W, 66, P2, 0x0000000000000000
2026/08/26 21:25:51.432, 0, 346 MiB, 6 %, 1935 MHz, 1935 MHz, 172.50 W, 65, P2, 0x0000000000000000
2026/08/26 21:25:52.432, 0, 346 MiB, 6 %, 1695 MHz, 1695 MHz, 161.66 W, 63, P2, 0x0000000000000000
2026/08/26 21:25:53.432, 0, 20144 MiB, 100 %, 1935 MHz, 1935 MHz, 135.20 W, 63, P2, 0x0000000000000000
2026/08/26 21:25:54.432, 0, 20144 MiB, 99 %, 1935 MHz, 1935 MHz, 168.60 W, 63, P2, 0x0000000000000000
2026/08/26 21:25:55.432, 0, 20144 MiB, 100 %, 1935 MHz, 1935 MHz, 169.99 W, 63, P2, 0x0000000000000000
2026/08/26 21:25:56.432, 0, 20144 MiB, 100 %, 1935 MHz, 1935 MHz, 169.71 W, 63, P2, 0x0000000000000000
2026/08/26 21:25:57.433, 0, 20144 MiB, 100 %, 1935 MHz, 1935 MHz, 169.79 W, 63, P2, 0x0000000000000000
2026/08/26 21:25:58.433, 0, 20144 MiB, 100 %, 1935 MHz, 1935 MHz, 168.89 W, 62, P2, 0x0000000000000000
2026/08/26 21:25:59.433, 0, 20144 MiB, 99 %, 1935 MHz, 1935 MHz, 168.87 W, 62, P2, 0x0000000000000000
2026/08/26 21:26:00.433, 0, 20144 MiB, 100 %, 1935 MHz, 1935 MHz, 168.25 W, 62, P2, 0x0000000000000000
2026/08/26 21:26:01.433, 0, 20144 MiB, 100 %, 1935 MHz, 1935 MHz, 168.41 W, 62, P2, 0x0000000000000000
2026/08/26 21:26:02.433, 0, 20144 MiB, 100 %, 1935 MHz, 1935 MHz, 168.18 W, 62, P2, 0x0000000000000000
2026/08/26 21:26:03.433, 0, 20144 MiB, 100 %, 1935 MHz, 1935 MHz, 167.77 W, 62, P2, 0x0000000000000000
2026/08/26 21:26:04.433, 0, 20802 MiB, 0 %, 1935 MHz, 1935 MHz, 171.55 W, 61, P2, 0x0000000000000000
2026/08/26 21:26:05.434, 0, 20816 MiB, 75 %, 1935 MHz, 1935 MHz, 248.93 W, 66, P2, 0x0000000000000000
2026/08/26 21:26:06.434, 0, 20816 MiB, 78 %, 1935 MHz, 1935 MHz, 324.39 W, 68, P2, 0x0000000000000000
2026/08/26 21:26:07.434, 0, 20820 MiB, 70 %, 1935 MHz, 1935 MHz, 312.01 W, 65, P2, 0x0000000000000000
2026/08/26 21:26:08.434, 0, 20820 MiB, 77 %, 1935 MHz, 1935 MHz, 286.42 W, 68, P2, 0x0000000000000000
2026/08/26 21:26:09.434, 0, 20820 MiB, 76 %, 1935 MHz, 1935 MHz, 327.67 W, 69, P2, 0x0000000000000000
2026/08/26 21:26:10.434, 0, 20820 MiB, 50 %, 1935 MHz, 1935 MHz, 289.88 W, 64, P2, 0x0000000000000000
2026/08/26 21:26:11.434, 0, 20820 MiB, 80 %, 1935 MHz, 1935 MHz, 305.81 W, 69, P2, 0x0000000000000000
2026/08/26 21:26:12.434, 0, 20820 MiB, 78 %, 1935 MHz, 1935 MHz, 331.73 W, 69, P2, 0x0000000000000000
2026/08/26 21:26:13.435, 0, 20820 MiB, 79 %, 1935 MHz, 1935 MHz, 283.80 W, 67, P2, 0x0000000000000000
2026/08/26 21:26:14.435, 0, 20820 MiB, 77 %, 1935 MHz, 1935 MHz, 327.76 W, 70, P2, 0x0000000000000000
2026/08/26 21:26:15.435, 0, 20820 MiB, 78 %, 1935 MHz, 1935 MHz, 333.78 W, 70, P2, 0x0000000000000000
2026/08/26 21:26:16.435, 0, 20820 MiB, 78 %, 1935 MHz, 1935 MHz, 287.81 W, 69, P2, 0x0000000000000004
2026/08/26 21:26:17.435, 0, 20820 MiB, 76 %, 1935 MHz, 1935 MHz, 330.51 W, 70, P2, 0x0000000000000000
2026/08/26 21:26:18.435, 0, 20820 MiB, 78 %, 1935 MHz, 1935 MHz, 329.77 W, 70, P2, 0x0000000000000000
2026/08/26 21:26:19.435, 0, 20826 MiB, 70 %, 1920 MHz, 1920 MHz, 255.51 W, 67, P2, 0x0000000000000024
2026/08/26 21:26:20.436, 0, 20826 MiB, 77 %, 1935 MHz, 1935 MHz, 312.43 W, 70, P2, 0x0000000000000000
2026/08/26 21:26:21.436, 0, 20826 MiB, 77 %, 1935 MHz, 1935 MHz, 315.97 W, 71, P2, 0x0000000000000000
2026/08/26 21:26:22.436, 0, 20826 MiB, 77 %, 1860 MHz, 1860 MHz, 303.58 W, 69, P2, 0x0000000000000004
2026/08/26 21:26:23.436, 0, 20826 MiB, 78 %, 1935 MHz, 1935 MHz, 318.89 W, 71, P2, 0x0000000000000000
2026/08/26 21:26:24.436, 0, 20826 MiB, 78 %, 1935 MHz, 1935 MHz, 336.76 W, 72, P2, 0x0000000000000000
2026/08/26 21:26:25.436, 0, 20826 MiB, 78 %, 1935 MHz, 1935 MHz, 303.06 W, 71, P2, 0x0000000000000000
2026/08/26 21:26:26.436, 0, 20826 MiB, 77 %, 1935 MHz, 1935 MHz, 336.78 W, 72, P2, 0x0000000000000000
2026/08/26 21:26:27.436, 0, 20826 MiB, 77 %, 1935 MHz, 1935 MHz, 335.22 W, 72, P2, 0x0000000000000000
2026/08/26 21:26:28.437, 0, 20826 MiB, 78 %, 1935 MHz, 1935 MHz, 296.24 W, 71, P2, 0x0000000000000000
2026/08/26 21:26:29.437, 0, 20826 MiB, 78 %, 1935 MHz, 1935 MHz, 334.08 W, 72, P2, 0x0000000000000000
2026/08/26 21:26:30.437, 0, 20826 MiB, 78 %, 1935 MHz, 1935 MHz, 336.86 W, 73, P2, 0x0000000000000000
2026/08/26 21:26:31.437, 0, 20826 MiB, 76 %, 1935 MHz, 1935 MHz, 292.08 W, 72, P2, 0x0000000000000000
2026/08/26 21:26:32.437, 0, 20826 MiB, 78 %, 1935 MHz, 1935 MHz, 337.04 W, 73, P2, 0x0000000000000000
2026/08/26 21:26:33.437, 0, 20826 MiB, 78 %, 1935 MHz, 1935 MHz, 338.98 W, 73, P2, 0x0000000000000000
2026/08/26 21:26:34.437, 0, 20826 MiB, 78 %, 1935 MHz, 1935 MHz, 301.45 W, 73, P2, 0x0000000000000000
2026/08/26 21:26:35.438, 0, 20826 MiB, 77 %, 1935 MHz, 1935 MHz, 336.34 W, 73, P2, 0x0000000000000000
2026/08/26 21:26:36.438, 0, 394 MiB, 71 %, 1935 MHz, 1935 MHz, 337.67 W, 72, P2, 0x0000000000000000
2026/08/26 21:26:37.438, 0, 346 MiB, 0 %, 1935 MHz, 1935 MHz, 182.44 W, 67, P2, 0x0000000000000000
2026/08/26 21:26:38.438, 0, 346 MiB, 0 %, 1935 MHz, 1935 MHz, 174.59 W, 66, P2, 0x0000000000000000
2026/08/26 21:26:39.438, 0, 346 MiB, 0 %, 1935 MHz, 1935 MHz, 172.73 W, 65, P2, 0x0000000000000000
2026/08/26 21:26:40.439, 0, 20144 MiB, 100 %, 1695 MHz, 1695 MHz, 142.13 W, 63, P2, 0x0000000000000000
2026/08/26 21:26:41.439, 0, 20144 MiB, 100 %, 1935 MHz, 1935 MHz, 158.96 W, 64, P2, 0x0000000000000000
2026/08/26 21:26:42.439, 0, 20144 MiB, 99 %, 1935 MHz, 1935 MHz, 170.30 W, 63, P2, 0x0000000000000000
2026/08/26 21:26:43.439, 0, 20144 MiB, 100 %, 1935 MHz, 1935 MHz, 170.35 W, 63, P2, 0x0000000000000000
2026/08/26 21:26:44.439, 0, 20144 MiB, 99 %, 1935 MHz, 1935 MHz, 169.71 W, 63, P2, 0x0000000000000000
2026/08/26 21:26:45.439, 0, 20144 MiB, 100 %, 1935 MHz, 1935 MHz, 169.92 W, 63, P2, 0x0000000000000000
2026/08/26 21:26:46.439, 0, 20144 MiB, 100 %, 1935 MHz, 1935 MHz, 169.90 W, 62, P2, 0x0000000000000000
2026/08/26 21:26:47.440, 0, 20144 MiB, 99 %, 1935 MHz, 1935 MHz, 169.30 W, 62, P2, 0x0000000000000000
2026/08/26 21:26:48.440, 0, 20144 MiB, 100 %, 1935 MHz, 1935 MHz, 169.36 W, 62, P2, 0x0000000000000000
2026/08/26 21:26:49.440, 0, 20144 MiB, 99 %, 1935 MHz, 1935 MHz, 168.40 W, 62, P2, 0x0000000000000000
2026/08/26 21:26:50.440, 0, 20144 MiB, 100 %, 1935 MHz, 1935 MHz, 168.67 W, 62, P2, 0x0000000000000000
2026/08/26 21:26:51.440, 0, 20800 MiB, 70 %, 1935 MHz, 1935 MHz, 168.06 W, 61, P2, 0x0000000000000000
2026/08/26 21:26:52.440, 0, 20816 MiB, 77 %, 1935 MHz, 1935 MHz, 214.60 W, 66, P2, 0x0000000000000000
2026/08/26 21:26:53.440, 0, 20816 MiB, 78 %, 1935 MHz, 1935 MHz, 321.05 W, 67, P2, 0x0000000000000000
2026/08/26 21:26:54.441, 0, 20816 MiB, 78 %, 1935 MHz, 1935 MHz, 323.29 W, 68, P2, 0x0000000000000000
2026/08/26 21:26:55.441, 0, 20816 MiB, 79 %, 1935 MHz, 1935 MHz, 294.93 W, 68, P2, 0x0000000000000000
2026/08/26 21:26:56.441, 0, 20816 MiB, 77 %, 1935 MHz, 1935 MHz, 325.85 W, 68, P2, 0x0000000000000000
2026/08/26 21:26:57.441, 0, 20816 MiB, 78 %, 1935 MHz, 1935 MHz, 325.38 W, 69, P2, 0x0000000000000000
2026/08/26 21:26:58.441, 0, 20816 MiB, 75 %, 1935 MHz, 1935 MHz, 290.41 W, 69, P2, 0x0000000000000000
2026/08/26 21:26:59.442, 0, 20816 MiB, 77 %, 1935 MHz, 1935 MHz, 327.14 W, 69, P2, 0x0000000000000000
2026/08/26 21:27:00.442, 0, 20816 MiB, 54 %, 1935 MHz, 1935 MHz, 325.38 W, 67, P2, 0x0000000000000000
2026/08/26 21:27:01.442, 0, 20816 MiB, 76 %, 1935 MHz, 1935 MHz, 287.07 W, 69, P2, 0x0000000000000000
2026/08/26 21:27:02.442, 0, 20816 MiB, 78 %, 1935 MHz, 1935 MHz, 331.77 W, 70, P2, 0x0000000000000000
2026/08/26 21:27:03.442, 0, 20816 MiB, 15 %, 1935 MHz, 1935 MHz, 311.87 W, 66, P2, 0x0000000000000000
2026/08/26 21:27:04.443, 0, 20816 MiB, 78 %, 1935 MHz, 1935 MHz, 293.48 W, 70, P2, 0x0000000000000000
2026/08/26 21:27:05.443, 0, 20816 MiB, 79 %, 1935 MHz, 1935 MHz, 335.24 W, 71, P2, 0x0000000000000000
2026/08/26 21:27:06.443, 0, 20824 MiB, 75 %, 1935 MHz, 1935 MHz, 312.46 W, 69, P2, 0x0000000000000004
2026/08/26 21:27:07.443, 0, 20824 MiB, 78 %, 1935 MHz, 1935 MHz, 280.97 W, 70, P2, 0x0000000000000000
2026/08/26 21:27:08.443, 0, 20824 MiB, 79 %, 1935 MHz, 1935 MHz, 335.35 W, 71, P2, 0x0000000000000000
2026/08/26 21:27:09.444, 0, 20824 MiB, 35 %, 1935 MHz, 1935 MHz, 318.81 W, 68, P2, 0x0000000000000000
2026/08/26 21:27:10.444, 0, 20824 MiB, 80 %, 1935 MHz, 1935 MHz, 304.51 W, 71, P2, 0x0000000000000000
2026/08/26 21:27:11.444, 0, 20824 MiB, 70 %, 1935 MHz, 1935 MHz, 334.72 W, 71, P2, 0x0000000000000000
2026/08/26 21:27:12.444, 0, 20824 MiB, 71 %, 1860 MHz, 1860 MHz, 303.11 W, 69, P2, 0x0000000000000004
2026/08/26 21:27:13.444, 0, 20824 MiB, 78 %, 1935 MHz, 1935 MHz, 317.41 W, 72, P2, 0x0000000000000000
2026/08/26 21:27:14.445, 0, 20824 MiB, 79 %, 1935 MHz, 1935 MHz, 337.90 W, 72, P2, 0x0000000000000000
2026/08/26 21:27:15.445, 0, 20824 MiB, 78 %, 1920 MHz, 1920 MHz, 299.31 W, 70, P2, 0x0000000000000004
2026/08/26 21:27:16.445, 0, 20824 MiB, 77 %, 1935 MHz, 1935 MHz, 330.17 W, 72, P2, 0x0000000000000000
2026/08/26 21:27:17.445, 0, 20824 MiB, 77 %, 1935 MHz, 1935 MHz, 336.09 W, 73, P2, 0x0000000000000000
2026/08/26 21:27:18.445, 0, 20824 MiB, 77 %, 1935 MHz, 1935 MHz, 303.59 W, 72, P2, 0x0000000000000000
2026/08/26 21:27:19.446, 0, 20824 MiB, 77 %, 1935 MHz, 1935 MHz, 338.19 W, 73, P2, 0x0000000000000000
2026/08/26 21:27:20.446, 0, 20824 MiB, 77 %, 1935 MHz, 1935 MHz, 337.02 W, 73, P2, 0x0000000000000000
2026/08/26 21:27:21.446, 0, 20824 MiB, 75 %, 1935 MHz, 1935 MHz, 302.68 W, 72, P2, 0x0000000000000000
2026/08/26 21:27:22.446, 0, 20824 MiB, 78 %, 1935 MHz, 1935 MHz, 338.34 W, 73, P2, 0x0000000000000000
2026/08/26 21:27:23.446, 0, 20824 MiB, 78 %, 1935 MHz, 1935 MHz, 340.52 W, 74, P2, 0x0000000000000000
2026/08/26 21:27:24.447, 0, 346 MiB, 78 %, 1935 MHz, 1935 MHz, 284.26 W, 69, P2, 0x0000000000000000
2026/08/26 21:27:25.465, 0, 346 MiB, 0 %, 1935 MHz, 1935 MHz, 179.24 W, 66, P2, 0x0000000000000000
2026/08/26 21:27:26.465, 0, 346 MiB, 0 %, 1935 MHz, 1935 MHz, 172.77 W, 65, P2, 0x0000000000000000
2026/08/26 21:27:27.465, 0, 346 MiB, 0 %, 1695 MHz, 1695 MHz, 142.05 W, 62, P2, 0x0000000000000000
2026/08/26 21:27:28.466, 0, 19362 MiB, 100 %, 1935 MHz, 1935 MHz, 152.70 W, 63, P2, 0x0000000000000000
2026/08/26 21:27:29.468, 0, 19362 MiB, 100 %, 1935 MHz, 1935 MHz, 171.47 W, 63, P2, 0x0000000000000000
2026/08/26 21:27:30.468, 0, 19362 MiB, 100 %, 1935 MHz, 1935 MHz, 171.76 W, 63, P2, 0x0000000000000000
2026/08/26 21:27:31.468, 0, 19362 MiB, 100 %, 1935 MHz, 1935 MHz, 170.97 W, 63, P2, 0x0000000000000000
2026/08/26 21:27:32.468, 0, 19362 MiB, 100 %, 1935 MHz, 1935 MHz, 169.87 W, 63, P2, 0x0000000000000000
2026/08/26 21:27:33.468, 0, 19362 MiB, 100 %, 1935 MHz, 1935 MHz, 170.68 W, 63, P2, 0x0000000000000000
2026/08/26 21:27:34.469, 0, 19362 MiB, 100 %, 1935 MHz, 1935 MHz, 169.62 W, 62, P2, 0x0000000000000000
2026/08/26 21:27:35.469, 0, 19362 MiB, 99 %, 1935 MHz, 1935 MHz, 169.17 W, 62, P2, 0x0000000000000000
2026/08/26 21:27:36.469, 0, 19362 MiB, 100 %, 1935 MHz, 1935 MHz, 169.49 W, 62, P2, 0x0000000000000000
2026/08/26 21:27:37.469, 0, 19362 MiB, 100 %, 1935 MHz, 1935 MHz, 168.94 W, 62, P2, 0x0000000000000000
2026/08/26 21:27:38.469, 0, 19362 MiB, 100 %, 1935 MHz, 1935 MHz, 168.21 W, 61, P2, 0x0000000000000000
2026/08/26 21:27:39.470, 0, 20502 MiB, 2 %, 1935 MHz, 1935 MHz, 169.33 W, 61, P2, 0x0000000000000000
2026/08/26 21:27:40.470, 0, 20758 MiB, 73 %, 1935 MHz, 1935 MHz, 178.39 W, 62, P2, 0x0000000000000004
2026/08/26 21:27:41.470, 0, 20764 MiB, 85 %, 1935 MHz, 1935 MHz, 199.91 W, 62, P2, 0x0000000000000000
2026/08/26 21:27:42.470, 0, 20764 MiB, 85 %, 1935 MHz, 1935 MHz, 201.78 W, 62, P2, 0x0000000000000000
2026/08/26 21:27:43.470, 0, 20764 MiB, 84 %, 1935 MHz, 1935 MHz, 202.44 W, 62, P2, 0x0000000000000000
2026/08/26 21:27:44.470, 0, 20764 MiB, 83 %, 1935 MHz, 1935 MHz, 201.72 W, 62, P2, 0x0000000000000000
2026/08/26 21:27:45.470, 0, 20764 MiB, 84 %, 1935 MHz, 1935 MHz, 201.99 W, 62, P2, 0x0000000000000000
2026/08/26 21:27:46.471, 0, 20764 MiB, 85 %, 1935 MHz, 1935 MHz, 201.47 W, 62, P2, 0x0000000000000000
2026/08/26 21:27:47.471, 0, 20764 MiB, 85 %, 1935 MHz, 1935 MHz, 200.73 W, 62, P2, 0x0000000000000000
2026/08/26 21:27:48.471, 0, 20764 MiB, 85 %, 1935 MHz, 1935 MHz, 201.12 W, 62, P2, 0x0000000000000000
2026/08/26 21:27:49.471, 0, 20764 MiB, 86 %, 1935 MHz, 1935 MHz, 202.53 W, 62, P2, 0x0000000000000000
2026/08/26 21:27:50.471, 0, 20764 MiB, 84 %, 1935 MHz, 1935 MHz, 202.07 W, 62, P2, 0x0000000000000000
2026/08/26 21:27:51.471, 0, 20764 MiB, 84 %, 1935 MHz, 1935 MHz, 199.79 W, 62, P2, 0x0000000000000000
2026/08/26 21:27:52.472, 0, 20764 MiB, 82 %, 1935 MHz, 1935 MHz, 201.53 W, 61, P2, 0x0000000000000000
2026/08/26 21:27:53.472, 0, 20764 MiB, 85 %, 1935 MHz, 1935 MHz, 201.71 W, 62, P2, 0x0000000000000000
2026/08/26 21:27:54.472, 0, 20764 MiB, 83 %, 1935 MHz, 1935 MHz, 201.62 W, 61, P2, 0x0000000000000000
2026/08/26 21:27:55.472, 0, 20764 MiB, 84 %, 1935 MHz, 1935 MHz, 201.43 W, 61, P2, 0x0000000000000000
2026/08/26 21:27:56.472, 0, 20764 MiB, 86 %, 1935 MHz, 1935 MHz, 200.24 W, 62, P2, 0x0000000000000000
2026/08/26 21:27:57.472, 0, 20764 MiB, 84 %, 1935 MHz, 1935 MHz, 201.31 W, 61, P2, 0x0000000000000000
2026/08/26 21:27:58.472, 0, 20764 MiB, 83 %, 1935 MHz, 1935 MHz, 200.29 W, 61, P2, 0x0000000000000000
2026/08/26 21:27:59.472, 0, 20764 MiB, 78 %, 1935 MHz, 1935 MHz, 200.79 W, 61, P2, 0x0000000000000000
2026/08/26 21:28:00.473, 0, 20764 MiB, 84 %, 1935 MHz, 1935 MHz, 200.79 W, 61, P2, 0x0000000000000000
2026/08/26 21:28:01.473, 0, 20764 MiB, 43 %, 1935 MHz, 1935 MHz, 199.61 W, 60, P2, 0x0000000000000000
2026/08/26 21:28:02.473, 0, 20764 MiB, 84 %, 1950 MHz, 1950 MHz, 193.65 W, 61, P2, 0x0000000000000000
2026/08/26 21:28:03.473, 0, 20764 MiB, 83 %, 1950 MHz, 1950 MHz, 200.26 W, 61, P2, 0x0000000000000000
2026/08/26 21:28:04.473, 0, 20764 MiB, 83 %, 1950 MHz, 1950 MHz, 199.70 W, 60, P2, 0x0000000000000000
2026/08/26 21:28:05.474, 0, 20764 MiB, 84 %, 1950 MHz, 1950 MHz, 200.85 W, 61, P2, 0x0000000000000000
2026/08/26 21:28:06.474, 0, 20764 MiB, 85 %, 1950 MHz, 1950 MHz, 198.48 W, 61, P2, 0x0000000000000000
2026/08/26 21:28:07.474, 0, 20764 MiB, 84 %, 1950 MHz, 1950 MHz, 199.92 W, 61, P2, 0x0000000000000000
2026/08/26 21:28:08.474, 0, 20764 MiB, 84 %, 1950 MHz, 1950 MHz, 199.94 W, 61, P2, 0x0000000000000000
2026/08/26 21:28:09.474, 0, 20764 MiB, 84 %, 1950 MHz, 1950 MHz, 199.96 W, 60, P2, 0x0000000000000000
2026/08/26 21:28:10.475, 0, 20764 MiB, 83 %, 1950 MHz, 1950 MHz, 198.48 W, 61, P2, 0x0000000000000000
2026/08/26 21:28:11.475, 0, 20764 MiB, 82 %, 1950 MHz, 1950 MHz, 200.52 W, 61, P2, 0x0000000000000000
2026/08/26 21:28:12.475, 0, 20764 MiB, 85 %, 1950 MHz, 1950 MHz, 199.38 W, 61, P2, 0x0000000000000000
2026/08/26 21:28:13.475, 0, 20768 MiB, 82 %, 1950 MHz, 1950 MHz, 193.29 W, 60, P2, 0x0000000000000000
2026/08/26 21:28:14.475, 0, 20768 MiB, 85 %, 1950 MHz, 1950 MHz, 201.59 W, 61, P2, 0x0000000000000000
2026/08/26 21:28:15.476, 0, 20768 MiB, 83 %, 1950 MHz, 1950 MHz, 201.63 W, 60, P2, 0x0000000000000000
2026/08/26 21:28:16.476, 0, 20768 MiB, 83 %, 1950 MHz, 1950 MHz, 202.39 W, 60, P2, 0x0000000000000000
2026/08/26 21:28:17.476, 0, 20768 MiB, 85 %, 1950 MHz, 1950 MHz, 202.28 W, 60, P2, 0x0000000000000000
2026/08/26 21:28:18.476, 0, 20768 MiB, 83 %, 1950 MHz, 1950 MHz, 201.93 W, 60, P2, 0x0000000000000000
2026/08/26 21:28:19.476, 0, 20768 MiB, 83 %, 1950 MHz, 1950 MHz, 202.58 W, 60, P2, 0x0000000000000000
2026/08/26 21:28:20.477, 0, 20768 MiB, 83 %, 1950 MHz, 1950 MHz, 202.12 W, 60, P2, 0x0000000000000000
2026/08/26 21:28:21.477, 0, 20768 MiB, 85 %, 1950 MHz, 1950 MHz, 202.05 W, 60, P2, 0x0000000000000000
2026/08/26 21:28:22.477, 0, 20768 MiB, 83 %, 1950 MHz, 1950 MHz, 202.53 W, 60, P2, 0x0000000000000000
2026/08/26 21:28:23.477, 0, 20768 MiB, 84 %, 1950 MHz, 1950 MHz, 201.80 W, 60, P2, 0x0000000000000000
2026/08/26 21:28:24.477, 0, 20768 MiB, 82 %, 1950 MHz, 1950 MHz, 195.82 W, 60, P2, 0x0000000000000000
2026/08/26 21:28:25.477, 0, 20768 MiB, 83 %, 1950 MHz, 1950 MHz, 199.04 W, 60, P2, 0x0000000000000000
2026/08/26 21:28:26.478, 0, 20768 MiB, 83 %, 1950 MHz, 1950 MHz, 198.91 W, 60, P2, 0x0000000000000000
2026/08/26 21:28:27.478, 0, 20768 MiB, 83 %, 1950 MHz, 1950 MHz, 198.65 W, 60, P2, 0x0000000000000000
2026/08/26 21:28:28.478, 0, 20768 MiB, 83 %, 1950 MHz, 1950 MHz, 198.51 W, 60, P2, 0x0000000000000000
2026/08/26 21:28:29.478, 0, 20768 MiB, 84 %, 1950 MHz, 1950 MHz, 198.67 W, 60, P2, 0x0000000000000000
2026/08/26 21:28:30.478, 0, 20768 MiB, 83 %, 1950 MHz, 1950 MHz, 198.22 W, 60, P2, 0x0000000000000000
2026/08/26 21:28:31.478, 0, 20768 MiB, 83 %, 1950 MHz, 1950 MHz, 197.62 W, 60, P2, 0x0000000000000000
2026/08/26 21:28:32.478, 0, 20768 MiB, 83 %, 1950 MHz, 1950 MHz, 197.67 W, 60, P2, 0x0000000000000000
2026/08/26 21:28:33.480, 0, 20768 MiB, 82 %, 1950 MHz, 1950 MHz, 197.37 W, 59, P2, 0x0000000000000000
2026/08/26 21:28:34.480, 0, 20774 MiB, 100 %, 1950 MHz, 1950 MHz, 196.13 W, 59, P2, 0x0000000000000004
2026/08/26 21:28:35.480, 0, 20776 MiB, 84 %, 1950 MHz, 1950 MHz, 186.43 W, 59, P2, 0x0000000000000000
2026/08/26 21:28:36.480, 0, 20776 MiB, 85 %, 1950 MHz, 1950 MHz, 196.88 W, 60, P2, 0x0000000000000000
2026/08/26 21:28:37.480, 0, 20776 MiB, 83 %, 1950 MHz, 1950 MHz, 197.41 W, 60, P2, 0x0000000000000000
2026/08/26 21:28:38.480, 0, 20776 MiB, 84 %, 1950 MHz, 1950 MHz, 197.96 W, 60, P2, 0x0000000000000000
2026/08/26 21:28:39.480, 0, 20776 MiB, 84 %, 1950 MHz, 1950 MHz, 197.55 W, 60, P2, 0x0000000000000000
2026/08/26 21:28:40.481, 0, 20776 MiB, 84 %, 1950 MHz, 1950 MHz, 196.92 W, 60, P2, 0x0000000000000000
2026/08/26 21:28:41.481, 0, 20776 MiB, 83 %, 1950 MHz, 1950 MHz, 198.12 W, 59, P2, 0x0000000000000000
2026/08/26 21:28:42.481, 0, 20776 MiB, 86 %, 1950 MHz, 1950 MHz, 197.59 W, 60, P2, 0x0000000000000000
2026/08/26 21:28:43.481, 0, 20776 MiB, 85 %, 1950 MHz, 1950 MHz, 196.86 W, 60, P2, 0x0000000000000000
2026/08/26 21:28:44.481, 0, 20776 MiB, 64 %, 1950 MHz, 1950 MHz, 198.38 W, 60, P2, 0x0000000000000000
2026/08/26 21:28:45.481, 0, 20776 MiB, 85 %, 1950 MHz, 1950 MHz, 195.58 W, 60, P2, 0x0000000000000000
2026/08/26 21:28:46.481, 0, 20776 MiB, 85 %, 1950 MHz, 1950 MHz, 196.21 W, 60, P2, 0x0000000000000000
2026/08/26 21:28:47.482, 0, 20776 MiB, 83 %, 1950 MHz, 1950 MHz, 197.16 W, 59, P2, 0x0000000000000000
2026/08/26 21:28:48.482, 0, 20776 MiB, 85 %, 1950 MHz, 1950 MHz, 197.77 W, 60, P2, 0x0000000000000000
2026/08/26 21:28:49.482, 0, 20776 MiB, 84 %, 1950 MHz, 1950 MHz, 197.56 W, 60, P2, 0x0000000000000000
2026/08/26 21:28:50.482, 0, 20776 MiB, 84 %, 1950 MHz, 1950 MHz, 197.97 W, 60, P2, 0x0000000000000000
2026/08/26 21:28:51.482, 0, 20776 MiB, 84 %, 1950 MHz, 1950 MHz, 198.33 W, 60, P2, 0x0000000000000000
2026/08/26 21:28:52.482, 0, 20776 MiB, 82 %, 1950 MHz, 1950 MHz, 197.55 W, 60, P2, 0x0000000000000000
2026/08/26 21:28:53.482, 0, 20776 MiB, 84 %, 1950 MHz, 1950 MHz, 197.27 W, 60, P2, 0x0000000000000000
2026/08/26 21:28:54.483, 0, 20776 MiB, 84 %, 1950 MHz, 1950 MHz, 197.66 W, 59, P2, 0x0000000000000000
2026/08/26 21:28:55.483, 0, 20776 MiB, 83 %, 1950 MHz, 1950 MHz, 197.97 W, 60, P2, 0x0000000000000000
2026/08/26 21:28:56.483, 0, 20776 MiB, 84 %, 1950 MHz, 1950 MHz, 197.56 W, 59, P2, 0x0000000000000000
2026/08/26 21:28:57.483, 0, 20776 MiB, 85 %, 1950 MHz, 1950 MHz, 196.98 W, 60, P2, 0x0000000000000000
2026/08/26 21:28:58.483, 0, 20776 MiB, 84 %, 1950 MHz, 1950 MHz, 196.73 W, 59, P2, 0x0000000000000000
2026/08/26 21:28:59.483, 0, 20776 MiB, 84 %, 1950 MHz, 1950 MHz, 197.33 W, 59, P2, 0x0000000000000000
2026/08/26 21:29:00.484, 0, 20776 MiB, 82 %, 1950 MHz, 1950 MHz, 196.42 W, 59, P2, 0x0000000000000000
2026/08/26 21:29:01.484, 0, 20776 MiB, 85 %, 1950 MHz, 1950 MHz, 196.60 W, 59, P2, 0x0000000000000000
2026/08/26 21:29:02.484, 0, 20776 MiB, 83 %, 1950 MHz, 1950 MHz, 196.60 W, 59, P2, 0x0000000000000000
2026/08/26 21:29:03.484, 0, 20776 MiB, 83 %, 1950 MHz, 1950 MHz, 197.41 W, 59, P2, 0x0000000000000000
2026/08/26 21:29:04.484, 0, 20776 MiB, 24 %, 1950 MHz, 1950 MHz, 195.79 W, 59, P2, 0x0000000000000000
2026/08/26 21:29:05.485, 0, 20776 MiB, 84 %, 1950 MHz, 1950 MHz, 198.60 W, 60, P2, 0x0000000000000000
2026/08/26 21:29:06.485, 0, 20776 MiB, 83 %, 1950 MHz, 1950 MHz, 197.97 W, 59, P2, 0x0000000000000000
2026/08/26 21:29:07.485, 0, 20776 MiB, 83 %, 1950 MHz, 1950 MHz, 197.37 W, 59, P2, 0x0000000000000000
2026/08/26 21:29:08.485, 0, 20776 MiB, 82 %, 1950 MHz, 1950 MHz, 196.40 W, 60, P2, 0x0000000000000000
2026/08/26 21:29:09.485, 0, 20776 MiB, 84 %, 1950 MHz, 1950 MHz, 198.40 W, 59, P2, 0x0000000000000000
2026/08/26 21:29:10.486, 0, 20776 MiB, 83 %, 1950 MHz, 1950 MHz, 197.25 W, 59, P2, 0x0000000000000000
2026/08/26 21:29:11.486, 0, 20776 MiB, 83 %, 1950 MHz, 1950 MHz, 197.11 W, 60, P2, 0x0000000000000000
2026/08/26 21:29:12.486, 0, 20776 MiB, 85 %, 1950 MHz, 1950 MHz, 197.60 W, 59, P2, 0x0000000000000000
2026/08/26 21:29:13.486, 0, 20776 MiB, 82 %, 1950 MHz, 1950 MHz, 196.73 W, 59, P2, 0x0000000000000000
2026/08/26 21:29:14.486, 0, 20776 MiB, 83 %, 1950 MHz, 1950 MHz, 198.51 W, 59, P2, 0x0000000000000000
2026/08/26 21:29:15.487, 0, 20776 MiB, 84 %, 1950 MHz, 1950 MHz, 197.57 W, 59, P2, 0x0000000000000000
2026/08/26 21:29:16.487, 0, 20776 MiB, 82 %, 1950 MHz, 1950 MHz, 193.61 W, 59, P2, 0x0000000000000000
2026/08/26 21:29:17.487, 0, 20776 MiB, 85 %, 1950 MHz, 1950 MHz, 199.59 W, 59, P2, 0x0000000000000000
2026/08/26 21:29:18.487, 0, 20776 MiB, 85 %, 1950 MHz, 1950 MHz, 197.61 W, 60, P2, 0x0000000000000000
2026/08/26 21:29:19.487, 0, 20776 MiB, 84 %, 1950 MHz, 1950 MHz, 199.44 W, 59, P2, 0x0000000000000000
2026/08/26 21:29:20.488, 0, 20776 MiB, 82 %, 1950 MHz, 1950 MHz, 198.76 W, 59, P2, 0x0000000000000000
2026/08/26 21:29:21.488, 0, 20776 MiB, 84 %, 1950 MHz, 1950 MHz, 200.43 W, 59, P2, 0x0000000000000000
2026/08/26 21:29:22.488, 0, 20776 MiB, 83 %, 1950 MHz, 1950 MHz, 198.46 W, 59, P2, 0x0000000000000000
2026/08/26 21:29:23.488, 0, 20776 MiB, 84 %, 1950 MHz, 1950 MHz, 200.37 W, 60, P2, 0x0000000000000000
2026/08/26 21:29:24.488, 0, 20776 MiB, 85 %, 1950 MHz, 1950 MHz, 197.59 W, 60, P2, 0x0000000000000000
2026/08/26 21:29:25.489, 0, 20776 MiB, 84 %, 1950 MHz, 1950 MHz, 198.70 W, 60, P2, 0x0000000000000000
2026/08/26 21:29:26.489, 0, 20776 MiB, 84 %, 1950 MHz, 1950 MHz, 198.96 W, 59, P2, 0x0000000000000000
2026/08/26 21:29:27.489, 0, 20776 MiB, 84 %, 1950 MHz, 1950 MHz, 197.15 W, 59, P2, 0x0000000000000000
2026/08/26 21:29:28.489, 0, 20776 MiB, 83 %, 1950 MHz, 1950 MHz, 198.05 W, 59, P2, 0x0000000000000000
2026/08/26 21:29:29.489, 0, 20776 MiB, 84 %, 1950 MHz, 1950 MHz, 199.15 W, 59, P2, 0x0000000000000000
2026/08/26 21:29:30.490, 0, 20776 MiB, 84 %, 1950 MHz, 1950 MHz, 198.59 W, 60, P2, 0x0000000000000000
2026/08/26 21:29:31.490, 0, 20776 MiB, 84 %, 1950 MHz, 1950 MHz, 197.98 W, 60, P2, 0x0000000000000000
2026/08/26 21:29:32.490, 0, 20776 MiB, 84 %, 1950 MHz, 1950 MHz, 199.46 W, 60, P2, 0x0000000000000000
2026/08/26 21:29:33.490, 0, 20776 MiB, 84 %, 1950 MHz, 1950 MHz, 199.15 W, 59, P2, 0x0000000000000000
2026/08/26 21:29:34.490, 0, 20776 MiB, 85 %, 1950 MHz, 1950 MHz, 198.64 W, 59, P2, 0x0000000000000000
2026/08/26 21:29:35.490, 0, 20776 MiB, 82 %, 1950 MHz, 1950 MHz, 198.49 W, 59, P2, 0x0000000000000000
2026/08/26 21:29:36.491, 0, 20776 MiB, 83 %, 1950 MHz, 1950 MHz, 199.41 W, 59, P2, 0x0000000000000000
2026/08/26 21:29:37.491, 0, 398 MiB, 100 %, 1950 MHz, 1950 MHz, 188.95 W, 58, P2, 0x0000000000000000
2026/08/26 21:29:38.491, 0, 598 MiB, 0 %, 1950 MHz, 1950 MHz, 167.16 W, 58, P2, 0x0000000000000000
2026/08/26 21:29:39.491, 0, 346 MiB, 0 %, 1950 MHz, 1950 MHz, 151.28 W, 57, P2, 0x0000000000000000
2026/08/26 21:29:40.491, 0, 346 MiB, 8 %, 1695 MHz, 1695 MHz, 150.31 W, 56, P2, 0x0000000000000000
2026/08/26 21:29:41.491, 0, 19362 MiB, 65 %, 1695 MHz, 1695 MHz, 126.13 W, 56, P2, 0x0000000000000000
2026/08/26 21:29:42.491, 0, 19362 MiB, 100 %, 1950 MHz, 1950 MHz, 149.74 W, 57, P2, 0x0000000000000000
2026/08/26 21:29:43.491, 0, 19362 MiB, 100 %, 1950 MHz, 1950 MHz, 161.44 W, 57, P2, 0x0000000000000000
2026/08/26 21:29:44.492, 0, 19362 MiB, 100 %, 1950 MHz, 1950 MHz, 160.33 W, 57, P2, 0x0000000000000000
2026/08/26 21:29:45.492, 0, 19362 MiB, 100 %, 1950 MHz, 1950 MHz, 161.43 W, 57, P2, 0x0000000000000000
2026/08/26 21:29:46.492, 0, 19362 MiB, 100 %, 1950 MHz, 1950 MHz, 160.96 W, 57, P2, 0x0000000000000000
2026/08/26 21:29:47.492, 0, 19362 MiB, 100 %, 1950 MHz, 1950 MHz, 160.04 W, 57, P2, 0x0000000000000000
2026/08/26 21:29:48.492, 0, 19362 MiB, 100 %, 1950 MHz, 1950 MHz, 161.10 W, 57, P2, 0x0000000000000000
2026/08/26 21:29:49.492, 0, 19362 MiB, 99 %, 1950 MHz, 1950 MHz, 160.57 W, 57, P2, 0x0000000000000000
2026/08/26 21:29:50.493, 0, 19362 MiB, 100 %, 1950 MHz, 1950 MHz, 160.85 W, 57, P2, 0x0000000000000000
2026/08/26 21:29:51.493, 0, 19362 MiB, 99 %, 1950 MHz, 1950 MHz, 160.04 W, 57, P2, 0x0000000000000000
2026/08/26 21:29:52.493, 0, 20004 MiB, 100 %, 1950 MHz, 1950 MHz, 160.95 W, 57, P2, 0x0000000000000000
2026/08/26 21:29:53.493, 0, 20744 MiB, 24 %, 1950 MHz, 1950 MHz, 166.25 W, 57, P2, 0x0000000000000000
2026/08/26 21:29:54.493, 0, 20768 MiB, 78 %, 1950 MHz, 1950 MHz, 218.22 W, 60, P2, 0x0000000000000000
2026/08/26 21:29:55.493, 0, 20770 MiB, 83 %, 1950 MHz, 1950 MHz, 222.79 W, 59, P2, 0x0000000000000000
2026/08/26 21:29:56.493, 0, 20770 MiB, 84 %, 1950 MHz, 1950 MHz, 223.90 W, 60, P2, 0x0000000000000000
2026/08/26 21:29:57.494, 0, 20770 MiB, 82 %, 1950 MHz, 1950 MHz, 222.54 W, 60, P2, 0x0000000000000000
2026/08/26 21:29:58.494, 0, 20770 MiB, 82 %, 1950 MHz, 1950 MHz, 218.94 W, 60, P2, 0x0000000000000000
2026/08/26 21:29:59.494, 0, 20770 MiB, 84 %, 1950 MHz, 1950 MHz, 219.61 W, 59, P2, 0x0000000000000000
2026/08/26 21:30:00.494, 0, 20770 MiB, 84 %, 1950 MHz, 1950 MHz, 223.57 W, 60, P2, 0x0000000000000000
2026/08/26 21:30:01.494, 0, 20770 MiB, 81 %, 1950 MHz, 1950 MHz, 225.35 W, 60, P2, 0x0000000000000000
2026/08/26 21:30:02.494, 0, 20774 MiB, 84 %, 1950 MHz, 1950 MHz, 220.44 W, 60, P2, 0x0000000000000000
2026/08/26 21:30:03.494, 0, 20774 MiB, 83 %, 1950 MHz, 1950 MHz, 220.54 W, 60, P2, 0x0000000000000000
2026/08/26 21:30:04.495, 0, 20774 MiB, 84 %, 1950 MHz, 1950 MHz, 221.56 W, 61, P2, 0x0000000000000000
2026/08/26 21:30:05.495, 0, 20774 MiB, 82 %, 1950 MHz, 1950 MHz, 214.88 W, 61, P2, 0x0000000000000000
2026/08/26 21:30:06.495, 0, 20774 MiB, 80 %, 1950 MHz, 1950 MHz, 223.45 W, 60, P2, 0x0000000000000000
2026/08/26 21:30:07.495, 0, 20774 MiB, 79 %, 1950 MHz, 1950 MHz, 225.47 W, 61, P2, 0x0000000000000000
2026/08/26 21:30:08.495, 0, 20774 MiB, 83 %, 1950 MHz, 1950 MHz, 220.79 W, 60, P2, 0x0000000000000000
2026/08/26 21:30:09.495, 0, 20774 MiB, 84 %, 1950 MHz, 1950 MHz, 225.01 W, 61, P2, 0x0000000000000004
2026/08/26 21:30:10.496, 0, 20774 MiB, 83 %, 1950 MHz, 1950 MHz, 225.55 W, 61, P2, 0x0000000000000000
2026/08/26 21:30:11.496, 0, 20774 MiB, 83 %, 1950 MHz, 1950 MHz, 220.16 W, 61, P2, 0x0000000000000000
2026/08/26 21:30:12.496, 0, 20774 MiB, 83 %, 1950 MHz, 1950 MHz, 224.83 W, 61, P2, 0x0000000000000000
2026/08/26 21:30:13.496, 0, 20774 MiB, 80 %, 1950 MHz, 1950 MHz, 222.85 W, 61, P2, 0x0000000000000000
2026/08/26 21:30:14.496, 0, 20774 MiB, 83 %, 1950 MHz, 1950 MHz, 225.86 W, 61, P2, 0x0000000000000000
2026/08/26 21:30:15.497, 0, 20774 MiB, 84 %, 1950 MHz, 1950 MHz, 212.84 W, 61, P2, 0x0000000000000000
2026/08/26 21:30:16.497, 0, 20774 MiB, 82 %, 1950 MHz, 1950 MHz, 224.43 W, 61, P2, 0x0000000000000000
2026/08/26 21:30:17.497, 0, 20774 MiB, 80 %, 1950 MHz, 1950 MHz, 225.65 W, 61, P2, 0x0000000000000000
2026/08/26 21:30:18.497, 0, 20774 MiB, 85 %, 1950 MHz, 1950 MHz, 222.87 W, 61, P2, 0x0000000000000000
2026/08/26 21:30:19.498, 0, 20774 MiB, 83 %, 1950 MHz, 1950 MHz, 222.19 W, 61, P2, 0x0000000000000000
2026/08/26 21:30:20.498, 0, 20774 MiB, 82 %, 1950 MHz, 1950 MHz, 223.91 W, 61, P2, 0x0000000000000000
2026/08/26 21:30:21.498, 0, 20774 MiB, 87 %, 1950 MHz, 1950 MHz, 218.89 W, 61, P2, 0x0000000000000000
2026/08/26 21:30:22.498, 0, 20774 MiB, 86 %, 1950 MHz, 1950 MHz, 220.88 W, 61, P2, 0x0000000000000000
2026/08/26 21:30:23.498, 0, 20774 MiB, 81 %, 1950 MHz, 1950 MHz, 223.42 W, 61, P2, 0x0000000000000000
2026/08/26 21:30:24.499, 0, 20774 MiB, 83 %, 1950 MHz, 1950 MHz, 220.80 W, 62, P2, 0x0000000000000000
2026/08/26 21:30:25.499, 0, 20774 MiB, 80 %, 1950 MHz, 1950 MHz, 223.00 W, 61, P2, 0x0000000000000000
2026/08/26 21:30:26.499, 0, 20774 MiB, 85 %, 1950 MHz, 1950 MHz, 225.13 W, 61, P2, 0x0000000000000000
2026/08/26 21:30:27.499, 0, 20774 MiB, 81 %, 1950 MHz, 1950 MHz, 213.67 W, 61, P2, 0x0000000000000000
2026/08/26 21:30:28.499, 0, 20774 MiB, 85 %, 1950 MHz, 1950 MHz, 224.79 W, 62, P2, 0x0000000000000000
2026/08/26 21:30:29.500, 0, 20774 MiB, 83 %, 1950 MHz, 1950 MHz, 225.80 W, 61, P2, 0x0000000000000000
2026/08/26 21:30:30.500, 0, 20774 MiB, 84 %, 1950 MHz, 1950 MHz, 224.57 W, 62, P2, 0x0000000000000000
2026/08/26 21:30:31.500, 0, 20774 MiB, 84 %, 1950 MHz, 1950 MHz, 221.00 W, 61, P2, 0x0000000000000000
2026/08/26 21:30:32.500, 0, 20774 MiB, 83 %, 1950 MHz, 1950 MHz, 224.37 W, 62, P2, 0x0000000000000000
2026/08/26 21:30:33.501, 0, 20774 MiB, 80 %, 1950 MHz, 1950 MHz, 224.46 W, 62, P2, 0x0000000000000000
2026/08/26 21:30:34.501, 0, 20774 MiB, 78 %, 1950 MHz, 1950 MHz, 225.85 W, 62, P2, 0x0000000000000000
2026/08/26 21:30:35.501, 0, 20774 MiB, 84 %, 1950 MHz, 1950 MHz, 223.77 W, 62, P2, 0x0000000000000000
2026/08/26 21:30:36.501, 0, 20774 MiB, 83 %, 1950 MHz, 1950 MHz, 224.64 W, 62, P2, 0x0000000000000000
2026/08/26 21:30:37.501, 0, 20774 MiB, 71 %, 1950 MHz, 1950 MHz, 209.44 W, 61, P2, 0x0000000000000000
2026/08/26 21:30:38.502, 0, 20774 MiB, 83 %, 1950 MHz, 1950 MHz, 223.93 W, 62, P2, 0x0000000000000000
2026/08/26 21:30:39.502, 0, 20774 MiB, 81 %, 1950 MHz, 1950 MHz, 225.54 W, 62, P2, 0x0000000000000000
2026/08/26 21:30:40.502, 0, 20774 MiB, 82 %, 1950 MHz, 1950 MHz, 226.14 W, 62, P2, 0x0000000000000000
2026/08/26 21:30:41.502, 0, 20774 MiB, 83 %, 1950 MHz, 1950 MHz, 225.50 W, 62, P2, 0x0000000000000000
2026/08/26 21:30:42.502, 0, 20774 MiB, 79 %, 1950 MHz, 1950 MHz, 227.66 W, 62, P2, 0x0000000000000000
2026/08/26 21:30:43.503, 0, 20774 MiB, 82 %, 1950 MHz, 1950 MHz, 224.34 W, 62, P2, 0x0000000000000000
2026/08/26 21:30:44.503, 0, 20774 MiB, 82 %, 1950 MHz, 1950 MHz, 222.99 W, 62, P2, 0x0000000000000000
2026/08/26 21:30:45.503, 0, 20774 MiB, 80 %, 1950 MHz, 1950 MHz, 222.31 W, 62, P2, 0x0000000000000000
2026/08/26 21:30:46.503, 0, 20774 MiB, 81 %, 1950 MHz, 1950 MHz, 225.62 W, 62, P2, 0x0000000000000000
2026/08/26 21:30:47.504, 0, 20780 MiB, 84 %, 1950 MHz, 1950 MHz, 198.64 W, 62, P2, 0x0000000000000000
2026/08/26 21:30:48.504, 0, 20780 MiB, 77 %, 1950 MHz, 1950 MHz, 229.38 W, 62, P2, 0x0000000000000000
2026/08/26 21:30:49.504, 0, 20780 MiB, 81 %, 1950 MHz, 1950 MHz, 231.48 W, 63, P2, 0x0000000000000000
2026/08/26 21:30:50.504, 0, 20780 MiB, 80 %, 1950 MHz, 1950 MHz, 227.95 W, 63, P2, 0x0000000000000000
2026/08/26 21:30:51.504, 0, 20780 MiB, 84 %, 1950 MHz, 1950 MHz, 224.96 W, 62, P2, 0x0000000000000000
2026/08/26 21:30:52.504, 0, 20780 MiB, 82 %, 1950 MHz, 1950 MHz, 224.92 W, 62, P2, 0x0000000000000000
2026/08/26 21:30:53.505, 0, 20780 MiB, 86 %, 1950 MHz, 1950 MHz, 225.60 W, 62, P2, 0x0000000000000000
2026/08/26 21:30:54.505, 0, 20780 MiB, 80 %, 1950 MHz, 1950 MHz, 223.09 W, 63, P2, 0x0000000000000000
2026/08/26 21:30:55.505, 0, 20780 MiB, 82 %, 1950 MHz, 1950 MHz, 219.86 W, 63, P2, 0x0000000000000000
2026/08/26 21:30:56.505, 0, 20780 MiB, 83 %, 1950 MHz, 1950 MHz, 227.64 W, 63, P2, 0x0000000000000000
2026/08/26 21:30:57.505, 0, 20780 MiB, 83 %, 1950 MHz, 1950 MHz, 225.60 W, 62, P2, 0x0000000000000000
2026/08/26 21:30:58.505, 0, 20780 MiB, 85 %, 1950 MHz, 1950 MHz, 225.88 W, 62, P2, 0x0000000000000000
2026/08/26 21:30:59.506, 0, 20780 MiB, 80 %, 1950 MHz, 1950 MHz, 225.64 W, 62, P2, 0x0000000000000000
2026/08/26 21:31:00.506, 0, 20780 MiB, 84 %, 1950 MHz, 1950 MHz, 223.81 W, 63, P2, 0x0000000000000000
2026/08/26 21:31:01.506, 0, 20780 MiB, 85 %, 1950 MHz, 1950 MHz, 222.81 W, 62, P2, 0x0000000000000000
2026/08/26 21:31:02.506, 0, 20780 MiB, 84 %, 1950 MHz, 1950 MHz, 224.65 W, 62, P2, 0x0000000000000000
2026/08/26 21:31:03.506, 0, 20780 MiB, 77 %, 1950 MHz, 1950 MHz, 230.15 W, 63, P2, 0x0000000000000000
2026/08/26 21:31:04.506, 0, 20780 MiB, 83 %, 1950 MHz, 1950 MHz, 223.78 W, 63, P2, 0x0000000000000000
2026/08/26 21:31:05.506, 0, 20780 MiB, 79 %, 1950 MHz, 1950 MHz, 219.51 W, 63, P2, 0x0000000000000000
2026/08/26 21:31:06.507, 0, 20780 MiB, 81 %, 1950 MHz, 1950 MHz, 225.67 W, 63, P2, 0x0000000000000000
2026/08/26 21:31:07.507, 0, 20780 MiB, 82 %, 1950 MHz, 1950 MHz, 225.64 W, 63, P2, 0x0000000000000000
2026/08/26 21:31:08.507, 0, 20780 MiB, 78 %, 1950 MHz, 1950 MHz, 229.27 W, 63, P2, 0x0000000000000000
2026/08/26 21:31:09.507, 0, 20780 MiB, 81 %, 1950 MHz, 1950 MHz, 224.87 W, 63, P2, 0x0000000000000000
2026/08/26 21:31:10.507, 0, 20780 MiB, 80 %, 1950 MHz, 1950 MHz, 224.46 W, 63, P2, 0x0000000000000000
2026/08/26 21:31:11.508, 0, 20780 MiB, 83 %, 1950 MHz, 1950 MHz, 229.01 W, 64, P2, 0x0000000000000000
2026/08/26 21:31:12.508, 0, 20780 MiB, 29 %, 1950 MHz, 1950 MHz, 222.73 W, 63, P2, 0x0000000000000000
2026/08/26 21:31:13.508, 0, 20780 MiB, 78 %, 1950 MHz, 1950 MHz, 216.59 W, 63, P2, 0x0000000000000000
2026/08/26 21:31:14.508, 0, 20780 MiB, 84 %, 1950 MHz, 1950 MHz, 226.80 W, 63, P2, 0x0000000000000000
2026/08/26 21:31:15.508, 0, 20780 MiB, 78 %, 1950 MHz, 1950 MHz, 226.81 W, 63, P2, 0x0000000000000000
2026/08/26 21:31:16.508, 0, 20780 MiB, 79 %, 1950 MHz, 1950 MHz, 226.82 W, 63, P2, 0x0000000000000000
2026/08/26 21:31:17.509, 0, 20780 MiB, 83 %, 1950 MHz, 1950 MHz, 224.76 W, 63, P2, 0x0000000000000000
2026/08/26 21:31:18.509, 0, 20780 MiB, 84 %, 1950 MHz, 1950 MHz, 226.35 W, 63, P2, 0x0000000000000000
2026/08/26 21:31:19.509, 0, 20780 MiB, 83 %, 1950 MHz, 1950 MHz, 225.00 W, 63, P2, 0x0000000000000000
2026/08/26 21:31:20.509, 0, 20780 MiB, 83 %, 1950 MHz, 1950 MHz, 222.34 W, 63, P2, 0x0000000000000000
2026/08/26 21:31:21.509, 0, 20780 MiB, 83 %, 1950 MHz, 1950 MHz, 223.40 W, 63, P2, 0x0000000000000000
2026/08/26 21:31:22.510, 0, 20780 MiB, 84 %, 1950 MHz, 1950 MHz, 225.05 W, 63, P2, 0x0000000000000000
2026/08/26 21:31:23.510, 0, 20780 MiB, 82 %, 1950 MHz, 1950 MHz, 225.48 W, 63, P2, 0x0000000000000000
2026/08/26 21:31:24.510, 0, 20780 MiB, 82 %, 1950 MHz, 1950 MHz, 218.76 W, 63, P2, 0x0000000000000000
2026/08/26 21:31:25.510, 0, 20780 MiB, 83 %, 1950 MHz, 1950 MHz, 227.67 W, 63, P2, 0x0000000000000000
2026/08/26 21:31:26.510, 0, 20780 MiB, 83 %, 1950 MHz, 1950 MHz, 228.22 W, 63, P2, 0x0000000000000000
2026/08/26 21:31:27.510, 0, 20780 MiB, 84 %, 1950 MHz, 1950 MHz, 224.46 W, 64, P2, 0x0000000000000000
2026/08/26 21:31:28.510, 0, 20780 MiB, 84 %, 1950 MHz, 1950 MHz, 226.65 W, 64, P2, 0x0000000000000000
2026/08/26 21:31:29.511, 0, 20780 MiB, 84 %, 1950 MHz, 1950 MHz, 228.68 W, 63, P2, 0x0000000000000000
2026/08/26 21:31:30.511, 0, 20780 MiB, 84 %, 1950 MHz, 1950 MHz, 226.78 W, 63, P2, 0x0000000000000000
2026/08/26 21:31:31.511, 0, 20780 MiB, 85 %, 1950 MHz, 1950 MHz, 227.50 W, 63, P2, 0x0000000000000000
2026/08/26 21:31:32.511, 0, 20780 MiB, 84 %, 1950 MHz, 1950 MHz, 224.10 W, 63, P2, 0x0000000000000000
2026/08/26 21:31:33.511, 0, 20780 MiB, 81 %, 1950 MHz, 1950 MHz, 223.61 W, 63, P2, 0x0000000000000000
2026/08/26 21:31:34.511, 0, 20780 MiB, 85 %, 1950 MHz, 1950 MHz, 225.76 W, 63, P2, 0x0000000000000000
2026/08/26 21:31:35.512, 0, 20780 MiB, 80 %, 1950 MHz, 1950 MHz, 222.21 W, 64, P2, 0x0000000000000000
2026/08/26 21:31:36.512, 0, 20780 MiB, 75 %, 1950 MHz, 1950 MHz, 214.85 W, 63, P2, 0x0000000000000000
2026/08/26 21:31:37.512, 0, 20780 MiB, 80 %, 1950 MHz, 1950 MHz, 230.48 W, 64, P2, 0x0000000000000000
2026/08/26 21:31:38.512, 0, 20780 MiB, 80 %, 1950 MHz, 1950 MHz, 227.10 W, 64, P2, 0x0000000000000000
2026/08/26 21:31:39.512, 0, 20780 MiB, 77 %, 1950 MHz, 1950 MHz, 229.60 W, 64, P2, 0x0000000000000000
2026/08/26 21:31:40.512, 0, 20780 MiB, 78 %, 1950 MHz, 1950 MHz, 230.10 W, 63, P2, 0x0000000000000000
2026/08/26 21:31:41.512, 0, 20780 MiB, 84 %, 1950 MHz, 1950 MHz, 224.86 W, 64, P2, 0x0000000000000000
2026/08/26 21:31:42.513, 0, 20780 MiB, 79 %, 1950 MHz, 1950 MHz, 226.99 W, 63, P2, 0x0000000000000000
2026/08/26 21:31:43.513, 0, 20780 MiB, 84 %, 1950 MHz, 1950 MHz, 224.82 W, 63, P2, 0x0000000000000000
2026/08/26 21:31:44.513, 0, 20780 MiB, 81 %, 1950 MHz, 1950 MHz, 228.10 W, 64, P2, 0x0000000000000000
2026/08/26 21:31:45.513, 0, 402 MiB, 0 %, 1950 MHz, 1950 MHz, 218.42 W, 62, P2, 0x0000000000000000
2026/08/26 21:31:46.513, 0, 346 MiB, 0 %, 1950 MHz, 1950 MHz, 167.42 W, 61, P2, 0x0000000000000000
2026/08/26 21:31:47.513, 0, 346 MiB, 0 %, 1950 MHz, 1950 MHz, 156.56 W, 60, P2, 0x0000000000000000
2026/08/26 21:31:48.514, 0, 346 MiB, 19 %, 1695 MHz, 1695 MHz, 153.20 W, 60, P2, 0x0000000000000000
2026/08/26 21:31:49.514, 0, 346 MiB, 19 %, 1695 MHz, 1695 MHz, 130.19 W, 59, P2, 0x0000000000000000
2026/08/26 21:31:50.514, 0, 19044 MiB, 100 %, 1950 MHz, 1950 MHz, 135.91 W, 60, P2, 0x0000000000000000
2026/08/26 21:31:51.514, 0, 19044 MiB, 100 %, 1950 MHz, 1950 MHz, 160.19 W, 60, P2, 0x0000000000000000
2026/08/26 21:31:52.514, 0, 19044 MiB, 99 %, 1950 MHz, 1950 MHz, 160.26 W, 60, P2, 0x0000000000000000
2026/08/26 21:31:53.514, 0, 19044 MiB, 100 %, 1950 MHz, 1950 MHz, 163.58 W, 60, P2, 0x0000000000000000
2026/08/26 21:31:54.515, 0, 19044 MiB, 100 %, 1950 MHz, 1950 MHz, 163.59 W, 60, P2, 0x0000000000000000
2026/08/26 21:31:55.515, 0, 19044 MiB, 100 %, 1950 MHz, 1950 MHz, 163.20 W, 60, P2, 0x0000000000000000
2026/08/26 21:31:56.515, 0, 19044 MiB, 99 %, 1950 MHz, 1950 MHz, 163.57 W, 60, P2, 0x0000000000000000
2026/08/26 21:31:57.515, 0, 19044 MiB, 99 %, 1950 MHz, 1950 MHz, 161.34 W, 60, P2, 0x0000000000000000
2026/08/26 21:31:58.515, 0, 19044 MiB, 100 %, 1950 MHz, 1950 MHz, 161.99 W, 60, P2, 0x0000000000000000
2026/08/26 21:31:59.515, 0, 19044 MiB, 100 %, 1950 MHz, 1950 MHz, 163.49 W, 60, P2, 0x0000000000000000
2026/08/26 21:32:00.515, 0, 20188 MiB, 56 %, 1950 MHz, 1950 MHz, 164.07 W, 60, P2, 0x0000000000000000
2026/08/26 21:32:01.516, 0, 22234 MiB, 0 %, 1950 MHz, 1950 MHz, 163.62 W, 59, P2, 0x0000000000000000
2026/08/26 21:32:02.516, 0, 22270 MiB, 76 %, 1950 MHz, 1950 MHz, 268.16 W, 65, P2, 0x0000000000000004
2026/08/26 21:32:03.516, 0, 22270 MiB, 73 %, 1935 MHz, 1935 MHz, 316.94 W, 66, P2, 0x0000000000000000
2026/08/26 21:32:04.516, 0, 22270 MiB, 76 %, 1935 MHz, 1935 MHz, 293.61 W, 66, P2, 0x0000000000000000
2026/08/26 21:32:05.516, 0, 22270 MiB, 79 %, 1935 MHz, 1935 MHz, 325.76 W, 67, P2, 0x0000000000000000
2026/08/26 21:32:06.516, 0, 22270 MiB, 63 %, 1935 MHz, 1935 MHz, 293.62 W, 64, P2, 0x0000000000000000
2026/08/26 21:32:07.516, 0, 22270 MiB, 78 %, 1935 MHz, 1935 MHz, 313.35 W, 67, P2, 0x0000000000000000
2026/08/26 21:32:08.516, 0, 22270 MiB, 78 %, 1935 MHz, 1935 MHz, 323.60 W, 68, P2, 0x0000000000000004
2026/08/26 21:32:09.517, 0, 22286 MiB, 80 %, 1935 MHz, 1935 MHz, 280.56 W, 67, P2, 0x0000000000000004
2026/08/26 21:32:10.517, 0, 22286 MiB, 79 %, 1935 MHz, 1935 MHz, 320.41 W, 68, P2, 0x0000000000000004
2026/08/26 21:32:11.517, 0, 22286 MiB, 44 %, 1935 MHz, 1935 MHz, 286.39 W, 65, P2, 0x0000000000000000
2026/08/26 21:32:12.517, 0, 22286 MiB, 76 %, 1935 MHz, 1935 MHz, 312.84 W, 68, P2, 0x0000000000000000
2026/08/26 21:32:13.517, 0, 22286 MiB, 36 %, 1935 MHz, 1935 MHz, 313.52 W, 65, P2, 0x0000000000000000
2026/08/26 21:32:14.517, 0, 22292 MiB, 75 %, 1935 MHz, 1935 MHz, 220.48 W, 67, P2, 0x0000000000000000
2026/08/26 21:32:15.517, 0, 22292 MiB, 76 %, 1935 MHz, 1935 MHz, 318.14 W, 68, P2, 0x0000000000000004
2026/08/26 21:32:16.518, 0, 22292 MiB, 67 %, 1935 MHz, 1935 MHz, 295.62 W, 66, P2, 0x0000000000000004
2026/08/26 21:32:17.518, 0, 22292 MiB, 76 %, 1935 MHz, 1935 MHz, 310.72 W, 69, P2, 0x0000000000000004
2026/08/26 21:32:18.518, 0, 22292 MiB, 74 %, 1935 MHz, 1935 MHz, 320.99 W, 69, P2, 0x0000000000000004
2026/08/26 21:32:19.518, 0, 22292 MiB, 75 %, 1935 MHz, 1935 MHz, 288.63 W, 69, P2, 0x0000000000000000
2026/08/26 21:32:20.518, 0, 22292 MiB, 76 %, 1935 MHz, 1935 MHz, 322.64 W, 69, P2, 0x0000000000000000
2026/08/26 21:32:21.518, 0, 22292 MiB, 77 %, 1935 MHz, 1935 MHz, 298.00 W, 70, P2, 0x0000000000000000
2026/08/26 21:32:22.518, 0, 22292 MiB, 78 %, 1935 MHz, 1935 MHz, 321.32 W, 69, P2, 0x0000000000000004
2026/08/26 21:32:23.518, 0, 22292 MiB, 68 %, 1935 MHz, 1935 MHz, 291.36 W, 68, P2, 0x0000000000000004
2026/08/26 21:32:24.519, 0, 22292 MiB, 77 %, 1935 MHz, 1935 MHz, 313.13 W, 70, P2, 0x0000000000000004
2026/08/26 21:32:25.519, 0, 22292 MiB, 78 %, 1935 MHz, 1935 MHz, 319.32 W, 70, P2, 0x0000000000000004
2026/08/26 21:32:26.519, 0, 22292 MiB, 77 %, 1935 MHz, 1935 MHz, 291.24 W, 69, P2, 0x0000000000000004
2026/08/26 21:32:27.519, 0, 22292 MiB, 81 %, 1935 MHz, 1935 MHz, 323.16 W, 71, P2, 0x0000000000000004
2026/08/26 21:32:28.519, 0, 22292 MiB, 34 %, 1935 MHz, 1935 MHz, 315.57 W, 68, P2, 0x0000000000000000
2026/08/26 21:32:29.519, 0, 346 MiB, 34 %, 1935 MHz, 1935 MHz, 249.95 W, 66, P2, 0x0000000000000000
2026/08/26 21:32:30.673, 0, 346 MiB, 0 %, 1935 MHz, 1935 MHz, 174.40 W, 64, P2, 0x0000000000000000
2026/08/26 21:32:31.674, 0, 346 MiB, 0 %, 1695 MHz, 1695 MHz, 169.14 W, 64, P2, 0x0000000000000000
2026/08/26 21:32:32.674, 0, 346 MiB, 0 %, 1695 MHz, 1695 MHz, 137.77 W, 61, P2, 0x0000000000000000
2026/08/26 21:32:33.674, 0, 17618 MiB, 0 %, 1935 MHz, 1935 MHz, 146.99 W, 61, P2, 0x0000000000000000
2026/08/26 21:32:34.674, 0, 17618 MiB, 100 %, 1935 MHz, 1935 MHz, 166.74 W, 62, P2, 0x0000000000000000
2026/08/26 21:32:35.674, 0, 17618 MiB, 100 %, 1935 MHz, 1935 MHz, 168.36 W, 62, P2, 0x0000000000000000
2026/08/26 21:32:36.676, 0, 17618 MiB, 100 %, 1935 MHz, 1935 MHz, 167.22 W, 62, P2, 0x0000000000000000
2026/08/26 21:32:37.676, 0, 17618 MiB, 100 %, 1935 MHz, 1935 MHz, 167.25 W, 62, P2, 0x0000000000000000
2026/08/26 21:32:38.676, 0, 17618 MiB, 99 %, 1935 MHz, 1935 MHz, 165.54 W, 61, P2, 0x0000000000000000
2026/08/26 21:32:39.676, 0, 17618 MiB, 99 %, 1935 MHz, 1935 MHz, 166.64 W, 61, P2, 0x0000000000000000
2026/08/26 21:32:40.677, 0, 17618 MiB, 100 %, 1935 MHz, 1935 MHz, 166.67 W, 61, P2, 0x0000000000000000
2026/08/26 21:32:41.677, 0, 17618 MiB, 100 %, 1935 MHz, 1935 MHz, 167.13 W, 61, P2, 0x0000000000000000
2026/08/26 21:32:42.677, 0, 18762 MiB, 49 %, 1935 MHz, 1935 MHz, 168.00 W, 61, P2, 0x0000000000000000
2026/08/26 21:32:43.685, 0, 20250 MiB, 31 %, 1935 MHz, 1935 MHz, 169.15 W, 62, P2, 0x0000000000000000
2026/08/26 21:32:44.685, 0, 20276 MiB, 68 %, 1935 MHz, 1935 MHz, 275.38 W, 66, P2, 0x0000000000000000
2026/08/26 21:32:45.685, 0, 20276 MiB, 70 %, 1935 MHz, 1935 MHz, 305.65 W, 66, P2, 0x0000000000000000
2026/08/26 21:32:46.686, 0, 20276 MiB, 67 %, 1935 MHz, 1935 MHz, 280.94 W, 66, P2, 0x0000000000000000
2026/08/26 21:32:47.686, 0, 20276 MiB, 70 %, 1935 MHz, 1935 MHz, 310.26 W, 67, P2, 0x0000000000000000
2026/08/26 21:32:48.686, 0, 20276 MiB, 62 %, 1935 MHz, 1935 MHz, 282.41 W, 66, P2, 0x0000000000000000
2026/08/26 21:32:49.686, 0, 20276 MiB, 69 %, 1935 MHz, 1935 MHz, 309.13 W, 68, P2, 0x0000000000000000
2026/08/26 21:32:50.686, 0, 20276 MiB, 69 %, 1935 MHz, 1935 MHz, 312.04 W, 68, P2, 0x0000000000000000
2026/08/26 21:32:51.687, 0, 20276 MiB, 69 %, 1935 MHz, 1935 MHz, 281.10 W, 68, P2, 0x0000000000000000
2026/08/26 21:32:52.687, 0, 20276 MiB, 66 %, 1935 MHz, 1935 MHz, 312.95 W, 68, P2, 0x0000000000000000
2026/08/26 21:32:53.687, 0, 20276 MiB, 62 %, 1935 MHz, 1935 MHz, 282.91 W, 67, P2, 0x0000000000000000
2026/08/26 21:32:54.687, 0, 20276 MiB, 69 %, 1935 MHz, 1935 MHz, 309.45 W, 68, P2, 0x0000000000000000
2026/08/26 21:32:55.688, 0, 20276 MiB, 63 %, 1935 MHz, 1935 MHz, 313.03 W, 67, P2, 0x0000000000000000
2026/08/26 21:32:56.688, 0, 20288 MiB, 61 %, 1935 MHz, 1935 MHz, 205.89 W, 66, P2, 0x0000000000000000
2026/08/26 21:32:57.688, 0, 20288 MiB, 70 %, 1935 MHz, 1935 MHz, 309.52 W, 68, P2, 0x0000000000000000
2026/08/26 21:32:58.688, 0, 20288 MiB, 46 %, 1935 MHz, 1935 MHz, 296.35 W, 65, P2, 0x0000000000000000
2026/08/26 21:32:59.688, 0, 20288 MiB, 66 %, 1935 MHz, 1935 MHz, 282.74 W, 68, P2, 0x0000000000000000
2026/08/26 21:33:00.688, 0, 20288 MiB, 65 %, 1935 MHz, 1935 MHz, 311.29 W, 69, P2, 0x0000000000000000
2026/08/26 21:33:01.689, 0, 20288 MiB, 67 %, 1935 MHz, 1935 MHz, 276.89 W, 68, P2, 0x0000000000000000
2026/08/26 21:33:02.689, 0, 20288 MiB, 66 %, 1935 MHz, 1935 MHz, 312.71 W, 69, P2, 0x0000000000000000
2026/08/26 21:33:03.695, 0, 20288 MiB, 68 %, 1935 MHz, 1935 MHz, 280.84 W, 68, P2, 0x0000000000000004
2026/08/26 21:33:04.695, 0, 20288 MiB, 67 %, 1935 MHz, 1935 MHz, 310.80 W, 69, P2, 0x0000000000000000
2026/08/26 21:33:05.695, 0, 20288 MiB, 42 %, 1935 MHz, 1935 MHz, 302.27 W, 66, P2, 0x0000000000000000
2026/08/26 21:33:06.695, 0, 20288 MiB, 70 %, 1935 MHz, 1935 MHz, 287.92 W, 69, P2, 0x0000000000000000
2026/08/26 21:33:07.696, 0, 20288 MiB, 70 %, 1935 MHz, 1935 MHz, 319.12 W, 70, P2, 0x0000000000000000
2026/08/26 21:33:08.696, 0, 20288 MiB, 67 %, 1935 MHz, 1935 MHz, 286.98 W, 70, P2, 0x0000000000000000
2026/08/26 21:33:09.696, 0, 20288 MiB, 74 %, 1935 MHz, 1935 MHz, 314.73 W, 70, P2, 0x0000000000000000
2026/08/26 21:33:10.696, 0, 394 MiB, 99 %, 1935 MHz, 1935 MHz, 273.84 W, 66, P2, 0x0000000000000000
2026/08/26 21:33:11.697, 0, 346 MiB, 0 %, 1935 MHz, 1935 MHz, 178.17 W, 64, P2, 0x0000000000000000
2026/08/26 21:33:12.697, 0, 346 MiB, 6 %, 1935 MHz, 1935 MHz, 159.27 W, 63, P2, 0x0000000000000000
2026/08/26 21:33:13.697, 0, 346 MiB, 6 %, 1695 MHz, 1695 MHz, 155.99 W, 62, P2, 0x0000000000000000
2026/08/26 21:33:14.697, 0, 20144 MiB, 100 %, 1695 MHz, 1695 MHz, 131.82 W, 61, P2, 0x0000000000000000
2026/08/26 21:33:15.697, 0, 20144 MiB, 99 %, 1935 MHz, 1935 MHz, 156.34 W, 62, P2, 0x0000000000000000
2026/08/26 21:33:16.698, 0, 20144 MiB, 100 %, 1935 MHz, 1935 MHz, 157.83 W, 62, P2, 0x0000000000000000
2026/08/26 21:33:17.698, 0, 20144 MiB, 100 %, 1935 MHz, 1935 MHz, 157.48 W, 61, P2, 0x0000000000000000
2026/08/26 21:33:18.698, 0, 20144 MiB, 99 %, 1935 MHz, 1935 MHz, 157.27 W, 61, P2, 0x0000000000000000
2026/08/26 21:33:19.698, 0, 20144 MiB, 99 %, 1935 MHz, 1935 MHz, 157.13 W, 61, P2, 0x0000000000000000
2026/08/26 21:33:20.698, 0, 20144 MiB, 99 %, 1935 MHz, 1935 MHz, 156.71 W, 61, P2, 0x0000000000000000
2026/08/26 21:33:21.699, 0, 20816 MiB, 59 %, 1935 MHz, 1935 MHz, 166.39 W, 62, P2, 0x0000000000000000
2026/08/26 21:33:22.699, 0, 20816 MiB, 77 %, 1935 MHz, 1935 MHz, 269.14 W, 66, P2, 0x0000000000000000
2026/08/26 21:33:23.699, 0, 20816 MiB, 81 %, 1935 MHz, 1935 MHz, 275.45 W, 65, P2, 0x0000000000000000
2026/08/26 21:33:24.699, 0, 20816 MiB, 81 %, 1935 MHz, 1935 MHz, 287.56 W, 66, P2, 0x0000000000000000
2026/08/26 21:33:25.699, 0, 20816 MiB, 73 %, 1935 MHz, 1935 MHz, 262.52 W, 64, P2, 0x0000000000000004
2026/08/26 21:33:26.700, 0, 20816 MiB, 77 %, 1935 MHz, 1935 MHz, 306.11 W, 68, P2, 0x0000000000000000
2026/08/26 21:33:27.700, 0, 20816 MiB, 77 %, 1935 MHz, 1935 MHz, 328.70 W, 69, P2, 0x0000000000000000
2026/08/26 21:33:28.700, 0, 20816 MiB, 71 %, 1935 MHz, 1935 MHz, 294.19 W, 67, P2, 0x0000000000000000
2026/08/26 21:33:29.700, 0, 20816 MiB, 76 %, 1935 MHz, 1935 MHz, 327.44 W, 69, P2, 0x0000000000000000
2026/08/26 21:33:30.700, 0, 20816 MiB, 76 %, 1935 MHz, 1935 MHz, 310.82 W, 69, P2, 0x0000000000000000
2026/08/26 21:33:31.701, 0, 20816 MiB, 52 %, 1935 MHz, 1935 MHz, 277.46 W, 65, P2, 0x0000000000000000
2026/08/26 21:33:32.701, 0, 20816 MiB, 75 %, 1935 MHz, 1935 MHz, 295.39 W, 69, P2, 0x0000000000000000
2026/08/26 21:33:33.701, 0, 20816 MiB, 79 %, 1935 MHz, 1935 MHz, 307.28 W, 69, P2, 0x0000000000000000
2026/08/26 21:33:34.701, 0, 20816 MiB, 56 %, 1935 MHz, 1935 MHz, 313.23 W, 68, P2, 0x0000000000000000
2026/08/26 21:33:35.702, 0, 20816 MiB, 78 %, 1935 MHz, 1935 MHz, 285.88 W, 70, P2, 0x0000000000000000
2026/08/26 21:33:36.702, 0, 20816 MiB, 80 %, 1935 MHz, 1935 MHz, 303.60 W, 69, P2, 0x0000000000000000
2026/08/26 21:33:37.702, 0, 20816 MiB, 73 %, 1935 MHz, 1935 MHz, 305.13 W, 70, P2, 0x0000000000000000
2026/08/26 21:33:38.702, 0, 20824 MiB, 78 %, 1935 MHz, 1935 MHz, 248.83 W, 68, P2, 0x0000000000000000
2026/08/26 21:33:39.702, 0, 20824 MiB, 77 %, 1935 MHz, 1935 MHz, 269.55 W, 69, P2, 0x0000000000000000
2026/08/26 21:33:40.703, 0, 20824 MiB, 81 %, 1935 MHz, 1935 MHz, 271.08 W, 67, P2, 0x0000000000000000
2026/08/26 21:33:41.703, 0, 20824 MiB, 81 %, 1935 MHz, 1935 MHz, 272.57 W, 67, P2, 0x0000000000000000
2026/08/26 21:33:42.703, 0, 20824 MiB, 79 %, 1935 MHz, 1935 MHz, 247.31 W, 66, P2, 0x0000000000000000
2026/08/26 21:33:43.703, 0, 20824 MiB, 70 %, 1935 MHz, 1935 MHz, 230.26 W, 66, P2, 0x0000000000000004
2026/08/26 21:33:44.704, 0, 20824 MiB, 80 %, 1935 MHz, 1935 MHz, 275.78 W, 68, P2, 0x0000000000000000
2026/08/26 21:33:45.704, 0, 20824 MiB, 76 %, 1935 MHz, 1935 MHz, 306.82 W, 69, P2, 0x0000000000000000
2026/08/26 21:33:46.704, 0, 20824 MiB, 81 %, 1935 MHz, 1935 MHz, 297.63 W, 69, P2, 0x0000000000000000
2026/08/26 21:33:47.704, 0, 20824 MiB, 76 %, 1935 MHz, 1935 MHz, 257.02 W, 69, P2, 0x0000000000000000
2026/08/26 21:33:48.704, 0, 20824 MiB, 79 %, 1935 MHz, 1935 MHz, 281.26 W, 67, P2, 0x0000000000000000
2026/08/26 21:33:49.705, 0, 20824 MiB, 72 %, 1935 MHz, 1935 MHz, 275.70 W, 69, P2, 0x0000000000000000
2026/08/26 21:33:50.705, 0, 20824 MiB, 78 %, 1935 MHz, 1935 MHz, 262.52 W, 69, P2, 0x0000000000000000
2026/08/26 21:33:51.705, 0, 20824 MiB, 24 %, 1935 MHz, 1935 MHz, 266.48 W, 67, P2, 0x0000000000000000
2026/08/26 21:33:52.705, 0, 20824 MiB, 77 %, 1935 MHz, 1935 MHz, 293.74 W, 70, P2, 0x0000000000000000
2026/08/26 21:33:53.705, 0, 20824 MiB, 79 %, 1935 MHz, 1935 MHz, 332.30 W, 71, P2, 0x0000000000000000
2026/08/26 21:33:54.706, 0, 20824 MiB, 63 %, 1935 MHz, 1935 MHz, 301.46 W, 67, P2, 0x0000000000000000
2026/08/26 21:33:55.706, 0, 20824 MiB, 77 %, 1935 MHz, 1935 MHz, 286.38 W, 71, P2, 0x0000000000000000
2026/08/26 21:33:56.706, 0, 20824 MiB, 80 %, 1935 MHz, 1935 MHz, 328.58 W, 70, P2, 0x0000000000000000
2026/08/26 21:33:57.706, 0, 20824 MiB, 27 %, 1935 MHz, 1935 MHz, 309.18 W, 69, P2, 0x0000000000000000
2026/08/26 21:33:58.706, 0, 20824 MiB, 77 %, 1935 MHz, 1935 MHz, 281.45 W, 72, P2, 0x0000000000000000
2026/08/26 21:33:59.707, 0, 20824 MiB, 77 %, 1935 MHz, 1935 MHz, 319.23 W, 72, P2, 0x0000000000000000
2026/08/26 21:34:00.707, 0, 20824 MiB, 80 %, 1935 MHz, 1935 MHz, 334.72 W, 72, P2, 0x0000000000000000
2026/08/26 21:34:01.707, 0, 346 MiB, 80 %, 1935 MHz, 1935 MHz, 273.02 W, 68, P2, 0x0000000000000000
2026/08/26 21:34:02.848, 0, 346 MiB, 0 %, 1935 MHz, 1935 MHz, 177.51 W, 65, P2, 0x0000000000000000
2026/08/26 21:34:03.848, 0, 346 MiB, 0 %, 1695 MHz, 1695 MHz, 168.72 W, 64, P2, 0x0000000000000000
2026/08/26 21:34:04.849, 0, 20144 MiB, 5 %, 1695 MHz, 1695 MHz, 151.38 W, 62, P2, 0x0000000000000000
2026/08/26 21:34:05.859, 0, 20144 MiB, 100 %, 1935 MHz, 1935 MHz, 155.37 W, 63, P2, 0x0000000000000000
2026/08/26 21:34:06.859, 0, 20144 MiB, 100 %, 1935 MHz, 1935 MHz, 169.57 W, 63, P2, 0x0000000000000000
2026/08/26 21:34:07.859, 0, 20144 MiB, 100 %, 1935 MHz, 1935 MHz, 169.13 W, 63, P2, 0x0000000000000000
2026/08/26 21:34:08.859, 0, 20144 MiB, 99 %, 1935 MHz, 1935 MHz, 169.09 W, 63, P2, 0x0000000000000000
2026/08/26 21:34:09.860, 0, 20144 MiB, 100 %, 1935 MHz, 1935 MHz, 169.20 W, 62, P2, 0x0000000000000000
2026/08/26 21:34:10.860, 0, 20144 MiB, 100 %, 1935 MHz, 1935 MHz, 168.62 W, 62, P2, 0x0000000000000000
2026/08/26 21:34:11.860, 0, 20144 MiB, 100 %, 1935 MHz, 1935 MHz, 168.47 W, 62, P2, 0x0000000000000000
2026/08/26 21:34:12.860, 0, 20144 MiB, 100 %, 1935 MHz, 1935 MHz, 167.66 W, 62, P2, 0x0000000000000000
2026/08/26 21:34:13.860, 0, 20144 MiB, 100 %, 1935 MHz, 1935 MHz, 168.02 W, 62, P2, 0x0000000000000000
2026/08/26 21:34:14.860, 0, 20144 MiB, 100 %, 1935 MHz, 1935 MHz, 167.33 W, 61, P2, 0x0000000000000000
2026/08/26 21:34:15.860, 0, 20144 MiB, 100 %, 1935 MHz, 1935 MHz, 168.26 W, 61, P2, 0x0000000000000000
2026/08/26 21:34:16.860, 0, 20816 MiB, 75 %, 1935 MHz, 1935 MHz, 218.73 W, 66, P2, 0x0000000000000000
2026/08/26 21:34:17.861, 0, 20816 MiB, 77 %, 1935 MHz, 1935 MHz, 324.05 W, 67, P2, 0x0000000000000000
2026/08/26 21:34:18.861, 0, 20816 MiB, 77 %, 1935 MHz, 1935 MHz, 330.75 W, 68, P2, 0x0000000000000000
2026/08/26 21:34:19.861, 0, 20822 MiB, 100 %, 1920 MHz, 1920 MHz, 245.28 W, 63, P2, 0x0000000000000004
2026/08/26 21:34:20.861, 0, 20822 MiB, 77 %, 1935 MHz, 1935 MHz, 297.23 W, 68, P2, 0x0000000000000000
2026/08/26 21:34:21.861, 0, 20822 MiB, 77 %, 1935 MHz, 1935 MHz, 332.16 W, 69, P2, 0x0000000000000000
2026/08/26 21:34:22.861, 0, 20822 MiB, 88 %, 1935 MHz, 1935 MHz, 294.63 W, 69, P2, 0x0000000000000004
2026/08/26 21:34:23.861, 0, 20822 MiB, 77 %, 1935 MHz, 1935 MHz, 278.48 W, 69, P2, 0x0000000000000000
2026/08/26 21:34:24.862, 0, 20822 MiB, 79 %, 1935 MHz, 1935 MHz, 331.67 W, 69, P2, 0x0000000000000000
2026/08/26 21:34:25.862, 0, 20824 MiB, 66 %, 1935 MHz, 1935 MHz, 294.13 W, 67, P2, 0x0000000000000004
2026/08/26 21:34:26.862, 0, 20824 MiB, 77 %, 1935 MHz, 1935 MHz, 269.13 W, 69, P2, 0x0000000000000000
2026/08/26 21:34:27.862, 0, 20824 MiB, 77 %, 1935 MHz, 1935 MHz, 330.32 W, 69, P2, 0x0000000000000000
2026/08/26 21:34:28.862, 0, 20824 MiB, 30 %, 1935 MHz, 1935 MHz, 320.90 W, 67, P2, 0x0000000000000000
2026/08/26 21:34:29.862, 0, 20824 MiB, 77 %, 1935 MHz, 1935 MHz, 249.94 W, 69, P2, 0x0000000000000000
2026/08/26 21:34:30.862, 0, 20824 MiB, 78 %, 1935 MHz, 1935 MHz, 331.89 W, 70, P2, 0x0000000000000000
2026/08/26 21:34:31.862, 0, 20824 MiB, 76 %, 1935 MHz, 1935 MHz, 330.73 W, 70, P2, 0x0000000000000000
2026/08/26 21:34:32.863, 0, 20824 MiB, 100 %, 1800 MHz, 1800 MHz, 248.26 W, 66, P2, 0x0000000000000004
2026/08/26 21:34:33.863, 0, 20824 MiB, 77 %, 1935 MHz, 1935 MHz, 281.60 W, 70, P2, 0x0000000000000000
2026/08/26 21:34:34.863, 0, 20824 MiB, 78 %, 1935 MHz, 1935 MHz, 331.81 W, 70, P2, 0x0000000000000000
2026/08/26 21:34:35.863, 0, 20824 MiB, 74 %, 1860 MHz, 1860 MHz, 297.58 W, 68, P2, 0x0000000000000004
2026/08/26 21:34:36.863, 0, 20824 MiB, 76 %, 1935 MHz, 1935 MHz, 272.35 W, 70, P2, 0x0000000000000000
2026/08/26 21:34:37.863, 0, 20824 MiB, 78 %, 1935 MHz, 1935 MHz, 328.62 W, 70, P2, 0x0000000000000000
2026/08/26 21:34:38.863, 0, 20824 MiB, 20 %, 1935 MHz, 1935 MHz, 318.15 W, 69, P2, 0x0000000000000000
2026/08/26 21:34:39.864, 0, 20824 MiB, 76 %, 1935 MHz, 1935 MHz, 303.76 W, 71, P2, 0x0000000000000000
2026/08/26 21:34:40.864, 0, 20824 MiB, 77 %, 1935 MHz, 1935 MHz, 334.55 W, 72, P2, 0x0000000000000000
2026/08/26 21:34:41.864, 0, 20824 MiB, 73 %, 1935 MHz, 1935 MHz, 305.18 W, 69, P2, 0x0000000000000004
2026/08/26 21:34:42.864, 0, 20824 MiB, 77 %, 1935 MHz, 1935 MHz, 259.09 W, 71, P2, 0x0000000000000000
2026/08/26 21:34:43.864, 0, 20824 MiB, 78 %, 1935 MHz, 1935 MHz, 335.47 W, 72, P2, 0x0000000000000000
2026/08/26 21:34:44.864, 0, 20824 MiB, 78 %, 1935 MHz, 1935 MHz, 336.12 W, 72, P2, 0x0000000000000000
2026/08/26 21:34:45.864, 0, 20824 MiB, 77 %, 1935 MHz, 1935 MHz, 238.59 W, 70, P2, 0x0000000000000000
2026/08/26 21:34:46.864, 0, 20824 MiB, 76 %, 1935 MHz, 1935 MHz, 331.90 W, 72, P2, 0x0000000000000000
2026/08/26 21:34:47.865, 0, 20824 MiB, 79 %, 1935 MHz, 1935 MHz, 335.45 W, 72, P2, 0x0000000000000000
2026/08/26 21:34:48.865, 0, 20824 MiB, 100 %, 1920 MHz, 1920 MHz, 265.67 W, 67, P2, 0x0000000000000004
2026/08/26 21:34:49.865, 0, 20824 MiB, 77 %, 1935 MHz, 1935 MHz, 293.94 W, 72, P2, 0x0000000000000000
2026/08/26 21:34:50.865, 0, 20824 MiB, 75 %, 1935 MHz, 1935 MHz, 336.29 W, 72, P2, 0x0000000000000000
2026/08/26 21:34:51.865, 0, 82 MiB, 100 %, 1935 MHz, 1935 MHz, 273.11 W, 68, P2, 0x0000000000000000
2026/08/26 21:34:52.865, 0, 346 MiB, 100 %, 1935 MHz, 1935 MHz, 181.57 W, 66, P2, 0x0000000000000000
2026/08/26 21:34:53.866, 0, 598 MiB, 0 %, 1935 MHz, 1935 MHz, 173.47 W, 65, P2, 0x0000000000000024
2026/08/26 21:34:54.866, 0, 598 MiB, 0 %, 1695 MHz, 1695 MHz, 170.89 W, 64, P2, 0x0000000000000000
2026/08/26 21:34:55.866, 0, 20144 MiB, 0 %, 1695 MHz, 1695 MHz, 138.51 W, 62, P2, 0x0000000000000000
2026/08/26 21:34:56.866, 0, 20144 MiB, 100 %, 1935 MHz, 1935 MHz, 157.94 W, 63, P2, 0x0000000000000000
2026/08/26 21:34:57.866, 0, 20144 MiB, 99 %, 1935 MHz, 1935 MHz, 170.62 W, 63, P2, 0x0000000000000000
2026/08/26 21:34:58.866, 0, 20144 MiB, 100 %, 1935 MHz, 1935 MHz, 169.89 W, 63, P2, 0x0000000000000000
2026/08/26 21:34:59.867, 0, 20144 MiB, 100 %, 1935 MHz, 1935 MHz, 169.47 W, 63, P2, 0x0000000000000000
2026/08/26 21:35:00.867, 0, 20144 MiB, 100 %, 1935 MHz, 1935 MHz, 169.35 W, 62, P2, 0x0000000000000000
2026/08/26 21:35:01.867, 0, 20144 MiB, 100 %, 1935 MHz, 1935 MHz, 168.41 W, 62, P2, 0x0000000000000000
2026/08/26 21:35:02.867, 0, 20144 MiB, 99 %, 1935 MHz, 1935 MHz, 168.64 W, 62, P2, 0x0000000000000000
2026/08/26 21:35:03.867, 0, 20144 MiB, 100 %, 1935 MHz, 1935 MHz, 168.09 W, 62, P2, 0x0000000000000000
2026/08/26 21:35:04.867, 0, 20144 MiB, 99 %, 1935 MHz, 1935 MHz, 168.05 W, 62, P2, 0x0000000000000000
2026/08/26 21:35:05.868, 0, 20144 MiB, 100 %, 1935 MHz, 1935 MHz, 168.66 W, 62, P2, 0x0000000000000000
2026/08/26 21:35:06.868, 0, 20800 MiB, 99 %, 1935 MHz, 1935 MHz, 167.61 W, 61, P2, 0x0000000000000000
2026/08/26 21:35:07.868, 0, 20816 MiB, 9 %, 1935 MHz, 1935 MHz, 222.07 W, 66, P2, 0x0000000000000000
2026/08/26 21:35:08.868, 0, 20816 MiB, 77 %, 1935 MHz, 1935 MHz, 328.04 W, 68, P2, 0x0000000000000000
2026/08/26 21:35:09.868, 0, 20820 MiB, 79 %, 1935 MHz, 1935 MHz, 330.97 W, 69, P2, 0x0000000000000000
2026/08/26 21:35:10.869, 0, 20820 MiB, 66 %, 1935 MHz, 1935 MHz, 285.10 W, 68, P2, 0x0000000000000000
2026/08/26 21:35:11.869, 0, 20820 MiB, 78 %, 1935 MHz, 1935 MHz, 334.48 W, 69, P2, 0x0000000000000000
2026/08/26 21:35:12.869, 0, 20820 MiB, 74 %, 1935 MHz, 1935 MHz, 320.13 W, 68, P2, 0x0000000000000000
2026/08/26 21:35:13.869, 0, 20820 MiB, 78 %, 1935 MHz, 1935 MHz, 286.99 W, 69, P2, 0x0000000000000000
2026/08/26 21:35:14.869, 0, 20820 MiB, 78 %, 1935 MHz, 1935 MHz, 332.99 W, 70, P2, 0x0000000000000000
2026/08/26 21:35:15.869, 0, 20820 MiB, 79 %, 1935 MHz, 1935 MHz, 318.67 W, 66, P2, 0x0000000000000000
2026/08/26 21:35:16.869, 0, 20820 MiB, 77 %, 1935 MHz, 1935 MHz, 293.67 W, 70, P2, 0x0000000000000000
2026/08/26 21:35:17.869, 0, 20820 MiB, 78 %, 1935 MHz, 1935 MHz, 331.91 W, 70, P2, 0x0000000000000000
2026/08/26 21:35:18.869, 0, 20820 MiB, 80 %, 1935 MHz, 1935 MHz, 296.91 W, 67, P2, 0x0000000000000000
2026/08/26 21:35:19.870, 0, 20820 MiB, 77 %, 1935 MHz, 1935 MHz, 320.26 W, 70, P2, 0x0000000000000000
2026/08/26 21:35:20.870, 0, 20820 MiB, 78 %, 1935 MHz, 1935 MHz, 331.28 W, 70, P2, 0x0000000000000000
2026/08/26 21:35:21.870, 0, 20826 MiB, 78 %, 1785 MHz, 1785 MHz, 282.71 W, 66, P2, 0x0000000000000004
2026/08/26 21:35:22.870, 0, 20826 MiB, 74 %, 1935 MHz, 1935 MHz, 292.65 W, 71, P2, 0x0000000000000000
2026/08/26 21:35:23.870, 0, 20826 MiB, 74 %, 1935 MHz, 1935 MHz, 321.68 W, 71, P2, 0x0000000000000000
2026/08/26 21:35:24.870, 0, 20826 MiB, 76 %, 1935 MHz, 1935 MHz, 313.48 W, 68, P2, 0x0000000000000000
2026/08/26 21:35:25.870, 0, 20826 MiB, 77 %, 1935 MHz, 1935 MHz, 296.84 W, 71, P2, 0x0000000000000000
2026/08/26 21:35:26.871, 0, 20826 MiB, 77 %, 1935 MHz, 1935 MHz, 336.33 W, 71, P2, 0x0000000000000000
2026/08/26 21:35:27.871, 0, 20826 MiB, 77 %, 1935 MHz, 1935 MHz, 304.24 W, 69, P2, 0x0000000000000004
2026/08/26 21:35:28.871, 0, 20826 MiB, 76 %, 1935 MHz, 1935 MHz, 312.26 W, 72, P2, 0x0000000000000000
2026/08/26 21:35:29.871, 0, 20826 MiB, 77 %, 1935 MHz, 1935 MHz, 336.44 W, 72, P2, 0x0000000000000000
2026/08/26 21:35:30.871, 0, 20826 MiB, 78 %, 1860 MHz, 1860 MHz, 299.16 W, 70, P2, 0x0000000000000004
2026/08/26 21:35:31.871, 0, 20826 MiB, 76 %, 1935 MHz, 1935 MHz, 319.76 W, 72, P2, 0x0000000000000000
2026/08/26 21:35:32.871, 0, 20826 MiB, 78 %, 1935 MHz, 1935 MHz, 335.69 W, 72, P2, 0x0000000000000000
2026/08/26 21:35:33.871, 0, 20826 MiB, 78 %, 1920 MHz, 1920 MHz, 295.85 W, 71, P2, 0x0000000000000004
2026/08/26 21:35:34.872, 0, 20826 MiB, 76 %, 1935 MHz, 1935 MHz, 332.08 W, 73, P2, 0x0000000000000000
2026/08/26 21:35:35.872, 0, 20826 MiB, 78 %, 1935 MHz, 1935 MHz, 338.40 W, 73, P2, 0x0000000000000000
2026/08/26 21:35:36.872, 0, 20826 MiB, 2 %, 1935 MHz, 1935 MHz, 304.26 W, 73, P2, 0x0000000000000000
2026/08/26 21:35:37.872, 0, 20826 MiB, 78 %, 1935 MHz, 1935 MHz, 339.22 W, 73, P2, 0x0000000000000000
2026/08/26 21:35:38.872, 0, 394 MiB, 79 %, 1935 MHz, 1935 MHz, 340.79 W, 73, P2, 0x0000000000000000
2026/08/26 21:35:39.876, 0, 346 MiB, 100 %, 1935 MHz, 1935 MHz, 229.95 W, 68, P0, 0x0000000000000000
2026/08/26 21:35:40.877, 0, 346 MiB, 0 %, 1935 MHz, 1935 MHz, 176.59 W, 66, P2, 0x0000000000000000
2026/08/26 21:35:41.877, 0, 346 MiB, 6 %, 1935 MHz, 1935 MHz, 173.57 W, 65, P2, 0x0000000000000024
2026/08/26 21:35:42.877, 0, 20144 MiB, 6 %, 1695 MHz, 1695 MHz, 146.05 W, 63, P2, 0x0000000000000000
2026/08/26 21:35:43.877, 0, 20144 MiB, 100 %, 1935 MHz, 1935 MHz, 150.42 W, 64, P2, 0x0000000000000000
2026/08/26 21:35:44.877, 0, 20144 MiB, 100 %, 1935 MHz, 1935 MHz, 168.86 W, 63, P2, 0x0000000000000000
2026/08/26 21:35:45.878, 0, 20144 MiB, 100 %, 1935 MHz, 1935 MHz, 170.19 W, 63, P2, 0x0000000000000000
2026/08/26 21:35:46.878, 0, 20144 MiB, 100 %, 1935 MHz, 1935 MHz, 171.32 W, 63, P2, 0x0000000000000000
2026/08/26 21:35:47.878, 0, 20144 MiB, 100 %, 1935 MHz, 1935 MHz, 169.88 W, 63, P2, 0x0000000000000000
2026/08/26 21:35:48.878, 0, 20144 MiB, 100 %, 1935 MHz, 1935 MHz, 169.70 W, 62, P2, 0x0000000000000000
2026/08/26 21:35:49.878, 0, 20144 MiB, 100 %, 1935 MHz, 1935 MHz, 169.13 W, 62, P2, 0x0000000000000000
2026/08/26 21:35:50.878, 0, 20144 MiB, 99 %, 1935 MHz, 1935 MHz, 169.09 W, 62, P2, 0x0000000000000000
2026/08/26 21:35:51.878, 0, 20144 MiB, 100 %, 1935 MHz, 1935 MHz, 168.95 W, 62, P2, 0x0000000000000000
2026/08/26 21:35:52.879, 0, 20144 MiB, 99 %, 1935 MHz, 1935 MHz, 168.56 W, 62, P2, 0x0000000000000000
2026/08/26 21:35:53.879, 0, 20802 MiB, 100 %, 1935 MHz, 1935 MHz, 168.54 W, 61, P2, 0x0000000000000000
2026/08/26 21:35:54.879, 0, 20816 MiB, 55 %, 1935 MHz, 1935 MHz, 250.56 W, 67, P2, 0x0000000000000000
2026/08/26 21:35:55.879, 0, 20816 MiB, 76 %, 1935 MHz, 1935 MHz, 330.21 W, 68, P2, 0x0000000000000000
2026/08/26 21:35:56.879, 0, 20816 MiB, 73 %, 1935 MHz, 1935 MHz, 333.13 W, 69, P2, 0x0000000000000000
2026/08/26 21:35:57.879, 0, 20816 MiB, 78 %, 1935 MHz, 1935 MHz, 302.80 W, 69, P2, 0x0000000000000000
2026/08/26 21:35:58.879, 0, 20816 MiB, 79 %, 1935 MHz, 1935 MHz, 335.60 W, 70, P2, 0x0000000000000000
2026/08/26 21:35:59.879, 0, 20816 MiB, 78 %, 1935 MHz, 1935 MHz, 321.91 W, 66, P2, 0x0000000000000000
2026/08/26 21:36:00.880, 0, 20816 MiB, 77 %, 1935 MHz, 1935 MHz, 291.57 W, 70, P2, 0x0000000000000000
2026/08/26 21:36:01.880, 0, 20816 MiB, 78 %, 1935 MHz, 1935 MHz, 333.68 W, 70, P2, 0x0000000000000000
2026/08/26 21:36:02.880, 0, 20816 MiB, 78 %, 1935 MHz, 1935 MHz, 299.65 W, 66, P2, 0x0000000000000000
2026/08/26 21:36:03.880, 0, 20816 MiB, 78 %, 1935 MHz, 1935 MHz, 316.74 W, 70, P2, 0x0000000000000000
2026/08/26 21:36:04.880, 0, 20816 MiB, 78 %, 1935 MHz, 1935 MHz, 331.75 W, 70, P2, 0x0000000000000000
2026/08/26 21:36:05.880, 0, 20816 MiB, 80 %, 1920 MHz, 1920 MHz, 291.50 W, 69, P2, 0x0000000000000004
2026/08/26 21:36:06.880, 0, 20816 MiB, 79 %, 1935 MHz, 1935 MHz, 329.56 W, 71, P2, 0x0000000000000000
2026/08/26 21:36:07.881, 0, 20816 MiB, 77 %, 1935 MHz, 1935 MHz, 334.35 W, 71, P2, 0x0000000000000000
2026/08/26 21:36:08.881, 0, 20824 MiB, 71 %, 1920 MHz, 1920 MHz, 264.13 W, 66, P2, 0x0000000000000004
2026/08/26 21:36:09.881, 0, 20824 MiB, 78 %, 1935 MHz, 1935 MHz, 309.86 W, 71, P2, 0x0000000000000000
2026/08/26 21:36:10.881, 0, 20824 MiB, 79 %, 1935 MHz, 1935 MHz, 338.35 W, 71, P2, 0x0000000000000000
2026/08/26 21:36:11.881, 0, 20824 MiB, 79 %, 1920 MHz, 1920 MHz, 304.65 W, 70, P2, 0x0000000000000004
2026/08/26 21:36:12.881, 0, 20824 MiB, 77 %, 1935 MHz, 1935 MHz, 331.41 W, 72, P2, 0x0000000000000000
2026/08/26 21:36:13.881, 0, 20824 MiB, 78 %, 1935 MHz, 1935 MHz, 337.98 W, 72, P2, 0x0000000000000000
2026/08/26 21:36:14.881, 0, 20824 MiB, 39 %, 1935 MHz, 1935 MHz, 303.85 W, 71, P2, 0x0000000000000000
2026/08/26 21:36:15.882, 0, 20824 MiB, 78 %, 1935 MHz, 1935 MHz, 336.49 W, 72, P2, 0x0000000000000000
2026/08/26 21:36:16.882, 0, 20824 MiB, 78 %, 1935 MHz, 1935 MHz, 338.90 W, 72, P2, 0x0000000000000000
2026/08/26 21:36:17.882, 0, 20824 MiB, 73 %, 1935 MHz, 1935 MHz, 295.67 W, 72, P2, 0x0000000000000000
2026/08/26 21:36:18.882, 0, 20824 MiB, 78 %, 1935 MHz, 1935 MHz, 341.96 W, 73, P2, 0x0000000000000000
2026/08/26 21:36:19.882, 0, 20824 MiB, 76 %, 1935 MHz, 1935 MHz, 343.00 W, 73, P2, 0x0000000000000000
2026/08/26 21:36:20.882, 0, 20824 MiB, 72 %, 1935 MHz, 1935 MHz, 306.25 W, 73, P2, 0x0000000000000000
2026/08/26 21:36:21.882, 0, 20824 MiB, 77 %, 1935 MHz, 1935 MHz, 340.52 W, 73, P2, 0x0000000000000000
2026/08/26 21:36:22.882, 0, 20824 MiB, 78 %, 1935 MHz, 1935 MHz, 337.10 W, 72, P2, 0x0000000000000000
2026/08/26 21:36:23.883, 0, 20824 MiB, 76 %, 1935 MHz, 1935 MHz, 304.08 W, 73, P2, 0x0000000000000000
2026/08/26 21:36:24.883, 0, 20824 MiB, 77 %, 1935 MHz, 1935 MHz, 341.59 W, 74, P2, 0x0000000000000000
2026/08/26 21:36:25.883, 0, 82 MiB, 77 %, 1935 MHz, 1935 MHz, 312.62 W, 70, P2, 0x0000000000000000
2026/08/26 21:36:26.883, 0, 346 MiB, 0 %, 1935 MHz, 1935 MHz, 183.65 W, 67, P2, 0x0000000000000000
2026/08/26 21:36:27.883, 0, 346 MiB, 0 %, 1935 MHz, 1935 MHz, 174.55 W, 66, P2, 0x0000000000000000
2026/08/26 21:36:28.884, 0, 346 MiB, 6 %, 1695 MHz, 1695 MHz, 167.05 W, 64, P2, 0x0000000000000000
2026/08/26 21:36:29.884, 0, 19362 MiB, 6 %, 1695 MHz, 1695 MHz, 136.29 W, 63, P2, 0x0000000000000000
2026/08/26 21:36:30.884, 0, 19362 MiB, 100 %, 1935 MHz, 1935 MHz, 158.74 W, 64, P2, 0x0000000000000000
2026/08/26 21:36:31.884, 0, 19362 MiB, 99 %, 1935 MHz, 1935 MHz, 170.96 W, 63, P2, 0x0000000000000000
2026/08/26 21:36:32.884, 0, 19362 MiB, 100 %, 1935 MHz, 1935 MHz, 171.35 W, 63, P2, 0x0000000000000000
2026/08/26 21:36:33.884, 0, 19362 MiB, 100 %, 1935 MHz, 1935 MHz, 170.34 W, 63, P2, 0x0000000000000000
2026/08/26 21:36:34.884, 0, 19362 MiB, 100 %, 1935 MHz, 1935 MHz, 170.53 W, 63, P2, 0x0000000000000000
2026/08/26 21:36:35.885, 0, 19362 MiB, 100 %, 1935 MHz, 1935 MHz, 170.38 W, 63, P2, 0x0000000000000000
2026/08/26 21:36:36.885, 0, 19362 MiB, 99 %, 1935 MHz, 1935 MHz, 168.49 W, 62, P2, 0x0000000000000000
2026/08/26 21:36:37.885, 0, 19362 MiB, 99 %, 1935 MHz, 1935 MHz, 167.40 W, 62, P2, 0x0000000000000000
2026/08/26 21:36:38.885, 0, 19362 MiB, 100 %, 1935 MHz, 1935 MHz, 166.78 W, 62, P2, 0x0000000000000000
2026/08/26 21:36:39.885, 0, 20004 MiB, 100 %, 1935 MHz, 1935 MHz, 166.29 W, 61, P2, 0x0000000000000000
2026/08/26 21:36:40.885, 0, 20758 MiB, 93 %, 1935 MHz, 1935 MHz, 166.46 W, 62, P2, 0x0000000000000000
2026/08/26 21:36:41.885, 0, 20764 MiB, 79 %, 1935 MHz, 1935 MHz, 199.96 W, 63, P2, 0x0000000000000000
2026/08/26 21:36:42.886, 0, 20764 MiB, 84 %, 1935 MHz, 1935 MHz, 206.26 W, 62, P2, 0x0000000000000000
2026/08/26 21:36:43.886, 0, 20764 MiB, 83 %, 1935 MHz, 1935 MHz, 205.44 W, 62, P2, 0x0000000000000000
2026/08/26 21:36:44.886, 0, 20764 MiB, 83 %, 1935 MHz, 1935 MHz, 205.22 W, 62, P2, 0x0000000000000000
2026/08/26 21:36:45.886, 0, 20764 MiB, 82 %, 1935 MHz, 1935 MHz, 205.43 W, 62, P2, 0x0000000000000000
2026/08/26 21:36:46.886, 0, 20764 MiB, 83 %, 1935 MHz, 1935 MHz, 206.53 W, 62, P2, 0x0000000000000000
2026/08/26 21:36:47.886, 0, 20764 MiB, 83 %, 1935 MHz, 1935 MHz, 204.99 W, 62, P2, 0x0000000000000000
2026/08/26 21:36:48.886, 0, 20764 MiB, 82 %, 1935 MHz, 1935 MHz, 204.96 W, 62, P2, 0x0000000000000000
2026/08/26 21:36:49.887, 0, 20764 MiB, 80 %, 1935 MHz, 1935 MHz, 205.00 W, 62, P2, 0x0000000000000000
2026/08/26 21:36:50.887, 0, 20764 MiB, 83 %, 1935 MHz, 1935 MHz, 203.37 W, 62, P2, 0x0000000000000000
2026/08/26 21:36:51.887, 0, 20764 MiB, 86 %, 1935 MHz, 1935 MHz, 202.58 W, 62, P2, 0x0000000000000000
2026/08/26 21:36:52.887, 0, 20764 MiB, 83 %, 1935 MHz, 1935 MHz, 203.81 W, 62, P2, 0x0000000000000000
2026/08/26 21:36:53.887, 0, 20764 MiB, 83 %, 1935 MHz, 1935 MHz, 204.46 W, 62, P2, 0x0000000000000000
2026/08/26 21:36:54.887, 0, 20764 MiB, 84 %, 1935 MHz, 1935 MHz, 204.90 W, 62, P2, 0x0000000000000000
2026/08/26 21:36:55.887, 0, 20764 MiB, 85 %, 1935 MHz, 1935 MHz, 204.14 W, 62, P2, 0x0000000000000000
2026/08/26 21:36:56.888, 0, 20764 MiB, 82 %, 1935 MHz, 1935 MHz, 202.75 W, 62, P2, 0x0000000000000000
2026/08/26 21:36:57.888, 0, 20764 MiB, 84 %, 1935 MHz, 1935 MHz, 203.41 W, 62, P2, 0x0000000000000000
2026/08/26 21:36:58.888, 0, 20764 MiB, 83 %, 1935 MHz, 1935 MHz, 204.48 W, 62, P2, 0x0000000000000000
2026/08/26 21:36:59.888, 0, 20764 MiB, 82 %, 1935 MHz, 1935 MHz, 203.18 W, 61, P2, 0x0000000000000000
2026/08/26 21:37:00.888, 0, 20764 MiB, 83 %, 1935 MHz, 1935 MHz, 203.22 W, 62, P2, 0x0000000000000000
2026/08/26 21:37:01.888, 0, 20764 MiB, 85 %, 1935 MHz, 1935 MHz, 204.01 W, 61, P2, 0x0000000000000000
2026/08/26 21:37:02.889, 0, 20764 MiB, 63 %, 1950 MHz, 1950 MHz, 197.13 W, 61, P2, 0x0000000000000000
2026/08/26 21:37:03.889, 0, 20764 MiB, 84 %, 1950 MHz, 1950 MHz, 202.60 W, 61, P2, 0x0000000000000000
2026/08/26 21:37:04.889, 0, 20764 MiB, 83 %, 1950 MHz, 1950 MHz, 202.36 W, 61, P2, 0x0000000000000000
2026/08/26 21:37:05.889, 0, 20764 MiB, 83 %, 1950 MHz, 1950 MHz, 202.20 W, 61, P2, 0x0000000000000000
2026/08/26 21:37:06.889, 0, 20764 MiB, 83 %, 1950 MHz, 1950 MHz, 202.76 W, 61, P2, 0x0000000000000000
2026/08/26 21:37:07.889, 0, 20764 MiB, 83 %, 1950 MHz, 1950 MHz, 201.94 W, 61, P2, 0x0000000000000000
2026/08/26 21:37:08.890, 0, 20764 MiB, 83 %, 1950 MHz, 1950 MHz, 201.76 W, 61, P2, 0x0000000000000000
2026/08/26 21:37:09.890, 0, 20764 MiB, 84 %, 1950 MHz, 1950 MHz, 202.74 W, 61, P2, 0x0000000000000000
2026/08/26 21:37:10.890, 0, 20764 MiB, 84 %, 1950 MHz, 1950 MHz, 201.79 W, 61, P2, 0x0000000000000000
2026/08/26 21:37:11.890, 0, 20764 MiB, 84 %, 1950 MHz, 1950 MHz, 202.91 W, 61, P2, 0x0000000000000000
2026/08/26 21:37:12.890, 0, 20764 MiB, 84 %, 1950 MHz, 1950 MHz, 201.48 W, 61, P2, 0x0000000000000000
2026/08/26 21:37:13.890, 0, 20768 MiB, 84 %, 1950 MHz, 1950 MHz, 196.38 W, 60, P2, 0x0000000000000000
2026/08/26 21:37:14.890, 0, 20768 MiB, 84 %, 1950 MHz, 1950 MHz, 202.22 W, 61, P2, 0x0000000000000000
2026/08/26 21:37:15.891, 0, 20768 MiB, 82 %, 1950 MHz, 1950 MHz, 200.67 W, 60, P2, 0x0000000000000000
2026/08/26 21:37:16.891, 0, 20768 MiB, 84 %, 1950 MHz, 1950 MHz, 201.50 W, 60, P2, 0x0000000000000000
2026/08/26 21:37:17.891, 0, 20768 MiB, 85 %, 1950 MHz, 1950 MHz, 201.37 W, 60, P2, 0x0000000000000000
2026/08/26 21:37:18.891, 0, 20768 MiB, 84 %, 1950 MHz, 1950 MHz, 200.66 W, 61, P2, 0x0000000000000000
2026/08/26 21:37:19.891, 0, 20768 MiB, 82 %, 1950 MHz, 1950 MHz, 201.03 W, 60, P2, 0x0000000000000000
2026/08/26 21:37:20.891, 0, 20768 MiB, 83 %, 1950 MHz, 1950 MHz, 201.58 W, 60, P2, 0x0000000000000000
2026/08/26 21:37:21.891, 0, 20768 MiB, 84 %, 1950 MHz, 1950 MHz, 200.74 W, 60, P2, 0x0000000000000000
2026/08/26 21:37:22.892, 0, 20768 MiB, 83 %, 1950 MHz, 1950 MHz, 201.79 W, 60, P2, 0x0000000000000000
2026/08/26 21:37:23.892, 0, 20768 MiB, 84 %, 1950 MHz, 1950 MHz, 201.24 W, 60, P2, 0x0000000000000000
2026/08/26 21:37:24.892, 0, 20768 MiB, 84 %, 1950 MHz, 1950 MHz, 194.57 W, 60, P2, 0x0000000000000004
2026/08/26 21:37:25.892, 0, 20768 MiB, 84 %, 1950 MHz, 1950 MHz, 198.66 W, 60, P2, 0x0000000000000000
2026/08/26 21:37:26.892, 0, 20768 MiB, 84 %, 1950 MHz, 1950 MHz, 201.19 W, 60, P2, 0x0000000000000000
2026/08/26 21:37:27.892, 0, 20768 MiB, 83 %, 1950 MHz, 1950 MHz, 200.77 W, 60, P2, 0x0000000000000000
2026/08/26 21:37:28.892, 0, 20768 MiB, 83 %, 1950 MHz, 1950 MHz, 200.37 W, 60, P2, 0x0000000000000000
2026/08/26 21:37:29.893, 0, 20768 MiB, 83 %, 1950 MHz, 1950 MHz, 200.69 W, 60, P2, 0x0000000000000000
2026/08/26 21:37:30.893, 0, 20768 MiB, 84 %, 1950 MHz, 1950 MHz, 200.34 W, 60, P2, 0x0000000000000000
2026/08/26 21:37:31.893, 0, 20768 MiB, 83 %, 1950 MHz, 1950 MHz, 200.27 W, 60, P2, 0x0000000000000000
2026/08/26 21:37:32.893, 0, 20768 MiB, 84 %, 1950 MHz, 1950 MHz, 199.31 W, 60, P2, 0x0000000000000000
2026/08/26 21:37:33.893, 0, 20768 MiB, 83 %, 1950 MHz, 1950 MHz, 201.05 W, 60, P2, 0x0000000000000000
2026/08/26 21:37:34.893, 0, 20774 MiB, 84 %, 1950 MHz, 1950 MHz, 203.42 W, 62, P2, 0x0000000000000000
2026/08/26 21:37:35.893, 0, 20776 MiB, 67 %, 1950 MHz, 1950 MHz, 193.65 W, 60, P2, 0x0000000000000000
2026/08/26 21:37:36.894, 0, 20776 MiB, 82 %, 1950 MHz, 1950 MHz, 200.73 W, 60, P2, 0x0000000000000000
2026/08/26 21:37:37.894, 0, 20776 MiB, 84 %, 1950 MHz, 1950 MHz, 199.12 W, 60, P2, 0x0000000000000000
2026/08/26 21:37:38.894, 0, 20776 MiB, 83 %, 1950 MHz, 1950 MHz, 199.20 W, 60, P2, 0x0000000000000000
2026/08/26 21:37:39.894, 0, 20776 MiB, 84 %, 1950 MHz, 1950 MHz, 199.32 W, 60, P2, 0x0000000000000000
2026/08/26 21:37:40.894, 0, 20776 MiB, 84 %, 1950 MHz, 1950 MHz, 199.88 W, 60, P2, 0x0000000000000000
2026/08/26 21:37:41.894, 0, 20776 MiB, 85 %, 1950 MHz, 1950 MHz, 199.86 W, 60, P2, 0x0000000000000000
2026/08/26 21:37:42.894, 0, 20776 MiB, 82 %, 1950 MHz, 1950 MHz, 199.57 W, 60, P2, 0x0000000000000000
2026/08/26 21:37:43.895, 0, 20776 MiB, 83 %, 1950 MHz, 1950 MHz, 200.02 W, 60, P2, 0x0000000000000000
2026/08/26 21:37:44.895, 0, 20776 MiB, 83 %, 1950 MHz, 1950 MHz, 198.23 W, 60, P2, 0x0000000000000000
2026/08/26 21:37:45.895, 0, 20776 MiB, 84 %, 1950 MHz, 1950 MHz, 197.89 W, 60, P2, 0x0000000000000000
2026/08/26 21:37:46.895, 0, 20776 MiB, 83 %, 1950 MHz, 1950 MHz, 199.26 W, 59, P2, 0x0000000000000000
2026/08/26 21:37:47.895, 0, 20776 MiB, 83 %, 1950 MHz, 1950 MHz, 199.08 W, 60, P2, 0x0000000000000000
2026/08/26 21:37:48.895, 0, 20776 MiB, 85 %, 1950 MHz, 1950 MHz, 200.34 W, 59, P2, 0x0000000000000000
2026/08/26 21:37:49.895, 0, 20776 MiB, 84 %, 1950 MHz, 1950 MHz, 199.92 W, 59, P2, 0x0000000000000000
2026/08/26 21:37:50.896, 0, 20776 MiB, 83 %, 1950 MHz, 1950 MHz, 199.11 W, 60, P2, 0x0000000000000000
2026/08/26 21:37:51.896, 0, 20776 MiB, 83 %, 1950 MHz, 1950 MHz, 198.81 W, 60, P2, 0x0000000000000000
2026/08/26 21:37:52.896, 0, 20776 MiB, 82 %, 1950 MHz, 1950 MHz, 199.78 W, 60, P2, 0x0000000000000000
2026/08/26 21:37:53.896, 0, 20776 MiB, 84 %, 1950 MHz, 1950 MHz, 199.79 W, 60, P2, 0x0000000000000000
2026/08/26 21:37:54.896, 0, 20776 MiB, 84 %, 1950 MHz, 1950 MHz, 200.00 W, 60, P2, 0x0000000000000000
2026/08/26 21:37:55.896, 0, 20776 MiB, 59 %, 1950 MHz, 1950 MHz, 200.85 W, 59, P2, 0x0000000000000000
2026/08/26 21:37:56.896, 0, 20776 MiB, 84 %, 1950 MHz, 1950 MHz, 199.83 W, 59, P2, 0x0000000000000000
2026/08/26 21:37:57.896, 0, 20776 MiB, 83 %, 1950 MHz, 1950 MHz, 200.03 W, 60, P2, 0x0000000000000000
2026/08/26 21:37:58.897, 0, 20776 MiB, 83 %, 1950 MHz, 1950 MHz, 198.54 W, 60, P2, 0x0000000000000000
2026/08/26 21:37:59.897, 0, 20776 MiB, 83 %, 1950 MHz, 1950 MHz, 199.61 W, 60, P2, 0x0000000000000000
2026/08/26 21:38:00.897, 0, 20776 MiB, 84 %, 1950 MHz, 1950 MHz, 200.17 W, 60, P2, 0x0000000000000000
2026/08/26 21:38:01.897, 0, 20776 MiB, 83 %, 1950 MHz, 1950 MHz, 198.38 W, 60, P2, 0x0000000000000000
2026/08/26 21:38:02.897, 0, 20776 MiB, 85 %, 1950 MHz, 1950 MHz, 200.00 W, 60, P2, 0x0000000000000000
2026/08/26 21:38:03.897, 0, 20776 MiB, 84 %, 1950 MHz, 1950 MHz, 198.90 W, 60, P2, 0x0000000000000000
2026/08/26 21:38:04.898, 0, 20776 MiB, 84 %, 1950 MHz, 1950 MHz, 198.83 W, 59, P2, 0x0000000000000000
2026/08/26 21:38:05.898, 0, 20776 MiB, 75 %, 1950 MHz, 1950 MHz, 200.94 W, 60, P2, 0x0000000000000000
2026/08/26 21:38:06.898, 0, 20776 MiB, 82 %, 1950 MHz, 1950 MHz, 198.35 W, 59, P2, 0x0000000000000000
2026/08/26 21:38:07.898, 0, 20776 MiB, 85 %, 1950 MHz, 1950 MHz, 200.06 W, 59, P2, 0x0000000000000000
2026/08/26 21:38:08.898, 0, 20776 MiB, 84 %, 1950 MHz, 1950 MHz, 199.36 W, 59, P2, 0x0000000000000000
2026/08/26 21:38:09.898, 0, 20776 MiB, 82 %, 1950 MHz, 1950 MHz, 198.88 W, 59, P2, 0x0000000000000000
2026/08/26 21:38:10.898, 0, 20776 MiB, 83 %, 1950 MHz, 1950 MHz, 200.44 W, 60, P2, 0x0000000000000000
2026/08/26 21:38:11.899, 0, 20776 MiB, 84 %, 1950 MHz, 1950 MHz, 198.51 W, 59, P2, 0x0000000000000000
2026/08/26 21:38:12.899, 0, 20776 MiB, 84 %, 1950 MHz, 1950 MHz, 199.59 W, 59, P2, 0x0000000000000000
2026/08/26 21:38:13.899, 0, 20776 MiB, 83 %, 1950 MHz, 1950 MHz, 200.20 W, 60, P2, 0x0000000000000000
2026/08/26 21:38:14.899, 0, 20776 MiB, 84 %, 1950 MHz, 1950 MHz, 200.07 W, 59, P2, 0x0000000000000000
2026/08/26 21:38:15.900, 0, 20776 MiB, 83 %, 1950 MHz, 1950 MHz, 200.24 W, 59, P2, 0x0000000000000000
2026/08/26 21:38:16.900, 0, 20776 MiB, 75 %, 1950 MHz, 1950 MHz, 195.91 W, 59, P2, 0x0000000000000000
2026/08/26 21:38:17.900, 0, 20776 MiB, 83 %, 1950 MHz, 1950 MHz, 198.11 W, 60, P2, 0x0000000000000000
2026/08/26 21:38:18.900, 0, 20776 MiB, 83 %, 1950 MHz, 1950 MHz, 199.62 W, 59, P2, 0x0000000000000000
2026/08/26 21:38:19.900, 0, 20776 MiB, 83 %, 1950 MHz, 1950 MHz, 199.26 W, 60, P2, 0x0000000000000000
2026/08/26 21:38:20.901, 0, 20776 MiB, 84 %, 1950 MHz, 1950 MHz, 199.81 W, 60, P2, 0x0000000000000000
2026/08/26 21:38:21.901, 0, 20776 MiB, 84 %, 1950 MHz, 1950 MHz, 199.24 W, 59, P2, 0x0000000000000000
2026/08/26 21:38:22.901, 0, 20776 MiB, 83 %, 1950 MHz, 1950 MHz, 198.86 W, 59, P2, 0x0000000000000000
2026/08/26 21:38:23.901, 0, 20776 MiB, 84 %, 1950 MHz, 1950 MHz, 199.51 W, 59, P2, 0x0000000000000000
2026/08/26 21:38:24.901, 0, 20776 MiB, 85 %, 1950 MHz, 1950 MHz, 199.48 W, 59, P2, 0x0000000000000000
2026/08/26 21:38:25.901, 0, 20776 MiB, 85 %, 1950 MHz, 1950 MHz, 199.24 W, 60, P2, 0x0000000000000000
2026/08/26 21:38:26.902, 0, 20776 MiB, 84 %, 1950 MHz, 1950 MHz, 199.27 W, 60, P2, 0x0000000000000000
2026/08/26 21:38:27.902, 0, 20776 MiB, 49 %, 1950 MHz, 1950 MHz, 197.99 W, 59, P2, 0x0000000000000000
2026/08/26 21:38:28.902, 0, 20776 MiB, 84 %, 1950 MHz, 1950 MHz, 198.61 W, 60, P2, 0x0000000000000000
2026/08/26 21:38:29.902, 0, 20776 MiB, 81 %, 1950 MHz, 1950 MHz, 197.85 W, 60, P2, 0x0000000000000000
2026/08/26 21:38:30.902, 0, 20776 MiB, 85 %, 1950 MHz, 1950 MHz, 198.98 W, 60, P2, 0x0000000000000000
2026/08/26 21:38:31.902, 0, 20776 MiB, 84 %, 1950 MHz, 1950 MHz, 198.27 W, 60, P2, 0x0000000000000000
2026/08/26 21:38:32.902, 0, 20776 MiB, 82 %, 1950 MHz, 1950 MHz, 199.35 W, 60, P2, 0x0000000000000000
2026/08/26 21:38:33.903, 0, 20776 MiB, 84 %, 1950 MHz, 1950 MHz, 199.34 W, 59, P2, 0x0000000000000000
2026/08/26 21:38:34.903, 0, 20776 MiB, 82 %, 1950 MHz, 1950 MHz, 199.44 W, 59, P2, 0x0000000000000000
2026/08/26 21:38:35.903, 0, 20776 MiB, 84 %, 1950 MHz, 1950 MHz, 198.66 W, 59, P2, 0x0000000000000000
2026/08/26 21:38:36.903, 0, 20776 MiB, 86 %, 1950 MHz, 1950 MHz, 199.84 W, 59, P2, 0x0000000000000000
2026/08/26 21:38:37.903, 0, 398 MiB, 85 %, 1950 MHz, 1950 MHz, 192.05 W, 59, P2, 0x0000000000000000
2026/08/26 21:38:38.904, 0, 598 MiB, 0 %, 1950 MHz, 1950 MHz, 166.01 W, 58, P2, 0x0000000000000000
2026/08/26 21:38:39.904, 0, 346 MiB, 0 %, 1950 MHz, 1950 MHz, 153.94 W, 57, P2, 0x0000000000000000
2026/08/26 21:38:40.904, 0, 346 MiB, 6 %, 1695 MHz, 1695 MHz, 149.33 W, 57, P2, 0x0000000000000000
2026/08/26 21:38:41.904, 0, 19362 MiB, 7 %, 1695 MHz, 1695 MHz, 127.48 W, 56, P2, 0x0000000000000000
2026/08/26 21:38:42.904, 0, 19362 MiB, 100 %, 1950 MHz, 1950 MHz, 149.29 W, 57, P2, 0x0000000000000000
2026/08/26 21:38:43.904, 0, 19362 MiB, 100 %, 1950 MHz, 1950 MHz, 161.71 W, 58, P2, 0x0000000000000000
2026/08/26 21:38:44.905, 0, 19362 MiB, 100 %, 1950 MHz, 1950 MHz, 161.15 W, 57, P2, 0x0000000000000000
2026/08/26 21:38:45.905, 0, 19362 MiB, 100 %, 1950 MHz, 1950 MHz, 159.70 W, 57, P2, 0x0000000000000000
2026/08/26 21:38:46.905, 0, 19362 MiB, 100 %, 1950 MHz, 1950 MHz, 161.32 W, 57, P2, 0x0000000000000000
2026/08/26 21:38:47.905, 0, 19362 MiB, 99 %, 1950 MHz, 1950 MHz, 160.43 W, 57, P2, 0x0000000000000000
2026/08/26 21:38:48.905, 0, 19362 MiB, 100 %, 1950 MHz, 1950 MHz, 161.27 W, 57, P2, 0x0000000000000000
2026/08/26 21:38:49.906, 0, 19362 MiB, 100 %, 1950 MHz, 1950 MHz, 161.50 W, 57, P2, 0x0000000000000000
2026/08/26 21:38:50.906, 0, 19362 MiB, 99 %, 1950 MHz, 1950 MHz, 160.84 W, 57, P2, 0x0000000000000000
2026/08/26 21:38:51.906, 0, 19362 MiB, 100 %, 1950 MHz, 1950 MHz, 161.54 W, 57, P2, 0x0000000000000000
2026/08/26 21:38:52.906, 0, 20004 MiB, 100 %, 1950 MHz, 1950 MHz, 159.63 W, 57, P2, 0x0000000000000000
2026/08/26 21:38:53.906, 0, 20744 MiB, 95 %, 1950 MHz, 1950 MHz, 165.12 W, 58, P2, 0x0000000000000000
2026/08/26 21:38:54.907, 0, 20768 MiB, 78 %, 1950 MHz, 1950 MHz, 215.79 W, 60, P2, 0x0000000000000000
2026/08/26 21:38:55.907, 0, 20770 MiB, 84 %, 1950 MHz, 1950 MHz, 222.05 W, 60, P2, 0x0000000000000000
2026/08/26 21:38:56.907, 0, 20770 MiB, 84 %, 1950 MHz, 1950 MHz, 222.47 W, 59, P2, 0x0000000000000000
2026/08/26 21:38:57.907, 0, 20770 MiB, 85 %, 1950 MHz, 1950 MHz, 221.76 W, 59, P2, 0x0000000000000000
2026/08/26 21:38:58.907, 0, 20770 MiB, 84 %, 1950 MHz, 1950 MHz, 219.40 W, 60, P2, 0x0000000000000000
2026/08/26 21:38:59.908, 0, 20770 MiB, 83 %, 1950 MHz, 1950 MHz, 220.74 W, 60, P2, 0x0000000000000000
2026/08/26 21:39:00.908, 0, 20770 MiB, 85 %, 1950 MHz, 1950 MHz, 223.22 W, 60, P2, 0x0000000000000000
2026/08/26 21:39:01.908, 0, 20770 MiB, 83 %, 1950 MHz, 1950 MHz, 226.32 W, 60, P2, 0x0000000000000000
2026/08/26 21:39:02.908, 0, 20774 MiB, 81 %, 1950 MHz, 1950 MHz, 223.90 W, 60, P2, 0x0000000000000000
2026/08/26 21:39:03.908, 0, 20774 MiB, 81 %, 1950 MHz, 1950 MHz, 220.90 W, 60, P2, 0x0000000000000000
2026/08/26 21:39:04.909, 0, 20774 MiB, 85 %, 1950 MHz, 1950 MHz, 222.25 W, 60, P2, 0x0000000000000000
2026/08/26 21:39:05.909, 0, 20774 MiB, 42 %, 1950 MHz, 1950 MHz, 214.62 W, 60, P2, 0x0000000000000000
2026/08/26 21:39:06.909, 0, 20774 MiB, 83 %, 1950 MHz, 1950 MHz, 224.07 W, 60, P2, 0x0000000000000000
2026/08/26 21:39:07.909, 0, 20774 MiB, 84 %, 1950 MHz, 1950 MHz, 221.48 W, 60, P2, 0x0000000000000000
2026/08/26 21:39:08.909, 0, 20774 MiB, 85 %, 1950 MHz, 1950 MHz, 221.58 W, 60, P2, 0x0000000000000000
2026/08/26 21:39:09.910, 0, 20774 MiB, 78 %, 1950 MHz, 1950 MHz, 225.13 W, 61, P2, 0x0000000000000000
2026/08/26 21:39:10.910, 0, 20774 MiB, 83 %, 1950 MHz, 1950 MHz, 228.38 W, 61, P2, 0x0000000000000000
2026/08/26 21:39:11.910, 0, 20774 MiB, 82 %, 1950 MHz, 1950 MHz, 222.02 W, 61, P2, 0x0000000000000000
2026/08/26 21:39:12.910, 0, 20774 MiB, 80 %, 1950 MHz, 1950 MHz, 224.28 W, 61, P2, 0x0000000000000000
2026/08/26 21:39:13.911, 0, 20774 MiB, 84 %, 1950 MHz, 1950 MHz, 222.21 W, 61, P2, 0x0000000000000000
2026/08/26 21:39:14.911, 0, 20774 MiB, 82 %, 1950 MHz, 1950 MHz, 227.02 W, 61, P2, 0x0000000000000000
2026/08/26 21:39:15.911, 0, 20774 MiB, 82 %, 1950 MHz, 1950 MHz, 210.75 W, 61, P2, 0x0000000000000000
2026/08/26 21:39:16.911, 0, 20774 MiB, 81 %, 1950 MHz, 1950 MHz, 225.66 W, 61, P2, 0x0000000000000000
2026/08/26 21:39:17.911, 0, 20774 MiB, 81 %, 1950 MHz, 1950 MHz, 225.73 W, 61, P2, 0x0000000000000000
2026/08/26 21:39:18.911, 0, 20774 MiB, 84 %, 1950 MHz, 1950 MHz, 222.94 W, 61, P2, 0x0000000000000000
2026/08/26 21:39:19.911, 0, 20774 MiB, 82 %, 1950 MHz, 1950 MHz, 223.07 W, 61, P2, 0x0000000000000000
2026/08/26 21:39:20.912, 0, 20774 MiB, 80 %, 1950 MHz, 1950 MHz, 224.24 W, 61, P2, 0x0000000000000000
2026/08/26 21:39:21.912, 0, 20774 MiB, 84 %, 1950 MHz, 1950 MHz, 222.45 W, 61, P2, 0x0000000000000000
2026/08/26 21:39:22.912, 0, 20774 MiB, 84 %, 1950 MHz, 1950 MHz, 220.89 W, 61, P2, 0x0000000000000000
2026/08/26 21:39:23.912, 0, 20774 MiB, 82 %, 1950 MHz, 1950 MHz, 223.01 W, 61, P2, 0x0000000000000000
2026/08/26 21:39:24.912, 0, 20774 MiB, 84 %, 1950 MHz, 1950 MHz, 219.62 W, 61, P2, 0x0000000000000000
2026/08/26 21:39:25.912, 0, 20774 MiB, 82 %, 1950 MHz, 1950 MHz, 221.64 W, 62, P2, 0x0000000000000000
2026/08/26 21:39:26.913, 0, 20774 MiB, 81 %, 1950 MHz, 1950 MHz, 226.00 W, 61, P2, 0x0000000000000000
2026/08/26 21:39:27.913, 0, 20774 MiB, 66 %, 1950 MHz, 1950 MHz, 216.16 W, 61, P2, 0x0000000000000000
2026/08/26 21:39:28.913, 0, 20774 MiB, 81 %, 1950 MHz, 1950 MHz, 224.51 W, 61, P2, 0x0000000000000000
2026/08/26 21:39:29.913, 0, 20774 MiB, 82 %, 1950 MHz, 1950 MHz, 225.11 W, 62, P2, 0x0000000000000000
2026/08/26 21:39:30.913, 0, 20774 MiB, 85 %, 1950 MHz, 1950 MHz, 225.35 W, 62, P2, 0x0000000000000000
2026/08/26 21:39:31.914, 0, 20774 MiB, 84 %, 1950 MHz, 1950 MHz, 222.15 W, 61, P2, 0x0000000000000000
2026/08/26 21:39:32.914, 0, 20774 MiB, 81 %, 1950 MHz, 1950 MHz, 224.40 W, 62, P2, 0x0000000000000000
2026/08/26 21:39:33.914, 0, 20774 MiB, 85 %, 1950 MHz, 1950 MHz, 223.64 W, 61, P2, 0x0000000000000000
2026/08/26 21:39:34.914, 0, 20774 MiB, 83 %, 1950 MHz, 1950 MHz, 223.10 W, 62, P2, 0x0000000000000000
2026/08/26 21:39:35.915, 0, 20774 MiB, 84 %, 1950 MHz, 1950 MHz, 223.71 W, 62, P2, 0x0000000000000000
2026/08/26 21:39:36.915, 0, 20774 MiB, 81 %, 1950 MHz, 1950 MHz, 223.61 W, 62, P2, 0x0000000000000000
2026/08/26 21:39:37.915, 0, 20774 MiB, 81 %, 1950 MHz, 1950 MHz, 210.02 W, 60, P2, 0x0000000000000000
2026/08/26 21:39:38.915, 0, 20774 MiB, 82 %, 1950 MHz, 1950 MHz, 216.40 W, 62, P2, 0x0000000000000000
2026/08/26 21:39:39.915, 0, 20774 MiB, 82 %, 1950 MHz, 1950 MHz, 225.06 W, 62, P2, 0x0000000000000000
2026/08/26 21:39:40.916, 0, 20774 MiB, 78 %, 1950 MHz, 1950 MHz, 226.26 W, 62, P2, 0x0000000000000000
2026/08/26 21:39:41.916, 0, 20774 MiB, 84 %, 1950 MHz, 1950 MHz, 224.97 W, 62, P2, 0x0000000000000000
2026/08/26 21:39:42.916, 0, 20774 MiB, 84 %, 1950 MHz, 1950 MHz, 225.69 W, 62, P2, 0x0000000000000000
2026/08/26 21:39:43.916, 0, 20774 MiB, 85 %, 1950 MHz, 1950 MHz, 226.58 W, 62, P2, 0x0000000000000000
2026/08/26 21:39:44.916, 0, 20774 MiB, 83 %, 1950 MHz, 1950 MHz, 224.11 W, 62, P2, 0x0000000000000000
2026/08/26 21:39:45.917, 0, 20774 MiB, 81 %, 1950 MHz, 1950 MHz, 224.36 W, 62, P2, 0x0000000000000000
2026/08/26 21:39:46.917, 0, 20774 MiB, 81 %, 1950 MHz, 1950 MHz, 226.08 W, 62, P2, 0x0000000000000000
2026/08/26 21:39:47.917, 0, 20780 MiB, 69 %, 1950 MHz, 1950 MHz, 199.14 W, 61, P2, 0x0000000000000000
2026/08/26 21:39:48.917, 0, 20780 MiB, 80 %, 1950 MHz, 1950 MHz, 224.69 W, 62, P2, 0x0000000000000000
2026/08/26 21:39:49.918, 0, 20780 MiB, 78 %, 1950 MHz, 1950 MHz, 230.54 W, 62, P2, 0x0000000000000000
2026/08/26 21:39:50.918, 0, 20780 MiB, 84 %, 1950 MHz, 1950 MHz, 227.96 W, 63, P2, 0x0000000000000000
2026/08/26 21:39:51.918, 0, 20780 MiB, 85 %, 1950 MHz, 1950 MHz, 229.05 W, 63, P2, 0x0000000000000000
2026/08/26 21:39:52.918, 0, 20780 MiB, 83 %, 1950 MHz, 1950 MHz, 228.09 W, 63, P2, 0x0000000000000000
2026/08/26 21:39:53.918, 0, 20780 MiB, 85 %, 1950 MHz, 1950 MHz, 226.21 W, 63, P2, 0x0000000000000000
2026/08/26 21:39:54.919, 0, 20780 MiB, 81 %, 1950 MHz, 1950 MHz, 223.99 W, 62, P2, 0x0000000000000000
2026/08/26 21:39:55.919, 0, 20780 MiB, 67 %, 1950 MHz, 1950 MHz, 218.02 W, 62, P2, 0x0000000000000000
2026/08/26 21:39:56.919, 0, 20780 MiB, 82 %, 1950 MHz, 1950 MHz, 229.69 W, 63, P2, 0x0000000000000000
2026/08/26 21:39:57.919, 0, 20780 MiB, 77 %, 1950 MHz, 1950 MHz, 227.00 W, 62, P2, 0x0000000000000000
2026/08/26 21:39:58.919, 0, 20780 MiB, 83 %, 1950 MHz, 1950 MHz, 226.68 W, 63, P2, 0x0000000000000000
2026/08/26 21:39:59.920, 0, 20780 MiB, 83 %, 1950 MHz, 1950 MHz, 224.65 W, 62, P2, 0x0000000000000000
2026/08/26 21:40:00.920, 0, 20780 MiB, 85 %, 1950 MHz, 1950 MHz, 221.63 W, 63, P2, 0x0000000000000000
2026/08/26 21:40:01.920, 0, 20780 MiB, 81 %, 1950 MHz, 1950 MHz, 223.05 W, 63, P2, 0x0000000000000000
2026/08/26 21:40:02.920, 0, 20780 MiB, 82 %, 1950 MHz, 1950 MHz, 225.61 W, 63, P2, 0x0000000000000000
2026/08/26 21:40:03.921, 0, 20780 MiB, 83 %, 1950 MHz, 1950 MHz, 228.21 W, 63, P2, 0x0000000000000000
2026/08/26 21:40:04.921, 0, 20780 MiB, 80 %, 1950 MHz, 1950 MHz, 226.16 W, 63, P2, 0x0000000000000000
2026/08/26 21:40:05.921, 0, 20780 MiB, 42 %, 1950 MHz, 1950 MHz, 216.01 W, 62, P2, 0x0000000000000000
2026/08/26 21:40:06.921, 0, 20780 MiB, 84 %, 1950 MHz, 1950 MHz, 225.94 W, 62, P2, 0x0000000000000000
2026/08/26 21:40:07.921, 0, 20780 MiB, 83 %, 1950 MHz, 1950 MHz, 224.53 W, 63, P2, 0x0000000000000000
2026/08/26 21:40:08.921, 0, 20780 MiB, 83 %, 1950 MHz, 1950 MHz, 229.10 W, 63, P2, 0x0000000000000000
2026/08/26 21:40:09.922, 0, 20780 MiB, 84 %, 1950 MHz, 1950 MHz, 224.85 W, 62, P2, 0x0000000000000000
2026/08/26 21:40:10.922, 0, 20780 MiB, 77 %, 1950 MHz, 1950 MHz, 224.88 W, 63, P2, 0x0000000000000000
2026/08/26 21:40:11.922, 0, 20780 MiB, 78 %, 1950 MHz, 1950 MHz, 228.74 W, 63, P2, 0x0000000000000000
2026/08/26 21:40:12.922, 0, 20780 MiB, 80 %, 1950 MHz, 1950 MHz, 228.85 W, 63, P2, 0x0000000000000000
2026/08/26 21:40:13.923, 0, 20780 MiB, 83 %, 1950 MHz, 1950 MHz, 218.23 W, 62, P2, 0x0000000000000000
2026/08/26 21:40:14.923, 0, 20780 MiB, 78 %, 1950 MHz, 1950 MHz, 224.16 W, 63, P2, 0x0000000000000000
2026/08/26 21:40:15.923, 0, 20780 MiB, 84 %, 1950 MHz, 1950 MHz, 225.92 W, 63, P2, 0x0000000000000000
2026/08/26 21:40:16.923, 0, 20780 MiB, 79 %, 1950 MHz, 1950 MHz, 226.63 W, 63, P2, 0x0000000000000000
2026/08/26 21:40:17.923, 0, 20780 MiB, 83 %, 1950 MHz, 1950 MHz, 225.57 W, 63, P2, 0x0000000000000000
2026/08/26 21:40:18.924, 0, 20780 MiB, 84 %, 1950 MHz, 1950 MHz, 224.60 W, 63, P2, 0x0000000000000000
2026/08/26 21:40:19.924, 0, 20780 MiB, 81 %, 1950 MHz, 1950 MHz, 223.67 W, 62, P2, 0x0000000000000000
2026/08/26 21:40:20.924, 0, 20780 MiB, 83 %, 1950 MHz, 1950 MHz, 222.26 W, 63, P2, 0x0000000000000000
2026/08/26 21:40:21.924, 0, 20780 MiB, 85 %, 1950 MHz, 1950 MHz, 222.09 W, 63, P2, 0x0000000000000000
2026/08/26 21:40:22.924, 0, 20780 MiB, 83 %, 1950 MHz, 1950 MHz, 224.52 W, 63, P2, 0x0000000000000000
2026/08/26 21:40:23.925, 0, 20780 MiB, 84 %, 1950 MHz, 1950 MHz, 223.32 W, 63, P2, 0x0000000000000000
2026/08/26 21:40:24.925, 0, 20780 MiB, 81 %, 1950 MHz, 1950 MHz, 215.97 W, 62, P2, 0x0000000000000000
2026/08/26 21:40:25.925, 0, 20780 MiB, 81 %, 1950 MHz, 1950 MHz, 228.20 W, 64, P2, 0x0000000000000000
2026/08/26 21:40:26.925, 0, 20780 MiB, 81 %, 1950 MHz, 1950 MHz, 228.54 W, 64, P2, 0x0000000000000000
2026/08/26 21:40:27.925, 0, 20780 MiB, 84 %, 1950 MHz, 1950 MHz, 227.70 W, 63, P2, 0x0000000000000000
2026/08/26 21:40:28.925, 0, 20780 MiB, 82 %, 1950 MHz, 1950 MHz, 224.02 W, 63, P2, 0x0000000000000000
2026/08/26 21:40:29.926, 0, 20780 MiB, 81 %, 1950 MHz, 1950 MHz, 227.38 W, 64, P2, 0x0000000000000000
2026/08/26 21:40:30.926, 0, 20780 MiB, 85 %, 1950 MHz, 1950 MHz, 226.34 W, 64, P2, 0x0000000000000000
2026/08/26 21:40:31.926, 0, 20780 MiB, 83 %, 1950 MHz, 1950 MHz, 227.73 W, 64, P2, 0x0000000000000000
2026/08/26 21:40:32.926, 0, 20780 MiB, 84 %, 1950 MHz, 1950 MHz, 224.28 W, 63, P2, 0x0000000000000000
2026/08/26 21:40:33.926, 0, 20780 MiB, 82 %, 1950 MHz, 1950 MHz, 223.92 W, 64, P2, 0x0000000000000000
2026/08/26 21:40:34.926, 0, 20780 MiB, 79 %, 1950 MHz, 1950 MHz, 225.58 W, 63, P2, 0x0000000000000000
2026/08/26 21:40:35.926, 0, 20780 MiB, 85 %, 1950 MHz, 1950 MHz, 223.64 W, 63, P2, 0x0000000000000000
2026/08/26 21:40:36.927, 0, 20780 MiB, 81 %, 1950 MHz, 1950 MHz, 213.20 W, 62, P2, 0x0000000000000000
2026/08/26 21:40:37.927, 0, 20780 MiB, 83 %, 1950 MHz, 1950 MHz, 223.96 W, 63, P2, 0x0000000000000004
2026/08/26 21:40:38.927, 0, 20780 MiB, 79 %, 1950 MHz, 1950 MHz, 227.57 W, 63, P2, 0x0000000000000000
2026/08/26 21:40:39.927, 0, 20780 MiB, 79 %, 1950 MHz, 1950 MHz, 228.32 W, 64, P2, 0x0000000000000000
2026/08/26 21:40:40.927, 0, 20780 MiB, 84 %, 1950 MHz, 1950 MHz, 227.54 W, 63, P2, 0x0000000000000000
2026/08/26 21:40:41.927, 0, 20780 MiB, 85 %, 1950 MHz, 1950 MHz, 223.98 W, 64, P2, 0x0000000000000000
2026/08/26 21:40:42.927, 0, 20780 MiB, 85 %, 1950 MHz, 1950 MHz, 224.84 W, 63, P2, 0x0000000000000000
2026/08/26 21:40:43.927, 0, 20780 MiB, 76 %, 1950 MHz, 1950 MHz, 224.62 W, 64, P2, 0x0000000000000000
2026/08/26 21:40:44.928, 0, 20780 MiB, 85 %, 1950 MHz, 1950 MHz, 227.56 W, 64, P2, 0x0000000000000000
2026/08/26 21:40:45.928, 0, 20780 MiB, 81 %, 1950 MHz, 1950 MHz, 230.60 W, 63, P2, 0x0000000000000000
2026/08/26 21:40:46.928, 0, 346 MiB, 100 %, 1950 MHz, 1950 MHz, 200.00 W, 62, P2, 0x0000000000000000
2026/08/26 21:40:47.988, 0, 346 MiB, 0 %, 1950 MHz, 1950 MHz, 163.45 W, 61, P2, 0x0000000000000000
2026/08/26 21:40:48.988, 0, 346 MiB, 17 %, 1695 MHz, 1695 MHz, 154.69 W, 61, P2, 0x0000000000000000
2026/08/26 21:40:49.988, 0, 346 MiB, 19 %, 1695 MHz, 1695 MHz, 128.63 W, 59, P2, 0x0000000000000000
2026/08/26 21:40:50.988, 0, 19044 MiB, 58 %, 1950 MHz, 1950 MHz, 128.38 W, 59, P2, 0x0000000000000000
2026/08/26 21:40:51.988, 0, 19044 MiB, 100 %, 1950 MHz, 1950 MHz, 148.15 W, 60, P2, 0x0000000000000000
2026/08/26 21:40:52.990, 0, 19044 MiB, 100 %, 1950 MHz, 1950 MHz, 164.03 W, 60, P2, 0x0000000000000000
2026/08/26 21:40:53.990, 0, 19044 MiB, 99 %, 1950 MHz, 1950 MHz, 162.96 W, 60, P2, 0x0000000000000000
2026/08/26 21:40:54.990, 0, 19044 MiB, 100 %, 1950 MHz, 1950 MHz, 162.94 W, 60, P2, 0x0000000000000000
2026/08/26 21:40:55.992, 0, 19044 MiB, 100 %, 1950 MHz, 1950 MHz, 163.16 W, 60, P2, 0x0000000000000000
2026/08/26 21:40:56.992, 0, 19044 MiB, 100 %, 1950 MHz, 1950 MHz, 162.86 W, 60, P2, 0x0000000000000000
2026/08/26 21:40:57.992, 0, 19044 MiB, 99 %, 1950 MHz, 1950 MHz, 163.79 W, 60, P2, 0x0000000000000000
2026/08/26 21:40:58.992, 0, 19044 MiB, 99 %, 1950 MHz, 1950 MHz, 162.88 W, 60, P2, 0x0000000000000000
2026/08/26 21:40:59.993, 0, 19044 MiB, 100 %, 1950 MHz, 1950 MHz, 162.56 W, 60, P2, 0x0000000000000000
2026/08/26 21:41:00.993, 0, 19044 MiB, 100 %, 1950 MHz, 1950 MHz, 163.73 W, 60, P2, 0x0000000000000000
2026/08/26 21:41:01.993, 0, 20188 MiB, 100 %, 1950 MHz, 1950 MHz, 163.80 W, 60, P2, 0x0000000000000000
2026/08/26 21:41:02.993, 0, 22234 MiB, 99 %, 1950 MHz, 1950 MHz, 164.26 W, 59, P2, 0x0000000000000000
2026/08/26 21:41:03.993, 0, 22270 MiB, 77 %, 1950 MHz, 1950 MHz, 269.92 W, 65, P2, 0x0000000000000004
2026/08/26 21:41:04.993, 0, 22270 MiB, 77 %, 1935 MHz, 1935 MHz, 311.97 W, 65, P2, 0x0000000000000000
2026/08/26 21:41:05.993, 0, 22270 MiB, 66 %, 1935 MHz, 1935 MHz, 288.22 W, 65, P2, 0x0000000000000004
2026/08/26 21:41:06.994, 0, 22270 MiB, 77 %, 1935 MHz, 1935 MHz, 313.93 W, 66, P2, 0x0000000000000004
2026/08/26 21:41:07.994, 0, 22270 MiB, 81 %, 1935 MHz, 1935 MHz, 286.09 W, 63, P2, 0x0000000000000000
2026/08/26 21:41:08.994, 0, 22270 MiB, 76 %, 1935 MHz, 1935 MHz, 307.29 W, 67, P2, 0x0000000000000000
2026/08/26 21:41:09.994, 0, 22270 MiB, 74 %, 1935 MHz, 1935 MHz, 314.85 W, 67, P2, 0x0000000000000000
2026/08/26 21:41:10.994, 0, 22286 MiB, 73 %, 1935 MHz, 1935 MHz, 280.40 W, 67, P2, 0x0000000000000004
2026/08/26 21:41:11.994, 0, 22286 MiB, 77 %, 1935 MHz, 1935 MHz, 315.38 W, 68, P2, 0x0000000000000004
2026/08/26 21:41:12.995, 0, 22286 MiB, 77 %, 1935 MHz, 1935 MHz, 277.74 W, 65, P2, 0x0000000000000000
2026/08/26 21:41:13.995, 0, 22286 MiB, 80 %, 1935 MHz, 1935 MHz, 309.26 W, 68, P2, 0x0000000000000004
2026/08/26 21:41:14.995, 0, 22286 MiB, 75 %, 1935 MHz, 1935 MHz, 315.11 W, 68, P2, 0x0000000000000000
2026/08/26 21:41:15.995, 0, 22292 MiB, 100 %, 1935 MHz, 1935 MHz, 216.35 W, 66, P2, 0x0000000000000000
2026/08/26 21:41:16.996, 0, 22292 MiB, 78 %, 1935 MHz, 1935 MHz, 318.88 W, 68, P2, 0x0000000000000000
2026/08/26 21:41:17.996, 0, 22292 MiB, 75 %, 1935 MHz, 1935 MHz, 295.82 W, 65, P2, 0x0000000000000004
2026/08/26 21:41:18.996, 0, 22292 MiB, 74 %, 1935 MHz, 1935 MHz, 303.86 W, 68, P2, 0x0000000000000000
2026/08/26 21:41:19.996, 0, 22292 MiB, 78 %, 1935 MHz, 1935 MHz, 322.84 W, 69, P2, 0x0000000000000004
2026/08/26 21:41:20.996, 0, 22292 MiB, 62 %, 1935 MHz, 1935 MHz, 290.04 W, 69, P2, 0x0000000000000000
2026/08/26 21:41:21.996, 0, 22292 MiB, 78 %, 1935 MHz, 1935 MHz, 322.79 W, 69, P2, 0x0000000000000004
2026/08/26 21:41:22.997, 0, 22292 MiB, 68 %, 1935 MHz, 1935 MHz, 295.50 W, 69, P2, 0x0000000000000000
2026/08/26 21:41:23.997, 0, 22292 MiB, 78 %, 1935 MHz, 1935 MHz, 323.83 W, 69, P2, 0x0000000000000004
2026/08/26 21:41:24.997, 0, 22292 MiB, 76 %, 1905 MHz, 1905 MHz, 292.21 W, 67, P2, 0x0000000000000004
2026/08/26 21:41:25.997, 0, 22292 MiB, 79 %, 1935 MHz, 1935 MHz, 309.11 W, 69, P2, 0x0000000000000004
2026/08/26 21:41:26.997, 0, 22292 MiB, 82 %, 1935 MHz, 1935 MHz, 322.35 W, 70, P2, 0x0000000000000004
2026/08/26 21:41:27.998, 0, 22292 MiB, 34 %, 1935 MHz, 1935 MHz, 292.58 W, 70, P2, 0x0000000000000000
2026/08/26 21:41:28.998, 0, 22292 MiB, 73 %, 1935 MHz, 1935 MHz, 325.14 W, 70, P2, 0x0000000000000004
2026/08/26 21:41:29.998, 0, 22292 MiB, 76 %, 1920 MHz, 1920 MHz, 312.74 W, 70, P2, 0x0000000000000000
2026/08/26 21:41:30.998, 0, 346 MiB, 100 %, 1935 MHz, 1935 MHz, 248.99 W, 66, P2, 0x0000000000000000
2026/08/26 21:41:32.114, 0, 346 MiB, 0 %, 1935 MHz, 1935 MHz, 175.53 W, 64, P2, 0x0000000000000000
2026/08/26 21:41:33.114, 0, 346 MiB, 0 %, 1695 MHz, 1695 MHz, 170.45 W, 64, P2, 0x0000000000000000
2026/08/26 21:41:34.114, 0, 346 MiB, 0 %, 1695 MHz, 1695 MHz, 136.84 W, 62, P2, 0x0000000000000000
2026/08/26 21:41:35.114, 0, 18082 MiB, 100 %, 1935 MHz, 1935 MHz, 133.77 W, 61, P2, 0x0000000000000000
2026/08/26 21:41:36.115, 0, 18082 MiB, 100 %, 1935 MHz, 1935 MHz, 155.79 W, 62, P2, 0x0000000000000000
2026/08/26 21:41:37.117, 0, 18082 MiB, 100 %, 1935 MHz, 1935 MHz, 166.75 W, 62, P2, 0x0000000000000000
2026/08/26 21:41:38.117, 0, 18082 MiB, 100 %, 1935 MHz, 1935 MHz, 167.38 W, 62, P2, 0x0000000000000000
2026/08/26 21:41:39.125, 0, 18082 MiB, 100 %, 1935 MHz, 1935 MHz, 167.58 W, 62, P2, 0x0000000000000000
2026/08/26 21:41:40.125, 0, 18082 MiB, 100 %, 1935 MHz, 1935 MHz, 165.23 W, 61, P2, 0x0000000000000000
2026/08/26 21:41:41.125, 0, 18082 MiB, 100 %, 1935 MHz, 1935 MHz, 164.68 W, 61, P2, 0x0000000000000000
2026/08/26 21:41:42.125, 0, 18082 MiB, 99 %, 1935 MHz, 1935 MHz, 164.54 W, 61, P2, 0x0000000000000000
2026/08/26 21:41:43.126, 0, 18082 MiB, 99 %, 1935 MHz, 1935 MHz, 163.31 W, 61, P2, 0x0000000000000000
2026/08/26 21:41:44.126, 0, 20636 MiB, 99 %, 1935 MHz, 1935 MHz, 164.53 W, 61, P2, 0x0000000000000000
2026/08/26 21:41:45.126, 0, 21812 MiB, 74 %, 1935 MHz, 1935 MHz, 193.37 W, 64, P2, 0x0000000000000000
2026/08/26 21:41:46.126, 0, 21812 MiB, 69 %, 1935 MHz, 1935 MHz, 303.49 W, 66, P2, 0x0000000000000000
2026/08/26 21:41:47.126, 0, 21812 MiB, 68 %, 1935 MHz, 1935 MHz, 294.11 W, 64, P2, 0x0000000000000000
2026/08/26 21:41:48.126, 0, 21812 MiB, 66 %, 1935 MHz, 1935 MHz, 279.73 W, 67, P2, 0x0000000000000000
2026/08/26 21:41:49.127, 0, 21812 MiB, 73 %, 1935 MHz, 1935 MHz, 306.11 W, 67, P2, 0x0000000000000000
2026/08/26 21:41:50.127, 0, 21812 MiB, 64 %, 1935 MHz, 1935 MHz, 281.20 W, 67, P2, 0x0000000000000000
2026/08/26 21:41:51.127, 0, 21812 MiB, 67 %, 1935 MHz, 1935 MHz, 309.95 W, 67, P2, 0x0000000000000000
2026/08/26 21:41:52.127, 0, 21812 MiB, 66 %, 1935 MHz, 1935 MHz, 293.23 W, 64, P2, 0x0000000000000000
2026/08/26 21:41:53.127, 0, 21828 MiB, 66 %, 1935 MHz, 1935 MHz, 275.94 W, 67, P2, 0x0000000000000000
2026/08/26 21:41:54.128, 0, 21828 MiB, 76 %, 1935 MHz, 1935 MHz, 315.45 W, 68, P2, 0x0000000000000000
2026/08/26 21:41:55.128, 0, 21828 MiB, 56 %, 1935 MHz, 1935 MHz, 275.56 W, 67, P2, 0x0000000000000000
2026/08/26 21:41:56.128, 0, 21828 MiB, 67 %, 1935 MHz, 1935 MHz, 313.82 W, 69, P2, 0x0000000000000000
2026/08/26 21:41:57.128, 0, 21834 MiB, 67 %, 1935 MHz, 1935 MHz, 291.25 W, 66, P2, 0x0000000000000004
2026/08/26 21:41:58.128, 0, 21834 MiB, 99 %, 1935 MHz, 1935 MHz, 217.57 W, 67, P2, 0x0000000000000000
2026/08/26 21:41:59.129, 0, 21834 MiB, 75 %, 1935 MHz, 1935 MHz, 309.23 W, 68, P2, 0x0000000000000000
2026/08/26 21:42:00.129, 0, 21834 MiB, 37 %, 1935 MHz, 1935 MHz, 277.92 W, 68, P2, 0x0000000000000000
2026/08/26 21:42:01.129, 0, 21834 MiB, 72 %, 1935 MHz, 1935 MHz, 316.72 W, 69, P2, 0x0000000000000000
2026/08/26 21:42:02.129, 0, 21834 MiB, 69 %, 1935 MHz, 1935 MHz, 317.60 W, 69, P2, 0x0000000000000000
2026/08/26 21:42:03.129, 0, 21834 MiB, 68 %, 1935 MHz, 1935 MHz, 283.04 W, 69, P2, 0x0000000000000000
2026/08/26 21:42:04.129, 0, 21834 MiB, 68 %, 1935 MHz, 1935 MHz, 311.14 W, 69, P2, 0x0000000000000000
2026/08/26 21:42:05.130, 0, 21834 MiB, 67 %, 1935 MHz, 1935 MHz, 282.72 W, 69, P2, 0x0000000000000000
2026/08/26 21:42:06.130, 0, 21834 MiB, 67 %, 1935 MHz, 1935 MHz, 316.82 W, 69, P2, 0x0000000000000000
2026/08/26 21:42:07.130, 0, 21834 MiB, 74 %, 1935 MHz, 1935 MHz, 291.49 W, 66, P2, 0x0000000000000000
2026/08/26 21:42:08.130, 0, 21834 MiB, 67 %, 1935 MHz, 1935 MHz, 302.95 W, 70, P2, 0x0000000000000000
2026/08/26 21:42:09.130, 0, 21834 MiB, 68 %, 1935 MHz, 1935 MHz, 319.43 W, 70, P2, 0x0000000000000000
2026/08/26 21:42:10.131, 0, 21834 MiB, 52 %, 1935 MHz, 1935 MHz, 287.26 W, 69, P2, 0x0000000000000000
2026/08/26 21:42:11.131, 0, 21834 MiB, 66 %, 1935 MHz, 1935 MHz, 316.81 W, 71, P2, 0x0000000000000000
2026/08/26 21:42:12.131, 0, 21834 MiB, 72 %, 1935 MHz, 1935 MHz, 322.56 W, 71, P2, 0x0000000000000004
2026/08/26 21:42:13.131, 0, 346 MiB, 100 %, 1935 MHz, 1935 MHz, 262.17 W, 66, P2, 0x0000000000000000
2026/08/26 21:42:14.342, 0, 346 MiB, 0 %, 1935 MHz, 1935 MHz, 175.55 W, 64, P2, 0x0000000000000000
2026/08/26 21:42:15.343, 0, 346 MiB, 7 %, 1695 MHz, 1695 MHz, 165.61 W, 63, P2, 0x0000000000000000
2026/08/26 21:42:16.343, 0, 20144 MiB, 7 %, 1695 MHz, 1695 MHz, 150.22 W, 62, P2, 0x0000000000000000
2026/08/26 21:42:17.343, 0, 20144 MiB, 100 %, 1935 MHz, 1935 MHz, 140.67 W, 62, P2, 0x0000000000000000
2026/08/26 21:42:18.343, 0, 20144 MiB, 99 %, 1935 MHz, 1935 MHz, 168.54 W, 62, P2, 0x0000000000000000
2026/08/26 21:42:19.343, 0, 20144 MiB, 99 %, 1935 MHz, 1935 MHz, 165.89 W, 62, P2, 0x0000000000000000
2026/08/26 21:42:20.344, 0, 20144 MiB, 99 %, 1935 MHz, 1935 MHz, 165.66 W, 62, P2, 0x0000000000000000
2026/08/26 21:42:21.344, 0, 20144 MiB, 100 %, 1935 MHz, 1935 MHz, 164.74 W, 62, P2, 0x0000000000000000
2026/08/26 21:42:22.344, 0, 20144 MiB, 100 %, 1935 MHz, 1935 MHz, 165.14 W, 62, P2, 0x0000000000000000
2026/08/26 21:42:23.344, 0, 20144 MiB, 100 %, 1935 MHz, 1935 MHz, 165.00 W, 61, P2, 0x0000000000000000
2026/08/26 21:42:24.344, 0, 20144 MiB, 100 %, 1935 MHz, 1935 MHz, 164.15 W, 61, P2, 0x0000000000000000
2026/08/26 21:42:25.345, 0, 20144 MiB, 100 %, 1935 MHz, 1935 MHz, 165.53 W, 61, P2, 0x0000000000000000
2026/08/26 21:42:26.345, 0, 20802 MiB, 100 %, 1935 MHz, 1935 MHz, 167.12 W, 61, P2, 0x0000000000000000
2026/08/26 21:42:27.345, 0, 20816 MiB, 78 %, 1935 MHz, 1935 MHz, 251.26 W, 65, P2, 0x0000000000000000
2026/08/26 21:42:28.345, 0, 20816 MiB, 77 %, 1935 MHz, 1935 MHz, 278.54 W, 65, P2, 0x0000000000000000
2026/08/26 21:42:29.345, 0, 20816 MiB, 78 %, 1935 MHz, 1935 MHz, 282.80 W, 67, P2, 0x0000000000000000
2026/08/26 21:42:30.346, 0, 20816 MiB, 81 %, 1935 MHz, 1935 MHz, 285.57 W, 66, P2, 0x0000000000000000
2026/08/26 21:42:31.346, 0, 20816 MiB, 79 %, 1935 MHz, 1935 MHz, 287.96 W, 68, P2, 0x0000000000000000
2026/08/26 21:42:32.346, 0, 20816 MiB, 77 %, 1935 MHz, 1935 MHz, 327.50 W, 68, P2, 0x0000000000000000
2026/08/26 21:42:33.346, 0, 20816 MiB, 77 %, 1935 MHz, 1935 MHz, 309.98 W, 65, P2, 0x0000000000000000
2026/08/26 21:42:34.346, 0, 20816 MiB, 77 %, 1935 MHz, 1935 MHz, 296.81 W, 69, P2, 0x0000000000000000
2026/08/26 21:42:35.346, 0, 20816 MiB, 78 %, 1935 MHz, 1935 MHz, 313.39 W, 68, P2, 0x0000000000000000
2026/08/26 21:42:36.347, 0, 20816 MiB, 81 %, 1935 MHz, 1935 MHz, 290.70 W, 67, P2, 0x0000000000000000
2026/08/26 21:42:37.347, 0, 20816 MiB, 75 %, 1935 MHz, 1935 MHz, 278.11 W, 68, P2, 0x0000000000000000
2026/08/26 21:42:38.347, 0, 20816 MiB, 80 %, 1935 MHz, 1935 MHz, 316.12 W, 69, P2, 0x0000000000000000
2026/08/26 21:42:39.347, 0, 20816 MiB, 82 %, 1935 MHz, 1935 MHz, 312.70 W, 69, P2, 0x0000000000000000
2026/08/26 21:42:40.347, 0, 20816 MiB, 59 %, 1935 MHz, 1935 MHz, 285.79 W, 69, P2, 0x0000000000000000
2026/08/26 21:42:41.347, 0, 20816 MiB, 81 %, 1935 MHz, 1935 MHz, 311.97 W, 70, P2, 0x0000000000000000
2026/08/26 21:42:42.347, 0, 20816 MiB, 78 %, 1935 MHz, 1935 MHz, 305.71 W, 70, P2, 0x0000000000000000
2026/08/26 21:42:43.347, 0, 20824 MiB, 6 %, 1935 MHz, 1935 MHz, 254.75 W, 67, P2, 0x0000000000000000
2026/08/26 21:42:44.348, 0, 20824 MiB, 83 %, 1935 MHz, 1935 MHz, 266.07 W, 67, P2, 0x0000000000000000
2026/08/26 21:42:45.348, 0, 20824 MiB, 76 %, 1935 MHz, 1935 MHz, 277.56 W, 68, P2, 0x0000000000000000
2026/08/26 21:42:46.348, 0, 20824 MiB, 76 %, 1935 MHz, 1935 MHz, 269.82 W, 68, P2, 0x0000000000000000
2026/08/26 21:42:47.348, 0, 20824 MiB, 82 %, 1935 MHz, 1935 MHz, 247.43 W, 66, P2, 0x0000000000000000
2026/08/26 21:42:48.348, 0, 20824 MiB, 79 %, 1860 MHz, 1860 MHz, 233.20 W, 66, P2, 0x0000000000000004
2026/08/26 21:42:49.348, 0, 20824 MiB, 83 %, 1935 MHz, 1935 MHz, 277.39 W, 68, P2, 0x0000000000000000
2026/08/26 21:42:50.348, 0, 20824 MiB, 78 %, 1935 MHz, 1935 MHz, 310.06 W, 69, P2, 0x0000000000000000
2026/08/26 21:42:51.349, 0, 20824 MiB, 77 %, 1935 MHz, 1935 MHz, 294.67 W, 69, P2, 0x0000000000000000
2026/08/26 21:42:52.349, 0, 20824 MiB, 75 %, 1935 MHz, 1935 MHz, 254.43 W, 67, P2, 0x0000000000000000
2026/08/26 21:42:53.349, 0, 20824 MiB, 76 %, 1935 MHz, 1935 MHz, 283.10 W, 67, P2, 0x0000000000000000
2026/08/26 21:42:54.349, 0, 20824 MiB, 78 %, 1935 MHz, 1935 MHz, 276.25 W, 68, P2, 0x0000000000000000
2026/08/26 21:42:55.349, 0, 20824 MiB, 75 %, 1935 MHz, 1935 MHz, 266.39 W, 69, P2, 0x0000000000000000
2026/08/26 21:42:56.349, 0, 20824 MiB, 76 %, 1935 MHz, 1935 MHz, 263.40 W, 66, P2, 0x0000000000000000
2026/08/26 21:42:57.349, 0, 20824 MiB, 76 %, 1935 MHz, 1935 MHz, 302.37 W, 70, P2, 0x0000000000000000
2026/08/26 21:42:58.349, 0, 20824 MiB, 77 %, 1935 MHz, 1935 MHz, 329.39 W, 70, P2, 0x0000000000000000
2026/08/26 21:42:59.350, 0, 20824 MiB, 76 %, 1935 MHz, 1935 MHz, 293.76 W, 67, P2, 0x0000000000000000
2026/08/26 21:43:00.350, 0, 20824 MiB, 74 %, 1935 MHz, 1935 MHz, 291.72 W, 71, P2, 0x0000000000000000
2026/08/26 21:43:01.350, 0, 20824 MiB, 77 %, 1935 MHz, 1935 MHz, 327.77 W, 70, P2, 0x0000000000000000
2026/08/26 21:43:02.350, 0, 20824 MiB, 77 %, 1935 MHz, 1935 MHz, 306.71 W, 71, P2, 0x0000000000000000
2026/08/26 21:43:03.350, 0, 20824 MiB, 76 %, 1920 MHz, 1920 MHz, 280.12 W, 71, P2, 0x0000000000000000
2026/08/26 21:43:04.350, 0, 20824 MiB, 78 %, 1935 MHz, 1935 MHz, 315.65 W, 71, P2, 0x0000000000000000
2026/08/26 21:43:05.350, 0, 20824 MiB, 75 %, 1935 MHz, 1935 MHz, 336.14 W, 72, P2, 0x0000000000000000
2026/08/26 21:43:06.351, 0, 99 MiB, 100 %, 1935 MHz, 1935 MHz, 204.40 W, 66, P0, 0x0000000000000000
2026/08/26 21:43:07.351, 0, 346 MiB, 0 %, 1935 MHz, 1935 MHz, 174.32 W, 65, P2, 0x0000000000000000
2026/08/26 21:43:08.352, 0, 346 MiB, 7 %, 1935 MHz, 1935 MHz, 171.74 W, 64, P2, 0x0000000000000000
2026/08/26 21:43:09.352, 0, 346 MiB, 0 %, 1695 MHz, 1695 MHz, 146.90 W, 62, P2, 0x0000000000000000
2026/08/26 21:43:10.352, 0, 20144 MiB, 100 %, 1935 MHz, 1935 MHz, 151.49 W, 63, P2, 0x0000000000000000
2026/08/26 21:43:11.352, 0, 20144 MiB, 100 %, 1935 MHz, 1935 MHz, 169.76 W, 63, P2, 0x0000000000000000
2026/08/26 21:43:12.352, 0, 20144 MiB, 99 %, 1935 MHz, 1935 MHz, 169.79 W, 63, P2, 0x0000000000000000
2026/08/26 21:43:13.352, 0, 20144 MiB, 100 %, 1935 MHz, 1935 MHz, 167.51 W, 62, P2, 0x0000000000000000
2026/08/26 21:43:14.353, 0, 20144 MiB, 99 %, 1935 MHz, 1935 MHz, 166.68 W, 62, P2, 0x0000000000000000
2026/08/26 21:43:15.353, 0, 20144 MiB, 99 %, 1935 MHz, 1935 MHz, 165.90 W, 62, P2, 0x0000000000000000
2026/08/26 21:43:16.353, 0, 20144 MiB, 99 %, 1935 MHz, 1935 MHz, 166.24 W, 62, P2, 0x0000000000000000
2026/08/26 21:43:17.353, 0, 20144 MiB, 100 %, 1935 MHz, 1935 MHz, 166.09 W, 62, P2, 0x0000000000000000
2026/08/26 21:43:18.353, 0, 20144 MiB, 100 %, 1935 MHz, 1935 MHz, 165.21 W, 61, P2, 0x0000000000000000
2026/08/26 21:43:19.353, 0, 20144 MiB, 100 %, 1935 MHz, 1935 MHz, 165.32 W, 61, P2, 0x0000000000000000
2026/08/26 21:43:20.353, 0, 20816 MiB, 77 %, 1935 MHz, 1935 MHz, 262.81 W, 67, P2, 0x0000000000000000
2026/08/26 21:43:21.354, 0, 20816 MiB, 75 %, 1935 MHz, 1935 MHz, 322.11 W, 68, P2, 0x0000000000000000
2026/08/26 21:43:22.354, 0, 20818 MiB, 76 %, 1935 MHz, 1935 MHz, 316.90 W, 68, P2, 0x0000000000000000
2026/08/26 21:43:23.354, 0, 20822 MiB, 76 %, 1935 MHz, 1935 MHz, 238.47 W, 66, P2, 0x0000000000000000
2026/08/26 21:43:24.354, 0, 20822 MiB, 78 %, 1935 MHz, 1935 MHz, 326.63 W, 68, P2, 0x0000000000000000
2026/08/26 21:43:25.354, 0, 20822 MiB, 77 %, 1935 MHz, 1935 MHz, 328.79 W, 69, P2, 0x0000000000000000
2026/08/26 21:43:26.354, 0, 20822 MiB, 64 %, 1935 MHz, 1935 MHz, 252.51 W, 64, P2, 0x0000000000000004
2026/08/26 21:43:27.354, 0, 20822 MiB, 75 %, 1935 MHz, 1935 MHz, 312.23 W, 69, P2, 0x0000000000000000
2026/08/26 21:43:28.355, 0, 20822 MiB, 78 %, 1935 MHz, 1935 MHz, 329.29 W, 69, P2, 0x0000000000000000
2026/08/26 21:43:29.355, 0, 20824 MiB, 11 %, 1860 MHz, 1860 MHz, 275.62 W, 69, P2, 0x0000000000000004
2026/08/26 21:43:30.355, 0, 20824 MiB, 77 %, 1935 MHz, 1935 MHz, 284.60 W, 69, P2, 0x0000000000000000
2026/08/26 21:43:31.355, 0, 20824 MiB, 78 %, 1935 MHz, 1935 MHz, 329.47 W, 70, P2, 0x0000000000000000
2026/08/26 21:43:32.355, 0, 20824 MiB, 78 %, 1935 MHz, 1935 MHz, 293.09 W, 67, P2, 0x0000000000000000
2026/08/26 21:43:33.355, 0, 20824 MiB, 73 %, 1935 MHz, 1935 MHz, 282.58 W, 69, P2, 0x0000000000000000
2026/08/26 21:43:34.355, 0, 20824 MiB, 78 %, 1935 MHz, 1935 MHz, 330.94 W, 70, P2, 0x0000000000000000
2026/08/26 21:43:35.355, 0, 20824 MiB, 77 %, 1935 MHz, 1935 MHz, 306.02 W, 67, P2, 0x0000000000000000
2026/08/26 21:43:36.356, 0, 20824 MiB, 78 %, 1935 MHz, 1935 MHz, 218.48 W, 65, P2, 0x0000000000000000
2026/08/26 21:43:37.356, 0, 20824 MiB, 77 %, 1935 MHz, 1935 MHz, 316.59 W, 70, P2, 0x0000000000000000
2026/08/26 21:43:38.356, 0, 20824 MiB, 79 %, 1935 MHz, 1935 MHz, 327.60 W, 70, P2, 0x0000000000000000
2026/08/26 21:43:39.356, 0, 20824 MiB, 39 %, 1920 MHz, 1920 MHz, 277.30 W, 67, P2, 0x0000000000000004
2026/08/26 21:43:40.356, 0, 20824 MiB, 77 %, 1935 MHz, 1935 MHz, 294.78 W, 70, P2, 0x0000000000000000
2026/08/26 21:43:41.356, 0, 20824 MiB, 77 %, 1935 MHz, 1935 MHz, 333.52 W, 71, P2, 0x0000000000000000
2026/08/26 21:43:42.356, 0, 20824 MiB, 78 %, 1935 MHz, 1935 MHz, 303.58 W, 70, P2, 0x0000000000000000
2026/08/26 21:43:43.357, 0, 20824 MiB, 77 %, 1935 MHz, 1935 MHz, 332.27 W, 71, P2, 0x0000000000000000
2026/08/26 21:43:44.357, 0, 20824 MiB, 78 %, 1935 MHz, 1935 MHz, 332.26 W, 72, P2, 0x0000000000000000
2026/08/26 21:43:45.357, 0, 20824 MiB, 10 %, 1920 MHz, 1920 MHz, 287.20 W, 71, P2, 0x0000000000000004
2026/08/26 21:43:46.357, 0, 20824 MiB, 74 %, 1935 MHz, 1935 MHz, 281.64 W, 71, P2, 0x0000000000000000
2026/08/26 21:43:47.357, 0, 20824 MiB, 79 %, 1935 MHz, 1935 MHz, 333.38 W, 72, P2, 0x0000000000000000
2026/08/26 21:43:48.357, 0, 20824 MiB, 78 %, 1935 MHz, 1935 MHz, 299.70 W, 68, P2, 0x0000000000000000
2026/08/26 21:43:49.357, 0, 20824 MiB, 87 %, 1935 MHz, 1935 MHz, 274.92 W, 71, P2, 0x0000000000000000
2026/08/26 21:43:50.357, 0, 20824 MiB, 77 %, 1935 MHz, 1935 MHz, 336.62 W, 72, P2, 0x0000000000000000
2026/08/26 21:43:51.358, 0, 20824 MiB, 78 %, 1935 MHz, 1935 MHz, 323.67 W, 71, P2, 0x0000000000000000
2026/08/26 21:43:52.358, 0, 20824 MiB, 100 %, 1935 MHz, 1935 MHz, 247.14 W, 71, P2, 0x0000000000000000
2026/08/26 21:43:53.358, 0, 20824 MiB, 77 %, 1935 MHz, 1935 MHz, 335.53 W, 72, P2, 0x0000000000000000
2026/08/26 21:43:54.358, 0, 20824 MiB, 77 %, 1935 MHz, 1935 MHz, 336.44 W, 73, P2, 0x0000000000000000
2026/08/26 21:43:55.358, 0, 85 MiB, 100 %, 1935 MHz, 1935 MHz, 286.17 W, 68, P2, 0x0000000000000000
2026/08/26 21:43:56.375, 0, 346 MiB, 0 %, 1935 MHz, 1935 MHz, 182.01 W, 66, P2, 0x0000000000000000
2026/08/26 21:43:57.388, 0, 346 MiB, 4 %, 1935 MHz, 1935 MHz, 172.17 W, 65, P2, 0x0000000000000000
2026/08/26 21:43:58.389, 0, 346 MiB, 6 %, 1695 MHz, 1695 MHz, 148.10 W, 62, P2, 0x0000000000000000
2026/08/26 21:43:59.389, 0, 20144 MiB, 100 %, 1935 MHz, 1935 MHz, 153.06 W, 64, P2, 0x0000000000000000
2026/08/26 21:44:00.389, 0, 20144 MiB, 100 %, 1935 MHz, 1935 MHz, 169.00 W, 63, P2, 0x0000000000000000
2026/08/26 21:44:01.389, 0, 20144 MiB, 100 %, 1935 MHz, 1935 MHz, 168.73 W, 63, P2, 0x0000000000000000
2026/08/26 21:44:02.389, 0, 20144 MiB, 100 %, 1935 MHz, 1935 MHz, 168.29 W, 63, P2, 0x0000000000000000
2026/08/26 21:44:03.389, 0, 20144 MiB, 99 %, 1935 MHz, 1935 MHz, 169.68 W, 63, P2, 0x0000000000000000
2026/08/26 21:44:04.390, 0, 20144 MiB, 100 %, 1935 MHz, 1935 MHz, 167.69 W, 62, P2, 0x0000000000000000
2026/08/26 21:44:05.390, 0, 20144 MiB, 100 %, 1935 MHz, 1935 MHz, 166.68 W, 62, P2, 0x0000000000000000
2026/08/26 21:44:06.390, 0, 20144 MiB, 100 %, 1935 MHz, 1935 MHz, 166.07 W, 62, P2, 0x0000000000000000
2026/08/26 21:44:07.390, 0, 20144 MiB, 100 %, 1935 MHz, 1935 MHz, 165.34 W, 62, P2, 0x0000000000000000
2026/08/26 21:44:08.390, 0, 20144 MiB, 99 %, 1935 MHz, 1935 MHz, 165.56 W, 61, P2, 0x0000000000000000
2026/08/26 21:44:09.391, 0, 20816 MiB, 0 %, 1935 MHz, 1935 MHz, 182.89 W, 65, P2, 0x0000000000000000
2026/08/26 21:44:10.391, 0, 20816 MiB, 79 %, 1935 MHz, 1935 MHz, 322.31 W, 68, P2, 0x0000000000000000
2026/08/26 21:44:11.391, 0, 20816 MiB, 77 %, 1935 MHz, 1935 MHz, 328.08 W, 68, P2, 0x0000000000000000
2026/08/26 21:44:12.391, 0, 20820 MiB, 52 %, 1935 MHz, 1935 MHz, 281.34 W, 68, P2, 0x0000000000000000
2026/08/26 21:44:13.391, 0, 20820 MiB, 78 %, 1935 MHz, 1935 MHz, 328.77 W, 69, P2, 0x0000000000000000
2026/08/26 21:44:14.391, 0, 20820 MiB, 77 %, 1935 MHz, 1935 MHz, 326.61 W, 69, P2, 0x0000000000000000
2026/08/26 21:44:15.392, 0, 20820 MiB, 51 %, 1935 MHz, 1935 MHz, 281.08 W, 69, P2, 0x0000000000000000
2026/08/26 21:44:16.392, 0, 20820 MiB, 78 %, 1935 MHz, 1935 MHz, 330.41 W, 69, P2, 0x0000000000000000
2026/08/26 21:44:17.392, 0, 20820 MiB, 78 %, 1935 MHz, 1935 MHz, 328.98 W, 70, P2, 0x0000000000000000
2026/08/26 21:44:18.392, 0, 20820 MiB, 74 %, 1935 MHz, 1935 MHz, 287.37 W, 69, P2, 0x0000000000000000
2026/08/26 21:44:19.392, 0, 20820 MiB, 77 %, 1935 MHz, 1935 MHz, 329.98 W, 70, P2, 0x0000000000000000
2026/08/26 21:44:20.392, 0, 20820 MiB, 74 %, 1935 MHz, 1935 MHz, 330.78 W, 70, P2, 0x0000000000000000
2026/08/26 21:44:21.393, 0, 20820 MiB, 74 %, 1935 MHz, 1935 MHz, 283.82 W, 70, P2, 0x0000000000000000
2026/08/26 21:44:22.393, 0, 20820 MiB, 78 %, 1935 MHz, 1935 MHz, 334.02 W, 71, P2, 0x0000000000000000
2026/08/26 21:44:23.393, 0, 20820 MiB, 79 %, 1935 MHz, 1935 MHz, 333.29 W, 69, P2, 0x0000000000000000
2026/08/26 21:44:24.393, 0, 20826 MiB, 85 %, 1935 MHz, 1935 MHz, 261.19 W, 70, P2, 0x0000000000000000
2026/08/26 21:44:25.393, 0, 20826 MiB, 77 %, 1935 MHz, 1935 MHz, 324.35 W, 71, P2, 0x0000000000000000
2026/08/26 21:44:26.394, 0, 20826 MiB, 77 %, 1935 MHz, 1935 MHz, 335.87 W, 71, P2, 0x0000000000000000
2026/08/26 21:44:27.394, 0, 20826 MiB, 63 %, 1935 MHz, 1935 MHz, 293.76 W, 71, P2, 0x0000000000000000
2026/08/26 21:44:28.394, 0, 20826 MiB, 79 %, 1935 MHz, 1935 MHz, 339.43 W, 72, P2, 0x0000000000000000
2026/08/26 21:44:29.394, 0, 20826 MiB, 80 %, 1935 MHz, 1935 MHz, 339.36 W, 72, P2, 0x0000000000000000
2026/08/26 21:44:30.394, 0, 20826 MiB, 78 %, 1935 MHz, 1935 MHz, 295.34 W, 72, P2, 0x0000000000000000
2026/08/26 21:44:31.395, 0, 20826 MiB, 79 %, 1935 MHz, 1935 MHz, 339.73 W, 72, P2, 0x0000000000000000
2026/08/26 21:44:32.395, 0, 20826 MiB, 78 %, 1935 MHz, 1935 MHz, 322.75 W, 69, P2, 0x0000000000000000
2026/08/26 21:44:33.395, 0, 20826 MiB, 77 %, 1935 MHz, 1935 MHz, 294.91 W, 72, P2, 0x0000000000000000
2026/08/26 21:44:34.395, 0, 20826 MiB, 80 %, 1935 MHz, 1935 MHz, 341.55 W, 73, P2, 0x0000000000000000
2026/08/26 21:44:35.395, 0, 20826 MiB, 77 %, 1935 MHz, 1935 MHz, 309.15 W, 69, P2, 0x0000000000000004
2026/08/26 21:44:36.396, 0, 20826 MiB, 78 %, 1935 MHz, 1935 MHz, 315.60 W, 73, P2, 0x0000000000000000
2026/08/26 21:44:37.396, 0, 20826 MiB, 78 %, 1935 MHz, 1935 MHz, 338.26 W, 73, P2, 0x0000000000000000
2026/08/26 21:44:38.396, 0, 20826 MiB, 77 %, 1920 MHz, 1920 MHz, 298.64 W, 71, P2, 0x0000000000000004
2026/08/26 21:44:39.396, 0, 20826 MiB, 77 %, 1935 MHz, 1935 MHz, 327.39 W, 73, P2, 0x0000000000000000
2026/08/26 21:44:40.396, 0, 20826 MiB, 75 %, 1935 MHz, 1935 MHz, 337.41 W, 73, P2, 0x0000000000000000
2026/08/26 21:44:41.397, 0, 82 MiB, 78 %, 1935 MHz, 1935 MHz, 273.95 W, 69, P2, 0x0000000000000000
2026/08/26 21:44:42.397, 0, 346 MiB, 0 %, 1935 MHz, 1935 MHz, 182.93 W, 67, P2, 0x0000000000000000
2026/08/26 21:44:43.397, 0, 346 MiB, 0 %, 1935 MHz, 1935 MHz, 174.83 W, 66, P2, 0x0000000000000000
2026/08/26 21:44:44.397, 0, 346 MiB, 0 %, 1695 MHz, 1695 MHz, 170.55 W, 64, P2, 0x0000000000000000
2026/08/26 21:44:45.398, 0, 20144 MiB, 100 %, 1695 MHz, 1695 MHz, 135.84 W, 63, P2, 0x0000000000000000
2026/08/26 21:44:46.398, 0, 20144 MiB, 100 %, 1935 MHz, 1935 MHz, 160.48 W, 64, P2, 0x0000000000000000
2026/08/26 21:44:47.398, 0, 20144 MiB, 100 %, 1935 MHz, 1935 MHz, 169.75 W, 63, P2, 0x0000000000000000
2026/08/26 21:44:48.398, 0, 20144 MiB, 100 %, 1935 MHz, 1935 MHz, 170.23 W, 63, P2, 0x0000000000000000
2026/08/26 21:44:49.398, 0, 20144 MiB, 100 %, 1935 MHz, 1935 MHz, 167.63 W, 63, P2, 0x0000000000000000
2026/08/26 21:44:50.399, 0, 20144 MiB, 100 %, 1935 MHz, 1935 MHz, 166.93 W, 63, P2, 0x0000000000000000
2026/08/26 21:44:51.399, 0, 20144 MiB, 100 %, 1935 MHz, 1935 MHz, 167.16 W, 62, P2, 0x0000000000000000
2026/08/26 21:44:52.399, 0, 20144 MiB, 99 %, 1935 MHz, 1935 MHz, 166.59 W, 62, P2, 0x0000000000000000
2026/08/26 21:44:53.399, 0, 20144 MiB, 99 %, 1935 MHz, 1935 MHz, 166.08 W, 62, P2, 0x0000000000000000
2026/08/26 21:44:54.400, 0, 20144 MiB, 100 %, 1935 MHz, 1935 MHz, 166.30 W, 62, P2, 0x0000000000000000
2026/08/26 21:44:55.400, 0, 20800 MiB, 46 %, 1935 MHz, 1935 MHz, 169.16 W, 62, P2, 0x0000000000000000
2026/08/26 21:44:56.400, 0, 20816 MiB, 78 %, 1935 MHz, 1935 MHz, 226.13 W, 67, P2, 0x0000000000000000
2026/08/26 21:44:57.408, 0, 20816 MiB, 78 %, 1935 MHz, 1935 MHz, 325.54 W, 68, P2, 0x0000000000000000
2026/08/26 21:44:58.408, 0, 20816 MiB, 77 %, 1935 MHz, 1935 MHz, 328.44 W, 68, P2, 0x0000000000000000
2026/08/26 21:44:59.408, 0, 20816 MiB, 77 %, 1935 MHz, 1935 MHz, 293.76 W, 69, P2, 0x0000000000000000
2026/08/26 21:45:00.408, 0, 20816 MiB, 78 %, 1935 MHz, 1935 MHz, 327.53 W, 69, P2, 0x0000000000000000
2026/08/26 21:45:01.409, 0, 20816 MiB, 77 %, 1935 MHz, 1935 MHz, 329.37 W, 69, P2, 0x0000000000000000
2026/08/26 21:45:02.409, 0, 20816 MiB, 80 %, 1935 MHz, 1935 MHz, 294.48 W, 69, P2, 0x0000000000000000
2026/08/26 21:45:03.409, 0, 20816 MiB, 78 %, 1935 MHz, 1935 MHz, 330.76 W, 70, P2, 0x0000000000000000
2026/08/26 21:45:04.409, 0, 20816 MiB, 17 %, 1935 MHz, 1935 MHz, 321.04 W, 67, P2, 0x0000000000000000
2026/08/26 21:45:05.409, 0, 20816 MiB, 77 %, 1935 MHz, 1935 MHz, 283.25 W, 70, P2, 0x0000000000000000
2026/08/26 21:45:06.409, 0, 20816 MiB, 78 %, 1935 MHz, 1935 MHz, 337.70 W, 71, P2, 0x0000000000000000
2026/08/26 21:45:07.409, 0, 20816 MiB, 40 %, 1935 MHz, 1935 MHz, 313.11 W, 67, P2, 0x0000000000000000
2026/08/26 21:45:08.409, 0, 20816 MiB, 78 %, 1935 MHz, 1935 MHz, 304.85 W, 71, P2, 0x0000000000000000
2026/08/26 21:45:09.409, 0, 20816 MiB, 77 %, 1935 MHz, 1935 MHz, 334.68 W, 71, P2, 0x0000000000000000
2026/08/26 21:45:10.410, 0, 20824 MiB, 97 %, 1935 MHz, 1935 MHz, 305.13 W, 69, P2, 0x0000000000000004
2026/08/26 21:45:11.410, 0, 20824 MiB, 79 %, 1935 MHz, 1935 MHz, 284.70 W, 71, P2, 0x0000000000000000
2026/08/26 21:45:12.410, 0, 20824 MiB, 78 %, 1935 MHz, 1935 MHz, 335.32 W, 71, P2, 0x0000000000000000
2026/08/26 21:45:13.410, 0, 20824 MiB, 38 %, 1935 MHz, 1935 MHz, 319.30 W, 69, P2, 0x0000000000000000
2026/08/26 21:45:14.410, 0, 20824 MiB, 79 %, 1935 MHz, 1935 MHz, 301.81 W, 72, P2, 0x0000000000000000
2026/08/26 21:45:15.410, 0, 20824 MiB, 76 %, 1935 MHz, 1935 MHz, 337.74 W, 72, P2, 0x0000000000000000
2026/08/26 21:45:16.410, 0, 20824 MiB, 65 %, 1920 MHz, 1920 MHz, 304.52 W, 69, P2, 0x0000000000000004
2026/08/26 21:45:17.410, 0, 20824 MiB, 76 %, 1935 MHz, 1935 MHz, 321.02 W, 72, P2, 0x0000000000000000
2026/08/26 21:45:18.411, 0, 20824 MiB, 78 %, 1935 MHz, 1935 MHz, 338.04 W, 72, P2, 0x0000000000000000
2026/08/26 21:45:19.411, 0, 20824 MiB, 78 %, 1935 MHz, 1935 MHz, 308.27 W, 72, P2, 0x0000000000000000
2026/08/26 21:45:20.411, 0, 20824 MiB, 77 %, 1935 MHz, 1935 MHz, 338.25 W, 73, P2, 0x0000000000000000
2026/08/26 21:45:21.411, 0, 20824 MiB, 78 %, 1935 MHz, 1935 MHz, 338.96 W, 73, P2, 0x0000000000000000
2026/08/26 21:45:22.411, 0, 20824 MiB, 77 %, 1935 MHz, 1935 MHz, 295.52 W, 72, P2, 0x0000000000000000
2026/08/26 21:45:23.411, 0, 20824 MiB, 78 %, 1935 MHz, 1935 MHz, 335.60 W, 73, P2, 0x0000000000000000
2026/08/26 21:45:24.411, 0, 20824 MiB, 77 %, 1935 MHz, 1935 MHz, 338.56 W, 73, P2, 0x0000000000000000
2026/08/26 21:45:25.411, 0, 20824 MiB, 77 %, 1935 MHz, 1935 MHz, 303.07 W, 73, P2, 0x0000000000000000
2026/08/26 21:45:26.412, 0, 20824 MiB, 78 %, 1935 MHz, 1935 MHz, 339.18 W, 74, P2, 0x0000000000000000
2026/08/26 21:45:27.412, 0, 392 MiB, 78 %, 1935 MHz, 1935 MHz, 339.68 W, 74, P2, 0x0000000000000000
2026/08/26 21:45:28.412, 0, 346 MiB, 0 %, 1935 MHz, 1935 MHz, 187.45 W, 67, P2, 0x0000000000000000
2026/08/26 21:45:29.412, 0, 346 MiB, 0 %, 1935 MHz, 1935 MHz, 175.39 W, 66, P2, 0x0000000000000000
2026/08/26 21:45:30.412, 0, 346 MiB, 0 %, 1695 MHz, 1695 MHz, 173.93 W, 65, P2, 0x0000000000000000
2026/08/26 21:45:31.412, 0, 19362 MiB, 0 %, 1695 MHz, 1695 MHz, 138.65 W, 63, P2, 0x0000000000000000
2026/08/26 21:45:32.413, 0, 19362 MiB, 100 %, 1950 MHz, 1950 MHz, 149.82 W, 64, P2, 0x0000000000000000
2026/08/26 21:45:33.413, 0, 19362 MiB, 100 %, 1950 MHz, 1950 MHz, 173.20 W, 64, P2, 0x0000000000000000
2026/08/26 21:45:34.413, 0, 19362 MiB, 100 %, 1950 MHz, 1950 MHz, 173.11 W, 63, P2, 0x0000000000000000
2026/08/26 21:45:35.413, 0, 19362 MiB, 99 %, 1950 MHz, 1950 MHz, 172.80 W, 63, P2, 0x0000000000000000
2026/08/26 21:45:36.413, 0, 19362 MiB, 100 %, 1950 MHz, 1950 MHz, 172.38 W, 63, P2, 0x0000000000000000
2026/08/26 21:45:37.413, 0, 19362 MiB, 100 %, 1950 MHz, 1950 MHz, 172.30 W, 63, P2, 0x0000000000000000
2026/08/26 21:45:38.413, 0, 19362 MiB, 100 %, 1950 MHz, 1950 MHz, 171.98 W, 62, P2, 0x0000000000000000
2026/08/26 21:45:39.414, 0, 19362 MiB, 99 %, 1950 MHz, 1950 MHz, 171.70 W, 62, P2, 0x0000000000000000
2026/08/26 21:45:40.414, 0, 19362 MiB, 100 %, 1950 MHz, 1950 MHz, 171.54 W, 62, P2, 0x0000000000000000
2026/08/26 21:45:41.414, 0, 19362 MiB, 100 %, 1950 MHz, 1950 MHz, 171.25 W, 62, P2, 0x0000000000000000
2026/08/26 21:45:42.414, 0, 19362 MiB, 100 %, 1950 MHz, 1950 MHz, 171.31 W, 62, P2, 0x0000000000000000
2026/08/26 21:45:43.414, 0, 20502 MiB, 16 %, 1950 MHz, 1950 MHz, 172.07 W, 61, P2, 0x0000000000000000
2026/08/26 21:45:44.414, 0, 20764 MiB, 72 %, 1950 MHz, 1950 MHz, 181.81 W, 62, P2, 0x0000000000000000
2026/08/26 21:45:45.414, 0, 20764 MiB, 83 %, 1950 MHz, 1950 MHz, 205.75 W, 63, P2, 0x0000000000000000
2026/08/26 21:45:46.415, 0, 20764 MiB, 84 %, 1950 MHz, 1950 MHz, 207.38 W, 62, P2, 0x0000000000000000
2026/08/26 21:45:47.415, 0, 20764 MiB, 85 %, 1950 MHz, 1950 MHz, 206.72 W, 63, P2, 0x0000000000000000
2026/08/26 21:45:48.415, 0, 20764 MiB, 83 %, 1950 MHz, 1950 MHz, 207.05 W, 62, P2, 0x0000000000000000
2026/08/26 21:45:49.415, 0, 20764 MiB, 84 %, 1950 MHz, 1950 MHz, 207.80 W, 63, P2, 0x0000000000000000
2026/08/26 21:45:50.415, 0, 20764 MiB, 82 %, 1950 MHz, 1950 MHz, 206.30 W, 62, P2, 0x0000000000000000
2026/08/26 21:45:51.415, 0, 20764 MiB, 82 %, 1950 MHz, 1950 MHz, 206.65 W, 62, P2, 0x0000000000000000
2026/08/26 21:45:52.416, 0, 20764 MiB, 83 %, 1950 MHz, 1950 MHz, 206.02 W, 62, P2, 0x0000000000000000
2026/08/26 21:45:53.416, 0, 20764 MiB, 83 %, 1950 MHz, 1950 MHz, 205.69 W, 62, P2, 0x0000000000000000
2026/08/26 21:45:54.416, 0, 20764 MiB, 85 %, 1950 MHz, 1950 MHz, 204.97 W, 62, P2, 0x0000000000000000
2026/08/26 21:45:55.416, 0, 20764 MiB, 83 %, 1950 MHz, 1950 MHz, 203.75 W, 62, P2, 0x0000000000000000
2026/08/26 21:45:56.416, 0, 20764 MiB, 86 %, 1950 MHz, 1950 MHz, 205.65 W, 62, P2, 0x0000000000000000
2026/08/26 21:45:57.416, 0, 20764 MiB, 82 %, 1950 MHz, 1950 MHz, 205.15 W, 62, P2, 0x0000000000000000
2026/08/26 21:45:58.417, 0, 20764 MiB, 84 %, 1950 MHz, 1950 MHz, 205.71 W, 61, P2, 0x0000000000000000
2026/08/26 21:45:59.417, 0, 20764 MiB, 84 %, 1950 MHz, 1950 MHz, 205.20 W, 62, P2, 0x0000000000000000
2026/08/26 21:46:00.417, 0, 20764 MiB, 85 %, 1950 MHz, 1950 MHz, 205.93 W, 61, P2, 0x0000000000000000
2026/08/26 21:46:01.417, 0, 20764 MiB, 83 %, 1950 MHz, 1950 MHz, 205.33 W, 61, P2, 0x0000000000000000
2026/08/26 21:46:02.417, 0, 20764 MiB, 85 %, 1950 MHz, 1950 MHz, 205.40 W, 62, P2, 0x0000000000000000
2026/08/26 21:46:03.418, 0, 20764 MiB, 82 %, 1950 MHz, 1950 MHz, 205.22 W, 61, P2, 0x0000000000000000
2026/08/26 21:46:04.418, 0, 20764 MiB, 85 %, 1950 MHz, 1950 MHz, 205.24 W, 61, P2, 0x0000000000000000
2026/08/26 21:46:05.418, 0, 20764 MiB, 40 %, 1950 MHz, 1950 MHz, 202.02 W, 60, P2, 0x0000000000000000
2026/08/26 21:46:06.418, 0, 20764 MiB, 83 %, 1950 MHz, 1950 MHz, 198.71 W, 61, P2, 0x0000000000000000
2026/08/26 21:46:07.418, 0, 20764 MiB, 83 %, 1950 MHz, 1950 MHz, 203.55 W, 61, P2, 0x0000000000000000
2026/08/26 21:46:08.418, 0, 20764 MiB, 86 %, 1950 MHz, 1950 MHz, 204.96 W, 61, P2, 0x0000000000000000
2026/08/26 21:46:09.418, 0, 20764 MiB, 83 %, 1950 MHz, 1950 MHz, 205.55 W, 61, P2, 0x0000000000000000
2026/08/26 21:46:10.419, 0, 20764 MiB, 83 %, 1950 MHz, 1950 MHz, 205.48 W, 61, P2, 0x0000000000000000
2026/08/26 21:46:11.419, 0, 20764 MiB, 84 %, 1950 MHz, 1950 MHz, 204.55 W, 61, P2, 0x0000000000000000
2026/08/26 21:46:12.419, 0, 20764 MiB, 83 %, 1950 MHz, 1950 MHz, 206.12 W, 61, P2, 0x0000000000000000
2026/08/26 21:46:13.419, 0, 20764 MiB, 82 %, 1950 MHz, 1950 MHz, 204.99 W, 61, P2, 0x0000000000000000
2026/08/26 21:46:14.419, 0, 20764 MiB, 83 %, 1950 MHz, 1950 MHz, 205.76 W, 61, P2, 0x0000000000000000
2026/08/26 21:46:15.419, 0, 20764 MiB, 85 %, 1950 MHz, 1950 MHz, 204.46 W, 61, P2, 0x0000000000000000
2026/08/26 21:46:16.419, 0, 20764 MiB, 83 %, 1950 MHz, 1950 MHz, 204.72 W, 61, P2, 0x0000000000000000
2026/08/26 21:46:17.419, 0, 20768 MiB, 82 %, 1950 MHz, 1950 MHz, 198.58 W, 61, P2, 0x0000000000000000
2026/08/26 21:46:18.420, 0, 20768 MiB, 84 %, 1950 MHz, 1950 MHz, 204.63 W, 61, P2, 0x0000000000000000
2026/08/26 21:46:19.420, 0, 20768 MiB, 84 %, 1950 MHz, 1950 MHz, 203.87 W, 61, P2, 0x0000000000000000
2026/08/26 21:46:20.420, 0, 20768 MiB, 83 %, 1950 MHz, 1950 MHz, 204.69 W, 60, P2, 0x0000000000000000
2026/08/26 21:46:21.420, 0, 20768 MiB, 85 %, 1950 MHz, 1950 MHz, 203.80 W, 61, P2, 0x0000000000000000
2026/08/26 21:46:22.420, 0, 20768 MiB, 84 %, 1950 MHz, 1950 MHz, 204.47 W, 60, P2, 0x0000000000000000
2026/08/26 21:46:23.420, 0, 20768 MiB, 84 %, 1950 MHz, 1950 MHz, 204.16 W, 61, P2, 0x0000000000000000
2026/08/26 21:46:24.420, 0, 20768 MiB, 83 %, 1950 MHz, 1950 MHz, 204.00 W, 61, P2, 0x0000000000000000
2026/08/26 21:46:25.420, 0, 20768 MiB, 83 %, 1950 MHz, 1950 MHz, 204.66 W, 61, P2, 0x0000000000000000
2026/08/26 21:46:26.421, 0, 20768 MiB, 84 %, 1950 MHz, 1950 MHz, 204.43 W, 60, P2, 0x0000000000000000
2026/08/26 21:46:27.421, 0, 20768 MiB, 85 %, 1950 MHz, 1950 MHz, 203.27 W, 61, P2, 0x0000000000000000
2026/08/26 21:46:28.421, 0, 20768 MiB, 83 %, 1950 MHz, 1950 MHz, 196.87 W, 60, P2, 0x0000000000000000
2026/08/26 21:46:29.421, 0, 20768 MiB, 84 %, 1950 MHz, 1950 MHz, 203.93 W, 61, P2, 0x0000000000000000
2026/08/26 21:46:30.421, 0, 20768 MiB, 84 %, 1950 MHz, 1950 MHz, 203.26 W, 60, P2, 0x0000000000000000
2026/08/26 21:46:31.421, 0, 20768 MiB, 82 %, 1950 MHz, 1950 MHz, 203.26 W, 61, P2, 0x0000000000000000
2026/08/26 21:46:32.421, 0, 20768 MiB, 85 %, 1950 MHz, 1950 MHz, 204.40 W, 61, P2, 0x0000000000000000
2026/08/26 21:46:33.422, 0, 20768 MiB, 84 %, 1950 MHz, 1950 MHz, 203.27 W, 60, P2, 0x0000000000000000
2026/08/26 21:46:34.422, 0, 20768 MiB, 83 %, 1950 MHz, 1950 MHz, 204.34 W, 60, P2, 0x0000000000000000
2026/08/26 21:46:35.422, 0, 20768 MiB, 83 %, 1950 MHz, 1950 MHz, 203.46 W, 60, P2, 0x0000000000000000
2026/08/26 21:46:36.422, 0, 20768 MiB, 84 %, 1950 MHz, 1950 MHz, 203.27 W, 60, P2, 0x0000000000000000
2026/08/26 21:46:37.422, 0, 20768 MiB, 85 %, 1950 MHz, 1950 MHz, 202.43 W, 60, P2, 0x0000000000000000
2026/08/26 21:46:38.422, 0, 20776 MiB, 100 %, 1920 MHz, 1920 MHz, 200.01 W, 59, P2, 0x0000000000000004
2026/08/26 21:46:39.422, 0, 20776 MiB, 84 %, 1950 MHz, 1950 MHz, 187.30 W, 60, P2, 0x0000000000000000
2026/08/26 21:46:40.423, 0, 20776 MiB, 82 %, 1950 MHz, 1950 MHz, 198.57 W, 60, P2, 0x0000000000000000
2026/08/26 21:46:41.423, 0, 20776 MiB, 84 %, 1950 MHz, 1950 MHz, 199.61 W, 60, P2, 0x0000000000000000
2026/08/26 21:46:42.423, 0, 20776 MiB, 84 %, 1950 MHz, 1950 MHz, 199.53 W, 60, P2, 0x0000000000000000
2026/08/26 21:46:43.423, 0, 20776 MiB, 83 %, 1950 MHz, 1950 MHz, 198.96 W, 60, P2, 0x0000000000000000
2026/08/26 21:46:44.423, 0, 20776 MiB, 84 %, 1950 MHz, 1950 MHz, 197.78 W, 60, P2, 0x0000000000000000
2026/08/26 21:46:45.423, 0, 20776 MiB, 83 %, 1950 MHz, 1950 MHz, 199.85 W, 59, P2, 0x0000000000000000
2026/08/26 21:46:46.423, 0, 20776 MiB, 83 %, 1950 MHz, 1950 MHz, 198.36 W, 60, P2, 0x0000000000000000
2026/08/26 21:46:47.424, 0, 20776 MiB, 83 %, 1950 MHz, 1950 MHz, 198.24 W, 59, P2, 0x0000000000000000
2026/08/26 21:46:48.424, 0, 20776 MiB, 70 %, 1950 MHz, 1950 MHz, 200.64 W, 60, P2, 0x0000000000000004
2026/08/26 21:46:49.424, 0, 20776 MiB, 83 %, 1950 MHz, 1950 MHz, 198.24 W, 60, P2, 0x0000000000000000
2026/08/26 21:46:50.424, 0, 20776 MiB, 83 %, 1950 MHz, 1950 MHz, 198.56 W, 59, P2, 0x0000000000000000
2026/08/26 21:46:51.424, 0, 20776 MiB, 85 %, 1950 MHz, 1950 MHz, 198.33 W, 60, P2, 0x0000000000000000
2026/08/26 21:46:52.424, 0, 20776 MiB, 82 %, 1950 MHz, 1950 MHz, 198.16 W, 60, P2, 0x0000000000000000
2026/08/26 21:46:53.424, 0, 20776 MiB, 85 %, 1950 MHz, 1950 MHz, 198.64 W, 60, P2, 0x0000000000000000
2026/08/26 21:46:54.425, 0, 20776 MiB, 85 %, 1950 MHz, 1950 MHz, 200.50 W, 60, P2, 0x0000000000000000
2026/08/26 21:46:55.425, 0, 20776 MiB, 84 %, 1950 MHz, 1950 MHz, 198.81 W, 59, P2, 0x0000000000000000
2026/08/26 21:46:56.425, 0, 20776 MiB, 83 %, 1950 MHz, 1950 MHz, 198.57 W, 60, P2, 0x0000000000000000
2026/08/26 21:46:57.425, 0, 20776 MiB, 83 %, 1950 MHz, 1950 MHz, 199.47 W, 60, P2, 0x0000000000000000
2026/08/26 21:46:58.425, 0, 20776 MiB, 85 %, 1950 MHz, 1950 MHz, 198.45 W, 60, P2, 0x0000000000000000
2026/08/26 21:46:59.425, 0, 20776 MiB, 82 %, 1950 MHz, 1950 MHz, 197.60 W, 59, P2, 0x0000000000000000
2026/08/26 21:47:00.426, 0, 20776 MiB, 85 %, 1950 MHz, 1950 MHz, 198.61 W, 59, P2, 0x0000000000000000
2026/08/26 21:47:01.426, 0, 20776 MiB, 84 %, 1950 MHz, 1950 MHz, 198.22 W, 60, P2, 0x0000000000000000
2026/08/26 21:47:02.426, 0, 20776 MiB, 83 %, 1950 MHz, 1950 MHz, 198.88 W, 59, P2, 0x0000000000000000
2026/08/26 21:47:03.426, 0, 20776 MiB, 84 %, 1950 MHz, 1950 MHz, 198.64 W, 60, P2, 0x0000000000000000
2026/08/26 21:47:04.426, 0, 20776 MiB, 83 %, 1950 MHz, 1950 MHz, 198.31 W, 59, P2, 0x0000000000000000
2026/08/26 21:47:05.426, 0, 20776 MiB, 86 %, 1950 MHz, 1950 MHz, 197.61 W, 60, P2, 0x0000000000000000
2026/08/26 21:47:06.426, 0, 20776 MiB, 82 %, 1950 MHz, 1950 MHz, 197.89 W, 59, P2, 0x0000000000000000
2026/08/26 21:47:07.427, 0, 20776 MiB, 84 %, 1950 MHz, 1950 MHz, 197.95 W, 59, P2, 0x0000000000000000
2026/08/26 21:47:08.427, 0, 20776 MiB, 82 %, 1950 MHz, 1950 MHz, 197.93 W, 59, P2, 0x0000000000000000
2026/08/26 21:47:09.427, 0, 20776 MiB, 84 %, 1950 MHz, 1950 MHz, 200.00 W, 59, P2, 0x0000000000000000
2026/08/26 21:47:10.427, 0, 20776 MiB, 86 %, 1950 MHz, 1950 MHz, 197.13 W, 59, P2, 0x0000000000000000
2026/08/26 21:47:11.427, 0, 20776 MiB, 83 %, 1950 MHz, 1950 MHz, 197.88 W, 59, P2, 0x0000000000000000
2026/08/26 21:47:12.427, 0, 20776 MiB, 84 %, 1950 MHz, 1950 MHz, 199.23 W, 59, P2, 0x0000000000000000
2026/08/26 21:47:13.427, 0, 20776 MiB, 84 %, 1950 MHz, 1950 MHz, 199.51 W, 59, P2, 0x0000000000000000
2026/08/26 21:47:14.428, 0, 20776 MiB, 82 %, 1950 MHz, 1950 MHz, 198.30 W, 59, P2, 0x0000000000000000
2026/08/26 21:47:15.428, 0, 20776 MiB, 84 %, 1950 MHz, 1950 MHz, 198.79 W, 59, P2, 0x0000000000000000
2026/08/26 21:47:16.428, 0, 20776 MiB, 84 %, 1950 MHz, 1950 MHz, 198.40 W, 59, P2, 0x0000000000000000
2026/08/26 21:47:17.428, 0, 20776 MiB, 84 %, 1950 MHz, 1950 MHz, 197.82 W, 60, P2, 0x0000000000000000
2026/08/26 21:47:18.428, 0, 20776 MiB, 84 %, 1950 MHz, 1950 MHz, 199.94 W, 59, P2, 0x0000000000000000
2026/08/26 21:47:19.428, 0, 20776 MiB, 82 %, 1950 MHz, 1950 MHz, 198.32 W, 59, P2, 0x0000000000000000
2026/08/26 21:47:20.429, 0, 20776 MiB, 84 %, 1950 MHz, 1950 MHz, 194.82 W, 59, P2, 0x0000000000000000
2026/08/26 21:47:21.429, 0, 20776 MiB, 84 %, 1950 MHz, 1950 MHz, 199.38 W, 60, P2, 0x0000000000000000
2026/08/26 21:47:22.429, 0, 20776 MiB, 84 %, 1950 MHz, 1950 MHz, 200.93 W, 59, P2, 0x0000000000000000
2026/08/26 21:47:23.429, 0, 20776 MiB, 84 %, 1950 MHz, 1950 MHz, 200.69 W, 60, P2, 0x0000000000000000
2026/08/26 21:47:24.429, 0, 20776 MiB, 83 %, 1950 MHz, 1950 MHz, 201.73 W, 60, P2, 0x0000000000000000
2026/08/26 21:47:25.429, 0, 20776 MiB, 84 %, 1950 MHz, 1950 MHz, 200.37 W, 59, P2, 0x0000000000000000
2026/08/26 21:47:26.429, 0, 20776 MiB, 85 %, 1950 MHz, 1950 MHz, 201.21 W, 59, P2, 0x0000000000000000
2026/08/26 21:47:27.429, 0, 20776 MiB, 83 %, 1950 MHz, 1950 MHz, 199.98 W, 60, P2, 0x0000000000000000
2026/08/26 21:47:28.430, 0, 20776 MiB, 85 %, 1950 MHz, 1950 MHz, 199.77 W, 59, P2, 0x0000000000000000
2026/08/26 21:47:29.430, 0, 20776 MiB, 84 %, 1950 MHz, 1950 MHz, 201.03 W, 60, P2, 0x0000000000000000
2026/08/26 21:47:30.430, 0, 20776 MiB, 83 %, 1950 MHz, 1950 MHz, 201.83 W, 60, P2, 0x0000000000000000
2026/08/26 21:47:31.430, 0, 20776 MiB, 84 %, 1950 MHz, 1950 MHz, 199.15 W, 60, P2, 0x0000000000000000
2026/08/26 21:47:32.430, 0, 20776 MiB, 83 %, 1950 MHz, 1950 MHz, 200.18 W, 59, P2, 0x0000000000000000
2026/08/26 21:47:33.430, 0, 20776 MiB, 85 %, 1950 MHz, 1950 MHz, 200.60 W, 59, P2, 0x0000000000000000
2026/08/26 21:47:34.430, 0, 20776 MiB, 84 %, 1950 MHz, 1950 MHz, 200.54 W, 59, P2, 0x0000000000000000
2026/08/26 21:47:35.431, 0, 20776 MiB, 83 %, 1950 MHz, 1950 MHz, 199.36 W, 60, P2, 0x0000000000000000
2026/08/26 21:47:36.431, 0, 20776 MiB, 84 %, 1950 MHz, 1950 MHz, 201.55 W, 60, P2, 0x0000000000000000
2026/08/26 21:47:37.431, 0, 20776 MiB, 84 %, 1950 MHz, 1950 MHz, 201.30 W, 60, P2, 0x0000000000000000
2026/08/26 21:47:38.431, 0, 20776 MiB, 85 %, 1950 MHz, 1950 MHz, 200.90 W, 59, P2, 0x0000000000000000
2026/08/26 21:47:39.431, 0, 20776 MiB, 84 %, 1950 MHz, 1950 MHz, 200.09 W, 60, P2, 0x0000000000000000
2026/08/26 21:47:40.431, 0, 20776 MiB, 83 %, 1950 MHz, 1950 MHz, 200.26 W, 60, P2, 0x0000000000000000
2026/08/26 21:47:41.432, 0, 398 MiB, 0 %, 1950 MHz, 1950 MHz, 195.33 W, 58, P2, 0x0000000000000000
2026/08/26 21:47:42.432, 0, 346 MiB, 0 %, 1950 MHz, 1950 MHz, 168.86 W, 58, P2, 0x0000000000000000
2026/08/26 21:47:43.433, 0, 346 MiB, 0 %, 1950 MHz, 1950 MHz, 154.42 W, 57, P2, 0x0000000000000000
2026/08/26 21:47:44.433, 0, 346 MiB, 6 %, 1695 MHz, 1695 MHz, 153.49 W, 57, P2, 0x0000000000000000
2026/08/26 21:47:45.433, 0, 19362 MiB, 81 %, 1695 MHz, 1695 MHz, 128.21 W, 56, P2, 0x0000000000000000
2026/08/26 21:47:46.433, 0, 19362 MiB, 99 %, 1950 MHz, 1950 MHz, 146.37 W, 57, P2, 0x0000000000000000
2026/08/26 21:47:47.433, 0, 19362 MiB, 100 %, 1950 MHz, 1950 MHz, 161.73 W, 57, P2, 0x0000000000000000
2026/08/26 21:47:48.433, 0, 19362 MiB, 100 %, 1950 MHz, 1950 MHz, 162.33 W, 57, P2, 0x0000000000000000
2026/08/26 21:47:49.433, 0, 19362 MiB, 100 %, 1950 MHz, 1950 MHz, 162.41 W, 57, P2, 0x0000000000000000
2026/08/26 21:47:50.434, 0, 19362 MiB, 99 %, 1950 MHz, 1950 MHz, 162.09 W, 57, P2, 0x0000000000000000
2026/08/26 21:47:51.434, 0, 19362 MiB, 100 %, 1950 MHz, 1950 MHz, 162.58 W, 57, P2, 0x0000000000000000
2026/08/26 21:47:52.434, 0, 19362 MiB, 100 %, 1950 MHz, 1950 MHz, 161.95 W, 57, P2, 0x0000000000000000
2026/08/26 21:47:53.434, 0, 19362 MiB, 100 %, 1950 MHz, 1950 MHz, 162.30 W, 57, P2, 0x0000000000000000
2026/08/26 21:47:54.434, 0, 19362 MiB, 100 %, 1950 MHz, 1950 MHz, 162.57 W, 57, P2, 0x0000000000000000
2026/08/26 21:47:55.434, 0, 19362 MiB, 99 %, 1950 MHz, 1950 MHz, 161.65 W, 57, P2, 0x0000000000000000
2026/08/26 21:47:56.434, 0, 19362 MiB, 100 %, 1950 MHz, 1950 MHz, 161.53 W, 57, P2, 0x0000000000000000
2026/08/26 21:47:57.435, 0, 20502 MiB, 79 %, 1950 MHz, 1950 MHz, 162.37 W, 57, P2, 0x0000000000000000
2026/08/26 21:47:58.435, 0, 20766 MiB, 78 %, 1950 MHz, 1950 MHz, 190.24 W, 60, P2, 0x0000000000000000
2026/08/26 21:47:59.435, 0, 20768 MiB, 85 %, 1950 MHz, 1950 MHz, 224.44 W, 60, P2, 0x0000000000000000
2026/08/26 21:48:00.435, 0, 20770 MiB, 84 %, 1950 MHz, 1950 MHz, 222.91 W, 59, P2, 0x0000000000000000
2026/08/26 21:48:01.435, 0, 20770 MiB, 85 %, 1950 MHz, 1950 MHz, 223.86 W, 60, P2, 0x0000000000000000
2026/08/26 21:48:02.435, 0, 20770 MiB, 82 %, 1950 MHz, 1950 MHz, 223.28 W, 60, P2, 0x0000000000000000
2026/08/26 21:48:03.435, 0, 20770 MiB, 85 %, 1950 MHz, 1950 MHz, 221.24 W, 59, P2, 0x0000000000000000
2026/08/26 21:48:04.436, 0, 20770 MiB, 82 %, 1950 MHz, 1950 MHz, 222.67 W, 60, P2, 0x0000000000000000
2026/08/26 21:48:05.436, 0, 20770 MiB, 83 %, 1950 MHz, 1950 MHz, 225.00 W, 60, P2, 0x0000000000000000
2026/08/26 21:48:06.436, 0, 20774 MiB, 83 %, 1950 MHz, 1950 MHz, 226.23 W, 60, P2, 0x0000000000000000
2026/08/26 21:48:07.436, 0, 20774 MiB, 84 %, 1950 MHz, 1950 MHz, 220.01 W, 60, P2, 0x0000000000000000
2026/08/26 21:48:08.436, 0, 20774 MiB, 83 %, 1950 MHz, 1950 MHz, 222.54 W, 60, P2, 0x0000000000000000
2026/08/26 21:48:09.436, 0, 20774 MiB, 66 %, 1950 MHz, 1950 MHz, 216.53 W, 59, P2, 0x0000000000000000
2026/08/26 21:48:10.437, 0, 20774 MiB, 74 %, 1950 MHz, 1950 MHz, 220.52 W, 61, P2, 0x0000000000000000
2026/08/26 21:48:11.437, 0, 20774 MiB, 80 %, 1950 MHz, 1950 MHz, 225.88 W, 60, P2, 0x0000000000000000
2026/08/26 21:48:12.437, 0, 20774 MiB, 85 %, 1950 MHz, 1950 MHz, 224.96 W, 60, P2, 0x0000000000000000
2026/08/26 21:48:13.437, 0, 20774 MiB, 85 %, 1950 MHz, 1950 MHz, 223.55 W, 61, P2, 0x0000000000000000
2026/08/26 21:48:14.437, 0, 20774 MiB, 82 %, 1950 MHz, 1950 MHz, 229.35 W, 60, P2, 0x0000000000000000
2026/08/26 21:48:15.437, 0, 20774 MiB, 85 %, 1950 MHz, 1950 MHz, 222.42 W, 61, P2, 0x0000000000000000
2026/08/26 21:48:16.437, 0, 20774 MiB, 83 %, 1950 MHz, 1950 MHz, 223.90 W, 61, P2, 0x0000000000000000
2026/08/26 21:48:17.438, 0, 20774 MiB, 84 %, 1950 MHz, 1950 MHz, 224.45 W, 61, P2, 0x0000000000000000
2026/08/26 21:48:18.438, 0, 20774 MiB, 78 %, 1950 MHz, 1950 MHz, 223.47 W, 60, P2, 0x0000000000000000
2026/08/26 21:48:19.438, 0, 20774 MiB, 45 %, 1950 MHz, 1950 MHz, 218.34 W, 59, P2, 0x0000000000000000
2026/08/26 21:48:20.438, 0, 20774 MiB, 82 %, 1950 MHz, 1950 MHz, 214.00 W, 61, P2, 0x0000000000000000
2026/08/26 21:48:21.438, 0, 20774 MiB, 79 %, 1950 MHz, 1950 MHz, 227.17 W, 61, P2, 0x0000000000000000
2026/08/26 21:48:22.438, 0, 20774 MiB, 81 %, 1950 MHz, 1950 MHz, 226.71 W, 61, P2, 0x0000000000000000
2026/08/26 21:48:23.439, 0, 20774 MiB, 83 %, 1950 MHz, 1950 MHz, 225.41 W, 61, P2, 0x0000000000000000
2026/08/26 21:48:24.439, 0, 20774 MiB, 84 %, 1950 MHz, 1950 MHz, 227.77 W, 61, P2, 0x0000000000000000
2026/08/26 21:48:25.439, 0, 20774 MiB, 82 %, 1950 MHz, 1950 MHz, 223.93 W, 61, P2, 0x0000000000000000
2026/08/26 21:48:26.439, 0, 20774 MiB, 80 %, 1950 MHz, 1950 MHz, 223.02 W, 62, P2, 0x0000000000000000
2026/08/26 21:48:27.439, 0, 20774 MiB, 81 %, 1950 MHz, 1950 MHz, 226.28 W, 62, P2, 0x0000000000000000
2026/08/26 21:48:28.440, 0, 20774 MiB, 83 %, 1950 MHz, 1950 MHz, 222.20 W, 61, P2, 0x0000000000000000
2026/08/26 21:48:29.440, 0, 20774 MiB, 79 %, 1950 MHz, 1950 MHz, 221.48 W, 61, P2, 0x0000000000000000
2026/08/26 21:48:30.440, 0, 20774 MiB, 80 %, 1950 MHz, 1950 MHz, 225.40 W, 62, P2, 0x0000000000000000
2026/08/26 21:48:31.440, 0, 20774 MiB, 66 %, 1950 MHz, 1950 MHz, 212.31 W, 61, P2, 0x0000000000000000
2026/08/26 21:48:32.440, 0, 20774 MiB, 83 %, 1950 MHz, 1950 MHz, 225.11 W, 61, P2, 0x0000000000000000
2026/08/26 21:48:33.441, 0, 20774 MiB, 84 %, 1950 MHz, 1950 MHz, 228.31 W, 61, P2, 0x0000000000000000
2026/08/26 21:48:34.441, 0, 20774 MiB, 85 %, 1950 MHz, 1950 MHz, 226.45 W, 61, P2, 0x0000000000000000
2026/08/26 21:48:35.441, 0, 20774 MiB, 84 %, 1950 MHz, 1950 MHz, 225.41 W, 61, P2, 0x0000000000000000
2026/08/26 21:48:36.441, 0, 20774 MiB, 85 %, 1950 MHz, 1950 MHz, 225.02 W, 62, P2, 0x0000000000000000
2026/08/26 21:48:37.441, 0, 20774 MiB, 80 %, 1950 MHz, 1950 MHz, 225.35 W, 62, P2, 0x0000000000000000
2026/08/26 21:48:38.442, 0, 20774 MiB, 84 %, 1950 MHz, 1950 MHz, 226.11 W, 62, P2, 0x0000000000000000
2026/08/26 21:48:39.442, 0, 20774 MiB, 85 %, 1950 MHz, 1950 MHz, 226.69 W, 62, P2, 0x0000000000000000
2026/08/26 21:48:40.442, 0, 20774 MiB, 84 %, 1950 MHz, 1950 MHz, 226.13 W, 62, P2, 0x0000000000000000
2026/08/26 21:48:41.442, 0, 20774 MiB, 83 %, 1950 MHz, 1950 MHz, 224.65 W, 62, P2, 0x0000000000000000
2026/08/26 21:48:42.442, 0, 20774 MiB, 84 %, 1950 MHz, 1950 MHz, 212.90 W, 61, P2, 0x0000000000000000
2026/08/26 21:48:43.443, 0, 20774 MiB, 83 %, 1950 MHz, 1950 MHz, 226.88 W, 62, P2, 0x0000000000000000
2026/08/26 21:48:44.443, 0, 20774 MiB, 85 %, 1950 MHz, 1950 MHz, 227.95 W, 62, P2, 0x0000000000000000
2026/08/26 21:48:45.443, 0, 20774 MiB, 84 %, 1950 MHz, 1950 MHz, 225.51 W, 62, P2, 0x0000000000000000
2026/08/26 21:48:46.443, 0, 20774 MiB, 84 %, 1950 MHz, 1950 MHz, 227.96 W, 62, P2, 0x0000000000000000
2026/08/26 21:48:47.443, 0, 20774 MiB, 81 %, 1950 MHz, 1950 MHz, 225.92 W, 62, P2, 0x0000000000000000
2026/08/26 21:48:48.444, 0, 20774 MiB, 83 %, 1950 MHz, 1950 MHz, 225.74 W, 62, P2, 0x0000000000000000
2026/08/26 21:48:49.444, 0, 20774 MiB, 83 %, 1950 MHz, 1950 MHz, 225.27 W, 62, P2, 0x0000000000000000
2026/08/26 21:48:50.444, 0, 20774 MiB, 85 %, 1950 MHz, 1950 MHz, 224.69 W, 62, P2, 0x0000000000000000
2026/08/26 21:48:51.444, 0, 20778 MiB, 98 %, 1950 MHz, 1950 MHz, 219.62 W, 62, P2, 0x0000000000000004
2026/08/26 21:48:52.445, 0, 20780 MiB, 81 %, 1950 MHz, 1950 MHz, 210.74 W, 62, P2, 0x0000000000000000
2026/08/26 21:48:53.447, 0, 20780 MiB, 82 %, 1950 MHz, 1950 MHz, 231.92 W, 63, P2, 0x0000000000000000
2026/08/26 21:48:54.448, 0, 20780 MiB, 82 %, 1950 MHz, 1950 MHz, 232.38 W, 62, P2, 0x0000000000000000
2026/08/26 21:48:55.448, 0, 20780 MiB, 83 %, 1950 MHz, 1950 MHz, 227.74 W, 62, P2, 0x0000000000000000
2026/08/26 21:48:56.448, 0, 20780 MiB, 85 %, 1950 MHz, 1950 MHz, 226.36 W, 62, P2, 0x0000000000000000
2026/08/26 21:48:57.448, 0, 20780 MiB, 84 %, 1950 MHz, 1950 MHz, 228.01 W, 62, P2, 0x0000000000000000
2026/08/26 21:48:58.455, 0, 20780 MiB, 78 %, 1950 MHz, 1950 MHz, 227.03 W, 63, P2, 0x0000000000000000
2026/08/26 21:48:59.455, 0, 20780 MiB, 70 %, 1950 MHz, 1950 MHz, 219.43 W, 62, P2, 0x0000000000000000
2026/08/26 21:49:00.456, 0, 20780 MiB, 82 %, 1950 MHz, 1950 MHz, 229.88 W, 63, P2, 0x0000000000000000
2026/08/26 21:49:01.456, 0, 20780 MiB, 76 %, 1950 MHz, 1950 MHz, 230.49 W, 63, P2, 0x0000000000000000
2026/08/26 21:49:02.456, 0, 20780 MiB, 84 %, 1950 MHz, 1950 MHz, 226.88 W, 62, P2, 0x0000000000000000
2026/08/26 21:49:03.456, 0, 20780 MiB, 83 %, 1950 MHz, 1950 MHz, 226.64 W, 63, P2, 0x0000000000000000
2026/08/26 21:49:04.456, 0, 20780 MiB, 80 %, 1950 MHz, 1950 MHz, 225.13 W, 63, P2, 0x0000000000000000
2026/08/26 21:49:05.456, 0, 20780 MiB, 84 %, 1950 MHz, 1950 MHz, 223.56 W, 62, P2, 0x0000000000000000
2026/08/26 21:49:06.457, 0, 20780 MiB, 80 %, 1950 MHz, 1950 MHz, 227.29 W, 63, P2, 0x0000000000000000
2026/08/26 21:49:07.457, 0, 20780 MiB, 83 %, 1950 MHz, 1950 MHz, 230.00 W, 63, P2, 0x0000000000000000
2026/08/26 21:49:08.457, 0, 20780 MiB, 83 %, 1950 MHz, 1950 MHz, 229.42 W, 63, P2, 0x0000000000000000
2026/08/26 21:49:09.457, 0, 20780 MiB, 63 %, 1950 MHz, 1950 MHz, 222.21 W, 62, P2, 0x0000000000000004
2026/08/26 21:49:10.457, 0, 20780 MiB, 79 %, 1950 MHz, 1950 MHz, 224.60 W, 63, P2, 0x0000000000000000
2026/08/26 21:49:11.458, 0, 20780 MiB, 78 %, 1950 MHz, 1950 MHz, 227.90 W, 63, P2, 0x0000000000000000
2026/08/26 21:49:12.458, 0, 20780 MiB, 77 %, 1950 MHz, 1950 MHz, 230.43 W, 63, P2, 0x0000000000000000
2026/08/26 21:49:13.458, 0, 20780 MiB, 81 %, 1950 MHz, 1950 MHz, 228.89 W, 63, P2, 0x0000000000000000
2026/08/26 21:49:14.458, 0, 20780 MiB, 84 %, 1950 MHz, 1950 MHz, 227.44 W, 63, P2, 0x0000000000000000
2026/08/26 21:49:15.458, 0, 20780 MiB, 82 %, 1950 MHz, 1950 MHz, 228.15 W, 63, P2, 0x0000000000000000
2026/08/26 21:49:16.459, 0, 20780 MiB, 84 %, 1950 MHz, 1950 MHz, 231.01 W, 63, P2, 0x0000000000000000
2026/08/26 21:49:17.459, 0, 20780 MiB, 78 %, 1950 MHz, 1950 MHz, 220.45 W, 63, P2, 0x0000000000000000
2026/08/26 21:49:18.459, 0, 20780 MiB, 83 %, 1950 MHz, 1950 MHz, 229.20 W, 63, P2, 0x0000000000000000
2026/08/26 21:49:19.459, 0, 20780 MiB, 82 %, 1950 MHz, 1950 MHz, 231.75 W, 63, P2, 0x0000000000000000
2026/08/26 21:49:20.459, 0, 20780 MiB, 81 %, 1950 MHz, 1950 MHz, 230.75 W, 64, P2, 0x0000000000000000
2026/08/26 21:49:21.460, 0, 20780 MiB, 83 %, 1950 MHz, 1950 MHz, 227.43 W, 63, P2, 0x0000000000000000
2026/08/26 21:49:22.460, 0, 20780 MiB, 85 %, 1950 MHz, 1950 MHz, 226.87 W, 63, P2, 0x0000000000000000
2026/08/26 21:49:23.460, 0, 20780 MiB, 80 %, 1950 MHz, 1950 MHz, 229.73 W, 63, P2, 0x0000000000000000
2026/08/26 21:49:24.460, 0, 20780 MiB, 83 %, 1950 MHz, 1950 MHz, 224.54 W, 63, P2, 0x0000000000000000
2026/08/26 21:49:25.461, 0, 20780 MiB, 81 %, 1950 MHz, 1950 MHz, 226.22 W, 63, P2, 0x0000000000000000
2026/08/26 21:49:26.461, 0, 20780 MiB, 83 %, 1950 MHz, 1950 MHz, 224.78 W, 63, P2, 0x0000000000000000
2026/08/26 21:49:27.461, 0, 20780 MiB, 82 %, 1950 MHz, 1950 MHz, 226.65 W, 63, P2, 0x0000000000000000
2026/08/26 21:49:28.461, 0, 20780 MiB, 80 %, 1950 MHz, 1950 MHz, 227.92 W, 64, P2, 0x0000000000000000
2026/08/26 21:49:29.461, 0, 20780 MiB, 81 %, 1950 MHz, 1950 MHz, 217.52 W, 63, P2, 0x0000000000000000
2026/08/26 21:49:30.461, 0, 20780 MiB, 81 %, 1950 MHz, 1950 MHz, 226.28 W, 63, P2, 0x0000000000000000
2026/08/26 21:49:31.462, 0, 20780 MiB, 82 %, 1950 MHz, 1950 MHz, 230.07 W, 63, P2, 0x0000000000000000
2026/08/26 21:49:32.462, 0, 20780 MiB, 80 %, 1950 MHz, 1950 MHz, 226.42 W, 64, P2, 0x0000000000000000
2026/08/26 21:49:33.462, 0, 20780 MiB, 81 %, 1950 MHz, 1950 MHz, 228.76 W, 63, P2, 0x0000000000000000
2026/08/26 21:49:34.462, 0, 20780 MiB, 84 %, 1950 MHz, 1950 MHz, 227.42 W, 63, P2, 0x0000000000000000
2026/08/26 21:49:35.463, 0, 20780 MiB, 84 %, 1950 MHz, 1950 MHz, 227.48 W, 64, P2, 0x0000000000000000
2026/08/26 21:49:36.463, 0, 20780 MiB, 83 %, 1950 MHz, 1950 MHz, 227.90 W, 63, P2, 0x0000000000000000
2026/08/26 21:49:37.463, 0, 20780 MiB, 81 %, 1950 MHz, 1950 MHz, 224.64 W, 63, P2, 0x0000000000000000
2026/08/26 21:49:38.463, 0, 20780 MiB, 85 %, 1950 MHz, 1950 MHz, 227.92 W, 63, P2, 0x0000000000000000
2026/08/26 21:49:39.463, 0, 20780 MiB, 82 %, 1950 MHz, 1950 MHz, 226.79 W, 63, P2, 0x0000000000000000
2026/08/26 21:49:40.463, 0, 20780 MiB, 84 %, 1950 MHz, 1950 MHz, 224.27 W, 64, P2, 0x0000000000000000
2026/08/26 21:49:41.464, 0, 20780 MiB, 81 %, 1950 MHz, 1950 MHz, 217.22 W, 64, P2, 0x0000000000000000
2026/08/26 21:49:42.464, 0, 20780 MiB, 84 %, 1950 MHz, 1950 MHz, 229.35 W, 63, P2, 0x0000000000000000
2026/08/26 21:49:43.464, 0, 20780 MiB, 83 %, 1950 MHz, 1950 MHz, 228.63 W, 64, P2, 0x0000000000000000
2026/08/26 21:49:44.464, 0, 20780 MiB, 80 %, 1950 MHz, 1950 MHz, 231.76 W, 63, P2, 0x0000000000000000
2026/08/26 21:49:45.464, 0, 20780 MiB, 82 %, 1950 MHz, 1950 MHz, 226.81 W, 63, P2, 0x0000000000000000
2026/08/26 21:49:46.465, 0, 20780 MiB, 81 %, 1950 MHz, 1950 MHz, 226.37 W, 64, P2, 0x0000000000000000
2026/08/26 21:49:47.465, 0, 20780 MiB, 81 %, 1950 MHz, 1950 MHz, 229.90 W, 64, P2, 0x0000000000000000
2026/08/26 21:49:48.465, 0, 20780 MiB, 78 %, 1950 MHz, 1950 MHz, 227.58 W, 64, P2, 0x0000000000000000
2026/08/26 21:49:49.465, 0, 20780 MiB, 84 %, 1950 MHz, 1950 MHz, 233.53 W, 64, P2, 0x0000000000000000
2026/08/26 21:49:50.466, 0, 83 MiB, 100 %, 1950 MHz, 1950 MHz, 199.50 W, 62, P0, 0x0000000000000000
2026/08/26 21:49:51.466, 0, 346 MiB, 0 %, 1950 MHz, 1950 MHz, 165.54 W, 61, P2, 0x0000000000000000
2026/08/26 21:49:52.466, 0, 346 MiB, 19 %, 1950 MHz, 1950 MHz, 156.49 W, 61, P2, 0x0000000000000000
2026/08/26 21:49:53.466, 0, 346 MiB, 23 %, 1695 MHz, 1695 MHz, 144.17 W, 59, P2, 0x0000000000000000
2026/08/26 21:49:54.467, 0, 19044 MiB, 67 %, 1695 MHz, 1695 MHz, 130.15 W, 59, P2, 0x0000000000000000
2026/08/26 21:49:55.467, 0, 19044 MiB, 100 %, 1950 MHz, 1950 MHz, 152.32 W, 60, P2, 0x0000000000000000
2026/08/26 21:49:56.467, 0, 19044 MiB, 99 %, 1950 MHz, 1950 MHz, 163.49 W, 60, P2, 0x0000000000000000
2026/08/26 21:49:57.467, 0, 19044 MiB, 100 %, 1950 MHz, 1950 MHz, 164.48 W, 60, P2, 0x0000000000000000
2026/08/26 21:49:58.467, 0, 19044 MiB, 100 %, 1950 MHz, 1950 MHz, 162.27 W, 60, P2, 0x0000000000000000
2026/08/26 21:49:59.467, 0, 19044 MiB, 100 %, 1950 MHz, 1950 MHz, 161.50 W, 60, P2, 0x0000000000000000
2026/08/26 21:50:00.468, 0, 19044 MiB, 100 %, 1950 MHz, 1950 MHz, 162.05 W, 60, P2, 0x0000000000000000
2026/08/26 21:50:01.468, 0, 19044 MiB, 99 %, 1950 MHz, 1950 MHz, 161.91 W, 60, P2, 0x0000000000000000
2026/08/26 21:50:02.468, 0, 19044 MiB, 99 %, 1950 MHz, 1950 MHz, 161.34 W, 60, P2, 0x0000000000000000
2026/08/26 21:50:03.468, 0, 19044 MiB, 100 %, 1950 MHz, 1950 MHz, 163.47 W, 59, P2, 0x0000000000000000
2026/08/26 21:50:04.468, 0, 21094 MiB, 99 %, 1950 MHz, 1950 MHz, 164.82 W, 60, P2, 0x0000000000000000
2026/08/26 21:50:05.469, 0, 22270 MiB, 76 %, 1950 MHz, 1950 MHz, 204.35 W, 64, P2, 0x0000000000000000
2026/08/26 21:50:06.469, 0, 22270 MiB, 78 %, 1950 MHz, 1950 MHz, 314.68 W, 65, P2, 0x0000000000000000
2026/08/26 21:50:07.469, 0, 22270 MiB, 45 %, 1950 MHz, 1950 MHz, 312.74 W, 65, P2, 0x0000000000000000
2026/08/26 21:50:08.469, 0, 22270 MiB, 76 %, 1950 MHz, 1950 MHz, 301.45 W, 67, P2, 0x0000000000000000
2026/08/26 21:50:09.470, 0, 22270 MiB, 76 %, 1935 MHz, 1935 MHz, 326.34 W, 67, P2, 0x0000000000000004
2026/08/26 21:50:10.470, 0, 22270 MiB, 75 %, 1950 MHz, 1950 MHz, 294.36 W, 67, P2, 0x0000000000000000
2026/08/26 21:50:11.470, 0, 22270 MiB, 77 %, 1950 MHz, 1950 MHz, 322.98 W, 68, P2, 0x0000000000000000
2026/08/26 21:50:12.470, 0, 22286 MiB, 73 %, 1950 MHz, 1950 MHz, 282.14 W, 64, P2, 0x0000000000000000
2026/08/26 21:50:13.470, 0, 22286 MiB, 78 %, 1950 MHz, 1950 MHz, 319.14 W, 68, P2, 0x0000000000000004
2026/08/26 21:50:14.471, 0, 22286 MiB, 80 %, 1950 MHz, 1950 MHz, 317.26 W, 68, P2, 0x0000000000000004
2026/08/26 21:50:15.471, 0, 22286 MiB, 76 %, 1950 MHz, 1950 MHz, 276.42 W, 68, P2, 0x0000000000000000
2026/08/26 21:50:16.471, 0, 22286 MiB, 74 %, 1950 MHz, 1950 MHz, 325.70 W, 68, P2, 0x0000000000000000
2026/08/26 21:50:17.471, 0, 22292 MiB, 100 %, 1935 MHz, 1935 MHz, 265.23 W, 63, P2, 0x0000000000000004
2026/08/26 21:50:18.471, 0, 22292 MiB, 76 %, 1950 MHz, 1950 MHz, 266.31 W, 69, P2, 0x0000000000000000
2026/08/26 21:50:19.472, 0, 22292 MiB, 75 %, 1950 MHz, 1950 MHz, 324.47 W, 69, P2, 0x0000000000000000
2026/08/26 21:50:20.472, 0, 22292 MiB, 76 %, 1950 MHz, 1950 MHz, 302.04 W, 69, P2, 0x0000000000000004
2026/08/26 21:50:21.472, 0, 22292 MiB, 80 %, 1920 MHz, 1920 MHz, 321.76 W, 69, P2, 0x0000000000000000
2026/08/26 21:50:22.472, 0, 22292 MiB, 72 %, 1935 MHz, 1935 MHz, 294.11 W, 66, P2, 0x0000000000000004
2026/08/26 21:50:23.472, 0, 22292 MiB, 74 %, 1935 MHz, 1935 MHz, 319.50 W, 69, P2, 0x0000000000000000
2026/08/26 21:50:24.473, 0, 22292 MiB, 61 %, 1935 MHz, 1935 MHz, 301.29 W, 67, P2, 0x0000000000000000
2026/08/26 21:50:25.473, 0, 22292 MiB, 76 %, 1920 MHz, 1920 MHz, 314.09 W, 70, P2, 0x0000000000000000
2026/08/26 21:50:26.473, 0, 22292 MiB, 73 %, 1920 MHz, 1920 MHz, 318.49 W, 69, P2, 0x0000000000000004
2026/08/26 21:50:27.473, 0, 22292 MiB, 76 %, 1935 MHz, 1935 MHz, 288.09 W, 70, P2, 0x0000000000000000
2026/08/26 21:50:28.474, 0, 22292 MiB, 78 %, 1920 MHz, 1920 MHz, 324.32 W, 70, P2, 0x0000000000000004
2026/08/26 21:50:29.474, 0, 22292 MiB, 61 %, 1935 MHz, 1935 MHz, 299.64 W, 67, P2, 0x0000000000000000
2026/08/26 21:50:30.474, 0, 22292 MiB, 78 %, 1935 MHz, 1935 MHz, 316.52 W, 71, P2, 0x0000000000000004
2026/08/26 21:50:31.474, 0, 22292 MiB, 80 %, 1935 MHz, 1935 MHz, 322.23 W, 71, P2, 0x0000000000000004
2026/08/26 21:50:32.474, 0, 85 MiB, 83 %, 1935 MHz, 1935 MHz, 232.80 W, 66, P0, 0x0000000000000000
2026/08/26 21:50:33.589, 0, 346 MiB, 0 %, 1935 MHz, 1935 MHz, 175.87 W, 65, P2, 0x0000000000000000
2026/08/26 21:50:34.589, 0, 346 MiB, 0 %, 1950 MHz, 1950 MHz, 169.89 W, 64, P2, 0x0000000000000000
2026/08/26 21:50:35.589, 0, 346 MiB, 0 %, 1695 MHz, 1695 MHz, 154.61 W, 62, P2, 0x0000000000000000
2026/08/26 21:50:36.590, 0, 18082 MiB, 100 %, 1695 MHz, 1695 MHz, 133.68 W, 61, P2, 0x0000000000000000
2026/08/26 21:50:37.590, 0, 18082 MiB, 100 %, 1950 MHz, 1950 MHz, 157.06 W, 62, P2, 0x0000000000000000
2026/08/26 21:50:38.590, 0, 18082 MiB, 100 %, 1950 MHz, 1950 MHz, 170.74 W, 63, P2, 0x0000000000000000
2026/08/26 21:50:39.590, 0, 18082 MiB, 99 %, 1950 MHz, 1950 MHz, 170.38 W, 62, P2, 0x0000000000000000
2026/08/26 21:50:40.590, 0, 18082 MiB, 100 %, 1950 MHz, 1950 MHz, 170.60 W, 62, P2, 0x0000000000000000
2026/08/26 21:50:41.591, 0, 18082 MiB, 100 %, 1950 MHz, 1950 MHz, 170.18 W, 62, P2, 0x0000000000000000
2026/08/26 21:50:42.591, 0, 18082 MiB, 100 %, 1950 MHz, 1950 MHz, 169.85 W, 62, P2, 0x0000000000000000
2026/08/26 21:50:43.591, 0, 18082 MiB, 100 %, 1950 MHz, 1950 MHz, 169.67 W, 62, P2, 0x0000000000000000
2026/08/26 21:50:44.591, 0, 18082 MiB, 99 %, 1950 MHz, 1950 MHz, 169.15 W, 61, P2, 0x0000000000000000
2026/08/26 21:50:45.591, 0, 18082 MiB, 100 %, 1950 MHz, 1950 MHz, 169.23 W, 61, P2, 0x0000000000000000
2026/08/26 21:50:46.591, 0, 18082 MiB, 100 %, 1950 MHz, 1950 MHz, 168.79 W, 61, P2, 0x0000000000000000
2026/08/26 21:50:47.592, 0, 20636 MiB, 0 %, 1950 MHz, 1950 MHz, 169.65 W, 61, P2, 0x0000000000000000
2026/08/26 21:50:48.600, 0, 21778 MiB, 4 %, 1950 MHz, 1950 MHz, 168.39 W, 61, P2, 0x0000000000000000
2026/08/26 21:50:49.600, 0, 21812 MiB, 67 %, 1935 MHz, 1935 MHz, 264.83 W, 66, P2, 0x0000000000000004
2026/08/26 21:50:50.600, 0, 21812 MiB, 67 %, 1950 MHz, 1950 MHz, 313.21 W, 66, P2, 0x0000000000000000
2026/08/26 21:50:51.601, 0, 21812 MiB, 68 %, 1950 MHz, 1950 MHz, 284.95 W, 67, P2, 0x0000000000000000
2026/08/26 21:50:52.601, 0, 21812 MiB, 69 %, 1950 MHz, 1950 MHz, 315.48 W, 67, P2, 0x0000000000000000
2026/08/26 21:50:53.601, 0, 21812 MiB, 58 %, 1950 MHz, 1950 MHz, 287.61 W, 65, P2, 0x0000000000000000
2026/08/26 21:50:54.601, 0, 21812 MiB, 74 %, 1950 MHz, 1950 MHz, 309.48 W, 68, P2, 0x0000000000000000
2026/08/26 21:50:55.602, 0, 21812 MiB, 69 %, 1950 MHz, 1950 MHz, 319.76 W, 68, P2, 0x0000000000000000
2026/08/26 21:50:56.602, 0, 21828 MiB, 72 %, 1950 MHz, 1950 MHz, 276.95 W, 68, P2, 0x0000000000000000
2026/08/26 21:50:57.602, 0, 21828 MiB, 72 %, 1950 MHz, 1950 MHz, 319.01 W, 68, P2, 0x0000000000000000
2026/08/26 21:50:58.602, 0, 21828 MiB, 76 %, 1950 MHz, 1950 MHz, 292.89 W, 65, P2, 0x0000000000000000
2026/08/26 21:50:59.602, 0, 21828 MiB, 71 %, 1950 MHz, 1950 MHz, 281.94 W, 68, P2, 0x0000000000000000
2026/08/26 21:51:00.603, 0, 21828 MiB, 72 %, 1950 MHz, 1950 MHz, 317.63 W, 69, P2, 0x0000000000000000
2026/08/26 21:51:01.603, 0, 21834 MiB, 89 %, 1950 MHz, 1950 MHz, 208.83 W, 63, P2, 0x0000000000000000
2026/08/26 21:51:02.603, 0, 21834 MiB, 68 %, 1950 MHz, 1950 MHz, 287.51 W, 68, P2, 0x0000000000000000
2026/08/26 21:51:03.603, 0, 21834 MiB, 64 %, 1950 MHz, 1950 MHz, 297.19 W, 67, P2, 0x0000000000000000
2026/08/26 21:51:04.603, 0, 21834 MiB, 68 %, 1950 MHz, 1950 MHz, 283.39 W, 69, P2, 0x0000000000000000
2026/08/26 21:51:05.604, 0, 21834 MiB, 73 %, 1950 MHz, 1950 MHz, 319.85 W, 69, P2, 0x0000000000000000
2026/08/26 21:51:06.604, 0, 21834 MiB, 67 %, 1935 MHz, 1935 MHz, 286.18 W, 68, P2, 0x0000000000000000
2026/08/26 21:51:07.604, 0, 21834 MiB, 65 %, 1950 MHz, 1950 MHz, 312.51 W, 69, P2, 0x0000000000000000
2026/08/26 21:51:08.604, 0, 21834 MiB, 69 %, 1935 MHz, 1935 MHz, 279.25 W, 68, P2, 0x0000000000000004
2026/08/26 21:51:09.604, 0, 21834 MiB, 71 %, 1935 MHz, 1935 MHz, 312.51 W, 69, P2, 0x0000000000000000
2026/08/26 21:51:10.605, 0, 21834 MiB, 75 %, 1935 MHz, 1935 MHz, 319.07 W, 69, P2, 0x0000000000000000
2026/08/26 21:51:11.605, 0, 21834 MiB, 69 %, 1935 MHz, 1935 MHz, 278.48 W, 69, P2, 0x0000000000000000
2026/08/26 21:51:12.605, 0, 21834 MiB, 72 %, 1935 MHz, 1935 MHz, 318.68 W, 70, P2, 0x0000000000000000
2026/08/26 21:51:13.614, 0, 21834 MiB, 70 %, 1935 MHz, 1935 MHz, 319.14 W, 70, P2, 0x0000000000000000
2026/08/26 21:51:14.614, 0, 21834 MiB, 69 %, 1935 MHz, 1935 MHz, 286.50 W, 70, P2, 0x0000000000000000
2026/08/26 21:51:15.614, 0, 21834 MiB, 73 %, 1935 MHz, 1935 MHz, 323.60 W, 70, P2, 0x0000000000000000
2026/08/26 21:51:16.614, 0, 82 MiB, 100 %, 1935 MHz, 1935 MHz, 266.33 W, 66, P2, 0x0000000000000000
2026/08/26 21:51:17.614, 0, 346 MiB, 0 %, 1935 MHz, 1935 MHz, 179.74 W, 65, P2, 0x0000000000000000
2026/08/26 21:51:18.617, 0, 346 MiB, 0 %, 1950 MHz, 1950 MHz, 170.90 W, 64, P2, 0x0000000000000000
2026/08/26 21:51:19.618, 0, 346 MiB, 0 %, 1695 MHz, 1695 MHz, 168.02 W, 62, P2, 0x0000000000000000
2026/08/26 21:51:20.618, 0, 17618 MiB, 0 %, 1695 MHz, 1695 MHz, 134.65 W, 61, P2, 0x0000000000000000
2026/08/26 21:51:21.618, 0, 17618 MiB, 100 %, 1950 MHz, 1950 MHz, 151.81 W, 62, P2, 0x0000000000000000
2026/08/26 21:51:22.618, 0, 17618 MiB, 100 %, 1950 MHz, 1950 MHz, 170.59 W, 62, P2, 0x0000000000000000
2026/08/26 21:51:23.619, 0, 17618 MiB, 99 %, 1950 MHz, 1950 MHz, 170.59 W, 62, P2, 0x0000000000000000
2026/08/26 21:51:24.619, 0, 17618 MiB, 100 %, 1950 MHz, 1950 MHz, 170.21 W, 62, P2, 0x0000000000000000
2026/08/26 21:51:25.619, 0, 17618 MiB, 100 %, 1950 MHz, 1950 MHz, 170.14 W, 62, P2, 0x0000000000000000
2026/08/26 21:51:26.619, 0, 17618 MiB, 100 %, 1950 MHz, 1950 MHz, 169.95 W, 62, P2, 0x0000000000000000
2026/08/26 21:51:27.619, 0, 17618 MiB, 100 %, 1950 MHz, 1950 MHz, 169.68 W, 62, P2, 0x0000000000000000
2026/08/26 21:51:28.620, 0, 17618 MiB, 99 %, 1950 MHz, 1950 MHz, 169.72 W, 61, P2, 0x0000000000000000
2026/08/26 21:51:29.620, 0, 17618 MiB, 100 %, 1950 MHz, 1950 MHz, 169.41 W, 61, P2, 0x0000000000000000
2026/08/26 21:51:30.620, 0, 17618 MiB, 100 %, 1950 MHz, 1950 MHz, 168.97 W, 61, P2, 0x0000000000000000
2026/08/26 21:51:31.620, 0, 20136 MiB, 0 %, 1950 MHz, 1950 MHz, 169.90 W, 61, P2, 0x0000000000000000
2026/08/26 21:51:32.620, 0, 20248 MiB, 17 %, 1950 MHz, 1950 MHz, 169.82 W, 61, P2, 0x0000000000000000
2026/08/26 21:51:33.621, 0, 20276 MiB, 69 %, 1935 MHz, 1935 MHz, 237.88 W, 65, P2, 0x0000000000000004
2026/08/26 21:51:34.621, 0, 20276 MiB, 66 %, 1950 MHz, 1950 MHz, 309.39 W, 66, P2, 0x0000000000000000
2026/08/26 21:51:35.621, 0, 20276 MiB, 64 %, 1950 MHz, 1950 MHz, 285.52 W, 66, P2, 0x0000000000000000
2026/08/26 21:51:36.621, 0, 20276 MiB, 70 %, 1950 MHz, 1950 MHz, 311.36 W, 67, P2, 0x0000000000000000
2026/08/26 21:51:37.621, 0, 20276 MiB, 53 %, 1950 MHz, 1950 MHz, 295.12 W, 64, P2, 0x0000000000000000
2026/08/26 21:51:38.629, 0, 20276 MiB, 70 %, 1950 MHz, 1950 MHz, 289.82 W, 67, P2, 0x0000000000000000
2026/08/26 21:51:39.629, 0, 20276 MiB, 68 %, 1950 MHz, 1950 MHz, 316.31 W, 68, P2, 0x0000000000000000
2026/08/26 21:51:40.629, 0, 20276 MiB, 69 %, 1950 MHz, 1950 MHz, 281.92 W, 68, P2, 0x0000000000000000
2026/08/26 21:51:41.629, 0, 20276 MiB, 67 %, 1950 MHz, 1950 MHz, 314.23 W, 68, P2, 0x0000000000000000
2026/08/26 21:51:42.630, 0, 20276 MiB, 26 %, 1950 MHz, 1950 MHz, 306.13 W, 65, P2, 0x0000000000000000
2026/08/26 21:51:43.630, 0, 20276 MiB, 70 %, 1950 MHz, 1950 MHz, 279.17 W, 68, P2, 0x0000000000000000
2026/08/26 21:51:44.630, 0, 20276 MiB, 70 %, 1950 MHz, 1950 MHz, 314.25 W, 69, P2, 0x0000000000000000
2026/08/26 21:51:45.630, 0, 20288 MiB, 100 %, 1950 MHz, 1950 MHz, 219.06 W, 64, P2, 0x0000000000000000
2026/08/26 21:51:46.631, 0, 20288 MiB, 69 %, 1950 MHz, 1950 MHz, 275.32 W, 68, P2, 0x0000000000000000
2026/08/26 21:51:47.631, 0, 20288 MiB, 69 %, 1950 MHz, 1950 MHz, 314.56 W, 68, P2, 0x0000000000000000
2026/08/26 21:51:48.631, 0, 20288 MiB, 66 %, 1950 MHz, 1950 MHz, 289.43 W, 68, P2, 0x0000000000000000
2026/08/26 21:51:49.631, 0, 20288 MiB, 68 %, 1950 MHz, 1950 MHz, 318.44 W, 69, P2, 0x0000000000000000
2026/08/26 21:51:50.631, 0, 20288 MiB, 69 %, 1935 MHz, 1935 MHz, 281.41 W, 67, P2, 0x0000000000000004
2026/08/26 21:51:51.632, 0, 20288 MiB, 66 %, 1950 MHz, 1950 MHz, 310.38 W, 69, P2, 0x0000000000000000
2026/08/26 21:51:52.632, 0, 20288 MiB, 35 %, 1935 MHz, 1935 MHz, 297.18 W, 67, P2, 0x0000000000000000
2026/08/26 21:51:53.633, 0, 20288 MiB, 67 %, 1935 MHz, 1935 MHz, 294.62 W, 69, P2, 0x0000000000000000
2026/08/26 21:51:54.633, 0, 20288 MiB, 72 %, 1935 MHz, 1935 MHz, 316.40 W, 69, P2, 0x0000000000000000
2026/08/26 21:51:55.634, 0, 20288 MiB, 67 %, 1935 MHz, 1935 MHz, 280.47 W, 69, P2, 0x0000000000000000
2026/08/26 21:51:56.634, 0, 20288 MiB, 70 %, 1935 MHz, 1935 MHz, 314.19 W, 70, P2, 0x0000000000000000
2026/08/26 21:51:57.634, 0, 20288 MiB, 42 %, 1935 MHz, 1935 MHz, 287.80 W, 67, P2, 0x0000000000000000
2026/08/26 21:51:58.635, 0, 20288 MiB, 66 %, 1935 MHz, 1935 MHz, 299.98 W, 70, P2, 0x0000000000000000
2026/08/26 21:51:59.635, 0, 20288 MiB, 68 %, 1935 MHz, 1935 MHz, 317.14 W, 70, P2, 0x0000000000000000
2026/08/26 21:52:00.635, 0, 346 MiB, 0 %, 1935 MHz, 1935 MHz, 204.08 W, 65, P0, 0x0000000000000000
2026/08/26 21:52:01.822, 0, 346 MiB, 0 %, 1950 MHz, 1950 MHz, 172.80 W, 64, P2, 0x0000000000000000
2026/08/26 21:52:02.823, 0, 346 MiB, 6 %, 1950 MHz, 1950 MHz, 171.53 W, 64, P2, 0x0000000000000000
2026/08/26 21:52:03.823, 0, 20144 MiB, 0 %, 1695 MHz, 1695 MHz, 148.66 W, 61, P2, 0x0000000000000000
2026/08/26 21:52:04.823, 0, 20144 MiB, 100 %, 1950 MHz, 1950 MHz, 147.60 W, 62, P2, 0x0000000000000000
2026/08/26 21:52:05.823, 0, 20144 MiB, 100 %, 1950 MHz, 1950 MHz, 170.85 W, 62, P2, 0x0000000000000000
2026/08/26 21:52:06.823, 0, 20144 MiB, 99 %, 1950 MHz, 1950 MHz, 170.78 W, 62, P2, 0x0000000000000000
2026/08/26 21:52:07.823, 0, 20144 MiB, 100 %, 1950 MHz, 1950 MHz, 170.61 W, 62, P2, 0x0000000000000000
2026/08/26 21:52:08.832, 0, 20144 MiB, 100 %, 1950 MHz, 1950 MHz, 169.72 W, 62, P2, 0x0000000000000000
2026/08/26 21:52:09.832, 0, 20144 MiB, 100 %, 1950 MHz, 1950 MHz, 169.85 W, 62, P2, 0x0000000000000000
2026/08/26 21:52:10.833, 0, 20144 MiB, 99 %, 1950 MHz, 1950 MHz, 169.74 W, 62, P2, 0x0000000000000000
2026/08/26 21:52:11.833, 0, 20144 MiB, 100 %, 1950 MHz, 1950 MHz, 169.30 W, 61, P2, 0x0000000000000000
2026/08/26 21:52:12.833, 0, 20144 MiB, 100 %, 1950 MHz, 1950 MHz, 169.30 W, 61, P2, 0x0000000000000000
2026/08/26 21:52:13.833, 0, 20144 MiB, 100 %, 1950 MHz, 1950 MHz, 168.98 W, 61, P2, 0x0000000000000000
2026/08/26 21:52:14.833, 0, 20144 MiB, 100 %, 1950 MHz, 1950 MHz, 169.05 W, 61, P2, 0x0000000000000000
2026/08/26 21:52:15.833, 0, 20786 MiB, 99 %, 1950 MHz, 1950 MHz, 168.82 W, 61, P2, 0x0000000000000000
2026/08/26 21:52:16.833, 0, 20816 MiB, 60 %, 1950 MHz, 1950 MHz, 183.06 W, 64, P2, 0x0000000000000000
2026/08/26 21:52:17.834, 0, 20816 MiB, 77 %, 1950 MHz, 1950 MHz, 316.12 W, 67, P2, 0x0000000000000000
2026/08/26 21:52:18.842, 0, 20816 MiB, 75 %, 1950 MHz, 1950 MHz, 329.25 W, 68, P2, 0x0000000000000000
2026/08/26 21:52:19.842, 0, 20822 MiB, 69 %, 1950 MHz, 1950 MHz, 286.54 W, 67, P2, 0x0000000000000004
2026/08/26 21:52:20.843, 0, 20822 MiB, 77 %, 1950 MHz, 1950 MHz, 277.40 W, 68, P2, 0x0000000000000000
2026/08/26 21:52:21.843, 0, 20822 MiB, 80 %, 1950 MHz, 1950 MHz, 330.08 W, 68, P2, 0x0000000000000000
2026/08/26 21:52:22.843, 0, 20822 MiB, 77 %, 1950 MHz, 1950 MHz, 294.08 W, 65, P2, 0x0000000000000000
2026/08/26 21:52:23.843, 0, 20822 MiB, 77 %, 1950 MHz, 1950 MHz, 266.36 W, 68, P2, 0x0000000000000000
2026/08/26 21:52:24.843, 0, 20822 MiB, 77 %, 1950 MHz, 1950 MHz, 332.53 W, 69, P2, 0x0000000000000000
2026/08/26 21:52:25.844, 0, 20824 MiB, 42 %, 1950 MHz, 1950 MHz, 327.46 W, 67, P2, 0x0000000000000000
2026/08/26 21:52:26.844, 0, 20824 MiB, 77 %, 1950 MHz, 1950 MHz, 245.71 W, 68, P2, 0x0000000000000000
2026/08/26 21:52:27.844, 0, 20824 MiB, 77 %, 1950 MHz, 1950 MHz, 330.80 W, 69, P2, 0x0000000000000000
2026/08/26 21:52:28.844, 0, 20824 MiB, 76 %, 1935 MHz, 1935 MHz, 330.74 W, 70, P2, 0x0000000000000000
2026/08/26 21:52:29.844, 0, 20824 MiB, 80 %, 1920 MHz, 1920 MHz, 244.35 W, 66, P2, 0x0000000000000004
2026/08/26 21:52:30.845, 0, 20824 MiB, 78 %, 1935 MHz, 1935 MHz, 314.98 W, 70, P2, 0x0000000000000000
2026/08/26 21:52:31.845, 0, 20824 MiB, 77 %, 1935 MHz, 1935 MHz, 331.23 W, 70, P2, 0x0000000000000000
2026/08/26 21:52:32.845, 0, 20824 MiB, 79 %, 1920 MHz, 1920 MHz, 252.70 W, 66, P2, 0x0000000000000004
2026/08/26 21:52:33.845, 0, 20824 MiB, 79 %, 1950 MHz, 1950 MHz, 256.02 W, 69, P2, 0x0000000000000000
2026/08/26 21:52:34.845, 0, 20824 MiB, 78 %, 1935 MHz, 1935 MHz, 330.83 W, 70, P2, 0x0000000000000000
2026/08/26 21:52:35.846, 0, 20824 MiB, 78 %, 1935 MHz, 1935 MHz, 332.13 W, 70, P2, 0x0000000000000000
2026/08/26 21:52:36.846, 0, 20824 MiB, 77 %, 1935 MHz, 1935 MHz, 246.78 W, 69, P2, 0x0000000000000000
2026/08/26 21:52:37.846, 0, 20824 MiB, 77 %, 1935 MHz, 1935 MHz, 327.99 W, 70, P2, 0x0000000000000000
2026/08/26 21:52:38.846, 0, 20824 MiB, 78 %, 1935 MHz, 1935 MHz, 330.22 W, 71, P2, 0x0000000000000000
2026/08/26 21:52:39.846, 0, 20824 MiB, 76 %, 1935 MHz, 1935 MHz, 300.86 W, 71, P2, 0x0000000000000000
2026/08/26 21:52:40.847, 0, 20824 MiB, 76 %, 1935 MHz, 1935 MHz, 329.06 W, 71, P2, 0x0000000000000000
2026/08/26 21:52:41.847, 0, 20824 MiB, 77 %, 1935 MHz, 1935 MHz, 329.90 W, 71, P2, 0x0000000000000000
2026/08/26 21:52:42.847, 0, 20824 MiB, 78 %, 1920 MHz, 1920 MHz, 247.75 W, 68, P2, 0x0000000000000000
2026/08/26 21:52:43.847, 0, 20824 MiB, 77 %, 1935 MHz, 1935 MHz, 323.47 W, 71, P2, 0x0000000000000000
2026/08/26 21:52:44.847, 0, 20824 MiB, 78 %, 1935 MHz, 1935 MHz, 332.89 W, 72, P2, 0x0000000000000000
2026/08/26 21:52:45.848, 0, 20824 MiB, 100 %, 1905 MHz, 1905 MHz, 271.27 W, 66, P2, 0x0000000000000004
2026/08/26 21:52:46.848, 0, 20824 MiB, 77 %, 1935 MHz, 1935 MHz, 286.48 W, 72, P2, 0x0000000000000000
2026/08/26 21:52:47.848, 0, 20824 MiB, 74 %, 1935 MHz, 1935 MHz, 335.74 W, 72, P2, 0x0000000000000000
2026/08/26 21:52:48.848, 0, 20824 MiB, 72 %, 1935 MHz, 1935 MHz, 297.56 W, 71, P2, 0x0000000000000000
2026/08/26 21:52:49.848, 0, 20824 MiB, 78 %, 1935 MHz, 1935 MHz, 281.39 W, 72, P2, 0x0000000000000000
2026/08/26 21:52:50.849, 0, 20824 MiB, 77 %, 1935 MHz, 1935 MHz, 338.18 W, 72, P2, 0x0000000000000000
2026/08/26 21:52:51.849, 0, 82 MiB, 0 %, 1935 MHz, 1935 MHz, 310.27 W, 68, P2, 0x0000000000000000
2026/08/26 21:52:52.849, 0, 346 MiB, 0 %, 1935 MHz, 1935 MHz, 181.79 W, 66, P2, 0x0000000000000000
2026/08/26 21:52:53.849, 0, 598 MiB, 6 %, 1935 MHz, 1935 MHz, 173.00 W, 65, P2, 0x0000000000000000
2026/08/26 21:52:54.849, 0, 346 MiB, 6 %, 1695 MHz, 1695 MHz, 168.39 W, 63, P2, 0x0000000000000000
2026/08/26 21:52:55.850, 0, 20144 MiB, 100 %, 1875 MHz, 1875 MHz, 135.34 W, 63, P2, 0x0000000000000000
2026/08/26 21:52:56.850, 0, 20144 MiB, 100 %, 1950 MHz, 1950 MHz, 166.61 W, 64, P2, 0x0000000000000000
2026/08/26 21:52:57.850, 0, 20144 MiB, 99 %, 1950 MHz, 1950 MHz, 172.49 W, 63, P2, 0x0000000000000000
2026/08/26 21:52:58.850, 0, 20144 MiB, 100 %, 1950 MHz, 1950 MHz, 172.18 W, 63, P2, 0x0000000000000000
2026/08/26 21:52:59.850, 0, 20144 MiB, 100 %, 1950 MHz, 1950 MHz, 172.07 W, 63, P2, 0x0000000000000000
2026/08/26 21:53:00.851, 0, 20144 MiB, 100 %, 1950 MHz, 1950 MHz, 171.73 W, 63, P2, 0x0000000000000000
2026/08/26 21:53:01.851, 0, 20144 MiB, 99 %, 1950 MHz, 1950 MHz, 171.61 W, 62, P2, 0x0000000000000000
2026/08/26 21:53:02.851, 0, 20144 MiB, 100 %, 1950 MHz, 1950 MHz, 171.39 W, 62, P2, 0x0000000000000000
2026/08/26 21:53:03.851, 0, 20144 MiB, 100 %, 1950 MHz, 1950 MHz, 170.86 W, 62, P2, 0x0000000000000000
2026/08/26 21:53:04.851, 0, 20144 MiB, 100 %, 1950 MHz, 1950 MHz, 170.87 W, 62, P2, 0x0000000000000000
2026/08/26 21:53:05.852, 0, 20144 MiB, 99 %, 1950 MHz, 1950 MHz, 170.49 W, 62, P2, 0x0000000000000000
2026/08/26 21:53:06.852, 0, 20144 MiB, 99 %, 1950 MHz, 1950 MHz, 170.37 W, 62, P2, 0x0000000000000000
2026/08/26 21:53:07.852, 0, 20800 MiB, 26 %, 1950 MHz, 1950 MHz, 173.53 W, 62, P2, 0x0000000000000000
2026/08/26 21:53:08.852, 0, 20816 MiB, 76 %, 1950 MHz, 1950 MHz, 254.05 W, 67, P2, 0x0000000000000000
2026/08/26 21:53:09.852, 0, 20816 MiB, 80 %, 1950 MHz, 1950 MHz, 333.06 W, 68, P2, 0x0000000000000000
2026/08/26 21:53:10.852, 0, 20820 MiB, 76 %, 1950 MHz, 1950 MHz, 319.02 W, 66, P2, 0x0000000000000000
2026/08/26 21:53:11.853, 0, 20820 MiB, 78 %, 1950 MHz, 1950 MHz, 284.62 W, 68, P2, 0x0000000000000000
2026/08/26 21:53:12.853, 0, 20820 MiB, 77 %, 1950 MHz, 1950 MHz, 332.98 W, 69, P2, 0x0000000000000000
2026/08/26 21:53:13.853, 0, 20820 MiB, 20 %, 1950 MHz, 1950 MHz, 306.35 W, 65, P2, 0x0000000000000000
2026/08/26 21:53:14.853, 0, 20820 MiB, 77 %, 1950 MHz, 1950 MHz, 286.86 W, 69, P2, 0x0000000000000000
2026/08/26 21:53:15.853, 0, 20820 MiB, 77 %, 1950 MHz, 1950 MHz, 333.10 W, 70, P2, 0x0000000000000000
2026/08/26 21:53:16.853, 0, 20820 MiB, 40 %, 1935 MHz, 1935 MHz, 304.90 W, 65, P2, 0x0000000000000000
2026/08/26 21:53:17.853, 0, 20820 MiB, 78 %, 1935 MHz, 1935 MHz, 299.54 W, 70, P2, 0x0000000000000000
2026/08/26 21:53:18.853, 0, 20820 MiB, 78 %, 1935 MHz, 1935 MHz, 334.45 W, 70, P2, 0x0000000000000000
2026/08/26 21:53:19.861, 0, 20820 MiB, 66 %, 1935 MHz, 1935 MHz, 293.91 W, 66, P2, 0x0000000000000004
2026/08/26 21:53:20.861, 0, 20820 MiB, 77 %, 1935 MHz, 1935 MHz, 311.59 W, 70, P2, 0x0000000000000000
2026/08/26 21:53:21.862, 0, 20820 MiB, 76 %, 1935 MHz, 1935 MHz, 333.66 W, 70, P2, 0x0000000000000000
2026/08/26 21:53:22.862, 0, 20826 MiB, 100 %, 1785 MHz, 1785 MHz, 293.53 W, 66, P2, 0x0000000000000004
2026/08/26 21:53:23.862, 0, 20826 MiB, 78 %, 1935 MHz, 1935 MHz, 283.89 W, 70, P2, 0x0000000000000000
2026/08/26 21:53:24.862, 0, 20826 MiB, 77 %, 1935 MHz, 1935 MHz, 322.19 W, 71, P2, 0x0000000000000000
2026/08/26 21:53:25.862, 0, 20826 MiB, 38 %, 1935 MHz, 1935 MHz, 318.74 W, 68, P2, 0x0000000000000000
2026/08/26 21:53:26.862, 0, 20826 MiB, 77 %, 1935 MHz, 1935 MHz, 299.47 W, 71, P2, 0x0000000000000000
2026/08/26 21:53:27.862, 0, 20826 MiB, 75 %, 1935 MHz, 1935 MHz, 334.61 W, 71, P2, 0x0000000000000000
2026/08/26 21:53:28.863, 0, 20826 MiB, 76 %, 1935 MHz, 1935 MHz, 303.38 W, 68, P2, 0x0000000000000004
2026/08/26 21:53:29.863, 0, 20826 MiB, 79 %, 1935 MHz, 1935 MHz, 312.23 W, 71, P2, 0x0000000000000000
2026/08/26 21:53:30.863, 0, 20826 MiB, 74 %, 1935 MHz, 1935 MHz, 337.10 W, 72, P2, 0x0000000000000000
2026/08/26 21:53:31.863, 0, 20826 MiB, 75 %, 1920 MHz, 1920 MHz, 299.49 W, 70, P2, 0x0000000000000004
2026/08/26 21:53:32.863, 0, 20826 MiB, 78 %, 1935 MHz, 1935 MHz, 327.54 W, 72, P2, 0x0000000000000000
2026/08/26 21:53:33.863, 0, 20826 MiB, 78 %, 1935 MHz, 1935 MHz, 337.16 W, 72, P2, 0x0000000000000000
2026/08/26 21:53:34.863, 0, 20826 MiB, 79 %, 1920 MHz, 1920 MHz, 298.35 W, 71, P2, 0x0000000000000000
2026/08/26 21:53:35.863, 0, 20826 MiB, 78 %, 1935 MHz, 1935 MHz, 335.52 W, 73, P2, 0x0000000000000000
2026/08/26 21:53:36.864, 0, 20826 MiB, 78 %, 1935 MHz, 1935 MHz, 338.11 W, 73, P2, 0x0000000000000000
2026/08/26 21:53:37.864, 0, 20826 MiB, 79 %, 1935 MHz, 1935 MHz, 294.56 W, 72, P2, 0x0000000000000000
2026/08/26 21:53:38.864, 0, 20826 MiB, 78 %, 1935 MHz, 1935 MHz, 339.29 W, 73, P2, 0x0000000000000000
2026/08/26 21:53:39.864, 0, 20826 MiB, 78 %, 1935 MHz, 1935 MHz, 337.97 W, 73, P2, 0x0000000000000000
2026/08/26 21:53:40.864, 0, 346 MiB, 0 %, 1935 MHz, 1935 MHz, 229.71 W, 68, P0, 0x0000000000000000
2026/08/26 21:53:42.031, 0, 346 MiB, 0 %, 1935 MHz, 1935 MHz, 176.41 W, 66, P2, 0x0000000000000000
2026/08/26 21:53:43.031, 0, 346 MiB, 6 %, 1935 MHz, 1935 MHz, 173.03 W, 65, P2, 0x0000000000000000
2026/08/26 21:53:44.031, 0, 20144 MiB, 0 %, 1695 MHz, 1695 MHz, 150.27 W, 63, P2, 0x0000000000000000
2026/08/26 21:53:45.031, 0, 20144 MiB, 100 %, 1950 MHz, 1950 MHz, 145.49 W, 64, P2, 0x0000000000000000
2026/08/26 21:53:46.031, 0, 20144 MiB, 99 %, 1950 MHz, 1950 MHz, 172.91 W, 64, P2, 0x0000000000000000
2026/08/26 21:53:47.031, 0, 20144 MiB, 100 %, 1950 MHz, 1950 MHz, 172.85 W, 63, P2, 0x0000000000000000
2026/08/26 21:53:48.031, 0, 20144 MiB, 100 %, 1950 MHz, 1950 MHz, 172.56 W, 63, P2, 0x0000000000000000
2026/08/26 21:53:49.032, 0, 20144 MiB, 100 %, 1950 MHz, 1950 MHz, 172.02 W, 63, P2, 0x0000000000000000
2026/08/26 21:53:50.032, 0, 20144 MiB, 99 %, 1950 MHz, 1950 MHz, 172.07 W, 63, P2, 0x0000000000000000
2026/08/26 21:53:51.032, 0, 20144 MiB, 100 %, 1950 MHz, 1950 MHz, 171.70 W, 62, P2, 0x0000000000000000
2026/08/26 21:53:52.032, 0, 20144 MiB, 100 %, 1950 MHz, 1950 MHz, 171.76 W, 62, P2, 0x0000000000000000
2026/08/26 21:53:53.032, 0, 20144 MiB, 100 %, 1950 MHz, 1950 MHz, 171.50 W, 62, P2, 0x0000000000000000
2026/08/26 21:53:54.032, 0, 20144 MiB, 99 %, 1950 MHz, 1950 MHz, 171.21 W, 62, P2, 0x0000000000000000
2026/08/26 21:53:55.033, 0, 20144 MiB, 100 %, 1950 MHz, 1950 MHz, 170.96 W, 62, P2, 0x0000000000000000
2026/08/26 21:53:56.033, 0, 20802 MiB, 100 %, 1950 MHz, 1950 MHz, 170.59 W, 62, P2, 0x0000000000000000
2026/08/26 21:53:57.033, 0, 20816 MiB, 77 %, 1950 MHz, 1950 MHz, 243.11 W, 67, P2, 0x0000000000000000
2026/08/26 21:53:58.033, 0, 20816 MiB, 77 %, 1950 MHz, 1950 MHz, 330.60 W, 68, P2, 0x0000000000000000
2026/08/26 21:53:59.033, 0, 20816 MiB, 78 %, 1950 MHz, 1950 MHz, 333.55 W, 69, P2, 0x0000000000000000
2026/08/26 21:54:00.033, 0, 20816 MiB, 78 %, 1950 MHz, 1950 MHz, 302.11 W, 69, P2, 0x0000000000000000
2026/08/26 21:54:01.041, 0, 20816 MiB, 77 %, 1950 MHz, 1950 MHz, 335.28 W, 69, P2, 0x0000000000000000
2026/08/26 21:54:02.042, 0, 20816 MiB, 16 %, 1950 MHz, 1950 MHz, 321.78 W, 66, P2, 0x0000000000000000
2026/08/26 21:54:03.042, 0, 20816 MiB, 75 %, 1950 MHz, 1950 MHz, 293.98 W, 69, P2, 0x0000000000000000
2026/08/26 21:54:04.042, 0, 20816 MiB, 76 %, 1935 MHz, 1935 MHz, 330.02 W, 70, P2, 0x0000000000000000
2026/08/26 21:54:05.042, 0, 20816 MiB, 78 %, 1935 MHz, 1935 MHz, 299.95 W, 66, P2, 0x0000000000000004
2026/08/26 21:54:06.042, 0, 20816 MiB, 79 %, 1935 MHz, 1935 MHz, 304.41 W, 70, P2, 0x0000000000000000
2026/08/26 21:54:07.042, 0, 20816 MiB, 77 %, 1935 MHz, 1935 MHz, 338.18 W, 70, P2, 0x0000000000000000
2026/08/26 21:54:08.042, 0, 20816 MiB, 66 %, 1920 MHz, 1920 MHz, 294.25 W, 68, P2, 0x0000000000000004
2026/08/26 21:54:09.042, 0, 20816 MiB, 77 %, 1935 MHz, 1935 MHz, 330.89 W, 71, P2, 0x0000000000000000
2026/08/26 21:54:10.043, 0, 20816 MiB, 76 %, 1935 MHz, 1935 MHz, 333.08 W, 71, P2, 0x0000000000000000
2026/08/26 21:54:11.046, 0, 20824 MiB, 100 %, 1905 MHz, 1905 MHz, 265.88 W, 66, P2, 0x0000000000000004
2026/08/26 21:54:12.046, 0, 20824 MiB, 76 %, 1935 MHz, 1935 MHz, 314.09 W, 71, P2, 0x0000000000000000
2026/08/26 21:54:13.046, 0, 20824 MiB, 77 %, 1935 MHz, 1935 MHz, 332.99 W, 71, P2, 0x0000000000000000
2026/08/26 21:54:14.047, 0, 20824 MiB, 56 %, 1935 MHz, 1935 MHz, 303.00 W, 69, P2, 0x0000000000000000
2026/08/26 21:54:15.047, 0, 20824 MiB, 79 %, 1935 MHz, 1935 MHz, 335.12 W, 71, P2, 0x0000000000000000
2026/08/26 21:54:16.052, 0, 20824 MiB, 79 %, 1935 MHz, 1935 MHz, 338.50 W, 72, P2, 0x0000000000000000
2026/08/26 21:54:17.052, 0, 20824 MiB, 76 %, 1935 MHz, 1935 MHz, 304.84 W, 71, P2, 0x0000000000000000
2026/08/26 21:54:18.052, 0, 20824 MiB, 78 %, 1935 MHz, 1935 MHz, 338.01 W, 72, P2, 0x0000000000000000
2026/08/26 21:54:19.052, 0, 20824 MiB, 76 %, 1935 MHz, 1935 MHz, 337.14 W, 72, P2, 0x0000000000000000
2026/08/26 21:54:20.052, 0, 20824 MiB, 77 %, 1935 MHz, 1935 MHz, 307.11 W, 72, P2, 0x0000000000000000
2026/08/26 21:54:21.053, 0, 20824 MiB, 77 %, 1935 MHz, 1935 MHz, 339.02 W, 72, P2, 0x0000000000000000
2026/08/26 21:54:22.053, 0, 20824 MiB, 77 %, 1935 MHz, 1935 MHz, 337.61 W, 73, P2, 0x0000000000000000
2026/08/26 21:54:23.053, 0, 20824 MiB, 77 %, 1935 MHz, 1935 MHz, 300.24 W, 72, P2, 0x0000000000000000
2026/08/26 21:54:24.053, 0, 20824 MiB, 77 %, 1935 MHz, 1935 MHz, 337.96 W, 73, P2, 0x0000000000000000
2026/08/26 21:54:25.053, 0, 20824 MiB, 45 %, 1935 MHz, 1935 MHz, 331.37 W, 73, P2, 0x0000000000000000
2026/08/26 21:54:26.055, 0, 20824 MiB, 78 %, 1935 MHz, 1935 MHz, 304.25 W, 73, P2, 0x0000000000000000
2026/08/26 21:54:27.055, 0, 20824 MiB, 79 %, 1935 MHz, 1935 MHz, 343.29 W, 74, P2, 0x0000000000000000
2026/08/26 21:54:28.055, 0, 82 MiB, 71 %, 1935 MHz, 1935 MHz, 302.25 W, 69, P2, 0x0000000000000000
2026/08/26 21:54:29.057, 0, 346 MiB, 0 %, 1935 MHz, 1935 MHz, 182.88 W, 67, P2, 0x0000000000000000
2026/08/26 21:54:30.058, 0, 346 MiB, 0 %, 1935 MHz, 1935 MHz, 173.98 W, 66, P2, 0x0000000000000000
2026/08/26 21:54:31.058, 0, 346 MiB, 6 %, 1695 MHz, 1695 MHz, 166.19 W, 63, P2, 0x0000000000000000
2026/08/26 21:54:32.058, 0, 19362 MiB, 77 %, 1695 MHz, 1695 MHz, 135.18 W, 62, P2, 0x0000000000000000
2026/08/26 21:54:33.058, 0, 19362 MiB, 100 %, 1950 MHz, 1950 MHz, 156.83 W, 64, P2, 0x0000000000000000
2026/08/26 21:54:34.058, 0, 19362 MiB, 100 %, 1950 MHz, 1950 MHz, 173.14 W, 63, P2, 0x0000000000000000
2026/08/26 21:54:35.059, 0, 19362 MiB, 100 %, 1950 MHz, 1950 MHz, 172.97 W, 63, P2, 0x0000000000000000
2026/08/26 21:54:36.059, 0, 19362 MiB, 99 %, 1950 MHz, 1950 MHz, 172.47 W, 63, P2, 0x0000000000000000
2026/08/26 21:54:37.059, 0, 19362 MiB, 99 %, 1950 MHz, 1950 MHz, 172.54 W, 63, P2, 0x0000000000000000
2026/08/26 21:54:38.059, 0, 19362 MiB, 100 %, 1950 MHz, 1950 MHz, 172.24 W, 63, P2, 0x0000000000000000
2026/08/26 21:54:39.060, 0, 19362 MiB, 100 %, 1950 MHz, 1950 MHz, 171.81 W, 62, P2, 0x0000000000000000
2026/08/26 21:54:40.060, 0, 19362 MiB, 100 %, 1950 MHz, 1950 MHz, 171.89 W, 62, P2, 0x0000000000000000
2026/08/26 21:54:41.060, 0, 19362 MiB, 99 %, 1950 MHz, 1950 MHz, 171.46 W, 62, P2, 0x0000000000000000
2026/08/26 21:54:42.060, 0, 19362 MiB, 100 %, 1950 MHz, 1950 MHz, 171.45 W, 62, P2, 0x0000000000000000
2026/08/26 21:54:43.060, 0, 19362 MiB, 100 %, 1950 MHz, 1950 MHz, 171.32 W, 62, P2, 0x0000000000000000
2026/08/26 21:54:44.060, 0, 20740 MiB, 100 %, 1950 MHz, 1950 MHz, 171.44 W, 61, P2, 0x0000000000000000
2026/08/26 21:54:45.061, 0, 20764 MiB, 83 %, 1950 MHz, 1950 MHz, 188.31 W, 63, P2, 0x0000000000000000
2026/08/26 21:54:46.061, 0, 20764 MiB, 84 %, 1950 MHz, 1950 MHz, 206.55 W, 62, P2, 0x0000000000000000
2026/08/26 21:54:47.061, 0, 20764 MiB, 84 %, 1950 MHz, 1950 MHz, 207.41 W, 62, P2, 0x0000000000000000
2026/08/26 21:54:48.061, 0, 20764 MiB, 81 %, 1950 MHz, 1950 MHz, 206.30 W, 63, P2, 0x0000000000000000
2026/08/26 21:54:49.061, 0, 20764 MiB, 85 %, 1950 MHz, 1950 MHz, 206.92 W, 62, P2, 0x0000000000000000
2026/08/26 21:54:50.061, 0, 20764 MiB, 83 %, 1950 MHz, 1950 MHz, 207.90 W, 63, P2, 0x0000000000000000
2026/08/26 21:54:51.061, 0, 20764 MiB, 84 %, 1950 MHz, 1950 MHz, 206.87 W, 62, P2, 0x0000000000000000
2026/08/26 21:54:52.062, 0, 20764 MiB, 82 %, 1950 MHz, 1950 MHz, 206.69 W, 62, P2, 0x0000000000000000
2026/08/26 21:54:53.062, 0, 20764 MiB, 84 %, 1950 MHz, 1950 MHz, 206.86 W, 62, P2, 0x0000000000000000
2026/08/26 21:54:54.062, 0, 20764 MiB, 84 %, 1950 MHz, 1950 MHz, 206.34 W, 62, P2, 0x0000000000000000
2026/08/26 21:54:55.062, 0, 20764 MiB, 83 %, 1950 MHz, 1950 MHz, 205.60 W, 62, P2, 0x0000000000000000
2026/08/26 21:54:56.062, 0, 20764 MiB, 85 %, 1950 MHz, 1950 MHz, 204.73 W, 62, P2, 0x0000000000000000
2026/08/26 21:54:57.062, 0, 20764 MiB, 84 %, 1950 MHz, 1950 MHz, 205.87 W, 62, P2, 0x0000000000000000
2026/08/26 21:54:58.062, 0, 20764 MiB, 84 %, 1950 MHz, 1950 MHz, 205.85 W, 62, P2, 0x0000000000000000
2026/08/26 21:54:59.063, 0, 20764 MiB, 82 %, 1950 MHz, 1950 MHz, 206.52 W, 61, P2, 0x0000000000000000
2026/08/26 21:55:00.063, 0, 20764 MiB, 85 %, 1950 MHz, 1950 MHz, 206.06 W, 62, P2, 0x0000000000000000
2026/08/26 21:55:01.063, 0, 20764 MiB, 84 %, 1950 MHz, 1950 MHz, 205.47 W, 62, P2, 0x0000000000000000
2026/08/26 21:55:02.063, 0, 20764 MiB, 84 %, 1950 MHz, 1950 MHz, 205.70 W, 62, P2, 0x0000000000000000
2026/08/26 21:55:03.063, 0, 20764 MiB, 83 %, 1950 MHz, 1950 MHz, 205.30 W, 62, P2, 0x0000000000000000
2026/08/26 21:55:04.063, 0, 20764 MiB, 84 %, 1950 MHz, 1950 MHz, 205.26 W, 61, P2, 0x0000000000000000
2026/08/26 21:55:05.063, 0, 20764 MiB, 84 %, 1950 MHz, 1950 MHz, 205.21 W, 61, P2, 0x0000000000000000
2026/08/26 21:55:06.064, 0, 20764 MiB, 66 %, 1950 MHz, 1950 MHz, 200.69 W, 61, P2, 0x0000000000000000
2026/08/26 21:55:07.064, 0, 20764 MiB, 84 %, 1950 MHz, 1950 MHz, 205.12 W, 61, P2, 0x0000000000000000
2026/08/26 21:55:08.064, 0, 20764 MiB, 85 %, 1950 MHz, 1950 MHz, 203.79 W, 61, P2, 0x0000000000000000
2026/08/26 21:55:09.064, 0, 20764 MiB, 83 %, 1950 MHz, 1950 MHz, 206.53 W, 61, P2, 0x0000000000000000
2026/08/26 21:55:10.064, 0, 20764 MiB, 83 %, 1950 MHz, 1950 MHz, 205.02 W, 61, P2, 0x0000000000000000
2026/08/26 21:55:11.064, 0, 20764 MiB, 85 %, 1950 MHz, 1950 MHz, 205.15 W, 61, P2, 0x0000000000000000
2026/08/26 21:55:12.065, 0, 20764 MiB, 82 %, 1950 MHz, 1950 MHz, 205.37 W, 61, P2, 0x0000000000000000
2026/08/26 21:55:13.065, 0, 20764 MiB, 85 %, 1950 MHz, 1950 MHz, 205.28 W, 61, P2, 0x0000000000000000
2026/08/26 21:55:14.065, 0, 20764 MiB, 83 %, 1950 MHz, 1950 MHz, 204.77 W, 61, P2, 0x0000000000000000
2026/08/26 21:55:15.065, 0, 20764 MiB, 84 %, 1950 MHz, 1950 MHz, 205.25 W, 61, P2, 0x0000000000000000
2026/08/26 21:55:16.065, 0, 20764 MiB, 85 %, 1950 MHz, 1950 MHz, 203.99 W, 61, P2, 0x0000000000000000
2026/08/26 21:55:17.065, 0, 20764 MiB, 84 %, 1950 MHz, 1950 MHz, 204.77 W, 60, P2, 0x0000000000000000
2026/08/26 21:55:18.065, 0, 20768 MiB, 83 %, 1950 MHz, 1950 MHz, 198.93 W, 61, P2, 0x0000000000000000
2026/08/26 21:55:19.066, 0, 20768 MiB, 84 %, 1950 MHz, 1950 MHz, 204.39 W, 61, P2, 0x0000000000000000
2026/08/26 21:55:20.066, 0, 20768 MiB, 82 %, 1950 MHz, 1950 MHz, 204.21 W, 61, P2, 0x0000000000000000
2026/08/26 21:55:21.066, 0, 20768 MiB, 82 %, 1950 MHz, 1950 MHz, 203.76 W, 60, P2, 0x0000000000000000
2026/08/26 21:55:22.066, 0, 20768 MiB, 83 %, 1950 MHz, 1950 MHz, 205.06 W, 60, P2, 0x0000000000000000
2026/08/26 21:55:23.066, 0, 20768 MiB, 85 %, 1950 MHz, 1950 MHz, 202.64 W, 61, P2, 0x0000000000000000
2026/08/26 21:55:24.067, 0, 20768 MiB, 83 %, 1950 MHz, 1950 MHz, 204.54 W, 61, P2, 0x0000000000000000
2026/08/26 21:55:25.067, 0, 20768 MiB, 84 %, 1950 MHz, 1950 MHz, 204.29 W, 60, P2, 0x0000000000000000
2026/08/26 21:55:26.067, 0, 20768 MiB, 86 %, 1950 MHz, 1950 MHz, 203.86 W, 61, P2, 0x0000000000000000
2026/08/26 21:55:27.067, 0, 20768 MiB, 82 %, 1950 MHz, 1950 MHz, 204.77 W, 61, P2, 0x0000000000000000
2026/08/26 21:55:28.067, 0, 20768 MiB, 69 %, 1950 MHz, 1950 MHz, 205.72 W, 60, P2, 0x0000000000000000
2026/08/26 21:55:29.067, 0, 20768 MiB, 84 %, 1950 MHz, 1950 MHz, 196.25 W, 60, P2, 0x0000000000000000
2026/08/26 21:55:30.067, 0, 20768 MiB, 82 %, 1950 MHz, 1950 MHz, 199.25 W, 60, P2, 0x0000000000000000
2026/08/26 21:55:31.068, 0, 20768 MiB, 85 %, 1950 MHz, 1950 MHz, 200.05 W, 60, P2, 0x0000000000000000
2026/08/26 21:55:32.068, 0, 20768 MiB, 84 %, 1950 MHz, 1950 MHz, 200.20 W, 60, P2, 0x0000000000000000
2026/08/26 21:55:33.068, 0, 20768 MiB, 83 %, 1950 MHz, 1950 MHz, 199.42 W, 60, P2, 0x0000000000000000
2026/08/26 21:55:34.068, 0, 20768 MiB, 83 %, 1950 MHz, 1950 MHz, 199.53 W, 60, P2, 0x0000000000000000
2026/08/26 21:55:35.068, 0, 20768 MiB, 85 %, 1950 MHz, 1950 MHz, 200.08 W, 60, P2, 0x0000000000000000
2026/08/26 21:55:36.068, 0, 20768 MiB, 84 %, 1950 MHz, 1950 MHz, 200.39 W, 60, P2, 0x0000000000000000
2026/08/26 21:55:37.069, 0, 20768 MiB, 81 %, 1950 MHz, 1950 MHz, 199.25 W, 60, P2, 0x0000000000000000
2026/08/26 21:55:38.069, 0, 20768 MiB, 82 %, 1950 MHz, 1950 MHz, 199.89 W, 60, P2, 0x0000000000000000
2026/08/26 21:55:39.069, 0, 20776 MiB, 68 %, 1950 MHz, 1950 MHz, 188.54 W, 60, P2, 0x0000000000000000
2026/08/26 21:55:40.069, 0, 20776 MiB, 84 %, 1950 MHz, 1950 MHz, 200.35 W, 60, P2, 0x0000000000000000
2026/08/26 21:55:41.069, 0, 20776 MiB, 84 %, 1950 MHz, 1950 MHz, 202.43 W, 60, P2, 0x0000000000000000
2026/08/26 21:55:42.069, 0, 20776 MiB, 83 %, 1950 MHz, 1950 MHz, 200.80 W, 60, P2, 0x0000000000000000
2026/08/26 21:55:43.070, 0, 20776 MiB, 83 %, 1950 MHz, 1950 MHz, 202.65 W, 60, P2, 0x0000000000000000
2026/08/26 21:55:44.070, 0, 20776 MiB, 83 %, 1950 MHz, 1950 MHz, 200.38 W, 60, P2, 0x0000000000000000
2026/08/26 21:55:45.070, 0, 20776 MiB, 83 %, 1950 MHz, 1950 MHz, 201.61 W, 60, P2, 0x0000000000000000
2026/08/26 21:55:46.070, 0, 20776 MiB, 83 %, 1950 MHz, 1950 MHz, 201.88 W, 60, P2, 0x0000000000000000
2026/08/26 21:55:47.070, 0, 20776 MiB, 84 %, 1950 MHz, 1950 MHz, 200.36 W, 60, P2, 0x0000000000000000
2026/08/26 21:55:48.070, 0, 20776 MiB, 83 %, 1950 MHz, 1950 MHz, 200.31 W, 60, P2, 0x0000000000000000
2026/08/26 21:55:49.071, 0, 20776 MiB, 84 %, 1950 MHz, 1950 MHz, 198.89 W, 59, P2, 0x0000000000000000
2026/08/26 21:55:50.071, 0, 20776 MiB, 84 %, 1950 MHz, 1950 MHz, 201.51 W, 60, P2, 0x0000000000000000
2026/08/26 21:55:51.071, 0, 20776 MiB, 83 %, 1950 MHz, 1950 MHz, 200.26 W, 60, P2, 0x0000000000000000
2026/08/26 21:55:52.071, 0, 20776 MiB, 83 %, 1950 MHz, 1950 MHz, 200.57 W, 59, P2, 0x0000000000000000
2026/08/26 21:55:53.071, 0, 20776 MiB, 84 %, 1950 MHz, 1950 MHz, 201.46 W, 60, P2, 0x0000000000000000
2026/08/26 21:55:54.071, 0, 20776 MiB, 83 %, 1950 MHz, 1950 MHz, 202.35 W, 60, P2, 0x0000000000000000
2026/08/26 21:55:55.071, 0, 20776 MiB, 83 %, 1950 MHz, 1950 MHz, 201.43 W, 59, P2, 0x0000000000000000
2026/08/26 21:55:56.072, 0, 20776 MiB, 82 %, 1950 MHz, 1950 MHz, 201.31 W, 59, P2, 0x0000000000000000
2026/08/26 21:55:57.072, 0, 20776 MiB, 85 %, 1950 MHz, 1950 MHz, 201.04 W, 60, P2, 0x0000000000000000
2026/08/26 21:55:58.072, 0, 20776 MiB, 83 %, 1950 MHz, 1950 MHz, 201.21 W, 59, P2, 0x0000000000000000
2026/08/26 21:55:59.072, 0, 20776 MiB, 73 %, 1950 MHz, 1950 MHz, 203.25 W, 60, P2, 0x0000000000000000
2026/08/26 21:56:00.072, 0, 20776 MiB, 84 %, 1950 MHz, 1950 MHz, 202.11 W, 60, P2, 0x0000000000000000
2026/08/26 21:56:01.072, 0, 20776 MiB, 84 %, 1950 MHz, 1950 MHz, 201.38 W, 60, P2, 0x0000000000000000
2026/08/26 21:56:02.072, 0, 20776 MiB, 84 %, 1950 MHz, 1950 MHz, 201.41 W, 60, P2, 0x0000000000000000
2026/08/26 21:56:03.073, 0, 20776 MiB, 83 %, 1950 MHz, 1950 MHz, 199.89 W, 60, P2, 0x0000000000000000
2026/08/26 21:56:04.073, 0, 20776 MiB, 83 %, 1950 MHz, 1950 MHz, 201.42 W, 59, P2, 0x0000000000000000
2026/08/26 21:56:05.073, 0, 20776 MiB, 84 %, 1950 MHz, 1950 MHz, 200.77 W, 60, P2, 0x0000000000000000
2026/08/26 21:56:06.073, 0, 20776 MiB, 82 %, 1950 MHz, 1950 MHz, 200.54 W, 59, P2, 0x0000000000000000
2026/08/26 21:56:07.073, 0, 20776 MiB, 85 %, 1950 MHz, 1950 MHz, 200.19 W, 60, P2, 0x0000000000000000
2026/08/26 21:56:08.073, 0, 20776 MiB, 85 %, 1950 MHz, 1950 MHz, 199.73 W, 59, P2, 0x0000000000000000
2026/08/26 21:56:09.073, 0, 20776 MiB, 69 %, 1950 MHz, 1950 MHz, 202.06 W, 60, P2, 0x0000000000000000
2026/08/26 21:56:10.074, 0, 20776 MiB, 83 %, 1950 MHz, 1950 MHz, 200.42 W, 59, P2, 0x0000000000000000
2026/08/26 21:56:11.074, 0, 20776 MiB, 85 %, 1950 MHz, 1950 MHz, 200.40 W, 59, P2, 0x0000000000000000
2026/08/26 21:56:12.074, 0, 20776 MiB, 82 %, 1950 MHz, 1950 MHz, 200.82 W, 60, P2, 0x0000000000000000
2026/08/26 21:56:13.074, 0, 20776 MiB, 84 %, 1950 MHz, 1950 MHz, 202.18 W, 60, P2, 0x0000000000000000
2026/08/26 21:56:14.074, 0, 20776 MiB, 84 %, 1950 MHz, 1950 MHz, 200.88 W, 60, P2, 0x0000000000000000
2026/08/26 21:56:15.074, 0, 20776 MiB, 82 %, 1950 MHz, 1950 MHz, 200.85 W, 60, P2, 0x0000000000000000
2026/08/26 21:56:16.075, 0, 20776 MiB, 84 %, 1950 MHz, 1950 MHz, 200.85 W, 60, P2, 0x0000000000000000
2026/08/26 21:56:17.075, 0, 20776 MiB, 84 %, 1950 MHz, 1950 MHz, 201.66 W, 60, P2, 0x0000000000000000
2026/08/26 21:56:18.075, 0, 20776 MiB, 86 %, 1950 MHz, 1950 MHz, 200.54 W, 60, P2, 0x0000000000000000
2026/08/26 21:56:19.075, 0, 20776 MiB, 83 %, 1950 MHz, 1950 MHz, 201.48 W, 59, P2, 0x0000000000000000
2026/08/26 21:56:20.075, 0, 20776 MiB, 59 %, 1950 MHz, 1950 MHz, 196.02 W, 59, P2, 0x0000000000000000
2026/08/26 21:56:21.075, 0, 20776 MiB, 84 %, 1950 MHz, 1950 MHz, 197.03 W, 59, P2, 0x0000000000000000
2026/08/26 21:56:22.076, 0, 20776 MiB, 85 %, 1950 MHz, 1950 MHz, 199.72 W, 60, P2, 0x0000000000000000
2026/08/26 21:56:23.076, 0, 20776 MiB, 84 %, 1950 MHz, 1950 MHz, 201.02 W, 60, P2, 0x0000000000000000
2026/08/26 21:56:24.076, 0, 20776 MiB, 84 %, 1950 MHz, 1950 MHz, 200.55 W, 60, P2, 0x0000000000000000
2026/08/26 21:56:25.076, 0, 20776 MiB, 84 %, 1950 MHz, 1950 MHz, 202.05 W, 60, P2, 0x0000000000000000
2026/08/26 21:56:26.076, 0, 20776 MiB, 83 %, 1950 MHz, 1950 MHz, 200.43 W, 60, P2, 0x0000000000000000
2026/08/26 21:56:27.076, 0, 20776 MiB, 84 %, 1950 MHz, 1950 MHz, 202.37 W, 60, P2, 0x0000000000000000
2026/08/26 21:56:28.076, 0, 20776 MiB, 83 %, 1950 MHz, 1950 MHz, 200.67 W, 59, P2, 0x0000000000000000
2026/08/26 21:56:29.077, 0, 20776 MiB, 85 %, 1950 MHz, 1950 MHz, 200.89 W, 60, P2, 0x0000000000000000
2026/08/26 21:56:30.077, 0, 20776 MiB, 84 %, 1950 MHz, 1950 MHz, 200.61 W, 60, P2, 0x0000000000000000
2026/08/26 21:56:31.077, 0, 20776 MiB, 79 %, 1950 MHz, 1950 MHz, 202.21 W, 60, P2, 0x0000000000000000
2026/08/26 21:56:32.077, 0, 20776 MiB, 82 %, 1950 MHz, 1950 MHz, 198.86 W, 60, P2, 0x0000000000000000
2026/08/26 21:56:33.077, 0, 20776 MiB, 83 %, 1950 MHz, 1950 MHz, 199.44 W, 59, P2, 0x0000000000000000
2026/08/26 21:56:34.077, 0, 20776 MiB, 82 %, 1950 MHz, 1950 MHz, 201.03 W, 59, P2, 0x0000000000000000
2026/08/26 21:56:35.077, 0, 20776 MiB, 83 %, 1950 MHz, 1950 MHz, 201.21 W, 59, P2, 0x0000000000000000
2026/08/26 21:56:36.078, 0, 20776 MiB, 84 %, 1950 MHz, 1950 MHz, 199.70 W, 59, P2, 0x0000000000000000
2026/08/26 21:56:37.078, 0, 20776 MiB, 83 %, 1950 MHz, 1950 MHz, 201.55 W, 60, P2, 0x0000000000000000
2026/08/26 21:56:38.078, 0, 20776 MiB, 84 %, 1950 MHz, 1950 MHz, 201.43 W, 59, P2, 0x0000000000000000
2026/08/26 21:56:39.078, 0, 20776 MiB, 86 %, 1950 MHz, 1950 MHz, 200.24 W, 59, P2, 0x0000000000000000
2026/08/26 21:56:40.078, 0, 20776 MiB, 84 %, 1950 MHz, 1950 MHz, 200.04 W, 60, P2, 0x0000000000000000
2026/08/26 21:56:41.078, 0, 20776 MiB, 82 %, 1950 MHz, 1950 MHz, 199.95 W, 59, P2, 0x0000000000000000
2026/08/26 21:56:42.079, 0, 85 MiB, 93 %, 1950 MHz, 1950 MHz, 183.95 W, 59, P0, 0x0000000000000000
2026/08/26 21:56:43.136, 0, 346 MiB, 0 %, 1950 MHz, 1950 MHz, 166.02 W, 58, P2, 0x0000000000000000
2026/08/26 21:56:44.136, 0, 346 MiB, 0 %, 1950 MHz, 1950 MHz, 161.98 W, 58, P2, 0x0000000000000000
2026/08/26 21:56:45.137, 0, 346 MiB, 0 %, 1695 MHz, 1695 MHz, 146.55 W, 57, P2, 0x0000000000000000
2026/08/26 21:56:46.137, 0, 19362 MiB, 100 %, 1950 MHz, 1950 MHz, 128.16 W, 56, P2, 0x0000000000000000
2026/08/26 21:56:47.137, 0, 19362 MiB, 99 %, 1950 MHz, 1950 MHz, 156.53 W, 58, P2, 0x0000000000000000
2026/08/26 21:56:48.137, 0, 19362 MiB, 100 %, 1950 MHz, 1950 MHz, 162.64 W, 58, P2, 0x0000000000000000
2026/08/26 21:56:49.137, 0, 19362 MiB, 100 %, 1950 MHz, 1950 MHz, 162.35 W, 57, P2, 0x0000000000000000
2026/08/26 21:56:50.137, 0, 19362 MiB, 100 %, 1950 MHz, 1950 MHz, 161.49 W, 57, P2, 0x0000000000000000
2026/08/26 21:56:51.138, 0, 19362 MiB, 99 %, 1950 MHz, 1950 MHz, 162.40 W, 58, P2, 0x0000000000000000
2026/08/26 21:56:52.138, 0, 19362 MiB, 100 %, 1950 MHz, 1950 MHz, 161.61 W, 57, P2, 0x0000000000000000
2026/08/26 21:56:53.138, 0, 19362 MiB, 100 %, 1950 MHz, 1950 MHz, 162.33 W, 57, P2, 0x0000000000000000
2026/08/26 21:56:54.138, 0, 19362 MiB, 99 %, 1950 MHz, 1950 MHz, 161.84 W, 57, P2, 0x0000000000000000
2026/08/26 21:56:55.138, 0, 19362 MiB, 100 %, 1950 MHz, 1950 MHz, 162.11 W, 57, P2, 0x0000000000000000
2026/08/26 21:56:56.138, 0, 19362 MiB, 100 %, 1950 MHz, 1950 MHz, 162.50 W, 57, P2, 0x0000000000000000
2026/08/26 21:56:57.138, 0, 19362 MiB, 100 %, 1950 MHz, 1950 MHz, 161.79 W, 57, P2, 0x0000000000000000
2026/08/26 21:56:58.139, 0, 20744 MiB, 15 %, 1950 MHz, 1950 MHz, 163.52 W, 57, P2, 0x0000000000000000
2026/08/26 21:56:59.139, 0, 20768 MiB, 81 %, 1950 MHz, 1950 MHz, 204.57 W, 58, P2, 0x0000000000000000
2026/08/26 21:57:00.139, 0, 20770 MiB, 85 %, 1950 MHz, 1950 MHz, 224.91 W, 60, P2, 0x0000000000000000
2026/08/26 21:57:01.139, 0, 20770 MiB, 83 %, 1950 MHz, 1950 MHz, 224.48 W, 60, P2, 0x0000000000000000
2026/08/26 21:57:02.139, 0, 20770 MiB, 80 %, 1950 MHz, 1950 MHz, 225.02 W, 60, P2, 0x0000000000000000
2026/08/26 21:57:03.139, 0, 20770 MiB, 81 %, 1950 MHz, 1950 MHz, 220.79 W, 60, P2, 0x0000000000000000
2026/08/26 21:57:04.139, 0, 20770 MiB, 83 %, 1950 MHz, 1950 MHz, 220.77 W, 60, P2, 0x0000000000000000
2026/08/26 21:57:05.140, 0, 20770 MiB, 84 %, 1950 MHz, 1950 MHz, 223.57 W, 60, P2, 0x0000000000000000
2026/08/26 21:57:06.140, 0, 20770 MiB, 83 %, 1950 MHz, 1950 MHz, 226.70 W, 60, P2, 0x0000000000000000
2026/08/26 21:57:07.140, 0, 20774 MiB, 84 %, 1950 MHz, 1950 MHz, 226.12 W, 60, P2, 0x0000000000000000
2026/08/26 21:57:08.140, 0, 20774 MiB, 82 %, 1950 MHz, 1950 MHz, 221.61 W, 60, P2, 0x0000000000000000
2026/08/26 21:57:09.140, 0, 20774 MiB, 84 %, 1950 MHz, 1950 MHz, 223.08 W, 60, P2, 0x0000000000000000
2026/08/26 21:57:10.140, 0, 20774 MiB, 79 %, 1950 MHz, 1950 MHz, 213.93 W, 60, P2, 0x0000000000000000
2026/08/26 21:57:11.140, 0, 20774 MiB, 80 %, 1950 MHz, 1950 MHz, 224.39 W, 60, P2, 0x0000000000000000
2026/08/26 21:57:12.141, 0, 20774 MiB, 83 %, 1950 MHz, 1950 MHz, 225.30 W, 61, P2, 0x0000000000000000
2026/08/26 21:57:13.141, 0, 20774 MiB, 84 %, 1950 MHz, 1950 MHz, 225.38 W, 60, P2, 0x0000000000000000
2026/08/26 21:57:14.141, 0, 20774 MiB, 83 %, 1950 MHz, 1950 MHz, 222.63 W, 61, P2, 0x0000000000000000
2026/08/26 21:57:15.141, 0, 20774 MiB, 82 %, 1950 MHz, 1950 MHz, 228.82 W, 61, P2, 0x0000000000000000
2026/08/26 21:57:16.141, 0, 20774 MiB, 81 %, 1950 MHz, 1950 MHz, 222.82 W, 61, P2, 0x0000000000000000
2026/08/26 21:57:17.142, 0, 20774 MiB, 80 %, 1950 MHz, 1950 MHz, 225.65 W, 61, P2, 0x0000000000000000
2026/08/26 21:57:18.142, 0, 20774 MiB, 83 %, 1950 MHz, 1950 MHz, 225.78 W, 61, P2, 0x0000000000000000
2026/08/26 21:57:19.142, 0, 20774 MiB, 81 %, 1950 MHz, 1950 MHz, 226.95 W, 61, P2, 0x0000000000000000
2026/08/26 21:57:20.142, 0, 20774 MiB, 70 %, 1950 MHz, 1950 MHz, 215.99 W, 60, P2, 0x0000000000000000
2026/08/26 21:57:21.142, 0, 20774 MiB, 84 %, 1950 MHz, 1950 MHz, 224.60 W, 61, P2, 0x0000000000000000
2026/08/26 21:57:22.143, 0, 20774 MiB, 83 %, 1950 MHz, 1950 MHz, 227.94 W, 61, P2, 0x0000000000000000
2026/08/26 21:57:23.143, 0, 20774 MiB, 81 %, 1950 MHz, 1950 MHz, 225.08 W, 61, P2, 0x0000000000000000
2026/08/26 21:57:24.143, 0, 20774 MiB, 81 %, 1950 MHz, 1950 MHz, 227.10 W, 61, P2, 0x0000000000000000
2026/08/26 21:57:25.143, 0, 20774 MiB, 79 %, 1950 MHz, 1950 MHz, 227.06 W, 61, P2, 0x0000000000000000
2026/08/26 21:57:26.143, 0, 20774 MiB, 84 %, 1950 MHz, 1950 MHz, 222.88 W, 62, P2, 0x0000000000000000
2026/08/26 21:57:27.144, 0, 20774 MiB, 82 %, 1950 MHz, 1950 MHz, 224.07 W, 61, P2, 0x0000000000000000
2026/08/26 21:57:28.144, 0, 20774 MiB, 83 %, 1950 MHz, 1950 MHz, 226.55 W, 61, P2, 0x0000000000000000
2026/08/26 21:57:29.144, 0, 20774 MiB, 85 %, 1950 MHz, 1950 MHz, 222.60 W, 62, P2, 0x0000000000000000
2026/08/26 21:57:30.144, 0, 20774 MiB, 84 %, 1950 MHz, 1950 MHz, 222.01 W, 61, P2, 0x0000000000000000
2026/08/26 21:57:31.145, 0, 20774 MiB, 85 %, 1950 MHz, 1950 MHz, 225.80 W, 61, P2, 0x0000000000000000
2026/08/26 21:57:32.145, 0, 20774 MiB, 83 %, 1950 MHz, 1950 MHz, 213.40 W, 62, P2, 0x0000000000000000
2026/08/26 21:57:33.145, 0, 20774 MiB, 83 %, 1950 MHz, 1950 MHz, 228.76 W, 61, P2, 0x0000000000000000
2026/08/26 21:57:34.145, 0, 20774 MiB, 83 %, 1950 MHz, 1950 MHz, 228.74 W, 62, P2, 0x0000000000000000
2026/08/26 21:57:35.145, 0, 20774 MiB, 83 %, 1950 MHz, 1950 MHz, 227.57 W, 61, P2, 0x0000000000000000
2026/08/26 21:57:36.145, 0, 20774 MiB, 84 %, 1950 MHz, 1950 MHz, 224.20 W, 61, P2, 0x0000000000000000
2026/08/26 21:57:37.145, 0, 20774 MiB, 81 %, 1950 MHz, 1950 MHz, 226.39 W, 62, P2, 0x0000000000000000
2026/08/26 21:57:38.146, 0, 20774 MiB, 82 %, 1950 MHz, 1950 MHz, 227.81 W, 62, P2, 0x0000000000000000
2026/08/26 21:57:39.146, 0, 20774 MiB, 79 %, 1950 MHz, 1950 MHz, 227.60 W, 62, P2, 0x0000000000000000
2026/08/26 21:57:40.146, 0, 20774 MiB, 79 %, 1950 MHz, 1950 MHz, 227.32 W, 62, P2, 0x0000000000000000
2026/08/26 21:57:41.146, 0, 20774 MiB, 83 %, 1950 MHz, 1950 MHz, 226.60 W, 62, P2, 0x0000000000000000
2026/08/26 21:57:42.146, 0, 20774 MiB, 82 %, 1950 MHz, 1950 MHz, 223.62 W, 61, P2, 0x0000000000000000
2026/08/26 21:57:43.146, 0, 20774 MiB, 81 %, 1950 MHz, 1950 MHz, 209.35 W, 62, P2, 0x0000000000000000
2026/08/26 21:57:44.146, 0, 20774 MiB, 80 %, 1950 MHz, 1950 MHz, 227.99 W, 62, P2, 0x0000000000000000
2026/08/26 21:57:45.147, 0, 20774 MiB, 82 %, 1950 MHz, 1950 MHz, 228.53 W, 62, P2, 0x0000000000000000
2026/08/26 21:57:46.147, 0, 20774 MiB, 81 %, 1950 MHz, 1950 MHz, 226.22 W, 62, P2, 0x0000000000000000
2026/08/26 21:57:47.147, 0, 20774 MiB, 79 %, 1950 MHz, 1950 MHz, 228.22 W, 62, P2, 0x0000000000000000
2026/08/26 21:57:48.147, 0, 20774 MiB, 79 %, 1950 MHz, 1950 MHz, 228.44 W, 62, P2, 0x0000000000000000
2026/08/26 21:57:49.147, 0, 20774 MiB, 82 %, 1950 MHz, 1950 MHz, 225.71 W, 62, P2, 0x0000000000000000
2026/08/26 21:57:50.147, 0, 20774 MiB, 82 %, 1950 MHz, 1950 MHz, 225.50 W, 63, P2, 0x0000000000000000
2026/08/26 21:57:51.148, 0, 20774 MiB, 80 %, 1950 MHz, 1950 MHz, 226.06 W, 62, P2, 0x0000000000000000
2026/08/26 21:57:52.148, 0, 20780 MiB, 100 %, 1935 MHz, 1935 MHz, 209.18 W, 61, P2, 0x0000000000000004
2026/08/26 21:57:53.148, 0, 20780 MiB, 80 %, 1950 MHz, 1950 MHz, 211.48 W, 62, P2, 0x0000000000000000
2026/08/26 21:57:54.148, 0, 20780 MiB, 79 %, 1950 MHz, 1950 MHz, 232.37 W, 63, P2, 0x0000000000000000
2026/08/26 21:57:55.148, 0, 20780 MiB, 84 %, 1950 MHz, 1950 MHz, 230.29 W, 62, P2, 0x0000000000000000
2026/08/26 21:57:56.149, 0, 20780 MiB, 81 %, 1950 MHz, 1950 MHz, 226.64 W, 63, P2, 0x0000000000000000
2026/08/26 21:57:57.149, 0, 20780 MiB, 83 %, 1950 MHz, 1950 MHz, 227.47 W, 63, P2, 0x0000000000000000
2026/08/26 21:57:58.149, 0, 20780 MiB, 83 %, 1950 MHz, 1950 MHz, 228.18 W, 62, P2, 0x0000000000000000
2026/08/26 21:57:59.149, 0, 20780 MiB, 79 %, 1950 MHz, 1950 MHz, 225.64 W, 62, P2, 0x0000000000000000
2026/08/26 21:58:00.149, 0, 20780 MiB, 78 %, 1950 MHz, 1950 MHz, 216.20 W, 62, P2, 0x0000000000000004
2026/08/26 21:58:01.150, 0, 20780 MiB, 83 %, 1950 MHz, 1950 MHz, 230.20 W, 63, P2, 0x0000000000000000
2026/08/26 21:58:02.150, 0, 20780 MiB, 80 %, 1950 MHz, 1950 MHz, 231.33 W, 63, P2, 0x0000000000000000
2026/08/26 21:58:03.150, 0, 20780 MiB, 83 %, 1950 MHz, 1950 MHz, 228.22 W, 63, P2, 0x0000000000000000
2026/08/26 21:58:04.150, 0, 20780 MiB, 82 %, 1950 MHz, 1950 MHz, 226.61 W, 63, P2, 0x0000000000000000
2026/08/26 21:58:05.150, 0, 20780 MiB, 81 %, 1950 MHz, 1950 MHz, 223.00 W, 63, P2, 0x0000000000000000
2026/08/26 21:58:06.151, 0, 20780 MiB, 83 %, 1950 MHz, 1950 MHz, 224.40 W, 63, P2, 0x0000000000000000
2026/08/26 21:58:07.151, 0, 20780 MiB, 82 %, 1950 MHz, 1950 MHz, 226.25 W, 63, P2, 0x0000000000000000
2026/08/26 21:58:08.151, 0, 20780 MiB, 82 %, 1950 MHz, 1950 MHz, 227.13 W, 63, P2, 0x0000000000000000
2026/08/26 21:58:09.151, 0, 20780 MiB, 83 %, 1950 MHz, 1950 MHz, 227.89 W, 63, P2, 0x0000000000000000
2026/08/26 21:58:10.151, 0, 20780 MiB, 70 %, 1875 MHz, 1875 MHz, 219.88 W, 63, P2, 0x0000000000000004
2026/08/26 21:58:11.151, 0, 20780 MiB, 81 %, 1950 MHz, 1950 MHz, 222.58 W, 63, P2, 0x0000000000000000
2026/08/26 21:58:12.151, 0, 20780 MiB, 81 %, 1950 MHz, 1950 MHz, 228.76 W, 63, P2, 0x0000000000000000
2026/08/26 21:58:13.151, 0, 20780 MiB, 79 %, 1950 MHz, 1950 MHz, 230.11 W, 63, P2, 0x0000000000000000
2026/08/26 21:58:14.152, 0, 20780 MiB, 80 %, 1950 MHz, 1950 MHz, 229.68 W, 63, P2, 0x0000000000000000
2026/08/26 21:58:15.152, 0, 20780 MiB, 85 %, 1950 MHz, 1950 MHz, 229.26 W, 63, P2, 0x0000000000000000
2026/08/26 21:58:16.152, 0, 20780 MiB, 82 %, 1950 MHz, 1950 MHz, 228.87 W, 63, P2, 0x0000000000000000
2026/08/26 21:58:17.152, 0, 20780 MiB, 81 %, 1950 MHz, 1950 MHz, 230.41 W, 63, P2, 0x0000000000000000
2026/08/26 21:58:18.152, 0, 20780 MiB, 82 %, 1950 MHz, 1950 MHz, 225.68 W, 63, P2, 0x0000000000000000
2026/08/26 21:58:19.152, 0, 20780 MiB, 82 %, 1950 MHz, 1950 MHz, 228.98 W, 63, P2, 0x0000000000000000
2026/08/26 21:58:20.153, 0, 20780 MiB, 83 %, 1950 MHz, 1950 MHz, 228.86 W, 63, P2, 0x0000000000000000
2026/08/26 21:58:21.153, 0, 20780 MiB, 84 %, 1950 MHz, 1950 MHz, 228.63 W, 63, P2, 0x0000000000000000
2026/08/26 21:58:22.153, 0, 20780 MiB, 82 %, 1950 MHz, 1950 MHz, 225.52 W, 63, P2, 0x0000000000000000
2026/08/26 21:58:23.153, 0, 20780 MiB, 82 %, 1950 MHz, 1950 MHz, 226.89 W, 63, P2, 0x0000000000000000
2026/08/26 21:58:24.153, 0, 20780 MiB, 84 %, 1950 MHz, 1950 MHz, 226.76 W, 63, P2, 0x0000000000000000
2026/08/26 21:58:25.153, 0, 20780 MiB, 83 %, 1950 MHz, 1950 MHz, 225.95 W, 63, P2, 0x0000000000000000
2026/08/26 21:58:26.153, 0, 20780 MiB, 83 %, 1950 MHz, 1950 MHz, 225.18 W, 63, P2, 0x0000000000000000
2026/08/26 21:58:27.154, 0, 20780 MiB, 81 %, 1950 MHz, 1950 MHz, 225.10 W, 63, P2, 0x0000000000000000
2026/08/26 21:58:28.154, 0, 20780 MiB, 82 %, 1950 MHz, 1950 MHz, 227.58 W, 63, P2, 0x0000000000000000
2026/08/26 21:58:29.154, 0, 20780 MiB, 31 %, 1950 MHz, 1950 MHz, 223.00 W, 62, P2, 0x0000000000000000
2026/08/26 21:58:30.154, 0, 20780 MiB, 82 %, 1950 MHz, 1950 MHz, 218.84 W, 64, P2, 0x0000000000000000
2026/08/26 21:58:31.154, 0, 20780 MiB, 83 %, 1950 MHz, 1950 MHz, 228.32 W, 64, P2, 0x0000000000000000
2026/08/26 21:58:32.155, 0, 20780 MiB, 84 %, 1950 MHz, 1950 MHz, 229.05 W, 63, P2, 0x0000000000000000
2026/08/26 21:58:33.155, 0, 20780 MiB, 83 %, 1950 MHz, 1950 MHz, 225.98 W, 63, P2, 0x0000000000000000
2026/08/26 21:58:34.155, 0, 20780 MiB, 85 %, 1950 MHz, 1950 MHz, 227.82 W, 63, P2, 0x0000000000000000
2026/08/26 21:58:35.155, 0, 20780 MiB, 81 %, 1950 MHz, 1950 MHz, 225.48 W, 64, P2, 0x0000000000000000
2026/08/26 21:58:36.155, 0, 20780 MiB, 77 %, 1950 MHz, 1950 MHz, 229.98 W, 64, P2, 0x0000000000000000
2026/08/26 21:58:37.155, 0, 20780 MiB, 79 %, 1950 MHz, 1950 MHz, 230.45 W, 63, P2, 0x0000000000000000
2026/08/26 21:58:38.155, 0, 20780 MiB, 83 %, 1950 MHz, 1950 MHz, 225.09 W, 64, P2, 0x0000000000000000
2026/08/26 21:58:39.156, 0, 20780 MiB, 82 %, 1950 MHz, 1950 MHz, 227.64 W, 64, P2, 0x0000000000000000
2026/08/26 21:58:40.156, 0, 20780 MiB, 84 %, 1950 MHz, 1950 MHz, 227.12 W, 63, P2, 0x0000000000000000
2026/08/26 21:58:41.156, 0, 20780 MiB, 80 %, 1950 MHz, 1950 MHz, 222.45 W, 63, P2, 0x0000000000000000
2026/08/26 21:58:42.156, 0, 20780 MiB, 82 %, 1950 MHz, 1950 MHz, 218.98 W, 64, P2, 0x0000000000000000
2026/08/26 21:58:43.156, 0, 20780 MiB, 83 %, 1950 MHz, 1950 MHz, 230.66 W, 64, P2, 0x0000000000000000
2026/08/26 21:58:44.156, 0, 20780 MiB, 81 %, 1950 MHz, 1950 MHz, 230.78 W, 64, P2, 0x0000000000000000
2026/08/26 21:58:45.157, 0, 20780 MiB, 81 %, 1950 MHz, 1950 MHz, 230.63 W, 64, P2, 0x0000000000000000
2026/08/26 21:58:46.157, 0, 20780 MiB, 82 %, 1950 MHz, 1950 MHz, 223.72 W, 64, P2, 0x0000000000000000
2026/08/26 21:58:47.157, 0, 20780 MiB, 83 %, 1950 MHz, 1950 MHz, 229.43 W, 64, P2, 0x0000000000000000
2026/08/26 21:58:48.157, 0, 20780 MiB, 79 %, 1950 MHz, 1950 MHz, 228.00 W, 64, P2, 0x0000000000000000
2026/08/26 21:58:49.157, 0, 20780 MiB, 83 %, 1950 MHz, 1950 MHz, 228.87 W, 64, P2, 0x0000000000000000
2026/08/26 21:58:50.158, 0, 20780 MiB, 80 %, 1950 MHz, 1950 MHz, 232.03 W, 64, P2, 0x0000000000000000
2026/08/26 21:58:51.158, 0, 152 MiB, 0 %, 1950 MHz, 1950 MHz, 189.34 W, 62, P0, 0x0000000000000000
2026/08/26 21:58:52.158, 0, 346 MiB, 0 %, 1950 MHz, 1950 MHz, 168.69 W, 61, P2, 0x0000000000000000
2026/08/26 21:58:53.158, 0, 346 MiB, 0 %, 1950 MHz, 1950 MHz, 166.91 W, 61, P2, 0x0000000000000000
2026/08/26 21:58:54.159, 0, 346 MiB, 0 %, 1695 MHz, 1695 MHz, 141.60 W, 59, P2, 0x0000000000000000
2026/08/26 21:58:55.159, 0, 19044 MiB, 100 %, 1695 MHz, 1695 MHz, 130.15 W, 59, P2, 0x0000000000000000
2026/08/26 21:58:56.159, 0, 19044 MiB, 99 %, 1950 MHz, 1950 MHz, 156.98 W, 60, P2, 0x0000000000000000
2026/08/26 21:58:57.159, 0, 19044 MiB, 99 %, 1950 MHz, 1950 MHz, 162.32 W, 60, P2, 0x0000000000000000
2026/08/26 21:58:58.159, 0, 19044 MiB, 100 %, 1950 MHz, 1950 MHz, 163.08 W, 60, P2, 0x0000000000000000
2026/08/26 21:58:59.160, 0, 19044 MiB, 100 %, 1950 MHz, 1950 MHz, 163.62 W, 60, P2, 0x0000000000000000
2026/08/26 21:59:00.160, 0, 19044 MiB, 100 %, 1950 MHz, 1950 MHz, 164.06 W, 60, P2, 0x0000000000000000
2026/08/26 21:59:01.160, 0, 19044 MiB, 100 %, 1950 MHz, 1950 MHz, 163.29 W, 60, P2, 0x0000000000000000
2026/08/26 21:59:02.160, 0, 19044 MiB, 99 %, 1950 MHz, 1950 MHz, 163.71 W, 60, P2, 0x0000000000000000
2026/08/26 21:59:03.160, 0, 19044 MiB, 100 %, 1950 MHz, 1950 MHz, 163.30 W, 60, P2, 0x0000000000000000
2026/08/26 21:59:04.161, 0, 19044 MiB, 100 %, 1950 MHz, 1950 MHz, 163.31 W, 60, P2, 0x0000000000000000
2026/08/26 21:59:05.161, 0, 20188 MiB, 99 %, 1950 MHz, 1950 MHz, 163.44 W, 60, P2, 0x0000000000000000
2026/08/26 21:59:06.161, 0, 22270 MiB, 44 %, 1950 MHz, 1950 MHz, 171.22 W, 60, P2, 0x0000000000000000
2026/08/26 21:59:07.161, 0, 22270 MiB, 73 %, 1950 MHz, 1950 MHz, 297.76 W, 66, P2, 0x0000000000000000
2026/08/26 21:59:08.161, 0, 22270 MiB, 75 %, 1950 MHz, 1950 MHz, 325.36 W, 66, P2, 0x0000000000000000
2026/08/26 21:59:09.162, 0, 22270 MiB, 77 %, 1950 MHz, 1950 MHz, 298.60 W, 67, P2, 0x0000000000000000
2026/08/26 21:59:10.162, 0, 22270 MiB, 76 %, 1935 MHz, 1935 MHz, 326.41 W, 67, P2, 0x0000000000000004
2026/08/26 21:59:11.162, 0, 22270 MiB, 73 %, 1950 MHz, 1950 MHz, 291.32 W, 67, P2, 0x0000000000000000
2026/08/26 21:59:12.162, 0, 22270 MiB, 74 %, 1950 MHz, 1950 MHz, 327.62 W, 67, P2, 0x0000000000000000
2026/08/26 21:59:13.162, 0, 22270 MiB, 24 %, 1950 MHz, 1950 MHz, 312.98 W, 65, P2, 0x0000000000000000
2026/08/26 21:59:14.162, 0, 22286 MiB, 74 %, 1950 MHz, 1950 MHz, 282.24 W, 68, P2, 0x0000000000000000
2026/08/26 21:59:15.163, 0, 22286 MiB, 77 %, 1950 MHz, 1950 MHz, 331.66 W, 68, P2, 0x0000000000000000
2026/08/26 21:59:16.163, 0, 22286 MiB, 74 %, 1935 MHz, 1935 MHz, 284.08 W, 68, P2, 0x0000000000000000
2026/08/26 21:59:17.163, 0, 22286 MiB, 76 %, 1950 MHz, 1950 MHz, 323.14 W, 68, P2, 0x0000000000000000
2026/08/26 21:59:18.163, 0, 22292 MiB, 96 %, 1950 MHz, 1950 MHz, 303.64 W, 66, P2, 0x0000000000000004
2026/08/26 21:59:19.163, 0, 22292 MiB, 79 %, 1950 MHz, 1950 MHz, 235.32 W, 68, P2, 0x0000000000000000
2026/08/26 21:59:20.164, 0, 22292 MiB, 75 %, 1950 MHz, 1950 MHz, 326.99 W, 69, P2, 0x0000000000000000
2026/08/26 21:59:21.164, 0, 22292 MiB, 75 %, 1950 MHz, 1950 MHz, 299.82 W, 69, P2, 0x0000000000000000
2026/08/26 21:59:22.164, 0, 22292 MiB, 78 %, 1935 MHz, 1935 MHz, 330.05 W, 70, P2, 0x0000000000000000
2026/08/26 21:59:23.164, 0, 22292 MiB, 39 %, 1935 MHz, 1935 MHz, 315.02 W, 67, P2, 0x0000000000000000
2026/08/26 21:59:24.164, 0, 22292 MiB, 75 %, 1935 MHz, 1935 MHz, 292.36 W, 69, P2, 0x0000000000000000
2026/08/26 21:59:25.164, 0, 22292 MiB, 49 %, 1935 MHz, 1935 MHz, 325.67 W, 68, P2, 0x0000000000000000
2026/08/26 21:59:26.164, 0, 22292 MiB, 78 %, 1920 MHz, 1920 MHz, 292.36 W, 70, P2, 0x0000000000000004
2026/08/26 21:59:27.164, 0, 22292 MiB, 78 %, 1920 MHz, 1920 MHz, 316.74 W, 70, P2, 0x0000000000000004
2026/08/26 21:59:28.165, 0, 22292 MiB, 77 %, 1935 MHz, 1935 MHz, 288.40 W, 70, P2, 0x0000000000000000
2026/08/26 21:59:29.165, 0, 22292 MiB, 79 %, 1935 MHz, 1935 MHz, 327.14 W, 70, P2, 0x0000000000000004
2026/08/26 21:59:30.165, 0, 22292 MiB, 74 %, 1920 MHz, 1920 MHz, 317.85 W, 69, P2, 0x0000000000000000
2026/08/26 21:59:31.165, 0, 22292 MiB, 80 %, 1920 MHz, 1920 MHz, 299.15 W, 70, P2, 0x000000000000004C
2026/08/26 21:59:32.165, 0, 22292 MiB, 76 %, 1920 MHz, 1920 MHz, 321.24 W, 70, P2, 0x0000000000000004
2026/08/26 21:59:33.165, 0, 82 MiB, 100 %, 1935 MHz, 1935 MHz, 253.53 W, 66, P2, 0x0000000000000000
2026/08/26 21:59:34.165, 0, 346 MiB, 100 %, 1935 MHz, 1935 MHz, 181.46 W, 65, P2, 0x0000000000000000
2026/08/26 21:59:35.166, 0, 346 MiB, 0 %, 1950 MHz, 1950 MHz, 172.01 W, 64, P2, 0x0000000000000000
2026/08/26 21:59:36.166, 0, 346 MiB, 0 %, 1695 MHz, 1695 MHz, 170.38 W, 63, P2, 0x0000000000000000
2026/08/26 21:59:37.166, 0, 18082 MiB, 0 %, 1695 MHz, 1695 MHz, 136.57 W, 62, P2, 0x0000000000000000
2026/08/26 21:59:38.166, 0, 18082 MiB, 100 %, 1950 MHz, 1950 MHz, 139.86 W, 62, P2, 0x0000000000000000
2026/08/26 21:59:39.166, 0, 18082 MiB, 100 %, 1950 MHz, 1950 MHz, 167.52 W, 62, P2, 0x0000000000000000
2026/08/26 21:59:40.166, 0, 18082 MiB, 100 %, 1950 MHz, 1950 MHz, 171.02 W, 62, P2, 0x0000000000000000
2026/08/26 21:59:41.167, 0, 18082 MiB, 100 %, 1950 MHz, 1950 MHz, 170.52 W, 62, P2, 0x0000000000000000
2026/08/26 21:59:42.167, 0, 18082 MiB, 99 %, 1950 MHz, 1950 MHz, 170.62 W, 62, P2, 0x0000000000000000
2026/08/26 21:59:43.167, 0, 18082 MiB, 100 %, 1950 MHz, 1950 MHz, 169.98 W, 62, P2, 0x0000000000000000
2026/08/26 21:59:44.167, 0, 18082 MiB, 100 %, 1950 MHz, 1950 MHz, 169.56 W, 62, P2, 0x0000000000000000
2026/08/26 21:59:45.167, 0, 18082 MiB, 100 %, 1950 MHz, 1950 MHz, 169.77 W, 61, P2, 0x0000000000000000
2026/08/26 21:59:46.167, 0, 18082 MiB, 100 %, 1950 MHz, 1950 MHz, 169.53 W, 61, P2, 0x0000000000000000
2026/08/26 21:59:47.168, 0, 18082 MiB, 100 %, 1950 MHz, 1950 MHz, 169.24 W, 61, P2, 0x0000000000000000
2026/08/26 21:59:48.168, 0, 19730 MiB, 100 %, 1950 MHz, 1950 MHz, 168.93 W, 61, P2, 0x0000000000000000
2026/08/26 21:59:49.168, 0, 21760 MiB, 0 %, 1950 MHz, 1950 MHz, 170.21 W, 61, P2, 0x0000000000000000
2026/08/26 21:59:50.168, 0, 21812 MiB, 22 %, 1950 MHz, 1950 MHz, 210.68 W, 65, P2, 0x0000000000000000
2026/08/26 21:59:51.168, 0, 21812 MiB, 67 %, 1950 MHz, 1950 MHz, 312.62 W, 67, P2, 0x0000000000000000
2026/08/26 21:59:52.169, 0, 21812 MiB, 68 %, 1950 MHz, 1950 MHz, 291.42 W, 64, P2, 0x0000000000000000
2026/08/26 21:59:53.169, 0, 21812 MiB, 68 %, 1950 MHz, 1950 MHz, 298.27 W, 67, P2, 0x0000000000000000
2026/08/26 21:59:54.169, 0, 21812 MiB, 72 %, 1950 MHz, 1950 MHz, 313.37 W, 68, P2, 0x0000000000000000
2026/08/26 21:59:55.169, 0, 21812 MiB, 59 %, 1950 MHz, 1950 MHz, 287.40 W, 67, P2, 0x0000000000000000
2026/08/26 21:59:56.169, 0, 21812 MiB, 70 %, 1950 MHz, 1950 MHz, 314.29 W, 68, P2, 0x0000000000000000
2026/08/26 21:59:57.169, 0, 21828 MiB, 66 %, 1950 MHz, 1950 MHz, 291.93 W, 64, P2, 0x0000000000000000
2026/08/26 21:59:58.169, 0, 21828 MiB, 68 %, 1935 MHz, 1935 MHz, 278.37 W, 68, P2, 0x0000000000000004
2026/08/26 21:59:59.170, 0, 21828 MiB, 70 %, 1950 MHz, 1950 MHz, 316.77 W, 68, P2, 0x0000000000000000
2026/08/26 22:00:00.170, 0, 21828 MiB, 72 %, 1950 MHz, 1950 MHz, 279.01 W, 67, P2, 0x0000000000000000
2026/08/26 22:00:01.170, 0, 21828 MiB, 70 %, 1950 MHz, 1950 MHz, 319.32 W, 69, P2, 0x0000000000000000
2026/08/26 22:00:02.170, 0, 21834 MiB, 70 %, 1950 MHz, 1950 MHz, 296.68 W, 66, P2, 0x0000000000000004
2026/08/26 22:00:03.170, 0, 21834 MiB, 100 %, 1950 MHz, 1950 MHz, 210.05 W, 67, P2, 0x0000000000000000
2026/08/26 22:00:04.170, 0, 21834 MiB, 74 %, 1950 MHz, 1950 MHz, 309.89 W, 68, P2, 0x0000000000000000
2026/08/26 22:00:05.170, 0, 21834 MiB, 67 %, 1935 MHz, 1935 MHz, 280.06 W, 67, P2, 0x0000000000000004
2026/08/26 22:00:06.171, 0, 21834 MiB, 66 %, 1950 MHz, 1950 MHz, 309.02 W, 68, P2, 0x0000000000000000
2026/08/26 22:00:07.171, 0, 21834 MiB, 67 %, 1950 MHz, 1950 MHz, 319.80 W, 69, P2, 0x0000000000000000
2026/08/26 22:00:08.171, 0, 21834 MiB, 64 %, 1950 MHz, 1950 MHz, 289.83 W, 69, P2, 0x0000000000000000
2026/08/26 22:00:09.171, 0, 21834 MiB, 67 %, 1935 MHz, 1935 MHz, 316.45 W, 69, P2, 0x0000000000000000
2026/08/26 22:00:10.171, 0, 21834 MiB, 65 %, 1935 MHz, 1935 MHz, 287.05 W, 69, P2, 0x0000000000000000
2026/08/26 22:00:11.172, 0, 21834 MiB, 69 %, 1935 MHz, 1935 MHz, 318.51 W, 70, P2, 0x0000000000000000
2026/08/26 22:00:12.172, 0, 21834 MiB, 74 %, 1935 MHz, 1935 MHz, 291.92 W, 66, P2, 0x0000000000000000
2026/08/26 22:00:13.172, 0, 21834 MiB, 69 %, 1935 MHz, 1935 MHz, 302.51 W, 70, P2, 0x0000000000000000
2026/08/26 22:00:14.172, 0, 21834 MiB, 67 %, 1935 MHz, 1935 MHz, 321.21 W, 70, P2, 0x0000000000000000
2026/08/26 22:00:15.172, 0, 21834 MiB, 34 %, 1935 MHz, 1935 MHz, 288.81 W, 70, P2, 0x0000000000000000
2026/08/26 22:00:16.173, 0, 21834 MiB, 67 %, 1935 MHz, 1935 MHz, 316.42 W, 70, P2, 0x0000000000000000
2026/08/26 22:00:17.173, 0, 414 MiB, 71 %, 1935 MHz, 1935 MHz, 320.91 W, 70, P2, 0x0000000000000000
2026/08/26 22:00:18.173, 0, 346 MiB, 100 %, 1935 MHz, 1935 MHz, 180.84 W, 65, P2, 0x0000000000000000
2026/08/26 22:00:19.173, 0, 346 MiB, 0 %, 1950 MHz, 1950 MHz, 171.39 W, 64, P2, 0x0000000000000000
2026/08/26 22:00:20.173, 0, 346 MiB, 0 %, 1695 MHz, 1695 MHz, 170.49 W, 63, P2, 0x0000000000000000
2026/08/26 22:00:21.174, 0, 346 MiB, 0 %, 1695 MHz, 1695 MHz, 136.77 W, 61, P2, 0x0000000000000000
2026/08/26 22:00:22.174, 0, 17618 MiB, 100 %, 1950 MHz, 1950 MHz, 140.65 W, 62, P2, 0x0000000000000000
2026/08/26 22:00:23.174, 0, 17618 MiB, 100 %, 1950 MHz, 1950 MHz, 170.60 W, 62, P2, 0x0000000000000000
2026/08/26 22:00:24.174, 0, 17618 MiB, 100 %, 1950 MHz, 1950 MHz, 170.65 W, 62, P2, 0x0000000000000000
2026/08/26 22:00:25.174, 0, 17618 MiB, 100 %, 1950 MHz, 1950 MHz, 170.51 W, 62, P2, 0x0000000000000000
2026/08/26 22:00:26.175, 0, 17618 MiB, 99 %, 1950 MHz, 1950 MHz, 170.20 W, 62, P2, 0x0000000000000000
2026/08/26 22:00:27.175, 0, 17618 MiB, 100 %, 1950 MHz, 1950 MHz, 170.01 W, 62, P2, 0x0000000000000000
2026/08/26 22:00:28.175, 0, 17618 MiB, 100 %, 1950 MHz, 1950 MHz, 169.88 W, 62, P2, 0x0000000000000000
2026/08/26 22:00:29.175, 0, 17618 MiB, 100 %, 1950 MHz, 1950 MHz, 169.79 W, 61, P2, 0x0000000000000000
2026/08/26 22:00:30.175, 0, 17618 MiB, 99 %, 1950 MHz, 1950 MHz, 169.25 W, 61, P2, 0x0000000000000000
2026/08/26 22:00:31.176, 0, 17618 MiB, 100 %, 1950 MHz, 1950 MHz, 169.19 W, 61, P2, 0x0000000000000000
2026/08/26 22:00:32.176, 0, 18762 MiB, 100 %, 1950 MHz, 1950 MHz, 169.08 W, 61, P2, 0x0000000000000000
2026/08/26 22:00:33.176, 0, 20248 MiB, 100 %, 1950 MHz, 1950 MHz, 169.14 W, 61, P2, 0x0000000000000000
2026/08/26 22:00:34.176, 0, 20276 MiB, 0 %, 1950 MHz, 1950 MHz, 214.20 W, 65, P2, 0x0000000000000000
2026/08/26 22:00:35.177, 0, 20276 MiB, 67 %, 1950 MHz, 1950 MHz, 311.08 W, 66, P2, 0x0000000000000000
2026/08/26 22:00:36.177, 0, 20276 MiB, 67 %, 1950 MHz, 1950 MHz, 292.61 W, 64, P2, 0x0000000000000000
2026/08/26 22:00:37.177, 0, 20276 MiB, 65 %, 1950 MHz, 1950 MHz, 299.94 W, 67, P2, 0x0000000000000000
2026/08/26 22:00:38.177, 0, 20276 MiB, 67 %, 1950 MHz, 1950 MHz, 315.09 W, 68, P2, 0x0000000000000000
2026/08/26 22:00:39.178, 0, 20276 MiB, 67 %, 1950 MHz, 1950 MHz, 282.57 W, 67, P2, 0x0000000000000000
2026/08/26 22:00:40.178, 0, 20276 MiB, 64 %, 1950 MHz, 1950 MHz, 312.45 W, 68, P2, 0x0000000000000000
2026/08/26 22:00:41.178, 0, 20276 MiB, 65 %, 1950 MHz, 1950 MHz, 280.66 W, 67, P2, 0x0000000000000000
2026/08/26 22:00:42.178, 0, 20276 MiB, 70 %, 1950 MHz, 1950 MHz, 316.68 W, 68, P2, 0x0000000000000000
2026/08/26 22:00:43.178, 0, 20276 MiB, 67 %, 1950 MHz, 1950 MHz, 317.80 W, 68, P2, 0x0000000000000000
2026/08/26 22:00:44.179, 0, 20276 MiB, 68 %, 1950 MHz, 1950 MHz, 277.98 W, 68, P2, 0x0000000000000000
2026/08/26 22:00:45.179, 0, 20276 MiB, 64 %, 1950 MHz, 1950 MHz, 314.07 W, 69, P2, 0x0000000000000000
2026/08/26 22:00:46.179, 0, 20284 MiB, 65 %, 1935 MHz, 1935 MHz, 267.48 W, 64, P2, 0x0000000000000004
2026/08/26 22:00:47.179, 0, 20288 MiB, 99 %, 1950 MHz, 1950 MHz, 220.85 W, 68, P2, 0x0000000000000000
2026/08/26 22:00:48.179, 0, 20288 MiB, 72 %, 1950 MHz, 1950 MHz, 309.02 W, 68, P2, 0x0000000000000000
2026/08/26 22:00:49.180, 0, 20288 MiB, 66 %, 1935 MHz, 1935 MHz, 280.15 W, 67, P2, 0x0000000000000004
2026/08/26 22:00:50.180, 0, 20288 MiB, 67 %, 1950 MHz, 1950 MHz, 310.00 W, 69, P2, 0x0000000000000000
2026/08/26 22:00:51.180, 0, 20288 MiB, 70 %, 1950 MHz, 1950 MHz, 319.48 W, 68, P2, 0x0000000000000000
2026/08/26 22:00:52.180, 0, 20288 MiB, 63 %, 1950 MHz, 1950 MHz, 287.88 W, 69, P2, 0x0000000000000000
2026/08/26 22:00:53.180, 0, 20288 MiB, 68 %, 1950 MHz, 1950 MHz, 314.24 W, 69, P2, 0x0000000000000000
2026/08/26 22:00:54.181, 0, 20288 MiB, 75 %, 1950 MHz, 1950 MHz, 278.79 W, 69, P2, 0x0000000000000000
2026/08/26 22:00:55.181, 0, 20288 MiB, 68 %, 1935 MHz, 1935 MHz, 315.85 W, 69, P2, 0x0000000000000000
2026/08/26 22:00:56.181, 0, 20288 MiB, 68 %, 1935 MHz, 1935 MHz, 282.71 W, 69, P2, 0x0000000000000000
2026/08/26 22:00:57.181, 0, 20288 MiB, 66 %, 1935 MHz, 1935 MHz, 316.64 W, 70, P2, 0x0000000000000000
2026/08/26 22:00:58.181, 0, 20288 MiB, 65 %, 1935 MHz, 1935 MHz, 316.70 W, 70, P2, 0x0000000000000000
2026/08/26 22:00:59.182, 0, 20288 MiB, 64 %, 1935 MHz, 1935 MHz, 287.10 W, 70, P2, 0x0000000000000000
2026/08/26 22:01:00.182, 0, 20288 MiB, 67 %, 1935 MHz, 1935 MHz, 318.40 W, 70, P2, 0x0000000000000000
2026/08/26 22:01:01.182, 0, 85 MiB, 25 %, 1935 MHz, 1935 MHz, 237.58 W, 66, P0, 0x0000000000000000
2026/08/26 22:01:02.258, 0, 346 MiB, 0 %, 1935 MHz, 1935 MHz, 174.26 W, 64, P2, 0x0000000000000024
2026/08/26 22:01:03.258, 0, 346 MiB, 0 %, 1950 MHz, 1950 MHz, 171.17 W, 64, P2, 0x0000000000000000
2026/08/26 22:01:04.258, 0, 346 MiB, 0 %, 1695 MHz, 1695 MHz, 152.64 W, 62, P2, 0x0000000000000000
2026/08/26 22:01:05.258, 0, 20144 MiB, 100 %, 1950 MHz, 1950 MHz, 143.81 W, 62, P2, 0x0000000000000000
2026/08/26 22:01:06.259, 0, 20144 MiB, 100 %, 1950 MHz, 1950 MHz, 171.01 W, 63, P2, 0x0000000000000000
2026/08/26 22:01:07.259, 0, 20144 MiB, 100 %, 1950 MHz, 1950 MHz, 170.77 W, 62, P2, 0x0000000000000000
2026/08/26 22:01:08.259, 0, 20144 MiB, 100 %, 1950 MHz, 1950 MHz, 170.60 W, 62, P2, 0x0000000000000000
2026/08/26 22:01:09.259, 0, 20144 MiB, 99 %, 1950 MHz, 1950 MHz, 170.32 W, 62, P2, 0x0000000000000000
2026/08/26 22:01:10.259, 0, 20144 MiB, 100 %, 1950 MHz, 1950 MHz, 170.17 W, 62, P2, 0x0000000000000000
2026/08/26 22:01:11.259, 0, 20144 MiB, 100 %, 1950 MHz, 1950 MHz, 170.07 W, 62, P2, 0x0000000000000000
2026/08/26 22:01:12.259, 0, 20144 MiB, 100 %, 1950 MHz, 1950 MHz, 169.91 W, 62, P2, 0x0000000000000000
2026/08/26 22:01:13.260, 0, 20144 MiB, 99 %, 1950 MHz, 1950 MHz, 169.59 W, 61, P2, 0x0000000000000000
2026/08/26 22:01:14.260, 0, 20144 MiB, 99 %, 1950 MHz, 1950 MHz, 169.45 W, 61, P2, 0x0000000000000000
2026/08/26 22:01:15.260, 0, 20144 MiB, 100 %, 1950 MHz, 1950 MHz, 169.02 W, 61, P2, 0x0000000000000000
2026/08/26 22:01:16.260, 0, 20144 MiB, 100 %, 1950 MHz, 1950 MHz, 168.96 W, 61, P2, 0x0000000000000000
2026/08/26 22:01:17.260, 0, 20816 MiB, 100 %, 1950 MHz, 1950 MHz, 170.47 W, 62, P2, 0x0000000000000000
2026/08/26 22:01:18.260, 0, 20816 MiB, 82 %, 1950 MHz, 1950 MHz, 250.50 W, 64, P2, 0x0000000000000000
2026/08/26 22:01:19.260, 0, 20816 MiB, 74 %, 1950 MHz, 1950 MHz, 273.59 W, 65, P2, 0x0000000000000000
2026/08/26 22:01:20.261, 0, 20816 MiB, 77 %, 1950 MHz, 1950 MHz, 279.86 W, 66, P2, 0x0000000000000000
2026/08/26 22:01:21.261, 0, 20816 MiB, 79 %, 1950 MHz, 1950 MHz, 287.68 W, 66, P2, 0x0000000000000000
2026/08/26 22:01:22.261, 0, 20816 MiB, 78 %, 1950 MHz, 1950 MHz, 290.30 W, 68, P2, 0x0000000000000000
2026/08/26 22:01:23.261, 0, 20816 MiB, 79 %, 1950 MHz, 1950 MHz, 330.65 W, 68, P2, 0x0000000000000000
2026/08/26 22:01:24.261, 0, 20816 MiB, 75 %, 1950 MHz, 1950 MHz, 313.63 W, 65, P2, 0x0000000000000000
2026/08/26 22:01:25.261, 0, 20816 MiB, 78 %, 1950 MHz, 1950 MHz, 289.44 W, 69, P2, 0x0000000000000000
2026/08/26 22:01:26.261, 0, 20816 MiB, 74 %, 1950 MHz, 1950 MHz, 315.08 W, 67, P2, 0x0000000000000000
2026/08/26 22:01:27.262, 0, 20816 MiB, 77 %, 1950 MHz, 1950 MHz, 305.71 W, 69, P2, 0x0000000000000000
2026/08/26 22:01:28.262, 0, 20816 MiB, 77 %, 1950 MHz, 1950 MHz, 281.14 W, 68, P2, 0x0000000000000000
2026/08/26 22:01:29.262, 0, 20816 MiB, 76 %, 1950 MHz, 1950 MHz, 307.93 W, 69, P2, 0x0000000000000000
2026/08/26 22:01:30.262, 0, 20816 MiB, 79 %, 1950 MHz, 1950 MHz, 316.32 W, 69, P2, 0x0000000000000000
2026/08/26 22:01:31.262, 0, 20816 MiB, 57 %, 1935 MHz, 1935 MHz, 276.62 W, 68, P2, 0x0000000000000000
2026/08/26 22:01:32.263, 0, 20816 MiB, 76 %, 1935 MHz, 1935 MHz, 307.45 W, 70, P2, 0x0000000000000000
2026/08/26 22:01:33.263, 0, 20816 MiB, 79 %, 1935 MHz, 1935 MHz, 306.66 W, 69, P2, 0x0000000000000000
2026/08/26 22:01:34.263, 0, 20824 MiB, 79 %, 1875 MHz, 1875 MHz, 292.97 W, 66, P2, 0x0000000000000004
2026/08/26 22:01:35.263, 0, 20824 MiB, 74 %, 1935 MHz, 1935 MHz, 235.49 W, 67, P2, 0x0000000000000000
2026/08/26 22:01:36.263, 0, 20824 MiB, 81 %, 1935 MHz, 1935 MHz, 271.27 W, 68, P2, 0x0000000000000000
2026/08/26 22:01:37.264, 0, 20824 MiB, 78 %, 1935 MHz, 1935 MHz, 267.67 W, 67, P2, 0x0000000000000000
2026/08/26 22:01:38.264, 0, 20824 MiB, 80 %, 1935 MHz, 1935 MHz, 266.29 W, 66, P2, 0x0000000000000000
2026/08/26 22:01:39.264, 0, 20824 MiB, 73 %, 1935 MHz, 1935 MHz, 241.66 W, 66, P2, 0x0000000000000000
2026/08/26 22:01:40.264, 0, 20824 MiB, 79 %, 1935 MHz, 1935 MHz, 250.97 W, 68, P2, 0x0000000000000000
2026/08/26 22:01:41.264, 0, 20824 MiB, 75 %, 1935 MHz, 1935 MHz, 309.33 W, 68, P2, 0x0000000000000000
2026/08/26 22:01:42.264, 0, 20824 MiB, 80 %, 1935 MHz, 1935 MHz, 295.89 W, 69, P2, 0x0000000000000000
2026/08/26 22:01:43.265, 0, 20824 MiB, 81 %, 1935 MHz, 1935 MHz, 281.24 W, 67, P2, 0x0000000000000000
2026/08/26 22:01:44.265, 0, 20824 MiB, 74 %, 1935 MHz, 1935 MHz, 269.36 W, 68, P2, 0x0000000000000000
2026/08/26 22:01:45.265, 0, 20824 MiB, 78 %, 1935 MHz, 1935 MHz, 269.59 W, 69, P2, 0x0000000000000000
2026/08/26 22:01:46.265, 0, 20824 MiB, 77 %, 1935 MHz, 1935 MHz, 270.51 W, 67, P2, 0x0000000000000000
2026/08/26 22:01:47.266, 0, 20824 MiB, 77 %, 1935 MHz, 1935 MHz, 278.42 W, 70, P2, 0x0000000000000000
2026/08/26 22:01:48.266, 0, 20824 MiB, 68 %, 1935 MHz, 1935 MHz, 274.07 W, 70, P2, 0x0000000000000000
2026/08/26 22:01:49.266, 0, 20824 MiB, 78 %, 1935 MHz, 1935 MHz, 334.71 W, 71, P2, 0x0000000000000000
2026/08/26 22:01:50.266, 0, 20824 MiB, 76 %, 1935 MHz, 1935 MHz, 324.98 W, 71, P2, 0x0000000000000000
2026/08/26 22:01:51.266, 0, 20824 MiB, 72 %, 1935 MHz, 1935 MHz, 284.02 W, 70, P2, 0x0000000000000000
2026/08/26 22:01:52.267, 0, 20824 MiB, 77 %, 1935 MHz, 1935 MHz, 328.03 W, 71, P2, 0x0000000000000000
2026/08/26 22:01:53.267, 0, 20824 MiB, 79 %, 1935 MHz, 1935 MHz, 317.39 W, 72, P2, 0x0000000000000000
2026/08/26 22:01:54.267, 0, 20824 MiB, 53 %, 1935 MHz, 1935 MHz, 294.06 W, 70, P2, 0x0000000000000000
2026/08/26 22:01:55.267, 0, 20824 MiB, 78 %, 1935 MHz, 1935 MHz, 310.74 W, 71, P2, 0x0000000000000000
2026/08/26 22:01:56.267, 0, 20824 MiB, 78 %, 1935 MHz, 1935 MHz, 334.07 W, 72, P2, 0x0000000000000000
2026/08/26 22:01:57.268, 0, 99 MiB, 3 %, 1935 MHz, 1935 MHz, 253.54 W, 67, P0, 0x0000000000000000
2026/08/26 22:01:58.268, 0, 346 MiB, 0 %, 1935 MHz, 1935 MHz, 177.42 W, 65, P2, 0x0000000000000000
2026/08/26 22:01:59.268, 0, 346 MiB, 0 %, 1935 MHz, 1935 MHz, 171.90 W, 64, P2, 0x0000000000000024
2026/08/26 22:02:00.268, 0, 346 MiB, 0 %, 1695 MHz, 1695 MHz, 151.25 W, 62, P2, 0x0000000000000000
2026/08/26 22:02:01.269, 0, 20144 MiB, 100 %, 1950 MHz, 1950 MHz, 144.42 W, 63, P2, 0x0000000000000000
2026/08/26 22:02:02.269, 0, 20144 MiB, 100 %, 1950 MHz, 1950 MHz, 172.02 W, 63, P2, 0x0000000000000000
2026/08/26 22:02:03.269, 0, 20144 MiB, 100 %, 1950 MHz, 1950 MHz, 172.18 W, 63, P2, 0x0000000000000000
2026/08/26 22:02:04.269, 0, 20144 MiB, 100 %, 1950 MHz, 1950 MHz, 171.57 W, 63, P2, 0x0000000000000000
2026/08/26 22:02:05.269, 0, 20144 MiB, 99 %, 1950 MHz, 1950 MHz, 171.55 W, 63, P2, 0x0000000000000000
2026/08/26 22:02:06.270, 0, 20144 MiB, 100 %, 1950 MHz, 1950 MHz, 171.23 W, 62, P2, 0x0000000000000000
2026/08/26 22:02:07.270, 0, 20144 MiB, 100 %, 1950 MHz, 1950 MHz, 170.97 W, 62, P2, 0x0000000000000000
2026/08/26 22:02:08.270, 0, 20144 MiB, 100 %, 1950 MHz, 1950 MHz, 170.64 W, 62, P2, 0x0000000000000000
2026/08/26 22:02:09.270, 0, 20144 MiB, 99 %, 1950 MHz, 1950 MHz, 170.41 W, 62, P2, 0x0000000000000000
2026/08/26 22:02:10.270, 0, 20144 MiB, 99 %, 1950 MHz, 1950 MHz, 170.53 W, 62, P2, 0x0000000000000000
2026/08/26 22:02:11.270, 0, 20144 MiB, 100 %, 1950 MHz, 1950 MHz, 170.25 W, 61, P2, 0x0000000000000000
2026/08/26 22:02:12.271, 0, 20144 MiB, 100 %, 1950 MHz, 1950 MHz, 169.89 W, 61, P2, 0x0000000000000000
2026/08/26 22:02:13.271, 0, 20816 MiB, 100 %, 1950 MHz, 1950 MHz, 171.14 W, 61, P2, 0x0000000000000000
2026/08/26 22:02:14.271, 0, 20816 MiB, 78 %, 1950 MHz, 1950 MHz, 282.78 W, 67, P2, 0x0000000000000000
2026/08/26 22:02:15.279, 0, 20816 MiB, 78 %, 1950 MHz, 1950 MHz, 330.87 W, 68, P2, 0x0000000000000000
2026/08/26 22:02:16.279, 0, 20820 MiB, 77 %, 1950 MHz, 1950 MHz, 289.42 W, 64, P2, 0x0000000000000000
2026/08/26 22:02:17.279, 0, 20820 MiB, 77 %, 1950 MHz, 1950 MHz, 311.26 W, 68, P2, 0x0000000000000000
2026/08/26 22:02:18.280, 0, 20820 MiB, 78 %, 1950 MHz, 1950 MHz, 330.16 W, 69, P2, 0x0000000000000000
2026/08/26 22:02:19.280, 0, 20820 MiB, 75 %, 1950 MHz, 1950 MHz, 280.24 W, 67, P2, 0x0000000000000000
2026/08/26 22:02:20.280, 0, 20820 MiB, 77 %, 1950 MHz, 1950 MHz, 324.94 W, 69, P2, 0x0000000000000000
2026/08/26 22:02:21.280, 0, 20820 MiB, 78 %, 1935 MHz, 1935 MHz, 331.26 W, 69, P2, 0x0000000000000000
2026/08/26 22:02:22.280, 0, 20820 MiB, 78 %, 1935 MHz, 1935 MHz, 283.75 W, 68, P2, 0x0000000000000000
2026/08/26 22:02:23.280, 0, 20820 MiB, 78 %, 1935 MHz, 1935 MHz, 331.23 W, 70, P2, 0x0000000000000000
2026/08/26 22:02:24.281, 0, 20820 MiB, 78 %, 1935 MHz, 1935 MHz, 332.74 W, 70, P2, 0x0000000000000000
2026/08/26 22:02:25.282, 0, 20820 MiB, 37 %, 1935 MHz, 1935 MHz, 292.89 W, 70, P2, 0x0000000000000000
2026/08/26 22:02:26.283, 0, 20820 MiB, 78 %, 1935 MHz, 1935 MHz, 334.35 W, 70, P2, 0x0000000000000000
2026/08/26 22:02:27.283, 0, 20820 MiB, 78 %, 1935 MHz, 1935 MHz, 334.21 W, 71, P2, 0x0000000000000000
2026/08/26 22:02:28.283, 0, 20826 MiB, 49 %, 1920 MHz, 1920 MHz, 258.85 W, 68, P2, 0x0000000000000000
2026/08/26 22:02:29.283, 0, 20826 MiB, 78 %, 1935 MHz, 1935 MHz, 329.23 W, 70, P2, 0x0000000000000000
2026/08/26 22:02:30.283, 0, 20826 MiB, 79 %, 1935 MHz, 1935 MHz, 324.32 W, 71, P2, 0x0000000000000000
2026/08/26 22:02:31.284, 0, 20826 MiB, 80 %, 1920 MHz, 1920 MHz, 299.62 W, 69, P2, 0x0000000000000004
2026/08/26 22:02:32.284, 0, 20826 MiB, 78 %, 1935 MHz, 1935 MHz, 330.01 W, 71, P2, 0x0000000000000000
2026/08/26 22:02:33.284, 0, 20826 MiB, 78 %, 1935 MHz, 1935 MHz, 336.16 W, 72, P2, 0x0000000000000000
2026/08/26 22:02:34.284, 0, 20826 MiB, 14 %, 1920 MHz, 1920 MHz, 295.96 W, 70, P2, 0x0000000000000000
2026/08/26 22:02:35.284, 0, 20826 MiB, 78 %, 1935 MHz, 1935 MHz, 336.02 W, 72, P2, 0x0000000000000000
2026/08/26 22:02:36.285, 0, 20826 MiB, 77 %, 1935 MHz, 1935 MHz, 337.31 W, 72, P2, 0x0000000000000000
2026/08/26 22:02:37.285, 0, 20826 MiB, 58 %, 1935 MHz, 1935 MHz, 297.88 W, 72, P2, 0x0000000000000000
2026/08/26 22:02:38.285, 0, 20826 MiB, 79 %, 1935 MHz, 1935 MHz, 338.60 W, 72, P2, 0x0000000000000000
2026/08/26 22:02:39.285, 0, 20826 MiB, 78 %, 1935 MHz, 1935 MHz, 339.55 W, 72, P2, 0x0000000000000000
2026/08/26 22:02:40.285, 0, 20826 MiB, 78 %, 1935 MHz, 1935 MHz, 292.10 W, 72, P2, 0x0000000000000000
2026/08/26 22:02:41.286, 0, 20826 MiB, 78 %, 1935 MHz, 1935 MHz, 339.14 W, 73, P2, 0x0000000000000000
2026/08/26 22:02:42.286, 0, 20826 MiB, 79 %, 1935 MHz, 1935 MHz, 338.95 W, 72, P2, 0x0000000000000000
2026/08/26 22:02:43.286, 0, 20826 MiB, 77 %, 1935 MHz, 1935 MHz, 303.24 W, 73, P2, 0x0000000000000000
2026/08/26 22:02:44.286, 0, 20826 MiB, 77 %, 1935 MHz, 1935 MHz, 338.17 W, 73, P2, 0x0000000000000000
2026/08/26 22:02:45.286, 0, 393 MiB, 77 %, 1935 MHz, 1935 MHz, 314.17 W, 69, P2, 0x0000000000000000
2026/08/26 22:02:46.287, 0, 346 MiB, 0 %, 1935 MHz, 1935 MHz, 183.18 W, 67, P2, 0x0000000000000000
2026/08/26 22:02:47.287, 0, 346 MiB, 0 %, 1935 MHz, 1935 MHz, 174.34 W, 66, P2, 0x0000000000000000
2026/08/26 22:02:48.287, 0, 346 MiB, 6 %, 1695 MHz, 1695 MHz, 168.12 W, 63, P2, 0x0000000000000000
2026/08/26 22:02:49.287, 0, 20144 MiB, 0 %, 1695 MHz, 1695 MHz, 135.59 W, 62, P2, 0x0000000000000000
2026/08/26 22:02:50.287, 0, 20144 MiB, 100 %, 1950 MHz, 1950 MHz, 166.67 W, 64, P2, 0x0000000000000000
2026/08/26 22:02:51.288, 0, 20144 MiB, 100 %, 1950 MHz, 1950 MHz, 173.21 W, 63, P2, 0x0000000000000000
2026/08/26 22:02:52.288, 0, 20144 MiB, 100 %, 1950 MHz, 1950 MHz, 173.18 W, 63, P2, 0x0000000000000000
2026/08/26 22:02:53.288, 0, 20144 MiB, 99 %, 1950 MHz, 1950 MHz, 172.57 W, 63, P2, 0x0000000000000000
2026/08/26 22:02:54.288, 0, 20144 MiB, 100 %, 1950 MHz, 1950 MHz, 172.52 W, 63, P2, 0x0000000000000000
2026/08/26 22:02:55.288, 0, 20144 MiB, 100 %, 1950 MHz, 1950 MHz, 172.12 W, 63, P2, 0x0000000000000000
2026/08/26 22:02:56.289, 0, 20144 MiB, 100 %, 1950 MHz, 1950 MHz, 171.80 W, 62, P2, 0x0000000000000000
2026/08/26 22:02:57.289, 0, 20144 MiB, 99 %, 1950 MHz, 1950 MHz, 171.83 W, 62, P2, 0x0000000000000000
2026/08/26 22:02:58.289, 0, 20144 MiB, 100 %, 1950 MHz, 1950 MHz, 171.40 W, 62, P2, 0x0000000000000000
2026/08/26 22:02:59.289, 0, 20144 MiB, 100 %, 1950 MHz, 1950 MHz, 171.44 W, 62, P2, 0x0000000000000000
2026/08/26 22:03:00.289, 0, 20144 MiB, 100 %, 1950 MHz, 1950 MHz, 171.12 W, 61, P2, 0x0000000000000000
2026/08/26 22:03:01.290, 0, 20800 MiB, 100 %, 1950 MHz, 1950 MHz, 173.95 W, 62, P2, 0x0000000000000000
2026/08/26 22:03:02.290, 0, 20816 MiB, 68 %, 1950 MHz, 1950 MHz, 251.86 W, 67, P2, 0x0000000000000000
2026/08/26 22:03:03.290, 0, 20816 MiB, 76 %, 1950 MHz, 1950 MHz, 331.42 W, 68, P2, 0x0000000000000000
2026/08/26 22:03:04.290, 0, 20816 MiB, 74 %, 1950 MHz, 1950 MHz, 331.88 W, 68, P2, 0x0000000000000000
2026/08/26 22:03:05.291, 0, 20816 MiB, 77 %, 1950 MHz, 1950 MHz, 299.61 W, 69, P2, 0x0000000000000000
2026/08/26 22:03:06.291, 0, 20816 MiB, 78 %, 1950 MHz, 1950 MHz, 332.57 W, 69, P2, 0x0000000000000000
2026/08/26 22:03:07.291, 0, 20816 MiB, 78 %, 1935 MHz, 1935 MHz, 316.43 W, 66, P2, 0x0000000000000000
2026/08/26 22:03:08.291, 0, 20816 MiB, 77 %, 1935 MHz, 1935 MHz, 292.11 W, 69, P2, 0x0000000000000000
2026/08/26 22:03:09.292, 0, 20816 MiB, 77 %, 1935 MHz, 1935 MHz, 332.23 W, 70, P2, 0x0000000000000000
2026/08/26 22:03:10.292, 0, 20816 MiB, 78 %, 1935 MHz, 1935 MHz, 299.31 W, 67, P2, 0x0000000000000000
2026/08/26 22:03:11.292, 0, 20816 MiB, 79 %, 1935 MHz, 1935 MHz, 311.34 W, 70, P2, 0x0000000000000000
2026/08/26 22:03:12.292, 0, 20816 MiB, 77 %, 1935 MHz, 1935 MHz, 334.37 W, 70, P2, 0x0000000000000000
2026/08/26 22:03:13.292, 0, 20816 MiB, 77 %, 1935 MHz, 1935 MHz, 292.61 W, 68, P2, 0x0000000000000004
2026/08/26 22:03:14.293, 0, 20816 MiB, 77 %, 1935 MHz, 1935 MHz, 324.36 W, 70, P2, 0x0000000000000000
2026/08/26 22:03:15.293, 0, 20816 MiB, 79 %, 1935 MHz, 1935 MHz, 336.88 W, 71, P2, 0x0000000000000000
2026/08/26 22:03:16.293, 0, 20824 MiB, 78 %, 1905 MHz, 1905 MHz, 270.52 W, 65, P2, 0x0000000000000004
2026/08/26 22:03:17.293, 0, 20824 MiB, 78 %, 1935 MHz, 1935 MHz, 299.00 W, 70, P2, 0x0000000000000000
2026/08/26 22:03:18.293, 0, 20824 MiB, 78 %, 1935 MHz, 1935 MHz, 335.34 W, 71, P2, 0x0000000000000000
2026/08/26 22:03:19.294, 0, 20824 MiB, 75 %, 1935 MHz, 1935 MHz, 303.46 W, 69, P2, 0x0000000000000000
2026/08/26 22:03:20.294, 0, 20824 MiB, 76 %, 1935 MHz, 1935 MHz, 326.41 W, 71, P2, 0x0000000000000000
2026/08/26 22:03:21.294, 0, 20824 MiB, 78 %, 1935 MHz, 1935 MHz, 334.35 W, 71, P2, 0x0000000000000000
2026/08/26 22:03:22.294, 0, 20824 MiB, 77 %, 1935 MHz, 1935 MHz, 301.34 W, 71, P2, 0x0000000000000000
2026/08/26 22:03:23.294, 0, 20824 MiB, 77 %, 1935 MHz, 1935 MHz, 335.43 W, 71, P2, 0x0000000000000000
2026/08/26 22:03:24.295, 0, 20824 MiB, 77 %, 1935 MHz, 1935 MHz, 335.42 W, 72, P2, 0x0000000000000000
2026/08/26 22:03:25.295, 0, 20824 MiB, 11 %, 1920 MHz, 1920 MHz, 294.45 W, 71, P2, 0x0000000000000000
2026/08/26 22:03:26.295, 0, 20824 MiB, 79 %, 1935 MHz, 1935 MHz, 337.04 W, 72, P2, 0x0000000000000000
2026/08/26 22:03:27.295, 0, 20824 MiB, 76 %, 1935 MHz, 1935 MHz, 337.01 W, 72, P2, 0x0000000000000000
2026/08/26 22:03:28.295, 0, 20824 MiB, 62 %, 1935 MHz, 1935 MHz, 300.07 W, 72, P2, 0x0000000000000000
2026/08/26 22:03:29.296, 0, 20824 MiB, 77 %, 1935 MHz, 1935 MHz, 336.30 W, 73, P2, 0x0000000000000000
2026/08/26 22:03:30.296, 0, 20824 MiB, 76 %, 1935 MHz, 1935 MHz, 337.95 W, 73, P2, 0x0000000000000000
2026/08/26 22:03:31.296, 0, 20824 MiB, 77 %, 1935 MHz, 1935 MHz, 292.86 W, 72, P2, 0x0000000000000000
2026/08/26 22:03:32.296, 0, 20824 MiB, 76 %, 1935 MHz, 1935 MHz, 338.06 W, 73, P2, 0x0000000000000000
2026/08/26 22:03:33.297, 0, 20824 MiB, 75 %, 1935 MHz, 1935 MHz, 339.00 W, 73, P2, 0x0000000000000000
2026/08/26 22:03:34.297, 0, 346 MiB, 100 %, 1935 MHz, 1935 MHz, 273.47 W, 68, P2, 0x0000000000000000
2026/08/26 22:03:35.405, 0, 346 MiB, 0 %, 1935 MHz, 1935 MHz, 174.90 W, 66, P2, 0x0000000000000000
2026/08/26 22:03:36.405, 0, 346 MiB, 0 %, 1935 MHz, 1935 MHz, 173.65 W, 65, P2, 0x0000000000000000
2026/08/26 22:03:37.405, 0, 346 MiB, 3 %, 1695 MHz, 1695 MHz, 139.17 W, 62, P2, 0x0000000000000000
2026/08/26 22:03:38.405, 0, 19362 MiB, 100 %, 1950 MHz, 1950 MHz, 152.25 W, 62, P2, 0x0000000000000000
2026/08/26 22:03:39.405, 0, 19362 MiB, 99 %, 1950 MHz, 1950 MHz, 173.17 W, 63, P2, 0x0000000000000000
2026/08/26 22:03:40.406, 0, 19362 MiB, 100 %, 1950 MHz, 1950 MHz, 172.89 W, 63, P2, 0x0000000000000000
2026/08/26 22:03:41.406, 0, 19362 MiB, 100 %, 1950 MHz, 1950 MHz, 172.73 W, 63, P2, 0x0000000000000000
2026/08/26 22:03:42.407, 0, 19362 MiB, 100 %, 1950 MHz, 1950 MHz, 172.30 W, 63, P2, 0x0000000000000000
2026/08/26 22:03:43.407, 0, 19362 MiB, 99 %, 1950 MHz, 1950 MHz, 172.02 W, 62, P2, 0x0000000000000000
2026/08/26 22:03:44.407, 0, 19362 MiB, 99 %, 1950 MHz, 1950 MHz, 171.79 W, 62, P2, 0x0000000000000000
2026/08/26 22:03:45.407, 0, 19362 MiB, 100 %, 1950 MHz, 1950 MHz, 171.56 W, 62, P2, 0x0000000000000000
2026/08/26 22:03:46.407, 0, 19362 MiB, 100 %, 1950 MHz, 1950 MHz, 171.53 W, 62, P2, 0x0000000000000000
2026/08/26 22:03:47.407, 0, 19362 MiB, 100 %, 1950 MHz, 1950 MHz, 171.22 W, 62, P2, 0x0000000000000000
2026/08/26 22:03:48.407, 0, 19362 MiB, 99 %, 1950 MHz, 1950 MHz, 171.08 W, 62, P2, 0x0000000000000000
2026/08/26 22:03:49.416, 0, 20004 MiB, 100 %, 1950 MHz, 1950 MHz, 172.34 W, 61, P2, 0x0000000000000000
2026/08/26 22:03:50.416, 0, 20758 MiB, 69 %, 1950 MHz, 1950 MHz, 183.21 W, 62, P2, 0x0000000000000000
2026/08/26 22:03:51.416, 0, 20764 MiB, 85 %, 1950 MHz, 1950 MHz, 205.61 W, 62, P2, 0x0000000000000000
2026/08/26 22:03:52.417, 0, 20764 MiB, 84 %, 1950 MHz, 1950 MHz, 207.25 W, 62, P2, 0x0000000000000000
2026/08/26 22:03:53.417, 0, 20764 MiB, 84 %, 1950 MHz, 1950 MHz, 206.48 W, 63, P2, 0x0000000000000000
2026/08/26 22:03:54.417, 0, 20764 MiB, 85 %, 1950 MHz, 1950 MHz, 206.81 W, 62, P2, 0x0000000000000000
2026/08/26 22:03:55.417, 0, 20764 MiB, 84 %, 1950 MHz, 1950 MHz, 207.81 W, 62, P2, 0x0000000000000000
2026/08/26 22:03:56.417, 0, 20764 MiB, 82 %, 1950 MHz, 1950 MHz, 206.53 W, 62, P2, 0x0000000000000000
2026/08/26 22:03:57.417, 0, 20764 MiB, 85 %, 1950 MHz, 1950 MHz, 206.89 W, 62, P2, 0x0000000000000000
2026/08/26 22:03:58.418, 0, 20764 MiB, 83 %, 1950 MHz, 1950 MHz, 206.57 W, 62, P2, 0x0000000000000000
2026/08/26 22:03:59.423, 0, 20764 MiB, 84 %, 1950 MHz, 1950 MHz, 206.04 W, 62, P2, 0x0000000000000000
2026/08/26 22:04:00.423, 0, 20764 MiB, 83 %, 1950 MHz, 1950 MHz, 205.51 W, 62, P2, 0x0000000000000000
2026/08/26 22:04:01.423, 0, 20764 MiB, 66 %, 1950 MHz, 1950 MHz, 205.14 W, 62, P2, 0x0000000000000000
2026/08/26 22:04:02.423, 0, 20764 MiB, 84 %, 1950 MHz, 1950 MHz, 205.99 W, 62, P2, 0x0000000000000000
2026/08/26 22:04:03.423, 0, 20764 MiB, 82 %, 1950 MHz, 1950 MHz, 205.91 W, 62, P2, 0x0000000000000000
2026/08/26 22:04:04.431, 0, 20764 MiB, 86 %, 1950 MHz, 1950 MHz, 205.88 W, 61, P2, 0x0000000000000000
2026/08/26 22:04:05.431, 0, 20764 MiB, 83 %, 1950 MHz, 1950 MHz, 206.02 W, 62, P2, 0x0000000000000000
2026/08/26 22:04:06.432, 0, 20764 MiB, 83 %, 1950 MHz, 1950 MHz, 205.82 W, 61, P2, 0x0000000000000000
2026/08/26 22:04:07.432, 0, 20764 MiB, 84 %, 1950 MHz, 1950 MHz, 205.51 W, 61, P2, 0x0000000000000000
2026/08/26 22:04:08.432, 0, 20764 MiB, 85 %, 1950 MHz, 1950 MHz, 205.54 W, 62, P2, 0x0000000000000000
2026/08/26 22:04:09.440, 0, 20764 MiB, 82 %, 1950 MHz, 1950 MHz, 205.21 W, 61, P2, 0x0000000000000000
2026/08/26 22:04:10.441, 0, 20764 MiB, 84 %, 1950 MHz, 1950 MHz, 205.35 W, 61, P2, 0x0000000000000000
2026/08/26 22:04:11.441, 0, 20764 MiB, 84 %, 1950 MHz, 1950 MHz, 202.76 W, 61, P2, 0x0000000000000000
2026/08/26 22:04:12.441, 0, 20764 MiB, 82 %, 1950 MHz, 1950 MHz, 198.96 W, 61, P2, 0x0000000000000000
2026/08/26 22:04:13.441, 0, 20764 MiB, 84 %, 1950 MHz, 1950 MHz, 204.13 W, 61, P2, 0x0000000000000000
2026/08/26 22:04:14.442, 0, 20764 MiB, 82 %, 1950 MHz, 1950 MHz, 204.96 W, 61, P2, 0x0000000000000000
2026/08/26 22:04:15.443, 0, 20764 MiB, 84 %, 1950 MHz, 1950 MHz, 206.39 W, 61, P2, 0x0000000000000000
2026/08/26 22:04:16.443, 0, 20764 MiB, 84 %, 1950 MHz, 1950 MHz, 204.88 W, 61, P2, 0x0000000000000000
2026/08/26 22:04:17.443, 0, 20764 MiB, 85 %, 1950 MHz, 1950 MHz, 204.79 W, 61, P2, 0x0000000000000000
2026/08/26 22:04:18.443, 0, 20764 MiB, 84 %, 1950 MHz, 1950 MHz, 205.59 W, 61, P2, 0x0000000000000000
2026/08/26 22:04:19.449, 0, 20764 MiB, 83 %, 1950 MHz, 1950 MHz, 204.79 W, 61, P2, 0x0000000000000000
2026/08/26 22:04:20.449, 0, 20764 MiB, 84 %, 1950 MHz, 1950 MHz, 204.76 W, 61, P2, 0x0000000000000000
2026/08/26 22:04:21.449, 0, 20764 MiB, 84 %, 1950 MHz, 1950 MHz, 205.42 W, 61, P2, 0x0000000000000000
2026/08/26 22:04:22.449, 0, 20764 MiB, 84 %, 1950 MHz, 1950 MHz, 204.78 W, 61, P2, 0x0000000000000000
2026/08/26 22:04:23.449, 0, 20768 MiB, 52 %, 1950 MHz, 1950 MHz, 198.28 W, 61, P2, 0x0000000000000000
2026/08/26 22:04:24.449, 0, 20768 MiB, 83 %, 1950 MHz, 1950 MHz, 204.06 W, 61, P2, 0x0000000000000000
2026/08/26 22:04:25.450, 0, 20768 MiB, 83 %, 1950 MHz, 1950 MHz, 203.24 W, 60, P2, 0x0000000000000000
2026/08/26 22:04:26.450, 0, 20768 MiB, 82 %, 1950 MHz, 1950 MHz, 204.48 W, 60, P2, 0x0000000000000000
2026/08/26 22:04:27.450, 0, 20768 MiB, 83 %, 1950 MHz, 1950 MHz, 203.86 W, 61, P2, 0x0000000000000000
2026/08/26 22:04:28.450, 0, 20768 MiB, 85 %, 1950 MHz, 1950 MHz, 204.12 W, 61, P2, 0x0000000000000000
2026/08/26 22:04:29.450, 0, 20768 MiB, 84 %, 1950 MHz, 1950 MHz, 203.91 W, 60, P2, 0x0000000000000000
2026/08/26 22:04:30.450, 0, 20768 MiB, 83 %, 1950 MHz, 1950 MHz, 203.70 W, 61, P2, 0x0000000000000000
2026/08/26 22:04:31.451, 0, 20768 MiB, 82 %, 1950 MHz, 1950 MHz, 203.30 W, 61, P2, 0x0000000000000000
2026/08/26 22:04:32.451, 0, 20768 MiB, 83 %, 1950 MHz, 1950 MHz, 204.00 W, 61, P2, 0x0000000000000000
2026/08/26 22:04:33.451, 0, 20768 MiB, 82 %, 1950 MHz, 1950 MHz, 203.30 W, 60, P2, 0x0000000000000000
2026/08/26 22:04:34.451, 0, 20768 MiB, 78 %, 1950 MHz, 1950 MHz, 198.50 W, 60, P2, 0x0000000000000000
2026/08/26 22:04:35.451, 0, 20768 MiB, 85 %, 1950 MHz, 1950 MHz, 203.65 W, 60, P2, 0x0000000000000000
2026/08/26 22:04:36.451, 0, 20768 MiB, 85 %, 1950 MHz, 1950 MHz, 202.91 W, 60, P2, 0x0000000000000000
2026/08/26 22:04:37.451, 0, 20768 MiB, 83 %, 1950 MHz, 1950 MHz, 202.04 W, 61, P2, 0x0000000000000000
2026/08/26 22:04:38.452, 0, 20768 MiB, 84 %, 1950 MHz, 1950 MHz, 203.71 W, 60, P2, 0x0000000000000000
2026/08/26 22:04:39.452, 0, 20768 MiB, 84 %, 1950 MHz, 1950 MHz, 202.63 W, 60, P2, 0x0000000000000000
2026/08/26 22:04:40.452, 0, 20768 MiB, 82 %, 1950 MHz, 1950 MHz, 203.74 W, 61, P2, 0x0000000000000000
2026/08/26 22:04:41.452, 0, 20768 MiB, 84 %, 1950 MHz, 1950 MHz, 202.16 W, 60, P2, 0x0000000000000000
2026/08/26 22:04:42.452, 0, 20768 MiB, 82 %, 1950 MHz, 1950 MHz, 202.11 W, 60, P2, 0x0000000000000000
2026/08/26 22:04:43.453, 0, 20768 MiB, 84 %, 1950 MHz, 1950 MHz, 203.08 W, 60, P2, 0x0000000000000000
2026/08/26 22:04:44.453, 0, 20774 MiB, 77 %, 1935 MHz, 1935 MHz, 195.28 W, 59, P2, 0x0000000000000024
2026/08/26 22:04:45.453, 0, 20776 MiB, 84 %, 1950 MHz, 1950 MHz, 191.82 W, 60, P2, 0x0000000000000000
2026/08/26 22:04:46.453, 0, 20776 MiB, 83 %, 1950 MHz, 1950 MHz, 201.35 W, 60, P2, 0x0000000000000000
2026/08/26 22:04:47.453, 0, 20776 MiB, 86 %, 1950 MHz, 1950 MHz, 203.19 W, 60, P2, 0x0000000000000000
2026/08/26 22:04:48.454, 0, 20776 MiB, 84 %, 1950 MHz, 1950 MHz, 202.47 W, 60, P2, 0x0000000000000000
2026/08/26 22:04:49.454, 0, 20776 MiB, 84 %, 1950 MHz, 1950 MHz, 201.18 W, 60, P2, 0x0000000000000000
2026/08/26 22:04:50.454, 0, 20776 MiB, 84 %, 1950 MHz, 1950 MHz, 201.78 W, 60, P2, 0x0000000000000000
2026/08/26 22:04:51.454, 0, 20776 MiB, 83 %, 1950 MHz, 1950 MHz, 202.72 W, 60, P2, 0x0000000000000000
2026/08/26 22:04:52.454, 0, 20776 MiB, 83 %, 1950 MHz, 1950 MHz, 201.80 W, 60, P2, 0x0000000000000000
2026/08/26 22:04:53.455, 0, 20776 MiB, 83 %, 1950 MHz, 1950 MHz, 202.32 W, 60, P2, 0x0000000000000000
2026/08/26 22:04:54.455, 0, 20776 MiB, 83 %, 1950 MHz, 1950 MHz, 204.81 W, 60, P2, 0x0000000000000000
2026/08/26 22:04:55.455, 0, 20776 MiB, 83 %, 1950 MHz, 1950 MHz, 203.08 W, 60, P2, 0x0000000000000000
2026/08/26 22:04:56.455, 0, 20776 MiB, 83 %, 1950 MHz, 1950 MHz, 202.27 W, 60, P2, 0x0000000000000000
2026/08/26 22:04:57.456, 0, 20776 MiB, 84 %, 1950 MHz, 1950 MHz, 202.54 W, 60, P2, 0x0000000000000000
2026/08/26 22:04:58.456, 0, 20776 MiB, 83 %, 1950 MHz, 1950 MHz, 201.87 W, 60, P2, 0x0000000000000000
2026/08/26 22:04:59.456, 0, 20776 MiB, 84 %, 1950 MHz, 1950 MHz, 202.46 W, 60, P2, 0x0000000000000000
2026/08/26 22:05:00.456, 0, 20776 MiB, 84 %, 1950 MHz, 1950 MHz, 201.59 W, 60, P2, 0x0000000000000000
2026/08/26 22:05:01.456, 0, 20776 MiB, 82 %, 1950 MHz, 1950 MHz, 202.17 W, 60, P2, 0x0000000000000000
2026/08/26 22:05:02.456, 0, 20776 MiB, 82 %, 1950 MHz, 1950 MHz, 203.74 W, 60, P2, 0x0000000000000000
2026/08/26 22:05:03.457, 0, 20776 MiB, 84 %, 1950 MHz, 1950 MHz, 202.17 W, 60, P2, 0x0000000000000000
2026/08/26 22:05:04.457, 0, 20776 MiB, 83 %, 1950 MHz, 1950 MHz, 201.42 W, 60, P2, 0x0000000000000000
2026/08/26 22:05:05.457, 0, 20776 MiB, 68 %, 1950 MHz, 1950 MHz, 202.12 W, 60, P2, 0x0000000000000000
2026/08/26 22:05:06.457, 0, 20776 MiB, 85 %, 1950 MHz, 1950 MHz, 203.37 W, 60, P2, 0x0000000000000000
2026/08/26 22:05:07.457, 0, 20776 MiB, 83 %, 1950 MHz, 1950 MHz, 201.24 W, 60, P2, 0x0000000000000000
2026/08/26 22:05:08.457, 0, 20776 MiB, 84 %, 1950 MHz, 1950 MHz, 201.87 W, 59, P2, 0x0000000000000000
2026/08/26 22:05:09.458, 0, 20776 MiB, 84 %, 1950 MHz, 1950 MHz, 202.21 W, 60, P2, 0x0000000000000000
2026/08/26 22:05:10.458, 0, 20776 MiB, 83 %, 1950 MHz, 1950 MHz, 201.04 W, 60, P2, 0x0000000000000000
2026/08/26 22:05:11.458, 0, 20776 MiB, 86 %, 1950 MHz, 1950 MHz, 202.36 W, 60, P2, 0x0000000000000000
2026/08/26 22:05:12.458, 0, 20776 MiB, 83 %, 1950 MHz, 1950 MHz, 200.84 W, 59, P2, 0x0000000000000000
2026/08/26 22:05:13.458, 0, 20776 MiB, 83 %, 1950 MHz, 1950 MHz, 201.85 W, 60, P2, 0x0000000000000000
2026/08/26 22:05:14.458, 0, 20776 MiB, 82 %, 1950 MHz, 1950 MHz, 200.19 W, 59, P2, 0x0000000000000000
2026/08/26 22:05:15.458, 0, 20776 MiB, 83 %, 1950 MHz, 1950 MHz, 203.06 W, 60, P2, 0x0000000000000000
2026/08/26 22:05:16.459, 0, 20776 MiB, 84 %, 1950 MHz, 1950 MHz, 202.01 W, 60, P2, 0x0000000000000000
2026/08/26 22:05:17.459, 0, 20776 MiB, 82 %, 1950 MHz, 1950 MHz, 200.64 W, 60, P2, 0x0000000000000000
2026/08/26 22:05:18.459, 0, 20776 MiB, 85 %, 1950 MHz, 1950 MHz, 202.11 W, 59, P2, 0x0000000000000000
2026/08/26 22:05:19.459, 0, 20776 MiB, 84 %, 1950 MHz, 1950 MHz, 202.38 W, 60, P2, 0x0000000000000000
2026/08/26 22:05:20.459, 0, 20776 MiB, 83 %, 1950 MHz, 1950 MHz, 201.71 W, 60, P2, 0x0000000000000000
2026/08/26 22:05:21.459, 0, 20776 MiB, 84 %, 1950 MHz, 1950 MHz, 201.56 W, 60, P2, 0x0000000000000000
2026/08/26 22:05:22.459, 0, 20776 MiB, 83 %, 1950 MHz, 1950 MHz, 200.96 W, 60, P2, 0x0000000000000000
2026/08/26 22:05:23.460, 0, 20776 MiB, 84 %, 1950 MHz, 1950 MHz, 201.79 W, 60, P2, 0x0000000000000000
2026/08/26 22:05:24.460, 0, 20776 MiB, 82 %, 1950 MHz, 1950 MHz, 203.11 W, 60, P2, 0x0000000000000000
2026/08/26 22:05:25.460, 0, 20776 MiB, 82 %, 1950 MHz, 1950 MHz, 202.04 W, 60, P2, 0x0000000000000000
2026/08/26 22:05:26.460, 0, 20776 MiB, 76 %, 1950 MHz, 1950 MHz, 196.05 W, 60, P2, 0x0000000000000000
2026/08/26 22:05:27.460, 0, 20776 MiB, 86 %, 1950 MHz, 1950 MHz, 201.46 W, 60, P2, 0x0000000000000000
2026/08/26 22:05:28.460, 0, 20776 MiB, 83 %, 1950 MHz, 1950 MHz, 199.03 W, 60, P2, 0x0000000000000000
2026/08/26 22:05:29.460, 0, 20776 MiB, 84 %, 1950 MHz, 1950 MHz, 201.07 W, 59, P2, 0x0000000000000000
2026/08/26 22:05:30.461, 0, 20776 MiB, 85 %, 1950 MHz, 1950 MHz, 200.32 W, 60, P2, 0x0000000000000000
2026/08/26 22:05:31.461, 0, 20776 MiB, 83 %, 1950 MHz, 1950 MHz, 202.02 W, 60, P2, 0x0000000000000000
2026/08/26 22:05:32.461, 0, 20776 MiB, 83 %, 1950 MHz, 1950 MHz, 199.98 W, 60, P2, 0x0000000000000000
2026/08/26 22:05:33.461, 0, 20776 MiB, 84 %, 1950 MHz, 1950 MHz, 201.76 W, 60, P2, 0x0000000000000000
2026/08/26 22:05:34.461, 0, 20776 MiB, 80 %, 1950 MHz, 1950 MHz, 199.31 W, 60, P2, 0x0000000000000000
2026/08/26 22:05:35.461, 0, 20776 MiB, 83 %, 1950 MHz, 1950 MHz, 199.71 W, 60, P2, 0x0000000000000000
2026/08/26 22:05:36.462, 0, 20776 MiB, 84 %, 1950 MHz, 1950 MHz, 200.08 W, 60, P2, 0x0000000000000000
2026/08/26 22:05:37.462, 0, 20776 MiB, 68 %, 1950 MHz, 1950 MHz, 198.22 W, 60, P2, 0x0000000000000000
2026/08/26 22:05:38.462, 0, 20776 MiB, 83 %, 1950 MHz, 1950 MHz, 200.01 W, 60, P2, 0x0000000000000000
2026/08/26 22:05:39.462, 0, 20776 MiB, 84 %, 1950 MHz, 1950 MHz, 200.86 W, 60, P2, 0x0000000000000000
2026/08/26 22:05:40.462, 0, 20776 MiB, 83 %, 1950 MHz, 1950 MHz, 200.26 W, 60, P2, 0x0000000000000000
2026/08/26 22:05:41.463, 0, 20776 MiB, 85 %, 1950 MHz, 1950 MHz, 200.41 W, 60, P2, 0x0000000000000000
2026/08/26 22:05:42.463, 0, 20776 MiB, 83 %, 1950 MHz, 1950 MHz, 200.60 W, 59, P2, 0x0000000000000000
2026/08/26 22:05:43.463, 0, 20776 MiB, 83 %, 1950 MHz, 1950 MHz, 200.51 W, 59, P2, 0x0000000000000000
2026/08/26 22:05:44.463, 0, 20776 MiB, 84 %, 1950 MHz, 1950 MHz, 200.52 W, 59, P2, 0x0000000000000000
2026/08/26 22:05:45.463, 0, 20776 MiB, 80 %, 1950 MHz, 1950 MHz, 200.55 W, 60, P2, 0x0000000000000000
2026/08/26 22:05:46.464, 0, 20776 MiB, 84 %, 1950 MHz, 1950 MHz, 201.18 W, 59, P2, 0x0000000000000000
2026/08/26 22:05:47.464, 0, 398 MiB, 84 %, 1950 MHz, 1950 MHz, 190.59 W, 59, P2, 0x0000000000000000
2026/08/26 22:05:48.464, 0, 346 MiB, 0 %, 1950 MHz, 1950 MHz, 176.59 W, 59, P0, 0x0000000000000000
2026/08/26 22:05:49.464, 0, 346 MiB, 0 %, 1950 MHz, 1950 MHz, 161.89 W, 58, P2, 0x0000000000000000
2026/08/26 22:05:50.464, 0, 346 MiB, 0 %, 1950 MHz, 1950 MHz, 162.39 W, 58, P2, 0x0000000000000000
2026/08/26 22:05:51.465, 0, 19362 MiB, 3 %, 1695 MHz, 1695 MHz, 140.45 W, 56, P2, 0x0000000000000000
2026/08/26 22:05:52.465, 0, 19362 MiB, 100 %, 1950 MHz, 1950 MHz, 137.12 W, 57, P2, 0x0000000000000000
2026/08/26 22:05:53.465, 0, 19362 MiB, 100 %, 1950 MHz, 1950 MHz, 162.60 W, 58, P2, 0x0000000000000000
2026/08/26 22:05:54.465, 0, 19362 MiB, 100 %, 1950 MHz, 1950 MHz, 161.16 W, 58, P2, 0x0000000000000000
2026/08/26 22:05:55.465, 0, 19362 MiB, 99 %, 1950 MHz, 1950 MHz, 162.30 W, 58, P2, 0x0000000000000000
2026/08/26 22:05:56.465, 0, 19362 MiB, 100 %, 1950 MHz, 1950 MHz, 162.37 W, 58, P2, 0x0000000000000000
2026/08/26 22:05:57.466, 0, 19362 MiB, 100 %, 1950 MHz, 1950 MHz, 162.42 W, 58, P2, 0x0000000000000000
2026/08/26 22:05:58.466, 0, 19362 MiB, 100 %, 1950 MHz, 1950 MHz, 162.41 W, 57, P2, 0x0000000000000000
2026/08/26 22:05:59.466, 0, 19362 MiB, 100 %, 1950 MHz, 1950 MHz, 158.15 W, 57, P2, 0x0000000000000000
2026/08/26 22:06:00.466, 0, 19362 MiB, 100 %, 1950 MHz, 1950 MHz, 162.40 W, 57, P2, 0x0000000000000000
2026/08/26 22:06:01.466, 0, 19362 MiB, 100 %, 1950 MHz, 1950 MHz, 162.37 W, 57, P2, 0x0000000000000000
2026/08/26 22:06:02.467, 0, 20502 MiB, 100 %, 1950 MHz, 1950 MHz, 159.88 W, 57, P2, 0x0000000000000000
2026/08/26 22:06:03.467, 0, 20766 MiB, 48 %, 1950 MHz, 1950 MHz, 162.93 W, 57, P2, 0x0000000000000000
2026/08/26 22:06:04.467, 0, 20768 MiB, 77 %, 1950 MHz, 1950 MHz, 219.63 W, 60, P2, 0x0000000000000000
2026/08/26 22:06:05.467, 0, 20770 MiB, 77 %, 1950 MHz, 1950 MHz, 223.59 W, 60, P2, 0x0000000000000000
2026/08/26 22:06:06.467, 0, 20770 MiB, 80 %, 1950 MHz, 1950 MHz, 224.43 W, 60, P2, 0x0000000000000000
2026/08/26 22:06:07.467, 0, 20770 MiB, 85 %, 1950 MHz, 1950 MHz, 223.04 W, 60, P2, 0x0000000000000000
2026/08/26 22:06:08.468, 0, 20770 MiB, 85 %, 1950 MHz, 1950 MHz, 220.78 W, 60, P2, 0x0000000000000000
2026/08/26 22:06:09.468, 0, 20770 MiB, 83 %, 1950 MHz, 1950 MHz, 221.54 W, 60, P2, 0x0000000000000000
2026/08/26 22:06:10.474, 0, 20770 MiB, 83 %, 1950 MHz, 1950 MHz, 224.74 W, 60, P2, 0x0000000000000000
2026/08/26 22:06:11.474, 0, 20774 MiB, 83 %, 1950 MHz, 1950 MHz, 227.75 W, 60, P2, 0x0000000000000000
2026/08/26 22:06:12.475, 0, 20774 MiB, 83 %, 1950 MHz, 1950 MHz, 223.25 W, 60, P2, 0x0000000000000000
2026/08/26 22:06:13.475, 0, 20774 MiB, 80 %, 1950 MHz, 1950 MHz, 221.75 W, 60, P2, 0x0000000000000000
2026/08/26 22:06:14.475, 0, 20774 MiB, 84 %, 1950 MHz, 1950 MHz, 222.57 W, 61, P2, 0x0000000000000000
2026/08/26 22:06:15.475, 0, 20774 MiB, 83 %, 1950 MHz, 1950 MHz, 215.09 W, 60, P2, 0x0000000000000000
2026/08/26 22:06:16.475, 0, 20774 MiB, 84 %, 1950 MHz, 1950 MHz, 224.14 W, 60, P2, 0x0000000000000000
2026/08/26 22:06:17.475, 0, 20774 MiB, 85 %, 1950 MHz, 1950 MHz, 224.62 W, 60, P2, 0x0000000000000000
2026/08/26 22:06:18.476, 0, 20774 MiB, 83 %, 1950 MHz, 1950 MHz, 223.28 W, 60, P2, 0x0000000000000000
2026/08/26 22:06:19.476, 0, 20774 MiB, 87 %, 1950 MHz, 1950 MHz, 224.23 W, 60, P2, 0x0000000000000000
2026/08/26 22:06:20.476, 0, 20774 MiB, 83 %, 1950 MHz, 1950 MHz, 223.55 W, 60, P2, 0x0000000000000000
2026/08/26 22:06:21.476, 0, 20774 MiB, 84 %, 1950 MHz, 1950 MHz, 221.12 W, 61, P2, 0x0000000000000000
2026/08/26 22:06:22.476, 0, 20774 MiB, 81 %, 1950 MHz, 1950 MHz, 224.76 W, 61, P2, 0x0000000000000000
2026/08/26 22:06:23.476, 0, 20774 MiB, 85 %, 1950 MHz, 1950 MHz, 222.80 W, 61, P2, 0x0000000000000000
2026/08/26 22:06:24.477, 0, 20774 MiB, 80 %, 1950 MHz, 1950 MHz, 226.43 W, 61, P2, 0x0000000000000000
2026/08/26 22:06:25.477, 0, 20774 MiB, 79 %, 1950 MHz, 1950 MHz, 212.42 W, 61, P2, 0x0000000000000000
2026/08/26 22:06:26.477, 0, 20774 MiB, 81 %, 1950 MHz, 1950 MHz, 226.52 W, 61, P2, 0x0000000000000000
2026/08/26 22:06:27.477, 0, 20774 MiB, 81 %, 1950 MHz, 1950 MHz, 224.07 W, 61, P2, 0x0000000000000000
2026/08/26 22:06:28.477, 0, 20774 MiB, 83 %, 1950 MHz, 1950 MHz, 223.52 W, 61, P2, 0x0000000000000000
2026/08/26 22:06:29.477, 0, 20774 MiB, 84 %, 1950 MHz, 1950 MHz, 225.85 W, 61, P2, 0x0000000000000000
2026/08/26 22:06:30.478, 0, 20774 MiB, 82 %, 1950 MHz, 1950 MHz, 227.14 W, 61, P2, 0x0000000000000000
2026/08/26 22:06:31.478, 0, 20774 MiB, 83 %, 1950 MHz, 1950 MHz, 223.12 W, 61, P2, 0x0000000000000000
2026/08/26 22:06:32.478, 0, 20774 MiB, 81 %, 1950 MHz, 1950 MHz, 224.24 W, 62, P2, 0x0000000000000000
2026/08/26 22:06:33.478, 0, 20774 MiB, 82 %, 1950 MHz, 1950 MHz, 223.59 W, 61, P2, 0x0000000000000000
2026/08/26 22:06:34.478, 0, 20774 MiB, 85 %, 1950 MHz, 1950 MHz, 221.34 W, 61, P2, 0x0000000000000000
2026/08/26 22:06:35.478, 0, 20774 MiB, 82 %, 1950 MHz, 1950 MHz, 223.25 W, 61, P2, 0x0000000000000000
2026/08/26 22:06:36.479, 0, 20774 MiB, 82 %, 1950 MHz, 1950 MHz, 226.45 W, 62, P2, 0x0000000000000000
2026/08/26 22:06:37.479, 0, 20774 MiB, 78 %, 1950 MHz, 1950 MHz, 218.56 W, 62, P2, 0x0000000000000000
2026/08/26 22:06:38.479, 0, 20774 MiB, 85 %, 1950 MHz, 1950 MHz, 228.13 W, 62, P2, 0x0000000000000000
2026/08/26 22:06:39.479, 0, 20774 MiB, 85 %, 1950 MHz, 1950 MHz, 228.47 W, 62, P2, 0x0000000000000000
2026/08/26 22:06:40.479, 0, 20774 MiB, 85 %, 1950 MHz, 1950 MHz, 228.66 W, 62, P2, 0x0000000000000000
2026/08/26 22:06:41.479, 0, 20774 MiB, 83 %, 1950 MHz, 1950 MHz, 226.24 W, 62, P2, 0x0000000000000000
2026/08/26 22:06:42.480, 0, 20774 MiB, 82 %, 1950 MHz, 1950 MHz, 226.18 W, 62, P2, 0x0000000000000000
2026/08/26 22:06:43.480, 0, 20774 MiB, 84 %, 1950 MHz, 1950 MHz, 224.53 W, 62, P2, 0x0000000000000000
2026/08/26 22:06:44.480, 0, 20774 MiB, 85 %, 1950 MHz, 1950 MHz, 226.22 W, 62, P2, 0x0000000000000000
2026/08/26 22:06:45.480, 0, 20774 MiB, 80 %, 1950 MHz, 1950 MHz, 227.27 W, 62, P2, 0x0000000000000000
2026/08/26 22:06:46.480, 0, 20774 MiB, 82 %, 1950 MHz, 1950 MHz, 226.85 W, 62, P2, 0x0000000000000000
2026/08/26 22:06:47.481, 0, 20774 MiB, 67 %, 1950 MHz, 1950 MHz, 210.99 W, 61, P2, 0x0000000000000000
2026/08/26 22:06:48.481, 0, 20774 MiB, 82 %, 1950 MHz, 1950 MHz, 224.18 W, 62, P2, 0x0000000000000000
2026/08/26 22:06:49.481, 0, 20774 MiB, 83 %, 1950 MHz, 1950 MHz, 227.55 W, 62, P2, 0x0000000000000000
2026/08/26 22:06:50.481, 0, 20774 MiB, 85 %, 1950 MHz, 1950 MHz, 224.16 W, 62, P2, 0x0000000000000000
2026/08/26 22:06:51.481, 0, 20774 MiB, 83 %, 1950 MHz, 1950 MHz, 228.08 W, 62, P2, 0x0000000000000000
2026/08/26 22:06:52.482, 0, 20774 MiB, 84 %, 1950 MHz, 1950 MHz, 225.01 W, 62, P2, 0x0000000000000000
2026/08/26 22:06:53.482, 0, 20774 MiB, 84 %, 1950 MHz, 1950 MHz, 226.96 W, 62, P2, 0x0000000000000000
2026/08/26 22:06:54.482, 0, 20774 MiB, 85 %, 1950 MHz, 1950 MHz, 227.42 W, 62, P2, 0x0000000000000000
2026/08/26 22:06:55.482, 0, 20774 MiB, 85 %, 1950 MHz, 1950 MHz, 226.44 W, 63, P2, 0x0000000000000000
2026/08/26 22:06:56.482, 0, 20778 MiB, 83 %, 1815 MHz, 1815 MHz, 218.20 W, 62, P2, 0x0000000000000004
2026/08/26 22:06:57.484, 0, 20780 MiB, 70 %, 1950 MHz, 1950 MHz, 204.27 W, 62, P2, 0x0000000000000000
2026/08/26 22:06:58.485, 0, 20780 MiB, 82 %, 1950 MHz, 1950 MHz, 229.81 W, 63, P2, 0x0000000000000000
2026/08/26 22:06:59.485, 0, 20780 MiB, 79 %, 1950 MHz, 1950 MHz, 232.16 W, 62, P2, 0x0000000000000000
2026/08/26 22:07:00.485, 0, 20780 MiB, 81 %, 1950 MHz, 1950 MHz, 228.25 W, 62, P2, 0x0000000000000000
2026/08/26 22:07:01.485, 0, 20780 MiB, 84 %, 1950 MHz, 1950 MHz, 226.57 W, 62, P2, 0x0000000000000000
2026/08/26 22:07:02.485, 0, 20780 MiB, 83 %, 1950 MHz, 1950 MHz, 228.07 W, 63, P2, 0x0000000000000000
2026/08/26 22:07:03.485, 0, 20780 MiB, 81 %, 1950 MHz, 1950 MHz, 226.52 W, 63, P2, 0x0000000000000000
2026/08/26 22:07:04.485, 0, 20780 MiB, 81 %, 1950 MHz, 1950 MHz, 216.36 W, 62, P2, 0x0000000000000004
2026/08/26 22:07:05.486, 0, 20780 MiB, 82 %, 1950 MHz, 1950 MHz, 227.11 W, 63, P2, 0x0000000000000000
2026/08/26 22:07:06.486, 0, 20780 MiB, 81 %, 1950 MHz, 1950 MHz, 230.42 W, 63, P2, 0x0000000000000000
2026/08/26 22:07:07.486, 0, 20780 MiB, 79 %, 1950 MHz, 1950 MHz, 229.00 W, 63, P2, 0x0000000000000000
2026/08/26 22:07:08.486, 0, 20780 MiB, 79 %, 1950 MHz, 1950 MHz, 227.32 W, 62, P2, 0x0000000000000000
2026/08/26 22:07:09.486, 0, 20780 MiB, 85 %, 1950 MHz, 1950 MHz, 225.03 W, 63, P2, 0x0000000000000000
2026/08/26 22:07:10.486, 0, 20780 MiB, 85 %, 1950 MHz, 1950 MHz, 224.01 W, 63, P2, 0x0000000000000000
2026/08/26 22:07:11.487, 0, 20780 MiB, 85 %, 1950 MHz, 1950 MHz, 225.92 W, 63, P2, 0x0000000000000000
2026/08/26 22:07:12.487, 0, 20780 MiB, 83 %, 1950 MHz, 1950 MHz, 226.65 W, 63, P2, 0x0000000000000000
2026/08/26 22:07:13.487, 0, 20780 MiB, 83 %, 1950 MHz, 1950 MHz, 227.69 W, 62, P2, 0x0000000000000000
2026/08/26 22:07:14.487, 0, 20780 MiB, 84 %, 1950 MHz, 1950 MHz, 221.03 W, 62, P2, 0x0000000000000000
2026/08/26 22:07:15.487, 0, 20780 MiB, 82 %, 1950 MHz, 1950 MHz, 223.70 W, 63, P2, 0x0000000000000000
2026/08/26 22:07:16.487, 0, 20780 MiB, 84 %, 1950 MHz, 1950 MHz, 226.70 W, 63, P2, 0x0000000000000000
2026/08/26 22:07:17.487, 0, 20780 MiB, 83 %, 1950 MHz, 1950 MHz, 227.96 W, 63, P2, 0x0000000000000000
2026/08/26 22:07:18.488, 0, 20780 MiB, 85 %, 1950 MHz, 1950 MHz, 228.82 W, 63, P2, 0x0000000000000000
2026/08/26 22:07:19.488, 0, 20780 MiB, 79 %, 1950 MHz, 1950 MHz, 226.90 W, 63, P2, 0x0000000000000000
2026/08/26 22:07:20.488, 0, 20780 MiB, 84 %, 1950 MHz, 1950 MHz, 228.33 W, 63, P2, 0x0000000000000000
2026/08/26 22:07:21.488, 0, 20780 MiB, 80 %, 1950 MHz, 1950 MHz, 229.31 W, 63, P2, 0x0000000000000000
2026/08/26 22:07:22.488, 0, 20780 MiB, 59 %, 1950 MHz, 1950 MHz, 217.96 W, 63, P2, 0x0000000000000000
2026/08/26 22:07:23.488, 0, 20780 MiB, 83 %, 1950 MHz, 1950 MHz, 229.00 W, 63, P2, 0x0000000000000000
2026/08/26 22:07:24.489, 0, 20780 MiB, 82 %, 1950 MHz, 1950 MHz, 228.30 W, 63, P2, 0x0000000000000000
2026/08/26 22:07:25.489, 0, 20780 MiB, 82 %, 1950 MHz, 1950 MHz, 228.26 W, 64, P2, 0x0000000000000000
2026/08/26 22:07:26.489, 0, 20780 MiB, 81 %, 1950 MHz, 1950 MHz, 225.40 W, 63, P2, 0x0000000000000000
2026/08/26 22:07:27.489, 0, 20780 MiB, 84 %, 1950 MHz, 1950 MHz, 229.25 W, 63, P2, 0x0000000000000000
2026/08/26 22:07:28.489, 0, 20780 MiB, 84 %, 1950 MHz, 1950 MHz, 227.43 W, 63, P2, 0x0000000000000000
2026/08/26 22:07:29.490, 0, 20780 MiB, 80 %, 1950 MHz, 1950 MHz, 225.11 W, 63, P2, 0x0000000000000000
2026/08/26 22:07:30.490, 0, 20780 MiB, 79 %, 1950 MHz, 1950 MHz, 225.47 W, 63, P2, 0x0000000000000000
2026/08/26 22:07:31.490, 0, 20780 MiB, 84 %, 1950 MHz, 1950 MHz, 225.36 W, 63, P2, 0x0000000000000000
2026/08/26 22:07:32.490, 0, 20780 MiB, 80 %, 1950 MHz, 1950 MHz, 225.92 W, 63, P2, 0x0000000000000000
2026/08/26 22:07:33.491, 0, 20780 MiB, 85 %, 1950 MHz, 1950 MHz, 225.27 W, 63, P2, 0x0000000000000000
2026/08/26 22:07:34.491, 0, 20780 MiB, 87 %, 1950 MHz, 1950 MHz, 215.13 W, 63, P2, 0x0000000000000000
2026/08/26 22:07:35.491, 0, 20780 MiB, 84 %, 1950 MHz, 1950 MHz, 227.60 W, 64, P2, 0x0000000000000000
2026/08/26 22:07:36.491, 0, 20780 MiB, 84 %, 1950 MHz, 1950 MHz, 228.91 W, 63, P2, 0x0000000000000000
2026/08/26 22:07:37.491, 0, 20780 MiB, 84 %, 1950 MHz, 1950 MHz, 226.38 W, 64, P2, 0x0000000000000000
2026/08/26 22:07:38.491, 0, 20780 MiB, 83 %, 1950 MHz, 1950 MHz, 226.51 W, 63, P2, 0x0000000000000000
2026/08/26 22:07:39.492, 0, 20780 MiB, 82 %, 1950 MHz, 1950 MHz, 226.58 W, 63, P2, 0x0000000000000000
2026/08/26 22:07:40.492, 0, 20780 MiB, 84 %, 1950 MHz, 1950 MHz, 229.25 W, 63, P2, 0x0000000000000000
2026/08/26 22:07:41.492, 0, 20780 MiB, 83 %, 1950 MHz, 1950 MHz, 229.45 W, 64, P2, 0x0000000000000000
2026/08/26 22:07:42.492, 0, 20780 MiB, 83 %, 1950 MHz, 1950 MHz, 225.67 W, 64, P2, 0x0000000000000000
2026/08/26 22:07:43.492, 0, 20780 MiB, 84 %, 1950 MHz, 1950 MHz, 229.09 W, 64, P2, 0x0000000000000000
2026/08/26 22:07:44.492, 0, 20780 MiB, 83 %, 1950 MHz, 1950 MHz, 226.19 W, 63, P2, 0x0000000000000000
2026/08/26 22:07:45.493, 0, 20780 MiB, 83 %, 1950 MHz, 1950 MHz, 225.76 W, 64, P2, 0x0000000000000000
2026/08/26 22:07:46.493, 0, 20780 MiB, 65 %, 1950 MHz, 1950 MHz, 217.71 W, 64, P2, 0x0000000000000000
2026/08/26 22:07:47.493, 0, 20780 MiB, 83 %, 1950 MHz, 1950 MHz, 232.66 W, 64, P2, 0x0000000000000000
2026/08/26 22:07:48.493, 0, 20780 MiB, 83 %, 1950 MHz, 1950 MHz, 231.35 W, 64, P2, 0x0000000000000000
2026/08/26 22:07:49.493, 0, 20780 MiB, 82 %, 1950 MHz, 1950 MHz, 233.40 W, 64, P2, 0x0000000000000000
2026/08/26 22:07:50.494, 0, 20780 MiB, 82 %, 1950 MHz, 1950 MHz, 226.66 W, 64, P2, 0x0000000000000000
2026/08/26 22:07:51.494, 0, 20780 MiB, 82 %, 1950 MHz, 1950 MHz, 228.65 W, 64, P2, 0x0000000000000000
2026/08/26 22:07:52.494, 0, 20780 MiB, 83 %, 1950 MHz, 1950 MHz, 230.79 W, 64, P2, 0x0000000000000000
2026/08/26 22:07:53.494, 0, 20780 MiB, 84 %, 1950 MHz, 1950 MHz, 228.84 W, 64, P2, 0x0000000000000000
2026/08/26 22:07:54.495, 0, 20780 MiB, 84 %, 1950 MHz, 1950 MHz, 233.11 W, 64, P2, 0x0000000000000000
2026/08/26 22:07:55.495, 0, 82 MiB, 5 %, 1950 MHz, 1950 MHz, 199.47 W, 62, P2, 0x0000000000000000
2026/08/26 22:07:56.495, 0, 346 MiB, 0 %, 1950 MHz, 1950 MHz, 175.20 W, 62, P2, 0x0000000000000000
2026/08/26 22:07:57.495, 0, 346 MiB, 0 %, 1950 MHz, 1950 MHz, 167.51 W, 61, P2, 0x0000000000000000
2026/08/26 22:07:58.495, 0, 346 MiB, 6 %, 1950 MHz, 1950 MHz, 166.42 W, 61, P2, 0x0000000000000000
2026/08/26 22:07:59.495, 0, 346 MiB, 0 %, 1695 MHz, 1695 MHz, 136.67 W, 59, P2, 0x0000000000000000
2026/08/26 22:08:00.496, 0, 19044 MiB, 100 %, 1950 MHz, 1950 MHz, 133.25 W, 60, P2, 0x0000000000000000
2026/08/26 22:08:01.496, 0, 19044 MiB, 100 %, 1950 MHz, 1950 MHz, 163.22 W, 60, P2, 0x0000000000000000
2026/08/26 22:08:02.496, 0, 19044 MiB, 100 %, 1950 MHz, 1950 MHz, 164.34 W, 60, P2, 0x0000000000000000
2026/08/26 22:08:03.496, 0, 19044 MiB, 100 %, 1950 MHz, 1950 MHz, 161.74 W, 60, P2, 0x0000000000000000
2026/08/26 22:08:04.496, 0, 19044 MiB, 100 %, 1950 MHz, 1950 MHz, 161.57 W, 60, P2, 0x0000000000000000
2026/08/26 22:08:05.496, 0, 19044 MiB, 100 %, 1950 MHz, 1950 MHz, 161.54 W, 60, P2, 0x0000000000000000
2026/08/26 22:08:06.496, 0, 19044 MiB, 100 %, 1950 MHz, 1950 MHz, 161.14 W, 60, P2, 0x0000000000000000
2026/08/26 22:08:07.496, 0, 19044 MiB, 99 %, 1950 MHz, 1950 MHz, 160.96 W, 60, P2, 0x0000000000000000
2026/08/26 22:08:08.497, 0, 19044 MiB, 99 %, 1950 MHz, 1950 MHz, 161.40 W, 60, P2, 0x0000000000000000
2026/08/26 22:08:09.497, 0, 21094 MiB, 35 %, 1950 MHz, 1950 MHz, 162.86 W, 60, P2, 0x0000000000000000
2026/08/26 22:08:10.497, 0, 22270 MiB, 0 %, 1950 MHz, 1950 MHz, 164.24 W, 60, P2, 0x0000000000000000
2026/08/26 22:08:11.497, 0, 22270 MiB, 73 %, 1950 MHz, 1950 MHz, 258.86 W, 65, P2, 0x0000000000000000
2026/08/26 22:08:12.497, 0, 22270 MiB, 71 %, 1950 MHz, 1950 MHz, 319.96 W, 66, P2, 0x0000000000000000
2026/08/26 22:08:13.497, 0, 22270 MiB, 74 %, 1950 MHz, 1950 MHz, 295.01 W, 66, P2, 0x0000000000000000
2026/08/26 22:08:14.497, 0, 22270 MiB, 77 %, 1950 MHz, 1950 MHz, 329.19 W, 67, P2, 0x0000000000000000
2026/08/26 22:08:15.498, 0, 22270 MiB, 61 %, 1950 MHz, 1950 MHz, 300.06 W, 63, P2, 0x0000000000000000
2026/08/26 22:08:16.498, 0, 22270 MiB, 77 %, 1950 MHz, 1950 MHz, 314.10 W, 68, P2, 0x0000000000000000
2026/08/26 22:08:17.498, 0, 22286 MiB, 77 %, 1950 MHz, 1950 MHz, 330.72 W, 68, P2, 0x0000000000000000
2026/08/26 22:08:18.498, 0, 22286 MiB, 76 %, 1950 MHz, 1950 MHz, 290.14 W, 68, P2, 0x0000000000000000
2026/08/26 22:08:19.498, 0, 22286 MiB, 77 %, 1935 MHz, 1935 MHz, 321.87 W, 68, P2, 0x0000000000000004
2026/08/26 22:08:20.499, 0, 22286 MiB, 81 %, 1950 MHz, 1950 MHz, 275.76 W, 66, P2, 0x0000000000000000
2026/08/26 22:08:21.499, 0, 22286 MiB, 77 %, 1950 MHz, 1950 MHz, 313.09 W, 68, P2, 0x0000000000000000
2026/08/26 22:08:22.499, 0, 22292 MiB, 28 %, 1950 MHz, 1950 MHz, 314.64 W, 65, P2, 0x0000000000000000
2026/08/26 22:08:23.499, 0, 22292 MiB, 73 %, 1950 MHz, 1950 MHz, 217.99 W, 68, P2, 0x0000000000000000
2026/08/26 22:08:24.500, 0, 22292 MiB, 70 %, 1950 MHz, 1950 MHz, 327.55 W, 69, P2, 0x0000000000000000
2026/08/26 22:08:25.500, 0, 22292 MiB, 76 %, 1890 MHz, 1890 MHz, 295.55 W, 66, P2, 0x0000000000000004
2026/08/26 22:08:26.500, 0, 22292 MiB, 78 %, 1950 MHz, 1950 MHz, 311.15 W, 69, P2, 0x0000000000000000
2026/08/26 22:08:27.500, 0, 22292 MiB, 78 %, 1935 MHz, 1935 MHz, 321.94 W, 69, P2, 0x0000000000000000
2026/08/26 22:08:28.500, 0, 22292 MiB, 76 %, 1935 MHz, 1935 MHz, 299.77 W, 69, P2, 0x0000000000000000
2026/08/26 22:08:29.501, 0, 22292 MiB, 77 %, 1935 MHz, 1935 MHz, 326.67 W, 70, P2, 0x0000000000000000
2026/08/26 22:08:30.501, 0, 22292 MiB, 76 %, 1935 MHz, 1935 MHz, 291.28 W, 70, P2, 0x0000000000000000
2026/08/26 22:08:31.501, 0, 22292 MiB, 77 %, 1920 MHz, 1920 MHz, 326.66 W, 70, P2, 0x0000000000000000
2026/08/26 22:08:32.501, 0, 22292 MiB, 76 %, 1935 MHz, 1935 MHz, 298.15 W, 70, P2, 0x0000000000000000
2026/08/26 22:08:33.501, 0, 22292 MiB, 78 %, 1935 MHz, 1935 MHz, 332.87 W, 71, P2, 0x0000000000000000
2026/08/26 22:08:34.501, 0, 22292 MiB, 70 %, 1920 MHz, 1920 MHz, 325.04 W, 70, P2, 0x0000000000000004
2026/08/26 22:08:35.502, 0, 22292 MiB, 79 %, 1935 MHz, 1935 MHz, 294.68 W, 71, P2, 0x0000000000000004
2026/08/26 22:08:36.502, 0, 22292 MiB, 77 %, 1920 MHz, 1920 MHz, 322.08 W, 71, P2, 0x0000000000000004
2026/08/26 22:08:37.502, 0, 112 MiB, 100 %, 1935 MHz, 1935 MHz, 257.30 W, 66, P2, 0x0000000000000000
2026/08/26 22:08:38.502, 0, 346 MiB, 0 %, 1935 MHz, 1935 MHz, 177.14 W, 65, P2, 0x0000000000000000
2026/08/26 22:08:39.503, 0, 346 MiB, 0 %, 1950 MHz, 1950 MHz, 169.96 W, 64, P2, 0x0000000000000000
2026/08/26 22:08:40.503, 0, 346 MiB, 32 %, 1695 MHz, 1695 MHz, 157.84 W, 62, P2, 0x0000000000000000
2026/08/26 22:08:41.503, 0, 18082 MiB, 60 %, 1695 MHz, 1695 MHz, 133.95 W, 61, P2, 0x0000000000000000
2026/08/26 22:08:42.503, 0, 18082 MiB, 99 %, 1950 MHz, 1950 MHz, 155.01 W, 63, P2, 0x0000000000000000
2026/08/26 22:08:43.503, 0, 18082 MiB, 100 %, 1950 MHz, 1950 MHz, 170.43 W, 62, P2, 0x0000000000000000
2026/08/26 22:08:44.503, 0, 18082 MiB, 100 %, 1950 MHz, 1950 MHz, 170.15 W, 62, P2, 0x0000000000000000
2026/08/26 22:08:45.504, 0, 18082 MiB, 100 %, 1950 MHz, 1950 MHz, 170.07 W, 62, P2, 0x0000000000000000
2026/08/26 22:08:46.504, 0, 18082 MiB, 99 %, 1950 MHz, 1950 MHz, 169.87 W, 62, P2, 0x0000000000000000
2026/08/26 22:08:47.504, 0, 18082 MiB, 100 %, 1950 MHz, 1950 MHz, 169.83 W, 62, P2, 0x0000000000000000
2026/08/26 22:08:48.504, 0, 18082 MiB, 100 %, 1950 MHz, 1950 MHz, 169.34 W, 62, P2, 0x0000000000000000
2026/08/26 22:08:49.504, 0, 18082 MiB, 100 %, 1950 MHz, 1950 MHz, 169.07 W, 62, P2, 0x0000000000000000
2026/08/26 22:08:50.504, 0, 18082 MiB, 99 %, 1950 MHz, 1950 MHz, 168.80 W, 61, P2, 0x0000000000000000
2026/08/26 22:08:51.504, 0, 18082 MiB, 99 %, 1950 MHz, 1950 MHz, 168.71 W, 61, P2, 0x0000000000000000
2026/08/26 22:08:52.505, 0, 20636 MiB, 13 %, 1950 MHz, 1950 MHz, 170.50 W, 61, P2, 0x0000000000000000
2026/08/26 22:08:53.505, 0, 21778 MiB, 0 %, 1950 MHz, 1950 MHz, 171.27 W, 61, P2, 0x0000000000000000
2026/08/26 22:08:54.505, 0, 21812 MiB, 68 %, 1950 MHz, 1950 MHz, 247.78 W, 65, P2, 0x0000000000000000
2026/08/26 22:08:55.505, 0, 21812 MiB, 70 %, 1950 MHz, 1950 MHz, 312.59 W, 67, P2, 0x0000000000000000
2026/08/26 22:08:56.505, 0, 21812 MiB, 67 %, 1950 MHz, 1950 MHz, 284.95 W, 67, P2, 0x0000000000000000
2026/08/26 22:08:57.505, 0, 21812 MiB, 73 %, 1950 MHz, 1950 MHz, 314.58 W, 67, P2, 0x0000000000000000
2026/08/26 22:08:58.505, 0, 21812 MiB, 39 %, 1950 MHz, 1950 MHz, 307.47 W, 64, P2, 0x0000000000000000
2026/08/26 22:08:59.505, 0, 21812 MiB, 64 %, 1950 MHz, 1950 MHz, 283.59 W, 68, P2, 0x0000000000000000
2026/08/26 22:09:00.506, 0, 21812 MiB, 67 %, 1950 MHz, 1950 MHz, 317.51 W, 68, P2, 0x0000000000000000
2026/08/26 22:09:01.506, 0, 21828 MiB, 68 %, 1950 MHz, 1950 MHz, 278.05 W, 67, P2, 0x0000000000000000
2026/08/26 22:09:02.506, 0, 21828 MiB, 72 %, 1950 MHz, 1950 MHz, 321.02 W, 69, P2, 0x0000000000000000
2026/08/26 22:09:03.506, 0, 21828 MiB, 67 %, 1950 MHz, 1950 MHz, 315.57 W, 68, P2, 0x0000000000000000
2026/08/26 22:09:04.506, 0, 21828 MiB, 66 %, 1950 MHz, 1950 MHz, 277.25 W, 68, P2, 0x0000000000000000
2026/08/26 22:09:05.507, 0, 21828 MiB, 67 %, 1950 MHz, 1950 MHz, 312.70 W, 68, P2, 0x0000000000000000
2026/08/26 22:09:06.507, 0, 21834 MiB, 100 %, 1950 MHz, 1950 MHz, 237.22 W, 64, P2, 0x0000000000000000
2026/08/26 22:09:07.507, 0, 21834 MiB, 71 %, 1950 MHz, 1950 MHz, 256.26 W, 67, P2, 0x0000000000000000
2026/08/26 22:09:08.507, 0, 21834 MiB, 70 %, 1950 MHz, 1950 MHz, 310.74 W, 68, P2, 0x0000000000000000
2026/08/26 22:09:09.507, 0, 21834 MiB, 67 %, 1950 MHz, 1950 MHz, 286.67 W, 69, P2, 0x0000000000000000
2026/08/26 22:09:10.507, 0, 21834 MiB, 67 %, 1950 MHz, 1950 MHz, 318.29 W, 69, P2, 0x0000000000000000
2026/08/26 22:09:11.507, 0, 21834 MiB, 62 %, 1860 MHz, 1860 MHz, 282.38 W, 66, P2, 0x0000000000000004
2026/08/26 22:09:12.508, 0, 21834 MiB, 69 %, 1935 MHz, 1935 MHz, 301.39 W, 69, P2, 0x0000000000000000
2026/08/26 22:09:13.508, 0, 21834 MiB, 62 %, 1875 MHz, 1875 MHz, 281.96 W, 66, P2, 0x0000000000000004
2026/08/26 22:09:14.508, 0, 21834 MiB, 72 %, 1935 MHz, 1935 MHz, 303.54 W, 69, P2, 0x0000000000000000
2026/08/26 22:09:15.508, 0, 21834 MiB, 69 %, 1935 MHz, 1935 MHz, 314.58 W, 70, P2, 0x0000000000000000
2026/08/26 22:09:16.508, 0, 21834 MiB, 65 %, 1935 MHz, 1935 MHz, 285.65 W, 69, P2, 0x0000000000000000
2026/08/26 22:09:17.508, 0, 21834 MiB, 74 %, 1935 MHz, 1935 MHz, 315.58 W, 70, P2, 0x0000000000000000
2026/08/26 22:09:18.509, 0, 21834 MiB, 73 %, 1935 MHz, 1935 MHz, 319.60 W, 70, P2, 0x0000000000000000
2026/08/26 22:09:19.509, 0, 21834 MiB, 70 %, 1935 MHz, 1935 MHz, 284.48 W, 70, P2, 0x0000000000000000
2026/08/26 22:09:20.509, 0, 21834 MiB, 76 %, 1935 MHz, 1935 MHz, 319.61 W, 70, P2, 0x0000000000000000
2026/08/26 22:09:21.509, 0, 82 MiB, 100 %, 1935 MHz, 1935 MHz, 270.83 W, 66, P2, 0x0000000000000000
2026/08/26 22:09:22.509, 0, 346 MiB, 0 %, 1935 MHz, 1935 MHz, 180.02 W, 65, P2, 0x0000000000000000
2026/08/26 22:09:23.509, 0, 346 MiB, 0 %, 1950 MHz, 1950 MHz, 170.44 W, 64, P2, 0x0000000000000000
2026/08/26 22:09:24.510, 0, 346 MiB, 23 %, 1695 MHz, 1695 MHz, 166.29 W, 62, P2, 0x0000000000000000
2026/08/26 22:09:25.510, 0, 17618 MiB, 0 %, 1695 MHz, 1695 MHz, 133.72 W, 61, P2, 0x0000000000000000
2026/08/26 22:09:26.510, 0, 17618 MiB, 100 %, 1950 MHz, 1950 MHz, 143.71 W, 62, P2, 0x0000000000000000
2026/08/26 22:09:27.510, 0, 17618 MiB, 100 %, 1950 MHz, 1950 MHz, 170.65 W, 62, P2, 0x0000000000000000
2026/08/26 22:09:28.510, 0, 17618 MiB, 100 %, 1950 MHz, 1950 MHz, 170.24 W, 62, P2, 0x0000000000000000
2026/08/26 22:09:29.510, 0, 17618 MiB, 99 %, 1950 MHz, 1950 MHz, 170.34 W, 62, P2, 0x0000000000000000
2026/08/26 22:09:30.511, 0, 17618 MiB, 100 %, 1950 MHz, 1950 MHz, 169.96 W, 62, P2, 0x0000000000000000
2026/08/26 22:09:31.511, 0, 17618 MiB, 100 %, 1950 MHz, 1950 MHz, 169.70 W, 62, P2, 0x0000000000000000
2026/08/26 22:09:32.511, 0, 17618 MiB, 100 %, 1950 MHz, 1950 MHz, 169.62 W, 62, P2, 0x0000000000000000
2026/08/26 22:09:33.511, 0, 17618 MiB, 99 %, 1950 MHz, 1950 MHz, 169.10 W, 61, P2, 0x0000000000000000
2026/08/26 22:09:34.511, 0, 17618 MiB, 100 %, 1950 MHz, 1950 MHz, 168.98 W, 61, P2, 0x0000000000000000
2026/08/26 22:09:35.511, 0, 17618 MiB, 100 %, 1950 MHz, 1950 MHz, 168.89 W, 61, P2, 0x0000000000000000
2026/08/26 22:09:36.512, 0, 20136 MiB, 0 %, 1950 MHz, 1950 MHz, 170.46 W, 61, P2, 0x0000000000000000
2026/08/26 22:09:37.512, 0, 20248 MiB, 65 %, 1950 MHz, 1950 MHz, 169.64 W, 61, P2, 0x0000000000000000
2026/08/26 22:09:38.512, 0, 20276 MiB, 66 %, 1950 MHz, 1950 MHz, 235.85 W, 65, P2, 0x0000000000000000
2026/08/26 22:09:39.520, 0, 20276 MiB, 66 %, 1950 MHz, 1950 MHz, 310.62 W, 67, P2, 0x0000000000000000
2026/08/26 22:09:40.520, 0, 20276 MiB, 65 %, 1950 MHz, 1950 MHz, 285.36 W, 66, P2, 0x0000000000000000
2026/08/26 22:09:41.520, 0, 20276 MiB, 67 %, 1950 MHz, 1950 MHz, 311.39 W, 67, P2, 0x0000000000000000
2026/08/26 22:09:42.521, 0, 20276 MiB, 41 %, 1950 MHz, 1950 MHz, 301.19 W, 64, P2, 0x0000000000000000
2026/08/26 22:09:43.521, 0, 20276 MiB, 65 %, 1950 MHz, 1950 MHz, 282.29 W, 67, P2, 0x0000000000000000
2026/08/26 22:09:44.521, 0, 20276 MiB, 69 %, 1950 MHz, 1950 MHz, 313.02 W, 68, P2, 0x0000000000000000
2026/08/26 22:09:45.521, 0, 20276 MiB, 66 %, 1950 MHz, 1950 MHz, 277.25 W, 68, P2, 0x0000000000000000
2026/08/26 22:09:46.521, 0, 20276 MiB, 66 %, 1950 MHz, 1950 MHz, 311.52 W, 68, P2, 0x0000000000000000
2026/08/26 22:09:47.521, 0, 20276 MiB, 72 %, 1950 MHz, 1950 MHz, 313.02 W, 68, P2, 0x0000000000000000
2026/08/26 22:09:48.521, 0, 20276 MiB, 64 %, 1950 MHz, 1950 MHz, 282.76 W, 68, P2, 0x0000000000000000
2026/08/26 22:09:49.522, 0, 20276 MiB, 70 %, 1950 MHz, 1950 MHz, 313.69 W, 68, P2, 0x0000000000000000
2026/08/26 22:09:50.522, 0, 20284 MiB, 100 %, 1935 MHz, 1935 MHz, 246.23 W, 64, P2, 0x0000000000000000
2026/08/26 22:09:51.522, 0, 20288 MiB, 67 %, 1950 MHz, 1950 MHz, 246.03 W, 68, P2, 0x0000000000000000
2026/08/26 22:09:52.522, 0, 20288 MiB, 69 %, 1950 MHz, 1950 MHz, 309.47 W, 68, P2, 0x0000000000000000
2026/08/26 22:09:53.522, 0, 20288 MiB, 70 %, 1950 MHz, 1950 MHz, 279.02 W, 68, P2, 0x0000000000000000
2026/08/26 22:09:54.523, 0, 20288 MiB, 72 %, 1950 MHz, 1950 MHz, 315.23 W, 69, P2, 0x0000000000000000
2026/08/26 22:09:55.523, 0, 20288 MiB, 63 %, 1950 MHz, 1950 MHz, 299.63 W, 67, P2, 0x0000000000000000
2026/08/26 22:09:56.523, 0, 20288 MiB, 68 %, 1950 MHz, 1950 MHz, 295.43 W, 69, P2, 0x0000000000000000
2026/08/26 22:09:57.523, 0, 20288 MiB, 68 %, 1950 MHz, 1950 MHz, 314.11 W, 69, P2, 0x0000000000000000
2026/08/26 22:09:58.523, 0, 20288 MiB, 67 %, 1935 MHz, 1935 MHz, 278.79 W, 69, P2, 0x0000000000000000
2026/08/26 22:09:59.523, 0, 20288 MiB, 69 %, 1935 MHz, 1935 MHz, 311.70 W, 70, P2, 0x0000000000000000
2026/08/26 22:10:00.524, 0, 20288 MiB, 68 %, 1935 MHz, 1935 MHz, 285.42 W, 69, P2, 0x0000000000000000
2026/08/26 22:10:01.524, 0, 20288 MiB, 69 %, 1935 MHz, 1935 MHz, 317.82 W, 70, P2, 0x0000000000000000
2026/08/26 22:10:02.524, 0, 20288 MiB, 25 %, 1935 MHz, 1935 MHz, 305.40 W, 67, P2, 0x0000000000000000
2026/08/26 22:10:03.524, 0, 20288 MiB, 66 %, 1935 MHz, 1935 MHz, 282.50 W, 70, P2, 0x0000000000000000
2026/08/26 22:10:04.524, 0, 20288 MiB, 67 %, 1935 MHz, 1935 MHz, 315.04 W, 70, P2, 0x0000000000000000
2026/08/26 22:10:05.525, 0, 346 MiB, 0 %, 1935 MHz, 1935 MHz, 210.13 W, 65, P0, 0x0000000000000000
2026/08/26 22:10:06.679, 0, 346 MiB, 0 %, 1935 MHz, 1935 MHz, 172.75 W, 64, P2, 0x0000000000000000
2026/08/26 22:10:07.679, 0, 346 MiB, 6 %, 1950 MHz, 1950 MHz, 171.41 W, 64, P2, 0x0000000000000000
2026/08/26 22:10:08.679, 0, 20144 MiB, 0 %, 1695 MHz, 1695 MHz, 147.94 W, 61, P2, 0x0000000000000000
2026/08/26 22:10:09.679, 0, 20144 MiB, 100 %, 1950 MHz, 1950 MHz, 146.54 W, 62, P2, 0x0000000000000000
2026/08/26 22:10:10.679, 0, 20144 MiB, 100 %, 1950 MHz, 1950 MHz, 170.93 W, 62, P2, 0x0000000000000000
2026/08/26 22:10:11.680, 0, 20144 MiB, 100 %, 1950 MHz, 1950 MHz, 170.52 W, 62, P2, 0x0000000000000000
2026/08/26 22:10:12.680, 0, 20144 MiB, 100 %, 1950 MHz, 1950 MHz, 170.29 W, 62, P2, 0x0000000000000000
2026/08/26 22:10:13.680, 0, 20144 MiB, 99 %, 1950 MHz, 1950 MHz, 169.89 W, 62, P2, 0x0000000000000000
2026/08/26 22:10:14.680, 0, 20144 MiB, 100 %, 1950 MHz, 1950 MHz, 169.51 W, 62, P2, 0x0000000000000000
2026/08/26 22:10:15.680, 0, 20144 MiB, 100 %, 1950 MHz, 1950 MHz, 169.76 W, 62, P2, 0x0000000000000000
2026/08/26 22:10:16.681, 0, 20144 MiB, 100 %, 1950 MHz, 1950 MHz, 169.31 W, 62, P2, 0x0000000000000000
2026/08/26 22:10:17.681, 0, 20144 MiB, 99 %, 1950 MHz, 1950 MHz, 169.40 W, 61, P2, 0x0000000000000000
2026/08/26 22:10:18.681, 0, 20144 MiB, 100 %, 1950 MHz, 1950 MHz, 169.05 W, 61, P2, 0x0000000000000000
2026/08/26 22:10:19.681, 0, 20144 MiB, 100 %, 1950 MHz, 1950 MHz, 168.84 W, 61, P2, 0x0000000000000000
2026/08/26 22:10:20.681, 0, 20144 MiB, 100 %, 1950 MHz, 1950 MHz, 168.87 W, 61, P2, 0x0000000000000000
2026/08/26 22:10:21.682, 0, 20816 MiB, 55 %, 1950 MHz, 1950 MHz, 182.19 W, 63, P2, 0x0000000000000000
2026/08/26 22:10:22.682, 0, 20816 MiB, 78 %, 1935 MHz, 1935 MHz, 260.96 W, 65, P2, 0x0000000000000004
2026/08/26 22:10:23.682, 0, 20816 MiB, 79 %, 1950 MHz, 1950 MHz, 277.34 W, 65, P2, 0x0000000000000000
2026/08/26 22:10:24.682, 0, 20816 MiB, 75 %, 1950 MHz, 1950 MHz, 288.85 W, 66, P2, 0x0000000000000000
2026/08/26 22:10:25.683, 0, 20816 MiB, 30 %, 1950 MHz, 1950 MHz, 269.82 W, 64, P2, 0x0000000000000000
2026/08/26 22:10:26.683, 0, 20816 MiB, 75 %, 1950 MHz, 1950 MHz, 300.71 W, 68, P2, 0x0000000000000000
2026/08/26 22:10:27.683, 0, 20816 MiB, 77 %, 1950 MHz, 1950 MHz, 327.94 W, 68, P2, 0x0000000000000000
2026/08/26 22:10:28.683, 0, 20816 MiB, 70 %, 1950 MHz, 1950 MHz, 291.77 W, 65, P2, 0x0000000000000000
2026/08/26 22:10:29.683, 0, 20816 MiB, 77 %, 1950 MHz, 1950 MHz, 316.67 W, 69, P2, 0x0000000000000000
2026/08/26 22:10:30.684, 0, 20816 MiB, 77 %, 1950 MHz, 1950 MHz, 314.97 W, 69, P2, 0x0000000000000000
2026/08/26 22:10:31.684, 0, 20816 MiB, 31 %, 1950 MHz, 1950 MHz, 294.74 W, 65, P2, 0x0000000000000000
2026/08/26 22:10:32.684, 0, 20816 MiB, 75 %, 1950 MHz, 1950 MHz, 275.99 W, 68, P2, 0x0000000000000000
2026/08/26 22:10:33.684, 0, 20816 MiB, 77 %, 1950 MHz, 1950 MHz, 318.59 W, 69, P2, 0x0000000000000000
2026/08/26 22:10:34.684, 0, 20816 MiB, 76 %, 1950 MHz, 1950 MHz, 314.00 W, 70, P2, 0x0000000000000000
2026/08/26 22:10:35.685, 0, 20816 MiB, 78 %, 1935 MHz, 1935 MHz, 281.17 W, 69, P2, 0x0000000000000000
2026/08/26 22:10:36.685, 0, 20816 MiB, 79 %, 1935 MHz, 1935 MHz, 317.59 W, 70, P2, 0x0000000000000000
2026/08/26 22:10:37.685, 0, 20816 MiB, 77 %, 1935 MHz, 1935 MHz, 305.66 W, 70, P2, 0x0000000000000000
2026/08/26 22:10:38.685, 0, 20824 MiB, 76 %, 1920 MHz, 1920 MHz, 262.74 W, 67, P2, 0x0000000000000004
2026/08/26 22:10:39.685, 0, 20824 MiB, 79 %, 1935 MHz, 1935 MHz, 259.27 W, 67, P2, 0x0000000000000000
2026/08/26 22:10:40.686, 0, 20824 MiB, 81 %, 1935 MHz, 1935 MHz, 273.20 W, 67, P2, 0x0000000000000000
2026/08/26 22:10:41.686, 0, 20824 MiB, 81 %, 1935 MHz, 1935 MHz, 271.29 W, 67, P2, 0x0000000000000000
2026/08/26 22:10:42.686, 0, 20824 MiB, 81 %, 1935 MHz, 1935 MHz, 257.17 W, 67, P2, 0x0000000000000000
2026/08/26 22:10:43.686, 0, 20824 MiB, 35 %, 1935 MHz, 1935 MHz, 235.20 W, 65, P2, 0x0000000000000024
2026/08/26 22:10:44.687, 0, 20824 MiB, 78 %, 1950 MHz, 1950 MHz, 267.42 W, 69, P2, 0x0000000000000000
2026/08/26 22:10:45.687, 0, 20824 MiB, 74 %, 1935 MHz, 1935 MHz, 309.55 W, 69, P2, 0x0000000000000000
2026/08/26 22:10:46.687, 0, 20824 MiB, 81 %, 1935 MHz, 1935 MHz, 292.96 W, 68, P2, 0x0000000000000000
2026/08/26 22:10:47.687, 0, 20824 MiB, 75 %, 1935 MHz, 1935 MHz, 265.44 W, 68, P2, 0x0000000000000000
2026/08/26 22:10:48.687, 0, 20824 MiB, 68 %, 1935 MHz, 1935 MHz, 286.78 W, 67, P2, 0x0000000000000000
2026/08/26 22:10:49.687, 0, 20824 MiB, 78 %, 1935 MHz, 1935 MHz, 272.10 W, 69, P2, 0x0000000000000000
2026/08/26 22:10:50.688, 0, 20824 MiB, 77 %, 1935 MHz, 1935 MHz, 258.92 W, 67, P2, 0x0000000000000000
2026/08/26 22:10:51.688, 0, 20824 MiB, 79 %, 1935 MHz, 1935 MHz, 275.33 W, 68, P2, 0x0000000000000000
2026/08/26 22:10:52.688, 0, 20824 MiB, 78 %, 1935 MHz, 1935 MHz, 283.09 W, 70, P2, 0x0000000000000000
2026/08/26 22:10:53.688, 0, 20824 MiB, 77 %, 1935 MHz, 1935 MHz, 332.37 W, 71, P2, 0x0000000000000000
2026/08/26 22:10:54.689, 0, 20824 MiB, 76 %, 1935 MHz, 1935 MHz, 321.39 W, 70, P2, 0x0000000000000000
2026/08/26 22:10:55.689, 0, 20824 MiB, 77 %, 1935 MHz, 1935 MHz, 275.17 W, 70, P2, 0x0000000000000000
2026/08/26 22:10:56.689, 0, 20824 MiB, 76 %, 1935 MHz, 1935 MHz, 328.12 W, 71, P2, 0x0000000000000000
2026/08/26 22:10:57.689, 0, 20824 MiB, 76 %, 1935 MHz, 1935 MHz, 314.71 W, 72, P2, 0x0000000000000000
2026/08/26 22:10:58.689, 0, 20824 MiB, 77 %, 1935 MHz, 1935 MHz, 286.49 W, 71, P2, 0x0000000000000000
2026/08/26 22:10:59.690, 0, 20824 MiB, 77 %, 1920 MHz, 1920 MHz, 305.90 W, 71, P2, 0x0000000000000004
2026/08/26 22:11:00.690, 0, 20824 MiB, 78 %, 1935 MHz, 1935 MHz, 332.80 W, 72, P2, 0x0000000000000000
2026/08/26 22:11:01.690, 0, 346 MiB, 0 %, 1935 MHz, 1935 MHz, 222.13 W, 66, P0, 0x0000000000000000
2026/08/26 22:11:02.761, 0, 346 MiB, 0 %, 1935 MHz, 1935 MHz, 174.77 W, 65, P2, 0x0000000000000000
2026/08/26 22:11:03.761, 0, 346 MiB, 7 %, 1935 MHz, 1935 MHz, 170.98 W, 64, P2, 0x0000000000000000
2026/08/26 22:11:04.761, 0, 20144 MiB, 0 %, 1695 MHz, 1695 MHz, 146.15 W, 62, P2, 0x0000000000000000
2026/08/26 22:11:05.761, 0, 20144 MiB, 100 %, 1950 MHz, 1950 MHz, 143.56 W, 63, P2, 0x0000000000000000
2026/08/26 22:11:06.761, 0, 20144 MiB, 100 %, 1950 MHz, 1950 MHz, 171.95 W, 63, P2, 0x0000000000000000
2026/08/26 22:11:07.762, 0, 20144 MiB, 100 %, 1950 MHz, 1950 MHz, 171.82 W, 63, P2, 0x0000000000000000
2026/08/26 22:11:08.762, 0, 20144 MiB, 100 %, 1950 MHz, 1950 MHz, 171.44 W, 63, P2, 0x0000000000000000
2026/08/26 22:11:09.762, 0, 20144 MiB, 99 %, 1950 MHz, 1950 MHz, 171.52 W, 62, P2, 0x0000000000000000
2026/08/26 22:11:10.762, 0, 20144 MiB, 100 %, 1950 MHz, 1950 MHz, 171.04 W, 62, P2, 0x0000000000000000
2026/08/26 22:11:11.762, 0, 20144 MiB, 100 %, 1950 MHz, 1950 MHz, 170.56 W, 62, P2, 0x0000000000000000
2026/08/26 22:11:12.763, 0, 20144 MiB, 100 %, 1950 MHz, 1950 MHz, 170.76 W, 62, P2, 0x0000000000000000
2026/08/26 22:11:13.763, 0, 20144 MiB, 99 %, 1950 MHz, 1950 MHz, 170.40 W, 62, P2, 0x0000000000000000
2026/08/26 22:11:14.763, 0, 20144 MiB, 100 %, 1950 MHz, 1950 MHz, 170.33 W, 62, P2, 0x0000000000000000
2026/08/26 22:11:15.763, 0, 20144 MiB, 100 %, 1950 MHz, 1950 MHz, 169.90 W, 62, P2, 0x0000000000000000
2026/08/26 22:11:16.763, 0, 20144 MiB, 100 %, 1950 MHz, 1950 MHz, 169.71 W, 61, P2, 0x0000000000000000
2026/08/26 22:11:17.764, 0, 20816 MiB, 58 %, 1950 MHz, 1950 MHz, 183.92 W, 64, P2, 0x0000000000000000
2026/08/26 22:11:18.764, 0, 20816 MiB, 77 %, 1950 MHz, 1950 MHz, 317.85 W, 67, P2, 0x0000000000000000
2026/08/26 22:11:19.764, 0, 20816 MiB, 74 %, 1950 MHz, 1950 MHz, 328.79 W, 68, P2, 0x0000000000000000
2026/08/26 22:11:20.764, 0, 20822 MiB, 76 %, 1950 MHz, 1950 MHz, 285.99 W, 66, P2, 0x0000000000000000
2026/08/26 22:11:21.764, 0, 20822 MiB, 78 %, 1950 MHz, 1950 MHz, 277.40 W, 68, P2, 0x0000000000000000
2026/08/26 22:11:22.765, 0, 20822 MiB, 79 %, 1950 MHz, 1950 MHz, 332.98 W, 69, P2, 0x0000000000000000
2026/08/26 22:11:23.765, 0, 20822 MiB, 79 %, 1950 MHz, 1950 MHz, 304.57 W, 65, P2, 0x0000000000000000
2026/08/26 22:11:24.765, 0, 20822 MiB, 79 %, 1950 MHz, 1950 MHz, 259.26 W, 68, P2, 0x0000000000000000
2026/08/26 22:11:25.765, 0, 20822 MiB, 76 %, 1950 MHz, 1950 MHz, 331.92 W, 69, P2, 0x0000000000000000
2026/08/26 22:11:26.766, 0, 20824 MiB, 69 %, 1935 MHz, 1935 MHz, 331.20 W, 68, P2, 0x0000000000000000
2026/08/26 22:11:27.766, 0, 20824 MiB, 79 %, 1935 MHz, 1935 MHz, 243.67 W, 68, P2, 0x0000000000000000
2026/08/26 22:11:28.766, 0, 20824 MiB, 79 %, 1935 MHz, 1935 MHz, 329.86 W, 69, P2, 0x0000000000000000
2026/08/26 22:11:29.766, 0, 20824 MiB, 79 %, 1935 MHz, 1935 MHz, 332.43 W, 70, P2, 0x0000000000000000
2026/08/26 22:11:30.766, 0, 20824 MiB, 97 %, 1920 MHz, 1920 MHz, 244.41 W, 65, P2, 0x0000000000000004
2026/08/26 22:11:31.767, 0, 20824 MiB, 78 %, 1935 MHz, 1935 MHz, 311.69 W, 70, P2, 0x0000000000000000
2026/08/26 22:11:32.767, 0, 20824 MiB, 79 %, 1935 MHz, 1935 MHz, 334.09 W, 70, P2, 0x0000000000000000
2026/08/26 22:11:33.767, 0, 20824 MiB, 74 %, 1920 MHz, 1920 MHz, 262.56 W, 67, P2, 0x0000000000000004
2026/08/26 22:11:34.767, 0, 20824 MiB, 77 %, 1950 MHz, 1950 MHz, 258.96 W, 69, P2, 0x0000000000000000
2026/08/26 22:11:35.767, 0, 20824 MiB, 75 %, 1935 MHz, 1935 MHz, 328.40 W, 70, P2, 0x0000000000000000
2026/08/26 22:11:36.768, 0, 20824 MiB, 58 %, 1935 MHz, 1935 MHz, 328.52 W, 69, P2, 0x0000000000000000
2026/08/26 22:11:37.768, 0, 20824 MiB, 75 %, 1935 MHz, 1935 MHz, 242.81 W, 69, P2, 0x0000000000000000
2026/08/26 22:11:38.768, 0, 20824 MiB, 78 %, 1935 MHz, 1935 MHz, 330.44 W, 71, P2, 0x0000000000000000
2026/08/26 22:11:39.768, 0, 20824 MiB, 76 %, 1935 MHz, 1935 MHz, 331.15 W, 71, P2, 0x0000000000000000
2026/08/26 22:11:40.769, 0, 20824 MiB, 77 %, 1935 MHz, 1935 MHz, 291.90 W, 70, P2, 0x0000000000000000
2026/08/26 22:11:41.769, 0, 20824 MiB, 77 %, 1935 MHz, 1935 MHz, 332.36 W, 71, P2, 0x0000000000000000
2026/08/26 22:11:42.769, 0, 20824 MiB, 77 %, 1935 MHz, 1935 MHz, 333.15 W, 71, P2, 0x0000000000000000
2026/08/26 22:11:43.769, 0, 20824 MiB, 77 %, 1935 MHz, 1935 MHz, 247.63 W, 69, P2, 0x0000000000000000
2026/08/26 22:11:44.769, 0, 20824 MiB, 77 %, 1935 MHz, 1935 MHz, 333.31 W, 71, P2, 0x0000000000000000
2026/08/26 22:11:45.770, 0, 20824 MiB, 79 %, 1935 MHz, 1935 MHz, 337.22 W, 72, P2, 0x0000000000000000
2026/08/26 22:11:46.770, 0, 20824 MiB, 99 %, 1905 MHz, 1905 MHz, 266.31 W, 67, P2, 0x0000000000000004
2026/08/26 22:11:47.770, 0, 20824 MiB, 77 %, 1935 MHz, 1935 MHz, 299.09 W, 72, P2, 0x0000000000000000
2026/08/26 22:11:48.770, 0, 20824 MiB, 79 %, 1935 MHz, 1935 MHz, 335.22 W, 72, P2, 0x0000000000000000
2026/08/26 22:11:49.771, 0, 20824 MiB, 76 %, 1920 MHz, 1920 MHz, 292.65 W, 70, P2, 0x0000000000000004
2026/08/26 22:11:50.771, 0, 20824 MiB, 76 %, 1935 MHz, 1935 MHz, 282.70 W, 72, P2, 0x0000000000000000
2026/08/26 22:11:51.771, 0, 20824 MiB, 79 %, 1935 MHz, 1935 MHz, 335.38 W, 72, P2, 0x0000000000000000
2026/08/26 22:11:52.771, 0, 82 MiB, 9 %, 1935 MHz, 1935 MHz, 308.82 W, 68, P2, 0x0000000000000000
