timestamp, index, memory.used [MiB], utilization.gpu [%], clocks.current.graphics [MHz], clocks.current.sm [MHz], power.draw [W], temperature.gpu, pstate, clocks_event_reasons.active
2026/08/26 22:12:14.277, 0, 82 MiB, 0 %, 210 MHz, 210 MHz, 29.73 W, 49, P8, 0x0000000000000001
2026/08/26 22:12:15.283, 0, 82 MiB, 0 %, 210 MHz, 210 MHz, 29.60 W, 49, P8, 0x0000000000000001
2026/08/26 22:12:16.284, 0, 82 MiB, 0 %, 210 MHz, 210 MHz, 29.52 W, 49, P8, 0x0000000000000001
2026/08/26 22:12:17.284, 0, 82 MiB, 0 %, 210 MHz, 210 MHz, 29.33 W, 49, P8, 0x0000000000000001
2026/08/26 22:12:18.284, 0, 82 MiB, 0 %, 210 MHz, 210 MHz, 28.94 W, 48, P8, 0x0000000000000001
2026/08/26 22:12:19.284, 0, 82 MiB, 0 %, 210 MHz, 210 MHz, 28.73 W, 48, P8, 0x0000000000000001
2026/08/26 22:12:20.284, 0, 82 MiB, 0 %, 210 MHz, 210 MHz, 28.65 W, 48, P8, 0x0000000000000001
2026/08/26 22:12:21.285, 0, 82 MiB, 0 %, 210 MHz, 210 MHz, 28.64 W, 47, P8, 0x0000000000000001
2026/08/26 22:12:22.285, 0, 82 MiB, 0 %, 210 MHz, 210 MHz, 28.41 W, 47, P8, 0x0000000000000001
2026/08/26 22:12:23.285, 0, 82 MiB, 0 %, 210 MHz, 210 MHz, 28.43 W, 47, P8, 0x0000000000000001
2026/08/26 22:12:24.285, 0, 85 MiB, 0 %, 210 MHz, 210 MHz, 28.54 W, 47, P8, 0x0000000000000001
2026/08/26 22:12:25.396, 0, 346 MiB, 0 %, 1950 MHz, 1950 MHz, 122.26 W, 53, P2, 0x0000000000000000
2026/08/26 22:12:26.396, 0, 346 MiB, 0 %, 1965 MHz, 1965 MHz, 155.98 W, 54, P2, 0x0000000000000024
2026/08/26 22:12:27.396, 0, 346 MiB, 0 %, 1695 MHz, 1695 MHz, 138.41 W, 53, P2, 0x0000000000000000
2026/08/26 22:12:28.396, 0, 20144 MiB, 100 %, 1965 MHz, 1965 MHz, 132.84 W, 54, P2, 0x0000000000000000
2026/08/26 22:12:29.397, 0, 20144 MiB, 100 %, 1965 MHz, 1965 MHz, 156.57 W, 54, P2, 0x0000000000000000
2026/08/26 22:12:30.397, 0, 20144 MiB, 100 %, 1965 MHz, 1965 MHz, 156.52 W, 55, P2, 0x0000000000000000
2026/08/26 22:12:31.397, 0, 20144 MiB, 100 %, 1965 MHz, 1965 MHz, 157.32 W, 55, P2, 0x0000000000000000
2026/08/26 22:12:32.397, 0, 20144 MiB, 100 %, 1965 MHz, 1965 MHz, 157.62 W, 55, P2, 0x0000000000000000
2026/08/26 22:12:33.397, 0, 20144 MiB, 100 %, 1965 MHz, 1965 MHz, 157.56 W, 55, P2, 0x0000000000000000
2026/08/26 22:12:34.397, 0, 20144 MiB, 99 %, 1965 MHz, 1965 MHz, 157.48 W, 55, P2, 0x0000000000000000
2026/08/26 22:12:35.397, 0, 20144 MiB, 99 %, 1965 MHz, 1965 MHz, 157.51 W, 55, P2, 0x0000000000000000
2026/08/26 22:12:36.398, 0, 20144 MiB, 100 %, 1965 MHz, 1965 MHz, 158.22 W, 55, P2, 0x0000000000000000
2026/08/26 22:12:37.398, 0, 20144 MiB, 100 %, 1965 MHz, 1965 MHz, 158.18 W, 55, P2, 0x0000000000000000
2026/08/26 22:12:38.398, 0, 20144 MiB, 100 %, 1965 MHz, 1965 MHz, 157.22 W, 55, P2, 0x0000000000000000
2026/08/26 22:12:39.398, 0, 20144 MiB, 99 %, 1965 MHz, 1965 MHz, 158.26 W, 56, P2, 0x0000000000000000
2026/08/26 22:12:40.398, 0, 20816 MiB, 58 %, 1965 MHz, 1965 MHz, 166.98 W, 57, P2, 0x0000000000000000
2026/08/26 22:12:41.398, 0, 20816 MiB, 79 %, 1965 MHz, 1965 MHz, 295.21 W, 62, P2, 0x0000000000000000
2026/08/26 22:12:42.398, 0, 20816 MiB, 77 %, 1965 MHz, 1965 MHz, 321.08 W, 63, P2, 0x0000000000000000
2026/08/26 22:12:43.398, 0, 20816 MiB, 78 %, 1965 MHz, 1965 MHz, 288.47 W, 60, P2, 0x0000000000000000
2026/08/26 22:12:44.399, 0, 20816 MiB, 78 %, 1965 MHz, 1965 MHz, 316.07 W, 64, P2, 0x0000000000000000
2026/08/26 22:12:45.399, 0, 20816 MiB, 77 %, 1950 MHz, 1950 MHz, 320.05 W, 64, P2, 0x0000000000000000
2026/08/26 22:12:46.399, 0, 20816 MiB, 79 %, 1950 MHz, 1950 MHz, 280.06 W, 62, P2, 0x0000000000000000
2026/08/26 22:12:47.399, 0, 20816 MiB, 76 %, 1950 MHz, 1950 MHz, 320.91 W, 65, P2, 0x0000000000000000
2026/08/26 22:12:48.399, 0, 20816 MiB, 76 %, 1950 MHz, 1950 MHz, 322.93 W, 65, P2, 0x0000000000000000
2026/08/26 22:12:49.399, 0, 20816 MiB, 15 %, 1950 MHz, 1950 MHz, 277.52 W, 64, P2, 0x0000000000000000
2026/08/26 22:12:50.399, 0, 20816 MiB, 77 %, 1950 MHz, 1950 MHz, 325.24 W, 66, P2, 0x0000000000000000
2026/08/26 22:12:51.399, 0, 20816 MiB, 78 %, 1950 MHz, 1950 MHz, 327.66 W, 66, P2, 0x0000000000000000
2026/08/26 22:12:52.400, 0, 20816 MiB, 61 %, 1950 MHz, 1950 MHz, 281.21 W, 65, P2, 0x0000000000000000
2026/08/26 22:12:53.400, 0, 20816 MiB, 78 %, 1950 MHz, 1950 MHz, 323.47 W, 66, P2, 0x0000000000000000
2026/08/26 22:12:54.400, 0, 20816 MiB, 77 %, 1950 MHz, 1950 MHz, 324.97 W, 67, P2, 0x0000000000000000
2026/08/26 22:12:55.400, 0, 20824 MiB, 82 %, 1950 MHz, 1950 MHz, 252.89 W, 64, P2, 0x0000000000000000
2026/08/26 22:12:56.400, 0, 20824 MiB, 77 %, 1950 MHz, 1950 MHz, 325.20 W, 67, P2, 0x0000000000000000
2026/08/26 22:12:57.400, 0, 20824 MiB, 78 %, 1950 MHz, 1950 MHz, 325.61 W, 67, P2, 0x0000000000000000
2026/08/26 22:12:58.400, 0, 20824 MiB, 38 %, 1935 MHz, 1935 MHz, 284.51 W, 66, P2, 0x0000000000000000
2026/08/26 22:12:59.401, 0, 20824 MiB, 78 %, 1950 MHz, 1950 MHz, 323.31 W, 68, P2, 0x0000000000000000
2026/08/26 22:13:00.401, 0, 20824 MiB, 77 %, 1950 MHz, 1950 MHz, 326.98 W, 68, P2, 0x0000000000000000
2026/08/26 22:13:01.401, 0, 20824 MiB, 75 %, 1950 MHz, 1950 MHz, 284.89 W, 67, P2, 0x0000000000000000
2026/08/26 22:13:02.401, 0, 20824 MiB, 77 %, 1950 MHz, 1950 MHz, 329.39 W, 68, P2, 0x0000000000000000
2026/08/26 22:13:03.401, 0, 20824 MiB, 74 %, 1950 MHz, 1950 MHz, 328.51 W, 69, P2, 0x0000000000000000
2026/08/26 22:13:04.401, 0, 20824 MiB, 75 %, 1950 MHz, 1950 MHz, 289.91 W, 68, P2, 0x0000000000000000
2026/08/26 22:13:05.401, 0, 20824 MiB, 77 %, 1935 MHz, 1935 MHz, 330.48 W, 69, P2, 0x0000000000000000
2026/08/26 22:13:06.402, 0, 20824 MiB, 78 %, 1935 MHz, 1935 MHz, 327.52 W, 69, P2, 0x0000000000000000
2026/08/26 22:13:07.402, 0, 20824 MiB, 78 %, 1935 MHz, 1935 MHz, 288.80 W, 69, P2, 0x0000000000000000
2026/08/26 22:13:08.402, 0, 20824 MiB, 78 %, 1935 MHz, 1935 MHz, 331.23 W, 69, P2, 0x0000000000000000
2026/08/26 22:13:09.402, 0, 20824 MiB, 79 %, 1935 MHz, 1935 MHz, 313.39 W, 66, P2, 0x0000000000000000
2026/08/26 22:13:10.402, 0, 20824 MiB, 80 %, 1935 MHz, 1935 MHz, 294.88 W, 70, P2, 0x0000000000000000
2026/08/26 22:13:11.402, 0, 20824 MiB, 78 %, 1935 MHz, 1935 MHz, 335.23 W, 70, P2, 0x0000000000000000
2026/08/26 22:13:12.402, 0, 82 MiB, 79 %, 1935 MHz, 1935 MHz, 292.27 W, 66, P2, 0x0000000000000000
2026/08/26 22:13:13.402, 0, 346 MiB, 0 %, 1935 MHz, 1935 MHz, 177.22 W, 64, P2, 0x0000000000000000
2026/08/26 22:13:14.403, 0, 346 MiB, 0 %, 1950 MHz, 1950 MHz, 169.09 W, 63, P2, 0x0000000000000000
2026/08/26 22:13:15.403, 0, 346 MiB, 0 %, 1695 MHz, 1695 MHz, 163.90 W, 62, P2, 0x0000000000000000
2026/08/26 22:13:16.403, 0, 346 MiB, 0 %, 1695 MHz, 1695 MHz, 134.10 W, 61, P2, 0x0000000000000000
2026/08/26 22:13:17.403, 0, 19044 MiB, 100 %, 1950 MHz, 1950 MHz, 145.76 W, 62, P2, 0x0000000000000000
2026/08/26 22:13:18.403, 0, 19044 MiB, 100 %, 1950 MHz, 1950 MHz, 169.23 W, 62, P2, 0x0000000000000000
2026/08/26 22:13:19.403, 0, 19044 MiB, 100 %, 1950 MHz, 1950 MHz, 168.85 W, 62, P2, 0x0000000000000000
2026/08/26 22:13:20.404, 0, 19044 MiB, 99 %, 1950 MHz, 1950 MHz, 167.88 W, 61, P2, 0x0000000000000000
2026/08/26 22:13:21.404, 0, 19044 MiB, 100 %, 1950 MHz, 1950 MHz, 168.49 W, 61, P2, 0x0000000000000000
2026/08/26 22:13:22.404, 0, 19044 MiB, 100 %, 1950 MHz, 1950 MHz, 168.02 W, 61, P2, 0x0000000000000000
2026/08/26 22:13:23.404, 0, 19044 MiB, 100 %, 1950 MHz, 1950 MHz, 167.99 W, 61, P2, 0x0000000000000000
2026/08/26 22:13:24.404, 0, 19044 MiB, 99 %, 1950 MHz, 1950 MHz, 167.83 W, 61, P2, 0x0000000000000000
2026/08/26 22:13:25.404, 0, 19044 MiB, 100 %, 1950 MHz, 1950 MHz, 167.19 W, 61, P2, 0x0000000000000000
2026/08/26 22:13:26.404, 0, 19044 MiB, 100 %, 1950 MHz, 1950 MHz, 167.49 W, 61, P2, 0x0000000000000000
2026/08/26 22:13:27.405, 0, 19044 MiB, 100 %, 1950 MHz, 1950 MHz, 166.90 W, 60, P2, 0x0000000000000000
2026/08/26 22:13:28.405, 0, 21094 MiB, 100 %, 1950 MHz, 1950 MHz, 168.05 W, 60, P2, 0x0000000000000000
2026/08/26 22:13:29.405, 0, 22270 MiB, 99 %, 1950 MHz, 1950 MHz, 173.39 W, 61, P2, 0x0000000000000000
2026/08/26 22:13:30.405, 0, 22270 MiB, 81 %, 1950 MHz, 1950 MHz, 310.77 W, 66, P2, 0x0000000000000000
2026/08/26 22:13:31.405, 0, 22270 MiB, 78 %, 1950 MHz, 1950 MHz, 327.03 W, 67, P2, 0x0000000000000000
2026/08/26 22:13:32.406, 0, 22270 MiB, 75 %, 1950 MHz, 1950 MHz, 295.14 W, 67, P2, 0x0000000000000000
2026/08/26 22:13:33.406, 0, 22270 MiB, 76 %, 1950 MHz, 1950 MHz, 333.15 W, 67, P2, 0x0000000000000000
2026/08/26 22:13:34.406, 0, 22270 MiB, 62 %, 1950 MHz, 1950 MHz, 296.24 W, 67, P2, 0x0000000000000000
2026/08/26 22:13:35.406, 0, 22270 MiB, 78 %, 1950 MHz, 1950 MHz, 326.84 W, 67, P2, 0x0000000000000000
2026/08/26 22:13:36.406, 0, 22286 MiB, 77 %, 1950 MHz, 1950 MHz, 303.98 W, 64, P2, 0x0000000000000000
2026/08/26 22:13:37.406, 0, 22286 MiB, 75 %, 1950 MHz, 1950 MHz, 287.55 W, 67, P2, 0x0000000000000000
2026/08/26 22:13:38.407, 0, 22286 MiB, 77 %, 1935 MHz, 1935 MHz, 320.51 W, 67, P2, 0x0000000000000004
2026/08/26 22:13:39.407, 0, 22286 MiB, 21 %, 1950 MHz, 1950 MHz, 272.80 W, 67, P2, 0x0000000000000000
2026/08/26 22:13:40.407, 0, 22286 MiB, 76 %, 1950 MHz, 1950 MHz, 323.62 W, 68, P2, 0x0000000000000000
2026/08/26 22:13:41.407, 0, 22292 MiB, 77 %, 1950 MHz, 1950 MHz, 299.14 W, 66, P2, 0x0000000000000004
2026/08/26 22:13:42.408, 0, 22292 MiB, 40 %, 1950 MHz, 1950 MHz, 251.96 W, 68, P2, 0x0000000000000000
2026/08/26 22:13:43.408, 0, 22292 MiB, 78 %, 1935 MHz, 1935 MHz, 319.67 W, 68, P2, 0x0000000000000000
2026/08/26 22:13:44.408, 0, 22292 MiB, 56 %, 1950 MHz, 1950 MHz, 298.62 W, 68, P2, 0x0000000000000000
2026/08/26 22:13:45.408, 0, 22292 MiB, 77 %, 1935 MHz, 1935 MHz, 330.60 W, 69, P2, 0x0000000000000000
2026/08/26 22:13:46.408, 0, 22292 MiB, 79 %, 1935 MHz, 1935 MHz, 309.79 W, 66, P2, 0x0000000000000000
2026/08/26 22:13:47.409, 0, 22292 MiB, 77 %, 1920 MHz, 1920 MHz, 307.72 W, 68, P2, 0x0000000000000000
2026/08/26 22:13:48.409, 0, 22292 MiB, 77 %, 1935 MHz, 1935 MHz, 306.67 W, 67, P2, 0x0000000000000000
2026/08/26 22:13:49.409, 0, 22292 MiB, 74 %, 1935 MHz, 1935 MHz, 301.64 W, 69, P2, 0x0000000000000000
2026/08/26 22:13:50.409, 0, 22292 MiB, 80 %, 1920 MHz, 1920 MHz, 321.21 W, 69, P2, 0x0000000000000004
2026/08/26 22:13:51.409, 0, 22292 MiB, 73 %, 1935 MHz, 1935 MHz, 287.19 W, 69, P2, 0x0000000000000000
2026/08/26 22:13:52.410, 0, 22292 MiB, 78 %, 1920 MHz, 1920 MHz, 331.27 W, 69, P2, 0x0000000000000004
2026/08/26 22:13:53.410, 0, 22292 MiB, 78 %, 1920 MHz, 1920 MHz, 294.67 W, 67, P2, 0x0000000000000004
2026/08/26 22:13:54.410, 0, 22292 MiB, 76 %, 1935 MHz, 1935 MHz, 300.27 W, 70, P2, 0x0000000000000000
2026/08/26 22:13:55.410, 0, 22292 MiB, 78 %, 1920 MHz, 1920 MHz, 324.11 W, 70, P2, 0x0000000000000004
2026/08/26 22:13:56.410, 0, 85 MiB, 0 %, 1935 MHz, 1935 MHz, 229.79 W, 66, P0, 0x0000000000000000
2026/08/26 22:13:57.609, 0, 346 MiB, 0 %, 1935 MHz, 1935 MHz, 174.13 W, 64, P2, 0x0000000000000000
2026/08/26 22:13:58.609, 0, 346 MiB, 0 %, 1950 MHz, 1950 MHz, 169.85 W, 63, P2, 0x0000000000000000
2026/08/26 22:13:59.609, 0, 346 MiB, 16 %, 1695 MHz, 1695 MHz, 155.33 W, 62, P2, 0x0000000000000000
2026/08/26 22:14:00.609, 0, 19044 MiB, 19 %, 1695 MHz, 1695 MHz, 133.06 W, 61, P2, 0x0000000000000000
2026/08/26 22:14:01.609, 0, 19044 MiB, 100 %, 1950 MHz, 1950 MHz, 156.26 W, 62, P2, 0x0000000000000000
2026/08/26 22:14:02.610, 0, 19044 MiB, 100 %, 1950 MHz, 1950 MHz, 169.97 W, 62, P2, 0x0000000000000000
2026/08/26 22:14:03.610, 0, 19044 MiB, 100 %, 1950 MHz, 1950 MHz, 169.79 W, 62, P2, 0x0000000000000000
2026/08/26 22:14:04.610, 0, 19044 MiB, 99 %, 1950 MHz, 1950 MHz, 169.50 W, 62, P2, 0x0000000000000000
2026/08/26 22:14:05.610, 0, 19044 MiB, 100 %, 1950 MHz, 1950 MHz, 169.17 W, 62, P2, 0x0000000000000000
2026/08/26 22:14:06.610, 0, 19044 MiB, 100 %, 1950 MHz, 1950 MHz, 169.13 W, 62, P2, 0x0000000000000000
2026/08/26 22:14:07.611, 0, 19044 MiB, 100 %, 1950 MHz, 1950 MHz, 168.73 W, 61, P2, 0x0000000000000000
2026/08/26 22:14:08.611, 0, 19044 MiB, 99 %, 1950 MHz, 1950 MHz, 168.35 W, 61, P2, 0x0000000000000000
2026/08/26 22:14:09.611, 0, 19044 MiB, 99 %, 1950 MHz, 1950 MHz, 168.51 W, 61, P2, 0x0000000000000000
2026/08/26 22:14:10.611, 0, 19044 MiB, 100 %, 1950 MHz, 1950 MHz, 168.03 W, 61, P2, 0x0000000000000000
2026/08/26 22:14:11.611, 0, 19044 MiB, 100 %, 1950 MHz, 1950 MHz, 167.83 W, 61, P2, 0x0000000000000000
2026/08/26 22:14:12.612, 0, 21094 MiB, 98 %, 1950 MHz, 1950 MHz, 168.58 W, 61, P2, 0x0000000000000000
2026/08/26 22:14:13.612, 0, 22270 MiB, 13 %, 1950 MHz, 1950 MHz, 208.17 W, 65, P2, 0x0000000000000000
2026/08/26 22:14:14.612, 0, 22270 MiB, 77 %, 1950 MHz, 1950 MHz, 325.91 W, 67, P2, 0x0000000000000000
2026/08/26 22:14:15.612, 0, 22270 MiB, 76 %, 1950 MHz, 1950 MHz, 307.45 W, 64, P2, 0x0000000000000000
2026/08/26 22:14:16.612, 0, 22270 MiB, 78 %, 1950 MHz, 1950 MHz, 308.18 W, 67, P2, 0x0000000000000000
2026/08/26 22:14:17.612, 0, 22270 MiB, 76 %, 1935 MHz, 1935 MHz, 327.08 W, 67, P2, 0x0000000000000004
2026/08/26 22:14:18.612, 0, 22270 MiB, 77 %, 1950 MHz, 1950 MHz, 292.55 W, 68, P2, 0x0000000000000000
2026/08/26 22:14:19.613, 0, 22270 MiB, 78 %, 1950 MHz, 1950 MHz, 326.28 W, 68, P2, 0x0000000000000000
2026/08/26 22:14:20.613, 0, 22286 MiB, 76 %, 1950 MHz, 1950 MHz, 286.19 W, 67, P2, 0x0000000000000000
2026/08/26 22:14:21.613, 0, 22286 MiB, 79 %, 1935 MHz, 1935 MHz, 321.26 W, 68, P2, 0x0000000000000004
2026/08/26 22:14:22.613, 0, 22286 MiB, 77 %, 1935 MHz, 1935 MHz, 317.70 W, 68, P2, 0x0000000000000004
2026/08/26 22:14:23.613, 0, 22286 MiB, 49 %, 1950 MHz, 1950 MHz, 275.65 W, 68, P2, 0x0000000000000000
2026/08/26 22:14:24.613, 0, 22286 MiB, 76 %, 1935 MHz, 1935 MHz, 325.75 W, 69, P2, 0x0000000000000004
2026/08/26 22:14:25.614, 0, 22292 MiB, 74 %, 1935 MHz, 1935 MHz, 258.64 W, 64, P2, 0x0000000000000004
2026/08/26 22:14:26.614, 0, 22292 MiB, 76 %, 1950 MHz, 1950 MHz, 269.46 W, 69, P2, 0x0000000000000004
2026/08/26 22:14:27.614, 0, 22292 MiB, 76 %, 1935 MHz, 1935 MHz, 321.48 W, 69, P2, 0x0000000000000000
2026/08/26 22:14:28.614, 0, 22292 MiB, 62 %, 1935 MHz, 1935 MHz, 301.68 W, 69, P2, 0x0000000000000000
2026/08/26 22:14:29.614, 0, 22292 MiB, 78 %, 1935 MHz, 1935 MHz, 331.42 W, 70, P2, 0x0000000000000000
2026/08/26 22:14:30.615, 0, 22292 MiB, 80 %, 1920 MHz, 1920 MHz, 292.23 W, 68, P2, 0x0000000000000004
2026/08/26 22:14:31.615, 0, 22292 MiB, 77 %, 1935 MHz, 1935 MHz, 322.21 W, 69, P2, 0x0000000000000000
2026/08/26 22:14:32.615, 0, 22292 MiB, 77 %, 1875 MHz, 1875 MHz, 292.26 W, 67, P2, 0x0000000000000004
2026/08/26 22:14:33.615, 0, 22292 MiB, 75 %, 1935 MHz, 1935 MHz, 310.64 W, 70, P2, 0x0000000000000000
2026/08/26 22:14:34.615, 0, 22292 MiB, 75 %, 1935 MHz, 1935 MHz, 324.28 W, 70, P2, 0x0000000000000000
2026/08/26 22:14:35.616, 0, 22292 MiB, 77 %, 1935 MHz, 1935 MHz, 300.07 W, 70, P2, 0x0000000000000000
2026/08/26 22:14:36.616, 0, 22292 MiB, 75 %, 1935 MHz, 1935 MHz, 325.66 W, 70, P2, 0x0000000000000000
2026/08/26 22:14:37.616, 0, 22292 MiB, 79 %, 1935 MHz, 1935 MHz, 296.40 W, 70, P2, 0x0000000000000000
2026/08/26 22:14:38.616, 0, 22292 MiB, 78 %, 1920 MHz, 1920 MHz, 326.26 W, 70, P2, 0x0000000000000004
2026/08/26 22:14:39.616, 0, 20264 MiB, 79 %, 1935 MHz, 1935 MHz, 320.03 W, 71, P2, 0x0000000000000000
2026/08/26 22:14:40.617, 0, 346 MiB, 100 %, 1935 MHz, 1935 MHz, 179.56 W, 65, P2, 0x0000000000000000
2026/08/26 22:14:41.617, 0, 346 MiB, 0 %, 1935 MHz, 1935 MHz, 171.65 W, 64, P2, 0x0000000000000000
2026/08/26 22:14:42.617, 0, 346 MiB, 5 %, 1950 MHz, 1950 MHz, 169.82 W, 64, P2, 0x0000000000000000
2026/08/26 22:14:43.617, 0, 20144 MiB, 6 %, 1695 MHz, 1695 MHz, 140.26 W, 61, P2, 0x0000000000000000
2026/08/26 22:14:44.617, 0, 20144 MiB, 99 %, 1950 MHz, 1950 MHz, 158.27 W, 63, P2, 0x0000000000000000
2026/08/26 22:14:45.618, 0, 20144 MiB, 99 %, 1950 MHz, 1950 MHz, 170.92 W, 63, P2, 0x0000000000000000
2026/08/26 22:14:46.618, 0, 20144 MiB, 99 %, 1950 MHz, 1950 MHz, 170.55 W, 63, P2, 0x0000000000000000
2026/08/26 22:14:47.618, 0, 20144 MiB, 100 %, 1950 MHz, 1950 MHz, 169.95 W, 62, P2, 0x0000000000000000
2026/08/26 22:14:48.618, 0, 20144 MiB, 100 %, 1950 MHz, 1950 MHz, 170.43 W, 62, P2, 0x0000000000000000
2026/08/26 22:14:49.618, 0, 20144 MiB, 100 %, 1950 MHz, 1950 MHz, 169.99 W, 62, P2, 0x0000000000000000
2026/08/26 22:14:50.619, 0, 20144 MiB, 99 %, 1950 MHz, 1950 MHz, 169.44 W, 62, P2, 0x0000000000000000
2026/08/26 22:14:51.619, 0, 20144 MiB, 100 %, 1950 MHz, 1950 MHz, 169.52 W, 62, P2, 0x0000000000000000
2026/08/26 22:14:52.619, 0, 20144 MiB, 100 %, 1950 MHz, 1950 MHz, 169.15 W, 61, P2, 0x0000000000000000
2026/08/26 22:14:53.619, 0, 20144 MiB, 100 %, 1950 MHz, 1950 MHz, 169.10 W, 61, P2, 0x0000000000000000
2026/08/26 22:14:54.619, 0, 20144 MiB, 99 %, 1950 MHz, 1950 MHz, 168.98 W, 61, P2, 0x0000000000000000
2026/08/26 22:14:55.619, 0, 20144 MiB, 99 %, 1950 MHz, 1950 MHz, 168.07 W, 61, P2, 0x0000000000000000
2026/08/26 22:14:56.620, 0, 20816 MiB, 0 %, 1935 MHz, 1935 MHz, 204.82 W, 65, P2, 0x0000000000000000
2026/08/26 22:14:57.620, 0, 20816 MiB, 77 %, 1950 MHz, 1950 MHz, 321.84 W, 67, P2, 0x0000000000000000
2026/08/26 22:14:58.620, 0, 20816 MiB, 76 %, 1950 MHz, 1950 MHz, 326.52 W, 68, P2, 0x0000000000000000
2026/08/26 22:14:59.620, 0, 20816 MiB, 24 %, 1950 MHz, 1950 MHz, 289.85 W, 67, P2, 0x0000000000000000
2026/08/26 22:15:00.621, 0, 20816 MiB, 78 %, 1950 MHz, 1950 MHz, 329.36 W, 68, P2, 0x0000000000000000
2026/08/26 22:15:01.621, 0, 20816 MiB, 78 %, 1950 MHz, 1950 MHz, 331.74 W, 69, P2, 0x0000000000000000
2026/08/26 22:15:02.621, 0, 20816 MiB, 64 %, 1950 MHz, 1950 MHz, 288.56 W, 69, P2, 0x0000000000000000
2026/08/26 22:15:03.621, 0, 20816 MiB, 79 %, 1935 MHz, 1935 MHz, 329.76 W, 69, P2, 0x0000000000000000
2026/08/26 22:15:04.622, 0, 20816 MiB, 79 %, 1935 MHz, 1935 MHz, 330.51 W, 69, P2, 0x0000000000000000
2026/08/26 22:15:05.622, 0, 20816 MiB, 64 %, 1935 MHz, 1935 MHz, 284.75 W, 69, P2, 0x0000000000000000
2026/08/26 22:15:06.622, 0, 20816 MiB, 78 %, 1935 MHz, 1935 MHz, 330.79 W, 70, P2, 0x0000000000000000
2026/08/26 22:15:07.622, 0, 20816 MiB, 73 %, 1935 MHz, 1935 MHz, 328.78 W, 70, P2, 0x0000000000000000
2026/08/26 22:15:08.622, 0, 20816 MiB, 78 %, 1935 MHz, 1935 MHz, 290.10 W, 70, P2, 0x0000000000000000
2026/08/26 22:15:09.622, 0, 20816 MiB, 78 %, 1935 MHz, 1935 MHz, 334.00 W, 70, P2, 0x0000000000000000
2026/08/26 22:15:10.623, 0, 20816 MiB, 78 %, 1935 MHz, 1935 MHz, 319.08 W, 66, P2, 0x0000000000000000
2026/08/26 22:15:11.623, 0, 20824 MiB, 77 %, 1935 MHz, 1935 MHz, 257.80 W, 70, P2, 0x0000000000000000
2026/08/26 22:15:12.623, 0, 20824 MiB, 78 %, 1935 MHz, 1935 MHz, 335.41 W, 71, P2, 0x0000000000000000
2026/08/26 22:15:13.623, 0, 20824 MiB, 77 %, 1935 MHz, 1935 MHz, 335.01 W, 71, P2, 0x0000000000000000
2026/08/26 22:15:14.623, 0, 20824 MiB, 78 %, 1935 MHz, 1935 MHz, 294.36 W, 71, P2, 0x0000000000000000
2026/08/26 22:15:15.624, 0, 20824 MiB, 76 %, 1935 MHz, 1935 MHz, 335.09 W, 71, P2, 0x0000000000000000
2026/08/26 22:15:16.624, 0, 20824 MiB, 78 %, 1935 MHz, 1935 MHz, 319.51 W, 68, P2, 0x0000000000000000
2026/08/26 22:15:17.624, 0, 20824 MiB, 77 %, 1935 MHz, 1935 MHz, 292.60 W, 71, P2, 0x0000000000000000
2026/08/26 22:15:18.624, 0, 20824 MiB, 80 %, 1935 MHz, 1935 MHz, 339.44 W, 72, P2, 0x0000000000000000
2026/08/26 22:15:19.624, 0, 20824 MiB, 78 %, 1935 MHz, 1935 MHz, 305.91 W, 69, P2, 0x0000000000000000
2026/08/26 22:15:20.624, 0, 20824 MiB, 76 %, 1935 MHz, 1935 MHz, 323.18 W, 72, P2, 0x0000000000000000
2026/08/26 22:15:21.624, 0, 20824 MiB, 78 %, 1935 MHz, 1935 MHz, 336.61 W, 72, P2, 0x0000000000000000
2026/08/26 22:15:22.624, 0, 20824 MiB, 79 %, 1935 MHz, 1935 MHz, 298.22 W, 71, P2, 0x0000000000000000
2026/08/26 22:15:23.625, 0, 20824 MiB, 75 %, 1935 MHz, 1935 MHz, 335.70 W, 72, P2, 0x0000000000000000
2026/08/26 22:15:24.625, 0, 20824 MiB, 78 %, 1935 MHz, 1935 MHz, 335.37 W, 73, P2, 0x0000000000000000
2026/08/26 22:15:25.625, 0, 20824 MiB, 43 %, 1935 MHz, 1935 MHz, 302.09 W, 72, P2, 0x0000000000000000
2026/08/26 22:15:26.625, 0, 20824 MiB, 76 %, 1935 MHz, 1935 MHz, 339.08 W, 73, P2, 0x0000000000000000
2026/08/26 22:15:27.625, 0, 20824 MiB, 77 %, 1935 MHz, 1935 MHz, 337.26 W, 73, P2, 0x0000000000000000
2026/08/26 22:15:28.625, 0, 82 MiB, 34 %, 1935 MHz, 1935 MHz, 239.09 W, 67, P0, 0x0000000000000000
2026/08/26 22:15:29.625, 0, 82 MiB, 0 %, 1935 MHz, 1935 MHz, 175.99 W, 66, P0, 0x0000000000000000
2026/08/26 22:15:30.626, 0, 82 MiB, 0 %, 495 MHz, 495 MHz, 165.63 W, 64, P3, 0x0000000000000001
2026/08/26 22:15:31.626, 0, 82 MiB, 0 %, 345 MHz, 345 MHz, 126.83 W, 60, P3, 0x0000000000000001
2026/08/26 22:15:32.626, 0, 82 MiB, 0 %, 210 MHz, 210 MHz, 87.76 W, 59, P3, 0x0000000000000001
2026/08/26 22:15:33.626, 0, 82 MiB, 0 %, 210 MHz, 210 MHz, 84.94 W, 59, P3, 0x0000000000000001
2026/08/26 22:15:34.626, 0, 82 MiB, 0 %, 210 MHz, 210 MHz, 74.60 W, 57, P5, 0x0000000000000001
2026/08/26 22:15:35.626, 0, 82 MiB, 0 %, 210 MHz, 210 MHz, 51.90 W, 57, P5, 0x0000000000000001
2026/08/26 22:15:36.627, 0, 82 MiB, 0 %, 210 MHz, 210 MHz, 36.44 W, 56, P8, 0x0000000000000001
2026/08/26 22:15:37.627, 0, 82 MiB, 0 %, 210 MHz, 210 MHz, 33.59 W, 54, P8, 0x0000000000000001
2026/08/26 22:15:38.627, 0, 346 MiB, 0 %, 210 MHz, 210 MHz, 33.59 W, 54, P8, 0x0000000000000001
2026/08/26 22:15:39.798, 0, 346 MiB, 0 %, 1965 MHz, 1965 MHz, 89.02 W, 59, P2, 0x0000000000000000
2026/08/26 22:15:40.798, 0, 346 MiB, 6 %, 1695 MHz, 1695 MHz, 166.78 W, 60, P2, 0x0000000000000000
2026/08/26 22:15:41.799, 0, 20144 MiB, 6 %, 1695 MHz, 1695 MHz, 152.05 W, 58, P2, 0x0000000000000000
2026/08/26 22:15:42.800, 0, 20144 MiB, 100 %, 1965 MHz, 1965 MHz, 154.10 W, 60, P2, 0x0000000000000000
2026/08/26 22:15:43.800, 0, 20144 MiB, 100 %, 1965 MHz, 1965 MHz, 167.19 W, 60, P2, 0x0000000000000000
2026/08/26 22:15:44.802, 0, 20144 MiB, 100 %, 1965 MHz, 1965 MHz, 167.48 W, 60, P2, 0x0000000000000000
2026/08/26 22:15:45.802, 0, 20144 MiB, 99 %, 1965 MHz, 1965 MHz, 166.99 W, 60, P2, 0x0000000000000000
2026/08/26 22:15:46.802, 0, 20144 MiB, 100 %, 1965 MHz, 1965 MHz, 166.65 W, 59, P2, 0x0000000000000000
2026/08/26 22:15:47.802, 0, 20144 MiB, 100 %, 1965 MHz, 1965 MHz, 166.20 W, 60, P2, 0x0000000000000000
2026/08/26 22:15:48.803, 0, 20144 MiB, 100 %, 1965 MHz, 1965 MHz, 166.01 W, 60, P2, 0x0000000000000000
2026/08/26 22:15:49.803, 0, 20144 MiB, 99 %, 1965 MHz, 1965 MHz, 165.90 W, 59, P2, 0x0000000000000000
2026/08/26 22:15:50.803, 0, 20144 MiB, 100 %, 1965 MHz, 1965 MHz, 165.74 W, 59, P2, 0x0000000000000000
2026/08/26 22:15:51.803, 0, 20144 MiB, 100 %, 1965 MHz, 1965 MHz, 165.81 W, 59, P2, 0x0000000000000000
2026/08/26 22:15:52.803, 0, 20144 MiB, 100 %, 1965 MHz, 1965 MHz, 165.46 W, 59, P2, 0x0000000000000000
2026/08/26 22:15:53.803, 0, 20144 MiB, 100 %, 1965 MHz, 1965 MHz, 165.71 W, 59, P2, 0x0000000000000000
2026/08/26 22:15:54.803, 0, 20816 MiB, 20 %, 1950 MHz, 1950 MHz, 224.01 W, 64, P2, 0x0000000000000000
2026/08/26 22:15:55.803, 0, 20816 MiB, 78 %, 1950 MHz, 1950 MHz, 318.83 W, 65, P2, 0x0000000000000004
2026/08/26 22:15:56.804, 0, 20816 MiB, 77 %, 1950 MHz, 1950 MHz, 322.67 W, 66, P2, 0x0000000000000004
2026/08/26 22:15:57.804, 0, 20816 MiB, 60 %, 1950 MHz, 1950 MHz, 292.88 W, 66, P2, 0x0000000000000004
2026/08/26 22:15:58.804, 0, 20816 MiB, 77 %, 1950 MHz, 1950 MHz, 324.22 W, 67, P2, 0x0000000000000004
2026/08/26 22:15:59.804, 0, 20816 MiB, 76 %, 1950 MHz, 1950 MHz, 323.78 W, 67, P2, 0x0000000000000004
2026/08/26 22:16:00.804, 0, 20816 MiB, 77 %, 1950 MHz, 1950 MHz, 290.14 W, 67, P2, 0x0000000000000004
2026/08/26 22:16:01.804, 0, 20816 MiB, 79 %, 1950 MHz, 1950 MHz, 331.24 W, 68, P2, 0x0000000000000004
2026/08/26 22:16:02.804, 0, 20816 MiB, 78 %, 1935 MHz, 1935 MHz, 317.55 W, 65, P2, 0x0000000000000000
2026/08/26 22:16:03.804, 0, 20816 MiB, 77 %, 1935 MHz, 1935 MHz, 280.54 W, 68, P2, 0x0000000000000004
2026/08/26 22:16:04.805, 0, 20816 MiB, 77 %, 1935 MHz, 1935 MHz, 328.35 W, 68, P2, 0x0000000000000004
2026/08/26 22:16:05.805, 0, 20816 MiB, 77 %, 1935 MHz, 1935 MHz, 303.82 W, 64, P2, 0x0000000000000000
2026/08/26 22:16:06.805, 0, 20816 MiB, 77 %, 1935 MHz, 1935 MHz, 300.96 W, 68, P2, 0x0000000000000004
2026/08/26 22:16:07.805, 0, 20816 MiB, 75 %, 1935 MHz, 1935 MHz, 327.79 W, 69, P2, 0x0000000000000004
2026/08/26 22:16:08.805, 0, 20824 MiB, 77 %, 1815 MHz, 1815 MHz, 295.65 W, 65, P2, 0x0000000000000004
2026/08/26 22:16:09.805, 0, 20824 MiB, 78 %, 1935 MHz, 1935 MHz, 287.64 W, 69, P2, 0x0000000000000004
2026/08/26 22:16:10.806, 0, 20824 MiB, 78 %, 1935 MHz, 1935 MHz, 329.20 W, 69, P2, 0x0000000000000004
2026/08/26 22:16:11.806, 0, 20824 MiB, 77 %, 1935 MHz, 1935 MHz, 309.12 W, 67, P2, 0x0000000000000004
2026/08/26 22:16:12.806, 0, 20824 MiB, 77 %, 1935 MHz, 1935 MHz, 317.93 W, 70, P2, 0x0000000000000004
2026/08/26 22:16:13.806, 0, 20824 MiB, 77 %, 1935 MHz, 1935 MHz, 329.88 W, 70, P2, 0x0000000000000004
2026/08/26 22:16:14.806, 0, 20824 MiB, 78 %, 1905 MHz, 1905 MHz, 296.11 W, 68, P2, 0x0000000000000004
2026/08/26 22:16:15.806, 0, 20824 MiB, 78 %, 1935 MHz, 1935 MHz, 324.40 W, 70, P2, 0x0000000000000004
2026/08/26 22:16:16.806, 0, 20824 MiB, 78 %, 1935 MHz, 1935 MHz, 331.69 W, 70, P2, 0x0000000000000004
2026/08/26 22:16:17.806, 0, 20824 MiB, 79 %, 1935 MHz, 1935 MHz, 302.22 W, 70, P2, 0x0000000000000004
2026/08/26 22:16:18.806, 0, 20824 MiB, 77 %, 1935 MHz, 1935 MHz, 333.84 W, 71, P2, 0x0000000000000004
2026/08/26 22:16:19.807, 0, 20824 MiB, 77 %, 1935 MHz, 1935 MHz, 331.49 W, 71, P2, 0x0000000000000004
2026/08/26 22:16:20.807, 0, 20824 MiB, 51 %, 1935 MHz, 1935 MHz, 295.50 W, 71, P2, 0x0000000000000004
2026/08/26 22:16:21.807, 0, 20824 MiB, 77 %, 1935 MHz, 1935 MHz, 334.38 W, 72, P2, 0x0000000000000004
2026/08/26 22:16:22.807, 0, 20824 MiB, 76 %, 1935 MHz, 1935 MHz, 334.57 W, 72, P2, 0x0000000000000004
2026/08/26 22:16:23.807, 0, 20824 MiB, 64 %, 1935 MHz, 1935 MHz, 301.07 W, 72, P2, 0x0000000000000004
2026/08/26 22:16:24.807, 0, 20824 MiB, 78 %, 1935 MHz, 1935 MHz, 335.64 W, 72, P2, 0x0000000000000004
2026/08/26 22:16:25.807, 0, 20824 MiB, 76 %, 1935 MHz, 1935 MHz, 336.70 W, 72, P2, 0x0000000000000004
2026/08/26 22:16:26.807, 0, 346 MiB, 100 %, 1935 MHz, 1935 MHz, 243.51 W, 67, P0, 0x0000000000000000
2026/08/26 22:16:27.888, 0, 346 MiB, 0 %, 1935 MHz, 1935 MHz, 165.54 W, 65, P2, 0x0000000000000000
2026/08/26 22:16:28.888, 0, 346 MiB, 1 %, 1695 MHz, 1695 MHz, 159.75 W, 64, P2, 0x0000000000000000
2026/08/26 22:16:29.888, 0, 346 MiB, 0 %, 1695 MHz, 1695 MHz, 132.32 W, 62, P2, 0x0000000000000000
2026/08/26 22:16:30.889, 0, 19044 MiB, 0 %, 1950 MHz, 1950 MHz, 130.38 W, 61, P2, 0x0000000000000000
2026/08/26 22:16:31.889, 0, 19044 MiB, 100 %, 1950 MHz, 1950 MHz, 170.82 W, 63, P2, 0x0000000000000000
2026/08/26 22:16:32.889, 0, 19044 MiB, 99 %, 1950 MHz, 1950 MHz, 171.46 W, 63, P2, 0x0000000000000000
2026/08/26 22:16:33.889, 0, 19044 MiB, 100 %, 1950 MHz, 1950 MHz, 170.65 W, 62, P2, 0x0000000000000000
2026/08/26 22:16:34.889, 0, 19044 MiB, 100 %, 1950 MHz, 1950 MHz, 170.51 W, 62, P2, 0x0000000000000000
2026/08/26 22:16:35.889, 0, 19044 MiB, 100 %, 1950 MHz, 1950 MHz, 170.50 W, 62, P2, 0x0000000000000000
2026/08/26 22:16:36.890, 0, 19044 MiB, 100 %, 1950 MHz, 1950 MHz, 170.24 W, 62, P2, 0x0000000000000000
2026/08/26 22:16:37.890, 0, 19044 MiB, 99 %, 1950 MHz, 1950 MHz, 170.22 W, 62, P2, 0x0000000000000000
2026/08/26 22:16:38.890, 0, 19044 MiB, 100 %, 1950 MHz, 1950 MHz, 169.94 W, 62, P2, 0x0000000000000000
2026/08/26 22:16:39.890, 0, 19044 MiB, 100 %, 1950 MHz, 1950 MHz, 169.52 W, 61, P2, 0x0000000000000000
2026/08/26 22:16:40.890, 0, 19044 MiB, 100 %, 1950 MHz, 1950 MHz, 169.76 W, 61, P2, 0x0000000000000000
2026/08/26 22:16:41.890, 0, 20188 MiB, 100 %, 1950 MHz, 1950 MHz, 170.90 W, 61, P2, 0x0000000000000000
2026/08/26 22:16:42.890, 0, 22234 MiB, 99 %, 1950 MHz, 1950 MHz, 169.67 W, 61, P2, 0x0000000000000000
2026/08/26 22:16:43.891, 0, 22270 MiB, 75 %, 1950 MHz, 1950 MHz, 275.06 W, 66, P2, 0x0000000000000004
2026/08/26 22:16:44.891, 0, 22270 MiB, 76 %, 1950 MHz, 1950 MHz, 331.53 W, 67, P2, 0x0000000000000004
2026/08/26 22:16:45.899, 0, 22270 MiB, 66 %, 1950 MHz, 1950 MHz, 304.98 W, 68, P2, 0x0000000000000004
2026/08/26 22:16:46.899, 0, 22270 MiB, 73 %, 1935 MHz, 1935 MHz, 327.30 W, 68, P2, 0x0000000000000004
2026/08/26 22:16:47.899, 0, 22270 MiB, 75 %, 1935 MHz, 1935 MHz, 296.76 W, 66, P2, 0x0000000000000000
2026/08/26 22:16:48.899, 0, 22270 MiB, 77 %, 1935 MHz, 1935 MHz, 326.37 W, 68, P2, 0x0000000000000004
2026/08/26 22:16:49.900, 0, 22270 MiB, 78 %, 1935 MHz, 1935 MHz, 330.39 W, 68, P2, 0x0000000000000004
2026/08/26 22:16:50.900, 0, 22286 MiB, 75 %, 1935 MHz, 1935 MHz, 290.92 W, 69, P2, 0x0000000000000004
2026/08/26 22:16:51.900, 0, 22286 MiB, 76 %, 1935 MHz, 1935 MHz, 330.28 W, 69, P2, 0x0000000000000004
2026/08/26 22:16:52.900, 0, 22286 MiB, 63 %, 1935 MHz, 1935 MHz, 288.53 W, 68, P2, 0x0000000000000004
2026/08/26 22:16:53.900, 0, 22286 MiB, 76 %, 1935 MHz, 1935 MHz, 333.65 W, 69, P2, 0x0000000000000004
2026/08/26 22:16:54.900, 0, 22292 MiB, 78 %, 1935 MHz, 1935 MHz, 293.49 W, 65, P2, 0x0000000000000004
2026/08/26 22:16:55.900, 0, 22292 MiB, 75 %, 1935 MHz, 1935 MHz, 260.71 W, 69, P2, 0x0000000000000004
2026/08/26 22:16:56.901, 0, 22292 MiB, 75 %, 1935 MHz, 1935 MHz, 329.12 W, 69, P2, 0x0000000000000004
2026/08/26 22:16:57.901, 0, 22292 MiB, 60 %, 1935 MHz, 1935 MHz, 297.69 W, 69, P2, 0x0000000000000004
2026/08/26 22:16:58.901, 0, 22292 MiB, 75 %, 1935 MHz, 1935 MHz, 331.99 W, 70, P2, 0x0000000000000004
2026/08/26 22:16:59.901, 0, 22292 MiB, 75 %, 1935 MHz, 1935 MHz, 300.17 W, 69, P2, 0x0000000000000004
2026/08/26 22:17:00.901, 0, 22292 MiB, 78 %, 1935 MHz, 1935 MHz, 330.03 W, 70, P2, 0x0000000000000004
2026/08/26 22:17:01.902, 0, 22292 MiB, 75 %, 1935 MHz, 1935 MHz, 300.05 W, 69, P2, 0x0000000000000004
2026/08/26 22:17:02.902, 0, 22292 MiB, 76 %, 1935 MHz, 1935 MHz, 331.17 W, 70, P2, 0x0000000000000004
2026/08/26 22:17:03.902, 0, 22292 MiB, 78 %, 1935 MHz, 1935 MHz, 324.10 W, 68, P2, 0x0000000000000004
2026/08/26 22:17:04.902, 0, 22292 MiB, 76 %, 1935 MHz, 1935 MHz, 301.90 W, 71, P2, 0x0000000000000004
2026/08/26 22:17:05.902, 0, 22292 MiB, 74 %, 1920 MHz, 1920 MHz, 329.88 W, 71, P2, 0x0000000000000004
2026/08/26 22:17:06.903, 0, 22292 MiB, 77 %, 1935 MHz, 1935 MHz, 298.05 W, 70, P2, 0x0000000000000004
2026/08/26 22:17:07.903, 0, 22292 MiB, 76 %, 1935 MHz, 1935 MHz, 330.22 W, 71, P2, 0x0000000000000004
2026/08/26 22:17:08.903, 0, 22292 MiB, 77 %, 1935 MHz, 1935 MHz, 324.95 W, 70, P2, 0x0000000000000004
2026/08/26 22:17:09.903, 0, 346 MiB, 100 %, 1935 MHz, 1935 MHz, 256.30 W, 66, P0, 0x0000000000000000
2026/08/26 22:17:10.966, 0, 346 MiB, 0 %, 1935 MHz, 1935 MHz, 173.51 W, 64, P2, 0x0000000000000000
2026/08/26 22:17:11.967, 0, 346 MiB, 7 %, 1695 MHz, 1695 MHz, 162.94 W, 63, P2, 0x0000000000000000
2026/08/26 22:17:12.967, 0, 346 MiB, 1 %, 1695 MHz, 1695 MHz, 138.25 W, 61, P2, 0x0000000000000000
2026/08/26 22:17:13.967, 0, 19044 MiB, 0 %, 1950 MHz, 1950 MHz, 132.38 W, 61, P2, 0x0000000000000000
2026/08/26 22:17:14.967, 0, 19044 MiB, 99 %, 1950 MHz, 1950 MHz, 156.45 W, 62, P2, 0x0000000000000000
2026/08/26 22:17:15.968, 0, 19044 MiB, 100 %, 1950 MHz, 1950 MHz, 170.73 W, 62, P2, 0x0000000000000000
2026/08/26 22:17:16.976, 0, 19044 MiB, 100 %, 1950 MHz, 1950 MHz, 170.34 W, 62, P2, 0x0000000000000000
2026/08/26 22:17:17.976, 0, 19044 MiB, 100 %, 1950 MHz, 1950 MHz, 170.41 W, 62, P2, 0x0000000000000000
2026/08/26 22:17:18.977, 0, 19044 MiB, 99 %, 1950 MHz, 1950 MHz, 170.42 W, 62, P2, 0x0000000000000000
2026/08/26 22:17:19.977, 0, 19044 MiB, 99 %, 1950 MHz, 1950 MHz, 169.59 W, 62, P2, 0x0000000000000000
2026/08/26 22:17:20.977, 0, 19044 MiB, 100 %, 1950 MHz, 1950 MHz, 169.65 W, 61, P2, 0x0000000000000000
2026/08/26 22:17:21.977, 0, 19044 MiB, 100 %, 1950 MHz, 1950 MHz, 169.57 W, 61, P2, 0x0000000000000000
2026/08/26 22:17:22.977, 0, 19044 MiB, 100 %, 1950 MHz, 1950 MHz, 168.81 W, 61, P2, 0x0000000000000000
2026/08/26 22:17:23.977, 0, 19044 MiB, 99 %, 1950 MHz, 1950 MHz, 169.01 W, 61, P2, 0x0000000000000000
2026/08/26 22:17:24.977, 0, 20188 MiB, 100 %, 1950 MHz, 1950 MHz, 169.04 W, 61, P2, 0x0000000000000000
2026/08/26 22:17:25.978, 0, 22218 MiB, 99 %, 1950 MHz, 1950 MHz, 171.76 W, 61, P2, 0x0000000000000000
2026/08/26 22:17:26.978, 0, 22270 MiB, 69 %, 1950 MHz, 1950 MHz, 261.21 W, 66, P2, 0x0000000000000004
2026/08/26 22:17:27.985, 0, 22270 MiB, 77 %, 1950 MHz, 1950 MHz, 328.40 W, 67, P2, 0x0000000000000004
2026/08/26 22:17:28.986, 0, 22270 MiB, 36 %, 1950 MHz, 1950 MHz, 300.01 W, 67, P2, 0x0000000000000004
2026/08/26 22:17:29.986, 0, 22270 MiB, 76 %, 1935 MHz, 1935 MHz, 331.07 W, 68, P2, 0x0000000000000004
2026/08/26 22:17:30.986, 0, 22270 MiB, 76 %, 1935 MHz, 1935 MHz, 300.37 W, 64, P2, 0x0000000000000004
2026/08/26 22:17:31.986, 0, 22270 MiB, 74 %, 1935 MHz, 1935 MHz, 312.70 W, 68, P2, 0x0000000000000004
2026/08/26 22:17:32.986, 0, 22270 MiB, 76 %, 1935 MHz, 1935 MHz, 333.35 W, 69, P2, 0x0000000000000004
2026/08/26 22:17:33.986, 0, 22286 MiB, 74 %, 1935 MHz, 1935 MHz, 286.10 W, 69, P2, 0x0000000000000004
2026/08/26 22:17:34.986, 0, 22286 MiB, 78 %, 1920 MHz, 1920 MHz, 330.36 W, 68, P2, 0x0000000000000004
2026/08/26 22:17:35.986, 0, 22286 MiB, 75 %, 1935 MHz, 1935 MHz, 282.41 W, 66, P2, 0x0000000000000004
2026/08/26 22:17:36.987, 0, 22286 MiB, 76 %, 1935 MHz, 1935 MHz, 321.26 W, 69, P2, 0x0000000000000004
2026/08/26 22:17:37.987, 0, 22292 MiB, 75 %, 1935 MHz, 1935 MHz, 315.93 W, 67, P2, 0x0000000000000004
2026/08/26 22:17:38.987, 0, 22292 MiB, 100 %, 1935 MHz, 1935 MHz, 229.17 W, 68, P2, 0x0000000000000004
2026/08/26 22:17:39.987, 0, 22292 MiB, 76 %, 1935 MHz, 1935 MHz, 332.80 W, 69, P2, 0x0000000000000004
2026/08/26 22:17:40.987, 0, 22292 MiB, 75 %, 1935 MHz, 1935 MHz, 304.71 W, 69, P2, 0x0000000000000004
2026/08/26 22:17:41.987, 0, 22292 MiB, 77 %, 1935 MHz, 1935 MHz, 333.17 W, 70, P2, 0x0000000000000004
2026/08/26 22:17:42.987, 0, 22292 MiB, 76 %, 1935 MHz, 1935 MHz, 320.75 W, 67, P2, 0x0000000000000004
2026/08/26 22:17:43.987, 0, 22292 MiB, 75 %, 1935 MHz, 1935 MHz, 300.55 W, 70, P2, 0x0000000000000004
2026/08/26 22:17:44.988, 0, 22292 MiB, 73 %, 1935 MHz, 1935 MHz, 323.46 W, 68, P2, 0x0000000000000004
2026/08/26 22:17:45.988, 0, 22292 MiB, 77 %, 1935 MHz, 1935 MHz, 305.11 W, 70, P2, 0x0000000000000004
2026/08/26 22:17:46.988, 0, 22292 MiB, 81 %, 1935 MHz, 1935 MHz, 331.52 W, 70, P2, 0x0000000000000004
2026/08/26 22:17:47.988, 0, 22292 MiB, 62 %, 1935 MHz, 1935 MHz, 301.12 W, 70, P2, 0x0000000000000004
2026/08/26 22:17:48.988, 0, 22292 MiB, 79 %, 1935 MHz, 1935 MHz, 327.99 W, 70, P2, 0x0000000000000004
2026/08/26 22:17:49.988, 0, 22292 MiB, 77 %, 1935 MHz, 1935 MHz, 305.14 W, 68, P2, 0x0000000000000004
2026/08/26 22:17:50.988, 0, 22292 MiB, 76 %, 1935 MHz, 1935 MHz, 317.02 W, 71, P2, 0x0000000000000004
2026/08/26 22:17:51.989, 0, 22292 MiB, 80 %, 1920 MHz, 1920 MHz, 325.32 W, 71, P2, 0x0000000000000004
2026/08/26 22:17:52.989, 0, 85 MiB, 58 %, 1935 MHz, 1935 MHz, 290.48 W, 67, P2, 0x0000000000000004
2026/08/26 22:17:54.070, 0, 346 MiB, 0 %, 1935 MHz, 1935 MHz, 177.74 W, 65, P2, 0x0000000000000000
2026/08/26 22:17:55.070, 0, 346 MiB, 6 %, 1935 MHz, 1935 MHz, 161.01 W, 63, P2, 0x0000000000000000
2026/08/26 22:17:56.070, 0, 346 MiB, 7 %, 1695 MHz, 1695 MHz, 147.05 W, 61, P2, 0x0000000000000000
2026/08/26 22:17:57.070, 0, 20144 MiB, 100 %, 1950 MHz, 1950 MHz, 171.02 W, 61, P2, 0x0000000000000000
2026/08/26 22:17:58.070, 0, 20144 MiB, 100 %, 1950 MHz, 1950 MHz, 170.91 W, 63, P2, 0x0000000000000000
2026/08/26 22:17:59.070, 0, 20144 MiB, 100 %, 1950 MHz, 1950 MHz, 170.82 W, 63, P2, 0x0000000000000000
2026/08/26 22:18:00.071, 0, 20144 MiB, 99 %, 1950 MHz, 1950 MHz, 170.40 W, 62, P2, 0x0000000000000000
2026/08/26 22:18:01.071, 0, 20144 MiB, 100 %, 1950 MHz, 1950 MHz, 170.31 W, 62, P2, 0x0000000000000000
2026/08/26 22:18:02.071, 0, 20144 MiB, 100 %, 1950 MHz, 1950 MHz, 170.10 W, 62, P2, 0x0000000000000000
2026/08/26 22:18:03.071, 0, 20144 MiB, 100 %, 1950 MHz, 1950 MHz, 170.17 W, 62, P2, 0x0000000000000000
2026/08/26 22:18:04.071, 0, 20144 MiB, 100 %, 1950 MHz, 1950 MHz, 169.94 W, 62, P2, 0x0000000000000000
2026/08/26 22:18:05.071, 0, 20144 MiB, 99 %, 1950 MHz, 1950 MHz, 169.35 W, 62, P2, 0x0000000000000000
2026/08/26 22:18:06.071, 0, 20144 MiB, 100 %, 1950 MHz, 1950 MHz, 169.77 W, 61, P2, 0x0000000000000000
2026/08/26 22:18:07.072, 0, 20144 MiB, 100 %, 1950 MHz, 1950 MHz, 169.11 W, 61, P2, 0x0000000000000000
2026/08/26 22:18:08.072, 0, 20144 MiB, 100 %, 1950 MHz, 1950 MHz, 168.93 W, 61, P2, 0x0000000000000000
2026/08/26 22:18:09.074, 0, 20816 MiB, 65 %, 1950 MHz, 1950 MHz, 240.92 W, 66, P2, 0x0000000000000004
2026/08/26 22:18:10.074, 0, 20816 MiB, 79 %, 1950 MHz, 1950 MHz, 323.61 W, 67, P2, 0x0000000000000004
2026/08/26 22:18:11.074, 0, 20816 MiB, 80 %, 1935 MHz, 1935 MHz, 325.32 W, 68, P2, 0x0000000000000004
2026/08/26 22:18:12.074, 0, 20816 MiB, 71 %, 1935 MHz, 1935 MHz, 291.73 W, 68, P2, 0x0000000000000004
2026/08/26 22:18:13.074, 0, 20816 MiB, 76 %, 1935 MHz, 1935 MHz, 323.79 W, 68, P2, 0x0000000000000004
2026/08/26 22:18:14.075, 0, 20816 MiB, 78 %, 1935 MHz, 1935 MHz, 319.77 W, 66, P2, 0x0000000000000004
2026/08/26 22:18:15.075, 0, 20816 MiB, 78 %, 1935 MHz, 1935 MHz, 291.22 W, 69, P2, 0x0000000000000004
2026/08/26 22:18:16.075, 0, 20816 MiB, 78 %, 1935 MHz, 1935 MHz, 325.54 W, 69, P2, 0x0000000000000004
2026/08/26 22:18:17.075, 0, 20816 MiB, 78 %, 1935 MHz, 1935 MHz, 293.96 W, 66, P2, 0x0000000000000004
2026/08/26 22:18:18.075, 0, 20816 MiB, 76 %, 1935 MHz, 1935 MHz, 309.13 W, 69, P2, 0x0000000000000004
2026/08/26 22:18:19.075, 0, 20816 MiB, 79 %, 1935 MHz, 1935 MHz, 331.98 W, 69, P2, 0x0000000000000004
2026/08/26 22:18:20.075, 0, 20816 MiB, 77 %, 1935 MHz, 1935 MHz, 294.18 W, 68, P2, 0x0000000000000004
2026/08/26 22:18:21.075, 0, 20816 MiB, 78 %, 1935 MHz, 1935 MHz, 330.55 W, 70, P2, 0x0000000000000004
2026/08/26 22:18:22.076, 0, 20816 MiB, 78 %, 1935 MHz, 1935 MHz, 331.96 W, 70, P2, 0x0000000000000004
2026/08/26 22:18:23.076, 0, 20824 MiB, 32 %, 1935 MHz, 1935 MHz, 266.88 W, 67, P2, 0x0000000000000000
2026/08/26 22:18:24.076, 0, 20824 MiB, 79 %, 1935 MHz, 1935 MHz, 320.46 W, 70, P2, 0x0000000000000004
2026/08/26 22:18:25.076, 0, 20824 MiB, 80 %, 1935 MHz, 1935 MHz, 333.86 W, 71, P2, 0x0000000000000004
2026/08/26 22:18:26.076, 0, 20824 MiB, 78 %, 1935 MHz, 1935 MHz, 303.79 W, 70, P2, 0x0000000000000004
2026/08/26 22:18:27.076, 0, 20824 MiB, 77 %, 1935 MHz, 1935 MHz, 333.39 W, 71, P2, 0x0000000000000004
2026/08/26 22:18:28.076, 0, 20824 MiB, 78 %, 1935 MHz, 1935 MHz, 333.21 W, 71, P2, 0x0000000000000004
2026/08/26 22:18:29.076, 0, 20824 MiB, 40 %, 1935 MHz, 1935 MHz, 303.40 W, 71, P2, 0x0000000000000004
2026/08/26 22:18:30.077, 0, 20824 MiB, 76 %, 1935 MHz, 1935 MHz, 334.36 W, 71, P2, 0x0000000000000004
2026/08/26 22:18:31.077, 0, 20824 MiB, 72 %, 1935 MHz, 1935 MHz, 333.36 W, 72, P2, 0x0000000000000004
2026/08/26 22:18:32.077, 0, 20824 MiB, 79 %, 1935 MHz, 1935 MHz, 297.23 W, 71, P2, 0x0000000000000004
2026/08/26 22:18:33.077, 0, 20824 MiB, 77 %, 1935 MHz, 1935 MHz, 335.91 W, 72, P2, 0x0000000000000004
2026/08/26 22:18:34.077, 0, 20824 MiB, 80 %, 1935 MHz, 1935 MHz, 324.19 W, 72, P2, 0x0000000000000004
2026/08/26 22:18:35.077, 0, 20824 MiB, 78 %, 1935 MHz, 1935 MHz, 300.46 W, 72, P2, 0x0000000000000004
2026/08/26 22:18:36.077, 0, 20824 MiB, 77 %, 1935 MHz, 1935 MHz, 334.54 W, 72, P2, 0x0000000000000004
2026/08/26 22:18:37.078, 0, 20824 MiB, 77 %, 1935 MHz, 1935 MHz, 303.28 W, 69, P2, 0x0000000000000004
2026/08/26 22:18:38.078, 0, 20824 MiB, 79 %, 1935 MHz, 1935 MHz, 318.88 W, 73, P2, 0x0000000000000004
2026/08/26 22:18:39.078, 0, 20824 MiB, 79 %, 1920 MHz, 1920 MHz, 334.89 W, 73, P2, 0x0000000000000004
2026/08/26 22:18:40.078, 0, 392 MiB, 80 %, 1920 MHz, 1920 MHz, 274.76 W, 68, P2, 0x0000000000000000
2026/08/26 22:18:41.078, 0, 82 MiB, 0 %, 1935 MHz, 1935 MHz, 173.76 W, 66, P0, 0x0000000000000000
2026/08/26 22:18:42.078, 0, 82 MiB, 0 %, 1935 MHz, 1935 MHz, 172.53 W, 66, P0, 0x0000000000000000
2026/08/26 22:18:43.078, 0, 82 MiB, 0 %, 1935 MHz, 1935 MHz, 165.79 W, 65, P3, 0x0000000000000001
2026/08/26 22:18:44.079, 0, 82 MiB, 0 %, 270 MHz, 270 MHz, 129.73 W, 60, P3, 0x0000000000000001
2026/08/26 22:18:45.079, 0, 82 MiB, 0 %, 210 MHz, 210 MHz, 89.88 W, 59, P3, 0x0000000000000001
2026/08/26 22:18:46.079, 0, 82 MiB, 0 %, 210 MHz, 210 MHz, 84.62 W, 59, P5, 0x0000000000000001
2026/08/26 22:18:47.079, 0, 82 MiB, 0 %, 210 MHz, 210 MHz, 75.28 W, 58, P5, 0x0000000000000001
2026/08/26 22:18:48.079, 0, 82 MiB, 0 %, 210 MHz, 210 MHz, 51.09 W, 58, P8, 0x0000000000000001
2026/08/26 22:18:49.079, 0, 82 MiB, 0 %, 210 MHz, 210 MHz, 36.80 W, 56, P8, 0x0000000000000001
2026/08/26 22:18:50.080, 0, 82 MiB, 0 %, 210 MHz, 210 MHz, 34.97 W, 54, P8, 0x0000000000000001
2026/08/26 22:18:51.087, 0, 346 MiB, 0 %, 1695 MHz, 1695 MHz, 52.78 W, 57, P2, 0x0000000000000000
2026/08/26 22:18:52.087, 0, 346 MiB, 0 %, 1965 MHz, 1965 MHz, 157.17 W, 59, P2, 0x0000000000000000
2026/08/26 22:18:53.087, 0, 346 MiB, 0 %, 1695 MHz, 1695 MHz, 155.05 W, 59, P2, 0x0000000000000000
2026/08/26 22:18:54.087, 0, 20144 MiB, 100 %, 1695 MHz, 1695 MHz, 128.96 W, 58, P2, 0x0000000000000000
2026/08/26 22:18:55.087, 0, 20144 MiB, 99 %, 1965 MHz, 1965 MHz, 152.73 W, 59, P2, 0x0000000000000000
2026/08/26 22:18:56.087, 0, 20144 MiB, 99 %, 1965 MHz, 1965 MHz, 154.68 W, 59, P2, 0x0000000000000000
2026/08/26 22:18:57.088, 0, 20144 MiB, 100 %, 1965 MHz, 1965 MHz, 154.62 W, 59, P2, 0x0000000000000000
2026/08/26 22:18:58.088, 0, 20144 MiB, 100 %, 1965 MHz, 1965 MHz, 154.27 W, 59, P2, 0x0000000000000000
2026/08/26 22:18:59.088, 0, 20144 MiB, 99 %, 1965 MHz, 1965 MHz, 154.16 W, 59, P2, 0x0000000000000000
2026/08/26 22:19:00.088, 0, 20786 MiB, 99 %, 1965 MHz, 1965 MHz, 154.19 W, 59, P2, 0x0000000000000000
2026/08/26 22:19:01.088, 0, 20816 MiB, 25 %, 1965 MHz, 1965 MHz, 160.01 W, 59, P2, 0x0000000000000000
2026/08/26 22:19:02.088, 0, 20816 MiB, 78 %, 1950 MHz, 1950 MHz, 291.22 W, 65, P2, 0x0000000000000000
2026/08/26 22:19:03.088, 0, 20816 MiB, 79 %, 1935 MHz, 1935 MHz, 321.68 W, 66, P2, 0x0000000000000000
2026/08/26 22:19:04.088, 0, 20816 MiB, 66 %, 1935 MHz, 1935 MHz, 293.43 W, 64, P2, 0x0000000000000000
2026/08/26 22:19:05.089, 0, 20816 MiB, 77 %, 1935 MHz, 1935 MHz, 313.91 W, 67, P2, 0x0000000000000000
2026/08/26 22:19:06.089, 0, 20816 MiB, 75 %, 1935 MHz, 1935 MHz, 324.73 W, 67, P2, 0x0000000000000000
2026/08/26 22:19:07.089, 0, 20816 MiB, 75 %, 1935 MHz, 1935 MHz, 290.16 W, 67, P2, 0x0000000000000000
2026/08/26 22:19:08.089, 0, 20816 MiB, 77 %, 1935 MHz, 1935 MHz, 323.96 W, 67, P2, 0x0000000000000000
2026/08/26 22:19:09.089, 0, 20816 MiB, 76 %, 1935 MHz, 1935 MHz, 325.39 W, 68, P2, 0x0000000000000000
2026/08/26 22:19:10.089, 0, 20816 MiB, 78 %, 1935 MHz, 1935 MHz, 283.77 W, 68, P2, 0x0000000000000000
2026/08/26 22:19:11.089, 0, 20816 MiB, 79 %, 1935 MHz, 1935 MHz, 329.04 W, 68, P2, 0x0000000000000000
2026/08/26 22:19:12.089, 0, 20816 MiB, 78 %, 1935 MHz, 1935 MHz, 327.95 W, 68, P2, 0x0000000000000000
2026/08/26 22:19:13.090, 0, 20816 MiB, 76 %, 1935 MHz, 1935 MHz, 291.08 W, 68, P2, 0x0000000000000000
2026/08/26 22:19:14.090, 0, 20816 MiB, 78 %, 1935 MHz, 1935 MHz, 327.91 W, 69, P2, 0x0000000000000000
2026/08/26 22:19:15.090, 0, 20824 MiB, 80 %, 1935 MHz, 1935 MHz, 331.10 W, 69, P2, 0x0000000000000000
2026/08/26 22:19:16.090, 0, 20824 MiB, 78 %, 1935 MHz, 1935 MHz, 257.93 W, 69, P2, 0x0000000000000000
2026/08/26 22:19:17.090, 0, 20824 MiB, 77 %, 1935 MHz, 1935 MHz, 329.33 W, 69, P2, 0x0000000000000000
2026/08/26 22:19:18.090, 0, 20824 MiB, 77 %, 1935 MHz, 1935 MHz, 328.75 W, 69, P2, 0x0000000000000000
2026/08/26 22:19:19.090, 0, 20824 MiB, 77 %, 1935 MHz, 1935 MHz, 291.82 W, 69, P2, 0x0000000000000000
2026/08/26 22:19:20.091, 0, 20824 MiB, 78 %, 1935 MHz, 1935 MHz, 330.46 W, 70, P2, 0x0000000000000000
2026/08/26 22:19:21.091, 0, 20824 MiB, 77 %, 1935 MHz, 1935 MHz, 330.32 W, 70, P2, 0x0000000000000000
2026/08/26 22:19:22.091, 0, 20824 MiB, 77 %, 1935 MHz, 1935 MHz, 292.78 W, 70, P2, 0x0000000000000000
2026/08/26 22:19:23.091, 0, 20824 MiB, 78 %, 1935 MHz, 1935 MHz, 330.64 W, 71, P2, 0x0000000000000000
2026/08/26 22:19:24.091, 0, 20824 MiB, 28 %, 1920 MHz, 1920 MHz, 320.69 W, 68, P2, 0x0000000000000000
2026/08/26 22:19:25.091, 0, 20824 MiB, 78 %, 1920 MHz, 1920 MHz, 291.51 W, 70, P2, 0x0000000000000000
2026/08/26 22:19:26.091, 0, 20824 MiB, 77 %, 1920 MHz, 1920 MHz, 328.77 W, 71, P2, 0x0000000000000000
2026/08/26 22:19:27.091, 0, 20824 MiB, 71 %, 1920 MHz, 1920 MHz, 303.91 W, 68, P2, 0x0000000000000000
2026/08/26 22:19:28.092, 0, 20824 MiB, 78 %, 1920 MHz, 1920 MHz, 307.95 W, 71, P2, 0x0000000000000000
2026/08/26 22:19:29.092, 0, 20824 MiB, 74 %, 1920 MHz, 1920 MHz, 327.83 W, 71, P2, 0x0000000000000000
2026/08/26 22:19:30.092, 0, 20824 MiB, 73 %, 1920 MHz, 1920 MHz, 293.91 W, 70, P2, 0x0000000000000000
2026/08/26 22:19:31.092, 0, 20824 MiB, 77 %, 1920 MHz, 1920 MHz, 323.41 W, 72, P2, 0x0000000000000000
2026/08/26 22:19:32.092, 0, 20824 MiB, 75 %, 1920 MHz, 1920 MHz, 329.81 W, 72, P2, 0x0000000000000000
2026/08/26 22:19:33.092, 0, 346 MiB, 100 %, 1920 MHz, 1920 MHz, 261.93 W, 67, P0, 0x0000000000000000
2026/08/26 22:19:34.141, 0, 346 MiB, 0 %, 1935 MHz, 1935 MHz, 176.52 W, 65, P2, 0x0000000000000000
2026/08/26 22:19:35.141, 0, 346 MiB, 1 %, 1695 MHz, 1695 MHz, 165.22 W, 64, P2, 0x0000000000000000
2026/08/26 22:19:36.141, 0, 346 MiB, 1 %, 1695 MHz, 1695 MHz, 137.81 W, 62, P2, 0x0000000000000000
2026/08/26 22:19:37.141, 0, 19044 MiB, 0 %, 1935 MHz, 1935 MHz, 133.27 W, 62, P2, 0x0000000000000000
2026/08/26 22:19:38.142, 0, 19044 MiB, 100 %, 1935 MHz, 1935 MHz, 167.78 W, 62, P2, 0x0000000000000000
2026/08/26 22:19:39.142, 0, 19044 MiB, 100 %, 1935 MHz, 1935 MHz, 167.04 W, 63, P2, 0x0000000000000000
2026/08/26 22:19:40.142, 0, 19044 MiB, 100 %, 1935 MHz, 1935 MHz, 166.41 W, 62, P2, 0x0000000000000000
2026/08/26 22:19:41.142, 0, 19044 MiB, 99 %, 1935 MHz, 1935 MHz, 166.63 W, 62, P2, 0x0000000000000000
2026/08/26 22:19:42.142, 0, 19044 MiB, 99 %, 1935 MHz, 1935 MHz, 166.17 W, 62, P2, 0x0000000000000000
2026/08/26 22:19:43.142, 0, 19044 MiB, 100 %, 1935 MHz, 1935 MHz, 165.63 W, 62, P2, 0x0000000000000000
2026/08/26 22:19:44.142, 0, 19044 MiB, 100 %, 1935 MHz, 1935 MHz, 165.97 W, 62, P2, 0x0000000000000000
2026/08/26 22:19:45.143, 0, 19044 MiB, 100 %, 1935 MHz, 1935 MHz, 166.36 W, 61, P2, 0x0000000000000000
2026/08/26 22:19:46.143, 0, 21094 MiB, 100 %, 1935 MHz, 1935 MHz, 165.19 W, 61, P2, 0x0000000000000000
2026/08/26 22:19:47.143, 0, 22270 MiB, 0 %, 1950 MHz, 1950 MHz, 186.86 W, 65, P2, 0x0000000000000000
2026/08/26 22:19:48.143, 0, 22270 MiB, 77 %, 1935 MHz, 1935 MHz, 317.91 W, 67, P2, 0x0000000000000004
2026/08/26 22:19:49.143, 0, 22270 MiB, 75 %, 1935 MHz, 1935 MHz, 318.86 W, 67, P2, 0x0000000000000004
2026/08/26 22:19:50.143, 0, 22270 MiB, 78 %, 1935 MHz, 1935 MHz, 288.26 W, 68, P2, 0x0000000000000004
2026/08/26 22:19:51.144, 0, 22270 MiB, 79 %, 1935 MHz, 1935 MHz, 322.13 W, 68, P2, 0x0000000000000004
2026/08/26 22:19:52.144, 0, 22270 MiB, 77 %, 1935 MHz, 1935 MHz, 285.99 W, 68, P2, 0x0000000000000004
2026/08/26 22:19:53.144, 0, 22270 MiB, 78 %, 1935 MHz, 1935 MHz, 317.80 W, 68, P2, 0x0000000000000004
2026/08/26 22:19:54.144, 0, 22270 MiB, 80 %, 1935 MHz, 1935 MHz, 318.91 W, 69, P2, 0x0000000000000004
2026/08/26 22:19:55.144, 0, 22286 MiB, 76 %, 1935 MHz, 1935 MHz, 283.33 W, 68, P2, 0x0000000000000000
2026/08/26 22:19:56.145, 0, 22286 MiB, 79 %, 1935 MHz, 1935 MHz, 320.57 W, 69, P2, 0x0000000000000004
2026/08/26 22:19:57.145, 0, 22286 MiB, 78 %, 1935 MHz, 1935 MHz, 281.12 W, 65, P2, 0x0000000000000000
2026/08/26 22:19:58.145, 0, 22286 MiB, 78 %, 1935 MHz, 1935 MHz, 309.55 W, 69, P2, 0x0000000000000004
2026/08/26 22:19:59.145, 0, 22286 MiB, 76 %, 1935 MHz, 1935 MHz, 319.27 W, 69, P2, 0x0000000000000000
2026/08/26 22:20:00.145, 0, 22292 MiB, 100 %, 1935 MHz, 1935 MHz, 228.14 W, 68, P2, 0x0000000000000000
2026/08/26 22:20:01.146, 0, 22292 MiB, 80 %, 1935 MHz, 1935 MHz, 318.86 W, 69, P2, 0x0000000000000004
2026/08/26 22:20:02.146, 0, 22292 MiB, 78 %, 1935 MHz, 1935 MHz, 292.44 W, 67, P2, 0x0000000000000004
2026/08/26 22:20:03.146, 0, 22292 MiB, 78 %, 1935 MHz, 1935 MHz, 306.12 W, 69, P2, 0x0000000000000004
2026/08/26 22:20:04.146, 0, 22292 MiB, 78 %, 1935 MHz, 1935 MHz, 322.70 W, 70, P2, 0x0000000000000004
2026/08/26 22:20:05.146, 0, 22292 MiB, 62 %, 1935 MHz, 1935 MHz, 288.07 W, 69, P2, 0x0000000000000004
2026/08/26 22:20:06.147, 0, 22292 MiB, 74 %, 1935 MHz, 1935 MHz, 319.43 W, 69, P2, 0x0000000000000004
2026/08/26 22:20:07.147, 0, 22292 MiB, 70 %, 1935 MHz, 1935 MHz, 288.00 W, 69, P2, 0x0000000000000000
2026/08/26 22:20:08.147, 0, 22292 MiB, 79 %, 1935 MHz, 1935 MHz, 319.54 W, 70, P2, 0x0000000000000004
2026/08/26 22:20:09.147, 0, 22292 MiB, 79 %, 1935 MHz, 1935 MHz, 305.97 W, 70, P2, 0x0000000000000000
2026/08/26 22:20:10.147, 0, 22292 MiB, 80 %, 1935 MHz, 1935 MHz, 293.50 W, 70, P2, 0x0000000000000004
2026/08/26 22:20:11.147, 0, 22292 MiB, 81 %, 1935 MHz, 1935 MHz, 321.84 W, 70, P2, 0x0000000000000004
2026/08/26 22:20:12.148, 0, 22292 MiB, 80 %, 1935 MHz, 1935 MHz, 292.67 W, 68, P2, 0x0000000000000000
2026/08/26 22:20:13.148, 0, 22292 MiB, 74 %, 1935 MHz, 1935 MHz, 322.80 W, 71, P2, 0x0000000000000004
2026/08/26 22:20:14.148, 0, 22292 MiB, 77 %, 1935 MHz, 1935 MHz, 322.35 W, 71, P2, 0x0000000000000000
2026/08/26 22:20:15.148, 0, 85 MiB, 98 %, 1920 MHz, 1920 MHz, 280.20 W, 67, P2, 0x0000000000000000
2026/08/26 22:20:16.315, 0, 346 MiB, 0 %, 1935 MHz, 1935 MHz, 176.02 W, 64, P2, 0x0000000000000000
2026/08/26 22:20:17.316, 0, 346 MiB, 0 %, 1935 MHz, 1935 MHz, 163.35 W, 63, P2, 0x0000000000000000
2026/08/26 22:20:18.316, 0, 346 MiB, 8 %, 1695 MHz, 1695 MHz, 142.23 W, 61, P2, 0x0000000000000000
2026/08/26 22:20:19.316, 0, 19044 MiB, 0 %, 1935 MHz, 1935 MHz, 133.23 W, 61, P2, 0x0000000000000000
2026/08/26 22:20:20.317, 0, 19044 MiB, 100 %, 1935 MHz, 1935 MHz, 159.13 W, 62, P2, 0x0000000000000000
2026/08/26 22:20:21.317, 0, 19044 MiB, 99 %, 1935 MHz, 1935 MHz, 158.55 W, 62, P2, 0x0000000000000000
2026/08/26 22:20:22.317, 0, 19044 MiB, 99 %, 1935 MHz, 1935 MHz, 158.09 W, 61, P2, 0x0000000000000000
2026/08/26 22:20:23.318, 0, 19044 MiB, 99 %, 1935 MHz, 1935 MHz, 157.96 W, 61, P2, 0x0000000000000000
2026/08/26 22:20:24.318, 0, 19044 MiB, 100 %, 1935 MHz, 1935 MHz, 157.69 W, 61, P2, 0x0000000000000000
2026/08/26 22:20:25.318, 0, 19044 MiB, 100 %, 1950 MHz, 1950 MHz, 160.43 W, 61, P2, 0x0000000000000000
2026/08/26 22:20:26.318, 0, 22218 MiB, 0 %, 1950 MHz, 1950 MHz, 163.46 W, 61, P2, 0x0000000000000000
2026/08/26 22:20:27.318, 0, 22270 MiB, 44 %, 1935 MHz, 1935 MHz, 231.85 W, 66, P2, 0x0000000000000000
2026/08/26 22:20:28.318, 0, 22270 MiB, 79 %, 1935 MHz, 1935 MHz, 318.19 W, 67, P2, 0x0000000000000004
2026/08/26 22:20:29.319, 0, 22270 MiB, 78 %, 1935 MHz, 1935 MHz, 288.71 W, 66, P2, 0x0000000000000000
2026/08/26 22:20:30.319, 0, 22270 MiB, 79 %, 1935 MHz, 1935 MHz, 318.36 W, 68, P2, 0x0000000000000004
2026/08/26 22:20:31.319, 0, 22270 MiB, 80 %, 1935 MHz, 1935 MHz, 321.19 W, 68, P2, 0x0000000000000004
2026/08/26 22:20:32.319, 0, 22270 MiB, 73 %, 1935 MHz, 1935 MHz, 291.59 W, 68, P2, 0x0000000000000004
2026/08/26 22:20:33.319, 0, 22270 MiB, 78 %, 1935 MHz, 1935 MHz, 318.50 W, 69, P2, 0x0000000000000004
2026/08/26 22:20:34.319, 0, 22286 MiB, 77 %, 1935 MHz, 1935 MHz, 279.02 W, 67, P2, 0x0000000000000000
2026/08/26 22:20:35.320, 0, 22286 MiB, 76 %, 1935 MHz, 1935 MHz, 311.85 W, 68, P2, 0x0000000000000004
2026/08/26 22:20:36.320, 0, 22286 MiB, 79 %, 1935 MHz, 1935 MHz, 322.00 W, 69, P2, 0x0000000000000004
2026/08/26 22:20:37.320, 0, 22286 MiB, 80 %, 1935 MHz, 1935 MHz, 278.09 W, 69, P2, 0x0000000000000004
2026/08/26 22:20:38.320, 0, 22286 MiB, 80 %, 1935 MHz, 1935 MHz, 321.44 W, 69, P2, 0x0000000000000004
2026/08/26 22:20:39.320, 0, 22292 MiB, 80 %, 1800 MHz, 1800 MHz, 284.53 W, 65, P2, 0x0000000000000004
2026/08/26 22:20:40.321, 0, 22292 MiB, 74 %, 1935 MHz, 1935 MHz, 246.37 W, 69, P2, 0x0000000000000004
2026/08/26 22:20:41.321, 0, 22292 MiB, 78 %, 1935 MHz, 1935 MHz, 318.80 W, 69, P2, 0x0000000000000004
2026/08/26 22:20:42.321, 0, 22292 MiB, 42 %, 1935 MHz, 1935 MHz, 285.36 W, 69, P2, 0x0000000000000004
2026/08/26 22:20:43.321, 0, 22292 MiB, 78 %, 1935 MHz, 1935 MHz, 319.59 W, 70, P2, 0x0000000000000004
2026/08/26 22:20:44.322, 0, 22292 MiB, 80 %, 1935 MHz, 1935 MHz, 320.84 W, 70, P2, 0x0000000000000004
2026/08/26 22:20:45.322, 0, 22292 MiB, 78 %, 1935 MHz, 1935 MHz, 286.20 W, 69, P2, 0x0000000000000004
2026/08/26 22:20:46.322, 0, 22292 MiB, 80 %, 1935 MHz, 1935 MHz, 318.09 W, 70, P2, 0x0000000000000004
2026/08/26 22:20:47.322, 0, 22292 MiB, 67 %, 1935 MHz, 1935 MHz, 289.45 W, 70, P2, 0x0000000000000004
2026/08/26 22:20:48.322, 0, 22292 MiB, 80 %, 1935 MHz, 1935 MHz, 323.02 W, 70, P2, 0x0000000000000004
2026/08/26 22:20:49.322, 0, 22292 MiB, 79 %, 1935 MHz, 1935 MHz, 285.20 W, 68, P2, 0x0000000000000000
2026/08/26 22:20:50.322, 0, 22292 MiB, 80 %, 1935 MHz, 1935 MHz, 310.52 W, 70, P2, 0x0000000000000004
2026/08/26 22:20:51.323, 0, 22292 MiB, 82 %, 1935 MHz, 1935 MHz, 325.58 W, 71, P2, 0x0000000000000004
2026/08/26 22:20:52.323, 0, 22292 MiB, 30 %, 1920 MHz, 1920 MHz, 291.71 W, 70, P2, 0x0000000000000004
2026/08/26 22:20:53.323, 0, 22292 MiB, 78 %, 1920 MHz, 1920 MHz, 321.86 W, 71, P2, 0x0000000000000004
2026/08/26 22:20:54.323, 0, 22292 MiB, 79 %, 1920 MHz, 1920 MHz, 326.62 W, 71, P2, 0x0000000000000004
2026/08/26 22:20:55.323, 0, 346 MiB, 100 %, 1920 MHz, 1920 MHz, 264.28 W, 67, P2, 0x0000000000000000
2026/08/26 22:20:56.476, 0, 346 MiB, 0 %, 1935 MHz, 1935 MHz, 172.26 W, 64, P2, 0x0000000000000000
2026/08/26 22:20:57.561, 0, 346 MiB, 6 %, 1695 MHz, 1695 MHz, 164.63 W, 64, P2, 0x0000000000000000
2026/08/26 22:20:58.561, 0, 20144 MiB, 7 %, 1695 MHz, 1695 MHz, 136.36 W, 61, P2, 0x0000000000000000
2026/08/26 22:20:59.562, 0, 20144 MiB, 100 %, 1935 MHz, 1935 MHz, 154.94 W, 62, P2, 0x0000000000000000
2026/08/26 22:21:00.562, 0, 20144 MiB, 100 %, 1935 MHz, 1935 MHz, 159.46 W, 62, P2, 0x0000000000000000
2026/08/26 22:21:01.562, 0, 20144 MiB, 99 %, 1935 MHz, 1935 MHz, 159.09 W, 62, P2, 0x0000000000000000
2026/08/26 22:21:02.562, 0, 20144 MiB, 99 %, 1935 MHz, 1935 MHz, 158.67 W, 62, P2, 0x0000000000000000
2026/08/26 22:21:03.562, 0, 20144 MiB, 99 %, 1935 MHz, 1935 MHz, 158.26 W, 61, P2, 0x0000000000000000
2026/08/26 22:21:04.562, 0, 20144 MiB, 100 %, 1935 MHz, 1935 MHz, 157.96 W, 61, P2, 0x0000000000000000
2026/08/26 22:21:05.562, 0, 20802 MiB, 100 %, 1935 MHz, 1935 MHz, 160.44 W, 61, P2, 0x0000000000000024
2026/08/26 22:21:06.562, 0, 20816 MiB, 76 %, 1935 MHz, 1935 MHz, 282.01 W, 67, P2, 0x0000000000000000
2026/08/26 22:21:07.563, 0, 20816 MiB, 76 %, 1935 MHz, 1935 MHz, 327.56 W, 68, P2, 0x0000000000000000
2026/08/26 22:21:08.563, 0, 20816 MiB, 78 %, 1935 MHz, 1935 MHz, 309.06 W, 65, P2, 0x0000000000000000
2026/08/26 22:21:09.563, 0, 20816 MiB, 77 %, 1935 MHz, 1935 MHz, 307.92 W, 69, P2, 0x0000000000000000
2026/08/26 22:21:10.563, 0, 20816 MiB, 79 %, 1935 MHz, 1935 MHz, 335.71 W, 70, P2, 0x0000000000000000
2026/08/26 22:21:11.563, 0, 20816 MiB, 78 %, 1935 MHz, 1935 MHz, 298.52 W, 69, P2, 0x0000000000000000
2026/08/26 22:21:12.563, 0, 20816 MiB, 78 %, 1935 MHz, 1935 MHz, 332.67 W, 70, P2, 0x0000000000000000
2026/08/26 22:21:13.563, 0, 20816 MiB, 78 %, 1935 MHz, 1935 MHz, 333.32 W, 70, P2, 0x0000000000000000
2026/08/26 22:21:14.572, 0, 20816 MiB, 27 %, 1935 MHz, 1935 MHz, 287.43 W, 69, P2, 0x0000000000000000
2026/08/26 22:21:15.572, 0, 20816 MiB, 78 %, 1935 MHz, 1935 MHz, 334.15 W, 70, P2, 0x0000000000000000
2026/08/26 22:21:16.572, 0, 20816 MiB, 78 %, 1935 MHz, 1935 MHz, 332.79 W, 71, P2, 0x0000000000000000
2026/08/26 22:21:17.573, 0, 20816 MiB, 21 %, 1935 MHz, 1935 MHz, 294.80 W, 70, P2, 0x0000000000000000
2026/08/26 22:21:18.573, 0, 20816 MiB, 78 %, 1920 MHz, 1920 MHz, 334.45 W, 71, P2, 0x0000000000000000
2026/08/26 22:21:19.573, 0, 20816 MiB, 77 %, 1920 MHz, 1920 MHz, 329.89 W, 71, P2, 0x0000000000000000
2026/08/26 22:21:20.573, 0, 20824 MiB, 78 %, 1935 MHz, 1935 MHz, 264.06 W, 70, P2, 0x0000000000000024
2026/08/26 22:21:21.573, 0, 20824 MiB, 77 %, 1920 MHz, 1920 MHz, 328.19 W, 71, P2, 0x0000000000000000
2026/08/26 22:21:22.573, 0, 20824 MiB, 78 %, 1920 MHz, 1920 MHz, 332.27 W, 71, P2, 0x0000000000000000
2026/08/26 22:21:23.573, 0, 20824 MiB, 27 %, 1920 MHz, 1920 MHz, 293.12 W, 71, P2, 0x0000000000000004
2026/08/26 22:21:24.574, 0, 20824 MiB, 78 %, 1920 MHz, 1920 MHz, 332.36 W, 71, P2, 0x0000000000000000
2026/08/26 22:21:25.574, 0, 20824 MiB, 76 %, 1920 MHz, 1920 MHz, 330.98 W, 72, P2, 0x0000000000000000
2026/08/26 22:21:26.574, 0, 20824 MiB, 68 %, 1920 MHz, 1920 MHz, 297.54 W, 72, P2, 0x0000000000000000
2026/08/26 22:21:27.574, 0, 20824 MiB, 78 %, 1920 MHz, 1920 MHz, 333.93 W, 72, P2, 0x0000000000000000
2026/08/26 22:21:28.574, 0, 20824 MiB, 77 %, 1920 MHz, 1920 MHz, 333.05 W, 72, P2, 0x0000000000000000
2026/08/26 22:21:29.574, 0, 20824 MiB, 78 %, 1920 MHz, 1920 MHz, 302.98 W, 72, P2, 0x0000000000000000
2026/08/26 22:21:30.574, 0, 20824 MiB, 77 %, 1920 MHz, 1920 MHz, 333.73 W, 72, P2, 0x0000000000000000
2026/08/26 22:21:31.574, 0, 20824 MiB, 77 %, 1920 MHz, 1920 MHz, 326.66 W, 70, P2, 0x0000000000000000
2026/08/26 22:21:32.575, 0, 20824 MiB, 77 %, 1920 MHz, 1920 MHz, 299.48 W, 73, P2, 0x0000000000000000
2026/08/26 22:21:33.575, 0, 20824 MiB, 78 %, 1920 MHz, 1920 MHz, 334.70 W, 73, P2, 0x0000000000000000
2026/08/26 22:21:34.575, 0, 20824 MiB, 79 %, 1920 MHz, 1920 MHz, 307.88 W, 69, P2, 0x0000000000000004
2026/08/26 22:21:35.575, 0, 20824 MiB, 78 %, 1920 MHz, 1920 MHz, 312.03 W, 73, P2, 0x0000000000000000
2026/08/26 22:21:36.575, 0, 20824 MiB, 78 %, 1920 MHz, 1920 MHz, 337.36 W, 74, P2, 0x0000000000000000
2026/08/26 22:21:37.575, 0, 389 MiB, 77 %, 1920 MHz, 1920 MHz, 291.04 W, 69, P2, 0x0000000000000000
2026/08/26 22:21:38.575, 0, 82 MiB, 0 %, 1920 MHz, 1920 MHz, 176.87 W, 67, P0, 0x0000000000000000
2026/08/26 22:21:39.576, 0, 82 MiB, 0 %, 1920 MHz, 1920 MHz, 173.07 W, 66, P0, 0x0000000000000000
2026/08/26 22:21:40.576, 0, 82 MiB, 0 %, 1935 MHz, 1935 MHz, 164.88 W, 65, P3, 0x0000000000000001
2026/08/26 22:21:41.576, 0, 82 MiB, 0 %, 315 MHz, 315 MHz, 128.46 W, 61, P3, 0x0000000000000001
2026/08/26 22:21:42.576, 0, 82 MiB, 0 %, 210 MHz, 210 MHz, 89.50 W, 60, P3, 0x0000000000000001
2026/08/26 22:21:43.576, 0, 82 MiB, 0 %, 210 MHz, 210 MHz, 85.22 W, 59, P5, 0x0000000000000001
2026/08/26 22:21:44.576, 0, 82 MiB, 0 %, 210 MHz, 210 MHz, 63.44 W, 58, P5, 0x0000000000000001
2026/08/26 22:21:45.576, 0, 82 MiB, 0 %, 210 MHz, 210 MHz, 41.33 W, 56, P8, 0x0000000000000001
2026/08/26 22:21:46.577, 0, 82 MiB, 0 %, 210 MHz, 210 MHz, 36.24 W, 56, P8, 0x0000000000000001
2026/08/26 22:21:47.577, 0, 85 MiB, 0 %, 210 MHz, 210 MHz, 32.86 W, 54, P8, 0x0000000000000001
2026/08/26 22:21:48.577, 0, 598 MiB, 0 %, 1965 MHz, 1965 MHz, 59.80 W, 58, P2, 0x0000000000000000
2026/08/26 22:21:49.577, 0, 346 MiB, 0 %, 1950 MHz, 1950 MHz, 164.28 W, 60, P2, 0x0000000000000000
2026/08/26 22:21:50.577, 0, 346 MiB, 0 %, 1695 MHz, 1695 MHz, 165.83 W, 60, P2, 0x0000000000000000
2026/08/26 22:21:51.577, 0, 20144 MiB, 100 %, 1695 MHz, 1695 MHz, 135.02 W, 58, P2, 0x0000000000000000
2026/08/26 22:21:52.577, 0, 20144 MiB, 100 %, 1950 MHz, 1950 MHz, 153.36 W, 60, P2, 0x0000000000000000
2026/08/26 22:21:53.578, 0, 20144 MiB, 100 %, 1950 MHz, 1950 MHz, 164.11 W, 60, P2, 0x0000000000000000
2026/08/26 22:21:54.578, 0, 20144 MiB, 100 %, 1950 MHz, 1950 MHz, 163.29 W, 60, P2, 0x0000000000000000
2026/08/26 22:21:55.578, 0, 20144 MiB, 99 %, 1950 MHz, 1950 MHz, 162.62 W, 60, P2, 0x0000000000000000
2026/08/26 22:21:56.578, 0, 20144 MiB, 99 %, 1950 MHz, 1950 MHz, 162.99 W, 60, P2, 0x0000000000000000
2026/08/26 22:21:57.578, 0, 20144 MiB, 99 %, 1950 MHz, 1950 MHz, 163.93 W, 59, P2, 0x0000000000000000
2026/08/26 22:21:58.578, 0, 20144 MiB, 99 %, 1950 MHz, 1950 MHz, 162.28 W, 59, P2, 0x0000000000000000
2026/08/26 22:21:59.578, 0, 20144 MiB, 99 %, 1950 MHz, 1950 MHz, 162.81 W, 59, P2, 0x0000000000000000
2026/08/26 22:22:00.579, 0, 20144 MiB, 100 %, 1950 MHz, 1950 MHz, 165.43 W, 59, P2, 0x0000000000000000
2026/08/26 22:22:01.579, 0, 20802 MiB, 100 %, 1950 MHz, 1950 MHz, 165.23 W, 59, P2, 0x0000000000000000
2026/08/26 22:22:02.579, 0, 20816 MiB, 77 %, 1950 MHz, 1950 MHz, 224.01 W, 64, P2, 0x0000000000000000
2026/08/26 22:22:03.579, 0, 20816 MiB, 78 %, 1950 MHz, 1950 MHz, 324.35 W, 66, P2, 0x0000000000000000
2026/08/26 22:22:04.579, 0, 20816 MiB, 77 %, 1950 MHz, 1950 MHz, 327.11 W, 67, P2, 0x0000000000000000
2026/08/26 22:22:05.579, 0, 20816 MiB, 77 %, 1950 MHz, 1950 MHz, 291.00 W, 67, P2, 0x0000000000000000
2026/08/26 22:22:06.579, 0, 20816 MiB, 78 %, 1950 MHz, 1950 MHz, 329.47 W, 67, P2, 0x0000000000000000
2026/08/26 22:22:07.579, 0, 20816 MiB, 79 %, 1950 MHz, 1950 MHz, 331.67 W, 68, P2, 0x0000000000000000
2026/08/26 22:22:08.579, 0, 20816 MiB, 77 %, 1950 MHz, 1950 MHz, 290.72 W, 68, P2, 0x0000000000000000
2026/08/26 22:22:09.580, 0, 20816 MiB, 78 %, 1950 MHz, 1950 MHz, 331.05 W, 68, P2, 0x0000000000000000
2026/08/26 22:22:10.580, 0, 20816 MiB, 8 %, 1950 MHz, 1950 MHz, 319.57 W, 65, P2, 0x0000000000000000
2026/08/26 22:22:11.580, 0, 20816 MiB, 76 %, 1950 MHz, 1950 MHz, 284.14 W, 68, P2, 0x0000000000000000
2026/08/26 22:22:12.580, 0, 20816 MiB, 77 %, 1950 MHz, 1950 MHz, 329.89 W, 69, P2, 0x0000000000000000
2026/08/26 22:22:13.580, 0, 20816 MiB, 42 %, 1950 MHz, 1950 MHz, 305.16 W, 64, P2, 0x0000000000000000
2026/08/26 22:22:14.580, 0, 20816 MiB, 77 %, 1950 MHz, 1950 MHz, 294.86 W, 69, P2, 0x0000000000000000
2026/08/26 22:22:15.580, 0, 20816 MiB, 77 %, 1950 MHz, 1950 MHz, 332.49 W, 69, P2, 0x0000000000000000
2026/08/26 22:22:16.580, 0, 20824 MiB, 96 %, 1935 MHz, 1935 MHz, 303.34 W, 68, P2, 0x0000000000000004
2026/08/26 22:22:17.581, 0, 20824 MiB, 76 %, 1950 MHz, 1950 MHz, 276.56 W, 69, P2, 0x0000000000000000
2026/08/26 22:22:18.581, 0, 20824 MiB, 79 %, 1935 MHz, 1935 MHz, 330.46 W, 69, P2, 0x0000000000000000
2026/08/26 22:22:19.581, 0, 20824 MiB, 28 %, 1935 MHz, 1935 MHz, 315.18 W, 66, P2, 0x0000000000000000
2026/08/26 22:22:20.581, 0, 20824 MiB, 77 %, 1935 MHz, 1935 MHz, 291.17 W, 70, P2, 0x0000000000000000
2026/08/26 22:22:21.581, 0, 20824 MiB, 77 %, 1935 MHz, 1935 MHz, 330.70 W, 70, P2, 0x0000000000000000
2026/08/26 22:22:22.581, 0, 20824 MiB, 73 %, 1890 MHz, 1890 MHz, 301.80 W, 67, P2, 0x0000000000000004
2026/08/26 22:22:23.581, 0, 20824 MiB, 78 %, 1935 MHz, 1935 MHz, 312.41 W, 71, P2, 0x0000000000000000
2026/08/26 22:22:24.581, 0, 20824 MiB, 79 %, 1935 MHz, 1935 MHz, 331.37 W, 71, P2, 0x0000000000000000
2026/08/26 22:22:25.582, 0, 20824 MiB, 77 %, 1920 MHz, 1920 MHz, 294.16 W, 69, P2, 0x0000000000000004
2026/08/26 22:22:26.582, 0, 20824 MiB, 80 %, 1935 MHz, 1935 MHz, 323.42 W, 71, P2, 0x0000000000000000
2026/08/26 22:22:27.582, 0, 20824 MiB, 77 %, 1935 MHz, 1935 MHz, 333.09 W, 71, P2, 0x0000000000000000
2026/08/26 22:22:28.582, 0, 20824 MiB, 79 %, 1935 MHz, 1935 MHz, 296.88 W, 71, P2, 0x0000000000000000
2026/08/26 22:22:29.582, 0, 20824 MiB, 78 %, 1935 MHz, 1935 MHz, 335.39 W, 72, P2, 0x0000000000000000
2026/08/26 22:22:30.582, 0, 20824 MiB, 77 %, 1935 MHz, 1935 MHz, 334.56 W, 72, P2, 0x0000000000000000
2026/08/26 22:22:31.582, 0, 20824 MiB, 76 %, 1935 MHz, 1935 MHz, 296.95 W, 72, P2, 0x0000000000000000
2026/08/26 22:22:32.582, 0, 20824 MiB, 77 %, 1935 MHz, 1935 MHz, 335.96 W, 72, P2, 0x0000000000000000
2026/08/26 22:22:33.583, 0, 392 MiB, 77 %, 1935 MHz, 1935 MHz, 335.97 W, 73, P2, 0x0000000000000000
2026/08/26 22:22:34.583, 0, 346 MiB, 0 %, 1935 MHz, 1935 MHz, 225.59 W, 67, P0, 0x0000000000000000
2026/08/26 22:22:35.583, 0, 346 MiB, 0 %, 1935 MHz, 1935 MHz, 176.00 W, 65, P2, 0x0000000000000000
2026/08/26 22:22:36.583, 0, 346 MiB, 0 %, 1935 MHz, 1935 MHz, 171.98 W, 64, P2, 0x0000000000000024
2026/08/26 22:22:37.583, 0, 346 MiB, 0 %, 1695 MHz, 1695 MHz, 148.15 W, 62, P2, 0x0000000000000000
2026/08/26 22:22:38.583, 0, 19044 MiB, 100 %, 1695 MHz, 1695 MHz, 135.37 W, 62, P2, 0x0000000000000000
2026/08/26 22:22:39.584, 0, 19044 MiB, 100 %, 1950 MHz, 1950 MHz, 158.85 W, 63, P2, 0x0000000000000000
2026/08/26 22:22:40.584, 0, 19044 MiB, 100 %, 1950 MHz, 1950 MHz, 172.21 W, 63, P2, 0x0000000000000000
2026/08/26 22:22:41.584, 0, 19044 MiB, 100 %, 1950 MHz, 1950 MHz, 172.04 W, 63, P2, 0x0000000000000000
2026/08/26 22:22:42.584, 0, 19044 MiB, 100 %, 1950 MHz, 1950 MHz, 171.50 W, 63, P2, 0x0000000000000000
2026/08/26 22:22:43.584, 0, 19044 MiB, 100 %, 1950 MHz, 1950 MHz, 171.47 W, 62, P2, 0x0000000000000000
2026/08/26 22:22:44.584, 0, 19044 MiB, 100 %, 1950 MHz, 1950 MHz, 171.15 W, 62, P2, 0x0000000000000000
2026/08/26 22:22:45.584, 0, 19044 MiB, 100 %, 1950 MHz, 1950 MHz, 170.93 W, 62, P2, 0x0000000000000000
2026/08/26 22:22:46.584, 0, 19044 MiB, 99 %, 1950 MHz, 1950 MHz, 170.75 W, 62, P2, 0x0000000000000000
2026/08/26 22:22:47.585, 0, 19044 MiB, 100 %, 1950 MHz, 1950 MHz, 170.43 W, 62, P2, 0x0000000000000000
2026/08/26 22:22:48.585, 0, 19044 MiB, 100 %, 1950 MHz, 1950 MHz, 170.46 W, 61, P2, 0x0000000000000000
2026/08/26 22:22:49.585, 0, 20188 MiB, 100 %, 1950 MHz, 1950 MHz, 170.29 W, 61, P2, 0x0000000000000000
2026/08/26 22:22:50.585, 0, 22250 MiB, 99 %, 1950 MHz, 1950 MHz, 177.01 W, 61, P2, 0x0000000000000000
2026/08/26 22:22:51.585, 0, 22270 MiB, 73 %, 1950 MHz, 1950 MHz, 302.72 W, 66, P2, 0x0000000000000000
2026/08/26 22:22:52.585, 0, 22270 MiB, 73 %, 1935 MHz, 1935 MHz, 327.79 W, 67, P2, 0x0000000000000000
2026/08/26 22:22:53.585, 0, 22270 MiB, 70 %, 1935 MHz, 1935 MHz, 294.58 W, 66, P2, 0x0000000000000000
2026/08/26 22:22:54.586, 0, 22270 MiB, 75 %, 1950 MHz, 1950 MHz, 323.64 W, 68, P2, 0x0000000000000000
2026/08/26 22:22:55.586, 0, 22270 MiB, 80 %, 1950 MHz, 1950 MHz, 291.24 W, 67, P2, 0x0000000000000000
2026/08/26 22:22:56.586, 0, 22270 MiB, 77 %, 1950 MHz, 1950 MHz, 325.92 W, 68, P2, 0x0000000000000000
2026/08/26 22:22:57.586, 0, 22270 MiB, 79 %, 1950 MHz, 1950 MHz, 320.08 W, 69, P2, 0x0000000000000004
2026/08/26 22:22:58.586, 0, 22286 MiB, 73 %, 1935 MHz, 1935 MHz, 280.69 W, 68, P2, 0x0000000000000004
2026/08/26 22:22:59.587, 0, 22286 MiB, 81 %, 1935 MHz, 1935 MHz, 321.47 W, 68, P2, 0x0000000000000004
2026/08/26 22:23:00.587, 0, 22286 MiB, 78 %, 1950 MHz, 1950 MHz, 283.96 W, 65, P2, 0x0000000000000000
2026/08/26 22:23:01.587, 0, 22286 MiB, 77 %, 1935 MHz, 1935 MHz, 314.89 W, 69, P2, 0x0000000000000000
2026/08/26 22:23:02.587, 0, 22286 MiB, 75 %, 1935 MHz, 1935 MHz, 307.07 W, 68, P2, 0x0000000000000000
2026/08/26 22:23:03.587, 0, 22292 MiB, 99 %, 1950 MHz, 1950 MHz, 223.29 W, 68, P2, 0x0000000000000000
2026/08/26 22:23:04.588, 0, 22292 MiB, 77 %, 1935 MHz, 1935 MHz, 320.85 W, 69, P2, 0x0000000000000004
2026/08/26 22:23:05.588, 0, 22292 MiB, 76 %, 1950 MHz, 1950 MHz, 297.17 W, 66, P2, 0x0000000000000004
2026/08/26 22:23:06.588, 0, 22292 MiB, 76 %, 1935 MHz, 1935 MHz, 314.65 W, 69, P2, 0x0000000000000000
2026/08/26 22:23:07.588, 0, 22292 MiB, 78 %, 1935 MHz, 1935 MHz, 320.60 W, 70, P2, 0x0000000000000000
2026/08/26 22:23:08.588, 0, 22292 MiB, 67 %, 1950 MHz, 1950 MHz, 295.19 W, 69, P2, 0x0000000000000004
2026/08/26 22:23:09.589, 0, 22292 MiB, 76 %, 1935 MHz, 1935 MHz, 320.94 W, 70, P2, 0x0000000000000000
2026/08/26 22:23:10.589, 0, 22292 MiB, 45 %, 1935 MHz, 1935 MHz, 289.41 W, 69, P2, 0x0000000000000000
2026/08/26 22:23:11.589, 0, 22292 MiB, 76 %, 1920 MHz, 1920 MHz, 326.23 W, 70, P2, 0x0000000000000004
2026/08/26 22:23:12.589, 0, 22292 MiB, 78 %, 1935 MHz, 1935 MHz, 292.36 W, 67, P2, 0x0000000000000000
2026/08/26 22:23:13.589, 0, 22292 MiB, 78 %, 1935 MHz, 1935 MHz, 333.55 W, 70, P2, 0x0000000000000000
2026/08/26 22:23:14.590, 0, 22292 MiB, 80 %, 1920 MHz, 1920 MHz, 323.89 W, 70, P2, 0x0000000000000004
2026/08/26 22:23:15.590, 0, 22292 MiB, 75 %, 1935 MHz, 1935 MHz, 289.26 W, 70, P2, 0x0000000000000000
2026/08/26 22:23:16.590, 0, 22292 MiB, 78 %, 1935 MHz, 1935 MHz, 321.64 W, 70, P2, 0x0000000000000004
2026/08/26 22:23:17.590, 0, 22292 MiB, 74 %, 1920 MHz, 1920 MHz, 298.57 W, 68, P2, 0x0000000000000000
2026/08/26 22:23:18.591, 0, 346 MiB, 100 %, 1935 MHz, 1935 MHz, 239.53 W, 66, P0, 0x0000000000000000
2026/08/26 22:23:19.630, 0, 346 MiB, 0 %, 1950 MHz, 1950 MHz, 171.98 W, 64, P2, 0x0000000000000024
2026/08/26 22:23:20.630, 0, 346 MiB, 16 %, 1695 MHz, 1695 MHz, 172.79 W, 64, P2, 0x0000000000000000
2026/08/26 22:23:21.630, 0, 346 MiB, 19 %, 1695 MHz, 1695 MHz, 138.83 W, 62, P2, 0x0000000000000000
2026/08/26 22:23:22.630, 0, 19044 MiB, 17 %, 1950 MHz, 1950 MHz, 133.39 W, 61, P2, 0x0000000000000000
2026/08/26 22:23:23.630, 0, 19044 MiB, 99 %, 1950 MHz, 1950 MHz, 153.25 W, 62, P2, 0x0000000000000000
2026/08/26 22:23:24.631, 0, 19044 MiB, 99 %, 1950 MHz, 1950 MHz, 171.19 W, 62, P2, 0x0000000000000000
2026/08/26 22:23:25.631, 0, 19044 MiB, 100 %, 1950 MHz, 1950 MHz, 170.72 W, 62, P2, 0x0000000000000000
2026/08/26 22:23:26.631, 0, 19044 MiB, 100 %, 1950 MHz, 1950 MHz, 170.61 W, 62, P2, 0x0000000000000000
2026/08/26 22:23:27.631, 0, 19044 MiB, 100 %, 1950 MHz, 1950 MHz, 170.68 W, 62, P2, 0x0000000000000000
2026/08/26 22:23:28.631, 0, 19044 MiB, 99 %, 1950 MHz, 1950 MHz, 170.10 W, 61, P2, 0x0000000000000000
2026/08/26 22:23:29.633, 0, 19044 MiB, 100 %, 1950 MHz, 1950 MHz, 170.08 W, 61, P2, 0x0000000000000000
2026/08/26 22:23:30.633, 0, 19044 MiB, 100 %, 1950 MHz, 1950 MHz, 170.20 W, 61, P2, 0x0000000000000000
2026/08/26 22:23:31.634, 0, 19044 MiB, 100 %, 1950 MHz, 1950 MHz, 169.97 W, 61, P2, 0x0000000000000000
2026/08/26 22:23:32.634, 0, 19044 MiB, 99 %, 1950 MHz, 1950 MHz, 169.75 W, 61, P2, 0x0000000000000000
2026/08/26 22:23:33.634, 0, 20188 MiB, 100 %, 1950 MHz, 1950 MHz, 169.50 W, 61, P2, 0x0000000000000000
2026/08/26 22:23:34.634, 0, 21946 MiB, 99 %, 1950 MHz, 1950 MHz, 172.03 W, 61, P2, 0x0000000000000000
2026/08/26 22:23:35.634, 0, 22270 MiB, 73 %, 1950 MHz, 1950 MHz, 269.68 W, 66, P2, 0x0000000000000000
2026/08/26 22:23:36.634, 0, 22270 MiB, 75 %, 1950 MHz, 1950 MHz, 328.55 W, 67, P2, 0x0000000000000000
2026/08/26 22:23:37.635, 0, 22270 MiB, 43 %, 1935 MHz, 1935 MHz, 298.92 W, 67, P2, 0x0000000000000004
2026/08/26 22:23:38.635, 0, 22270 MiB, 77 %, 1950 MHz, 1950 MHz, 321.69 W, 68, P2, 0x0000000000000000
2026/08/26 22:23:39.635, 0, 22270 MiB, 78 %, 1935 MHz, 1935 MHz, 297.15 W, 64, P2, 0x0000000000000004
2026/08/26 22:23:40.635, 0, 22270 MiB, 75 %, 1950 MHz, 1950 MHz, 296.83 W, 68, P2, 0x0000000000000000
2026/08/26 22:23:41.635, 0, 22270 MiB, 74 %, 1935 MHz, 1935 MHz, 321.99 W, 68, P2, 0x0000000000000004
2026/08/26 22:23:42.635, 0, 22286 MiB, 70 %, 1950 MHz, 1950 MHz, 280.33 W, 68, P2, 0x0000000000000000
2026/08/26 22:23:43.636, 0, 22286 MiB, 76 %, 1950 MHz, 1950 MHz, 324.23 W, 68, P2, 0x0000000000000000
2026/08/26 22:23:44.636, 0, 22286 MiB, 80 %, 1935 MHz, 1935 MHz, 316.30 W, 66, P2, 0x0000000000000004
2026/08/26 22:23:45.636, 0, 22286 MiB, 77 %, 1935 MHz, 1935 MHz, 276.48 W, 68, P2, 0x0000000000000004
2026/08/26 22:23:46.636, 0, 22286 MiB, 76 %, 1935 MHz, 1935 MHz, 326.29 W, 69, P2, 0x0000000000000004
2026/08/26 22:23:47.636, 0, 22292 MiB, 74 %, 1950 MHz, 1950 MHz, 231.52 W, 64, P2, 0x0000000000000000
2026/08/26 22:23:48.636, 0, 22292 MiB, 78 %, 1935 MHz, 1935 MHz, 290.83 W, 68, P2, 0x0000000000000004
2026/08/26 22:23:49.637, 0, 22292 MiB, 75 %, 1935 MHz, 1935 MHz, 327.17 W, 69, P2, 0x0000000000000004
2026/08/26 22:23:50.637, 0, 22292 MiB, 74 %, 1935 MHz, 1935 MHz, 284.65 W, 68, P2, 0x0000000000000004
2026/08/26 22:23:51.637, 0, 22292 MiB, 77 %, 1950 MHz, 1950 MHz, 320.35 W, 69, P2, 0x0000000000000000
2026/08/26 22:23:52.637, 0, 22292 MiB, 78 %, 1935 MHz, 1935 MHz, 292.89 W, 68, P2, 0x0000000000000004
2026/08/26 22:23:53.637, 0, 22292 MiB, 77 %, 1935 MHz, 1935 MHz, 319.48 W, 69, P2, 0x0000000000000004
2026/08/26 22:23:54.638, 0, 22292 MiB, 80 %, 1935 MHz, 1935 MHz, 298.52 W, 67, P2, 0x0000000000000004
2026/08/26 22:23:55.638, 0, 22292 MiB, 76 %, 1935 MHz, 1935 MHz, 298.13 W, 70, P2, 0x0000000000000000
2026/08/26 22:23:56.638, 0, 22292 MiB, 76 %, 1920 MHz, 1920 MHz, 323.05 W, 69, P2, 0x0000000000000004
2026/08/26 22:23:57.638, 0, 22292 MiB, 62 %, 1920 MHz, 1920 MHz, 289.14 W, 70, P2, 0x0000000000000004
2026/08/26 22:23:58.638, 0, 22292 MiB, 79 %, 1920 MHz, 1920 MHz, 323.08 W, 70, P2, 0x0000000000000004
2026/08/26 22:23:59.638, 0, 22292 MiB, 79 %, 1935 MHz, 1935 MHz, 300.50 W, 67, P2, 0x0000000000000000
2026/08/26 22:24:00.638, 0, 22292 MiB, 78 %, 1935 MHz, 1935 MHz, 304.62 W, 70, P2, 0x0000000000000000
2026/08/26 22:24:01.639, 0, 22292 MiB, 82 %, 1935 MHz, 1935 MHz, 321.42 W, 71, P2, 0x0000000000000000
2026/08/26 22:24:02.639, 0, 82 MiB, 0 %, 1935 MHz, 1935 MHz, 240.24 W, 66, P0, 0x0000000000000000
2026/08/26 22:24:03.639, 0, 346 MiB, 0 %, 1950 MHz, 1950 MHz, 175.01 W, 64, P2, 0x0000000000000000
2026/08/26 22:24:04.639, 0, 346 MiB, 0 %, 1950 MHz, 1950 MHz, 171.60 W, 64, P2, 0x0000000000000000
2026/08/26 22:24:05.640, 0, 346 MiB, 0 %, 1695 MHz, 1695 MHz, 154.12 W, 62, P2, 0x0000000000000000
2026/08/26 22:24:06.640, 0, 20144 MiB, 100 %, 1950 MHz, 1950 MHz, 145.06 W, 62, P2, 0x0000000000000000
2026/08/26 22:24:07.640, 0, 20144 MiB, 100 %, 1950 MHz, 1950 MHz, 170.61 W, 63, P2, 0x0000000000000000
2026/08/26 22:24:08.640, 0, 20144 MiB, 100 %, 1950 MHz, 1950 MHz, 171.32 W, 62, P2, 0x0000000000000000
2026/08/26 22:24:09.648, 0, 20144 MiB, 100 %, 1950 MHz, 1950 MHz, 170.94 W, 62, P2, 0x0000000000000000
2026/08/26 22:24:10.648, 0, 20144 MiB, 99 %, 1950 MHz, 1950 MHz, 170.81 W, 62, P2, 0x0000000000000000
2026/08/26 22:24:11.649, 0, 20144 MiB, 100 %, 1950 MHz, 1950 MHz, 170.60 W, 62, P2, 0x0000000000000000
2026/08/26 22:24:12.649, 0, 20144 MiB, 100 %, 1950 MHz, 1950 MHz, 170.14 W, 62, P2, 0x0000000000000000
2026/08/26 22:24:13.649, 0, 20144 MiB, 100 %, 1950 MHz, 1950 MHz, 170.10 W, 61, P2, 0x0000000000000000
2026/08/26 22:24:14.649, 0, 20144 MiB, 99 %, 1950 MHz, 1950 MHz, 169.91 W, 61, P2, 0x0000000000000000
2026/08/26 22:24:15.649, 0, 20144 MiB, 100 %, 1950 MHz, 1950 MHz, 169.38 W, 61, P2, 0x0000000000000000
2026/08/26 22:24:16.650, 0, 20144 MiB, 100 %, 1950 MHz, 1950 MHz, 168.96 W, 61, P2, 0x0000000000000000
2026/08/26 22:24:17.650, 0, 20144 MiB, 100 %, 1950 MHz, 1950 MHz, 168.90 W, 61, P2, 0x0000000000000000
2026/08/26 22:24:18.650, 0, 20802 MiB, 100 %, 1950 MHz, 1950 MHz, 171.55 W, 61, P2, 0x0000000000000000
2026/08/26 22:24:19.650, 0, 20816 MiB, 78 %, 1950 MHz, 1950 MHz, 286.06 W, 67, P2, 0x0000000000000000
2026/08/26 22:24:20.650, 0, 20816 MiB, 78 %, 1950 MHz, 1950 MHz, 328.93 W, 67, P2, 0x0000000000000000
2026/08/26 22:24:21.651, 0, 20816 MiB, 76 %, 1950 MHz, 1950 MHz, 307.21 W, 64, P2, 0x0000000000000000
2026/08/26 22:24:22.651, 0, 20816 MiB, 76 %, 1950 MHz, 1950 MHz, 302.43 W, 68, P2, 0x0000000000000000
2026/08/26 22:24:23.651, 0, 20816 MiB, 77 %, 1950 MHz, 1950 MHz, 332.51 W, 68, P2, 0x0000000000000000
2026/08/26 22:24:24.651, 0, 20816 MiB, 78 %, 1950 MHz, 1950 MHz, 293.61 W, 66, P2, 0x0000000000000000
2026/08/26 22:24:25.651, 0, 20816 MiB, 77 %, 1950 MHz, 1950 MHz, 321.38 W, 69, P2, 0x0000000000000000
2026/08/26 22:24:26.651, 0, 20816 MiB, 78 %, 1950 MHz, 1950 MHz, 336.35 W, 69, P2, 0x0000000000000000
2026/08/26 22:24:27.652, 0, 20816 MiB, 78 %, 1950 MHz, 1950 MHz, 285.16 W, 68, P2, 0x0000000000000000
2026/08/26 22:24:28.652, 0, 20816 MiB, 78 %, 1950 MHz, 1950 MHz, 328.67 W, 69, P2, 0x0000000000000000
2026/08/26 22:24:29.652, 0, 20816 MiB, 77 %, 1950 MHz, 1950 MHz, 333.12 W, 70, P2, 0x0000000000000000
2026/08/26 22:24:30.652, 0, 20816 MiB, 77 %, 1920 MHz, 1920 MHz, 286.65 W, 69, P2, 0x0000000000000004
2026/08/26 22:24:31.652, 0, 20816 MiB, 78 %, 1935 MHz, 1935 MHz, 328.62 W, 70, P2, 0x0000000000000000
2026/08/26 22:24:32.652, 0, 20816 MiB, 78 %, 1935 MHz, 1935 MHz, 332.52 W, 70, P2, 0x0000000000000000
2026/08/26 22:24:33.652, 0, 20824 MiB, 6 %, 1920 MHz, 1920 MHz, 262.21 W, 67, P2, 0x0000000000000004
2026/08/26 22:24:34.652, 0, 20824 MiB, 78 %, 1935 MHz, 1935 MHz, 317.38 W, 70, P2, 0x0000000000000000
2026/08/26 22:24:35.653, 0, 20824 MiB, 77 %, 1935 MHz, 1935 MHz, 331.57 W, 70, P2, 0x0000000000000000
2026/08/26 22:24:36.653, 0, 20824 MiB, 78 %, 1920 MHz, 1920 MHz, 298.11 W, 69, P2, 0x0000000000000004
2026/08/26 22:24:37.653, 0, 20824 MiB, 76 %, 1935 MHz, 1935 MHz, 326.08 W, 71, P2, 0x0000000000000000
2026/08/26 22:24:38.653, 0, 20824 MiB, 79 %, 1935 MHz, 1935 MHz, 335.87 W, 71, P2, 0x0000000000000000
2026/08/26 22:24:39.653, 0, 20824 MiB, 24 %, 1920 MHz, 1920 MHz, 291.98 W, 70, P2, 0x0000000000000004
2026/08/26 22:24:40.654, 0, 20824 MiB, 76 %, 1935 MHz, 1935 MHz, 328.41 W, 71, P2, 0x0000000000000000
2026/08/26 22:24:41.654, 0, 20824 MiB, 77 %, 1935 MHz, 1935 MHz, 334.95 W, 72, P2, 0x0000000000000000
2026/08/26 22:24:42.654, 0, 20824 MiB, 53 %, 1935 MHz, 1935 MHz, 294.72 W, 71, P2, 0x0000000000000000
2026/08/26 22:24:43.654, 0, 20824 MiB, 79 %, 1935 MHz, 1935 MHz, 337.57 W, 72, P2, 0x0000000000000000
2026/08/26 22:24:44.654, 0, 20824 MiB, 74 %, 1935 MHz, 1935 MHz, 337.61 W, 72, P2, 0x0000000000000000
2026/08/26 22:24:45.655, 0, 20824 MiB, 62 %, 1935 MHz, 1935 MHz, 300.09 W, 72, P2, 0x0000000000000000
2026/08/26 22:24:46.655, 0, 20824 MiB, 78 %, 1935 MHz, 1935 MHz, 338.90 W, 72, P2, 0x0000000000000000
2026/08/26 22:24:47.655, 0, 20824 MiB, 79 %, 1935 MHz, 1935 MHz, 340.92 W, 73, P2, 0x0000000000000000
2026/08/26 22:24:48.655, 0, 20824 MiB, 77 %, 1935 MHz, 1935 MHz, 298.44 W, 72, P2, 0x0000000000000000
2026/08/26 22:24:49.655, 0, 20824 MiB, 77 %, 1935 MHz, 1935 MHz, 337.01 W, 73, P2, 0x0000000000000000
2026/08/26 22:24:50.656, 0, 392 MiB, 77 %, 1935 MHz, 1935 MHz, 324.07 W, 70, P2, 0x0000000000000000
2026/08/26 22:24:51.656, 0, 82 MiB, 100 %, 1935 MHz, 1935 MHz, 181.67 W, 67, P0, 0x0000000000000000
2026/08/26 22:24:52.656, 0, 82 MiB, 0 %, 1935 MHz, 1935 MHz, 176.07 W, 66, P0, 0x0000000000000001
2026/08/26 22:24:53.656, 0, 82 MiB, 0 %, 525 MHz, 525 MHz, 167.92 W, 64, P3, 0x0000000000000001
2026/08/26 22:24:54.656, 0, 82 MiB, 0 %, 360 MHz, 360 MHz, 128.20 W, 60, P3, 0x0000000000000001
2026/08/26 22:24:55.656, 0, 82 MiB, 0 %, 225 MHz, 225 MHz, 87.86 W, 59, P3, 0x0000000000000001
2026/08/26 22:24:56.657, 0, 82 MiB, 0 %, 210 MHz, 210 MHz, 85.10 W, 59, P5, 0x0000000000000001
2026/08/26 22:24:57.657, 0, 82 MiB, 0 %, 210 MHz, 210 MHz, 74.65 W, 57, P5, 0x0000000000000001
2026/08/26 22:24:58.660, 0, 82 MiB, 0 %, 210 MHz, 210 MHz, 51.72 W, 57, P8, 0x0000000000000001
2026/08/26 22:24:59.660, 0, 82 MiB, 0 %, 210 MHz, 210 MHz, 36.33 W, 56, P8, 0x0000000000000001
2026/08/26 22:25:00.660, 0, 82 MiB, 0 %, 210 MHz, 210 MHz, 33.54 W, 54, P8, 0x0000000000000001
2026/08/26 22:25:01.660, 0, 346 MiB, 0 %, 1965 MHz, 1965 MHz, 72.94 W, 59, P2, 0x0000000000000000
2026/08/26 22:25:02.660, 0, 346 MiB, 0 %, 1965 MHz, 1965 MHz, 166.55 W, 60, P2, 0x0000000000000000
2026/08/26 22:25:03.660, 0, 346 MiB, 6 %, 1695 MHz, 1695 MHz, 162.73 W, 59, P2, 0x0000000000000000
2026/08/26 22:25:04.661, 0, 20144 MiB, 0 %, 1965 MHz, 1965 MHz, 130.37 W, 58, P2, 0x0000000000000000
2026/08/26 22:25:05.661, 0, 20144 MiB, 100 %, 1965 MHz, 1965 MHz, 161.89 W, 60, P2, 0x0000000000000000
2026/08/26 22:25:06.661, 0, 20144 MiB, 100 %, 1965 MHz, 1965 MHz, 167.12 W, 60, P2, 0x0000000000000000
2026/08/26 22:25:07.661, 0, 20144 MiB, 100 %, 1965 MHz, 1965 MHz, 166.80 W, 60, P2, 0x0000000000000000
2026/08/26 22:25:08.661, 0, 20144 MiB, 99 %, 1965 MHz, 1965 MHz, 166.77 W, 60, P2, 0x0000000000000000
2026/08/26 22:25:09.662, 0, 20144 MiB, 100 %, 1965 MHz, 1965 MHz, 166.57 W, 60, P2, 0x0000000000000000
2026/08/26 22:25:10.662, 0, 20144 MiB, 100 %, 1965 MHz, 1965 MHz, 166.24 W, 59, P2, 0x0000000000000000
2026/08/26 22:25:11.662, 0, 20144 MiB, 100 %, 1965 MHz, 1965 MHz, 166.20 W, 59, P2, 0x0000000000000000
2026/08/26 22:25:12.662, 0, 20144 MiB, 99 %, 1965 MHz, 1965 MHz, 166.00 W, 60, P2, 0x0000000000000000
2026/08/26 22:25:13.662, 0, 20144 MiB, 99 %, 1965 MHz, 1965 MHz, 165.72 W, 59, P2, 0x0000000000000000
2026/08/26 22:25:14.662, 0, 20144 MiB, 100 %, 1965 MHz, 1965 MHz, 165.58 W, 59, P2, 0x0000000000000000
2026/08/26 22:25:15.663, 0, 20144 MiB, 100 %, 1965 MHz, 1965 MHz, 165.51 W, 59, P2, 0x0000000000000000
2026/08/26 22:25:16.663, 0, 20800 MiB, 100 %, 1965 MHz, 1965 MHz, 168.85 W, 60, P2, 0x0000000000000000
2026/08/26 22:25:17.663, 0, 20816 MiB, 66 %, 1950 MHz, 1950 MHz, 250.75 W, 65, P2, 0x0000000000000004
2026/08/26 22:25:18.663, 0, 20816 MiB, 77 %, 1950 MHz, 1950 MHz, 321.09 W, 66, P2, 0x0000000000000000
2026/08/26 22:25:19.663, 0, 20816 MiB, 74 %, 1950 MHz, 1950 MHz, 322.30 W, 66, P2, 0x0000000000000004
2026/08/26 22:25:20.663, 0, 20816 MiB, 76 %, 1950 MHz, 1950 MHz, 291.27 W, 66, P2, 0x0000000000000004
2026/08/26 22:25:21.663, 0, 20816 MiB, 76 %, 1950 MHz, 1950 MHz, 323.52 W, 67, P2, 0x0000000000000004
2026/08/26 22:25:22.664, 0, 20816 MiB, 76 %, 1950 MHz, 1950 MHz, 309.41 W, 63, P2, 0x0000000000000004
2026/08/26 22:25:23.664, 0, 20816 MiB, 78 %, 1950 MHz, 1950 MHz, 288.10 W, 67, P2, 0x0000000000000004
2026/08/26 22:25:24.664, 0, 20816 MiB, 78 %, 1950 MHz, 1950 MHz, 328.21 W, 68, P2, 0x0000000000000004
2026/08/26 22:25:25.664, 0, 20816 MiB, 78 %, 1935 MHz, 1935 MHz, 295.65 W, 65, P2, 0x0000000000000000
2026/08/26 22:25:26.664, 0, 20816 MiB, 77 %, 1935 MHz, 1935 MHz, 306.68 W, 68, P2, 0x0000000000000004
2026/08/26 22:25:27.664, 0, 20816 MiB, 78 %, 1935 MHz, 1935 MHz, 326.48 W, 68, P2, 0x0000000000000000
2026/08/26 22:25:28.664, 0, 20816 MiB, 78 %, 1935 MHz, 1935 MHz, 292.30 W, 67, P2, 0x0000000000000000
2026/08/26 22:25:29.664, 0, 20816 MiB, 77 %, 1935 MHz, 1935 MHz, 328.65 W, 69, P2, 0x0000000000000004
2026/08/26 22:25:30.665, 0, 20816 MiB, 78 %, 1935 MHz, 1935 MHz, 329.13 W, 69, P2, 0x0000000000000004
2026/08/26 22:25:31.665, 0, 20824 MiB, 58 %, 1935 MHz, 1935 MHz, 262.45 W, 64, P2, 0x0000000000000004
2026/08/26 22:25:32.665, 0, 20824 MiB, 79 %, 1935 MHz, 1935 MHz, 326.43 W, 69, P2, 0x0000000000000004
2026/08/26 22:25:33.665, 0, 20824 MiB, 79 %, 1935 MHz, 1935 MHz, 332.12 W, 70, P2, 0x0000000000000004
2026/08/26 22:25:34.665, 0, 20824 MiB, 80 %, 1935 MHz, 1935 MHz, 297.10 W, 68, P2, 0x0000000000000004
2026/08/26 22:25:35.665, 0, 20824 MiB, 77 %, 1935 MHz, 1935 MHz, 331.03 W, 70, P2, 0x0000000000000004
2026/08/26 22:25:36.665, 0, 20824 MiB, 78 %, 1935 MHz, 1935 MHz, 332.32 W, 70, P2, 0x0000000000000004
2026/08/26 22:25:37.665, 0, 20824 MiB, 26 %, 1935 MHz, 1935 MHz, 292.12 W, 70, P2, 0x0000000000000004
2026/08/26 22:25:38.666, 0, 20824 MiB, 77 %, 1935 MHz, 1935 MHz, 334.40 W, 71, P2, 0x0000000000000004
2026/08/26 22:25:39.666, 0, 20824 MiB, 75 %, 1935 MHz, 1935 MHz, 332.01 W, 71, P2, 0x0000000000000004
2026/08/26 22:25:40.666, 0, 20824 MiB, 60 %, 1935 MHz, 1935 MHz, 293.89 W, 70, P2, 0x0000000000000004
2026/08/26 22:25:41.666, 0, 20824 MiB, 78 %, 1935 MHz, 1935 MHz, 333.46 W, 71, P2, 0x0000000000000004
2026/08/26 22:25:42.666, 0, 20824 MiB, 78 %, 1935 MHz, 1935 MHz, 334.12 W, 71, P2, 0x0000000000000004
2026/08/26 22:25:43.666, 0, 20824 MiB, 78 %, 1935 MHz, 1935 MHz, 300.94 W, 71, P2, 0x0000000000000004
2026/08/26 22:25:44.666, 0, 20824 MiB, 77 %, 1935 MHz, 1935 MHz, 332.85 W, 71, P2, 0x0000000000000004
2026/08/26 22:25:45.666, 0, 20824 MiB, 79 %, 1935 MHz, 1935 MHz, 317.29 W, 70, P2, 0x0000000000000004
2026/08/26 22:25:46.667, 0, 20824 MiB, 78 %, 1935 MHz, 1935 MHz, 302.47 W, 72, P2, 0x0000000000000004
2026/08/26 22:25:47.667, 0, 20824 MiB, 77 %, 1935 MHz, 1935 MHz, 336.94 W, 72, P2, 0x0000000000000004
2026/08/26 22:25:48.667, 0, 392 MiB, 77 %, 1935 MHz, 1935 MHz, 293.18 W, 68, P2, 0x0000000000000000
2026/08/26 22:25:49.667, 0, 1100 MiB, 0 %, 1935 MHz, 1935 MHz, 179.28 W, 65, P2, 0x0000000000000000
2026/08/26 22:25:50.667, 0, 346 MiB, 1 %, 1935 MHz, 1935 MHz, 163.87 W, 64, P2, 0x0000000000000000
2026/08/26 22:25:51.667, 0, 346 MiB, 19 %, 1695 MHz, 1695 MHz, 156.60 W, 62, P2, 0x0000000000000000
2026/08/26 22:25:52.668, 0, 346 MiB, 21 %, 1695 MHz, 1695 MHz, 131.46 W, 61, P2, 0x0000000000000000
2026/08/26 22:25:53.668, 0, 19044 MiB, 100 %, 1950 MHz, 1950 MHz, 148.56 W, 63, P2, 0x0000000000000000
2026/08/26 22:25:54.668, 0, 19044 MiB, 100 %, 1950 MHz, 1950 MHz, 171.92 W, 63, P2, 0x0000000000000000
2026/08/26 22:25:55.669, 0, 19044 MiB, 100 %, 1950 MHz, 1950 MHz, 171.40 W, 63, P2, 0x0000000000000000
2026/08/26 22:25:56.669, 0, 19044 MiB, 100 %, 1950 MHz, 1950 MHz, 171.45 W, 63, P2, 0x0000000000000000
2026/08/26 22:25:57.669, 0, 19044 MiB, 99 %, 1950 MHz, 1950 MHz, 171.35 W, 62, P2, 0x0000000000000000
2026/08/26 22:25:58.669, 0, 19044 MiB, 100 %, 1950 MHz, 1950 MHz, 170.77 W, 62, P2, 0x0000000000000000
2026/08/26 22:25:59.669, 0, 19044 MiB, 100 %, 1950 MHz, 1950 MHz, 170.85 W, 62, P2, 0x0000000000000000
2026/08/26 22:26:00.669, 0, 19044 MiB, 100 %, 1950 MHz, 1950 MHz, 170.47 W, 62, P2, 0x0000000000000000
2026/08/26 22:26:01.669, 0, 19044 MiB, 100 %, 1950 MHz, 1950 MHz, 170.03 W, 62, P2, 0x0000000000000000
2026/08/26 22:26:02.670, 0, 19044 MiB, 99 %, 1950 MHz, 1950 MHz, 170.09 W, 61, P2, 0x0000000000000000
2026/08/26 22:26:03.670, 0, 19044 MiB, 100 %, 1950 MHz, 1950 MHz, 169.94 W, 61, P2, 0x0000000000000000
2026/08/26 22:26:04.670, 0, 21094 MiB, 100 %, 1950 MHz, 1950 MHz, 171.15 W, 61, P2, 0x0000000000000000
2026/08/26 22:26:05.670, 0, 22236 MiB, 64 %, 1950 MHz, 1950 MHz, 176.74 W, 62, P2, 0x0000000000000000
2026/08/26 22:26:06.670, 0, 22270 MiB, 73 %, 1950 MHz, 1950 MHz, 303.42 W, 67, P2, 0x0000000000000004
2026/08/26 22:26:07.670, 0, 22270 MiB, 71 %, 1950 MHz, 1950 MHz, 327.44 W, 67, P2, 0x0000000000000004
2026/08/26 22:26:08.671, 0, 22270 MiB, 72 %, 1950 MHz, 1950 MHz, 304.10 W, 68, P2, 0x0000000000000004
2026/08/26 22:26:09.671, 0, 22270 MiB, 72 %, 1935 MHz, 1935 MHz, 327.68 W, 68, P2, 0x0000000000000004
2026/08/26 22:26:10.679, 0, 22270 MiB, 76 %, 1935 MHz, 1935 MHz, 297.79 W, 68, P2, 0x0000000000000004
2026/08/26 22:26:11.679, 0, 22270 MiB, 77 %, 1935 MHz, 1935 MHz, 332.69 W, 68, P2, 0x0000000000000004
2026/08/26 22:26:12.679, 0, 22270 MiB, 75 %, 1935 MHz, 1935 MHz, 307.98 W, 65, P2, 0x0000000000000004
2026/08/26 22:26:13.679, 0, 22286 MiB, 77 %, 1935 MHz, 1935 MHz, 300.55 W, 69, P2, 0x0000000000000004
2026/08/26 22:26:14.680, 0, 22286 MiB, 74 %, 1935 MHz, 1935 MHz, 326.62 W, 69, P2, 0x0000000000000004
2026/08/26 22:26:15.685, 0, 22286 MiB, 75 %, 1935 MHz, 1935 MHz, 290.26 W, 69, P2, 0x0000000000000004
2026/08/26 22:26:16.685, 0, 22286 MiB, 75 %, 1935 MHz, 1935 MHz, 328.02 W, 69, P2, 0x0000000000000004
2026/08/26 22:26:17.685, 0, 22292 MiB, 76 %, 1935 MHz, 1935 MHz, 272.64 W, 64, P2, 0x0000000000000004
2026/08/26 22:26:18.685, 0, 22292 MiB, 77 %, 1935 MHz, 1935 MHz, 268.77 W, 69, P2, 0x0000000000000004
2026/08/26 22:26:19.685, 0, 22292 MiB, 72 %, 1935 MHz, 1935 MHz, 328.85 W, 69, P2, 0x0000000000000004
2026/08/26 22:26:20.686, 0, 22292 MiB, 62 %, 1935 MHz, 1935 MHz, 294.54 W, 69, P2, 0x0000000000000004
2026/08/26 22:26:21.687, 0, 22292 MiB, 75 %, 1935 MHz, 1935 MHz, 329.88 W, 69, P2, 0x0000000000000004
2026/08/26 22:26:22.687, 0, 22292 MiB, 75 %, 1935 MHz, 1935 MHz, 302.36 W, 69, P2, 0x0000000000000004
2026/08/26 22:26:23.687, 0, 22292 MiB, 75 %, 1935 MHz, 1935 MHz, 332.09 W, 70, P2, 0x0000000000000004
2026/08/26 22:26:24.687, 0, 22292 MiB, 75 %, 1935 MHz, 1935 MHz, 297.27 W, 68, P2, 0x0000000000000004
2026/08/26 22:26:25.695, 0, 22292 MiB, 77 %, 1935 MHz, 1935 MHz, 326.84 W, 70, P2, 0x0000000000000004
2026/08/26 22:26:26.695, 0, 22292 MiB, 79 %, 1935 MHz, 1935 MHz, 321.98 W, 69, P2, 0x0000000000000004
2026/08/26 22:26:27.696, 0, 22292 MiB, 75 %, 1935 MHz, 1935 MHz, 302.98 W, 71, P2, 0x0000000000000004
2026/08/26 22:26:28.696, 0, 22292 MiB, 77 %, 1935 MHz, 1935 MHz, 333.30 W, 71, P2, 0x0000000000000004
2026/08/26 22:26:29.696, 0, 22292 MiB, 75 %, 1935 MHz, 1935 MHz, 297.92 W, 71, P2, 0x0000000000000004
2026/08/26 22:26:30.696, 0, 22292 MiB, 77 %, 1935 MHz, 1935 MHz, 331.02 W, 71, P2, 0x0000000000000004
2026/08/26 22:26:31.696, 0, 22292 MiB, 77 %, 1935 MHz, 1935 MHz, 325.55 W, 69, P2, 0x0000000000000004
2026/08/26 22:26:32.697, 0, 346 MiB, 100 %, 1935 MHz, 1935 MHz, 252.46 W, 66, P0, 0x0000000000000000
2026/08/26 22:26:33.749, 0, 346 MiB, 0 %, 1935 MHz, 1935 MHz, 173.85 W, 64, P2, 0x0000000000000000
2026/08/26 22:26:34.750, 0, 346 MiB, 17 %, 1695 MHz, 1695 MHz, 162.13 W, 63, P2, 0x0000000000000000
2026/08/26 22:26:35.750, 0, 346 MiB, 20 %, 1695 MHz, 1695 MHz, 137.59 W, 61, P2, 0x0000000000000000
2026/08/26 22:26:36.750, 0, 19044 MiB, 43 %, 1950 MHz, 1950 MHz, 132.82 W, 61, P2, 0x0000000000000000
2026/08/26 22:26:37.750, 0, 19044 MiB, 100 %, 1950 MHz, 1950 MHz, 154.40 W, 62, P2, 0x0000000000000000
2026/08/26 22:26:38.750, 0, 19044 MiB, 100 %, 1950 MHz, 1950 MHz, 169.17 W, 62, P2, 0x0000000000000000
2026/08/26 22:26:39.759, 0, 19044 MiB, 100 %, 1950 MHz, 1950 MHz, 166.58 W, 62, P2, 0x0000000000000000
2026/08/26 22:26:40.759, 0, 19044 MiB, 99 %, 1950 MHz, 1950 MHz, 166.29 W, 62, P2, 0x0000000000000000
2026/08/26 22:26:41.759, 0, 19044 MiB, 99 %, 1950 MHz, 1950 MHz, 166.81 W, 62, P2, 0x0000000000000000
2026/08/26 22:26:42.760, 0, 19044 MiB, 100 %, 1950 MHz, 1950 MHz, 166.52 W, 61, P2, 0x0000000000000000
2026/08/26 22:26:43.760, 0, 19044 MiB, 99 %, 1950 MHz, 1950 MHz, 162.99 W, 61, P2, 0x0000000000000000
2026/08/26 22:26:44.761, 0, 19044 MiB, 100 %, 1950 MHz, 1950 MHz, 157.31 W, 61, P2, 0x0000000000000000
2026/08/26 22:26:45.761, 0, 22234 MiB, 75 %, 1950 MHz, 1950 MHz, 161.21 W, 60, P2, 0x0000000000000000
2026/08/26 22:26:46.761, 0, 22270 MiB, 74 %, 1950 MHz, 1950 MHz, 273.97 W, 67, P2, 0x0000000000000004
2026/08/26 22:26:47.762, 0, 22270 MiB, 76 %, 1935 MHz, 1935 MHz, 322.85 W, 67, P2, 0x0000000000000000
2026/08/26 22:26:48.762, 0, 22270 MiB, 43 %, 1935 MHz, 1935 MHz, 293.50 W, 67, P2, 0x0000000000000004
2026/08/26 22:26:49.769, 0, 22270 MiB, 75 %, 1935 MHz, 1935 MHz, 326.30 W, 68, P2, 0x0000000000000004
2026/08/26 22:26:50.769, 0, 22270 MiB, 74 %, 1935 MHz, 1935 MHz, 298.44 W, 67, P2, 0x0000000000000000
2026/08/26 22:26:51.769, 0, 22270 MiB, 77 %, 1935 MHz, 1935 MHz, 323.61 W, 68, P2, 0x0000000000000004
2026/08/26 22:26:52.769, 0, 22270 MiB, 75 %, 1935 MHz, 1935 MHz, 329.46 W, 68, P2, 0x0000000000000004
2026/08/26 22:26:53.770, 0, 22286 MiB, 76 %, 1935 MHz, 1935 MHz, 288.35 W, 69, P2, 0x0000000000000004
2026/08/26 22:26:54.771, 0, 22286 MiB, 79 %, 1935 MHz, 1935 MHz, 326.03 W, 69, P2, 0x0000000000000004
2026/08/26 22:26:55.771, 0, 22286 MiB, 57 %, 1935 MHz, 1935 MHz, 290.02 W, 68, P2, 0x0000000000000004
2026/08/26 22:26:56.771, 0, 22286 MiB, 77 %, 1935 MHz, 1935 MHz, 326.76 W, 69, P2, 0x0000000000000004
2026/08/26 22:26:57.771, 0, 22292 MiB, 75 %, 1800 MHz, 1800 MHz, 288.61 W, 65, P2, 0x0000000000000004
2026/08/26 22:26:58.772, 0, 22292 MiB, 71 %, 1935 MHz, 1935 MHz, 247.75 W, 69, P2, 0x0000000000000004
2026/08/26 22:26:59.773, 0, 22292 MiB, 78 %, 1935 MHz, 1935 MHz, 327.61 W, 69, P2, 0x0000000000000004
2026/08/26 22:27:00.773, 0, 22292 MiB, 69 %, 1935 MHz, 1935 MHz, 299.45 W, 69, P2, 0x0000000000000004
2026/08/26 22:27:01.773, 0, 22292 MiB, 78 %, 1935 MHz, 1935 MHz, 330.74 W, 70, P2, 0x0000000000000004
2026/08/26 22:27:02.773, 0, 22292 MiB, 79 %, 1935 MHz, 1935 MHz, 302.64 W, 69, P2, 0x0000000000000000
2026/08/26 22:27:03.773, 0, 22292 MiB, 76 %, 1935 MHz, 1935 MHz, 327.34 W, 70, P2, 0x0000000000000004
2026/08/26 22:27:04.776, 0, 22292 MiB, 75 %, 1875 MHz, 1875 MHz, 296.21 W, 68, P2, 0x0000000000000004
2026/08/26 22:27:05.776, 0, 22292 MiB, 76 %, 1935 MHz, 1935 MHz, 324.71 W, 70, P2, 0x0000000000000004
2026/08/26 22:27:06.777, 0, 22292 MiB, 78 %, 1935 MHz, 1935 MHz, 321.89 W, 68, P2, 0x0000000000000004
2026/08/26 22:27:07.777, 0, 22292 MiB, 78 %, 1935 MHz, 1935 MHz, 296.69 W, 71, P2, 0x0000000000000004
2026/08/26 22:27:08.777, 0, 22292 MiB, 79 %, 1935 MHz, 1935 MHz, 333.48 W, 71, P2, 0x0000000000000004
2026/08/26 22:27:09.779, 0, 22292 MiB, 31 %, 1935 MHz, 1935 MHz, 303.73 W, 71, P2, 0x0000000000000004
2026/08/26 22:27:10.779, 0, 22292 MiB, 79 %, 1935 MHz, 1935 MHz, 332.41 W, 71, P2, 0x0000000000000004
2026/08/26 22:27:11.779, 0, 20264 MiB, 78 %, 1935 MHz, 1935 MHz, 304.42 W, 67, P2, 0x0000000000000004
2026/08/26 22:27:12.779, 0, 346 MiB, 100 %, 1935 MHz, 1935 MHz, 175.68 W, 65, P2, 0x0000000000000000
2026/08/26 22:27:13.779, 0, 346 MiB, 0 %, 1935 MHz, 1935 MHz, 164.62 W, 64, P2, 0x0000000000000000
2026/08/26 22:27:14.785, 0, 346 MiB, 0 %, 1695 MHz, 1695 MHz, 160.84 W, 63, P2, 0x0000000000000000
2026/08/26 22:27:15.786, 0, 20144 MiB, 0 %, 1695 MHz, 1695 MHz, 133.58 W, 61, P2, 0x0000000000000000
2026/08/26 22:27:16.786, 0, 20144 MiB, 99 %, 1950 MHz, 1950 MHz, 157.11 W, 63, P2, 0x0000000000000000
2026/08/26 22:27:17.786, 0, 20144 MiB, 100 %, 1950 MHz, 1950 MHz, 163.05 W, 62, P2, 0x0000000000000000
2026/08/26 22:27:18.786, 0, 20144 MiB, 100 %, 1950 MHz, 1950 MHz, 159.38 W, 62, P2, 0x0000000000000000
2026/08/26 22:27:19.786, 0, 20144 MiB, 100 %, 1950 MHz, 1950 MHz, 159.07 W, 62, P2, 0x0000000000000000
2026/08/26 22:27:20.787, 0, 20144 MiB, 100 %, 1950 MHz, 1950 MHz, 158.82 W, 61, P2, 0x0000000000000000
2026/08/26 22:27:21.787, 0, 20144 MiB, 99 %, 1950 MHz, 1950 MHz, 158.47 W, 61, P2, 0x0000000000000000
2026/08/26 22:27:22.787, 0, 20802 MiB, 99 %, 1950 MHz, 1950 MHz, 161.51 W, 62, P2, 0x0000000000000000
2026/08/26 22:27:23.787, 0, 20816 MiB, 76 %, 1950 MHz, 1950 MHz, 290.95 W, 67, P2, 0x0000000000000004
2026/08/26 22:27:24.787, 0, 20816 MiB, 78 %, 1935 MHz, 1935 MHz, 324.06 W, 68, P2, 0x0000000000000000
2026/08/26 22:27:25.788, 0, 20816 MiB, 78 %, 1935 MHz, 1935 MHz, 300.16 W, 65, P2, 0x0000000000000004
2026/08/26 22:27:26.788, 0, 20816 MiB, 76 %, 1935 MHz, 1935 MHz, 305.37 W, 69, P2, 0x0000000000000000
2026/08/26 22:27:27.788, 0, 20816 MiB, 76 %, 1935 MHz, 1935 MHz, 326.17 W, 69, P2, 0x0000000000000004
2026/08/26 22:27:28.788, 0, 20816 MiB, 78 %, 1935 MHz, 1935 MHz, 292.58 W, 68, P2, 0x0000000000000000
2026/08/26 22:27:29.788, 0, 20816 MiB, 77 %, 1935 MHz, 1935 MHz, 325.63 W, 69, P2, 0x0000000000000004
2026/08/26 22:27:30.789, 0, 20816 MiB, 78 %, 1935 MHz, 1935 MHz, 329.52 W, 70, P2, 0x0000000000000004
2026/08/26 22:27:31.789, 0, 20816 MiB, 59 %, 1935 MHz, 1935 MHz, 286.81 W, 69, P2, 0x0000000000000004
2026/08/26 22:27:32.789, 0, 20816 MiB, 76 %, 1935 MHz, 1935 MHz, 329.22 W, 70, P2, 0x0000000000000004
2026/08/26 22:27:33.789, 0, 20816 MiB, 77 %, 1935 MHz, 1935 MHz, 331.03 W, 71, P2, 0x0000000000000004
2026/08/26 22:27:34.789, 0, 20816 MiB, 40 %, 1935 MHz, 1935 MHz, 293.68 W, 70, P2, 0x0000000000000004
2026/08/26 22:27:35.789, 0, 20816 MiB, 77 %, 1935 MHz, 1935 MHz, 329.41 W, 70, P2, 0x0000000000000004
2026/08/26 22:27:36.789, 0, 20816 MiB, 75 %, 1935 MHz, 1935 MHz, 329.84 W, 71, P2, 0x0000000000000004
2026/08/26 22:27:37.789, 0, 20824 MiB, 100 %, 1935 MHz, 1935 MHz, 261.72 W, 70, P2, 0x0000000000000004
2026/08/26 22:27:38.790, 0, 20824 MiB, 76 %, 1935 MHz, 1935 MHz, 330.52 W, 71, P2, 0x0000000000000004
2026/08/26 22:27:39.790, 0, 20824 MiB, 78 %, 1935 MHz, 1935 MHz, 332.80 W, 71, P2, 0x0000000000000004
2026/08/26 22:27:40.790, 0, 20824 MiB, 72 %, 1935 MHz, 1935 MHz, 299.33 W, 71, P2, 0x0000000000000004
2026/08/26 22:27:41.790, 0, 20824 MiB, 77 %, 1935 MHz, 1935 MHz, 333.41 W, 72, P2, 0x0000000000000004
2026/08/26 22:27:42.790, 0, 20824 MiB, 76 %, 1935 MHz, 1935 MHz, 337.52 W, 72, P2, 0x0000000000000004
2026/08/26 22:27:43.790, 0, 20824 MiB, 77 %, 1935 MHz, 1935 MHz, 294.75 W, 72, P2, 0x0000000000000004
2026/08/26 22:27:44.790, 0, 20824 MiB, 77 %, 1935 MHz, 1935 MHz, 332.72 W, 72, P2, 0x0000000000000004
2026/08/26 22:27:45.790, 0, 20824 MiB, 77 %, 1920 MHz, 1920 MHz, 332.95 W, 72, P2, 0x0000000000000000
2026/08/26 22:27:46.791, 0, 20824 MiB, 78 %, 1920 MHz, 1920 MHz, 292.49 W, 72, P2, 0x0000000000000000
2026/08/26 22:27:47.791, 0, 20824 MiB, 77 %, 1920 MHz, 1920 MHz, 334.00 W, 72, P2, 0x0000000000000000
2026/08/26 22:27:48.791, 0, 20824 MiB, 76 %, 1920 MHz, 1920 MHz, 328.59 W, 71, P2, 0x0000000000000004
2026/08/26 22:27:49.791, 0, 20824 MiB, 77 %, 1920 MHz, 1920 MHz, 297.28 W, 72, P2, 0x0000000000000004
2026/08/26 22:27:50.791, 0, 20824 MiB, 80 %, 1920 MHz, 1920 MHz, 331.64 W, 73, P2, 0x0000000000000004
2026/08/26 22:27:51.791, 0, 20824 MiB, 78 %, 1920 MHz, 1920 MHz, 319.50 W, 70, P2, 0x0000000000000004
2026/08/26 22:27:52.791, 0, 20824 MiB, 75 %, 1920 MHz, 1920 MHz, 293.17 W, 73, P2, 0x0000000000000004
2026/08/26 22:27:53.792, 0, 20824 MiB, 79 %, 1920 MHz, 1920 MHz, 332.71 W, 73, P2, 0x0000000000000004
2026/08/26 22:27:54.792, 0, 392 MiB, 79 %, 1920 MHz, 1920 MHz, 320.48 W, 70, P2, 0x0000000000000004
2026/08/26 22:27:55.792, 0, 82 MiB, 100 %, 1935 MHz, 1935 MHz, 179.29 W, 67, P0, 0x0000000000000000
2026/08/26 22:27:56.792, 0, 82 MiB, 0 %, 1935 MHz, 1935 MHz, 173.22 W, 66, P0, 0x0000000000000000
2026/08/26 22:27:57.792, 0, 82 MiB, 0 %, 525 MHz, 525 MHz, 164.37 W, 64, P3, 0x0000000000000001
2026/08/26 22:27:58.792, 0, 82 MiB, 0 %, 345 MHz, 345 MHz, 126.45 W, 61, P3, 0x0000000000000001
2026/08/26 22:27:59.792, 0, 82 MiB, 0 %, 225 MHz, 225 MHz, 87.64 W, 60, P3, 0x0000000000000001
2026/08/26 22:28:00.792, 0, 82 MiB, 0 %, 210 MHz, 210 MHz, 84.83 W, 59, P5, 0x0000000000000001
2026/08/26 22:28:01.793, 0, 82 MiB, 0 %, 210 MHz, 210 MHz, 74.66 W, 57, P5, 0x0000000000000001
2026/08/26 22:28:02.793, 0, 82 MiB, 0 %, 210 MHz, 210 MHz, 53.42 W, 57, P8, 0x0000000000000001
2026/08/26 22:28:03.793, 0, 82 MiB, 0 %, 210 MHz, 210 MHz, 39.07 W, 56, P8, 0x0000000000000001
2026/08/26 22:28:04.793, 0, 82 MiB, 0 %, 210 MHz, 210 MHz, 34.87 W, 54, P8, 0x0000000000000001
2026/08/26 22:28:05.793, 0, 346 MiB, 0 %, 1860 MHz, 1860 MHz, 68.56 W, 58, P2, 0x0000000000000000
2026/08/26 22:28:06.793, 0, 346 MiB, 0 %, 1965 MHz, 1965 MHz, 161.16 W, 60, P2, 0x0000000000000000
2026/08/26 22:28:07.794, 0, 346 MiB, 6 %, 1695 MHz, 1695 MHz, 162.41 W, 59, P2, 0x0000000000000000
2026/08/26 22:28:08.794, 0, 20144 MiB, 0 %, 1965 MHz, 1965 MHz, 130.89 W, 58, P2, 0x0000000000000000
2026/08/26 22:28:09.794, 0, 20144 MiB, 100 %, 1965 MHz, 1965 MHz, 160.38 W, 60, P2, 0x0000000000000000
2026/08/26 22:28:10.794, 0, 20144 MiB, 100 %, 1965 MHz, 1965 MHz, 166.68 W, 60, P2, 0x0000000000000000
2026/08/26 22:28:11.794, 0, 20144 MiB, 100 %, 1965 MHz, 1965 MHz, 166.39 W, 60, P2, 0x0000000000000000
2026/08/26 22:28:12.794, 0, 20144 MiB, 100 %, 1965 MHz, 1965 MHz, 166.97 W, 60, P2, 0x0000000000000000
2026/08/26 22:28:13.794, 0, 20144 MiB, 99 %, 1965 MHz, 1965 MHz, 166.40 W, 60, P2, 0x0000000000000000
2026/08/26 22:28:14.795, 0, 20144 MiB, 100 %, 1965 MHz, 1965 MHz, 166.26 W, 60, P2, 0x0000000000000000
2026/08/26 22:28:15.795, 0, 20144 MiB, 100 %, 1965 MHz, 1965 MHz, 166.20 W, 60, P2, 0x0000000000000000
2026/08/26 22:28:16.795, 0, 20144 MiB, 100 %, 1965 MHz, 1965 MHz, 166.00 W, 60, P2, 0x0000000000000000
2026/08/26 22:28:17.795, 0, 20144 MiB, 99 %, 1965 MHz, 1965 MHz, 165.90 W, 60, P2, 0x0000000000000000
2026/08/26 22:28:18.795, 0, 20144 MiB, 99 %, 1965 MHz, 1965 MHz, 165.66 W, 59, P2, 0x0000000000000000
2026/08/26 22:28:19.795, 0, 20144 MiB, 100 %, 1965 MHz, 1965 MHz, 165.84 W, 59, P2, 0x0000000000000000
2026/08/26 22:28:20.796, 0, 20800 MiB, 100 %, 1965 MHz, 1965 MHz, 165.45 W, 60, P2, 0x0000000000000000
2026/08/26 22:28:21.796, 0, 20816 MiB, 64 %, 1950 MHz, 1950 MHz, 251.96 W, 65, P2, 0x0000000000000000
2026/08/26 22:28:22.796, 0, 20816 MiB, 78 %, 1950 MHz, 1950 MHz, 324.28 W, 66, P2, 0x0000000000000000
2026/08/26 22:28:23.796, 0, 20816 MiB, 74 %, 1950 MHz, 1950 MHz, 324.85 W, 67, P2, 0x0000000000000004
2026/08/26 22:28:24.796, 0, 20816 MiB, 77 %, 1950 MHz, 1950 MHz, 290.98 W, 67, P2, 0x0000000000000004
2026/08/26 22:28:25.796, 0, 20816 MiB, 77 %, 1950 MHz, 1950 MHz, 327.55 W, 67, P2, 0x0000000000000004
2026/08/26 22:28:26.796, 0, 20816 MiB, 78 %, 1950 MHz, 1950 MHz, 307.93 W, 63, P2, 0x0000000000000004
2026/08/26 22:28:27.796, 0, 20816 MiB, 75 %, 1950 MHz, 1950 MHz, 295.26 W, 68, P2, 0x0000000000000000
2026/08/26 22:28:28.797, 0, 20816 MiB, 77 %, 1935 MHz, 1935 MHz, 324.55 W, 68, P2, 0x0000000000000004
2026/08/26 22:28:29.797, 0, 20816 MiB, 79 %, 1935 MHz, 1935 MHz, 285.28 W, 65, P2, 0x0000000000000000
2026/08/26 22:28:30.797, 0, 20816 MiB, 78 %, 1935 MHz, 1935 MHz, 315.08 W, 68, P2, 0x0000000000000000
2026/08/26 22:28:31.797, 0, 20816 MiB, 78 %, 1935 MHz, 1935 MHz, 327.70 W, 68, P2, 0x0000000000000004
2026/08/26 22:28:32.797, 0, 20816 MiB, 78 %, 1935 MHz, 1935 MHz, 286.16 W, 67, P2, 0x0000000000000004
2026/08/26 22:28:33.797, 0, 20816 MiB, 77 %, 1935 MHz, 1935 MHz, 325.75 W, 69, P2, 0x0000000000000004
2026/08/26 22:28:34.797, 0, 20816 MiB, 79 %, 1935 MHz, 1935 MHz, 329.29 W, 69, P2, 0x0000000000000004
2026/08/26 22:28:35.797, 0, 20824 MiB, 20 %, 1935 MHz, 1935 MHz, 261.33 W, 66, P2, 0x0000000000000000
2026/08/26 22:28:36.797, 0, 20824 MiB, 78 %, 1935 MHz, 1935 MHz, 328.68 W, 69, P2, 0x0000000000000004
2026/08/26 22:28:37.798, 0, 20824 MiB, 80 %, 1935 MHz, 1935 MHz, 332.56 W, 70, P2, 0x0000000000000004
2026/08/26 22:28:38.798, 0, 20824 MiB, 77 %, 1935 MHz, 1935 MHz, 292.82 W, 68, P2, 0x0000000000000004
2026/08/26 22:28:39.798, 0, 20824 MiB, 76 %, 1935 MHz, 1935 MHz, 329.46 W, 70, P2, 0x0000000000000000
2026/08/26 22:28:40.798, 0, 20824 MiB, 77 %, 1935 MHz, 1935 MHz, 330.83 W, 70, P2, 0x0000000000000004
2026/08/26 22:28:41.798, 0, 20824 MiB, 14 %, 1935 MHz, 1935 MHz, 294.52 W, 70, P2, 0x0000000000000004
2026/08/26 22:28:42.798, 0, 20824 MiB, 77 %, 1935 MHz, 1935 MHz, 333.42 W, 71, P2, 0x0000000000000004
2026/08/26 22:28:43.798, 0, 20824 MiB, 79 %, 1935 MHz, 1935 MHz, 331.08 W, 71, P2, 0x0000000000000004
2026/08/26 22:28:44.798, 0, 20824 MiB, 56 %, 1935 MHz, 1935 MHz, 295.82 W, 71, P2, 0x0000000000000004
2026/08/26 22:28:45.799, 0, 20824 MiB, 78 %, 1935 MHz, 1935 MHz, 334.20 W, 71, P2, 0x0000000000000004
2026/08/26 22:28:46.799, 0, 20824 MiB, 77 %, 1935 MHz, 1935 MHz, 334.45 W, 71, P2, 0x0000000000000004
2026/08/26 22:28:47.799, 0, 20824 MiB, 77 %, 1935 MHz, 1935 MHz, 290.91 W, 71, P2, 0x0000000000000004
2026/08/26 22:28:48.799, 0, 20824 MiB, 77 %, 1935 MHz, 1935 MHz, 331.54 W, 72, P2, 0x0000000000000004
2026/08/26 22:28:49.799, 0, 20824 MiB, 76 %, 1935 MHz, 1935 MHz, 322.41 W, 72, P2, 0x0000000000000004
2026/08/26 22:28:50.799, 0, 20824 MiB, 77 %, 1935 MHz, 1935 MHz, 299.59 W, 72, P2, 0x0000000000000004
2026/08/26 22:28:51.799, 0, 20824 MiB, 77 %, 1935 MHz, 1935 MHz, 333.39 W, 72, P2, 0x0000000000000004
2026/08/26 22:28:52.800, 0, 392 MiB, 79 %, 1935 MHz, 1935 MHz, 300.51 W, 68, P2, 0x0000000000000004
2026/08/26 22:28:53.800, 0, 346 MiB, 0 %, 1935 MHz, 1935 MHz, 204.80 W, 66, P0, 0x0000000000000000
2026/08/26 22:28:54.825, 0, 346 MiB, 0 %, 1935 MHz, 1935 MHz, 174.14 W, 65, P2, 0x0000000000000000
2026/08/26 22:28:55.825, 0, 346 MiB, 0 %, 1935 MHz, 1935 MHz, 172.00 W, 64, P2, 0x0000000000000000
2026/08/26 22:28:56.825, 0, 346 MiB, 0 %, 1695 MHz, 1695 MHz, 147.82 W, 62, P2, 0x0000000000000000
2026/08/26 22:28:57.826, 0, 19044 MiB, 100 %, 1950 MHz, 1950 MHz, 134.77 W, 62, P2, 0x0000000000000000
2026/08/26 22:28:58.826, 0, 19044 MiB, 100 %, 1950 MHz, 1950 MHz, 165.71 W, 63, P2, 0x0000000000000000
2026/08/26 22:28:59.826, 0, 19044 MiB, 99 %, 1950 MHz, 1950 MHz, 170.90 W, 63, P2, 0x0000000000000000
2026/08/26 22:29:00.826, 0, 19044 MiB, 99 %, 1950 MHz, 1950 MHz, 168.61 W, 63, P2, 0x0000000000000000
2026/08/26 22:29:01.826, 0, 19044 MiB, 100 %, 1950 MHz, 1950 MHz, 169.43 W, 62, P2, 0x0000000000000000
2026/08/26 22:29:02.826, 0, 19044 MiB, 100 %, 1950 MHz, 1950 MHz, 169.82 W, 62, P2, 0x0000000000000000
2026/08/26 22:29:03.826, 0, 19044 MiB, 99 %, 1950 MHz, 1950 MHz, 168.98 W, 62, P2, 0x0000000000000000
2026/08/26 22:29:04.827, 0, 19044 MiB, 100 %, 1950 MHz, 1950 MHz, 165.08 W, 61, P2, 0x0000000000000000
2026/08/26 22:29:05.827, 0, 19044 MiB, 99 %, 1950 MHz, 1950 MHz, 162.42 W, 61, P2, 0x0000000000000000
2026/08/26 22:29:06.827, 0, 21094 MiB, 0 %, 1950 MHz, 1950 MHz, 160.11 W, 61, P2, 0x0000000000000000
2026/08/26 22:29:07.827, 0, 22270 MiB, 52 %, 1950 MHz, 1950 MHz, 167.05 W, 62, P2, 0x0000000000000004
2026/08/26 22:29:08.827, 0, 22270 MiB, 77 %, 1950 MHz, 1950 MHz, 301.05 W, 67, P2, 0x0000000000000004
2026/08/26 22:29:09.827, 0, 22270 MiB, 76 %, 1950 MHz, 1950 MHz, 327.19 W, 67, P2, 0x0000000000000004
2026/08/26 22:29:10.827, 0, 22270 MiB, 78 %, 1935 MHz, 1935 MHz, 298.90 W, 68, P2, 0x0000000000000004
2026/08/26 22:29:11.828, 0, 22270 MiB, 77 %, 1935 MHz, 1935 MHz, 329.99 W, 68, P2, 0x0000000000000004
2026/08/26 22:29:12.828, 0, 22270 MiB, 76 %, 1935 MHz, 1935 MHz, 298.82 W, 68, P2, 0x0000000000000004
2026/08/26 22:29:13.828, 0, 22270 MiB, 78 %, 1935 MHz, 1935 MHz, 331.58 W, 69, P2, 0x0000000000000004
2026/08/26 22:29:14.828, 0, 22286 MiB, 61 %, 1935 MHz, 1935 MHz, 307.15 W, 66, P2, 0x0000000000000004
2026/08/26 22:29:15.835, 0, 22286 MiB, 78 %, 1935 MHz, 1935 MHz, 305.29 W, 69, P2, 0x0000000000000004
2026/08/26 22:29:16.835, 0, 22286 MiB, 79 %, 1935 MHz, 1935 MHz, 331.54 W, 69, P2, 0x0000000000000004
2026/08/26 22:29:17.835, 0, 22286 MiB, 78 %, 1935 MHz, 1935 MHz, 284.58 W, 69, P2, 0x0000000000000004
2026/08/26 22:29:18.836, 0, 22286 MiB, 77 %, 1935 MHz, 1935 MHz, 332.01 W, 70, P2, 0x0000000000000004
2026/08/26 22:29:19.836, 0, 22292 MiB, 100 %, 1935 MHz, 1935 MHz, 271.39 W, 65, P2, 0x0000000000000004
2026/08/26 22:29:20.842, 0, 22292 MiB, 77 %, 1935 MHz, 1935 MHz, 270.99 W, 69, P2, 0x0000000000000004
2026/08/26 22:29:21.842, 0, 22292 MiB, 77 %, 1935 MHz, 1935 MHz, 330.58 W, 70, P2, 0x0000000000000004
2026/08/26 22:29:22.842, 0, 22292 MiB, 76 %, 1935 MHz, 1935 MHz, 297.52 W, 70, P2, 0x0000000000000004
2026/08/26 22:29:23.842, 0, 22292 MiB, 75 %, 1935 MHz, 1935 MHz, 333.25 W, 70, P2, 0x0000000000000004
2026/08/26 22:29:24.842, 0, 22292 MiB, 77 %, 1935 MHz, 1935 MHz, 294.48 W, 69, P2, 0x0000000000000004
2026/08/26 22:29:25.846, 0, 22292 MiB, 78 %, 1935 MHz, 1935 MHz, 331.07 W, 71, P2, 0x0000000000000004
2026/08/26 22:29:26.846, 0, 22292 MiB, 72 %, 1935 MHz, 1935 MHz, 296.50 W, 69, P2, 0x0000000000000004
2026/08/26 22:29:27.846, 0, 22292 MiB, 78 %, 1935 MHz, 1935 MHz, 328.19 W, 71, P2, 0x0000000000000004
2026/08/26 22:29:28.846, 0, 22292 MiB, 66 %, 1935 MHz, 1935 MHz, 324.39 W, 69, P2, 0x0000000000000004
2026/08/26 22:29:29.847, 0, 22292 MiB, 79 %, 1935 MHz, 1935 MHz, 303.75 W, 71, P2, 0x0000000000000004
2026/08/26 22:29:30.847, 0, 22292 MiB, 78 %, 1935 MHz, 1935 MHz, 328.40 W, 71, P2, 0x0000000000000004
2026/08/26 22:29:31.847, 0, 22292 MiB, 73 %, 1935 MHz, 1935 MHz, 300.31 W, 71, P2, 0x0000000000000004
2026/08/26 22:29:32.847, 0, 22292 MiB, 79 %, 1935 MHz, 1935 MHz, 334.22 W, 71, P2, 0x0000000000000004
2026/08/26 22:29:33.847, 0, 414 MiB, 76 %, 1935 MHz, 1935 MHz, 326.67 W, 70, P2, 0x0000000000000004
2026/08/26 22:29:34.848, 0, 346 MiB, 0 %, 1935 MHz, 1935 MHz, 180.58 W, 65, P2, 0x0000000000000000
2026/08/26 22:29:35.848, 0, 346 MiB, 0 %, 1935 MHz, 1935 MHz, 173.41 W, 64, P2, 0x0000000000000000
2026/08/26 22:29:36.848, 0, 346 MiB, 20 %, 1935 MHz, 1935 MHz, 170.60 W, 64, P2, 0x0000000000000000
2026/08/26 22:29:37.848, 0, 346 MiB, 17 %, 1695 MHz, 1695 MHz, 140.40 W, 62, P2, 0x0000000000000000
2026/08/26 22:29:38.848, 0, 19044 MiB, 100 %, 1950 MHz, 1950 MHz, 138.29 W, 62, P2, 0x0000000000000000
2026/08/26 22:29:39.849, 0, 19044 MiB, 100 %, 1950 MHz, 1950 MHz, 170.96 W, 63, P2, 0x0000000000000000
2026/08/26 22:29:40.849, 0, 19044 MiB, 100 %, 1950 MHz, 1950 MHz, 170.93 W, 63, P2, 0x0000000000000000
2026/08/26 22:29:41.849, 0, 19044 MiB, 99 %, 1950 MHz, 1950 MHz, 170.11 W, 62, P2, 0x0000000000000000
2026/08/26 22:29:42.849, 0, 19044 MiB, 100 %, 1950 MHz, 1950 MHz, 170.68 W, 62, P2, 0x0000000000000000
2026/08/26 22:29:43.849, 0, 19044 MiB, 100 %, 1950 MHz, 1950 MHz, 170.58 W, 62, P2, 0x0000000000000000
2026/08/26 22:29:44.849, 0, 19044 MiB, 100 %, 1950 MHz, 1950 MHz, 169.81 W, 62, P2, 0x0000000000000000
2026/08/26 22:29:45.850, 0, 19044 MiB, 99 %, 1950 MHz, 1950 MHz, 169.69 W, 62, P2, 0x0000000000000000
2026/08/26 22:29:46.850, 0, 19044 MiB, 100 %, 1950 MHz, 1950 MHz, 169.90 W, 61, P2, 0x0000000000000000
2026/08/26 22:29:47.850, 0, 19044 MiB, 100 %, 1950 MHz, 1950 MHz, 169.12 W, 61, P2, 0x0000000000000000
2026/08/26 22:29:48.850, 0, 19044 MiB, 100 %, 1950 MHz, 1950 MHz, 169.22 W, 61, P2, 0x0000000000000000
2026/08/26 22:29:49.850, 0, 20188 MiB, 98 %, 1950 MHz, 1950 MHz, 168.60 W, 61, P2, 0x0000000000000000
2026/08/26 22:29:50.850, 0, 22236 MiB, 0 %, 1950 MHz, 1950 MHz, 171.49 W, 61, P2, 0x0000000000000000
2026/08/26 22:29:51.851, 0, 22270 MiB, 74 %, 1950 MHz, 1950 MHz, 281.26 W, 66, P2, 0x0000000000000004
2026/08/26 22:29:52.851, 0, 22270 MiB, 77 %, 1950 MHz, 1950 MHz, 330.16 W, 67, P2, 0x0000000000000004
2026/08/26 22:29:53.851, 0, 22270 MiB, 73 %, 1935 MHz, 1935 MHz, 295.49 W, 67, P2, 0x0000000000000004
2026/08/26 22:29:54.851, 0, 22270 MiB, 77 %, 1935 MHz, 1935 MHz, 329.20 W, 68, P2, 0x0000000000000004
2026/08/26 22:29:55.851, 0, 22270 MiB, 68 %, 1935 MHz, 1935 MHz, 299.73 W, 66, P2, 0x0000000000000000
2026/08/26 22:29:56.852, 0, 22270 MiB, 77 %, 1935 MHz, 1935 MHz, 326.17 W, 68, P2, 0x0000000000000004
2026/08/26 22:29:57.852, 0, 22270 MiB, 78 %, 1935 MHz, 1935 MHz, 329.41 W, 68, P2, 0x0000000000000004
2026/08/26 22:29:58.852, 0, 22286 MiB, 77 %, 1935 MHz, 1935 MHz, 287.40 W, 68, P2, 0x0000000000000004
2026/08/26 22:29:59.852, 0, 22286 MiB, 80 %, 1920 MHz, 1920 MHz, 323.61 W, 69, P2, 0x0000000000000004
2026/08/26 22:30:00.853, 0, 22286 MiB, 76 %, 1935 MHz, 1935 MHz, 290.44 W, 68, P2, 0x0000000000000004
2026/08/26 22:30:01.853, 0, 22286 MiB, 74 %, 1935 MHz, 1935 MHz, 325.69 W, 69, P2, 0x0000000000000004
2026/08/26 22:30:02.853, 0, 22292 MiB, 81 %, 1935 MHz, 1935 MHz, 308.48 W, 67, P2, 0x0000000000000004
2026/08/26 22:30:03.853, 0, 22292 MiB, 77 %, 1935 MHz, 1935 MHz, 241.44 W, 69, P2, 0x0000000000000004
2026/08/26 22:30:04.853, 0, 22292 MiB, 77 %, 1935 MHz, 1935 MHz, 328.83 W, 69, P2, 0x0000000000000004
2026/08/26 22:30:05.854, 0, 22292 MiB, 78 %, 1935 MHz, 1935 MHz, 296.17 W, 69, P2, 0x0000000000000004
2026/08/26 22:30:06.854, 0, 22292 MiB, 78 %, 1935 MHz, 1935 MHz, 335.23 W, 70, P2, 0x0000000000000004
2026/08/26 22:30:07.854, 0, 22292 MiB, 64 %, 1935 MHz, 1935 MHz, 310.08 W, 67, P2, 0x0000000000000004
2026/08/26 22:30:08.854, 0, 22292 MiB, 75 %, 1935 MHz, 1935 MHz, 314.05 W, 70, P2, 0x0000000000000004
2026/08/26 22:30:09.854, 0, 22292 MiB, 62 %, 1935 MHz, 1935 MHz, 312.73 W, 68, P2, 0x0000000000000004
2026/08/26 22:30:10.855, 0, 22292 MiB, 77 %, 1935 MHz, 1935 MHz, 312.03 W, 71, P2, 0x0000000000000004
2026/08/26 22:30:11.855, 0, 22292 MiB, 77 %, 1935 MHz, 1935 MHz, 329.98 W, 70, P2, 0x0000000000000004
2026/08/26 22:30:12.855, 0, 22292 MiB, 77 %, 1935 MHz, 1935 MHz, 301.77 W, 71, P2, 0x0000000000000004
2026/08/26 22:30:13.855, 0, 22292 MiB, 75 %, 1935 MHz, 1935 MHz, 327.98 W, 71, P2, 0x0000000000000004
2026/08/26 22:30:14.855, 0, 22292 MiB, 73 %, 1935 MHz, 1935 MHz, 297.11 W, 69, P2, 0x0000000000000000
2026/08/26 22:30:15.856, 0, 22292 MiB, 78 %, 1920 MHz, 1920 MHz, 326.04 W, 71, P2, 0x0000000000000004
2026/08/26 22:30:16.856, 0, 22292 MiB, 78 %, 1935 MHz, 1935 MHz, 326.01 W, 71, P2, 0x0000000000000004
2026/08/26 22:30:17.856, 0, 346 MiB, 0 %, 1935 MHz, 1935 MHz, 210.98 W, 66, P0, 0x0000000000000000
2026/08/26 22:30:18.939, 0, 346 MiB, 0 %, 1935 MHz, 1935 MHz, 168.29 W, 64, P2, 0x0000000000000000
2026/08/26 22:30:19.939, 0, 346 MiB, 0 %, 1935 MHz, 1935 MHz, 159.79 W, 63, P2, 0x0000000000000000
2026/08/26 22:30:20.939, 0, 20144 MiB, 0 %, 1695 MHz, 1695 MHz, 141.21 W, 61, P2, 0x0000000000000000
2026/08/26 22:30:21.939, 0, 20144 MiB, 99 %, 1950 MHz, 1950 MHz, 152.18 W, 62, P2, 0x0000000000000000
2026/08/26 22:30:22.940, 0, 20144 MiB, 99 %, 1950 MHz, 1950 MHz, 166.98 W, 63, P2, 0x0000000000000000
2026/08/26 22:30:23.940, 0, 20144 MiB, 99 %, 1950 MHz, 1950 MHz, 163.91 W, 62, P2, 0x0000000000000000
2026/08/26 22:30:24.940, 0, 20144 MiB, 100 %, 1950 MHz, 1950 MHz, 160.14 W, 62, P2, 0x0000000000000000
2026/08/26 22:30:25.940, 0, 20144 MiB, 99 %, 1950 MHz, 1950 MHz, 159.74 W, 61, P2, 0x0000000000000000
2026/08/26 22:30:26.940, 0, 20144 MiB, 100 %, 1950 MHz, 1950 MHz, 158.26 W, 61, P2, 0x0000000000000000
2026/08/26 22:30:27.940, 0, 20144 MiB, 100 %, 1950 MHz, 1950 MHz, 158.22 W, 61, P2, 0x0000000000000000
2026/08/26 22:30:28.940, 0, 20816 MiB, 67 %, 1935 MHz, 1935 MHz, 173.41 W, 64, P2, 0x0000000000000004
2026/08/26 22:30:29.941, 0, 20816 MiB, 80 %, 1950 MHz, 1950 MHz, 313.05 W, 68, P2, 0x0000000000000000
2026/08/26 22:30:30.941, 0, 20816 MiB, 75 %, 1935 MHz, 1935 MHz, 326.61 W, 68, P2, 0x0000000000000000
2026/08/26 22:30:31.941, 0, 20816 MiB, 77 %, 1935 MHz, 1935 MHz, 289.82 W, 67, P2, 0x0000000000000004
2026/08/26 22:30:32.941, 0, 20816 MiB, 78 %, 1935 MHz, 1935 MHz, 324.64 W, 69, P2, 0x0000000000000000
2026/08/26 22:30:33.942, 0, 20816 MiB, 75 %, 1935 MHz, 1935 MHz, 328.66 W, 69, P2, 0x0000000000000004
2026/08/26 22:30:34.942, 0, 20816 MiB, 79 %, 1935 MHz, 1935 MHz, 296.34 W, 69, P2, 0x0000000000000000
2026/08/26 22:30:35.942, 0, 20816 MiB, 78 %, 1935 MHz, 1935 MHz, 330.92 W, 70, P2, 0x0000000000000004
2026/08/26 22:30:36.942, 0, 20816 MiB, 78 %, 1935 MHz, 1935 MHz, 330.32 W, 70, P2, 0x0000000000000004
2026/08/26 22:30:37.942, 0, 20816 MiB, 80 %, 1935 MHz, 1935 MHz, 294.64 W, 70, P2, 0x0000000000000004
2026/08/26 22:30:38.943, 0, 20816 MiB, 79 %, 1935 MHz, 1935 MHz, 335.61 W, 70, P2, 0x0000000000000004
2026/08/26 22:30:39.943, 0, 20816 MiB, 79 %, 1935 MHz, 1935 MHz, 335.78 W, 71, P2, 0x0000000000000004
2026/08/26 22:30:40.943, 0, 20816 MiB, 78 %, 1935 MHz, 1935 MHz, 297.85 W, 70, P2, 0x0000000000000004
2026/08/26 22:30:41.943, 0, 20816 MiB, 80 %, 1935 MHz, 1935 MHz, 334.41 W, 71, P2, 0x0000000000000004
2026/08/26 22:30:42.943, 0, 20824 MiB, 6 %, 1935 MHz, 1935 MHz, 321.38 W, 68, P2, 0x0000000000000004
2026/08/26 22:30:43.944, 0, 20824 MiB, 77 %, 1935 MHz, 1935 MHz, 259.70 W, 70, P2, 0x0000000000000000
2026/08/26 22:30:44.944, 0, 20824 MiB, 79 %, 1935 MHz, 1935 MHz, 332.94 W, 71, P2, 0x0000000000000004
2026/08/26 22:30:45.944, 0, 20824 MiB, 77 %, 1935 MHz, 1935 MHz, 332.94 W, 71, P2, 0x0000000000000004
2026/08/26 22:30:46.944, 0, 20824 MiB, 78 %, 1935 MHz, 1935 MHz, 298.41 W, 71, P2, 0x0000000000000004
2026/08/26 22:30:47.945, 0, 20824 MiB, 78 %, 1935 MHz, 1935 MHz, 333.56 W, 72, P2, 0x0000000000000004
2026/08/26 22:30:48.945, 0, 20824 MiB, 24 %, 1935 MHz, 1935 MHz, 323.06 W, 69, P2, 0x0000000000000004
2026/08/26 22:30:49.945, 0, 20824 MiB, 78 %, 1935 MHz, 1935 MHz, 298.68 W, 72, P2, 0x0000000000000004
2026/08/26 22:30:50.945, 0, 20824 MiB, 80 %, 1935 MHz, 1935 MHz, 336.94 W, 72, P2, 0x0000000000000004
2026/08/26 22:30:51.945, 0, 20824 MiB, 66 %, 1920 MHz, 1920 MHz, 311.36 W, 70, P2, 0x0000000000000004
2026/08/26 22:30:52.946, 0, 20824 MiB, 78 %, 1935 MHz, 1935 MHz, 314.73 W, 72, P2, 0x0000000000000004
2026/08/26 22:30:53.946, 0, 20824 MiB, 80 %, 1920 MHz, 1920 MHz, 336.40 W, 73, P2, 0x0000000000000004
2026/08/26 22:30:54.946, 0, 20824 MiB, 75 %, 1920 MHz, 1920 MHz, 299.31 W, 71, P2, 0x0000000000000000
2026/08/26 22:30:55.946, 0, 20824 MiB, 78 %, 1920 MHz, 1920 MHz, 331.47 W, 73, P2, 0x0000000000000004
2026/08/26 22:30:56.946, 0, 20824 MiB, 78 %, 1920 MHz, 1920 MHz, 333.40 W, 73, P2, 0x0000000000000004
2026/08/26 22:30:57.947, 0, 20824 MiB, 79 %, 1920 MHz, 1920 MHz, 299.66 W, 73, P2, 0x0000000000000004
2026/08/26 22:30:58.947, 0, 20824 MiB, 78 %, 1920 MHz, 1920 MHz, 332.49 W, 73, P2, 0x0000000000000004
2026/08/26 22:30:59.947, 0, 20824 MiB, 77 %, 1920 MHz, 1920 MHz, 333.54 W, 73, P2, 0x0000000000000004
