timestamp, index, memory.used [MiB], utilization.gpu [%], clocks.current.graphics [MHz], clocks.current.sm [MHz], power.draw [W], temperature.gpu, pstate, clocks_event_reasons.active
2026/09/26 13:11:10.063, 0, 178 MiB, 0 %, 210 MHz, 210 MHz, 25.94 W, 36, P8, 0x0000000000000001
2026/09/26 13:11:11.068, 0, 178 MiB, 0 %, 210 MHz, 210 MHz, 26.15 W, 36, P8, 0x0000000000000001
2026/09/26 13:11:12.069, 0, 178 MiB, 0 %, 210 MHz, 210 MHz, 26.21 W, 36, P8, 0x0000000000000001
2026/09/26 13:11:13.069, 0, 178 MiB, 0 %, 210 MHz, 210 MHz, 26.16 W, 36, P8, 0x0000000000000001
2026/09/26 13:11:14.069, 0, 178 MiB, 0 %, 210 MHz, 210 MHz, 26.22 W, 36, P8, 0x0000000000000001
2026/09/26 13:11:15.069, 0, 178 MiB, 0 %, 210 MHz, 210 MHz, 26.13 W, 36, P8, 0x0000000000000001
2026/09/26 13:11:16.069, 0, 178 MiB, 0 %, 210 MHz, 210 MHz, 26.12 W, 36, P8, 0x0000000000000001
2026/09/26 13:11:17.069, 0, 178 MiB, 0 %, 210 MHz, 210 MHz, 26.33 W, 36, P8, 0x0000000000000001
2026/09/26 13:11:18.070, 0, 178 MiB, 0 %, 210 MHz, 210 MHz, 26.27 W, 36, P8, 0x0000000000000001
2026/09/26 13:11:19.070, 0, 178 MiB, 0 %, 210 MHz, 210 MHz, 26.16 W, 36, P8, 0x0000000000000001
2026/09/26 13:11:20.070, 0, 178 MiB, 0 %, 210 MHz, 210 MHz, 26.22 W, 36, P8, 0x0000000000000001
2026/09/26 13:11:21.070, 0, 178 MiB, 0 %, 210 MHz, 210 MHz, 26.22 W, 36, P8, 0x0000000000000001
2026/09/26 13:11:22.070, 0, 178 MiB, 0 %, 210 MHz, 210 MHz, 26.22 W, 36, P8, 0x0000000000000001
2026/09/26 13:11:23.070, 0, 178 MiB, 0 %, 210 MHz, 210 MHz, 26.26 W, 36, P8, 0x0000000000000001
2026/09/26 13:11:24.071, 0, 178 MiB, 0 %, 210 MHz, 210 MHz, 26.14 W, 36, P8, 0x0000000000000001
2026/09/26 13:11:25.071, 0, 178 MiB, 0 %, 210 MHz, 210 MHz, 26.15 W, 36, P8, 0x0000000000000001
2026/09/26 13:11:26.071, 0, 178 MiB, 0 %, 210 MHz, 210 MHz, 26.16 W, 36, P8, 0x0000000000000001
2026/09/26 13:11:27.071, 0, 178 MiB, 0 %, 210 MHz, 210 MHz, 25.98 W, 36, P8, 0x0000000000000001
2026/09/26 13:11:28.071, 0, 178 MiB, 0 %, 210 MHz, 210 MHz, 26.02 W, 36, P8, 0x0000000000000001
2026/09/26 13:11:29.071, 0, 178 MiB, 0 %, 210 MHz, 210 MHz, 26.09 W, 36, P8, 0x0000000000000001
2026/09/26 13:11:30.072, 0, 178 MiB, 0 %, 210 MHz, 210 MHz, 25.92 W, 36, P8, 0x0000000000000004
2026/09/26 13:11:31.072, 0, 178 MiB, 0 %, 210 MHz, 210 MHz, 25.97 W, 36, P8, 0x0000000000000001
2026/09/26 13:11:32.072, 0, 442 MiB, 0 %, 1755 MHz, 1755 MHz, 40.16 W, 40, P2, 0x0000000000000000
2026/09/26 13:11:33.072, 0, 442 MiB, 13 %, 1965 MHz, 1965 MHz, 138.66 W, 44, P2, 0x0000000000000000
2026/09/26 13:11:34.072, 0, 442 MiB, 0 %, 1965 MHz, 1965 MHz, 150.05 W, 45, P2, 0x0000000000000000
2026/09/26 13:11:35.072, 0, 442 MiB, 1 %, 1695 MHz, 1695 MHz, 123.15 W, 43, P2, 0x0000000000000000
2026/09/26 13:11:36.073, 0, 442 MiB, 0 %, 1695 MHz, 1695 MHz, 117.04 W, 43, P2, 0x0000000000000000
2026/09/26 13:11:37.073, 0, 442 MiB, 0 %, 1695 MHz, 1695 MHz, 113.15 W, 43, P2, 0x0000000000000000
2026/09/26 13:11:38.073, 0, 442 MiB, 0 %, 1695 MHz, 1695 MHz, 112.22 W, 43, P2, 0x0000000000000000
2026/09/26 13:11:39.075, 0, 442 MiB, 0 %, 1695 MHz, 1695 MHz, 111.27 W, 43, P2, 0x0000000000000000
2026/09/26 13:11:40.076, 0, 442 MiB, 0 %, 1695 MHz, 1695 MHz, 110.97 W, 44, P2, 0x0000000000000000
2026/09/26 13:11:41.076, 0, 442 MiB, 0 %, 1695 MHz, 1695 MHz, 111.08 W, 44, P2, 0x0000000000000000
2026/09/26 13:11:42.076, 0, 19140 MiB, 0 %, 1695 MHz, 1695 MHz, 111.12 W, 44, P2, 0x0000000000000000
2026/09/26 13:11:43.077, 0, 19140 MiB, 95 %, 1965 MHz, 1965 MHz, 119.29 W, 46, P2, 0x0000000000000000
2026/09/26 13:11:44.077, 0, 19140 MiB, 27 %, 1965 MHz, 1965 MHz, 148.23 W, 47, P2, 0x0000000000000000
2026/09/26 13:11:45.077, 0, 19140 MiB, 67 %, 1965 MHz, 1965 MHz, 148.91 W, 47, P2, 0x0000000000000000
2026/09/26 13:11:46.077, 0, 19140 MiB, 93 %, 1965 MHz, 1965 MHz, 149.29 W, 47, P2, 0x0000000000000000
2026/09/26 13:11:47.077, 0, 19140 MiB, 99 %, 1965 MHz, 1965 MHz, 149.08 W, 48, P2, 0x0000000000000000
2026/09/26 13:11:48.079, 0, 19140 MiB, 95 %, 1950 MHz, 1950 MHz, 150.35 W, 48, P2, 0x0000000000000000
2026/09/26 13:11:49.080, 0, 19140 MiB, 99 %, 1950 MHz, 1950 MHz, 152.12 W, 48, P2, 0x0000000000000000
2026/09/26 13:11:50.080, 0, 19140 MiB, 99 %, 1950 MHz, 1950 MHz, 152.31 W, 49, P2, 0x0000000000000000
2026/09/26 13:11:51.080, 0, 19140 MiB, 98 %, 1950 MHz, 1950 MHz, 151.91 W, 49, P2, 0x0000000000000000
2026/09/26 13:11:52.080, 0, 19140 MiB, 99 %, 1950 MHz, 1950 MHz, 151.90 W, 49, P2, 0x0000000000000000
2026/09/26 13:11:53.080, 0, 19140 MiB, 100 %, 1950 MHz, 1950 MHz, 151.24 W, 49, P2, 0x0000000000000000
2026/09/26 13:11:54.080, 0, 19140 MiB, 100 %, 1950 MHz, 1950 MHz, 152.70 W, 50, P2, 0x0000000000000000
2026/09/26 13:11:55.081, 0, 21190 MiB, 6 %, 1950 MHz, 1950 MHz, 152.85 W, 49, P2, 0x0000000000000000
2026/09/26 13:11:56.081, 0, 22366 MiB, 99 %, 1950 MHz, 1950 MHz, 154.25 W, 51, P2, 0x0000000000000000
2026/09/26 13:11:57.081, 0, 22366 MiB, 68 %, 1965 MHz, 1965 MHz, 252.29 W, 56, P2, 0x0000000000000000
2026/09/26 13:11:58.081, 0, 22366 MiB, 75 %, 1965 MHz, 1965 MHz, 309.10 W, 57, P2, 0x0000000000000000
2026/09/26 13:11:59.081, 0, 22366 MiB, 27 %, 1965 MHz, 1965 MHz, 282.05 W, 58, P2, 0x0000000000000000
2026/09/26 13:12:00.081, 0, 22366 MiB, 76 %, 1965 MHz, 1965 MHz, 313.86 W, 59, P2, 0x0000000000000000
2026/09/26 13:12:01.081, 0, 22366 MiB, 79 %, 1965 MHz, 1965 MHz, 289.20 W, 55, P2, 0x0000000000000000
2026/09/26 13:12:02.081, 0, 22366 MiB, 78 %, 1965 MHz, 1965 MHz, 305.92 W, 60, P2, 0x0000000000000000
2026/09/26 13:12:03.082, 0, 22382 MiB, 79 %, 1965 MHz, 1965 MHz, 318.38 W, 60, P2, 0x0000000000000000
2026/09/26 13:12:04.082, 0, 22382 MiB, 70 %, 1965 MHz, 1965 MHz, 274.32 W, 60, P2, 0x0000000000000000
2026/09/26 13:12:05.082, 0, 22382 MiB, 77 %, 1965 MHz, 1965 MHz, 316.46 W, 61, P2, 0x0000000000000000
2026/09/26 13:12:06.082, 0, 22382 MiB, 76 %, 1965 MHz, 1965 MHz, 276.95 W, 59, P2, 0x0000000000000000
2026/09/26 13:12:07.082, 0, 22382 MiB, 80 %, 1965 MHz, 1965 MHz, 311.42 W, 61, P2, 0x0000000000000000
2026/09/26 13:12:08.082, 0, 22388 MiB, 76 %, 1965 MHz, 1965 MHz, 298.99 W, 59, P2, 0x0000000000000000
2026/09/26 13:12:09.082, 0, 22388 MiB, 100 %, 1965 MHz, 1965 MHz, 204.10 W, 61, P2, 0x0000000000000000
2026/09/26 13:12:10.082, 0, 22388 MiB, 80 %, 1965 MHz, 1965 MHz, 313.82 W, 62, P2, 0x0000000000000000
2026/09/26 13:12:11.082, 0, 22388 MiB, 77 %, 1965 MHz, 1965 MHz, 290.25 W, 60, P2, 0x0000000000000000
2026/09/26 13:12:12.083, 0, 22388 MiB, 76 %, 1965 MHz, 1965 MHz, 310.78 W, 63, P2, 0x0000000000000000
2026/09/26 13:12:13.083, 0, 22388 MiB, 75 %, 1965 MHz, 1965 MHz, 325.25 W, 64, P2, 0x0000000000000000
2026/09/26 13:12:14.083, 0, 22388 MiB, 76 %, 1965 MHz, 1965 MHz, 280.05 W, 64, P2, 0x0000000000000000
2026/09/26 13:12:15.083, 0, 22388 MiB, 79 %, 1950 MHz, 1950 MHz, 319.31 W, 64, P2, 0x0000000000000000
2026/09/26 13:12:16.083, 0, 22388 MiB, 71 %, 1950 MHz, 1950 MHz, 288.97 W, 64, P2, 0x0000000000000000
2026/09/26 13:12:17.083, 0, 22388 MiB, 77 %, 1950 MHz, 1950 MHz, 319.48 W, 64, P2, 0x0000000000000000
2026/09/26 13:12:18.084, 0, 22388 MiB, 34 %, 1950 MHz, 1950 MHz, 283.38 W, 64, P2, 0x0000000000000000
2026/09/26 13:12:19.084, 0, 22388 MiB, 79 %, 1950 MHz, 1950 MHz, 318.05 W, 65, P2, 0x0000000000000000
2026/09/26 13:12:20.084, 0, 22388 MiB, 76 %, 1950 MHz, 1950 MHz, 322.56 W, 65, P2, 0x0000000000000000
2026/09/26 13:12:21.084, 0, 22388 MiB, 75 %, 1950 MHz, 1950 MHz, 285.97 W, 65, P2, 0x0000000000000000
2026/09/26 13:12:22.085, 0, 22388 MiB, 77 %, 1950 MHz, 1950 MHz, 324.00 W, 66, P2, 0x0000000000000000
2026/09/26 13:12:23.085, 0, 178 MiB, 41 %, 1950 MHz, 1950 MHz, 246.23 W, 61, P2, 0x0000000000000000
2026/09/26 13:12:24.085, 0, 178 MiB, 0 %, 1950 MHz, 1950 MHz, 168.50 W, 59, P0, 0x0000000000000000
2026/09/26 13:12:25.086, 0, 178 MiB, 0 %, 1950 MHz, 1950 MHz, 165.05 W, 59, P0, 0x0000000000000000
2026/09/26 13:12:26.086, 0, 442 MiB, 0 %, 1965 MHz, 1965 MHz, 138.22 W, 58, P2, 0x0000000000000000
2026/09/26 13:12:27.086, 0, 1196 MiB, 16 %, 1965 MHz, 1965 MHz, 164.49 W, 58, P2, 0x0000000000000000
2026/09/26 13:12:28.086, 0, 442 MiB, 0 %, 1695 MHz, 1695 MHz, 164.25 W, 58, P2, 0x0000000000000000
2026/09/26 13:12:29.088, 0, 442 MiB, 0 %, 1695 MHz, 1695 MHz, 133.45 W, 56, P2, 0x0000000000000000
2026/09/26 13:12:30.095, 0, 442 MiB, 1 %, 1695 MHz, 1695 MHz, 127.87 W, 56, P2, 0x0000000000000000
2026/09/26 13:12:31.095, 0, 442 MiB, 0 %, 1695 MHz, 1695 MHz, 127.42 W, 56, P2, 0x0000000000000000
2026/09/26 13:12:32.095, 0, 19140 MiB, 0 %, 1695 MHz, 1695 MHz, 122.59 W, 55, P2, 0x0000000000000000
2026/09/26 13:12:33.096, 0, 19140 MiB, 99 %, 1965 MHz, 1965 MHz, 136.62 W, 57, P2, 0x0000000000000000
2026/09/26 13:12:34.096, 0, 19140 MiB, 99 %, 1965 MHz, 1965 MHz, 164.74 W, 57, P2, 0x0000000000000000
2026/09/26 13:12:35.096, 0, 19140 MiB, 100 %, 1965 MHz, 1965 MHz, 164.69 W, 57, P2, 0x0000000000000000
2026/09/26 13:12:36.096, 0, 19140 MiB, 100 %, 1965 MHz, 1965 MHz, 164.84 W, 57, P2, 0x0000000000000000
2026/09/26 13:12:37.096, 0, 19140 MiB, 100 %, 1965 MHz, 1965 MHz, 164.71 W, 57, P2, 0x0000000000000000
2026/09/26 13:12:38.096, 0, 19140 MiB, 99 %, 1965 MHz, 1965 MHz, 164.66 W, 57, P2, 0x0000000000000000
2026/09/26 13:12:39.097, 0, 19140 MiB, 99 %, 1965 MHz, 1965 MHz, 164.60 W, 57, P2, 0x0000000000000000
2026/09/26 13:12:40.097, 0, 19140 MiB, 100 %, 1965 MHz, 1965 MHz, 164.49 W, 57, P2, 0x0000000000000000
2026/09/26 13:12:41.097, 0, 19140 MiB, 100 %, 1965 MHz, 1965 MHz, 164.30 W, 57, P2, 0x0000000000000000
2026/09/26 13:12:42.097, 0, 19140 MiB, 100 %, 1965 MHz, 1965 MHz, 163.99 W, 57, P2, 0x0000000000000000
2026/09/26 13:12:43.097, 0, 19140 MiB, 99 %, 1965 MHz, 1965 MHz, 164.15 W, 57, P2, 0x0000000000000000
2026/09/26 13:12:44.097, 0, 21190 MiB, 17 %, 1965 MHz, 1965 MHz, 165.46 W, 57, P2, 0x0000000000000000
2026/09/26 13:12:45.098, 0, 22366 MiB, 23 %, 1965 MHz, 1965 MHz, 192.18 W, 60, P2, 0x0000000000000000
2026/09/26 13:12:46.098, 0, 22366 MiB, 62 %, 1965 MHz, 1965 MHz, 292.10 W, 63, P2, 0x0000000000000000
2026/09/26 13:12:47.098, 0, 22366 MiB, 62 %, 1965 MHz, 1965 MHz, 293.83 W, 63, P2, 0x0000000000000000
2026/09/26 13:12:48.098, 0, 22366 MiB, 19 %, 1965 MHz, 1965 MHz, 263.71 W, 63, P2, 0x0000000000000000
2026/09/26 13:12:49.098, 0, 22366 MiB, 63 %, 1950 MHz, 1950 MHz, 295.20 W, 64, P2, 0x0000000000000000
2026/09/26 13:12:50.098, 0, 22366 MiB, 62 %, 1950 MHz, 1950 MHz, 294.12 W, 64, P2, 0x0000000000000000
2026/09/26 13:12:51.099, 0, 22366 MiB, 68 %, 1950 MHz, 1950 MHz, 259.95 W, 64, P2, 0x0000000000000000
2026/09/26 13:12:52.099, 0, 22366 MiB, 61 %, 1950 MHz, 1950 MHz, 294.51 W, 64, P2, 0x0000000000000000
2026/09/26 13:12:53.099, 0, 22366 MiB, 62 %, 1950 MHz, 1950 MHz, 294.89 W, 65, P2, 0x0000000000000000
2026/09/26 13:12:54.099, 0, 22382 MiB, 59 %, 1950 MHz, 1950 MHz, 248.90 W, 65, P2, 0x0000000000000000
2026/09/26 13:12:55.099, 0, 22382 MiB, 63 %, 1950 MHz, 1950 MHz, 296.51 W, 65, P2, 0x0000000000000000
2026/09/26 13:12:56.100, 0, 22382 MiB, 63 %, 1950 MHz, 1950 MHz, 296.92 W, 66, P2, 0x0000000000000000
2026/09/26 13:12:57.100, 0, 22382 MiB, 34 %, 1950 MHz, 1950 MHz, 249.54 W, 65, P2, 0x0000000000000000
2026/09/26 13:12:58.100, 0, 22382 MiB, 62 %, 1950 MHz, 1950 MHz, 296.13 W, 66, P2, 0x0000000000000000
2026/09/26 13:12:59.100, 0, 22388 MiB, 64 %, 1950 MHz, 1950 MHz, 274.52 W, 64, P2, 0x0000000000000000
2026/09/26 13:13:00.100, 0, 22388 MiB, 99 %, 1950 MHz, 1950 MHz, 194.23 W, 64, P2, 0x0000000000000000
2026/09/26 13:13:01.100, 0, 22388 MiB, 61 %, 1950 MHz, 1950 MHz, 295.85 W, 66, P2, 0x0000000000000000
2026/09/26 13:13:02.101, 0, 22388 MiB, 60 %, 1950 MHz, 1950 MHz, 291.87 W, 66, P2, 0x0000000000000000
2026/09/26 13:13:03.101, 0, 22388 MiB, 37 %, 1950 MHz, 1950 MHz, 257.13 W, 66, P2, 0x0000000000000000
2026/09/26 13:13:04.101, 0, 22388 MiB, 62 %, 1950 MHz, 1950 MHz, 297.80 W, 67, P2, 0x0000000000000000
2026/09/26 13:13:05.101, 0, 22388 MiB, 64 %, 1950 MHz, 1950 MHz, 298.91 W, 67, P2, 0x0000000000000000
2026/09/26 13:13:06.101, 0, 22388 MiB, 58 %, 1950 MHz, 1950 MHz, 265.77 W, 67, P2, 0x0000000000000000
2026/09/26 13:13:07.101, 0, 22388 MiB, 59 %, 1950 MHz, 1950 MHz, 296.83 W, 68, P2, 0x0000000000000000
2026/09/26 13:13:08.102, 0, 22388 MiB, 64 %, 1950 MHz, 1950 MHz, 264.36 W, 65, P2, 0x0000000000000000
2026/09/26 13:13:09.102, 0, 22388 MiB, 63 %, 1950 MHz, 1950 MHz, 296.65 W, 68, P2, 0x0000000000000000
2026/09/26 13:13:10.102, 0, 22388 MiB, 64 %, 1950 MHz, 1950 MHz, 301.29 W, 68, P2, 0x0000000000000000
2026/09/26 13:13:11.105, 0, 22388 MiB, 43 %, 1950 MHz, 1950 MHz, 262.25 W, 67, P2, 0x0000000000000000
2026/09/26 13:13:12.105, 0, 22388 MiB, 62 %, 1950 MHz, 1950 MHz, 299.98 W, 69, P2, 0x0000000000000000
2026/09/26 13:13:13.105, 0, 22388 MiB, 65 %, 1935 MHz, 1935 MHz, 297.44 W, 69, P2, 0x0000000000000000
2026/09/26 13:13:14.105, 0, 22388 MiB, 42 %, 1935 MHz, 1935 MHz, 262.44 W, 67, P2, 0x0000000000000000
2026/09/26 13:13:15.105, 0, 22388 MiB, 63 %, 1935 MHz, 1935 MHz, 297.21 W, 69, P2, 0x0000000000000000
2026/09/26 13:13:16.106, 0, 22388 MiB, 65 %, 1935 MHz, 1935 MHz, 299.85 W, 69, P2, 0x0000000000000000
2026/09/26 13:13:17.106, 0, 178 MiB, 7 %, 1935 MHz, 1935 MHz, 234.68 W, 65, P2, 0x0000000000000000
2026/09/26 13:13:18.106, 0, 178 MiB, 0 %, 1950 MHz, 1950 MHz, 169.98 W, 64, P0, 0x0000000000000000
2026/09/26 13:13:19.106, 0, 178 MiB, 0 %, 1950 MHz, 1950 MHz, 169.62 W, 63, P0, 0x0000000000000000
2026/09/26 13:13:20.107, 0, 442 MiB, 0 %, 1950 MHz, 1950 MHz, 147.15 W, 62, P2, 0x0000000000000000
2026/09/26 13:13:21.107, 0, 442 MiB, 0 %, 1950 MHz, 1950 MHz, 167.72 W, 62, P2, 0x0000000000000000
2026/09/26 13:13:22.107, 0, 442 MiB, 6 %, 1695 MHz, 1695 MHz, 164.34 W, 60, P2, 0x0000000000000000
2026/09/26 13:13:23.107, 0, 20068 MiB, 6 %, 1695 MHz, 1695 MHz, 131.42 W, 59, P2, 0x0000000000000000
2026/09/26 13:13:24.107, 0, 20068 MiB, 100 %, 1950 MHz, 1950 MHz, 155.86 W, 61, P2, 0x0000000000000000
2026/09/26 13:13:25.107, 0, 20068 MiB, 100 %, 1950 MHz, 1950 MHz, 167.31 W, 61, P2, 0x0000000000000000
2026/09/26 13:13:26.108, 0, 20068 MiB, 99 %, 1950 MHz, 1950 MHz, 167.49 W, 61, P2, 0x0000000000000000
2026/09/26 13:13:27.108, 0, 20068 MiB, 100 %, 1950 MHz, 1950 MHz, 167.05 W, 61, P2, 0x0000000000000000
2026/09/26 13:13:28.108, 0, 20068 MiB, 100 %, 1950 MHz, 1950 MHz, 167.16 W, 61, P2, 0x0000000000000000
2026/09/26 13:13:29.108, 0, 20068 MiB, 100 %, 1950 MHz, 1950 MHz, 166.75 W, 61, P2, 0x0000000000000000
2026/09/26 13:13:30.108, 0, 20068 MiB, 99 %, 1950 MHz, 1950 MHz, 166.79 W, 60, P2, 0x0000000000000000
2026/09/26 13:13:31.109, 0, 20068 MiB, 99 %, 1950 MHz, 1950 MHz, 167.06 W, 60, P2, 0x0000000000000000
2026/09/26 13:13:32.109, 0, 20068 MiB, 100 %, 1950 MHz, 1950 MHz, 166.63 W, 60, P2, 0x0000000000000000
2026/09/26 13:13:33.109, 0, 20068 MiB, 100 %, 1950 MHz, 1950 MHz, 166.24 W, 60, P2, 0x0000000000000000
2026/09/26 13:13:34.109, 0, 20068 MiB, 100 %, 1950 MHz, 1950 MHz, 166.58 W, 60, P2, 0x0000000000000000
2026/09/26 13:13:35.110, 0, 20710 MiB, 99 %, 1950 MHz, 1950 MHz, 166.03 W, 60, P2, 0x0000000000000000
2026/09/26 13:13:36.110, 0, 20740 MiB, 78 %, 1950 MHz, 1950 MHz, 268.32 W, 66, P2, 0x0000000000000000
2026/09/26 13:13:37.110, 0, 20740 MiB, 76 %, 1950 MHz, 1950 MHz, 325.32 W, 67, P2, 0x0000000000000000
2026/09/26 13:13:38.110, 0, 20740 MiB, 79 %, 1950 MHz, 1950 MHz, 322.12 W, 65, P2, 0x0000000000000000
2026/09/26 13:13:39.110, 0, 20740 MiB, 77 %, 1950 MHz, 1950 MHz, 296.61 W, 68, P2, 0x0000000000000000
2026/09/26 13:13:40.111, 0, 20740 MiB, 79 %, 1935 MHz, 1935 MHz, 330.07 W, 69, P2, 0x0000000000000004
2026/09/26 13:13:41.111, 0, 20740 MiB, 80 %, 1935 MHz, 1935 MHz, 299.58 W, 65, P2, 0x0000000000000004
2026/09/26 13:13:42.111, 0, 20740 MiB, 79 %, 1935 MHz, 1935 MHz, 313.02 W, 70, P2, 0x0000000000000004
2026/09/26 13:13:43.111, 0, 20740 MiB, 79 %, 1935 MHz, 1935 MHz, 331.03 W, 70, P2, 0x0000000000000004
2026/09/26 13:13:44.111, 0, 20740 MiB, 79 %, 1935 MHz, 1935 MHz, 287.40 W, 69, P2, 0x0000000000000004
2026/09/26 13:13:45.112, 0, 20740 MiB, 79 %, 1935 MHz, 1935 MHz, 328.48 W, 71, P2, 0x0000000000000004
2026/09/26 13:13:46.112, 0, 20740 MiB, 80 %, 1935 MHz, 1935 MHz, 333.78 W, 71, P2, 0x0000000000000004
2026/09/26 13:13:47.112, 0, 20740 MiB, 58 %, 1935 MHz, 1935 MHz, 294.17 W, 71, P2, 0x0000000000000004
2026/09/26 13:13:48.112, 0, 20740 MiB, 79 %, 1935 MHz, 1935 MHz, 334.51 W, 72, P2, 0x0000000000000004
2026/09/26 13:13:49.113, 0, 20740 MiB, 79 %, 1935 MHz, 1935 MHz, 335.73 W, 72, P2, 0x0000000000000004
2026/09/26 13:13:50.113, 0, 20748 MiB, 52 %, 1935 MHz, 1935 MHz, 258.07 W, 70, P2, 0x0000000000000004
2026/09/26 13:13:51.113, 0, 20748 MiB, 79 %, 1935 MHz, 1935 MHz, 330.34 W, 72, P2, 0x0000000000000004
2026/09/26 13:13:52.113, 0, 20748 MiB, 75 %, 1935 MHz, 1935 MHz, 334.63 W, 73, P2, 0x0000000000000004
2026/09/26 13:13:53.113, 0, 20748 MiB, 77 %, 1935 MHz, 1935 MHz, 295.94 W, 72, P2, 0x0000000000000004
2026/09/26 13:13:54.114, 0, 20748 MiB, 79 %, 1935 MHz, 1935 MHz, 335.95 W, 73, P2, 0x0000000000000004
2026/09/26 13:13:55.114, 0, 20748 MiB, 79 %, 1920 MHz, 1920 MHz, 336.40 W, 74, P2, 0x0000000000000004
2026/09/26 13:13:56.114, 0, 20748 MiB, 39 %, 1920 MHz, 1920 MHz, 295.21 W, 73, P2, 0x0000000000000004
2026/09/26 13:13:57.114, 0, 20748 MiB, 78 %, 1920 MHz, 1920 MHz, 333.46 W, 74, P2, 0x0000000000000004
2026/09/26 13:13:58.114, 0, 20748 MiB, 79 %, 1920 MHz, 1920 MHz, 335.59 W, 74, P2, 0x0000000000000004
2026/09/26 13:13:59.115, 0, 20748 MiB, 74 %, 1920 MHz, 1920 MHz, 301.10 W, 74, P2, 0x0000000000000004
2026/09/26 13:14:00.115, 0, 20748 MiB, 78 %, 1920 MHz, 1920 MHz, 338.54 W, 75, P2, 0x0000000000000004
2026/09/26 13:14:01.115, 0, 20748 MiB, 79 %, 1920 MHz, 1920 MHz, 339.27 W, 76, P2, 0x0000000000000004
2026/09/26 13:14:02.115, 0, 20748 MiB, 76 %, 1920 MHz, 1920 MHz, 301.82 W, 75, P2, 0x0000000000000004
2026/09/26 13:14:03.115, 0, 20748 MiB, 79 %, 1920 MHz, 1920 MHz, 340.93 W, 76, P2, 0x0000000000000004
2026/09/26 13:14:04.116, 0, 20748 MiB, 79 %, 1920 MHz, 1920 MHz, 336.99 W, 74, P2, 0x0000000000000004
2026/09/26 13:14:05.116, 0, 20748 MiB, 76 %, 1920 MHz, 1920 MHz, 305.55 W, 77, P2, 0x0000000000000004
2026/09/26 13:14:06.116, 0, 20748 MiB, 78 %, 1920 MHz, 1920 MHz, 343.72 W, 77, P2, 0x0000000000000004
2026/09/26 13:14:07.116, 0, 488 MiB, 79 %, 1920 MHz, 1920 MHz, 313.16 W, 72, P2, 0x0000000000000004
2026/09/26 13:14:08.117, 0, 178 MiB, 47 %, 1920 MHz, 1920 MHz, 177.76 W, 69, P0, 0x0000000000000024
2026/09/26 13:14:09.117, 0, 178 MiB, 0 %, 1935 MHz, 1935 MHz, 176.52 W, 68, P0, 0x0000000000000000
2026/09/26 13:14:10.117, 0, 442 MiB, 0 %, 1935 MHz, 1935 MHz, 171.62 W, 66, P3, 0x0000000000000001
2026/09/26 13:14:11.208, 0, 442 MiB, 7 %, 1935 MHz, 1935 MHz, 171.41 W, 65, P2, 0x0000000000000000
2026/09/26 13:14:12.208, 0, 442 MiB, 0 %, 1695 MHz, 1695 MHz, 170.05 W, 63, P2, 0x0000000000000000
2026/09/26 13:14:13.208, 0, 442 MiB, 0 %, 1695 MHz, 1695 MHz, 136.90 W, 62, P2, 0x0000000000000000
2026/09/26 13:14:14.209, 0, 442 MiB, 0 %, 1695 MHz, 1695 MHz, 134.67 W, 61, P2, 0x0000000000000000
2026/09/26 13:14:15.209, 0, 20068 MiB, 0 %, 1695 MHz, 1695 MHz, 134.67 W, 61, P2, 0x0000000000000000
2026/09/26 13:14:16.209, 0, 20068 MiB, 99 %, 1950 MHz, 1950 MHz, 163.14 W, 62, P2, 0x0000000000000000
2026/09/26 13:14:17.209, 0, 20068 MiB, 99 %, 1950 MHz, 1950 MHz, 171.67 W, 62, P2, 0x0000000000000000
2026/09/26 13:14:18.209, 0, 20068 MiB, 100 %, 1950 MHz, 1950 MHz, 171.93 W, 62, P2, 0x0000000000000000
2026/09/26 13:14:19.210, 0, 20068 MiB, 100 %, 1950 MHz, 1950 MHz, 171.07 W, 62, P2, 0x0000000000000000
2026/09/26 13:14:20.210, 0, 20068 MiB, 100 %, 1950 MHz, 1950 MHz, 170.74 W, 62, P2, 0x0000000000000000
2026/09/26 13:14:21.210, 0, 20068 MiB, 99 %, 1950 MHz, 1950 MHz, 170.75 W, 62, P2, 0x0000000000000000
2026/09/26 13:14:22.210, 0, 20068 MiB, 100 %, 1950 MHz, 1950 MHz, 170.15 W, 61, P2, 0x0000000000000000
2026/09/26 13:14:23.210, 0, 20068 MiB, 100 %, 1950 MHz, 1950 MHz, 169.97 W, 61, P2, 0x0000000000000000
2026/09/26 13:14:24.211, 0, 20068 MiB, 100 %, 1950 MHz, 1950 MHz, 169.91 W, 61, P2, 0x0000000000000000
2026/09/26 13:14:25.211, 0, 20068 MiB, 99 %, 1950 MHz, 1950 MHz, 169.23 W, 61, P2, 0x0000000000000000
2026/09/26 13:14:26.211, 0, 20068 MiB, 99 %, 1950 MHz, 1950 MHz, 169.26 W, 61, P2, 0x0000000000000000
2026/09/26 13:14:27.211, 0, 20724 MiB, 100 %, 1950 MHz, 1950 MHz, 170.75 W, 62, P2, 0x0000000000000000
2026/09/26 13:14:28.212, 0, 20740 MiB, 45 %, 1950 MHz, 1950 MHz, 222.54 W, 65, P2, 0x0000000000000000
2026/09/26 13:14:29.212, 0, 20740 MiB, 64 %, 1950 MHz, 1950 MHz, 301.83 W, 66, P2, 0x0000000000000000
2026/09/26 13:14:30.212, 0, 20740 MiB, 66 %, 1950 MHz, 1950 MHz, 302.10 W, 67, P2, 0x0000000000000000
2026/09/26 13:14:31.212, 0, 20740 MiB, 65 %, 1950 MHz, 1950 MHz, 269.93 W, 64, P2, 0x0000000000000000
2026/09/26 13:14:32.212, 0, 20740 MiB, 66 %, 1950 MHz, 1950 MHz, 287.78 W, 68, P2, 0x0000000000000000
2026/09/26 13:14:33.212, 0, 20740 MiB, 65 %, 1950 MHz, 1950 MHz, 303.66 W, 68, P2, 0x0000000000000000
2026/09/26 13:14:34.212, 0, 20740 MiB, 61 %, 1935 MHz, 1935 MHz, 301.18 W, 68, P2, 0x0000000000000000
2026/09/26 13:14:35.213, 0, 20740 MiB, 55 %, 1935 MHz, 1935 MHz, 256.64 W, 68, P2, 0x0000000000000000
2026/09/26 13:14:36.213, 0, 20740 MiB, 67 %, 1935 MHz, 1935 MHz, 303.67 W, 69, P2, 0x0000000000000000
2026/09/26 13:14:37.213, 0, 20740 MiB, 68 %, 1935 MHz, 1935 MHz, 302.07 W, 69, P2, 0x0000000000000000
2026/09/26 13:14:38.213, 0, 20740 MiB, 65 %, 1935 MHz, 1935 MHz, 258.02 W, 66, P2, 0x0000000000000004
2026/09/26 13:14:39.214, 0, 20740 MiB, 66 %, 1935 MHz, 1935 MHz, 292.08 W, 69, P2, 0x0000000000000000
2026/09/26 13:14:40.214, 0, 20740 MiB, 66 %, 1935 MHz, 1935 MHz, 303.12 W, 69, P2, 0x0000000000000000
2026/09/26 13:14:41.214, 0, 20740 MiB, 66 %, 1935 MHz, 1935 MHz, 303.78 W, 70, P2, 0x0000000000000000
2026/09/26 13:14:42.214, 0, 20740 MiB, 69 %, 1935 MHz, 1935 MHz, 260.08 W, 70, P2, 0x0000000000000000
2026/09/26 13:14:43.214, 0, 20740 MiB, 66 %, 1935 MHz, 1935 MHz, 304.45 W, 70, P2, 0x0000000000000000
2026/09/26 13:14:44.215, 0, 20740 MiB, 66 %, 1935 MHz, 1935 MHz, 304.04 W, 70, P2, 0x0000000000000000
2026/09/26 13:14:45.215, 0, 20748 MiB, 67 %, 1935 MHz, 1935 MHz, 260.65 W, 66, P2, 0x0000000000000004
2026/09/26 13:14:46.215, 0, 20748 MiB, 67 %, 1935 MHz, 1935 MHz, 263.86 W, 70, P2, 0x0000000000000000
2026/09/26 13:14:47.215, 0, 20748 MiB, 64 %, 1935 MHz, 1935 MHz, 305.16 W, 70, P2, 0x0000000000000000
2026/09/26 13:14:48.216, 0, 20748 MiB, 67 %, 1935 MHz, 1935 MHz, 305.54 W, 71, P2, 0x0000000000000000
2026/09/26 13:14:49.216, 0, 20748 MiB, 41 %, 1935 MHz, 1935 MHz, 264.87 W, 70, P2, 0x0000000000000000
2026/09/26 13:14:50.216, 0, 20748 MiB, 64 %, 1935 MHz, 1935 MHz, 306.11 W, 71, P2, 0x0000000000000000
2026/09/26 13:14:51.216, 0, 20748 MiB, 66 %, 1935 MHz, 1935 MHz, 306.21 W, 71, P2, 0x0000000000000000
2026/09/26 13:14:52.216, 0, 20748 MiB, 65 %, 1935 MHz, 1935 MHz, 280.47 W, 69, P2, 0x0000000000000000
2026/09/26 13:14:53.217, 0, 20748 MiB, 67 %, 1935 MHz, 1935 MHz, 285.49 W, 71, P2, 0x0000000000000000
2026/09/26 13:14:54.217, 0, 20748 MiB, 66 %, 1935 MHz, 1935 MHz, 307.07 W, 72, P2, 0x0000000000000000
2026/09/26 13:14:55.217, 0, 20748 MiB, 66 %, 1935 MHz, 1935 MHz, 306.62 W, 72, P2, 0x0000000000000000
2026/09/26 13:14:56.217, 0, 20748 MiB, 49 %, 1935 MHz, 1935 MHz, 265.15 W, 72, P2, 0x0000000000000000
2026/09/26 13:14:57.217, 0, 20748 MiB, 64 %, 1935 MHz, 1935 MHz, 307.94 W, 72, P2, 0x0000000000000000
2026/09/26 13:14:58.218, 0, 20748 MiB, 67 %, 1935 MHz, 1935 MHz, 307.97 W, 72, P2, 0x0000000000000000
2026/09/26 13:14:59.218, 0, 20748 MiB, 66 %, 1935 MHz, 1935 MHz, 271.07 W, 70, P2, 0x0000000000000000
2026/09/26 13:15:00.218, 0, 20748 MiB, 64 %, 1935 MHz, 1935 MHz, 299.80 W, 72, P2, 0x0000000000000000
2026/09/26 13:15:01.218, 0, 20748 MiB, 64 %, 1935 MHz, 1935 MHz, 309.64 W, 73, P2, 0x0000000000000000
2026/09/26 13:15:02.219, 0, 20748 MiB, 67 %, 1935 MHz, 1935 MHz, 309.81 W, 73, P2, 0x0000000000000000
2026/09/26 13:15:03.219, 0, 20748 MiB, 62 %, 1935 MHz, 1935 MHz, 268.80 W, 73, P2, 0x0000000000000000
2026/09/26 13:15:04.219, 0, 20748 MiB, 66 %, 1935 MHz, 1935 MHz, 309.85 W, 73, P2, 0x0000000000000000
2026/09/26 13:15:05.219, 0, 20748 MiB, 67 %, 1920 MHz, 1920 MHz, 307.34 W, 74, P2, 0x0000000000000000
2026/09/26 13:15:06.219, 0, 178 MiB, 54 %, 1935 MHz, 1935 MHz, 245.14 W, 68, P2, 0x0000000000000024
2026/09/26 13:15:07.239, 0, 178 MiB, 0 %, 1935 MHz, 1935 MHz, 168.96 W, 66, P0, 0x0000000000000000
2026/09/26 13:15:08.240, 0, 178 MiB, 0 %, 1935 MHz, 1935 MHz, 166.98 W, 66, P0, 0x0000000000000001
2026/09/26 13:15:09.240, 0, 442 MiB, 0 %, 390 MHz, 390 MHz, 146.73 W, 62, P0, 0x0000000000000000
2026/09/26 13:15:10.240, 0, 442 MiB, 0 %, 1950 MHz, 1950 MHz, 161.45 W, 64, P2, 0x0000000000000000
2026/09/26 13:15:11.242, 0, 442 MiB, 0 %, 1950 MHz, 1950 MHz, 172.15 W, 64, P2, 0x0000000000000000
2026/09/26 13:15:12.242, 0, 442 MiB, 0 %, 1695 MHz, 1695 MHz, 150.86 W, 62, P2, 0x0000000000000000
2026/09/26 13:15:13.242, 0, 442 MiB, 7 %, 1695 MHz, 1695 MHz, 133.23 W, 61, P2, 0x0000000000000000
2026/09/26 13:15:14.242, 0, 20068 MiB, 0 %, 1695 MHz, 1695 MHz, 133.88 W, 61, P2, 0x0000000000000000
2026/09/26 13:15:15.242, 0, 20068 MiB, 100 %, 1950 MHz, 1950 MHz, 148.08 W, 62, P2, 0x0000000000000000
2026/09/26 13:15:16.243, 0, 20068 MiB, 99 %, 1950 MHz, 1950 MHz, 171.00 W, 62, P2, 0x0000000000000000
2026/09/26 13:15:17.243, 0, 20068 MiB, 99 %, 1950 MHz, 1950 MHz, 171.21 W, 62, P2, 0x0000000000000000
2026/09/26 13:15:18.243, 0, 20068 MiB, 100 %, 1950 MHz, 1950 MHz, 170.59 W, 62, P2, 0x0000000000000000
2026/09/26 13:15:19.243, 0, 20068 MiB, 100 %, 1950 MHz, 1950 MHz, 170.24 W, 62, P2, 0x0000000000000000
2026/09/26 13:15:20.244, 0, 20068 MiB, 99 %, 1950 MHz, 1950 MHz, 170.62 W, 62, P2, 0x0000000000000000
2026/09/26 13:15:21.244, 0, 20068 MiB, 99 %, 1950 MHz, 1950 MHz, 170.09 W, 62, P2, 0x0000000000000000
2026/09/26 13:15:22.244, 0, 20068 MiB, 100 %, 1950 MHz, 1950 MHz, 169.60 W, 61, P2, 0x0000000000000000
2026/09/26 13:15:23.244, 0, 20068 MiB, 100 %, 1950 MHz, 1950 MHz, 169.56 W, 61, P2, 0x0000000000000000
2026/09/26 13:15:24.244, 0, 20068 MiB, 100 %, 1950 MHz, 1950 MHz, 169.41 W, 61, P2, 0x0000000000000000
2026/09/26 13:15:25.245, 0, 20068 MiB, 99 %, 1950 MHz, 1950 MHz, 169.30 W, 61, P2, 0x0000000000000000
2026/09/26 13:15:26.245, 0, 20724 MiB, 99 %, 1950 MHz, 1950 MHz, 169.19 W, 61, P2, 0x0000000000000000
2026/09/26 13:15:27.245, 0, 20740 MiB, 64 %, 1950 MHz, 1950 MHz, 191.40 W, 64, P2, 0x0000000000000004
2026/09/26 13:15:28.245, 0, 20740 MiB, 65 %, 1950 MHz, 1950 MHz, 297.00 W, 66, P2, 0x0000000000000000
2026/09/26 13:15:29.246, 0, 20740 MiB, 65 %, 1950 MHz, 1950 MHz, 300.61 W, 67, P2, 0x0000000000000000
2026/09/26 13:15:30.246, 0, 20740 MiB, 38 %, 1950 MHz, 1950 MHz, 294.94 W, 65, P2, 0x0000000000000000
2026/09/26 13:15:31.246, 0, 20740 MiB, 65 %, 1950 MHz, 1950 MHz, 265.08 W, 68, P2, 0x0000000000000000
2026/09/26 13:15:32.246, 0, 20740 MiB, 67 %, 1935 MHz, 1935 MHz, 299.09 W, 68, P2, 0x0000000000000000
2026/09/26 13:15:33.246, 0, 20740 MiB, 66 %, 1935 MHz, 1935 MHz, 297.61 W, 69, P2, 0x0000000000000000
2026/09/26 13:15:34.247, 0, 20740 MiB, 66 %, 1935 MHz, 1935 MHz, 257.24 W, 68, P2, 0x0000000000000000
2026/09/26 13:15:35.247, 0, 20740 MiB, 66 %, 1935 MHz, 1935 MHz, 302.28 W, 69, P2, 0x0000000000000000
2026/09/26 13:15:36.247, 0, 20740 MiB, 65 %, 1935 MHz, 1935 MHz, 303.62 W, 69, P2, 0x0000000000000000
2026/09/26 13:15:37.247, 0, 20740 MiB, 5 %, 1935 MHz, 1935 MHz, 282.35 W, 65, P2, 0x0000000000000000
2026/09/26 13:15:38.248, 0, 20740 MiB, 66 %, 1935 MHz, 1935 MHz, 304.39 W, 69, P2, 0x0000000000000000
2026/09/26 13:15:39.248, 0, 20740 MiB, 65 %, 1935 MHz, 1935 MHz, 304.05 W, 70, P2, 0x0000000000000000
2026/09/26 13:15:40.248, 0, 20740 MiB, 66 %, 1935 MHz, 1935 MHz, 274.35 W, 66, P2, 0x0000000000000000
2026/09/26 13:15:41.248, 0, 20740 MiB, 66 %, 1935 MHz, 1935 MHz, 278.54 W, 70, P2, 0x0000000000000000
2026/09/26 13:15:42.248, 0, 20740 MiB, 66 %, 1935 MHz, 1935 MHz, 305.17 W, 70, P2, 0x0000000000000000
2026/09/26 13:15:43.249, 0, 20740 MiB, 65 %, 1935 MHz, 1935 MHz, 305.01 W, 71, P2, 0x0000000000000000
2026/09/26 13:15:44.249, 0, 20748 MiB, 62 %, 1935 MHz, 1935 MHz, 237.91 W, 69, P2, 0x0000000000000000
2026/09/26 13:15:45.249, 0, 20748 MiB, 65 %, 1935 MHz, 1935 MHz, 304.40 W, 70, P2, 0x0000000000000000
2026/09/26 13:15:46.249, 0, 20748 MiB, 66 %, 1935 MHz, 1935 MHz, 304.43 W, 71, P2, 0x0000000000000000
2026/09/26 13:15:47.250, 0, 20748 MiB, 66 %, 1935 MHz, 1935 MHz, 293.40 W, 68, P2, 0x0000000000000000
2026/09/26 13:15:48.250, 0, 20748 MiB, 66 %, 1935 MHz, 1935 MHz, 264.58 W, 71, P2, 0x0000000000000000
2026/09/26 13:15:49.250, 0, 20748 MiB, 65 %, 1935 MHz, 1935 MHz, 306.64 W, 71, P2, 0x0000000000000000
2026/09/26 13:15:50.250, 0, 20748 MiB, 60 %, 1935 MHz, 1935 MHz, 306.61 W, 72, P2, 0x0000000000000000
2026/09/26 13:15:51.250, 0, 20748 MiB, 20 %, 1935 MHz, 1935 MHz, 265.01 W, 71, P2, 0x0000000000000000
2026/09/26 13:15:52.253, 0, 20748 MiB, 66 %, 1935 MHz, 1935 MHz, 306.80 W, 72, P2, 0x0000000000000000
2026/09/26 13:15:53.253, 0, 20748 MiB, 66 %, 1935 MHz, 1935 MHz, 306.49 W, 72, P2, 0x0000000000000000
2026/09/26 13:15:54.253, 0, 20748 MiB, 65 %, 1935 MHz, 1935 MHz, 282.31 W, 69, P2, 0x0000000000000000
2026/09/26 13:15:55.253, 0, 20748 MiB, 66 %, 1935 MHz, 1935 MHz, 287.25 W, 72, P2, 0x0000000000000000
2026/09/26 13:15:56.254, 0, 20748 MiB, 65 %, 1935 MHz, 1935 MHz, 309.25 W, 73, P2, 0x0000000000000000
2026/09/26 13:15:57.254, 0, 20748 MiB, 66 %, 1935 MHz, 1935 MHz, 308.66 W, 73, P2, 0x0000000000000000
2026/09/26 13:15:58.254, 0, 20748 MiB, 50 %, 1920 MHz, 1920 MHz, 264.74 W, 72, P2, 0x0000000000000000
2026/09/26 13:15:59.254, 0, 20748 MiB, 65 %, 1920 MHz, 1920 MHz, 305.95 W, 73, P2, 0x0000000000000000
2026/09/26 13:16:00.254, 0, 20748 MiB, 66 %, 1920 MHz, 1920 MHz, 305.08 W, 73, P2, 0x0000000000000000
2026/09/26 13:16:01.255, 0, 20748 MiB, 65 %, 1920 MHz, 1920 MHz, 268.48 W, 70, P2, 0x0000000000000000
2026/09/26 13:16:02.255, 0, 20748 MiB, 65 %, 1920 MHz, 1920 MHz, 297.79 W, 73, P2, 0x0000000000000000
2026/09/26 13:16:03.255, 0, 20748 MiB, 65 %, 1920 MHz, 1920 MHz, 306.93 W, 73, P2, 0x0000000000000000
2026/09/26 13:16:04.255, 0, 20748 MiB, 65 %, 1920 MHz, 1920 MHz, 306.03 W, 74, P2, 0x0000000000000000
2026/09/26 13:16:05.255, 0, 178 MiB, 100 %, 1920 MHz, 1920 MHz, 196.46 W, 67, P0, 0x0000000000000024
2026/09/26 13:16:06.256, 0, 178 MiB, 0 %, 1935 MHz, 1935 MHz, 172.32 W, 66, P0, 0x0000000000000000
2026/09/26 13:16:07.256, 0, 181 MiB, 0 %, 1935 MHz, 1935 MHz, 172.32 W, 66, P3, 0x0000000000000000
2026/09/26 13:16:08.510, 0, 442 MiB, 0 %, 1950 MHz, 1950 MHz, 128.30 W, 64, P2, 0x0000000000000000
2026/09/26 13:16:09.510, 0, 442 MiB, 0 %, 1950 MHz, 1950 MHz, 170.35 W, 64, P2, 0x0000000000000000
2026/09/26 13:16:10.511, 0, 442 MiB, 0 %, 1695 MHz, 1695 MHz, 141.41 W, 62, P2, 0x0000000000000000
2026/09/26 13:16:11.511, 0, 20068 MiB, 100 %, 1950 MHz, 1950 MHz, 134.27 W, 61, P2, 0x0000000000000000
2026/09/26 13:16:12.511, 0, 20068 MiB, 100 %, 1950 MHz, 1950 MHz, 171.18 W, 63, P2, 0x0000000000000000
2026/09/26 13:16:13.511, 0, 20068 MiB, 100 %, 1950 MHz, 1950 MHz, 170.04 W, 63, P2, 0x0000000000000000
2026/09/26 13:16:14.514, 0, 20068 MiB, 100 %, 1950 MHz, 1950 MHz, 167.29 W, 62, P2, 0x0000000000000000
2026/09/26 13:16:15.514, 0, 20068 MiB, 100 %, 1950 MHz, 1950 MHz, 167.59 W, 62, P2, 0x0000000000000000
2026/09/26 13:16:16.514, 0, 20068 MiB, 99 %, 1950 MHz, 1950 MHz, 167.16 W, 62, P2, 0x0000000000000000
2026/09/26 13:16:17.515, 0, 20068 MiB, 99 %, 1950 MHz, 1950 MHz, 166.38 W, 62, P2, 0x0000000000000000
2026/09/26 13:16:18.515, 0, 20068 MiB, 100 %, 1950 MHz, 1950 MHz, 166.87 W, 62, P2, 0x0000000000000000
2026/09/26 13:16:19.515, 0, 20068 MiB, 100 %, 1950 MHz, 1950 MHz, 167.93 W, 62, P2, 0x0000000000000000
2026/09/26 13:16:20.515, 0, 20068 MiB, 99 %, 1950 MHz, 1950 MHz, 169.22 W, 62, P2, 0x0000000000000000
2026/09/26 13:16:21.515, 0, 20740 MiB, 99 %, 1950 MHz, 1950 MHz, 212.93 W, 66, P2, 0x0000000000000000
2026/09/26 13:16:22.516, 0, 20740 MiB, 79 %, 1935 MHz, 1935 MHz, 326.55 W, 68, P2, 0x0000000000000000
2026/09/26 13:16:23.516, 0, 20740 MiB, 79 %, 1935 MHz, 1935 MHz, 327.70 W, 69, P2, 0x0000000000000004
2026/09/26 13:16:24.516, 0, 20740 MiB, 69 %, 1935 MHz, 1935 MHz, 294.89 W, 69, P2, 0x0000000000000000
2026/09/26 13:16:25.516, 0, 20740 MiB, 77 %, 1935 MHz, 1935 MHz, 326.92 W, 70, P2, 0x0000000000000000
2026/09/26 13:16:26.516, 0, 20740 MiB, 80 %, 1935 MHz, 1935 MHz, 330.39 W, 71, P2, 0x0000000000000004
2026/09/26 13:16:27.516, 0, 20740 MiB, 72 %, 1935 MHz, 1935 MHz, 291.54 W, 71, P2, 0x0000000000000000
2026/09/26 13:16:28.516, 0, 20740 MiB, 79 %, 1935 MHz, 1935 MHz, 329.20 W, 72, P2, 0x0000000000000004
2026/09/26 13:16:29.516, 0, 20740 MiB, 79 %, 1935 MHz, 1935 MHz, 328.75 W, 72, P2, 0x0000000000000004
2026/09/26 13:16:30.516, 0, 20740 MiB, 78 %, 1920 MHz, 1920 MHz, 283.15 W, 72, P2, 0x0000000000000000
2026/09/26 13:16:31.517, 0, 20740 MiB, 78 %, 1920 MHz, 1920 MHz, 333.17 W, 73, P2, 0x0000000000000004
2026/09/26 13:16:32.517, 0, 20740 MiB, 79 %, 1920 MHz, 1920 MHz, 323.06 W, 73, P2, 0x0000000000000004
2026/09/26 13:16:33.517, 0, 20740 MiB, 76 %, 1920 MHz, 1920 MHz, 296.08 W, 73, P2, 0x0000000000000004
2026/09/26 13:16:34.517, 0, 20740 MiB, 79 %, 1920 MHz, 1920 MHz, 330.35 W, 73, P2, 0x0000000000000004
2026/09/26 13:16:35.517, 0, 20740 MiB, 80 %, 1920 MHz, 1920 MHz, 311.12 W, 71, P2, 0x0000000000000004
2026/09/26 13:16:36.517, 0, 20748 MiB, 74 %, 1920 MHz, 1920 MHz, 261.91 W, 73, P2, 0x0000000000000000
2026/09/26 13:16:37.517, 0, 20748 MiB, 79 %, 1920 MHz, 1920 MHz, 332.74 W, 74, P2, 0x0000000000000004
2026/09/26 13:16:38.518, 0, 20748 MiB, 80 %, 1920 MHz, 1920 MHz, 330.79 W, 74, P2, 0x0000000000000004
2026/09/26 13:16:39.518, 0, 20748 MiB, 75 %, 1920 MHz, 1920 MHz, 293.41 W, 74, P2, 0x0000000000000004
2026/09/26 13:16:40.518, 0, 20748 MiB, 79 %, 1920 MHz, 1920 MHz, 330.60 W, 74, P2, 0x0000000000000004
2026/09/26 13:16:41.518, 0, 20748 MiB, 79 %, 1920 MHz, 1920 MHz, 331.52 W, 75, P2, 0x0000000000000004
2026/09/26 13:16:42.518, 0, 20748 MiB, 75 %, 1920 MHz, 1920 MHz, 293.25 W, 75, P2, 0x0000000000000004
2026/09/26 13:16:43.519, 0, 20748 MiB, 80 %, 1920 MHz, 1920 MHz, 331.46 W, 75, P2, 0x0000000000000004
2026/09/26 13:16:44.519, 0, 20748 MiB, 80 %, 1920 MHz, 1920 MHz, 332.57 W, 76, P2, 0x0000000000000004
2026/09/26 13:16:45.519, 0, 20748 MiB, 74 %, 1920 MHz, 1920 MHz, 293.82 W, 75, P2, 0x0000000000000004
2026/09/26 13:16:46.519, 0, 20748 MiB, 80 %, 1920 MHz, 1920 MHz, 334.05 W, 76, P2, 0x0000000000000004
2026/09/26 13:16:47.519, 0, 20748 MiB, 80 %, 1920 MHz, 1920 MHz, 335.36 W, 77, P2, 0x0000000000000004
2026/09/26 13:16:48.519, 0, 20748 MiB, 77 %, 1920 MHz, 1920 MHz, 297.83 W, 76, P2, 0x0000000000000004
2026/09/26 13:16:49.519, 0, 20748 MiB, 78 %, 1920 MHz, 1920 MHz, 333.92 W, 77, P2, 0x0000000000000004
2026/09/26 13:16:50.519, 0, 20748 MiB, 79 %, 1905 MHz, 1905 MHz, 336.70 W, 77, P2, 0x0000000000000004
2026/09/26 13:16:51.519, 0, 20748 MiB, 77 %, 1905 MHz, 1905 MHz, 301.65 W, 77, P2, 0x0000000000000004
2026/09/26 13:16:52.519, 0, 20748 MiB, 80 %, 1905 MHz, 1905 MHz, 332.78 W, 77, P2, 0x0000000000000000
2026/09/26 13:16:53.520, 0, 20748 MiB, 76 %, 1905 MHz, 1905 MHz, 333.46 W, 78, P2, 0x0000000000000004
2026/09/26 13:16:54.520, 0, 178 MiB, 100 %, 1920 MHz, 1920 MHz, 206.15 W, 70, P0, 0x0000000000000000
2026/09/26 13:16:55.528, 0, 178 MiB, 0 %, 1920 MHz, 1920 MHz, 172.38 W, 68, P0, 0x0000000000000000
2026/09/26 13:16:56.528, 0, 181 MiB, 0 %, 1920 MHz, 1920 MHz, 172.38 W, 68, P0, 0x0000000000000000
2026/09/26 13:16:57.611, 0, 442 MiB, 0 %, 1935 MHz, 1935 MHz, 163.56 W, 65, P2, 0x0000000000000000
2026/09/26 13:16:58.611, 0, 442 MiB, 0 %, 1935 MHz, 1935 MHz, 170.35 W, 65, P2, 0x0000000000000000
2026/09/26 13:16:59.611, 0, 442 MiB, 0 %, 1695 MHz, 1695 MHz, 153.03 W, 62, P2, 0x0000000000000000
2026/09/26 13:17:00.611, 0, 442 MiB, 0 %, 1695 MHz, 1695 MHz, 132.84 W, 62, P2, 0x0000000000000000
2026/09/26 13:17:01.611, 0, 442 MiB, 1 %, 1695 MHz, 1695 MHz, 132.26 W, 61, P2, 0x0000000000000000
2026/09/26 13:17:02.611, 0, 19140 MiB, 99 %, 1950 MHz, 1950 MHz, 139.78 W, 62, P2, 0x0000000000000000
2026/09/26 13:17:03.612, 0, 19140 MiB, 99 %, 1950 MHz, 1950 MHz, 160.75 W, 62, P2, 0x0000000000000000
2026/09/26 13:17:04.612, 0, 19140 MiB, 99 %, 1950 MHz, 1950 MHz, 160.51 W, 62, P2, 0x0000000000000000
2026/09/26 13:17:05.612, 0, 19140 MiB, 100 %, 1950 MHz, 1950 MHz, 160.32 W, 61, P2, 0x0000000000000000
2026/09/26 13:17:06.612, 0, 19140 MiB, 99 %, 1950 MHz, 1950 MHz, 159.97 W, 61, P2, 0x0000000000000000
2026/09/26 13:17:07.612, 0, 19140 MiB, 99 %, 1950 MHz, 1950 MHz, 159.54 W, 61, P2, 0x0000000000000000
2026/09/26 13:17:08.613, 0, 21190 MiB, 55 %, 1950 MHz, 1950 MHz, 160.78 W, 61, P2, 0x0000000000000000
2026/09/26 13:17:09.613, 0, 22366 MiB, 40 %, 1950 MHz, 1950 MHz, 215.20 W, 66, P2, 0x0000000000000000
2026/09/26 13:17:10.613, 0, 22366 MiB, 64 %, 1935 MHz, 1935 MHz, 297.76 W, 67, P2, 0x0000000000000000
2026/09/26 13:17:11.613, 0, 22366 MiB, 62 %, 1935 MHz, 1935 MHz, 295.81 W, 68, P2, 0x0000000000000000
2026/09/26 13:17:12.613, 0, 22366 MiB, 60 %, 1935 MHz, 1935 MHz, 267.28 W, 68, P2, 0x0000000000000000
2026/09/26 13:17:13.614, 0, 22366 MiB, 63 %, 1935 MHz, 1935 MHz, 300.21 W, 69, P2, 0x0000000000000000
2026/09/26 13:17:14.614, 0, 22366 MiB, 64 %, 1935 MHz, 1935 MHz, 298.80 W, 69, P2, 0x0000000000000000
2026/09/26 13:17:15.614, 0, 22366 MiB, 62 %, 1935 MHz, 1935 MHz, 267.15 W, 69, P2, 0x0000000000000000
2026/09/26 13:17:16.614, 0, 22366 MiB, 62 %, 1935 MHz, 1935 MHz, 299.87 W, 69, P2, 0x0000000000000000
2026/09/26 13:17:17.614, 0, 22366 MiB, 64 %, 1935 MHz, 1935 MHz, 280.04 W, 66, P2, 0x0000000000000000
2026/09/26 13:17:18.614, 0, 22382 MiB, 61 %, 1935 MHz, 1935 MHz, 260.87 W, 70, P2, 0x0000000000000000
2026/09/26 13:17:19.615, 0, 22382 MiB, 64 %, 1935 MHz, 1935 MHz, 299.51 W, 70, P2, 0x0000000000000000
2026/09/26 13:17:20.615, 0, 22382 MiB, 63 %, 1935 MHz, 1935 MHz, 287.64 W, 67, P2, 0x0000000000000000
2026/09/26 13:17:21.615, 0, 22382 MiB, 61 %, 1935 MHz, 1935 MHz, 255.60 W, 70, P2, 0x0000000000000000
2026/09/26 13:17:22.615, 0, 22382 MiB, 62 %, 1935 MHz, 1935 MHz, 300.06 W, 70, P2, 0x0000000000000000
2026/09/26 13:17:23.615, 0, 22388 MiB, 61 %, 1785 MHz, 1785 MHz, 262.87 W, 66, P2, 0x0000000000000004
2026/09/26 13:17:24.615, 0, 22388 MiB, 59 %, 1935 MHz, 1935 MHz, 230.49 W, 70, P2, 0x0000000000000000
2026/09/26 13:17:25.616, 0, 22388 MiB, 64 %, 1935 MHz, 1935 MHz, 297.88 W, 70, P2, 0x0000000000000000
2026/09/26 13:17:26.616, 0, 22388 MiB, 61 %, 1935 MHz, 1935 MHz, 279.31 W, 68, P2, 0x0000000000000000
2026/09/26 13:17:27.616, 0, 22388 MiB, 61 %, 1935 MHz, 1935 MHz, 277.41 W, 70, P2, 0x0000000000000000
2026/09/26 13:17:28.616, 0, 22388 MiB, 62 %, 1935 MHz, 1935 MHz, 300.26 W, 71, P2, 0x0000000000000000
2026/09/26 13:17:29.616, 0, 22388 MiB, 62 %, 1860 MHz, 1860 MHz, 269.67 W, 68, P2, 0x0000000000000004
2026/09/26 13:17:30.617, 0, 22388 MiB, 61 %, 1935 MHz, 1935 MHz, 284.38 W, 71, P2, 0x0000000000000000
2026/09/26 13:17:31.617, 0, 22388 MiB, 64 %, 1935 MHz, 1935 MHz, 298.81 W, 71, P2, 0x0000000000000000
2026/09/26 13:17:32.617, 0, 22388 MiB, 39 %, 1935 MHz, 1935 MHz, 268.45 W, 71, P2, 0x0000000000000000
2026/09/26 13:17:33.617, 0, 22388 MiB, 61 %, 1935 MHz, 1935 MHz, 302.18 W, 71, P2, 0x0000000000000000
2026/09/26 13:17:34.617, 0, 22388 MiB, 63 %, 1920 MHz, 1920 MHz, 302.10 W, 70, P2, 0x0000000000000000
2026/09/26 13:17:35.617, 0, 22388 MiB, 62 %, 1920 MHz, 1920 MHz, 264.38 W, 71, P2, 0x0000000000000000
2026/09/26 13:17:36.618, 0, 22388 MiB, 64 %, 1920 MHz, 1920 MHz, 306.18 W, 72, P2, 0x0000000000000000
2026/09/26 13:17:37.618, 0, 22388 MiB, 62 %, 1920 MHz, 1920 MHz, 305.00 W, 72, P2, 0x0000000000000000
2026/09/26 13:17:38.618, 0, 22388 MiB, 59 %, 1920 MHz, 1920 MHz, 267.26 W, 71, P2, 0x0000000000000000
2026/09/26 13:17:39.618, 0, 22388 MiB, 63 %, 1920 MHz, 1920 MHz, 305.84 W, 72, P2, 0x0000000000000000
2026/09/26 13:17:40.618, 0, 22388 MiB, 59 %, 1920 MHz, 1920 MHz, 306.11 W, 72, P2, 0x0000000000000000
2026/09/26 13:17:41.619, 0, 178 MiB, 100 %, 1920 MHz, 1920 MHz, 194.25 W, 66, P0, 0x0000000000000024
2026/09/26 13:17:42.619, 0, 178 MiB, 0 %, 1935 MHz, 1935 MHz, 171.22 W, 66, P0, 0x0000000000000000
2026/09/26 13:17:43.619, 0, 181 MiB, 0 %, 1935 MHz, 1935 MHz, 171.22 W, 66, P3, 0x0000000000000000
2026/09/26 13:17:44.895, 0, 1196 MiB, 0 %, 1950 MHz, 1950 MHz, 125.02 W, 64, P2, 0x0000000000000000
2026/09/26 13:17:45.896, 0, 442 MiB, 0 %, 1950 MHz, 1950 MHz, 170.94 W, 64, P2, 0x0000000000000000
2026/09/26 13:17:46.896, 0, 442 MiB, 3 %, 1695 MHz, 1695 MHz, 151.17 W, 61, P2, 0x0000000000000000
2026/09/26 13:17:47.896, 0, 19140 MiB, 7 %, 1950 MHz, 1950 MHz, 141.33 W, 61, P2, 0x0000000000000000
2026/09/26 13:17:48.896, 0, 19140 MiB, 99 %, 1950 MHz, 1950 MHz, 168.12 W, 63, P2, 0x0000000000000000
2026/09/26 13:17:49.896, 0, 19140 MiB, 100 %, 1950 MHz, 1950 MHz, 167.18 W, 62, P2, 0x0000000000000000
2026/09/26 13:17:50.896, 0, 19140 MiB, 100 %, 1950 MHz, 1950 MHz, 166.79 W, 62, P2, 0x0000000000000000
2026/09/26 13:17:51.897, 0, 19140 MiB, 100 %, 1950 MHz, 1950 MHz, 168.38 W, 62, P2, 0x0000000000000000
2026/09/26 13:17:52.899, 0, 19140 MiB, 99 %, 1950 MHz, 1950 MHz, 168.83 W, 62, P2, 0x0000000000000000
2026/09/26 13:17:53.899, 0, 19140 MiB, 100 %, 1950 MHz, 1950 MHz, 167.69 W, 61, P2, 0x0000000000000000
2026/09/26 13:17:54.899, 0, 19140 MiB, 100 %, 1950 MHz, 1950 MHz, 167.37 W, 61, P2, 0x0000000000000000
2026/09/26 13:17:55.899, 0, 19140 MiB, 99 %, 1950 MHz, 1950 MHz, 168.55 W, 61, P2, 0x0000000000000000
2026/09/26 13:17:56.899, 0, 19140 MiB, 100 %, 1950 MHz, 1950 MHz, 167.01 W, 61, P2, 0x0000000000000000
2026/09/26 13:17:57.900, 0, 21190 MiB, 19 %, 1950 MHz, 1950 MHz, 169.27 W, 61, P2, 0x0000000000000000
2026/09/26 13:17:58.900, 0, 22366 MiB, 0 %, 1950 MHz, 1950 MHz, 194.26 W, 65, P2, 0x0000000000000004
2026/09/26 13:17:59.900, 0, 22366 MiB, 78 %, 1935 MHz, 1935 MHz, 321.48 W, 68, P2, 0x0000000000000004
2026/09/26 13:18:00.900, 0, 22366 MiB, 74 %, 1935 MHz, 1935 MHz, 311.70 W, 67, P2, 0x0000000000000004
2026/09/26 13:18:01.900, 0, 22366 MiB, 76 %, 1935 MHz, 1935 MHz, 299.98 W, 70, P2, 0x0000000000000004
2026/09/26 13:18:02.900, 0, 22366 MiB, 77 %, 1935 MHz, 1935 MHz, 328.81 W, 70, P2, 0x0000000000000004
2026/09/26 13:18:03.900, 0, 22366 MiB, 72 %, 1935 MHz, 1935 MHz, 296.00 W, 70, P2, 0x0000000000000004
2026/09/26 13:18:04.900, 0, 22366 MiB, 77 %, 1935 MHz, 1935 MHz, 331.59 W, 71, P2, 0x0000000000000004
2026/09/26 13:18:05.901, 0, 22382 MiB, 76 %, 1935 MHz, 1935 MHz, 292.26 W, 70, P2, 0x0000000000000000
2026/09/26 13:18:06.901, 0, 22382 MiB, 77 %, 1920 MHz, 1920 MHz, 329.52 W, 71, P2, 0x0000000000000004
2026/09/26 13:18:07.901, 0, 22382 MiB, 80 %, 1920 MHz, 1920 MHz, 323.83 W, 72, P2, 0x0000000000000004
2026/09/26 13:18:08.901, 0, 22382 MiB, 74 %, 1920 MHz, 1920 MHz, 288.86 W, 71, P2, 0x0000000000000004
2026/09/26 13:18:09.901, 0, 22382 MiB, 78 %, 1920 MHz, 1920 MHz, 324.44 W, 72, P2, 0x0000000000000004
2026/09/26 13:18:10.902, 0, 22388 MiB, 45 %, 1920 MHz, 1920 MHz, 247.81 W, 66, P2, 0x0000000000000024
2026/09/26 13:18:11.902, 0, 22388 MiB, 74 %, 1920 MHz, 1920 MHz, 292.72 W, 72, P2, 0x0000000000000004
2026/09/26 13:18:12.902, 0, 22388 MiB, 75 %, 1920 MHz, 1920 MHz, 323.08 W, 72, P2, 0x0000000000000004
2026/09/26 13:18:13.902, 0, 22388 MiB, 69 %, 1920 MHz, 1920 MHz, 289.73 W, 72, P2, 0x0000000000000004
2026/09/26 13:18:14.902, 0, 22388 MiB, 79 %, 1920 MHz, 1920 MHz, 328.46 W, 73, P2, 0x0000000000000004
2026/09/26 13:18:15.902, 0, 22388 MiB, 79 %, 1920 MHz, 1920 MHz, 297.20 W, 70, P2, 0x0000000000000000
2026/09/26 13:18:16.903, 0, 22388 MiB, 77 %, 1920 MHz, 1920 MHz, 316.27 W, 73, P2, 0x0000000000000004
2026/09/26 13:18:17.903, 0, 22388 MiB, 78 %, 1920 MHz, 1920 MHz, 312.54 W, 71, P2, 0x0000000000000004
2026/09/26 13:18:18.903, 0, 22388 MiB, 77 %, 1920 MHz, 1920 MHz, 296.07 W, 74, P2, 0x0000000000000004
2026/09/26 13:18:19.903, 0, 22388 MiB, 78 %, 1920 MHz, 1920 MHz, 327.38 W, 74, P2, 0x0000000000000004
2026/09/26 13:18:20.903, 0, 22388 MiB, 44 %, 1920 MHz, 1920 MHz, 299.81 W, 74, P2, 0x0000000000000004
2026/09/26 13:18:21.903, 0, 22388 MiB, 78 %, 1920 MHz, 1920 MHz, 329.61 W, 75, P2, 0x0000000000000004
2026/09/26 13:18:22.904, 0, 22388 MiB, 78 %, 1920 MHz, 1920 MHz, 331.72 W, 75, P2, 0x0000000000000004
2026/09/26 13:18:23.904, 0, 22388 MiB, 78 %, 1920 MHz, 1920 MHz, 299.01 W, 75, P2, 0x0000000000000004
2026/09/26 13:18:24.904, 0, 22388 MiB, 78 %, 1920 MHz, 1920 MHz, 330.39 W, 75, P2, 0x0000000000000004
2026/09/26 13:18:25.904, 0, 510 MiB, 79 %, 1920 MHz, 1920 MHz, 288.95 W, 71, P2, 0x0000000000000000
2026/09/26 13:18:26.904, 0, 178 MiB, 0 %, 1920 MHz, 1920 MHz, 180.84 W, 68, P0, 0x0000000000000000
2026/09/26 13:18:27.905, 0, 178 MiB, 0 %, 1920 MHz, 1920 MHz, 176.99 W, 67, P0, 0x0000000000000000
2026/09/26 13:18:28.905, 0, 442 MiB, 0 %, 960 MHz, 960 MHz, 147.69 W, 62, P0, 0x0000000000000000
2026/09/26 13:18:29.958, 0, 442 MiB, 0 %, 1935 MHz, 1935 MHz, 156.08 W, 64, P2, 0x0000000000000000
2026/09/26 13:18:30.958, 0, 442 MiB, 0 %, 1935 MHz, 1935 MHz, 170.51 W, 64, P2, 0x0000000000000000
2026/09/26 13:18:31.958, 0, 442 MiB, 9 %, 1695 MHz, 1695 MHz, 143.92 W, 62, P2, 0x0000000000000000
2026/09/26 13:18:32.958, 0, 19140 MiB, 100 %, 1935 MHz, 1935 MHz, 142.88 W, 63, P2, 0x0000000000000000
2026/09/26 13:18:33.959, 0, 19140 MiB, 100 %, 1935 MHz, 1935 MHz, 168.68 W, 63, P2, 0x0000000000000000
2026/09/26 13:18:34.959, 0, 19140 MiB, 100 %, 1935 MHz, 1935 MHz, 168.48 W, 62, P2, 0x0000000000000000
2026/09/26 13:18:35.959, 0, 19140 MiB, 100 %, 1935 MHz, 1935 MHz, 168.82 W, 62, P2, 0x0000000000000000
2026/09/26 13:18:36.959, 0, 19140 MiB, 99 %, 1935 MHz, 1935 MHz, 168.18 W, 62, P2, 0x0000000000000000
2026/09/26 13:18:37.959, 0, 19140 MiB, 99 %, 1935 MHz, 1935 MHz, 167.70 W, 62, P2, 0x0000000000000000
2026/09/26 13:18:38.959, 0, 19140 MiB, 100 %, 1935 MHz, 1935 MHz, 167.87 W, 62, P2, 0x0000000000000000
2026/09/26 13:18:39.960, 0, 19140 MiB, 100 %, 1935 MHz, 1935 MHz, 167.57 W, 62, P2, 0x0000000000000000
2026/09/26 13:18:40.960, 0, 19140 MiB, 100 %, 1935 MHz, 1935 MHz, 166.98 W, 61, P2, 0x0000000000000000
2026/09/26 13:18:41.960, 0, 22314 MiB, 99 %, 1950 MHz, 1950 MHz, 167.70 W, 61, P2, 0x0000000000000024
2026/09/26 13:18:42.960, 0, 22366 MiB, 41 %, 1950 MHz, 1950 MHz, 185.78 W, 62, P2, 0x0000000000000000
2026/09/26 13:18:43.960, 0, 22366 MiB, 79 %, 1935 MHz, 1935 MHz, 318.14 W, 68, P2, 0x0000000000000004
2026/09/26 13:18:44.961, 0, 22366 MiB, 51 %, 1935 MHz, 1935 MHz, 324.04 W, 69, P2, 0x0000000000000004
2026/09/26 13:18:45.961, 0, 22366 MiB, 78 %, 1935 MHz, 1935 MHz, 301.00 W, 69, P2, 0x0000000000000004
2026/09/26 13:18:46.961, 0, 22366 MiB, 77 %, 1935 MHz, 1935 MHz, 333.54 W, 70, P2, 0x0000000000000004
2026/09/26 13:18:47.961, 0, 22366 MiB, 78 %, 1935 MHz, 1935 MHz, 301.83 W, 70, P2, 0x0000000000000004
2026/09/26 13:18:48.961, 0, 22366 MiB, 78 %, 1935 MHz, 1935 MHz, 334.87 W, 71, P2, 0x0000000000000004
2026/09/26 13:18:49.962, 0, 22382 MiB, 72 %, 1920 MHz, 1920 MHz, 286.82 W, 68, P2, 0x0000000000000004
2026/09/26 13:18:50.962, 0, 22382 MiB, 77 %, 1920 MHz, 1920 MHz, 321.79 W, 71, P2, 0x0000000000000004
2026/09/26 13:18:51.962, 0, 22382 MiB, 79 %, 1920 MHz, 1920 MHz, 324.07 W, 71, P2, 0x0000000000000004
2026/09/26 13:18:52.962, 0, 22382 MiB, 79 %, 1920 MHz, 1920 MHz, 286.74 W, 71, P2, 0x0000000000000004
2026/09/26 13:18:53.962, 0, 22382 MiB, 80 %, 1920 MHz, 1920 MHz, 323.13 W, 72, P2, 0x0000000000000004
2026/09/26 13:18:54.963, 0, 22388 MiB, 100 %, 1920 MHz, 1920 MHz, 268.83 W, 67, P2, 0x0000000000000004
2026/09/26 13:18:55.963, 0, 22388 MiB, 79 %, 1920 MHz, 1920 MHz, 271.93 W, 71, P2, 0x0000000000000004
2026/09/26 13:18:56.963, 0, 22388 MiB, 78 %, 1920 MHz, 1920 MHz, 323.29 W, 71, P2, 0x0000000000000004
2026/09/26 13:18:57.963, 0, 22388 MiB, 78 %, 1920 MHz, 1920 MHz, 289.39 W, 71, P2, 0x0000000000000004
2026/09/26 13:18:58.963, 0, 22388 MiB, 81 %, 1920 MHz, 1920 MHz, 325.74 W, 72, P2, 0x0000000000000004
2026/09/26 13:18:59.964, 0, 22388 MiB, 73 %, 1920 MHz, 1920 MHz, 307.31 W, 70, P2, 0x0000000000000004
2026/09/26 13:19:00.964, 0, 22388 MiB, 79 %, 1920 MHz, 1920 MHz, 299.35 W, 73, P2, 0x0000000000000004
2026/09/26 13:19:01.964, 0, 22388 MiB, 78 %, 1920 MHz, 1920 MHz, 322.04 W, 73, P2, 0x0000000000000004
2026/09/26 13:19:02.964, 0, 22388 MiB, 77 %, 1920 MHz, 1920 MHz, 294.12 W, 73, P2, 0x0000000000000004
2026/09/26 13:19:03.964, 0, 22388 MiB, 79 %, 1920 MHz, 1920 MHz, 324.61 W, 73, P2, 0x0000000000000004
2026/09/26 13:19:04.965, 0, 22388 MiB, 77 %, 1920 MHz, 1920 MHz, 293.40 W, 72, P2, 0x0000000000000004
2026/09/26 13:19:05.965, 0, 22388 MiB, 80 %, 1920 MHz, 1920 MHz, 326.19 W, 74, P2, 0x0000000000000004
2026/09/26 13:19:06.965, 0, 22388 MiB, 81 %, 1920 MHz, 1920 MHz, 326.02 W, 74, P2, 0x0000000000000004
2026/09/26 13:19:07.965, 0, 22388 MiB, 78 %, 1920 MHz, 1920 MHz, 298.36 W, 74, P2, 0x0000000000000004
2026/09/26 13:19:08.965, 0, 22388 MiB, 80 %, 1920 MHz, 1920 MHz, 326.79 W, 75, P2, 0x0000000000000004
2026/09/26 13:19:09.966, 0, 510 MiB, 0 %, 1920 MHz, 1920 MHz, 306.12 W, 72, P2, 0x0000000000000004
2026/09/26 13:19:10.966, 0, 178 MiB, 0 %, 1920 MHz, 1920 MHz, 177.02 W, 68, P0, 0x0000000000000000
2026/09/26 13:19:11.966, 0, 178 MiB, 0 %, 1920 MHz, 1920 MHz, 168.45 W, 66, P0, 0x0000000000000000
2026/09/26 13:19:12.967, 0, 442 MiB, 1 %, 1695 MHz, 1695 MHz, 148.85 W, 63, P0, 0x0000000000000000
2026/09/26 13:19:13.982, 0, 442 MiB, 0 %, 1935 MHz, 1935 MHz, 166.50 W, 64, P2, 0x0000000000000000
2026/09/26 13:19:14.982, 0, 442 MiB, 0 %, 1935 MHz, 1935 MHz, 168.45 W, 64, P2, 0x0000000000000000
2026/09/26 13:19:15.983, 0, 442 MiB, 16 %, 1695 MHz, 1695 MHz, 148.07 W, 62, P2, 0x0000000000000000
2026/09/26 13:19:16.983, 0, 442 MiB, 0 %, 1695 MHz, 1695 MHz, 135.20 W, 61, P2, 0x0000000000000000
2026/09/26 13:19:17.983, 0, 19140 MiB, 0 %, 1695 MHz, 1695 MHz, 134.10 W, 61, P2, 0x0000000000000000
2026/09/26 13:19:18.983, 0, 19140 MiB, 100 %, 1950 MHz, 1950 MHz, 147.11 W, 62, P2, 0x0000000000000000
2026/09/26 13:19:19.983, 0, 19140 MiB, 100 %, 1950 MHz, 1950 MHz, 169.95 W, 62, P2, 0x0000000000000000
2026/09/26 13:19:20.983, 0, 19140 MiB, 100 %, 1950 MHz, 1950 MHz, 170.09 W, 62, P2, 0x0000000000000000
2026/09/26 13:19:21.983, 0, 19140 MiB, 100 %, 1950 MHz, 1950 MHz, 169.43 W, 62, P2, 0x0000000000000000
2026/09/26 13:19:22.983, 0, 19140 MiB, 99 %, 1950 MHz, 1950 MHz, 169.53 W, 62, P2, 0x0000000000000000
2026/09/26 13:19:23.984, 0, 19140 MiB, 100 %, 1950 MHz, 1950 MHz, 169.08 W, 62, P2, 0x0000000000000000
2026/09/26 13:19:24.984, 0, 19140 MiB, 100 %, 1950 MHz, 1950 MHz, 169.40 W, 62, P2, 0x0000000000000000
2026/09/26 13:19:25.984, 0, 19140 MiB, 100 %, 1950 MHz, 1950 MHz, 168.95 W, 61, P2, 0x0000000000000000
2026/09/26 13:19:26.984, 0, 19140 MiB, 99 %, 1950 MHz, 1950 MHz, 167.27 W, 61, P2, 0x0000000000000000
2026/09/26 13:19:27.984, 0, 19140 MiB, 99 %, 1950 MHz, 1950 MHz, 168.16 W, 61, P2, 0x0000000000000000
2026/09/26 13:19:28.984, 0, 19140 MiB, 100 %, 1950 MHz, 1950 MHz, 167.83 W, 61, P2, 0x0000000000000000
2026/09/26 13:19:29.984, 0, 21190 MiB, 0 %, 1950 MHz, 1950 MHz, 169.63 W, 61, P2, 0x0000000000000000
2026/09/26 13:19:30.984, 0, 22366 MiB, 50 %, 1950 MHz, 1950 MHz, 172.93 W, 62, P2, 0x0000000000000000
2026/09/26 13:19:31.984, 0, 22366 MiB, 63 %, 1950 MHz, 1950 MHz, 270.38 W, 66, P2, 0x0000000000000000
2026/09/26 13:19:32.985, 0, 22366 MiB, 65 %, 1935 MHz, 1935 MHz, 298.12 W, 67, P2, 0x0000000000000000
2026/09/26 13:19:33.985, 0, 22366 MiB, 60 %, 1935 MHz, 1935 MHz, 265.87 W, 65, P2, 0x0000000000000000
2026/09/26 13:19:34.985, 0, 22366 MiB, 62 %, 1935 MHz, 1935 MHz, 296.29 W, 68, P2, 0x0000000000000000
2026/09/26 13:19:35.985, 0, 22366 MiB, 64 %, 1935 MHz, 1935 MHz, 300.54 W, 68, P2, 0x0000000000000000
2026/09/26 13:19:36.985, 0, 22366 MiB, 62 %, 1935 MHz, 1935 MHz, 268.25 W, 68, P2, 0x0000000000000000
2026/09/26 13:19:37.985, 0, 22366 MiB, 62 %, 1935 MHz, 1935 MHz, 302.38 W, 68, P2, 0x0000000000000000
2026/09/26 13:19:38.985, 0, 22366 MiB, 64 %, 1935 MHz, 1935 MHz, 301.80 W, 69, P2, 0x0000000000000000
2026/09/26 13:19:39.985, 0, 22382 MiB, 61 %, 1935 MHz, 1935 MHz, 254.24 W, 68, P2, 0x0000000000000000
2026/09/26 13:19:40.985, 0, 22382 MiB, 66 %, 1935 MHz, 1935 MHz, 301.96 W, 69, P2, 0x0000000000000000
2026/09/26 13:19:41.985, 0, 22382 MiB, 62 %, 1935 MHz, 1935 MHz, 303.55 W, 69, P2, 0x0000000000000000
2026/09/26 13:19:42.986, 0, 22382 MiB, 61 %, 1935 MHz, 1935 MHz, 259.39 W, 68, P2, 0x0000000000000000
2026/09/26 13:19:43.986, 0, 22382 MiB, 62 %, 1935 MHz, 1935 MHz, 301.41 W, 69, P2, 0x0000000000000000
2026/09/26 13:19:44.986, 0, 22388 MiB, 61 %, 1935 MHz, 1935 MHz, 301.93 W, 70, P2, 0x0000000000000000
2026/09/26 13:19:45.986, 0, 22388 MiB, 43 %, 1935 MHz, 1935 MHz, 203.84 W, 65, P2, 0x0000000000000000
2026/09/26 13:19:46.986, 0, 22388 MiB, 64 %, 1935 MHz, 1935 MHz, 290.35 W, 69, P2, 0x0000000000000000
2026/09/26 13:19:47.986, 0, 22388 MiB, 61 %, 1935 MHz, 1935 MHz, 301.59 W, 70, P2, 0x0000000000000000
2026/09/26 13:19:48.986, 0, 22388 MiB, 61 %, 1935 MHz, 1935 MHz, 264.66 W, 69, P2, 0x0000000000000000
2026/09/26 13:19:49.986, 0, 22388 MiB, 62 %, 1935 MHz, 1935 MHz, 303.80 W, 70, P2, 0x0000000000000000
2026/09/26 13:19:50.986, 0, 22388 MiB, 64 %, 1935 MHz, 1935 MHz, 303.29 W, 70, P2, 0x0000000000000000
2026/09/26 13:19:51.986, 0, 22388 MiB, 61 %, 1935 MHz, 1935 MHz, 268.02 W, 70, P2, 0x0000000000000000
2026/09/26 13:19:52.987, 0, 22388 MiB, 63 %, 1935 MHz, 1935 MHz, 303.01 W, 71, P2, 0x0000000000000000
2026/09/26 13:19:53.987, 0, 22388 MiB, 43 %, 1935 MHz, 1935 MHz, 276.03 W, 67, P2, 0x0000000000000004
2026/09/26 13:19:54.987, 0, 22388 MiB, 61 %, 1935 MHz, 1935 MHz, 285.95 W, 71, P2, 0x0000000000000000
2026/09/26 13:19:55.987, 0, 22388 MiB, 63 %, 1935 MHz, 1935 MHz, 303.92 W, 71, P2, 0x0000000000000000
2026/09/26 13:19:56.987, 0, 22388 MiB, 58 %, 1920 MHz, 1920 MHz, 267.11 W, 70, P2, 0x0000000000000004
2026/09/26 13:19:57.987, 0, 22388 MiB, 62 %, 1920 MHz, 1920 MHz, 300.88 W, 71, P2, 0x0000000000000000
2026/09/26 13:19:58.987, 0, 22388 MiB, 64 %, 1920 MHz, 1920 MHz, 304.22 W, 71, P2, 0x0000000000000000
2026/09/26 13:19:59.987, 0, 22388 MiB, 56 %, 1920 MHz, 1920 MHz, 269.03 W, 69, P2, 0x0000000000000000
2026/09/26 13:20:00.987, 0, 22388 MiB, 62 %, 1920 MHz, 1920 MHz, 295.41 W, 71, P2, 0x0000000000000000
2026/09/26 13:20:01.988, 0, 22388 MiB, 62 %, 1920 MHz, 1920 MHz, 305.55 W, 71, P2, 0x0000000000000000
2026/09/26 13:20:02.988, 0, 178 MiB, 100 %, 1920 MHz, 1920 MHz, 249.78 W, 68, P2, 0x0000000000000000
2026/09/26 13:20:03.988, 0, 178 MiB, 0 %, 1935 MHz, 1935 MHz, 175.29 W, 66, P0, 0x0000000000000000
2026/09/26 13:20:04.988, 0, 178 MiB, 0 %, 1935 MHz, 1935 MHz, 171.93 W, 65, P0, 0x0000000000000000
2026/09/26 13:20:05.988, 0, 442 MiB, 0 %, 1935 MHz, 1935 MHz, 150.77 W, 63, P2, 0x0000000000000000
2026/09/26 13:20:06.989, 0, 442 MiB, 4 %, 1935 MHz, 1935 MHz, 169.65 W, 64, P2, 0x0000000000000000
2026/09/26 13:20:07.989, 0, 442 MiB, 0 %, 1695 MHz, 1695 MHz, 158.90 W, 62, P2, 0x0000000000000000
2026/09/26 13:20:08.989, 0, 20068 MiB, 100 %, 1695 MHz, 1695 MHz, 132.81 W, 61, P2, 0x0000000000000000
2026/09/26 13:20:09.989, 0, 20068 MiB, 100 %, 1950 MHz, 1950 MHz, 159.24 W, 62, P2, 0x0000000000000000
2026/09/26 13:20:10.989, 0, 20068 MiB, 99 %, 1950 MHz, 1950 MHz, 168.18 W, 62, P2, 0x0000000000000000
2026/09/26 13:20:11.989, 0, 20068 MiB, 100 %, 1950 MHz, 1950 MHz, 167.04 W, 62, P2, 0x0000000000000000
2026/09/26 13:20:12.990, 0, 20068 MiB, 99 %, 1950 MHz, 1950 MHz, 169.05 W, 62, P2, 0x0000000000000000
2026/09/26 13:20:13.990, 0, 20068 MiB, 100 %, 1950 MHz, 1950 MHz, 167.66 W, 62, P2, 0x0000000000000000
2026/09/26 13:20:14.990, 0, 20068 MiB, 100 %, 1950 MHz, 1950 MHz, 168.26 W, 62, P2, 0x0000000000000000
2026/09/26 13:20:15.990, 0, 20068 MiB, 100 %, 1950 MHz, 1950 MHz, 167.77 W, 62, P2, 0x0000000000000000
2026/09/26 13:20:16.990, 0, 20068 MiB, 99 %, 1950 MHz, 1950 MHz, 167.60 W, 62, P2, 0x0000000000000000
2026/09/26 13:20:17.990, 0, 20068 MiB, 100 %, 1950 MHz, 1950 MHz, 168.20 W, 62, P2, 0x0000000000000000
2026/09/26 13:20:18.990, 0, 20068 MiB, 100 %, 1950 MHz, 1950 MHz, 166.75 W, 61, P2, 0x0000000000000000
2026/09/26 13:20:19.991, 0, 20068 MiB, 99 %, 1950 MHz, 1950 MHz, 164.81 W, 61, P2, 0x0000000000000000
2026/09/26 13:20:20.991, 0, 20740 MiB, 59 %, 1950 MHz, 1950 MHz, 175.18 W, 62, P2, 0x0000000000000004
2026/09/26 13:20:21.991, 0, 20740 MiB, 79 %, 1935 MHz, 1935 MHz, 296.04 W, 67, P2, 0x0000000000000000
2026/09/26 13:20:22.991, 0, 20740 MiB, 79 %, 1935 MHz, 1935 MHz, 325.92 W, 69, P2, 0x0000000000000000
2026/09/26 13:20:23.991, 0, 20740 MiB, 77 %, 1935 MHz, 1935 MHz, 289.64 W, 65, P2, 0x0000000000000004
2026/09/26 13:20:24.991, 0, 20740 MiB, 78 %, 1935 MHz, 1935 MHz, 316.57 W, 70, P2, 0x0000000000000000
2026/09/26 13:20:25.992, 0, 20740 MiB, 75 %, 1935 MHz, 1935 MHz, 326.95 W, 70, P2, 0x0000000000000000
2026/09/26 13:20:26.992, 0, 20740 MiB, 76 %, 1935 MHz, 1935 MHz, 289.90 W, 69, P2, 0x0000000000000000
2026/09/26 13:20:27.992, 0, 20740 MiB, 80 %, 1935 MHz, 1935 MHz, 331.25 W, 71, P2, 0x0000000000000000
2026/09/26 13:20:28.992, 0, 20740 MiB, 79 %, 1920 MHz, 1920 MHz, 331.41 W, 71, P2, 0x0000000000000000
2026/09/26 13:20:29.993, 0, 20740 MiB, 77 %, 1920 MHz, 1920 MHz, 289.28 W, 71, P2, 0x0000000000000000
2026/09/26 13:20:30.993, 0, 20740 MiB, 78 %, 1920 MHz, 1920 MHz, 329.31 W, 72, P2, 0x0000000000000000
2026/09/26 13:20:31.993, 0, 20740 MiB, 78 %, 1920 MHz, 1920 MHz, 331.21 W, 72, P2, 0x0000000000000000
2026/09/26 13:20:32.993, 0, 20740 MiB, 77 %, 1920 MHz, 1920 MHz, 294.81 W, 72, P2, 0x0000000000000000
2026/09/26 13:20:33.993, 0, 20740 MiB, 78 %, 1920 MHz, 1920 MHz, 332.97 W, 73, P2, 0x0000000000000000
2026/09/26 13:20:34.994, 0, 20740 MiB, 79 %, 1920 MHz, 1920 MHz, 335.12 W, 73, P2, 0x0000000000000000
2026/09/26 13:20:35.994, 0, 20748 MiB, 78 %, 1920 MHz, 1920 MHz, 259.26 W, 72, P2, 0x0000000000000000
2026/09/26 13:20:36.994, 0, 20748 MiB, 77 %, 1920 MHz, 1920 MHz, 330.75 W, 73, P2, 0x0000000000000000
2026/09/26 13:20:37.994, 0, 20748 MiB, 80 %, 1920 MHz, 1920 MHz, 334.97 W, 74, P2, 0x0000000000000004
2026/09/26 13:20:38.995, 0, 20748 MiB, 77 %, 1920 MHz, 1920 MHz, 289.51 W, 73, P2, 0x0000000000000004
2026/09/26 13:20:39.995, 0, 20748 MiB, 78 %, 1920 MHz, 1920 MHz, 335.19 W, 74, P2, 0x0000000000000000
2026/09/26 13:20:40.995, 0, 20748 MiB, 77 %, 1920 MHz, 1920 MHz, 335.51 W, 74, P2, 0x0000000000000004
2026/09/26 13:20:41.995, 0, 20748 MiB, 80 %, 1920 MHz, 1920 MHz, 303.15 W, 74, P2, 0x0000000000000004
2026/09/26 13:20:42.995, 0, 20748 MiB, 79 %, 1920 MHz, 1920 MHz, 333.88 W, 75, P2, 0x0000000000000004
2026/09/26 13:20:43.995, 0, 20748 MiB, 79 %, 1920 MHz, 1920 MHz, 333.26 W, 75, P2, 0x0000000000000004
2026/09/26 13:20:44.995, 0, 20748 MiB, 78 %, 1920 MHz, 1920 MHz, 303.28 W, 75, P2, 0x0000000000000000
2026/09/26 13:20:45.995, 0, 20748 MiB, 79 %, 1920 MHz, 1920 MHz, 334.15 W, 76, P2, 0x0000000000000004
2026/09/26 13:20:46.996, 0, 20748 MiB, 80 %, 1920 MHz, 1920 MHz, 335.27 W, 76, P2, 0x0000000000000000
2026/09/26 13:20:47.996, 0, 20748 MiB, 78 %, 1920 MHz, 1920 MHz, 296.92 W, 76, P2, 0x0000000000000000
2026/09/26 13:20:48.996, 0, 20748 MiB, 78 %, 1920 MHz, 1920 MHz, 336.46 W, 77, P2, 0x0000000000000000
2026/09/26 13:20:49.996, 0, 20748 MiB, 79 %, 1920 MHz, 1920 MHz, 338.79 W, 77, P2, 0x0000000000000000
2026/09/26 13:20:50.996, 0, 20748 MiB, 78 %, 1920 MHz, 1920 MHz, 296.89 W, 77, P2, 0x0000000000000000
2026/09/26 13:20:51.996, 0, 20748 MiB, 79 %, 1920 MHz, 1920 MHz, 334.93 W, 77, P2, 0x0000000000000004
2026/09/26 13:20:52.996, 0, 20748 MiB, 79 %, 1905 MHz, 1905 MHz, 331.22 W, 77, P2, 0x0000000000000000
2026/09/26 13:20:53.997, 0, 178 MiB, 0 %, 1920 MHz, 1920 MHz, 218.17 W, 70, P0, 0x0000000000000024
2026/09/26 13:20:54.997, 0, 178 MiB, 0 %, 1920 MHz, 1920 MHz, 179.47 W, 69, P0, 0x0000000000000000
2026/09/26 13:20:55.997, 0, 181 MiB, 0 %, 1920 MHz, 1920 MHz, 179.47 W, 69, P0, 0x0000000000000000
2026/09/26 13:20:57.026, 0, 442 MiB, 0 %, 1935 MHz, 1935 MHz, 154.37 W, 66, P2, 0x0000000000000000
2026/09/26 13:20:58.026, 0, 442 MiB, 0 %, 1935 MHz, 1935 MHz, 170.95 W, 65, P2, 0x0000000000000000
2026/09/26 13:20:59.026, 0, 442 MiB, 0 %, 1695 MHz, 1695 MHz, 167.07 W, 63, P2, 0x0000000000000000
2026/09/26 13:21:00.026, 0, 442 MiB, 0 %, 1695 MHz, 1695 MHz, 136.19 W, 62, P2, 0x0000000000000000
2026/09/26 13:21:01.026, 0, 442 MiB, 6 %, 1695 MHz, 1695 MHz, 134.97 W, 62, P2, 0x0000000000000000
2026/09/26 13:21:02.027, 0, 20068 MiB, 0 %, 1935 MHz, 1935 MHz, 140.09 W, 62, P2, 0x0000000000000000
2026/09/26 13:21:03.027, 0, 20068 MiB, 100 %, 1935 MHz, 1935 MHz, 171.29 W, 63, P2, 0x0000000000000000
2026/09/26 13:21:04.027, 0, 20068 MiB, 100 %, 1935 MHz, 1935 MHz, 170.65 W, 63, P2, 0x0000000000000000
2026/09/26 13:21:05.027, 0, 20068 MiB, 99 %, 1935 MHz, 1935 MHz, 170.71 W, 63, P2, 0x0000000000000000
2026/09/26 13:21:06.027, 0, 20068 MiB, 100 %, 1935 MHz, 1935 MHz, 168.83 W, 62, P2, 0x0000000000000000
2026/09/26 13:21:07.028, 0, 20068 MiB, 100 %, 1935 MHz, 1935 MHz, 170.13 W, 62, P2, 0x0000000000000000
2026/09/26 13:21:08.028, 0, 20068 MiB, 99 %, 1935 MHz, 1935 MHz, 169.35 W, 62, P2, 0x0000000000000000
2026/09/26 13:21:09.028, 0, 20068 MiB, 100 %, 1935 MHz, 1935 MHz, 169.57 W, 62, P2, 0x0000000000000000
2026/09/26 13:21:10.028, 0, 20068 MiB, 99 %, 1935 MHz, 1935 MHz, 168.99 W, 61, P2, 0x0000000000000000
2026/09/26 13:21:11.028, 0, 20068 MiB, 100 %, 1935 MHz, 1935 MHz, 168.42 W, 61, P2, 0x0000000000000000
2026/09/26 13:21:12.028, 0, 20710 MiB, 64 %, 1935 MHz, 1935 MHz, 168.72 W, 61, P2, 0x0000000000000000
2026/09/26 13:21:13.029, 0, 20740 MiB, 66 %, 1935 MHz, 1935 MHz, 258.72 W, 67, P2, 0x0000000000000000
2026/09/26 13:21:14.029, 0, 20740 MiB, 67 %, 1935 MHz, 1935 MHz, 302.95 W, 67, P2, 0x0000000000000000
2026/09/26 13:21:15.029, 0, 20740 MiB, 65 %, 1935 MHz, 1935 MHz, 302.49 W, 68, P2, 0x0000000000000000
2026/09/26 13:21:16.029, 0, 20740 MiB, 65 %, 1935 MHz, 1935 MHz, 264.26 W, 68, P2, 0x0000000000000000
2026/09/26 13:21:17.029, 0, 20740 MiB, 66 %, 1935 MHz, 1935 MHz, 302.14 W, 68, P2, 0x0000000000000000
2026/09/26 13:21:18.030, 0, 20740 MiB, 66 %, 1935 MHz, 1935 MHz, 303.52 W, 69, P2, 0x0000000000000000
2026/09/26 13:21:19.030, 0, 20740 MiB, 30 %, 1935 MHz, 1935 MHz, 281.70 W, 65, P2, 0x0000000000000000
2026/09/26 13:21:20.030, 0, 20740 MiB, 66 %, 1935 MHz, 1935 MHz, 271.61 W, 69, P2, 0x0000000000000000
2026/09/26 13:21:21.030, 0, 20740 MiB, 66 %, 1935 MHz, 1935 MHz, 303.39 W, 69, P2, 0x0000000000000000
2026/09/26 13:21:22.030, 0, 20740 MiB, 66 %, 1935 MHz, 1935 MHz, 303.99 W, 70, P2, 0x0000000000000000
2026/09/26 13:21:23.030, 0, 20740 MiB, 65 %, 1935 MHz, 1935 MHz, 257.91 W, 69, P2, 0x0000000000000000
2026/09/26 13:21:24.031, 0, 20740 MiB, 65 %, 1935 MHz, 1935 MHz, 303.23 W, 70, P2, 0x0000000000000000
2026/09/26 13:21:25.031, 0, 20740 MiB, 59 %, 1935 MHz, 1935 MHz, 303.59 W, 70, P2, 0x0000000000000000
2026/09/26 13:21:26.031, 0, 20740 MiB, 64 %, 1935 MHz, 1935 MHz, 270.30 W, 68, P2, 0x0000000000000000
2026/09/26 13:21:27.031, 0, 20740 MiB, 66 %, 1935 MHz, 1935 MHz, 280.01 W, 70, P2, 0x0000000000000000
2026/09/26 13:21:28.031, 0, 20740 MiB, 65 %, 1935 MHz, 1935 MHz, 304.99 W, 70, P2, 0x0000000000000000
2026/09/26 13:21:29.031, 0, 20740 MiB, 65 %, 1935 MHz, 1935 MHz, 305.75 W, 71, P2, 0x0000000000000000
2026/09/26 13:21:30.033, 0, 20748 MiB, 58 %, 1920 MHz, 1920 MHz, 231.08 W, 69, P2, 0x0000000000000000
2026/09/26 13:21:31.033, 0, 20748 MiB, 66 %, 1935 MHz, 1935 MHz, 304.66 W, 71, P2, 0x0000000000000000
2026/09/26 13:21:32.033, 0, 20748 MiB, 66 %, 1935 MHz, 1935 MHz, 307.82 W, 71, P2, 0x0000000000000000
2026/09/26 13:21:33.033, 0, 20748 MiB, 66 %, 1935 MHz, 1935 MHz, 310.86 W, 71, P2, 0x0000000000000000
2026/09/26 13:21:34.034, 0, 20748 MiB, 66 %, 1935 MHz, 1935 MHz, 262.37 W, 71, P2, 0x0000000000000000
2026/09/26 13:21:35.034, 0, 20748 MiB, 65 %, 1935 MHz, 1935 MHz, 309.97 W, 72, P2, 0x0000000000000000
2026/09/26 13:21:36.034, 0, 20748 MiB, 66 %, 1935 MHz, 1935 MHz, 309.82 W, 72, P2, 0x0000000000000000
2026/09/26 13:21:37.034, 0, 20748 MiB, 66 %, 1920 MHz, 1920 MHz, 268.59 W, 71, P2, 0x0000000000000004
2026/09/26 13:21:38.034, 0, 20748 MiB, 65 %, 1935 MHz, 1935 MHz, 307.03 W, 72, P2, 0x0000000000000000
2026/09/26 13:21:39.034, 0, 20748 MiB, 66 %, 1935 MHz, 1935 MHz, 311.33 W, 72, P2, 0x0000000000000000
2026/09/26 13:21:40.035, 0, 20748 MiB, 32 %, 1935 MHz, 1935 MHz, 304.67 W, 70, P2, 0x0000000000000000
2026/09/26 13:21:41.035, 0, 20748 MiB, 66 %, 1935 MHz, 1935 MHz, 267.38 W, 72, P2, 0x0000000000000000
2026/09/26 13:21:42.035, 0, 20748 MiB, 66 %, 1935 MHz, 1935 MHz, 311.70 W, 73, P2, 0x0000000000000000
2026/09/26 13:21:43.035, 0, 20748 MiB, 66 %, 1935 MHz, 1935 MHz, 311.56 W, 73, P2, 0x0000000000000000
2026/09/26 13:21:44.035, 0, 20748 MiB, 66 %, 1920 MHz, 1920 MHz, 262.02 W, 72, P2, 0x0000000000000004
2026/09/26 13:21:45.036, 0, 20748 MiB, 66 %, 1935 MHz, 1935 MHz, 308.23 W, 73, P2, 0x0000000000000000
2026/09/26 13:21:46.036, 0, 20748 MiB, 66 %, 1935 MHz, 1935 MHz, 313.58 W, 74, P2, 0x0000000000000000
2026/09/26 13:21:47.036, 0, 20748 MiB, 0 %, 1935 MHz, 1935 MHz, 299.50 W, 70, P2, 0x0000000000000000
2026/09/26 13:21:48.036, 0, 20748 MiB, 65 %, 1935 MHz, 1935 MHz, 270.57 W, 74, P2, 0x0000000000000000
2026/09/26 13:21:49.036, 0, 20748 MiB, 65 %, 1935 MHz, 1935 MHz, 314.34 W, 74, P2, 0x0000000000000000
2026/09/26 13:21:50.036, 0, 20748 MiB, 68 %, 1935 MHz, 1935 MHz, 313.34 W, 74, P2, 0x0000000000000000
2026/09/26 13:21:51.037, 0, 178 MiB, 100 %, 1935 MHz, 1935 MHz, 237.87 W, 69, P2, 0x0000000000000000
2026/09/26 13:21:52.037, 0, 178 MiB, 0 %, 1935 MHz, 1935 MHz, 178.56 W, 67, P0, 0x0000000000000001
2026/09/26 13:21:53.037, 0, 178 MiB, 0 %, 1935 MHz, 1935 MHz, 171.81 W, 66, P3, 0x0000000000000001
2026/09/26 13:21:54.038, 0, 442 MiB, 0 %, 705 MHz, 705 MHz, 145.30 W, 62, P0, 0x0000000000000000
2026/09/26 13:21:55.038, 0, 442 MiB, 0 %, 1935 MHz, 1935 MHz, 164.72 W, 65, P2, 0x0000000000000000
2026/09/26 13:21:56.038, 0, 442 MiB, 0 %, 1935 MHz, 1935 MHz, 170.17 W, 64, P2, 0x0000000000000000
2026/09/26 13:21:57.038, 0, 442 MiB, 8 %, 1695 MHz, 1695 MHz, 149.81 W, 62, P2, 0x0000000000000000
2026/09/26 13:21:58.038, 0, 442 MiB, 0 %, 1695 MHz, 1695 MHz, 134.07 W, 62, P2, 0x0000000000000000
2026/09/26 13:21:59.039, 0, 20068 MiB, 0 %, 1695 MHz, 1695 MHz, 134.11 W, 61, P2, 0x0000000000000000
2026/09/26 13:22:00.039, 0, 20068 MiB, 99 %, 1935 MHz, 1935 MHz, 153.35 W, 62, P2, 0x0000000000000000
2026/09/26 13:22:01.039, 0, 20068 MiB, 99 %, 1935 MHz, 1935 MHz, 169.11 W, 63, P2, 0x0000000000000000
2026/09/26 13:22:02.039, 0, 20068 MiB, 100 %, 1935 MHz, 1935 MHz, 169.73 W, 62, P2, 0x0000000000000000
2026/09/26 13:22:03.039, 0, 20068 MiB, 99 %, 1935 MHz, 1935 MHz, 169.91 W, 62, P2, 0x0000000000000000
2026/09/26 13:22:04.039, 0, 20068 MiB, 100 %, 1935 MHz, 1935 MHz, 168.96 W, 62, P2, 0x0000000000000000
2026/09/26 13:22:05.040, 0, 20068 MiB, 99 %, 1935 MHz, 1935 MHz, 169.17 W, 62, P2, 0x0000000000000000
2026/09/26 13:22:06.040, 0, 20068 MiB, 100 %, 1935 MHz, 1935 MHz, 168.82 W, 62, P2, 0x0000000000000000
2026/09/26 13:22:07.040, 0, 20068 MiB, 100 %, 1935 MHz, 1935 MHz, 168.57 W, 62, P2, 0x0000000000000000
2026/09/26 13:22:08.040, 0, 20068 MiB, 99 %, 1935 MHz, 1935 MHz, 168.53 W, 62, P2, 0x0000000000000000
2026/09/26 13:22:09.040, 0, 20068 MiB, 100 %, 1935 MHz, 1935 MHz, 168.18 W, 61, P2, 0x0000000000000000
2026/09/26 13:22:10.041, 0, 20740 MiB, 99 %, 1935 MHz, 1935 MHz, 168.29 W, 61, P2, 0x0000000000000000
2026/09/26 13:22:11.041, 0, 20740 MiB, 66 %, 1935 MHz, 1935 MHz, 259.24 W, 67, P2, 0x0000000000000000
2026/09/26 13:22:12.041, 0, 20740 MiB, 64 %, 1935 MHz, 1935 MHz, 305.04 W, 68, P2, 0x0000000000000000
2026/09/26 13:22:13.054, 0, 20740 MiB, 66 %, 1935 MHz, 1935 MHz, 304.34 W, 68, P2, 0x0000000000000000
2026/09/26 13:22:14.055, 0, 20740 MiB, 14 %, 1935 MHz, 1935 MHz, 262.52 W, 67, P2, 0x0000000000000000
2026/09/26 13:22:15.055, 0, 20740 MiB, 64 %, 1935 MHz, 1935 MHz, 302.65 W, 69, P2, 0x0000000000000000
2026/09/26 13:22:16.055, 0, 20740 MiB, 67 %, 1935 MHz, 1935 MHz, 304.09 W, 69, P2, 0x0000000000000000
2026/09/26 13:22:17.055, 0, 20740 MiB, 64 %, 1935 MHz, 1935 MHz, 288.29 W, 69, P2, 0x0000000000000000
2026/09/26 13:22:18.055, 0, 20740 MiB, 64 %, 1935 MHz, 1935 MHz, 266.62 W, 69, P2, 0x0000000000000000
2026/09/26 13:22:19.055, 0, 20740 MiB, 67 %, 1935 MHz, 1935 MHz, 304.50 W, 69, P2, 0x0000000000000000
2026/09/26 13:22:20.056, 0, 20740 MiB, 65 %, 1935 MHz, 1935 MHz, 303.34 W, 70, P2, 0x0000000000000000
2026/09/26 13:22:21.056, 0, 20740 MiB, 42 %, 1935 MHz, 1935 MHz, 261.02 W, 69, P2, 0x0000000000000000
2026/09/26 13:22:22.056, 0, 20740 MiB, 65 %, 1935 MHz, 1935 MHz, 304.82 W, 70, P2, 0x0000000000000000
2026/09/26 13:22:23.056, 0, 20740 MiB, 65 %, 1935 MHz, 1935 MHz, 304.03 W, 70, P2, 0x0000000000000000
2026/09/26 13:22:24.056, 0, 20740 MiB, 64 %, 1935 MHz, 1935 MHz, 270.63 W, 66, P2, 0x0000000000000004
2026/09/26 13:22:25.057, 0, 20740 MiB, 64 %, 1935 MHz, 1935 MHz, 285.69 W, 70, P2, 0x0000000000000000
2026/09/26 13:22:26.057, 0, 20740 MiB, 67 %, 1935 MHz, 1935 MHz, 305.77 W, 71, P2, 0x0000000000000000
2026/09/26 13:22:27.057, 0, 20748 MiB, 66 %, 1935 MHz, 1935 MHz, 308.45 W, 71, P2, 0x0000000000000000
2026/09/26 13:22:28.057, 0, 20748 MiB, 81 %, 1935 MHz, 1935 MHz, 232.73 W, 68, P2, 0x0000000000000000
2026/09/26 13:22:29.057, 0, 20748 MiB, 66 %, 1935 MHz, 1935 MHz, 308.44 W, 71, P2, 0x0000000000000000
2026/09/26 13:22:30.057, 0, 20748 MiB, 67 %, 1935 MHz, 1935 MHz, 308.88 W, 71, P2, 0x0000000000000000
2026/09/26 13:22:31.058, 0, 20748 MiB, 65 %, 1935 MHz, 1935 MHz, 300.45 W, 72, P2, 0x0000000000000000
2026/09/26 13:22:32.058, 0, 20748 MiB, 67 %, 1935 MHz, 1935 MHz, 270.48 W, 71, P2, 0x0000000000000000
2026/09/26 13:22:33.058, 0, 20748 MiB, 66 %, 1935 MHz, 1935 MHz, 310.33 W, 72, P2, 0x0000000000000000
2026/09/26 13:22:34.058, 0, 20748 MiB, 61 %, 1935 MHz, 1935 MHz, 310.35 W, 72, P2, 0x0000000000000000
2026/09/26 13:22:35.058, 0, 20748 MiB, 0 %, 1920 MHz, 1920 MHz, 268.44 W, 71, P2, 0x0000000000000000
2026/09/26 13:22:36.058, 0, 20748 MiB, 65 %, 1935 MHz, 1935 MHz, 309.42 W, 72, P2, 0x0000000000000000
2026/09/26 13:22:37.059, 0, 20748 MiB, 67 %, 1935 MHz, 1935 MHz, 311.12 W, 73, P2, 0x0000000000000000
2026/09/26 13:22:38.059, 0, 20748 MiB, 65 %, 1935 MHz, 1935 MHz, 288.10 W, 70, P2, 0x0000000000000000
2026/09/26 13:22:39.059, 0, 20748 MiB, 67 %, 1935 MHz, 1935 MHz, 283.50 W, 73, P2, 0x0000000000000000
2026/09/26 13:22:40.059, 0, 20748 MiB, 65 %, 1935 MHz, 1935 MHz, 312.36 W, 73, P2, 0x0000000000000000
2026/09/26 13:22:41.059, 0, 20748 MiB, 64 %, 1935 MHz, 1935 MHz, 312.75 W, 74, P2, 0x0000000000000000
2026/09/26 13:22:42.060, 0, 20748 MiB, 62 %, 1935 MHz, 1935 MHz, 266.53 W, 73, P2, 0x0000000000000000
2026/09/26 13:22:43.060, 0, 20748 MiB, 66 %, 1935 MHz, 1935 MHz, 312.66 W, 74, P2, 0x0000000000000000
2026/09/26 13:22:44.060, 0, 20748 MiB, 65 %, 1935 MHz, 1935 MHz, 313.72 W, 74, P2, 0x0000000000000000
2026/09/26 13:22:45.060, 0, 20748 MiB, 66 %, 1935 MHz, 1935 MHz, 282.46 W, 70, P2, 0x0000000000000000
2026/09/26 13:22:46.060, 0, 20748 MiB, 67 %, 1935 MHz, 1935 MHz, 286.28 W, 74, P2, 0x0000000000000000
2026/09/26 13:22:47.060, 0, 20748 MiB, 65 %, 1935 MHz, 1935 MHz, 315.30 W, 74, P2, 0x0000000000000000
2026/09/26 13:22:48.061, 0, 488 MiB, 67 %, 1935 MHz, 1935 MHz, 315.27 W, 75, P2, 0x0000000000000000
2026/09/26 13:22:49.061, 0, 178 MiB, 81 %, 1935 MHz, 1935 MHz, 224.11 W, 69, P0, 0x0000000000000000
2026/09/26 13:22:50.061, 0, 178 MiB, 0 %, 1935 MHz, 1935 MHz, 177.57 W, 68, P0, 0x0000000000000000
2026/09/26 13:22:51.061, 0, 442 MiB, 0 %, 1935 MHz, 1935 MHz, 167.21 W, 66, P3, 0x0000000000000001
2026/09/26 13:22:52.271, 0, 442 MiB, 0 %, 1950 MHz, 1950 MHz, 153.86 W, 65, P2, 0x0000000000000000
2026/09/26 13:22:53.271, 0, 442 MiB, 0 %, 1695 MHz, 1695 MHz, 169.31 W, 65, P2, 0x0000000000000000
2026/09/26 13:22:54.272, 0, 442 MiB, 0 %, 1695 MHz, 1695 MHz, 135.46 W, 62, P2, 0x0000000000000000
2026/09/26 13:22:55.272, 0, 20068 MiB, 0 %, 1950 MHz, 1950 MHz, 151.68 W, 62, P2, 0x0000000000000000
2026/09/26 13:22:56.272, 0, 20068 MiB, 100 %, 1950 MHz, 1950 MHz, 169.45 W, 64, P2, 0x0000000000000000
2026/09/26 13:22:57.297, 0, 20068 MiB, 99 %, 1950 MHz, 1950 MHz, 173.03 W, 63, P2, 0x0000000000000000
2026/09/26 13:22:58.297, 0, 20068 MiB, 100 %, 1950 MHz, 1950 MHz, 172.53 W, 63, P2, 0x0000000000000000
2026/09/26 13:22:59.297, 0, 20068 MiB, 100 %, 1950 MHz, 1950 MHz, 172.39 W, 63, P2, 0x0000000000000000
2026/09/26 13:23:00.297, 0, 20068 MiB, 100 %, 1950 MHz, 1950 MHz, 171.97 W, 63, P2, 0x0000000000000000
2026/09/26 13:23:01.298, 0, 20068 MiB, 100 %, 1950 MHz, 1950 MHz, 172.01 W, 63, P2, 0x0000000000000000
2026/09/26 13:23:02.298, 0, 20068 MiB, 100 %, 1950 MHz, 1950 MHz, 171.78 W, 62, P2, 0x0000000000000000
2026/09/26 13:23:03.298, 0, 20068 MiB, 100 %, 1950 MHz, 1950 MHz, 171.60 W, 62, P2, 0x0000000000000000
2026/09/26 13:23:04.298, 0, 20068 MiB, 100 %, 1950 MHz, 1950 MHz, 171.38 W, 62, P2, 0x0000000000000000
2026/09/26 13:23:05.298, 0, 20068 MiB, 99 %, 1950 MHz, 1950 MHz, 171.02 W, 62, P2, 0x0000000000000000
2026/09/26 13:23:06.298, 0, 20068 MiB, 100 %, 1950 MHz, 1950 MHz, 171.08 W, 62, P2, 0x0000000000000000
2026/09/26 13:23:07.298, 0, 20740 MiB, 78 %, 1950 MHz, 1950 MHz, 257.03 W, 68, P2, 0x0000000000000000
2026/09/26 13:23:08.299, 0, 20740 MiB, 79 %, 1950 MHz, 1950 MHz, 330.88 W, 69, P2, 0x0000000000000000
2026/09/26 13:23:09.299, 0, 20740 MiB, 78 %, 1935 MHz, 1935 MHz, 328.55 W, 70, P2, 0x0000000000000000
2026/09/26 13:23:10.299, 0, 20740 MiB, 76 %, 1935 MHz, 1935 MHz, 297.78 W, 70, P2, 0x0000000000000000
2026/09/26 13:23:11.299, 0, 20740 MiB, 79 %, 1935 MHz, 1935 MHz, 332.03 W, 71, P2, 0x0000000000000000
2026/09/26 13:23:12.299, 0, 20740 MiB, 11 %, 1935 MHz, 1935 MHz, 318.99 W, 71, P2, 0x0000000000000000
2026/09/26 13:23:13.299, 0, 20740 MiB, 79 %, 1935 MHz, 1935 MHz, 296.50 W, 72, P2, 0x0000000000000000
2026/09/26 13:23:14.299, 0, 20740 MiB, 80 %, 1935 MHz, 1935 MHz, 338.46 W, 72, P2, 0x0000000000000000
2026/09/26 13:23:15.299, 0, 20740 MiB, 68 %, 1935 MHz, 1935 MHz, 301.55 W, 68, P2, 0x0000000000000000
2026/09/26 13:23:16.300, 0, 20740 MiB, 79 %, 1935 MHz, 1935 MHz, 315.58 W, 72, P2, 0x0000000000000000
2026/09/26 13:23:17.300, 0, 20740 MiB, 75 %, 1935 MHz, 1935 MHz, 338.14 W, 73, P2, 0x0000000000000000
2026/09/26 13:23:18.300, 0, 20740 MiB, 64 %, 1935 MHz, 1935 MHz, 292.46 W, 70, P2, 0x0000000000000004
2026/09/26 13:23:19.304, 0, 20740 MiB, 79 %, 1935 MHz, 1935 MHz, 324.53 W, 73, P2, 0x0000000000000000
2026/09/26 13:23:20.304, 0, 20740 MiB, 79 %, 1935 MHz, 1935 MHz, 338.76 W, 74, P2, 0x0000000000000000
2026/09/26 13:23:21.304, 0, 20748 MiB, 100 %, 1770 MHz, 1770 MHz, 283.72 W, 71, P2, 0x0000000000000004
2026/09/26 13:23:22.304, 0, 20748 MiB, 79 %, 1935 MHz, 1935 MHz, 291.73 W, 74, P2, 0x0000000000000004
2026/09/26 13:23:23.304, 0, 20748 MiB, 78 %, 1920 MHz, 1920 MHz, 334.87 W, 74, P2, 0x0000000000000004
2026/09/26 13:23:24.304, 0, 20748 MiB, 53 %, 1920 MHz, 1920 MHz, 310.56 W, 72, P2, 0x0000000000000004
2026/09/26 13:23:25.304, 0, 20748 MiB, 78 %, 1920 MHz, 1920 MHz, 322.18 W, 75, P2, 0x0000000000000004
2026/09/26 13:23:26.305, 0, 20748 MiB, 79 %, 1920 MHz, 1920 MHz, 339.34 W, 75, P2, 0x0000000000000004
2026/09/26 13:23:27.305, 0, 20748 MiB, 78 %, 1920 MHz, 1920 MHz, 308.77 W, 73, P2, 0x0000000000000004
2026/09/26 13:23:28.305, 0, 20748 MiB, 78 %, 1920 MHz, 1920 MHz, 338.89 W, 76, P2, 0x0000000000000004
2026/09/26 13:23:29.305, 0, 20748 MiB, 78 %, 1920 MHz, 1920 MHz, 339.49 W, 76, P2, 0x0000000000000004
2026/09/26 13:23:30.305, 0, 20748 MiB, 78 %, 1920 MHz, 1920 MHz, 303.10 W, 75, P2, 0x0000000000000004
2026/09/26 13:23:31.305, 0, 20748 MiB, 77 %, 1920 MHz, 1920 MHz, 340.62 W, 77, P2, 0x0000000000000004
2026/09/26 13:23:32.305, 0, 20748 MiB, 77 %, 1920 MHz, 1920 MHz, 341.04 W, 77, P2, 0x0000000000000004
2026/09/26 13:23:33.305, 0, 20748 MiB, 79 %, 1920 MHz, 1920 MHz, 301.66 W, 77, P2, 0x0000000000000004
2026/09/26 13:23:34.306, 0, 20748 MiB, 79 %, 1920 MHz, 1920 MHz, 346.77 W, 78, P2, 0x0000000000000004
2026/09/26 13:23:35.306, 0, 20748 MiB, 79 %, 1905 MHz, 1905 MHz, 339.54 W, 78, P2, 0x0000000000000004
2026/09/26 13:23:36.306, 0, 20748 MiB, 79 %, 1920 MHz, 1920 MHz, 304.95 W, 78, P2, 0x0000000000000004
2026/09/26 13:23:37.306, 0, 20748 MiB, 79 %, 1920 MHz, 1920 MHz, 342.68 W, 79, P2, 0x0000000000000004
2026/09/26 13:23:38.306, 0, 20748 MiB, 80 %, 1905 MHz, 1905 MHz, 336.04 W, 79, P2, 0x0000000000000004
2026/09/26 13:23:39.306, 0, 178 MiB, 0 %, 1920 MHz, 1920 MHz, 213.38 W, 71, P0, 0x0000000000000000
2026/09/26 13:23:40.307, 0, 178 MiB, 0 %, 1920 MHz, 1920 MHz, 175.27 W, 69, P0, 0x0000000000000000
2026/09/26 13:23:41.307, 0, 181 MiB, 0 %, 1920 MHz, 1920 MHz, 175.27 W, 69, P3, 0x0000000000000000
2026/09/26 13:23:42.355, 0, 442 MiB, 0 %, 1935 MHz, 1935 MHz, 167.34 W, 66, P2, 0x0000000000000000
2026/09/26 13:23:43.355, 0, 442 MiB, 0 %, 1935 MHz, 1935 MHz, 174.22 W, 65, P2, 0x0000000000000000
2026/09/26 13:23:44.356, 0, 442 MiB, 0 %, 1695 MHz, 1695 MHz, 151.64 W, 63, P2, 0x0000000000000000
2026/09/26 13:23:45.356, 0, 442 MiB, 0 %, 1695 MHz, 1695 MHz, 137.06 W, 62, P2, 0x0000000000000000
2026/09/26 13:23:46.356, 0, 442 MiB, 0 %, 1695 MHz, 1695 MHz, 136.12 W, 62, P2, 0x0000000000000000
2026/09/26 13:23:47.357, 0, 19140 MiB, 100 %, 1950 MHz, 1950 MHz, 150.70 W, 63, P2, 0x0000000000000000
2026/09/26 13:23:48.357, 0, 19140 MiB, 100 %, 1950 MHz, 1950 MHz, 173.28 W, 63, P2, 0x0000000000000000
2026/09/26 13:23:49.357, 0, 19140 MiB, 100 %, 1950 MHz, 1950 MHz, 172.82 W, 63, P2, 0x0000000000000000
2026/09/26 13:23:50.357, 0, 19140 MiB, 100 %, 1950 MHz, 1950 MHz, 172.51 W, 63, P2, 0x0000000000000000
2026/09/26 13:23:51.357, 0, 19140 MiB, 99 %, 1950 MHz, 1950 MHz, 172.02 W, 63, P2, 0x0000000000000000
2026/09/26 13:23:52.358, 0, 19140 MiB, 99 %, 1950 MHz, 1950 MHz, 171.81 W, 62, P2, 0x0000000000000000
2026/09/26 13:23:53.358, 0, 19140 MiB, 100 %, 1950 MHz, 1950 MHz, 171.61 W, 62, P2, 0x0000000000000000
2026/09/26 13:23:54.358, 0, 19140 MiB, 100 %, 1950 MHz, 1950 MHz, 171.01 W, 62, P2, 0x0000000000000000
2026/09/26 13:23:55.358, 0, 19140 MiB, 100 %, 1950 MHz, 1950 MHz, 170.83 W, 62, P2, 0x0000000000000000
2026/09/26 13:23:56.358, 0, 19140 MiB, 99 %, 1950 MHz, 1950 MHz, 170.97 W, 62, P2, 0x0000000000000000
2026/09/26 13:23:57.359, 0, 19140 MiB, 100 %, 1950 MHz, 1950 MHz, 170.46 W, 62, P2, 0x0000000000000000
2026/09/26 13:23:58.359, 0, 20284 MiB, 2 %, 1950 MHz, 1950 MHz, 172.38 W, 62, P2, 0x0000000000000000
2026/09/26 13:23:59.359, 0, 22314 MiB, 0 %, 1950 MHz, 1950 MHz, 171.53 W, 62, P2, 0x0000000000000000
2026/09/26 13:24:00.359, 0, 22366 MiB, 64 %, 1950 MHz, 1950 MHz, 220.93 W, 65, P2, 0x0000000000000000
2026/09/26 13:24:01.359, 0, 22366 MiB, 66 %, 1950 MHz, 1950 MHz, 299.82 W, 67, P2, 0x0000000000000000
2026/09/26 13:24:02.359, 0, 22366 MiB, 62 %, 1950 MHz, 1950 MHz, 299.56 W, 68, P2, 0x0000000000000000
2026/09/26 13:24:03.359, 0, 22366 MiB, 61 %, 1950 MHz, 1950 MHz, 264.62 W, 68, P2, 0x0000000000000000
2026/09/26 13:24:04.360, 0, 22366 MiB, 62 %, 1950 MHz, 1950 MHz, 302.01 W, 68, P2, 0x0000000000000004
2026/09/26 13:24:05.360, 0, 22366 MiB, 64 %, 1935 MHz, 1935 MHz, 297.93 W, 68, P2, 0x0000000000000000
2026/09/26 13:24:06.360, 0, 22366 MiB, 62 %, 1935 MHz, 1935 MHz, 265.41 W, 68, P2, 0x0000000000000000
2026/09/26 13:24:07.360, 0, 22366 MiB, 61 %, 1935 MHz, 1935 MHz, 302.61 W, 69, P2, 0x0000000000000000
2026/09/26 13:24:08.360, 0, 22366 MiB, 12 %, 1935 MHz, 1935 MHz, 290.75 W, 69, P2, 0x0000000000000000
2026/09/26 13:24:09.361, 0, 22382 MiB, 64 %, 1935 MHz, 1935 MHz, 255.27 W, 69, P2, 0x0000000000000000
2026/09/26 13:24:10.361, 0, 22382 MiB, 62 %, 1935 MHz, 1935 MHz, 302.45 W, 69, P2, 0x0000000000000000
2026/09/26 13:24:11.361, 0, 22382 MiB, 35 %, 1935 MHz, 1935 MHz, 297.24 W, 70, P2, 0x0000000000000000
2026/09/26 13:24:12.361, 0, 22382 MiB, 66 %, 1935 MHz, 1935 MHz, 256.96 W, 69, P2, 0x0000000000000000
2026/09/26 13:24:13.361, 0, 22382 MiB, 62 %, 1935 MHz, 1935 MHz, 301.27 W, 70, P2, 0x0000000000000000
2026/09/26 13:24:14.361, 0, 22388 MiB, 98 %, 1935 MHz, 1935 MHz, 271.24 W, 69, P2, 0x0000000000000004
2026/09/26 13:24:15.362, 0, 22388 MiB, 63 %, 1935 MHz, 1935 MHz, 230.89 W, 69, P2, 0x0000000000000000
2026/09/26 13:24:16.362, 0, 22388 MiB, 57 %, 1935 MHz, 1935 MHz, 299.87 W, 70, P2, 0x0000000000000000
2026/09/26 13:24:17.362, 0, 22388 MiB, 40 %, 1935 MHz, 1935 MHz, 286.11 W, 68, P2, 0x0000000000000000
2026/09/26 13:24:18.362, 0, 22388 MiB, 64 %, 1935 MHz, 1935 MHz, 269.20 W, 70, P2, 0x0000000000000000
2026/09/26 13:24:19.362, 0, 22388 MiB, 60 %, 1935 MHz, 1935 MHz, 303.26 W, 70, P2, 0x0000000000000000
2026/09/26 13:24:20.363, 0, 22388 MiB, 46 %, 1935 MHz, 1935 MHz, 280.53 W, 67, P2, 0x0000000000000004
2026/09/26 13:24:21.363, 0, 22388 MiB, 62 %, 1935 MHz, 1935 MHz, 286.24 W, 70, P2, 0x0000000000000000
2026/09/26 13:24:22.363, 0, 22388 MiB, 60 %, 1935 MHz, 1935 MHz, 301.02 W, 71, P2, 0x0000000000000000
2026/09/26 13:24:23.363, 0, 22388 MiB, 62 %, 1935 MHz, 1935 MHz, 269.85 W, 70, P2, 0x0000000000000000
2026/09/26 13:24:24.363, 0, 22388 MiB, 62 %, 1935 MHz, 1935 MHz, 304.08 W, 71, P2, 0x0000000000000048
2026/09/26 13:24:25.363, 0, 22388 MiB, 62 %, 1935 MHz, 1935 MHz, 306.07 W, 71, P2, 0x0000000000000000
2026/09/26 13:24:26.364, 0, 22388 MiB, 61 %, 1935 MHz, 1935 MHz, 270.99 W, 71, P2, 0x0000000000000000
2026/09/26 13:24:27.364, 0, 22388 MiB, 62 %, 1935 MHz, 1935 MHz, 307.39 W, 71, P2, 0x0000000000000000
2026/09/26 13:24:28.364, 0, 22388 MiB, 64 %, 1935 MHz, 1935 MHz, 306.26 W, 72, P2, 0x0000000000000000
2026/09/26 13:24:29.364, 0, 22388 MiB, 63 %, 1935 MHz, 1935 MHz, 269.88 W, 71, P2, 0x0000000000000000
2026/09/26 13:24:30.364, 0, 22388 MiB, 66 %, 1935 MHz, 1935 MHz, 306.81 W, 72, P2, 0x0000000000000000
2026/09/26 13:24:31.364, 0, 22388 MiB, 61 %, 1935 MHz, 1935 MHz, 308.27 W, 72, P2, 0x0000000000000000
2026/09/26 13:24:32.365, 0, 178 MiB, 0 %, 1935 MHz, 1935 MHz, 189.43 W, 66, P0, 0x0000000000000000
2026/09/26 13:24:33.365, 0, 178 MiB, 0 %, 1935 MHz, 1935 MHz, 168.25 W, 65, P0, 0x0000000000000000
2026/09/26 13:24:34.365, 0, 181 MiB, 0 %, 1935 MHz, 1935 MHz, 168.25 W, 65, P0, 0x0000000000000000
2026/09/26 13:24:35.657, 0, 442 MiB, 0 %, 1950 MHz, 1950 MHz, 130.42 W, 64, P2, 0x0000000000000000
2026/09/26 13:24:36.657, 0, 442 MiB, 0 %, 1950 MHz, 1950 MHz, 170.61 W, 63, P2, 0x0000000000000000
2026/09/26 13:24:37.657, 0, 442 MiB, 10 %, 1695 MHz, 1695 MHz, 146.70 W, 61, P2, 0x0000000000000000
2026/09/26 13:24:38.658, 0, 19140 MiB, 100 %, 1950 MHz, 1950 MHz, 138.93 W, 62, P2, 0x0000000000000000
2026/09/26 13:24:39.658, 0, 19140 MiB, 100 %, 1950 MHz, 1950 MHz, 156.10 W, 63, P2, 0x0000000000000000
2026/09/26 13:24:40.659, 0, 19140 MiB, 100 %, 1950 MHz, 1950 MHz, 169.14 W, 62, P2, 0x0000000000000000
2026/09/26 13:24:41.659, 0, 19140 MiB, 100 %, 1950 MHz, 1950 MHz, 169.31 W, 62, P2, 0x0000000000000000
2026/09/26 13:24:42.659, 0, 19140 MiB, 99 %, 1950 MHz, 1950 MHz, 168.59 W, 62, P2, 0x0000000000000000
2026/09/26 13:24:43.659, 0, 19140 MiB, 99 %, 1950 MHz, 1950 MHz, 165.92 W, 62, P2, 0x0000000000000000
2026/09/26 13:24:44.659, 0, 19140 MiB, 100 %, 1950 MHz, 1950 MHz, 164.99 W, 61, P2, 0x0000000000000000
2026/09/26 13:24:45.659, 0, 19140 MiB, 99 %, 1950 MHz, 1950 MHz, 161.14 W, 61, P2, 0x0000000000000000
2026/09/26 13:24:46.659, 0, 20284 MiB, 100 %, 1950 MHz, 1950 MHz, 158.38 W, 61, P2, 0x0000000000000000
2026/09/26 13:24:47.660, 0, 22366 MiB, 75 %, 1950 MHz, 1950 MHz, 192.35 W, 66, P2, 0x0000000000000000
2026/09/26 13:24:48.660, 0, 22366 MiB, 77 %, 1935 MHz, 1935 MHz, 322.93 W, 68, P2, 0x0000000000000000
2026/09/26 13:24:49.660, 0, 22366 MiB, 36 %, 1935 MHz, 1935 MHz, 316.24 W, 66, P2, 0x0000000000000004
2026/09/26 13:24:50.660, 0, 22366 MiB, 36 %, 1935 MHz, 1935 MHz, 300.90 W, 69, P2, 0x0000000000000004
2026/09/26 13:24:51.660, 0, 22366 MiB, 78 %, 1935 MHz, 1935 MHz, 330.80 W, 70, P2, 0x0000000000000004
2026/09/26 13:24:52.660, 0, 22366 MiB, 76 %, 1935 MHz, 1935 MHz, 299.63 W, 70, P2, 0x0000000000000000
2026/09/26 13:24:53.660, 0, 22366 MiB, 79 %, 1935 MHz, 1935 MHz, 333.65 W, 71, P2, 0x0000000000000004
2026/09/26 13:24:54.660, 0, 22382 MiB, 73 %, 1935 MHz, 1935 MHz, 285.97 W, 70, P2, 0x0000000000000004
2026/09/26 13:24:55.660, 0, 22382 MiB, 78 %, 1935 MHz, 1935 MHz, 329.30 W, 71, P2, 0x0000000000000004
2026/09/26 13:24:56.661, 0, 22382 MiB, 80 %, 1935 MHz, 1935 MHz, 336.23 W, 72, P2, 0x0000000000000004
2026/09/26 13:24:57.661, 0, 22382 MiB, 78 %, 1935 MHz, 1935 MHz, 287.37 W, 72, P2, 0x0000000000000004
2026/09/26 13:24:58.661, 0, 22382 MiB, 77 %, 1935 MHz, 1935 MHz, 335.20 W, 72, P2, 0x0000000000000004
2026/09/26 13:24:59.661, 0, 22388 MiB, 44 %, 1935 MHz, 1935 MHz, 235.76 W, 66, P2, 0x0000000000000000
2026/09/26 13:25:00.661, 0, 22388 MiB, 77 %, 1935 MHz, 1935 MHz, 307.70 W, 72, P2, 0x0000000000000004
2026/09/26 13:25:01.661, 0, 22388 MiB, 73 %, 1920 MHz, 1920 MHz, 327.95 W, 71, P2, 0x0000000000000000
2026/09/26 13:25:02.661, 0, 22388 MiB, 76 %, 1920 MHz, 1920 MHz, 292.84 W, 72, P2, 0x0000000000000004
2026/09/26 13:25:03.661, 0, 22388 MiB, 78 %, 1920 MHz, 1920 MHz, 331.46 W, 73, P2, 0x0000000000000004
2026/09/26 13:25:04.661, 0, 22388 MiB, 76 %, 1920 MHz, 1920 MHz, 305.28 W, 73, P2, 0x0000000000000004
2026/09/26 13:25:05.662, 0, 22388 MiB, 76 %, 1920 MHz, 1920 MHz, 333.54 W, 74, P2, 0x0000000000000004
2026/09/26 13:25:06.662, 0, 22388 MiB, 76 %, 1920 MHz, 1920 MHz, 298.50 W, 74, P2, 0x0000000000000004
2026/09/26 13:25:07.662, 0, 22388 MiB, 80 %, 1905 MHz, 1905 MHz, 333.99 W, 74, P2, 0x0000000000000004
2026/09/26 13:25:08.662, 0, 22388 MiB, 75 %, 1890 MHz, 1890 MHz, 295.84 W, 72, P2, 0x0000000000000004
2026/09/26 13:25:09.662, 0, 22388 MiB, 82 %, 1905 MHz, 1905 MHz, 321.69 W, 74, P2, 0x0000000000000004
2026/09/26 13:25:10.662, 0, 22388 MiB, 82 %, 1905 MHz, 1905 MHz, 328.23 W, 75, P2, 0x0000000000000004
2026/09/26 13:25:11.662, 0, 22388 MiB, 75 %, 1920 MHz, 1920 MHz, 303.21 W, 75, P2, 0x0000000000000004
2026/09/26 13:25:12.662, 0, 22388 MiB, 79 %, 1905 MHz, 1905 MHz, 331.84 W, 75, P2, 0x0000000000000004
2026/09/26 13:25:13.662, 0, 510 MiB, 67 %, 1920 MHz, 1920 MHz, 294.63 W, 71, P2, 0x0000000000000004
2026/09/26 13:25:14.663, 0, 178 MiB, 0 %, 1920 MHz, 1920 MHz, 174.14 W, 68, P0, 0x0000000000000000
2026/09/26 13:25:15.663, 0, 178 MiB, 0 %, 1935 MHz, 1935 MHz, 171.50 W, 67, P0, 0x0000000000000024
2026/09/26 13:25:16.663, 0, 442 MiB, 0 %, 390 MHz, 390 MHz, 158.84 W, 63, P0, 0x0000000000000000
2026/09/26 13:25:17.663, 0, 442 MiB, 0 %, 1935 MHz, 1935 MHz, 151.70 W, 65, P2, 0x0000000000000000
2026/09/26 13:25:18.663, 0, 442 MiB, 0 %, 1935 MHz, 1935 MHz, 171.56 W, 64, P2, 0x0000000000000000
2026/09/26 13:25:19.663, 0, 442 MiB, 0 %, 1695 MHz, 1695 MHz, 147.34 W, 62, P2, 0x0000000000000000
2026/09/26 13:25:20.664, 0, 19140 MiB, 0 %, 1950 MHz, 1950 MHz, 140.48 W, 63, P2, 0x0000000000000000
2026/09/26 13:25:21.664, 0, 19140 MiB, 100 %, 1950 MHz, 1950 MHz, 172.32 W, 63, P2, 0x0000000000000000
2026/09/26 13:25:22.664, 0, 19140 MiB, 99 %, 1950 MHz, 1950 MHz, 169.85 W, 63, P2, 0x0000000000000000
2026/09/26 13:25:23.664, 0, 19140 MiB, 99 %, 1950 MHz, 1950 MHz, 163.70 W, 62, P2, 0x0000000000000000
2026/09/26 13:25:24.664, 0, 19140 MiB, 99 %, 1950 MHz, 1950 MHz, 160.71 W, 62, P2, 0x0000000000000000
2026/09/26 13:25:25.664, 0, 19140 MiB, 99 %, 1950 MHz, 1950 MHz, 160.50 W, 62, P2, 0x0000000000000000
2026/09/26 13:25:26.664, 0, 19140 MiB, 100 %, 1950 MHz, 1950 MHz, 160.15 W, 61, P2, 0x0000000000000000
2026/09/26 13:25:27.665, 0, 22332 MiB, 100 %, 1950 MHz, 1950 MHz, 161.58 W, 61, P2, 0x0000000000000000
2026/09/26 13:25:28.665, 0, 22366 MiB, 42 %, 1950 MHz, 1950 MHz, 249.38 W, 67, P2, 0x0000000000000004
2026/09/26 13:25:29.665, 0, 22366 MiB, 78 %, 1935 MHz, 1935 MHz, 328.15 W, 69, P2, 0x0000000000000004
2026/09/26 13:25:30.665, 0, 22366 MiB, 79 %, 1935 MHz, 1935 MHz, 300.60 W, 68, P2, 0x0000000000000004
2026/09/26 13:25:31.665, 0, 22366 MiB, 79 %, 1935 MHz, 1935 MHz, 331.99 W, 70, P2, 0x0000000000000004
2026/09/26 13:25:32.665, 0, 22366 MiB, 77 %, 1920 MHz, 1920 MHz, 320.47 W, 71, P2, 0x0000000000000004
2026/09/26 13:25:33.665, 0, 22366 MiB, 76 %, 1935 MHz, 1935 MHz, 298.95 W, 71, P2, 0x0000000000000004
2026/09/26 13:25:34.665, 0, 22366 MiB, 76 %, 1935 MHz, 1935 MHz, 331.80 W, 71, P2, 0x0000000000000004
2026/09/26 13:25:35.666, 0, 22382 MiB, 66 %, 1935 MHz, 1935 MHz, 288.39 W, 71, P2, 0x0000000000000004
2026/09/26 13:25:36.666, 0, 22382 MiB, 79 %, 1920 MHz, 1920 MHz, 329.93 W, 72, P2, 0x0000000000000004
2026/09/26 13:25:37.666, 0, 22382 MiB, 77 %, 1920 MHz, 1920 MHz, 307.31 W, 70, P2, 0x0000000000000004
2026/09/26 13:25:38.666, 0, 22382 MiB, 76 %, 1920 MHz, 1920 MHz, 299.89 W, 72, P2, 0x0000000000000004
2026/09/26 13:25:39.666, 0, 22388 MiB, 76 %, 1920 MHz, 1920 MHz, 333.84 W, 73, P2, 0x0000000000000004
2026/09/26 13:25:40.666, 0, 22388 MiB, 99 %, 1935 MHz, 1935 MHz, 231.42 W, 71, P2, 0x0000000000000000
2026/09/26 13:25:41.666, 0, 22388 MiB, 77 %, 1920 MHz, 1920 MHz, 328.60 W, 72, P2, 0x0000000000000004
2026/09/26 13:25:42.666, 0, 22388 MiB, 78 %, 1920 MHz, 1920 MHz, 304.17 W, 70, P2, 0x0000000000000004
2026/09/26 13:25:43.667, 0, 22388 MiB, 77 %, 1920 MHz, 1920 MHz, 305.00 W, 72, P2, 0x0000000000000004
2026/09/26 13:25:44.667, 0, 22388 MiB, 78 %, 1920 MHz, 1920 MHz, 326.62 W, 73, P2, 0x0000000000000004
2026/09/26 13:25:45.667, 0, 22388 MiB, 66 %, 1920 MHz, 1920 MHz, 292.33 W, 73, P2, 0x0000000000000004
2026/09/26 13:25:46.667, 0, 22388 MiB, 78 %, 1920 MHz, 1920 MHz, 325.12 W, 74, P2, 0x0000000000000004
2026/09/26 13:25:47.667, 0, 22388 MiB, 77 %, 1920 MHz, 1920 MHz, 295.43 W, 73, P2, 0x0000000000000004
2026/09/26 13:25:48.667, 0, 22388 MiB, 79 %, 1920 MHz, 1920 MHz, 323.85 W, 74, P2, 0x0000000000000004
2026/09/26 13:25:49.667, 0, 22388 MiB, 79 %, 1920 MHz, 1920 MHz, 329.71 W, 74, P2, 0x0000000000000004
2026/09/26 13:25:50.667, 0, 22388 MiB, 77 %, 1920 MHz, 1920 MHz, 292.53 W, 74, P2, 0x0000000000000004
2026/09/26 13:25:51.668, 0, 22388 MiB, 81 %, 1920 MHz, 1920 MHz, 328.76 W, 75, P2, 0x0000000000000004
2026/09/26 13:25:52.668, 0, 22388 MiB, 79 %, 1920 MHz, 1920 MHz, 301.26 W, 72, P2, 0x0000000000000000
2026/09/26 13:25:53.668, 0, 22388 MiB, 79 %, 1920 MHz, 1920 MHz, 315.99 W, 75, P2, 0x0000000000000004
2026/09/26 13:25:54.668, 0, 22388 MiB, 79 %, 1920 MHz, 1920 MHz, 332.94 W, 76, P2, 0x0000000000000004
2026/09/26 13:25:55.668, 0, 178 MiB, 0 %, 1920 MHz, 1920 MHz, 243.74 W, 70, P0, 0x0000000000000000
2026/09/26 13:25:56.669, 0, 178 MiB, 0 %, 1920 MHz, 1920 MHz, 170.90 W, 67, P0, 0x0000000000000024
2026/09/26 13:25:57.669, 0, 181 MiB, 0 %, 1920 MHz, 1920 MHz, 165.68 W, 67, P3, 0x0000000000000001
2026/09/26 13:25:58.769, 0, 442 MiB, 0 %, 1935 MHz, 1935 MHz, 150.62 W, 65, P2, 0x0000000000000000
2026/09/26 13:25:59.769, 0, 442 MiB, 0 %, 1935 MHz, 1935 MHz, 172.14 W, 65, P2, 0x0000000000000000
2026/09/26 13:26:00.769, 0, 442 MiB, 0 %, 1695 MHz, 1695 MHz, 166.00 W, 63, P2, 0x0000000000000000
2026/09/26 13:26:01.769, 0, 442 MiB, 22 %, 1695 MHz, 1695 MHz, 135.07 W, 62, P2, 0x0000000000000000
2026/09/26 13:26:02.769, 0, 442 MiB, 0 %, 1695 MHz, 1695 MHz, 135.68 W, 62, P2, 0x0000000000000000
2026/09/26 13:26:03.770, 0, 19140 MiB, 0 %, 1695 MHz, 1695 MHz, 133.63 W, 61, P2, 0x0000000000000000
2026/09/26 13:26:04.770, 0, 19140 MiB, 100 %, 1950 MHz, 1950 MHz, 163.19 W, 63, P2, 0x0000000000000000
2026/09/26 13:26:05.770, 0, 19140 MiB, 100 %, 1950 MHz, 1950 MHz, 169.89 W, 63, P2, 0x0000000000000000
2026/09/26 13:26:06.770, 0, 19140 MiB, 99 %, 1950 MHz, 1950 MHz, 169.98 W, 62, P2, 0x0000000000000000
2026/09/26 13:26:07.770, 0, 19140 MiB, 99 %, 1950 MHz, 1950 MHz, 168.28 W, 62, P2, 0x0000000000000000
2026/09/26 13:26:08.770, 0, 19140 MiB, 99 %, 1950 MHz, 1950 MHz, 170.04 W, 62, P2, 0x0000000000000000
2026/09/26 13:26:09.771, 0, 19140 MiB, 100 %, 1950 MHz, 1950 MHz, 168.07 W, 62, P2, 0x0000000000000000
2026/09/26 13:26:10.771, 0, 19140 MiB, 100 %, 1950 MHz, 1950 MHz, 168.29 W, 62, P2, 0x0000000000000000
2026/09/26 13:26:11.771, 0, 19140 MiB, 99 %, 1950 MHz, 1950 MHz, 169.07 W, 62, P2, 0x0000000000000000
2026/09/26 13:26:12.771, 0, 19140 MiB, 100 %, 1950 MHz, 1950 MHz, 167.73 W, 61, P2, 0x0000000000000000
2026/09/26 13:26:13.771, 0, 21190 MiB, 99 %, 1950 MHz, 1950 MHz, 168.41 W, 61, P2, 0x0000000000000000
2026/09/26 13:26:14.772, 0, 22332 MiB, 94 %, 1950 MHz, 1950 MHz, 171.66 W, 61, P2, 0x0000000000000000
2026/09/26 13:26:15.772, 0, 22366 MiB, 26 %, 1950 MHz, 1950 MHz, 223.37 W, 66, P2, 0x0000000000000000
2026/09/26 13:26:16.772, 0, 22366 MiB, 63 %, 1950 MHz, 1950 MHz, 298.22 W, 67, P2, 0x0000000000000000
2026/09/26 13:26:17.772, 0, 22366 MiB, 61 %, 1935 MHz, 1935 MHz, 294.29 W, 67, P2, 0x0000000000000000
2026/09/26 13:26:18.772, 0, 22366 MiB, 57 %, 1935 MHz, 1935 MHz, 265.28 W, 67, P2, 0x0000000000000000
2026/09/26 13:26:19.773, 0, 22366 MiB, 65 %, 1935 MHz, 1935 MHz, 297.59 W, 68, P2, 0x0000000000000048
2026/09/26 13:26:20.773, 0, 22366 MiB, 62 %, 1935 MHz, 1935 MHz, 291.96 W, 68, P2, 0x0000000000000000
2026/09/26 13:26:21.773, 0, 22366 MiB, 63 %, 1935 MHz, 1935 MHz, 263.75 W, 69, P2, 0x0000000000000000
2026/09/26 13:26:22.773, 0, 22366 MiB, 62 %, 1935 MHz, 1935 MHz, 298.86 W, 69, P2, 0x0000000000000000
2026/09/26 13:26:23.773, 0, 22382 MiB, 63 %, 1935 MHz, 1935 MHz, 275.18 W, 66, P2, 0x0000000000000000
2026/09/26 13:26:24.773, 0, 22382 MiB, 62 %, 1935 MHz, 1935 MHz, 264.51 W, 69, P2, 0x0000000000000000
2026/09/26 13:26:25.774, 0, 22382 MiB, 64 %, 1935 MHz, 1935 MHz, 298.61 W, 69, P2, 0x0000000000000000
2026/09/26 13:26:26.774, 0, 22382 MiB, 63 %, 1935 MHz, 1935 MHz, 281.54 W, 67, P2, 0x0000000000000000
2026/09/26 13:26:27.774, 0, 22382 MiB, 64 %, 1935 MHz, 1935 MHz, 259.15 W, 69, P2, 0x0000000000000000
2026/09/26 13:26:28.774, 0, 22382 MiB, 60 %, 1935 MHz, 1935 MHz, 297.52 W, 69, P2, 0x0000000000000000
2026/09/26 13:26:29.774, 0, 22388 MiB, 63 %, 1800 MHz, 1800 MHz, 256.46 W, 67, P2, 0x0000000000000004
2026/09/26 13:26:30.774, 0, 22388 MiB, 57 %, 1935 MHz, 1935 MHz, 235.64 W, 69, P2, 0x0000000000000000
2026/09/26 13:26:31.775, 0, 22388 MiB, 60 %, 1935 MHz, 1935 MHz, 297.14 W, 69, P2, 0x0000000000000000
2026/09/26 13:26:32.775, 0, 22388 MiB, 62 %, 1935 MHz, 1935 MHz, 274.03 W, 67, P2, 0x0000000000000004
2026/09/26 13:26:33.775, 0, 22388 MiB, 63 %, 1935 MHz, 1935 MHz, 285.30 W, 70, P2, 0x0000000000000000
2026/09/26 13:26:34.775, 0, 22388 MiB, 62 %, 1935 MHz, 1935 MHz, 299.09 W, 70, P2, 0x0000000000000000
2026/09/26 13:26:35.775, 0, 22388 MiB, 60 %, 1875 MHz, 1875 MHz, 266.44 W, 67, P2, 0x0000000000000004
2026/09/26 13:26:36.776, 0, 22388 MiB, 61 %, 1935 MHz, 1935 MHz, 291.30 W, 70, P2, 0x0000000000000000
2026/09/26 13:26:37.776, 0, 22388 MiB, 61 %, 1935 MHz, 1935 MHz, 297.96 W, 70, P2, 0x0000000000000000
2026/09/26 13:26:38.776, 0, 22388 MiB, 69 %, 1935 MHz, 1935 MHz, 263.79 W, 70, P2, 0x0000000000000000
2026/09/26 13:26:39.776, 0, 22388 MiB, 65 %, 1935 MHz, 1935 MHz, 300.94 W, 71, P2, 0x0000000000000000
2026/09/26 13:26:40.776, 0, 22388 MiB, 63 %, 1935 MHz, 1935 MHz, 295.73 W, 71, P2, 0x0000000000000000
2026/09/26 13:26:41.776, 0, 22388 MiB, 63 %, 1935 MHz, 1935 MHz, 267.37 W, 71, P2, 0x0000000000000000
2026/09/26 13:26:42.777, 0, 22388 MiB, 64 %, 1935 MHz, 1935 MHz, 303.80 W, 71, P2, 0x0000000000000000
2026/09/26 13:26:43.777, 0, 22388 MiB, 61 %, 1935 MHz, 1935 MHz, 300.57 W, 71, P2, 0x0000000000000000
2026/09/26 13:26:44.777, 0, 22388 MiB, 61 %, 1935 MHz, 1935 MHz, 266.56 W, 71, P2, 0x0000000000000000
2026/09/26 13:26:45.777, 0, 22388 MiB, 64 %, 1935 MHz, 1935 MHz, 303.67 W, 72, P2, 0x0000000000000000
2026/09/26 13:26:46.777, 0, 510 MiB, 61 %, 1935 MHz, 1935 MHz, 295.58 W, 69, P2, 0x0000000000000000
2026/09/26 13:26:47.778, 0, 178 MiB, 100 %, 1935 MHz, 1935 MHz, 175.93 W, 66, P0, 0x0000000000000000
2026/09/26 13:26:48.778, 0, 178 MiB, 0 %, 1935 MHz, 1935 MHz, 166.33 W, 65, P0, 0x0000000000000000
2026/09/26 13:26:49.778, 0, 442 MiB, 0 %, 420 MHz, 420 MHz, 136.17 W, 61, P0, 0x0000000000000000
2026/09/26 13:26:50.800, 0, 442 MiB, 0 %, 1950 MHz, 1950 MHz, 162.43 W, 63, P2, 0x0000000000000000
2026/09/26 13:26:51.800, 0, 442 MiB, 6 %, 1950 MHz, 1950 MHz, 169.21 W, 63, P2, 0x0000000000000000
2026/09/26 13:26:52.800, 0, 442 MiB, 7 %, 1695 MHz, 1695 MHz, 148.99 W, 61, P2, 0x0000000000000000
2026/09/26 13:26:53.800, 0, 20068 MiB, 100 %, 1950 MHz, 1950 MHz, 141.13 W, 62, P2, 0x0000000000000000
2026/09/26 13:26:54.800, 0, 20068 MiB, 100 %, 1950 MHz, 1950 MHz, 169.57 W, 62, P2, 0x0000000000000000
2026/09/26 13:26:55.801, 0, 20068 MiB, 100 %, 1950 MHz, 1950 MHz, 168.11 W, 62, P2, 0x0000000000000000
2026/09/26 13:26:56.801, 0, 20068 MiB, 100 %, 1950 MHz, 1950 MHz, 168.20 W, 62, P2, 0x0000000000000000
2026/09/26 13:26:57.801, 0, 20068 MiB, 100 %, 1950 MHz, 1950 MHz, 167.19 W, 62, P2, 0x0000000000000000
2026/09/26 13:26:58.801, 0, 20068 MiB, 100 %, 1950 MHz, 1950 MHz, 168.52 W, 62, P2, 0x0000000000000000
2026/09/26 13:26:59.801, 0, 20068 MiB, 100 %, 1950 MHz, 1950 MHz, 169.00 W, 62, P2, 0x0000000000000000
2026/09/26 13:27:00.801, 0, 20068 MiB, 100 %, 1950 MHz, 1950 MHz, 167.65 W, 62, P2, 0x0000000000000000
2026/09/26 13:27:01.802, 0, 20068 MiB, 100 %, 1950 MHz, 1950 MHz, 166.74 W, 61, P2, 0x0000000000000000
2026/09/26 13:27:02.802, 0, 20068 MiB, 100 %, 1950 MHz, 1950 MHz, 167.38 W, 61, P2, 0x0000000000000000
2026/09/26 13:27:03.802, 0, 20068 MiB, 100 %, 1950 MHz, 1950 MHz, 167.36 W, 61, P2, 0x0000000000000000
2026/09/26 13:27:04.802, 0, 20724 MiB, 100 %, 1950 MHz, 1950 MHz, 167.60 W, 61, P2, 0x0000000000000000
2026/09/26 13:27:05.803, 0, 20740 MiB, 0 %, 1950 MHz, 1950 MHz, 215.23 W, 66, P2, 0x0000000000000000
2026/09/26 13:27:06.803, 0, 20740 MiB, 78 %, 1935 MHz, 1935 MHz, 328.72 W, 68, P2, 0x0000000000000000
2026/09/26 13:27:07.803, 0, 20740 MiB, 78 %, 1935 MHz, 1935 MHz, 334.33 W, 69, P2, 0x0000000000000000
2026/09/26 13:27:08.803, 0, 20740 MiB, 68 %, 1935 MHz, 1935 MHz, 301.89 W, 69, P2, 0x0000000000000000
2026/09/26 13:27:09.803, 0, 20740 MiB, 79 %, 1935 MHz, 1935 MHz, 334.25 W, 70, P2, 0x0000000000000000
2026/09/26 13:27:10.803, 0, 20740 MiB, 80 %, 1935 MHz, 1935 MHz, 337.47 W, 71, P2, 0x0000000000000000
2026/09/26 13:27:11.803, 0, 20740 MiB, 75 %, 1935 MHz, 1935 MHz, 290.32 W, 70, P2, 0x0000000000000000
2026/09/26 13:27:12.804, 0, 20740 MiB, 78 %, 1935 MHz, 1935 MHz, 331.80 W, 71, P2, 0x0000000000000000
2026/09/26 13:27:13.804, 0, 20740 MiB, 79 %, 1920 MHz, 1920 MHz, 329.20 W, 71, P2, 0x0000000000000000
2026/09/26 13:27:14.804, 0, 20740 MiB, 78 %, 1920 MHz, 1920 MHz, 285.81 W, 71, P2, 0x0000000000000000
2026/09/26 13:27:15.804, 0, 20740 MiB, 79 %, 1920 MHz, 1920 MHz, 335.91 W, 72, P2, 0x0000000000000000
2026/09/26 13:27:16.804, 0, 20740 MiB, 79 %, 1920 MHz, 1920 MHz, 321.22 W, 69, P2, 0x0000000000000000
2026/09/26 13:27:17.804, 0, 20740 MiB, 77 %, 1920 MHz, 1920 MHz, 287.77 W, 72, P2, 0x0000000000000000
2026/09/26 13:27:18.804, 0, 20740 MiB, 80 %, 1920 MHz, 1920 MHz, 335.31 W, 73, P2, 0x0000000000000000
2026/09/26 13:27:19.805, 0, 20748 MiB, 79 %, 1920 MHz, 1920 MHz, 306.45 W, 69, P2, 0x0000000000000000
2026/09/26 13:27:20.805, 0, 20748 MiB, 78 %, 1920 MHz, 1920 MHz, 273.43 W, 72, P2, 0x0000000000000000
2026/09/26 13:27:21.805, 0, 20748 MiB, 79 %, 1920 MHz, 1920 MHz, 331.88 W, 73, P2, 0x0000000000000000
2026/09/26 13:27:22.805, 0, 20748 MiB, 79 %, 1920 MHz, 1920 MHz, 329.32 W, 71, P2, 0x0000000000000004
2026/09/26 13:27:23.805, 0, 20748 MiB, 78 %, 1920 MHz, 1920 MHz, 293.54 W, 74, P2, 0x0000000000000000
2026/09/26 13:27:24.806, 0, 20748 MiB, 78 %, 1920 MHz, 1920 MHz, 336.39 W, 74, P2, 0x0000000000000000
2026/09/26 13:27:25.806, 0, 20748 MiB, 79 %, 1920 MHz, 1920 MHz, 314.55 W, 71, P2, 0x0000000000000000
2026/09/26 13:27:26.806, 0, 20748 MiB, 78 %, 1920 MHz, 1920 MHz, 308.12 W, 74, P2, 0x0000000000000000
2026/09/26 13:27:27.806, 0, 20748 MiB, 79 %, 1920 MHz, 1920 MHz, 334.70 W, 75, P2, 0x0000000000000004
2026/09/26 13:27:28.806, 0, 20748 MiB, 79 %, 1905 MHz, 1905 MHz, 305.16 W, 73, P2, 0x0000000000000004
2026/09/26 13:27:29.807, 0, 20748 MiB, 78 %, 1920 MHz, 1920 MHz, 310.68 W, 75, P2, 0x0000000000000004
2026/09/26 13:27:30.807, 0, 20748 MiB, 79 %, 1920 MHz, 1920 MHz, 332.57 W, 76, P2, 0x0000000000000004
2026/09/26 13:27:31.807, 0, 20748 MiB, 79 %, 1920 MHz, 1920 MHz, 300.78 W, 72, P2, 0x0000000000000004
2026/09/26 13:27:32.807, 0, 20748 MiB, 77 %, 1920 MHz, 1920 MHz, 319.62 W, 76, P2, 0x0000000000000004
2026/09/26 13:27:33.808, 0, 20748 MiB, 79 %, 1920 MHz, 1920 MHz, 332.94 W, 76, P2, 0x0000000000000004
2026/09/26 13:27:34.808, 0, 20748 MiB, 80 %, 1920 MHz, 1920 MHz, 294.62 W, 73, P2, 0x0000000000000000
2026/09/26 13:27:35.808, 0, 20748 MiB, 78 %, 1920 MHz, 1920 MHz, 327.35 W, 77, P2, 0x0000000000000000
2026/09/26 13:27:36.808, 0, 20748 MiB, 80 %, 1920 MHz, 1920 MHz, 338.40 W, 77, P2, 0x0000000000000004
2026/09/26 13:27:37.809, 0, 178 MiB, 79 %, 1905 MHz, 1905 MHz, 288.36 W, 72, P2, 0x0000000000000000
2026/09/26 13:27:38.809, 0, 178 MiB, 0 %, 1920 MHz, 1920 MHz, 183.76 W, 69, P0, 0x0000000000000000
2026/09/26 13:27:39.809, 0, 178 MiB, 0 %, 1920 MHz, 1920 MHz, 179.40 W, 69, P0, 0x0000000000000000
2026/09/26 13:27:40.810, 0, 442 MiB, 0 %, 1935 MHz, 1935 MHz, 161.92 W, 66, P2, 0x0000000000000000
2026/09/26 13:27:41.810, 0, 442 MiB, 0 %, 1935 MHz, 1935 MHz, 174.32 W, 66, P2, 0x0000000000000000
2026/09/26 13:27:42.810, 0, 442 MiB, 0 %, 1695 MHz, 1695 MHz, 167.21 W, 64, P2, 0x0000000000000000
2026/09/26 13:27:43.810, 0, 442 MiB, 0 %, 1695 MHz, 1695 MHz, 136.90 W, 63, P2, 0x0000000000000000
2026/09/26 13:27:44.810, 0, 442 MiB, 0 %, 1695 MHz, 1695 MHz, 136.03 W, 62, P2, 0x0000000000000000
2026/09/26 13:27:45.811, 0, 20068 MiB, 0 %, 1935 MHz, 1935 MHz, 139.16 W, 62, P2, 0x0000000000000000
2026/09/26 13:27:46.811, 0, 20068 MiB, 100 %, 1935 MHz, 1935 MHz, 168.69 W, 63, P2, 0x0000000000000000
2026/09/26 13:27:47.811, 0, 20068 MiB, 99 %, 1935 MHz, 1935 MHz, 171.93 W, 63, P2, 0x0000000000000000
2026/09/26 13:27:48.811, 0, 20068 MiB, 100 %, 1935 MHz, 1935 MHz, 170.78 W, 63, P2, 0x0000000000000000
2026/09/26 13:27:49.811, 0, 20068 MiB, 99 %, 1935 MHz, 1935 MHz, 170.35 W, 63, P2, 0x0000000000000000
2026/09/26 13:27:50.812, 0, 20068 MiB, 100 %, 1935 MHz, 1935 MHz, 171.14 W, 62, P2, 0x0000000000000000
2026/09/26 13:27:51.812, 0, 20068 MiB, 99 %, 1935 MHz, 1935 MHz, 169.70 W, 62, P2, 0x0000000000000000
2026/09/26 13:27:52.812, 0, 20068 MiB, 100 %, 1935 MHz, 1935 MHz, 168.49 W, 62, P2, 0x0000000000000000
2026/09/26 13:27:53.812, 0, 20068 MiB, 100 %, 1935 MHz, 1935 MHz, 168.92 W, 62, P2, 0x0000000000000000
2026/09/26 13:27:54.812, 0, 20068 MiB, 99 %, 1935 MHz, 1935 MHz, 169.18 W, 62, P2, 0x0000000000000000
2026/09/26 13:27:55.813, 0, 20068 MiB, 100 %, 1935 MHz, 1935 MHz, 168.32 W, 61, P2, 0x0000000000000000
2026/09/26 13:27:56.813, 0, 20726 MiB, 99 %, 1935 MHz, 1935 MHz, 170.79 W, 61, P2, 0x0000000000000000
2026/09/26 13:27:57.813, 0, 20740 MiB, 66 %, 1935 MHz, 1935 MHz, 257.07 W, 67, P2, 0x0000000000000000
2026/09/26 13:27:58.813, 0, 20740 MiB, 67 %, 1935 MHz, 1935 MHz, 299.07 W, 67, P2, 0x0000000000000000
2026/09/26 13:27:59.813, 0, 20740 MiB, 64 %, 1935 MHz, 1935 MHz, 298.53 W, 68, P2, 0x0000000000000000
2026/09/26 13:28:00.814, 0, 20740 MiB, 0 %, 1935 MHz, 1935 MHz, 261.83 W, 68, P2, 0x0000000000000000
2026/09/26 13:28:01.814, 0, 20740 MiB, 65 %, 1935 MHz, 1935 MHz, 302.85 W, 69, P2, 0x0000000000000000
2026/09/26 13:28:02.814, 0, 20740 MiB, 66 %, 1935 MHz, 1935 MHz, 303.18 W, 69, P2, 0x0000000000000000
2026/09/26 13:28:03.814, 0, 20740 MiB, 65 %, 1935 MHz, 1935 MHz, 275.33 W, 66, P2, 0x0000000000000000
2026/09/26 13:28:04.814, 0, 20740 MiB, 65 %, 1935 MHz, 1935 MHz, 279.06 W, 69, P2, 0x0000000000000000
2026/09/26 13:28:05.815, 0, 20740 MiB, 65 %, 1935 MHz, 1935 MHz, 304.21 W, 69, P2, 0x0000000000000000
2026/09/26 13:28:06.815, 0, 20740 MiB, 64 %, 1935 MHz, 1935 MHz, 303.04 W, 70, P2, 0x0000000000000000
2026/09/26 13:28:07.815, 0, 20740 MiB, 42 %, 1935 MHz, 1935 MHz, 257.82 W, 69, P2, 0x0000000000000000
2026/09/26 13:28:08.815, 0, 20740 MiB, 66 %, 1935 MHz, 1935 MHz, 304.43 W, 70, P2, 0x0000000000000000
2026/09/26 13:28:09.815, 0, 20740 MiB, 65 %, 1935 MHz, 1935 MHz, 303.72 W, 70, P2, 0x0000000000000000
2026/09/26 13:28:10.816, 0, 20740 MiB, 66 %, 1935 MHz, 1935 MHz, 266.75 W, 66, P2, 0x0000000000000004
2026/09/26 13:28:11.816, 0, 20740 MiB, 67 %, 1935 MHz, 1935 MHz, 291.19 W, 70, P2, 0x0000000000000000
2026/09/26 13:28:12.816, 0, 20740 MiB, 65 %, 1935 MHz, 1935 MHz, 305.33 W, 70, P2, 0x0000000000000000
2026/09/26 13:28:13.816, 0, 20740 MiB, 66 %, 1935 MHz, 1935 MHz, 307.65 W, 71, P2, 0x0000000000000000
2026/09/26 13:28:14.817, 0, 20748 MiB, 91 %, 1920 MHz, 1920 MHz, 229.35 W, 68, P2, 0x0000000000000000
2026/09/26 13:28:15.817, 0, 20748 MiB, 65 %, 1935 MHz, 1935 MHz, 305.58 W, 71, P2, 0x0000000000000000
2026/09/26 13:28:16.817, 0, 20748 MiB, 66 %, 1935 MHz, 1935 MHz, 308.03 W, 71, P2, 0x0000000000000000
2026/09/26 13:28:17.817, 0, 20748 MiB, 66 %, 1935 MHz, 1935 MHz, 302.35 W, 71, P2, 0x0000000000000000
2026/09/26 13:28:18.817, 0, 20748 MiB, 66 %, 1935 MHz, 1935 MHz, 264.66 W, 71, P2, 0x0000000000000000
2026/09/26 13:28:19.818, 0, 20748 MiB, 66 %, 1935 MHz, 1935 MHz, 309.98 W, 72, P2, 0x0000000000000000
2026/09/26 13:28:20.818, 0, 20748 MiB, 66 %, 1935 MHz, 1935 MHz, 310.36 W, 72, P2, 0x0000000000000000
2026/09/26 13:28:21.818, 0, 20748 MiB, 5 %, 1920 MHz, 1920 MHz, 264.65 W, 69, P2, 0x0000000000000004
2026/09/26 13:28:22.818, 0, 20748 MiB, 66 %, 1935 MHz, 1935 MHz, 307.30 W, 72, P2, 0x0000000000000000
2026/09/26 13:28:23.818, 0, 20748 MiB, 66 %, 1935 MHz, 1935 MHz, 311.28 W, 72, P2, 0x0000000000000000
2026/09/26 13:28:24.819, 0, 20748 MiB, 66 %, 1935 MHz, 1935 MHz, 296.01 W, 72, P2, 0x0000000000000000
2026/09/26 13:28:25.819, 0, 20748 MiB, 67 %, 1935 MHz, 1935 MHz, 268.78 W, 72, P2, 0x0000000000000000
2026/09/26 13:28:26.819, 0, 20748 MiB, 66 %, 1935 MHz, 1935 MHz, 312.36 W, 73, P2, 0x0000000000000000
2026/09/26 13:28:27.819, 0, 20748 MiB, 61 %, 1935 MHz, 1935 MHz, 311.46 W, 73, P2, 0x0000000000000000
2026/09/26 13:28:28.820, 0, 20748 MiB, 12 %, 1935 MHz, 1935 MHz, 271.70 W, 73, P2, 0x0000000000000000
2026/09/26 13:28:29.820, 0, 20748 MiB, 66 %, 1935 MHz, 1935 MHz, 312.71 W, 73, P2, 0x0000000000000000
2026/09/26 13:28:30.820, 0, 20748 MiB, 66 %, 1935 MHz, 1935 MHz, 312.86 W, 74, P2, 0x0000000000000000
2026/09/26 13:28:31.820, 0, 20748 MiB, 65 %, 1935 MHz, 1935 MHz, 284.74 W, 70, P2, 0x0000000000000000
2026/09/26 13:28:32.820, 0, 20748 MiB, 65 %, 1935 MHz, 1935 MHz, 286.35 W, 74, P2, 0x0000000000000000
2026/09/26 13:28:33.821, 0, 20748 MiB, 66 %, 1935 MHz, 1935 MHz, 314.35 W, 74, P2, 0x0000000000000000
2026/09/26 13:28:34.821, 0, 20748 MiB, 66 %, 1935 MHz, 1935 MHz, 313.26 W, 74, P2, 0x0000000000000000
2026/09/26 13:28:35.821, 0, 178 MiB, 63 %, 1935 MHz, 1935 MHz, 224.33 W, 69, P0, 0x0000000000000000
2026/09/26 13:28:36.822, 0, 178 MiB, 0 %, 1935 MHz, 1935 MHz, 177.59 W, 68, P0, 0x0000000000000001
2026/09/26 13:28:37.822, 0, 181 MiB, 0 %, 1935 MHz, 1935 MHz, 170.41 W, 66, P3, 0x0000000000000001
2026/09/26 13:28:38.981, 0, 442 MiB, 1 %, 1950 MHz, 1950 MHz, 133.24 W, 65, P2, 0x0000000000000000
2026/09/26 13:28:39.981, 0, 442 MiB, 0 %, 1950 MHz, 1950 MHz, 172.92 W, 65, P2, 0x0000000000000000
2026/09/26 13:28:40.981, 0, 442 MiB, 5 %, 1695 MHz, 1695 MHz, 168.82 W, 64, P2, 0x0000000000000000
2026/09/26 13:28:41.981, 0, 442 MiB, 0 %, 1695 MHz, 1695 MHz, 135.19 W, 62, P2, 0x0000000000000000
2026/09/26 13:28:42.982, 0, 442 MiB, 0 %, 1695 MHz, 1695 MHz, 135.36 W, 62, P2, 0x0000000000000000
2026/09/26 13:28:43.982, 0, 20068 MiB, 0 %, 1950 MHz, 1950 MHz, 137.56 W, 62, P2, 0x0000000000000000
2026/09/26 13:28:44.982, 0, 20068 MiB, 100 %, 1950 MHz, 1950 MHz, 170.29 W, 63, P2, 0x0000000000000000
2026/09/26 13:28:45.982, 0, 20068 MiB, 99 %, 1950 MHz, 1950 MHz, 171.93 W, 63, P2, 0x0000000000000000
2026/09/26 13:28:46.983, 0, 20068 MiB, 100 %, 1950 MHz, 1950 MHz, 171.34 W, 63, P2, 0x0000000000000000
2026/09/26 13:28:47.983, 0, 20068 MiB, 100 %, 1950 MHz, 1950 MHz, 171.32 W, 63, P2, 0x0000000000000000
2026/09/26 13:28:48.983, 0, 20068 MiB, 100 %, 1950 MHz, 1950 MHz, 171.30 W, 62, P2, 0x0000000000000000
2026/09/26 13:28:49.983, 0, 20068 MiB, 99 %, 1950 MHz, 1950 MHz, 170.78 W, 62, P2, 0x0000000000000000
2026/09/26 13:28:50.983, 0, 20068 MiB, 99 %, 1950 MHz, 1950 MHz, 170.96 W, 62, P2, 0x0000000000000000
2026/09/26 13:28:51.984, 0, 20068 MiB, 100 %, 1950 MHz, 1950 MHz, 170.49 W, 62, P2, 0x0000000000000000
2026/09/26 13:28:52.984, 0, 20068 MiB, 100 %, 1950 MHz, 1950 MHz, 170.30 W, 62, P2, 0x0000000000000000
2026/09/26 13:28:53.984, 0, 20068 MiB, 100 %, 1950 MHz, 1950 MHz, 170.39 W, 62, P2, 0x0000000000000000
2026/09/26 13:28:54.984, 0, 20068 MiB, 99 %, 1950 MHz, 1950 MHz, 169.88 W, 62, P2, 0x0000000000000000
2026/09/26 13:28:55.984, 0, 20740 MiB, 99 %, 1950 MHz, 1950 MHz, 170.71 W, 61, P2, 0x0000000000000000
2026/09/26 13:28:56.985, 0, 20740 MiB, 65 %, 1950 MHz, 1950 MHz, 262.55 W, 67, P2, 0x0000000000000000
2026/09/26 13:28:57.985, 0, 20740 MiB, 66 %, 1950 MHz, 1950 MHz, 302.82 W, 68, P2, 0x0000000000000000
2026/09/26 13:28:58.985, 0, 20740 MiB, 65 %, 1935 MHz, 1935 MHz, 302.30 W, 68, P2, 0x0000000000000000
2026/09/26 13:28:59.985, 0, 20740 MiB, 6 %, 1935 MHz, 1935 MHz, 264.63 W, 68, P2, 0x0000000000000000
2026/09/26 13:29:00.986, 0, 20740 MiB, 66 %, 1935 MHz, 1935 MHz, 301.10 W, 69, P2, 0x0000000000000000
2026/09/26 13:29:01.986, 0, 20740 MiB, 66 %, 1935 MHz, 1935 MHz, 301.66 W, 69, P2, 0x0000000000000000
2026/09/26 13:29:02.986, 0, 20740 MiB, 65 %, 1935 MHz, 1935 MHz, 270.18 W, 65, P2, 0x0000000000000000
2026/09/26 13:29:03.986, 0, 20740 MiB, 66 %, 1935 MHz, 1935 MHz, 276.80 W, 69, P2, 0x0000000000000000
2026/09/26 13:29:04.986, 0, 20740 MiB, 65 %, 1935 MHz, 1935 MHz, 304.80 W, 70, P2, 0x0000000000000000
2026/09/26 13:29:05.987, 0, 20740 MiB, 66 %, 1935 MHz, 1935 MHz, 303.83 W, 70, P2, 0x0000000000000000
2026/09/26 13:29:06.987, 0, 20740 MiB, 52 %, 1935 MHz, 1935 MHz, 261.10 W, 69, P2, 0x0000000000000000
2026/09/26 13:29:07.987, 0, 20740 MiB, 65 %, 1935 MHz, 1935 MHz, 305.33 W, 70, P2, 0x0000000000000000
2026/09/26 13:29:08.987, 0, 20740 MiB, 65 %, 1935 MHz, 1935 MHz, 304.79 W, 70, P2, 0x0000000000000000
2026/09/26 13:29:09.988, 0, 20740 MiB, 65 %, 1935 MHz, 1935 MHz, 265.88 W, 67, P2, 0x0000000000000000
2026/09/26 13:29:10.988, 0, 20740 MiB, 66 %, 1935 MHz, 1935 MHz, 295.65 W, 70, P2, 0x0000000000000000
2026/09/26 13:29:11.988, 0, 20740 MiB, 66 %, 1935 MHz, 1935 MHz, 306.36 W, 71, P2, 0x0000000000000000
2026/09/26 13:29:12.988, 0, 20748 MiB, 65 %, 1935 MHz, 1935 MHz, 306.44 W, 71, P2, 0x0000000000000000
2026/09/26 13:29:13.988, 0, 20748 MiB, 99 %, 1935 MHz, 1935 MHz, 238.15 W, 70, P2, 0x0000000000000000
2026/09/26 13:29:14.989, 0, 20748 MiB, 67 %, 1935 MHz, 1935 MHz, 306.13 W, 71, P2, 0x0000000000000000
2026/09/26 13:29:15.989, 0, 20748 MiB, 66 %, 1935 MHz, 1935 MHz, 305.88 W, 71, P2, 0x0000000000000000
2026/09/26 13:29:16.989, 0, 20748 MiB, 65 %, 1935 MHz, 1935 MHz, 281.28 W, 68, P2, 0x0000000000000000
2026/09/26 13:29:17.989, 0, 20748 MiB, 66 %, 1935 MHz, 1935 MHz, 287.68 W, 71, P2, 0x0000000000000000
2026/09/26 13:29:18.990, 0, 20748 MiB, 66 %, 1935 MHz, 1935 MHz, 308.16 W, 72, P2, 0x0000000000000000
2026/09/26 13:29:19.990, 0, 20748 MiB, 66 %, 1935 MHz, 1935 MHz, 307.52 W, 72, P2, 0x0000000000000000
2026/09/26 13:29:20.990, 0, 20748 MiB, 54 %, 1935 MHz, 1935 MHz, 272.13 W, 72, P2, 0x0000000000000000
2026/09/26 13:29:21.990, 0, 20748 MiB, 66 %, 1935 MHz, 1935 MHz, 308.67 W, 72, P2, 0x0000000000000000
2026/09/26 13:29:22.990, 0, 20748 MiB, 66 %, 1935 MHz, 1935 MHz, 307.80 W, 73, P2, 0x0000000000000000
2026/09/26 13:29:23.991, 0, 20748 MiB, 65 %, 1905 MHz, 1905 MHz, 271.50 W, 70, P2, 0x0000000000000004
2026/09/26 13:29:24.991, 0, 20748 MiB, 65 %, 1935 MHz, 1935 MHz, 299.08 W, 73, P2, 0x0000000000000000
2026/09/26 13:29:25.991, 0, 20748 MiB, 66 %, 1935 MHz, 1935 MHz, 310.22 W, 73, P2, 0x0000000000000000
2026/09/26 13:29:26.991, 0, 20748 MiB, 66 %, 1920 MHz, 1920 MHz, 307.46 W, 73, P2, 0x0000000000000000
2026/09/26 13:29:27.992, 0, 20748 MiB, 62 %, 1920 MHz, 1920 MHz, 264.21 W, 73, P2, 0x0000000000000000
2026/09/26 13:29:28.992, 0, 20748 MiB, 66 %, 1920 MHz, 1920 MHz, 306.84 W, 73, P2, 0x0000000000000000
2026/09/26 13:29:29.992, 0, 20748 MiB, 66 %, 1920 MHz, 1920 MHz, 306.69 W, 73, P2, 0x0000000000000000
2026/09/26 13:29:30.992, 0, 20748 MiB, 45 %, 1920 MHz, 1920 MHz, 265.22 W, 72, P2, 0x0000000000000004
2026/09/26 13:29:31.992, 0, 20748 MiB, 65 %, 1920 MHz, 1920 MHz, 305.99 W, 73, P2, 0x0000000000000000
2026/09/26 13:29:32.993, 0, 20748 MiB, 66 %, 1920 MHz, 1920 MHz, 307.83 W, 74, P2, 0x0000000000000000
2026/09/26 13:29:33.993, 0, 488 MiB, 66 %, 1920 MHz, 1920 MHz, 299.23 W, 71, P2, 0x0000000000000000
2026/09/26 13:29:34.993, 0, 178 MiB, 100 %, 1935 MHz, 1935 MHz, 181.00 W, 68, P0, 0x0000000000000024
2026/09/26 13:29:35.994, 0, 178 MiB, 0 %, 1935 MHz, 1935 MHz, 172.46 W, 67, P0, 0x0000000000000000
2026/09/26 13:29:36.994, 0, 442 MiB, 0 %, 390 MHz, 390 MHz, 150.86 W, 62, P0, 0x0000000000000000
2026/09/26 13:29:37.994, 0, 694 MiB, 0 %, 1950 MHz, 1950 MHz, 153.20 W, 65, P2, 0x0000000000000000
2026/09/26 13:29:38.995, 0, 694 MiB, 5 %, 1950 MHz, 1950 MHz, 172.87 W, 65, P2, 0x0000000000000000
2026/09/26 13:29:39.995, 0, 20068 MiB, 6 %, 1695 MHz, 1695 MHz, 146.73 W, 62, P2, 0x0000000000000000
2026/09/26 13:29:40.995, 0, 20068 MiB, 48 %, 1950 MHz, 1950 MHz, 138.98 W, 63, P2, 0x0000000000000000
2026/09/26 13:29:41.995, 0, 20068 MiB, 99 %, 1950 MHz, 1950 MHz, 170.62 W, 63, P2, 0x0000000000000000
2026/09/26 13:29:42.995, 0, 20068 MiB, 100 %, 1950 MHz, 1950 MHz, 172.30 W, 63, P2, 0x0000000000000000
2026/09/26 13:29:43.996, 0, 20068 MiB, 100 %, 1950 MHz, 1950 MHz, 172.05 W, 63, P2, 0x0000000000000000
2026/09/26 13:29:44.996, 0, 20068 MiB, 100 %, 1950 MHz, 1950 MHz, 171.89 W, 63, P2, 0x0000000000000000
2026/09/26 13:29:45.996, 0, 20068 MiB, 99 %, 1950 MHz, 1950 MHz, 171.99 W, 63, P2, 0x0000000000000000
2026/09/26 13:29:46.996, 0, 20068 MiB, 100 %, 1950 MHz, 1950 MHz, 171.57 W, 63, P2, 0x0000000000000000
2026/09/26 13:29:47.996, 0, 20068 MiB, 100 %, 1950 MHz, 1950 MHz, 171.33 W, 63, P2, 0x0000000000000000
2026/09/26 13:29:48.997, 0, 20068 MiB, 100 %, 1950 MHz, 1950 MHz, 171.47 W, 62, P2, 0x0000000000000000
2026/09/26 13:29:49.997, 0, 20068 MiB, 99 %, 1950 MHz, 1950 MHz, 170.93 W, 62, P2, 0x0000000000000000
2026/09/26 13:29:50.997, 0, 20068 MiB, 99 %, 1950 MHz, 1950 MHz, 170.68 W, 62, P2, 0x0000000000000000
2026/09/26 13:29:51.997, 0, 20068 MiB, 100 %, 1950 MHz, 1950 MHz, 170.40 W, 62, P2, 0x0000000000000000
2026/09/26 13:29:52.997, 0, 20740 MiB, 100 %, 1950 MHz, 1950 MHz, 209.97 W, 66, P2, 0x0000000000000004
2026/09/26 13:29:53.998, 0, 20740 MiB, 77 %, 1935 MHz, 1935 MHz, 323.59 W, 68, P2, 0x0000000000000004
2026/09/26 13:29:54.998, 0, 20740 MiB, 79 %, 1935 MHz, 1935 MHz, 327.59 W, 69, P2, 0x0000000000000004
2026/09/26 13:29:55.998, 0, 20740 MiB, 54 %, 1935 MHz, 1935 MHz, 296.44 W, 69, P2, 0x0000000000000004
2026/09/26 13:29:56.998, 0, 20740 MiB, 77 %, 1935 MHz, 1935 MHz, 327.16 W, 70, P2, 0x0000000000000004
2026/09/26 13:29:57.998, 0, 20740 MiB, 78 %, 1935 MHz, 1935 MHz, 329.44 W, 71, P2, 0x0000000000000004
2026/09/26 13:29:58.999, 0, 20740 MiB, 77 %, 1935 MHz, 1935 MHz, 295.00 W, 71, P2, 0x0000000000000004
2026/09/26 13:29:59.999, 0, 20740 MiB, 79 %, 1935 MHz, 1935 MHz, 335.41 W, 72, P2, 0x0000000000000004
2026/09/26 13:30:00.999, 0, 20740 MiB, 76 %, 1935 MHz, 1935 MHz, 337.02 W, 72, P2, 0x0000000000000004
2026/09/26 13:30:01.999, 0, 20740 MiB, 79 %, 1935 MHz, 1935 MHz, 292.82 W, 72, P2, 0x0000000000000004
2026/09/26 13:30:02.999, 0, 20740 MiB, 79 %, 1935 MHz, 1935 MHz, 338.27 W, 73, P2, 0x0000000000000004
2026/09/26 13:30:04.000, 0, 20740 MiB, 79 %, 1920 MHz, 1920 MHz, 317.79 W, 71, P2, 0x0000000000000004
2026/09/26 13:30:05.000, 0, 20740 MiB, 77 %, 1920 MHz, 1920 MHz, 291.93 W, 73, P2, 0x0000000000000004
2026/09/26 13:30:06.000, 0, 20740 MiB, 78 %, 1920 MHz, 1920 MHz, 331.99 W, 74, P2, 0x0000000000000004
2026/09/26 13:30:07.000, 0, 20748 MiB, 79 %, 1920 MHz, 1920 MHz, 311.48 W, 71, P2, 0x0000000000000004
2026/09/26 13:30:08.000, 0, 20748 MiB, 78 %, 1920 MHz, 1920 MHz, 279.90 W, 73, P2, 0x0000000000000004
2026/09/26 13:30:09.001, 0, 20748 MiB, 76 %, 1920 MHz, 1920 MHz, 329.51 W, 74, P2, 0x0000000000000004
2026/09/26 13:30:10.001, 0, 20748 MiB, 79 %, 1920 MHz, 1920 MHz, 328.91 W, 75, P2, 0x0000000000000004
2026/09/26 13:30:11.001, 0, 20748 MiB, 78 %, 1920 MHz, 1920 MHz, 296.57 W, 74, P2, 0x0000000000000004
2026/09/26 13:30:12.001, 0, 20748 MiB, 78 %, 1920 MHz, 1920 MHz, 337.82 W, 75, P2, 0x0000000000000004
2026/09/26 13:30:13.002, 0, 20748 MiB, 80 %, 1920 MHz, 1920 MHz, 315.60 W, 72, P2, 0x0000000000000004
2026/09/26 13:30:14.002, 0, 20748 MiB, 77 %, 1920 MHz, 1920 MHz, 319.39 W, 76, P2, 0x0000000000000004
2026/09/26 13:30:15.004, 0, 20748 MiB, 79 %, 1920 MHz, 1920 MHz, 339.87 W, 76, P2, 0x0000000000000004
2026/09/26 13:30:16.004, 0, 20748 MiB, 79 %, 1905 MHz, 1905 MHz, 306.65 W, 73, P2, 0x0000000000000004
2026/09/26 13:30:17.004, 0, 20748 MiB, 77 %, 1920 MHz, 1920 MHz, 334.40 W, 76, P2, 0x0000000000000004
2026/09/26 13:30:18.005, 0, 20748 MiB, 77 %, 1920 MHz, 1920 MHz, 339.39 W, 77, P2, 0x0000000000000004
2026/09/26 13:30:19.005, 0, 20748 MiB, 80 %, 1920 MHz, 1920 MHz, 302.20 W, 75, P2, 0x0000000000000004
2026/09/26 13:30:20.005, 0, 20748 MiB, 77 %, 1920 MHz, 1920 MHz, 339.39 W, 77, P2, 0x0000000000000004
2026/09/26 13:30:21.005, 0, 20748 MiB, 78 %, 1920 MHz, 1920 MHz, 341.89 W, 78, P2, 0x0000000000000004
2026/09/26 13:30:22.005, 0, 20748 MiB, 17 %, 1905 MHz, 1905 MHz, 305.40 W, 77, P2, 0x0000000000000004
2026/09/26 13:30:23.006, 0, 20748 MiB, 80 %, 1905 MHz, 1905 MHz, 337.86 W, 78, P2, 0x0000000000000004
2026/09/26 13:30:24.006, 0, 20748 MiB, 80 %, 1905 MHz, 1905 MHz, 333.86 W, 78, P2, 0x0000000000000004
2026/09/26 13:30:25.006, 0, 178 MiB, 0 %, 1920 MHz, 1920 MHz, 255.05 W, 72, P0, 0x0000000000000024
2026/09/26 13:30:26.007, 0, 178 MiB, 0 %, 1920 MHz, 1920 MHz, 177.83 W, 69, P0, 0x0000000000000000
2026/09/26 13:30:27.007, 0, 195 MiB, 0 %, 1920 MHz, 1920 MHz, 171.87 W, 69, P3, 0x0000000000000001
2026/09/26 13:30:28.045, 0, 442 MiB, 0 %, 1935 MHz, 1935 MHz, 152.47 W, 66, P2, 0x0000000000000000
2026/09/26 13:30:29.046, 0, 442 MiB, 0 %, 1935 MHz, 1935 MHz, 175.62 W, 65, P2, 0x0000000000000000
2026/09/26 13:30:30.046, 0, 442 MiB, 0 %, 1695 MHz, 1695 MHz, 158.79 W, 63, P2, 0x0000000000000000
2026/09/26 13:30:31.046, 0, 442 MiB, 0 %, 1695 MHz, 1695 MHz, 137.18 W, 62, P2, 0x0000000000000000
2026/09/26 13:30:32.046, 0, 442 MiB, 0 %, 1695 MHz, 1695 MHz, 136.15 W, 62, P2, 0x0000000000000000
2026/09/26 13:30:33.047, 0, 19140 MiB, 45 %, 1950 MHz, 1950 MHz, 145.18 W, 63, P2, 0x0000000000000000
2026/09/26 13:30:34.047, 0, 19140 MiB, 99 %, 1950 MHz, 1950 MHz, 172.94 W, 63, P2, 0x0000000000000000
2026/09/26 13:30:35.047, 0, 19140 MiB, 100 %, 1950 MHz, 1950 MHz, 172.74 W, 63, P2, 0x0000000000000000
2026/09/26 13:30:36.047, 0, 19140 MiB, 100 %, 1950 MHz, 1950 MHz, 172.85 W, 63, P2, 0x0000000000000000
2026/09/26 13:30:37.047, 0, 19140 MiB, 100 %, 1950 MHz, 1950 MHz, 171.94 W, 63, P2, 0x0000000000000000
2026/09/26 13:30:38.048, 0, 19140 MiB, 99 %, 1950 MHz, 1950 MHz, 171.80 W, 63, P2, 0x0000000000000000
2026/09/26 13:30:39.048, 0, 19140 MiB, 99 %, 1950 MHz, 1950 MHz, 171.94 W, 62, P2, 0x0000000000000000
2026/09/26 13:30:40.048, 0, 19140 MiB, 100 %, 1950 MHz, 1950 MHz, 171.13 W, 62, P2, 0x0000000000000000
2026/09/26 13:30:41.048, 0, 19140 MiB, 100 %, 1950 MHz, 1950 MHz, 171.26 W, 62, P2, 0x0000000000000000
2026/09/26 13:30:42.049, 0, 19140 MiB, 100 %, 1950 MHz, 1950 MHz, 171.12 W, 62, P2, 0x0000000000000000
2026/09/26 13:30:43.049, 0, 19140 MiB, 99 %, 1950 MHz, 1950 MHz, 170.66 W, 62, P2, 0x0000000000000000
2026/09/26 13:30:44.049, 0, 20284 MiB, 100 %, 1950 MHz, 1950 MHz, 170.83 W, 62, P2, 0x0000000000000000
2026/09/26 13:30:45.049, 0, 22314 MiB, 94 %, 1950 MHz, 1950 MHz, 171.50 W, 62, P2, 0x0000000000000000
2026/09/26 13:30:46.050, 0, 22366 MiB, 7 %, 1950 MHz, 1950 MHz, 195.63 W, 65, P2, 0x0000000000000000
2026/09/26 13:30:47.050, 0, 22366 MiB, 63 %, 1950 MHz, 1950 MHz, 297.38 W, 67, P2, 0x0000000000000000
2026/09/26 13:30:48.050, 0, 22366 MiB, 62 %, 1950 MHz, 1950 MHz, 298.95 W, 67, P2, 0x0000000000000000
2026/09/26 13:30:49.050, 0, 22366 MiB, 45 %, 1935 MHz, 1935 MHz, 265.54 W, 67, P2, 0x0000000000000000
2026/09/26 13:30:50.050, 0, 22366 MiB, 63 %, 1935 MHz, 1935 MHz, 297.98 W, 68, P2, 0x0000000000000000
2026/09/26 13:30:51.051, 0, 22366 MiB, 62 %, 1935 MHz, 1935 MHz, 298.65 W, 68, P2, 0x0000000000000000
2026/09/26 13:30:52.051, 0, 22366 MiB, 64 %, 1935 MHz, 1935 MHz, 258.92 W, 68, P2, 0x0000000000000000
2026/09/26 13:30:53.051, 0, 22366 MiB, 63 %, 1935 MHz, 1935 MHz, 300.56 W, 69, P2, 0x0000000000000000
2026/09/26 13:30:54.051, 0, 22366 MiB, 63 %, 1935 MHz, 1935 MHz, 300.11 W, 69, P2, 0x0000000000000000
2026/09/26 13:30:55.052, 0, 22382 MiB, 6 %, 1935 MHz, 1935 MHz, 254.85 W, 69, P2, 0x0000000000000004
2026/09/26 13:30:56.052, 0, 22382 MiB, 64 %, 1935 MHz, 1935 MHz, 301.24 W, 69, P2, 0x0000000000000000
2026/09/26 13:30:57.052, 0, 22382 MiB, 61 %, 1935 MHz, 1935 MHz, 301.44 W, 70, P2, 0x0000000000000000
2026/09/26 13:30:58.052, 0, 22382 MiB, 45 %, 1935 MHz, 1935 MHz, 257.74 W, 69, P2, 0x0000000000000000
2026/09/26 13:30:59.052, 0, 22382 MiB, 63 %, 1935 MHz, 1935 MHz, 301.40 W, 70, P2, 0x0000000000000000
2026/09/26 13:31:00.053, 0, 22388 MiB, 64 %, 1935 MHz, 1935 MHz, 279.58 W, 67, P2, 0x0000000000000000
2026/09/26 13:31:01.053, 0, 22388 MiB, 98 %, 1935 MHz, 1935 MHz, 218.80 W, 68, P2, 0x0000000000000000
2026/09/26 13:31:02.053, 0, 22388 MiB, 62 %, 1935 MHz, 1935 MHz, 298.90 W, 69, P2, 0x0000000000000000
2026/09/26 13:31:03.053, 0, 22388 MiB, 64 %, 1935 MHz, 1935 MHz, 298.84 W, 69, P2, 0x0000000000000000
2026/09/26 13:31:04.053, 0, 22388 MiB, 69 %, 1935 MHz, 1935 MHz, 263.88 W, 70, P2, 0x0000000000000000
2026/09/26 13:31:05.054, 0, 22388 MiB, 62 %, 1935 MHz, 1935 MHz, 302.38 W, 70, P2, 0x0000000000000000
2026/09/26 13:31:06.054, 0, 22388 MiB, 64 %, 1935 MHz, 1935 MHz, 291.27 W, 69, P2, 0x0000000000000000
2026/09/26 13:31:07.054, 0, 22388 MiB, 63 %, 1935 MHz, 1935 MHz, 265.74 W, 70, P2, 0x0000000000000000
2026/09/26 13:31:08.054, 0, 22388 MiB, 59 %, 1935 MHz, 1935 MHz, 300.08 W, 70, P2, 0x0000000000000000
2026/09/26 13:31:09.055, 0, 22388 MiB, 63 %, 1935 MHz, 1935 MHz, 269.01 W, 70, P2, 0x0000000000000000
2026/09/26 13:31:10.055, 0, 22388 MiB, 63 %, 1935 MHz, 1935 MHz, 302.90 W, 71, P2, 0x0000000000000000
2026/09/26 13:31:11.055, 0, 22388 MiB, 62 %, 1935 MHz, 1935 MHz, 304.09 W, 71, P2, 0x0000000000000000
2026/09/26 13:31:12.055, 0, 22388 MiB, 62 %, 1935 MHz, 1935 MHz, 270.61 W, 71, P2, 0x0000000000000000
2026/09/26 13:31:13.055, 0, 22388 MiB, 65 %, 1935 MHz, 1935 MHz, 305.53 W, 71, P2, 0x0000000000000000
2026/09/26 13:31:14.056, 0, 22388 MiB, 62 %, 1935 MHz, 1935 MHz, 305.74 W, 72, P2, 0x0000000000000000
2026/09/26 13:31:15.056, 0, 22388 MiB, 52 %, 1935 MHz, 1935 MHz, 268.26 W, 71, P2, 0x0000000000000000
2026/09/26 13:31:16.056, 0, 22388 MiB, 62 %, 1935 MHz, 1935 MHz, 304.89 W, 72, P2, 0x0000000000000000
2026/09/26 13:31:17.056, 0, 22388 MiB, 64 %, 1935 MHz, 1935 MHz, 308.89 W, 72, P2, 0x0000000000000000
2026/09/26 13:31:18.056, 0, 178 MiB, 81 %, 1935 MHz, 1935 MHz, 211.36 W, 67, P0, 0x0000000000000000
2026/09/26 13:31:19.057, 0, 178 MiB, 0 %, 1935 MHz, 1935 MHz, 168.34 W, 65, P0, 0x0000000000000000
2026/09/26 13:31:20.057, 0, 181 MiB, 0 %, 1695 MHz, 1695 MHz, 160.73 W, 63, P3, 0x0000000000000001
2026/09/26 13:31:21.326, 0, 442 MiB, 0 %, 1950 MHz, 1950 MHz, 152.21 W, 64, P2, 0x0000000000000000
2026/09/26 13:31:22.326, 0, 442 MiB, 0 %, 1950 MHz, 1950 MHz, 170.80 W, 64, P2, 0x0000000000000000
2026/09/26 13:31:23.327, 0, 1196 MiB, 18 %, 1695 MHz, 1695 MHz, 153.87 W, 61, P2, 0x0000000000000000
2026/09/26 13:31:24.327, 0, 19140 MiB, 0 %, 1695 MHz, 1695 MHz, 132.76 W, 61, P2, 0x0000000000000000
2026/09/26 13:31:25.327, 0, 19140 MiB, 100 %, 1950 MHz, 1950 MHz, 164.24 W, 62, P2, 0x0000000000000000
2026/09/26 13:31:26.327, 0, 19140 MiB, 100 %, 1950 MHz, 1950 MHz, 169.21 W, 62, P2, 0x0000000000000000
2026/09/26 13:31:27.328, 0, 19140 MiB, 99 %, 1950 MHz, 1950 MHz, 169.31 W, 62, P2, 0x0000000000000000
2026/09/26 13:31:28.328, 0, 19140 MiB, 100 %, 1950 MHz, 1950 MHz, 168.91 W, 62, P2, 0x0000000000000000
2026/09/26 13:31:29.328, 0, 19140 MiB, 100 %, 1950 MHz, 1950 MHz, 168.99 W, 62, P2, 0x0000000000000000
2026/09/26 13:31:30.328, 0, 19140 MiB, 100 %, 1950 MHz, 1950 MHz, 163.89 W, 61, P2, 0x0000000000000000
2026/09/26 13:31:31.328, 0, 19140 MiB, 99 %, 1950 MHz, 1950 MHz, 158.78 W, 61, P2, 0x0000000000000000
2026/09/26 13:31:32.328, 0, 19140 MiB, 100 %, 1950 MHz, 1950 MHz, 160.22 W, 61, P2, 0x0000000000000000
2026/09/26 13:31:33.329, 0, 22314 MiB, 0 %, 1950 MHz, 1950 MHz, 167.84 W, 62, P2, 0x0000000000000000
2026/09/26 13:31:34.329, 0, 22366 MiB, 57 %, 1950 MHz, 1950 MHz, 227.97 W, 67, P2, 0x0000000000000000
2026/09/26 13:31:35.329, 0, 22366 MiB, 80 %, 1935 MHz, 1935 MHz, 328.21 W, 68, P2, 0x0000000000000004
2026/09/26 13:31:36.329, 0, 22366 MiB, 76 %, 1935 MHz, 1935 MHz, 301.07 W, 68, P2, 0x0000000000000000
2026/09/26 13:31:37.330, 0, 22366 MiB, 80 %, 1935 MHz, 1935 MHz, 330.19 W, 70, P2, 0x0000000000000004
2026/09/26 13:31:38.330, 0, 22366 MiB, 76 %, 1935 MHz, 1935 MHz, 324.64 W, 67, P2, 0x0000000000000004
2026/09/26 13:31:39.330, 0, 22366 MiB, 76 %, 1935 MHz, 1935 MHz, 300.82 W, 71, P2, 0x0000000000000004
2026/09/26 13:31:40.330, 0, 22366 MiB, 78 %, 1935 MHz, 1935 MHz, 330.80 W, 71, P2, 0x0000000000000004
2026/09/26 13:31:41.330, 0, 22382 MiB, 35 %, 1935 MHz, 1935 MHz, 288.28 W, 71, P2, 0x0000000000000004
2026/09/26 13:31:42.331, 0, 22382 MiB, 78 %, 1935 MHz, 1935 MHz, 331.12 W, 72, P2, 0x0000000000000004
2026/09/26 13:31:43.331, 0, 22382 MiB, 81 %, 1920 MHz, 1920 MHz, 297.91 W, 68, P2, 0x0000000000000004
2026/09/26 13:31:44.331, 0, 22382 MiB, 75 %, 1920 MHz, 1920 MHz, 294.94 W, 71, P2, 0x0000000000000004
2026/09/26 13:31:45.331, 0, 22382 MiB, 77 %, 1920 MHz, 1920 MHz, 322.20 W, 72, P2, 0x0000000000000004
2026/09/26 13:31:46.332, 0, 22388 MiB, 99 %, 1935 MHz, 1935 MHz, 222.59 W, 67, P2, 0x0000000000000000
2026/09/26 13:31:47.332, 0, 22388 MiB, 76 %, 1935 MHz, 1935 MHz, 315.49 W, 71, P2, 0x0000000000000000
2026/09/26 13:31:48.332, 0, 22388 MiB, 78 %, 1920 MHz, 1920 MHz, 320.97 W, 71, P2, 0x0000000000000004
2026/09/26 13:31:49.332, 0, 22388 MiB, 75 %, 1920 MHz, 1920 MHz, 293.61 W, 72, P2, 0x0000000000000004
2026/09/26 13:31:50.332, 0, 22388 MiB, 79 %, 1920 MHz, 1920 MHz, 324.74 W, 72, P2, 0x0000000000000004
2026/09/26 13:31:51.333, 0, 22388 MiB, 80 %, 1920 MHz, 1920 MHz, 291.27 W, 72, P2, 0x0000000000000004
2026/09/26 13:31:52.333, 0, 22388 MiB, 78 %, 1920 MHz, 1920 MHz, 321.31 W, 73, P2, 0x0000000000000004
2026/09/26 13:31:53.333, 0, 22388 MiB, 78 %, 1875 MHz, 1875 MHz, 295.74 W, 70, P2, 0x0000000000000004
2026/09/26 13:31:54.333, 0, 22388 MiB, 77 %, 1920 MHz, 1920 MHz, 310.38 W, 73, P2, 0x0000000000000004
2026/09/26 13:31:55.333, 0, 22388 MiB, 79 %, 1920 MHz, 1920 MHz, 327.35 W, 74, P2, 0x0000000000000004
2026/09/26 13:31:56.333, 0, 22388 MiB, 75 %, 1920 MHz, 1920 MHz, 292.46 W, 73, P2, 0x0000000000000004
2026/09/26 13:31:57.333, 0, 22388 MiB, 81 %, 1920 MHz, 1920 MHz, 326.89 W, 74, P2, 0x0000000000000004
2026/09/26 13:31:58.334, 0, 22388 MiB, 81 %, 1920 MHz, 1920 MHz, 312.39 W, 71, P2, 0x0000000000000004
2026/09/26 13:31:59.334, 0, 22388 MiB, 78 %, 1920 MHz, 1920 MHz, 297.75 W, 74, P2, 0x0000000000000004
2026/09/26 13:32:00.334, 0, 22388 MiB, 81 %, 1920 MHz, 1920 MHz, 328.53 W, 75, P2, 0x0000000000000004
2026/09/26 13:32:01.334, 0, 178 MiB, 71 %, 1920 MHz, 1920 MHz, 261.27 W, 69, P2, 0x0000000000000000
2026/09/26 13:32:02.334, 0, 178 MiB, 0 %, 1920 MHz, 1920 MHz, 172.99 W, 67, P0, 0x0000000000000000
2026/09/26 13:32:03.335, 0, 181 MiB, 0 %, 1920 MHz, 1920 MHz, 171.32 W, 67, P0, 0x0000000000000000
2026/09/26 13:32:04.608, 0, 442 MiB, 0 %, 1935 MHz, 1935 MHz, 158.82 W, 65, P2, 0x0000000000000000
2026/09/26 13:32:05.609, 0, 442 MiB, 0 %, 1935 MHz, 1935 MHz, 171.87 W, 65, P2, 0x0000000000000000
2026/09/26 13:32:06.609, 0, 442 MiB, 17 %, 1695 MHz, 1695 MHz, 166.82 W, 63, P2, 0x0000000000000000
2026/09/26 13:32:07.609, 0, 19140 MiB, 5 %, 1695 MHz, 1695 MHz, 135.53 W, 62, P2, 0x0000000000000000
2026/09/26 13:32:08.609, 0, 19140 MiB, 100 %, 1935 MHz, 1935 MHz, 160.75 W, 64, P2, 0x0000000000000000
2026/09/26 13:32:09.609, 0, 19140 MiB, 100 %, 1935 MHz, 1935 MHz, 170.57 W, 63, P2, 0x0000000000000000
2026/09/26 13:32:10.609, 0, 19140 MiB, 99 %, 1935 MHz, 1935 MHz, 170.65 W, 63, P2, 0x0000000000000000
2026/09/26 13:32:11.610, 0, 19140 MiB, 100 %, 1935 MHz, 1935 MHz, 170.35 W, 63, P2, 0x0000000000000000
2026/09/26 13:32:12.610, 0, 19140 MiB, 99 %, 1935 MHz, 1935 MHz, 168.73 W, 63, P2, 0x0000000000000000
2026/09/26 13:32:13.610, 0, 19140 MiB, 100 %, 1935 MHz, 1935 MHz, 169.78 W, 62, P2, 0x0000000000000000
2026/09/26 13:32:14.610, 0, 19140 MiB, 100 %, 1935 MHz, 1935 MHz, 169.44 W, 62, P2, 0x0000000000000000
2026/09/26 13:32:15.610, 0, 19140 MiB, 100 %, 1935 MHz, 1935 MHz, 169.73 W, 62, P2, 0x0000000000000000
2026/09/26 13:32:16.610, 0, 19140 MiB, 100 %, 1935 MHz, 1935 MHz, 169.75 W, 62, P2, 0x0000000000000000
2026/09/26 13:32:17.610, 0, 19140 MiB, 100 %, 1935 MHz, 1935 MHz, 169.35 W, 62, P2, 0x0000000000000000
2026/09/26 13:32:18.611, 0, 21190 MiB, 99 %, 1935 MHz, 1935 MHz, 169.15 W, 62, P2, 0x0000000000000000
2026/09/26 13:32:19.611, 0, 22366 MiB, 99 %, 1950 MHz, 1950 MHz, 172.53 W, 62, P2, 0x0000000000000000
2026/09/26 13:32:20.611, 0, 22366 MiB, 63 %, 1935 MHz, 1935 MHz, 257.33 W, 67, P2, 0x0000000000000004
2026/09/26 13:32:21.611, 0, 22366 MiB, 76 %, 1935 MHz, 1935 MHz, 330.06 W, 68, P2, 0x0000000000000004
2026/09/26 13:32:22.611, 0, 22366 MiB, 39 %, 1935 MHz, 1935 MHz, 301.19 W, 69, P2, 0x0000000000000004
2026/09/26 13:32:23.612, 0, 22366 MiB, 77 %, 1935 MHz, 1935 MHz, 331.58 W, 70, P2, 0x0000000000000004
2026/09/26 13:32:24.612, 0, 22366 MiB, 79 %, 1935 MHz, 1935 MHz, 303.07 W, 68, P2, 0x0000000000000004
2026/09/26 13:32:25.612, 0, 22366 MiB, 78 %, 1935 MHz, 1935 MHz, 322.59 W, 71, P2, 0x0000000000000004
2026/09/26 13:32:26.612, 0, 22382 MiB, 78 %, 1935 MHz, 1935 MHz, 332.89 W, 71, P2, 0x0000000000000004
2026/09/26 13:32:27.613, 0, 22382 MiB, 76 %, 1935 MHz, 1935 MHz, 288.36 W, 71, P2, 0x0000000000000004
2026/09/26 13:32:28.613, 0, 22382 MiB, 79 %, 1935 MHz, 1935 MHz, 328.45 W, 72, P2, 0x0000000000000004
2026/09/26 13:32:29.613, 0, 22382 MiB, 79 %, 1935 MHz, 1935 MHz, 288.29 W, 70, P2, 0x0000000000000000
2026/09/26 13:32:30.613, 0, 22382 MiB, 79 %, 1920 MHz, 1920 MHz, 330.83 W, 72, P2, 0x0000000000000004
2026/09/26 13:32:31.613, 0, 22388 MiB, 80 %, 1920 MHz, 1920 MHz, 310.64 W, 69, P2, 0x0000000000000000
2026/09/26 13:32:32.614, 0, 22388 MiB, 100 %, 1935 MHz, 1935 MHz, 227.71 W, 71, P2, 0x0000000000000004
2026/09/26 13:32:33.614, 0, 22388 MiB, 77 %, 1935 MHz, 1935 MHz, 329.56 W, 72, P2, 0x0000000000000004
2026/09/26 13:32:34.614, 0, 22388 MiB, 80 %, 1905 MHz, 1905 MHz, 297.17 W, 70, P2, 0x0000000000000004
2026/09/26 13:32:35.614, 0, 22388 MiB, 80 %, 1920 MHz, 1920 MHz, 315.60 W, 72, P2, 0x0000000000000004
2026/09/26 13:32:36.615, 0, 22388 MiB, 79 %, 1920 MHz, 1920 MHz, 326.40 W, 73, P2, 0x0000000000000004
2026/09/26 13:32:37.615, 0, 22388 MiB, 65 %, 1920 MHz, 1920 MHz, 295.90 W, 72, P2, 0x0000000000000004
2026/09/26 13:32:38.615, 0, 22388 MiB, 79 %, 1920 MHz, 1920 MHz, 325.34 W, 73, P2, 0x0000000000000004
2026/09/26 13:32:39.615, 0, 22388 MiB, 45 %, 1920 MHz, 1920 MHz, 290.98 W, 73, P2, 0x0000000000000004
2026/09/26 13:32:40.615, 0, 22388 MiB, 80 %, 1920 MHz, 1920 MHz, 327.05 W, 74, P2, 0x0000000000000004
2026/09/26 13:32:41.616, 0, 22388 MiB, 81 %, 1920 MHz, 1920 MHz, 319.07 W, 71, P2, 0x0000000000000004
2026/09/26 13:32:42.616, 0, 22388 MiB, 80 %, 1920 MHz, 1920 MHz, 297.59 W, 74, P2, 0x0000000000000004
2026/09/26 13:32:43.616, 0, 22388 MiB, 80 %, 1920 MHz, 1920 MHz, 328.18 W, 74, P2, 0x0000000000000004
2026/09/26 13:32:44.616, 0, 22388 MiB, 80 %, 1920 MHz, 1920 MHz, 295.74 W, 73, P2, 0x0000000000000004
2026/09/26 13:32:45.616, 0, 22388 MiB, 78 %, 1920 MHz, 1920 MHz, 325.23 W, 74, P2, 0x0000000000000004
2026/09/26 13:32:46.617, 0, 510 MiB, 80 %, 1920 MHz, 1920 MHz, 328.63 W, 75, P2, 0x0000000000000004
2026/09/26 13:32:47.617, 0, 178 MiB, 92 %, 1920 MHz, 1920 MHz, 226.14 W, 68, P0, 0x0000000000000000
2026/09/26 13:32:48.617, 0, 178 MiB, 0 %, 1935 MHz, 1935 MHz, 172.23 W, 67, P0, 0x0000000000000024
2026/09/26 13:32:49.618, 0, 442 MiB, 0 %, 435 MHz, 435 MHz, 143.72 W, 63, P0, 0x0000000000000000
2026/09/26 13:32:50.797, 0, 442 MiB, 0 %, 1935 MHz, 1935 MHz, 162.14 W, 64, P2, 0x0000000000000000
2026/09/26 13:32:51.797, 0, 442 MiB, 0 %, 1935 MHz, 1935 MHz, 170.81 W, 64, P2, 0x0000000000000000
2026/09/26 13:32:52.797, 0, 442 MiB, 0 %, 1695 MHz, 1695 MHz, 151.19 W, 62, P2, 0x0000000000000000
2026/09/26 13:32:53.797, 0, 442 MiB, 12 %, 1695 MHz, 1695 MHz, 134.56 W, 62, P2, 0x0000000000000000
2026/09/26 13:32:54.797, 0, 19140 MiB, 0 %, 1695 MHz, 1695 MHz, 135.97 W, 61, P2, 0x0000000000000000
2026/09/26 13:32:55.798, 0, 19140 MiB, 100 %, 1950 MHz, 1950 MHz, 141.23 W, 62, P2, 0x0000000000000000
2026/09/26 13:32:56.798, 0, 19140 MiB, 100 %, 1950 MHz, 1950 MHz, 169.10 W, 63, P2, 0x0000000000000000
2026/09/26 13:32:57.798, 0, 19140 MiB, 99 %, 1950 MHz, 1950 MHz, 169.92 W, 62, P2, 0x0000000000000000
2026/09/26 13:32:58.798, 0, 19140 MiB, 100 %, 1950 MHz, 1950 MHz, 170.25 W, 62, P2, 0x0000000000000000
2026/09/26 13:32:59.798, 0, 19140 MiB, 100 %, 1950 MHz, 1950 MHz, 167.25 W, 62, P2, 0x0000000000000000
2026/09/26 13:33:00.799, 0, 19140 MiB, 99 %, 1950 MHz, 1950 MHz, 166.64 W, 62, P2, 0x0000000000000000
2026/09/26 13:33:01.799, 0, 19140 MiB, 99 %, 1950 MHz, 1950 MHz, 161.13 W, 61, P2, 0x0000000000000000
2026/09/26 13:33:02.799, 0, 19140 MiB, 99 %, 1950 MHz, 1950 MHz, 159.12 W, 61, P2, 0x0000000000000000
2026/09/26 13:33:03.799, 0, 22314 MiB, 99 %, 1950 MHz, 1950 MHz, 160.29 W, 61, P2, 0x0000000000000000
2026/09/26 13:33:04.799, 0, 22366 MiB, 0 %, 1950 MHz, 1950 MHz, 163.15 W, 62, P2, 0x0000000000000000
2026/09/26 13:33:05.800, 0, 22366 MiB, 64 %, 1950 MHz, 1950 MHz, 268.94 W, 67, P2, 0x0000000000000000
2026/09/26 13:33:06.800, 0, 22366 MiB, 62 %, 1935 MHz, 1935 MHz, 298.31 W, 67, P2, 0x0000000000000000
2026/09/26 13:33:07.800, 0, 22366 MiB, 60 %, 1935 MHz, 1935 MHz, 265.67 W, 65, P2, 0x0000000000000000
2026/09/26 13:33:08.800, 0, 22366 MiB, 60 %, 1935 MHz, 1935 MHz, 288.24 W, 68, P2, 0x0000000000000000
2026/09/26 13:33:09.800, 0, 22366 MiB, 64 %, 1935 MHz, 1935 MHz, 296.91 W, 68, P2, 0x0000000000000000
2026/09/26 13:33:10.801, 0, 22366 MiB, 62 %, 1935 MHz, 1935 MHz, 259.92 W, 67, P2, 0x0000000000000000
2026/09/26 13:33:11.801, 0, 22366 MiB, 64 %, 1935 MHz, 1935 MHz, 296.08 W, 69, P2, 0x0000000000000000
2026/09/26 13:33:12.801, 0, 22366 MiB, 66 %, 1935 MHz, 1935 MHz, 297.19 W, 69, P2, 0x0000000000000000
2026/09/26 13:33:13.801, 0, 22382 MiB, 40 %, 1935 MHz, 1935 MHz, 252.38 W, 68, P2, 0x0000000000000000
2026/09/26 13:33:14.801, 0, 22382 MiB, 67 %, 1935 MHz, 1935 MHz, 295.19 W, 69, P2, 0x0000000000000000
2026/09/26 13:33:15.801, 0, 22382 MiB, 61 %, 1935 MHz, 1935 MHz, 300.02 W, 69, P2, 0x0000000000000000
2026/09/26 13:33:16.802, 0, 22382 MiB, 65 %, 1935 MHz, 1935 MHz, 255.57 W, 67, P2, 0x0000000000000004
2026/09/26 13:33:17.802, 0, 22382 MiB, 59 %, 1935 MHz, 1935 MHz, 291.43 W, 69, P2, 0x0000000000000000
2026/09/26 13:33:18.802, 0, 22382 MiB, 63 %, 1935 MHz, 1935 MHz, 298.16 W, 70, P2, 0x0000000000000000
2026/09/26 13:33:19.802, 0, 22388 MiB, 52 %, 1935 MHz, 1935 MHz, 222.90 W, 65, P2, 0x0000000000000000
2026/09/26 13:33:20.802, 0, 22388 MiB, 64 %, 1935 MHz, 1935 MHz, 262.58 W, 69, P2, 0x0000000000000000
2026/09/26 13:33:21.803, 0, 22388 MiB, 63 %, 1935 MHz, 1935 MHz, 296.93 W, 69, P2, 0x0000000000000000
2026/09/26 13:33:22.803, 0, 22388 MiB, 60 %, 1935 MHz, 1935 MHz, 261.37 W, 68, P2, 0x0000000000000004
2026/09/26 13:33:23.803, 0, 22388 MiB, 63 %, 1935 MHz, 1935 MHz, 295.35 W, 70, P2, 0x0000000000000000
2026/09/26 13:33:24.803, 0, 22388 MiB, 63 %, 1935 MHz, 1935 MHz, 299.64 W, 70, P2, 0x0000000000000000
2026/09/26 13:33:25.803, 0, 22388 MiB, 13 %, 1935 MHz, 1935 MHz, 263.65 W, 70, P2, 0x0000000000000000
2026/09/26 13:33:26.803, 0, 22388 MiB, 62 %, 1935 MHz, 1935 MHz, 298.68 W, 70, P2, 0x0000000000000000
2026/09/26 13:33:27.804, 0, 22388 MiB, 64 %, 1935 MHz, 1935 MHz, 291.11 W, 68, P2, 0x0000000000000000
2026/09/26 13:33:28.804, 0, 22388 MiB, 59 %, 1935 MHz, 1935 MHz, 265.34 W, 70, P2, 0x0000000000000000
2026/09/26 13:33:29.804, 0, 22388 MiB, 60 %, 1935 MHz, 1935 MHz, 300.36 W, 71, P2, 0x0000000000000000
2026/09/26 13:33:30.804, 0, 22388 MiB, 63 %, 1935 MHz, 1935 MHz, 277.01 W, 68, P2, 0x0000000000000000
2026/09/26 13:33:31.804, 0, 22388 MiB, 64 %, 1935 MHz, 1935 MHz, 284.91 W, 71, P2, 0x0000000000000000
2026/09/26 13:33:32.805, 0, 22388 MiB, 62 %, 1935 MHz, 1935 MHz, 303.37 W, 71, P2, 0x0000000000000000
2026/09/26 13:33:33.805, 0, 22388 MiB, 62 %, 1935 MHz, 1935 MHz, 280.96 W, 68, P2, 0x0000000000000000
2026/09/26 13:33:34.805, 0, 22388 MiB, 61 %, 1935 MHz, 1935 MHz, 277.93 W, 71, P2, 0x0000000000000000
2026/09/26 13:33:35.805, 0, 22388 MiB, 59 %, 1935 MHz, 1935 MHz, 304.70 W, 72, P2, 0x0000000000000000
2026/09/26 13:33:36.805, 0, 178 MiB, 68 %, 1920 MHz, 1920 MHz, 274.41 W, 68, P2, 0x0000000000000000
2026/09/26 13:33:37.840, 0, 178 MiB, 92 %, 1935 MHz, 1935 MHz, 174.05 W, 66, P0, 0x0000000000000000
2026/09/26 13:33:38.840, 0, 178 MiB, 0 %, 1935 MHz, 1935 MHz, 172.69 W, 66, P0, 0x0000000000000000
2026/09/26 13:33:39.840, 0, 442 MiB, 0 %, 390 MHz, 390 MHz, 145.53 W, 62, P0, 0x0000000000000024
2026/09/26 13:33:40.840, 0, 442 MiB, 0 %, 1950 MHz, 1950 MHz, 161.02 W, 64, P2, 0x0000000000000000
2026/09/26 13:33:41.840, 0, 442 MiB, 7 %, 1950 MHz, 1950 MHz, 170.47 W, 64, P2, 0x0000000000000000
2026/09/26 13:33:42.841, 0, 20068 MiB, 8 %, 1695 MHz, 1695 MHz, 150.08 W, 61, P2, 0x0000000000000000
2026/09/26 13:33:43.841, 0, 20068 MiB, 78 %, 1950 MHz, 1950 MHz, 139.83 W, 62, P2, 0x0000000000000000
2026/09/26 13:33:44.841, 0, 20068 MiB, 99 %, 1950 MHz, 1950 MHz, 170.01 W, 63, P2, 0x0000000000000000
2026/09/26 13:33:45.841, 0, 20068 MiB, 100 %, 1950 MHz, 1950 MHz, 169.17 W, 63, P2, 0x0000000000000000
2026/09/26 13:33:46.841, 0, 20068 MiB, 100 %, 1950 MHz, 1950 MHz, 169.31 W, 62, P2, 0x0000000000000000
2026/09/26 13:33:47.841, 0, 20068 MiB, 100 %, 1950 MHz, 1950 MHz, 166.84 W, 62, P2, 0x0000000000000000
2026/09/26 13:33:48.842, 0, 20068 MiB, 100 %, 1950 MHz, 1950 MHz, 166.99 W, 62, P2, 0x0000000000000000
2026/09/26 13:33:49.842, 0, 20068 MiB, 100 %, 1950 MHz, 1950 MHz, 166.53 W, 62, P2, 0x0000000000000000
2026/09/26 13:33:50.842, 0, 20068 MiB, 100 %, 1950 MHz, 1950 MHz, 166.05 W, 62, P2, 0x0000000000000000
2026/09/26 13:33:51.842, 0, 20068 MiB, 100 %, 1950 MHz, 1950 MHz, 166.32 W, 62, P2, 0x0000000000000000
2026/09/26 13:33:52.842, 0, 20068 MiB, 99 %, 1950 MHz, 1950 MHz, 167.41 W, 62, P2, 0x0000000000000000
2026/09/26 13:33:53.842, 0, 20740 MiB, 100 %, 1950 MHz, 1950 MHz, 170.71 W, 62, P2, 0x0000000000000000
2026/09/26 13:33:54.842, 0, 20740 MiB, 78 %, 1935 MHz, 1935 MHz, 273.27 W, 68, P2, 0x0000000000000000
2026/09/26 13:33:55.843, 0, 20740 MiB, 80 %, 1935 MHz, 1935 MHz, 325.85 W, 69, P2, 0x0000000000000000
2026/09/26 13:33:56.843, 0, 20740 MiB, 78 %, 1935 MHz, 1935 MHz, 310.06 W, 66, P2, 0x0000000000000004
2026/09/26 13:33:57.843, 0, 20740 MiB, 78 %, 1935 MHz, 1935 MHz, 295.94 W, 70, P2, 0x0000000000000000
2026/09/26 13:33:58.843, 0, 20740 MiB, 79 %, 1935 MHz, 1935 MHz, 329.82 W, 71, P2, 0x0000000000000004
2026/09/26 13:33:59.843, 0, 20740 MiB, 80 %, 1935 MHz, 1935 MHz, 292.68 W, 68, P2, 0x0000000000000000
2026/09/26 13:34:00.843, 0, 20740 MiB, 76 %, 1935 MHz, 1935 MHz, 320.49 W, 71, P2, 0x0000000000000004
2026/09/26 13:34:01.843, 0, 20740 MiB, 78 %, 1935 MHz, 1935 MHz, 332.20 W, 72, P2, 0x0000000000000004
2026/09/26 13:34:02.843, 0, 20740 MiB, 80 %, 1920 MHz, 1920 MHz, 294.87 W, 71, P2, 0x0000000000000000
2026/09/26 13:34:03.844, 0, 20740 MiB, 79 %, 1920 MHz, 1920 MHz, 333.13 W, 72, P2, 0x0000000000000000
2026/09/26 13:34:04.844, 0, 20740 MiB, 78 %, 1920 MHz, 1920 MHz, 333.20 W, 73, P2, 0x0000000000000000
2026/09/26 13:34:05.844, 0, 20740 MiB, 6 %, 1920 MHz, 1920 MHz, 288.48 W, 72, P2, 0x0000000000000000
2026/09/26 13:34:06.844, 0, 20740 MiB, 80 %, 1920 MHz, 1920 MHz, 332.47 W, 73, P2, 0x0000000000000000
2026/09/26 13:34:07.844, 0, 20740 MiB, 80 %, 1920 MHz, 1920 MHz, 331.40 W, 73, P2, 0x0000000000000004
2026/09/26 13:34:08.844, 0, 20748 MiB, 37 %, 1920 MHz, 1920 MHz, 260.11 W, 71, P2, 0x0000000000000000
2026/09/26 13:34:09.844, 0, 20748 MiB, 78 %, 1920 MHz, 1920 MHz, 328.92 W, 73, P2, 0x0000000000000000
2026/09/26 13:34:10.845, 0, 20748 MiB, 80 %, 1920 MHz, 1920 MHz, 329.96 W, 73, P2, 0x0000000000000004
2026/09/26 13:34:11.845, 0, 20748 MiB, 80 %, 1920 MHz, 1920 MHz, 294.00 W, 72, P2, 0x0000000000000004
2026/09/26 13:34:12.845, 0, 20748 MiB, 79 %, 1920 MHz, 1920 MHz, 324.17 W, 74, P2, 0x0000000000000004
2026/09/26 13:34:13.845, 0, 20748 MiB, 79 %, 1920 MHz, 1920 MHz, 330.05 W, 74, P2, 0x0000000000000004
2026/09/26 13:34:14.846, 0, 20748 MiB, 80 %, 1920 MHz, 1920 MHz, 299.92 W, 74, P2, 0x0000000000000004
2026/09/26 13:34:15.846, 0, 20748 MiB, 79 %, 1920 MHz, 1920 MHz, 331.45 W, 75, P2, 0x0000000000000004
2026/09/26 13:34:16.846, 0, 20748 MiB, 79 %, 1920 MHz, 1920 MHz, 332.02 W, 75, P2, 0x0000000000000004
2026/09/26 13:34:17.846, 0, 20748 MiB, 80 %, 1920 MHz, 1920 MHz, 302.77 W, 75, P2, 0x0000000000000004
2026/09/26 13:34:18.846, 0, 20748 MiB, 78 %, 1920 MHz, 1920 MHz, 334.41 W, 76, P2, 0x0000000000000004
2026/09/26 13:34:19.846, 0, 20748 MiB, 79 %, 1920 MHz, 1920 MHz, 334.69 W, 76, P2, 0x0000000000000004
2026/09/26 13:34:20.847, 0, 20748 MiB, 81 %, 1920 MHz, 1920 MHz, 301.53 W, 76, P2, 0x0000000000000004
2026/09/26 13:34:21.847, 0, 20748 MiB, 79 %, 1920 MHz, 1920 MHz, 334.66 W, 77, P2, 0x0000000000000004
2026/09/26 13:34:22.847, 0, 20748 MiB, 79 %, 1920 MHz, 1920 MHz, 336.14 W, 77, P2, 0x0000000000000000
2026/09/26 13:34:23.847, 0, 20748 MiB, 61 %, 1905 MHz, 1905 MHz, 303.17 W, 76, P2, 0x0000000000000004
2026/09/26 13:34:24.847, 0, 20748 MiB, 79 %, 1905 MHz, 1905 MHz, 333.19 W, 77, P2, 0x0000000000000004
2026/09/26 13:34:25.848, 0, 20748 MiB, 78 %, 1905 MHz, 1905 MHz, 333.00 W, 77, P2, 0x0000000000000004
2026/09/26 13:34:26.848, 0, 178 MiB, 25 %, 1905 MHz, 1905 MHz, 253.35 W, 72, P2, 0x0000000000000024
2026/09/26 13:34:27.848, 0, 178 MiB, 0 %, 1920 MHz, 1920 MHz, 177.09 W, 69, P0, 0x0000000000000000
2026/09/26 13:34:28.849, 0, 181 MiB, 0 %, 1920 MHz, 1920 MHz, 171.54 W, 67, P3, 0x0000000000000000
2026/09/26 13:34:29.851, 0, 442 MiB, 0 %, 1935 MHz, 1935 MHz, 158.68 W, 66, P2, 0x0000000000000000
2026/09/26 13:34:30.851, 0, 442 MiB, 0 %, 1935 MHz, 1935 MHz, 171.47 W, 65, P2, 0x0000000000000000
2026/09/26 13:34:31.851, 0, 442 MiB, 6 %, 1695 MHz, 1695 MHz, 161.22 W, 63, P2, 0x0000000000000000
2026/09/26 13:34:32.851, 0, 442 MiB, 0 %, 1695 MHz, 1695 MHz, 135.61 W, 62, P2, 0x0000000000000000
2026/09/26 13:34:33.851, 0, 442 MiB, 2 %, 1695 MHz, 1695 MHz, 134.59 W, 62, P2, 0x0000000000000000
2026/09/26 13:34:34.852, 0, 20068 MiB, 0 %, 1950 MHz, 1950 MHz, 134.30 W, 61, P2, 0x0000000000000000
2026/09/26 13:34:35.852, 0, 20068 MiB, 100 %, 1950 MHz, 1950 MHz, 166.24 W, 63, P2, 0x0000000000000000
2026/09/26 13:34:36.852, 0, 20068 MiB, 100 %, 1950 MHz, 1950 MHz, 167.66 W, 63, P2, 0x0000000000000000
2026/09/26 13:34:37.852, 0, 20068 MiB, 99 %, 1950 MHz, 1950 MHz, 163.71 W, 62, P2, 0x0000000000000000
2026/09/26 13:34:38.852, 0, 20068 MiB, 100 %, 1950 MHz, 1950 MHz, 160.69 W, 62, P2, 0x0000000000000000
2026/09/26 13:34:39.853, 0, 20068 MiB, 100 %, 1950 MHz, 1950 MHz, 160.33 W, 62, P2, 0x0000000000000000
2026/09/26 13:34:40.853, 0, 20068 MiB, 100 %, 1950 MHz, 1950 MHz, 159.96 W, 61, P2, 0x0000000000000000
2026/09/26 13:34:41.853, 0, 20740 MiB, 99 %, 1950 MHz, 1950 MHz, 163.02 W, 61, P2, 0x0000000000000000
2026/09/26 13:34:42.853, 0, 20740 MiB, 66 %, 1935 MHz, 1935 MHz, 251.13 W, 67, P2, 0x0000000000000000
2026/09/26 13:34:43.853, 0, 20740 MiB, 66 %, 1935 MHz, 1935 MHz, 299.44 W, 68, P2, 0x0000000000000000
2026/09/26 13:34:44.853, 0, 20740 MiB, 65 %, 1935 MHz, 1935 MHz, 299.91 W, 69, P2, 0x0000000000000000
2026/09/26 13:34:45.854, 0, 20740 MiB, 22 %, 1935 MHz, 1935 MHz, 264.89 W, 68, P2, 0x0000000000000000
2026/09/26 13:34:46.854, 0, 20740 MiB, 65 %, 1935 MHz, 1935 MHz, 301.54 W, 69, P2, 0x0000000000000000
2026/09/26 13:34:47.854, 0, 20740 MiB, 66 %, 1935 MHz, 1935 MHz, 302.25 W, 70, P2, 0x0000000000000000
2026/09/26 13:34:48.854, 0, 20740 MiB, 66 %, 1935 MHz, 1935 MHz, 281.19 W, 66, P2, 0x0000000000000000
2026/09/26 13:34:49.854, 0, 20740 MiB, 66 %, 1935 MHz, 1935 MHz, 271.86 W, 70, P2, 0x0000000000000000
2026/09/26 13:34:50.854, 0, 20740 MiB, 64 %, 1935 MHz, 1935 MHz, 303.23 W, 70, P2, 0x0000000000000000
2026/09/26 13:34:51.855, 0, 20740 MiB, 64 %, 1935 MHz, 1935 MHz, 302.93 W, 71, P2, 0x0000000000000000
2026/09/26 13:34:52.855, 0, 20740 MiB, 50 %, 1935 MHz, 1935 MHz, 259.98 W, 70, P2, 0x0000000000000000
2026/09/26 13:34:53.855, 0, 20740 MiB, 65 %, 1935 MHz, 1935 MHz, 303.73 W, 71, P2, 0x0000000000000000
2026/09/26 13:34:54.855, 0, 20740 MiB, 66 %, 1935 MHz, 1935 MHz, 303.13 W, 71, P2, 0x0000000000000000
2026/09/26 13:34:55.855, 0, 20740 MiB, 65 %, 1920 MHz, 1920 MHz, 266.24 W, 67, P2, 0x0000000000000004
2026/09/26 13:34:56.856, 0, 20740 MiB, 66 %, 1935 MHz, 1935 MHz, 289.99 W, 71, P2, 0x0000000000000000
2026/09/26 13:34:57.856, 0, 20740 MiB, 66 %, 1935 MHz, 1935 MHz, 304.78 W, 71, P2, 0x0000000000000000
2026/09/26 13:34:58.856, 0, 20748 MiB, 66 %, 1935 MHz, 1935 MHz, 304.16 W, 72, P2, 0x0000000000000000
2026/09/26 13:34:59.856, 0, 20748 MiB, 99 %, 1935 MHz, 1935 MHz, 238.09 W, 71, P2, 0x0000000000000000
2026/09/26 13:35:00.856, 0, 20748 MiB, 67 %, 1935 MHz, 1935 MHz, 304.88 W, 71, P2, 0x0000000000000000
2026/09/26 13:35:01.857, 0, 20748 MiB, 65 %, 1935 MHz, 1935 MHz, 304.18 W, 72, P2, 0x0000000000000000
2026/09/26 13:35:02.857, 0, 20748 MiB, 65 %, 1920 MHz, 1920 MHz, 284.14 W, 68, P2, 0x0000000000000000
2026/09/26 13:35:03.857, 0, 20748 MiB, 64 %, 1920 MHz, 1920 MHz, 279.71 W, 72, P2, 0x0000000000000000
2026/09/26 13:35:04.857, 0, 20748 MiB, 65 %, 1920 MHz, 1920 MHz, 307.89 W, 72, P2, 0x0000000000000000
2026/09/26 13:35:05.858, 0, 20748 MiB, 66 %, 1920 MHz, 1920 MHz, 307.26 W, 72, P2, 0x0000000000000000
2026/09/26 13:35:06.858, 0, 20748 MiB, 56 %, 1920 MHz, 1920 MHz, 271.73 W, 72, P2, 0x0000000000000000
2026/09/26 13:35:07.858, 0, 20748 MiB, 66 %, 1920 MHz, 1920 MHz, 308.38 W, 72, P2, 0x0000000000000000
2026/09/26 13:35:08.858, 0, 20748 MiB, 66 %, 1920 MHz, 1920 MHz, 307.22 W, 73, P2, 0x0000000000000000
2026/09/26 13:35:09.858, 0, 20748 MiB, 66 %, 1920 MHz, 1920 MHz, 277.40 W, 70, P2, 0x0000000000000004
2026/09/26 13:35:10.859, 0, 20748 MiB, 66 %, 1920 MHz, 1920 MHz, 293.39 W, 73, P2, 0x0000000000000000
2026/09/26 13:35:11.859, 0, 20748 MiB, 64 %, 1920 MHz, 1920 MHz, 309.27 W, 73, P2, 0x0000000000000000
2026/09/26 13:35:12.859, 0, 20748 MiB, 68 %, 1920 MHz, 1920 MHz, 309.20 W, 73, P2, 0x0000000000000000
2026/09/26 13:35:13.859, 0, 20748 MiB, 47 %, 1920 MHz, 1920 MHz, 270.96 W, 73, P2, 0x0000000000000000
2026/09/26 13:35:14.860, 0, 20748 MiB, 66 %, 1920 MHz, 1920 MHz, 310.08 W, 74, P2, 0x0000000000000000
2026/09/26 13:35:15.860, 0, 20748 MiB, 65 %, 1920 MHz, 1920 MHz, 309.82 W, 74, P2, 0x0000000000000000
2026/09/26 13:35:16.860, 0, 20748 MiB, 66 %, 1920 MHz, 1920 MHz, 271.03 W, 72, P2, 0x0000000000000000
2026/09/26 13:35:17.860, 0, 20748 MiB, 64 %, 1920 MHz, 1920 MHz, 308.59 W, 74, P2, 0x0000000000000000
2026/09/26 13:35:18.860, 0, 20748 MiB, 64 %, 1920 MHz, 1920 MHz, 311.07 W, 74, P2, 0x0000000000000000
2026/09/26 13:35:19.861, 0, 488 MiB, 67 %, 1920 MHz, 1920 MHz, 306.51 W, 72, P2, 0x0000000000000000
2026/09/26 13:35:20.861, 0, 178 MiB, 100 %, 1920 MHz, 1920 MHz, 183.95 W, 68, P0, 0x0000000000000000
2026/09/26 13:35:21.861, 0, 178 MiB, 0 %, 1935 MHz, 1935 MHz, 170.40 W, 67, P0, 0x0000000000000024
2026/09/26 13:35:22.862, 0, 442 MiB, 0 %, 885 MHz, 885 MHz, 143.68 W, 63, P0, 0x0000000000000000
2026/09/26 13:35:23.869, 0, 442 MiB, 0 %, 1935 MHz, 1935 MHz, 158.84 W, 65, P2, 0x0000000000000000
2026/09/26 13:35:24.869, 0, 442 MiB, 0 %, 1935 MHz, 1935 MHz, 171.77 W, 65, P2, 0x0000000000000000
2026/09/26 13:35:25.870, 0, 442 MiB, 6 %, 1695 MHz, 1695 MHz, 155.75 W, 63, P2, 0x0000000000000000
2026/09/26 13:35:26.870, 0, 442 MiB, 0 %, 1695 MHz, 1695 MHz, 134.94 W, 62, P2, 0x0000000000000000
2026/09/26 13:35:27.870, 0, 20068 MiB, 0 %, 1695 MHz, 1695 MHz, 133.72 W, 62, P2, 0x0000000000000000
2026/09/26 13:35:28.870, 0, 20068 MiB, 99 %, 1950 MHz, 1950 MHz, 151.95 W, 63, P2, 0x0000000000000000
2026/09/26 13:35:29.871, 0, 20068 MiB, 100 %, 1950 MHz, 1950 MHz, 171.42 W, 63, P2, 0x0000000000000000
2026/09/26 13:35:30.871, 0, 20068 MiB, 100 %, 1950 MHz, 1950 MHz, 169.83 W, 62, P2, 0x0000000000000000
2026/09/26 13:35:31.871, 0, 20068 MiB, 99 %, 1950 MHz, 1950 MHz, 163.02 W, 62, P2, 0x0000000000000000
2026/09/26 13:35:32.872, 0, 20068 MiB, 99 %, 1950 MHz, 1950 MHz, 161.16 W, 62, P2, 0x0000000000000000
2026/09/26 13:35:33.872, 0, 20068 MiB, 99 %, 1950 MHz, 1950 MHz, 159.66 W, 62, P2, 0x0000000000000000
2026/09/26 13:35:34.872, 0, 20068 MiB, 99 %, 1950 MHz, 1950 MHz, 159.50 W, 61, P2, 0x0000000000000000
2026/09/26 13:35:35.872, 0, 20740 MiB, 99 %, 1950 MHz, 1950 MHz, 162.78 W, 62, P2, 0x0000000000000000
2026/09/26 13:35:36.872, 0, 20740 MiB, 64 %, 1935 MHz, 1935 MHz, 250.80 W, 67, P2, 0x0000000000000000
2026/09/26 13:35:37.873, 0, 20740 MiB, 66 %, 1935 MHz, 1935 MHz, 299.22 W, 68, P2, 0x0000000000000000
2026/09/26 13:35:38.873, 0, 20740 MiB, 65 %, 1935 MHz, 1935 MHz, 300.10 W, 68, P2, 0x0000000000000000
2026/09/26 13:35:39.873, 0, 20740 MiB, 39 %, 1935 MHz, 1935 MHz, 264.85 W, 68, P2, 0x0000000000000000
2026/09/26 13:35:40.873, 0, 20740 MiB, 65 %, 1935 MHz, 1935 MHz, 302.07 W, 69, P2, 0x0000000000000000
2026/09/26 13:35:41.874, 0, 20740 MiB, 66 %, 1935 MHz, 1935 MHz, 302.80 W, 69, P2, 0x0000000000000000
2026/09/26 13:35:42.874, 0, 20740 MiB, 66 %, 1935 MHz, 1935 MHz, 283.51 W, 66, P2, 0x0000000000000000
2026/09/26 13:35:43.874, 0, 20740 MiB, 65 %, 1935 MHz, 1935 MHz, 269.21 W, 70, P2, 0x0000000000000000
2026/09/26 13:35:44.874, 0, 20740 MiB, 66 %, 1935 MHz, 1935 MHz, 303.30 W, 70, P2, 0x0000000000000000
2026/09/26 13:35:45.874, 0, 20740 MiB, 66 %, 1935 MHz, 1935 MHz, 302.86 W, 70, P2, 0x0000000000000000
2026/09/26 13:35:46.875, 0, 20740 MiB, 59 %, 1935 MHz, 1935 MHz, 260.08 W, 70, P2, 0x0000000000000000
2026/09/26 13:35:47.875, 0, 20740 MiB, 65 %, 1935 MHz, 1935 MHz, 303.62 W, 71, P2, 0x0000000000000000
2026/09/26 13:35:48.875, 0, 20740 MiB, 66 %, 1935 MHz, 1935 MHz, 302.94 W, 70, P2, 0x0000000000000000
2026/09/26 13:35:49.875, 0, 20740 MiB, 65 %, 1935 MHz, 1935 MHz, 267.32 W, 67, P2, 0x0000000000000004
2026/09/26 13:35:50.876, 0, 20740 MiB, 65 %, 1935 MHz, 1935 MHz, 286.18 W, 71, P2, 0x0000000000000000
2026/09/26 13:35:51.876, 0, 20740 MiB, 66 %, 1935 MHz, 1935 MHz, 304.74 W, 71, P2, 0x0000000000000000
2026/09/26 13:35:52.876, 0, 20748 MiB, 65 %, 1935 MHz, 1935 MHz, 304.11 W, 72, P2, 0x0000000000000000
2026/09/26 13:35:53.877, 0, 20748 MiB, 94 %, 1935 MHz, 1935 MHz, 234.70 W, 70, P2, 0x0000000000000000
2026/09/26 13:35:54.877, 0, 20748 MiB, 65 %, 1935 MHz, 1935 MHz, 305.12 W, 71, P2, 0x0000000000000000
2026/09/26 13:35:55.877, 0, 20748 MiB, 66 %, 1935 MHz, 1935 MHz, 304.63 W, 72, P2, 0x0000000000000000
2026/09/26 13:35:56.877, 0, 20748 MiB, 67 %, 1920 MHz, 1920 MHz, 289.54 W, 68, P2, 0x0000000000000000
2026/09/26 13:35:57.877, 0, 20748 MiB, 66 %, 1920 MHz, 1920 MHz, 270.04 W, 72, P2, 0x0000000000000000
2026/09/26 13:35:58.878, 0, 20748 MiB, 65 %, 1920 MHz, 1920 MHz, 307.33 W, 72, P2, 0x0000000000000000
2026/09/26 13:35:59.878, 0, 20748 MiB, 60 %, 1920 MHz, 1920 MHz, 306.90 W, 72, P2, 0x0000000000000000
2026/09/26 13:36:00.878, 0, 20748 MiB, 36 %, 1920 MHz, 1920 MHz, 267.97 W, 72, P2, 0x0000000000000000
2026/09/26 13:36:01.878, 0, 20748 MiB, 65 %, 1920 MHz, 1920 MHz, 308.05 W, 72, P2, 0x0000000000000000
2026/09/26 13:36:02.879, 0, 20748 MiB, 65 %, 1920 MHz, 1920 MHz, 307.23 W, 72, P2, 0x0000000000000000
2026/09/26 13:36:03.879, 0, 20748 MiB, 65 %, 1920 MHz, 1920 MHz, 281.65 W, 70, P2, 0x0000000000000000
2026/09/26 13:36:04.879, 0, 20748 MiB, 65 %, 1920 MHz, 1920 MHz, 284.95 W, 73, P2, 0x0000000000000000
2026/09/26 13:36:05.879, 0, 20748 MiB, 65 %, 1920 MHz, 1920 MHz, 309.48 W, 73, P2, 0x0000000000000000
2026/09/26 13:36:06.879, 0, 20748 MiB, 66 %, 1920 MHz, 1920 MHz, 309.38 W, 73, P2, 0x0000000000000000
2026/09/26 13:36:07.880, 0, 20748 MiB, 42 %, 1920 MHz, 1920 MHz, 272.00 W, 73, P2, 0x0000000000000000
2026/09/26 13:36:08.880, 0, 20748 MiB, 65 %, 1920 MHz, 1920 MHz, 310.82 W, 74, P2, 0x0000000000000000
2026/09/26 13:36:09.880, 0, 20748 MiB, 66 %, 1920 MHz, 1920 MHz, 310.04 W, 74, P2, 0x0000000000000000
2026/09/26 13:36:10.880, 0, 20748 MiB, 66 %, 1920 MHz, 1920 MHz, 271.11 W, 71, P2, 0x0000000000000004
2026/09/26 13:36:11.881, 0, 20748 MiB, 65 %, 1920 MHz, 1920 MHz, 299.40 W, 74, P2, 0x0000000000000000
2026/09/26 13:36:12.881, 0, 20748 MiB, 66 %, 1920 MHz, 1920 MHz, 311.95 W, 74, P2, 0x0000000000000000
2026/09/26 13:36:13.881, 0, 488 MiB, 65 %, 1920 MHz, 1920 MHz, 311.71 W, 75, P2, 0x0000000000000000
2026/09/26 13:36:14.881, 0, 178 MiB, 100 %, 1920 MHz, 1920 MHz, 184.80 W, 68, P0, 0x0000000000000000
2026/09/26 13:36:15.882, 0, 178 MiB, 0 %, 1920 MHz, 1920 MHz, 170.62 W, 67, P0, 0x0000000000000024
2026/09/26 13:36:16.882, 0, 442 MiB, 0 %, 885 MHz, 885 MHz, 143.40 W, 62, P0, 0x0000000000000000
2026/09/26 13:36:18.010, 0, 442 MiB, 0 %, 1935 MHz, 1935 MHz, 167.65 W, 65, P2, 0x0000000000000000
2026/09/26 13:36:19.010, 0, 442 MiB, 0 %, 1935 MHz, 1935 MHz, 171.46 W, 65, P2, 0x0000000000000000
2026/09/26 13:36:20.010, 0, 442 MiB, 0 %, 1695 MHz, 1695 MHz, 143.59 W, 62, P2, 0x0000000000000000
2026/09/26 13:36:21.010, 0, 20068 MiB, 100 %, 1935 MHz, 1935 MHz, 143.11 W, 63, P2, 0x0000000000000000
2026/09/26 13:36:22.010, 0, 20068 MiB, 100 %, 1935 MHz, 1935 MHz, 170.76 W, 64, P2, 0x0000000000000000
2026/09/26 13:36:23.010, 0, 20068 MiB, 100 %, 1935 MHz, 1935 MHz, 170.93 W, 63, P2, 0x0000000000000000
2026/09/26 13:36:24.011, 0, 20068 MiB, 99 %, 1935 MHz, 1935 MHz, 170.89 W, 63, P2, 0x0000000000000000
2026/09/26 13:36:25.011, 0, 20068 MiB, 100 %, 1935 MHz, 1935 MHz, 170.56 W, 63, P2, 0x0000000000000000
2026/09/26 13:36:26.011, 0, 20068 MiB, 100 %, 1935 MHz, 1935 MHz, 169.79 W, 63, P2, 0x0000000000000000
2026/09/26 13:36:27.011, 0, 20068 MiB, 100 %, 1935 MHz, 1935 MHz, 170.32 W, 63, P2, 0x0000000000000000
2026/09/26 13:36:28.011, 0, 20068 MiB, 99 %, 1935 MHz, 1935 MHz, 169.86 W, 63, P2, 0x0000000000000000
2026/09/26 13:36:29.011, 0, 20068 MiB, 100 %, 1935 MHz, 1935 MHz, 169.83 W, 62, P2, 0x0000000000000000
2026/09/26 13:36:30.012, 0, 20068 MiB, 100 %, 1935 MHz, 1935 MHz, 167.59 W, 62, P2, 0x0000000000000000
2026/09/26 13:36:31.012, 0, 20068 MiB, 100 %, 1935 MHz, 1935 MHz, 168.74 W, 62, P2, 0x0000000000000000
2026/09/26 13:36:32.012, 0, 20724 MiB, 100 %, 1935 MHz, 1935 MHz, 168.74 W, 62, P2, 0x0000000000000000
2026/09/26 13:36:33.012, 0, 20740 MiB, 0 %, 1950 MHz, 1950 MHz, 213.70 W, 66, P2, 0x0000000000000004
2026/09/26 13:36:34.012, 0, 20740 MiB, 78 %, 1935 MHz, 1935 MHz, 321.21 W, 69, P2, 0x0000000000000004
2026/09/26 13:36:35.012, 0, 20740 MiB, 79 %, 1935 MHz, 1935 MHz, 324.65 W, 69, P2, 0x0000000000000004
2026/09/26 13:36:36.012, 0, 20740 MiB, 42 %, 1935 MHz, 1935 MHz, 295.01 W, 69, P2, 0x0000000000000004
2026/09/26 13:36:37.012, 0, 20740 MiB, 78 %, 1935 MHz, 1935 MHz, 326.26 W, 70, P2, 0x0000000000000004
2026/09/26 13:36:38.013, 0, 20740 MiB, 79 %, 1935 MHz, 1935 MHz, 326.92 W, 71, P2, 0x0000000000000004
2026/09/26 13:36:39.013, 0, 20740 MiB, 71 %, 1935 MHz, 1935 MHz, 293.48 W, 71, P2, 0x0000000000000004
2026/09/26 13:36:40.013, 0, 20740 MiB, 77 %, 1935 MHz, 1935 MHz, 327.23 W, 72, P2, 0x0000000000000000
2026/09/26 13:36:41.013, 0, 20740 MiB, 76 %, 1920 MHz, 1920 MHz, 327.31 W, 72, P2, 0x0000000000000000
2026/09/26 13:36:42.013, 0, 20740 MiB, 77 %, 1920 MHz, 1920 MHz, 285.33 W, 72, P2, 0x0000000000000004
2026/09/26 13:36:43.013, 0, 20740 MiB, 79 %, 1920 MHz, 1920 MHz, 332.68 W, 72, P2, 0x0000000000000000
2026/09/26 13:36:44.013, 0, 20740 MiB, 78 %, 1920 MHz, 1920 MHz, 327.63 W, 73, P2, 0x0000000000000004
2026/09/26 13:36:45.013, 0, 20740 MiB, 78 %, 1920 MHz, 1920 MHz, 296.82 W, 73, P2, 0x0000000000000000
2026/09/26 13:36:46.014, 0, 20740 MiB, 78 %, 1920 MHz, 1920 MHz, 334.60 W, 73, P2, 0x0000000000000004
2026/09/26 13:36:47.014, 0, 20748 MiB, 79 %, 1920 MHz, 1920 MHz, 310.60 W, 71, P2, 0x0000000000000000
2026/09/26 13:36:48.014, 0, 20748 MiB, 73 %, 1920 MHz, 1920 MHz, 266.31 W, 73, P2, 0x0000000000000000
2026/09/26 13:36:49.014, 0, 20748 MiB, 78 %, 1920 MHz, 1920 MHz, 332.88 W, 73, P2, 0x0000000000000004
2026/09/26 13:36:50.014, 0, 20748 MiB, 79 %, 1920 MHz, 1920 MHz, 330.14 W, 74, P2, 0x0000000000000004
2026/09/26 13:36:51.014, 0, 20748 MiB, 78 %, 1920 MHz, 1920 MHz, 299.58 W, 74, P2, 0x0000000000000000
2026/09/26 13:36:52.015, 0, 20748 MiB, 79 %, 1920 MHz, 1920 MHz, 333.37 W, 74, P2, 0x0000000000000004
2026/09/26 13:36:53.015, 0, 20748 MiB, 79 %, 1920 MHz, 1920 MHz, 331.51 W, 75, P2, 0x0000000000000004
2026/09/26 13:36:54.015, 0, 20748 MiB, 79 %, 1920 MHz, 1920 MHz, 299.99 W, 75, P2, 0x0000000000000004
2026/09/26 13:36:55.015, 0, 20748 MiB, 80 %, 1920 MHz, 1920 MHz, 333.30 W, 75, P2, 0x0000000000000004
2026/09/26 13:36:56.015, 0, 20748 MiB, 80 %, 1920 MHz, 1920 MHz, 334.32 W, 76, P2, 0x0000000000000004
2026/09/26 13:36:57.015, 0, 20748 MiB, 78 %, 1920 MHz, 1920 MHz, 297.74 W, 76, P2, 0x0000000000000004
2026/09/26 13:36:58.017, 0, 20748 MiB, 79 %, 1920 MHz, 1920 MHz, 334.27 W, 76, P2, 0x0000000000000004
2026/09/26 13:36:59.018, 0, 20748 MiB, 79 %, 1920 MHz, 1920 MHz, 335.58 W, 77, P2, 0x0000000000000004
2026/09/26 13:37:00.018, 0, 20748 MiB, 79 %, 1920 MHz, 1920 MHz, 297.98 W, 76, P2, 0x0000000000000004
2026/09/26 13:37:01.018, 0, 20748 MiB, 80 %, 1905 MHz, 1905 MHz, 332.37 W, 77, P2, 0x0000000000000004
2026/09/26 13:37:02.018, 0, 20748 MiB, 79 %, 1905 MHz, 1905 MHz, 329.54 W, 77, P2, 0x0000000000000004
2026/09/26 13:37:03.018, 0, 20748 MiB, 77 %, 1905 MHz, 1905 MHz, 298.41 W, 77, P2, 0x0000000000000004
2026/09/26 13:37:04.018, 0, 20748 MiB, 78 %, 1905 MHz, 1905 MHz, 331.84 W, 77, P2, 0x0000000000000000
2026/09/26 13:37:05.018, 0, 488 MiB, 75 %, 1905 MHz, 1905 MHz, 331.04 W, 78, P2, 0x0000000000000004
2026/09/26 13:37:06.019, 0, 178 MiB, 100 %, 1920 MHz, 1920 MHz, 202.19 W, 70, P0, 0x0000000000000024
2026/09/26 13:37:07.019, 0, 178 MiB, 0 %, 1920 MHz, 1920 MHz, 181.08 W, 69, P0, 0x0000000000000000
2026/09/26 13:37:08.019, 0, 442 MiB, 0 %, 1695 MHz, 1695 MHz, 161.03 W, 65, P0, 0x0000000000000000
2026/09/26 13:37:09.082, 0, 442 MiB, 0 %, 1935 MHz, 1935 MHz, 162.62 W, 66, P2, 0x0000000000000000
2026/09/26 13:37:10.082, 0, 442 MiB, 1 %, 1935 MHz, 1935 MHz, 172.73 W, 65, P2, 0x0000000000000000
2026/09/26 13:37:11.082, 0, 442 MiB, 0 %, 1695 MHz, 1695 MHz, 152.60 W, 63, P2, 0x0000000000000000
2026/09/26 13:37:12.082, 0, 442 MiB, 0 %, 1695 MHz, 1695 MHz, 137.06 W, 62, P2, 0x0000000000000000
2026/09/26 13:37:13.083, 0, 19140 MiB, 23 %, 1695 MHz, 1695 MHz, 136.58 W, 62, P2, 0x0000000000000000
2026/09/26 13:37:14.083, 0, 19140 MiB, 100 %, 1935 MHz, 1935 MHz, 147.50 W, 63, P2, 0x0000000000000000
2026/09/26 13:37:15.083, 0, 19140 MiB, 100 %, 1935 MHz, 1935 MHz, 172.03 W, 63, P2, 0x0000000000000000
2026/09/26 13:37:16.083, 0, 19140 MiB, 99 %, 1935 MHz, 1935 MHz, 172.01 W, 63, P2, 0x0000000000000000
2026/09/26 13:37:17.083, 0, 19140 MiB, 100 %, 1935 MHz, 1935 MHz, 170.90 W, 63, P2, 0x0000000000000000
2026/09/26 13:37:18.084, 0, 19140 MiB, 99 %, 1935 MHz, 1935 MHz, 170.59 W, 63, P2, 0x0000000000000000
2026/09/26 13:37:19.084, 0, 19140 MiB, 100 %, 1935 MHz, 1935 MHz, 170.55 W, 63, P2, 0x0000000000000000
2026/09/26 13:37:20.084, 0, 19140 MiB, 100 %, 1935 MHz, 1935 MHz, 170.25 W, 62, P2, 0x0000000000000000
2026/09/26 13:37:21.084, 0, 19140 MiB, 99 %, 1935 MHz, 1935 MHz, 169.21 W, 62, P2, 0x0000000000000000
2026/09/26 13:37:22.084, 0, 19140 MiB, 100 %, 1935 MHz, 1935 MHz, 169.34 W, 62, P2, 0x0000000000000000
2026/09/26 13:37:23.084, 0, 19140 MiB, 100 %, 1935 MHz, 1935 MHz, 168.63 W, 62, P2, 0x0000000000000000
2026/09/26 13:37:24.085, 0, 21190 MiB, 99 %, 1935 MHz, 1935 MHz, 168.38 W, 62, P2, 0x0000000000000000
2026/09/26 13:37:25.085, 0, 22366 MiB, 54 %, 1935 MHz, 1935 MHz, 174.46 W, 62, P2, 0x0000000000000000
2026/09/26 13:37:26.085, 0, 22366 MiB, 62 %, 1935 MHz, 1935 MHz, 275.49 W, 67, P2, 0x0000000000000000
2026/09/26 13:37:27.085, 0, 22366 MiB, 66 %, 1935 MHz, 1935 MHz, 296.70 W, 67, P2, 0x0000000000000000
2026/09/26 13:37:28.085, 0, 22366 MiB, 62 %, 1935 MHz, 1935 MHz, 264.24 W, 67, P2, 0x0000000000000000
2026/09/26 13:37:29.085, 0, 22366 MiB, 63 %, 1935 MHz, 1935 MHz, 297.18 W, 68, P2, 0x0000000000000000
2026/09/26 13:37:30.086, 0, 22366 MiB, 64 %, 1935 MHz, 1935 MHz, 297.55 W, 68, P2, 0x0000000000000000
2026/09/26 13:37:31.086, 0, 22366 MiB, 34 %, 1935 MHz, 1935 MHz, 265.19 W, 68, P2, 0x0000000000000000
2026/09/26 13:37:32.086, 0, 22366 MiB, 64 %, 1935 MHz, 1935 MHz, 300.40 W, 69, P2, 0x0000000000000000
2026/09/26 13:37:33.086, 0, 22366 MiB, 59 %, 1935 MHz, 1935 MHz, 301.18 W, 69, P2, 0x0000000000000000
2026/09/26 13:37:34.086, 0, 22382 MiB, 56 %, 1935 MHz, 1935 MHz, 255.26 W, 69, P2, 0x0000000000000000
2026/09/26 13:37:35.087, 0, 22382 MiB, 63 %, 1935 MHz, 1935 MHz, 302.15 W, 69, P2, 0x0000000000000000
2026/09/26 13:37:36.087, 0, 22382 MiB, 64 %, 1935 MHz, 1935 MHz, 301.92 W, 70, P2, 0x0000000000000000
2026/09/26 13:37:37.087, 0, 22382 MiB, 44 %, 1935 MHz, 1935 MHz, 258.45 W, 69, P2, 0x0000000000000000
2026/09/26 13:37:38.087, 0, 22382 MiB, 61 %, 1935 MHz, 1935 MHz, 301.60 W, 70, P2, 0x0000000000000000
2026/09/26 13:37:39.087, 0, 22388 MiB, 56 %, 1935 MHz, 1935 MHz, 300.00 W, 70, P2, 0x0000000000000000
2026/09/26 13:37:40.087, 0, 22388 MiB, 98 %, 1935 MHz, 1935 MHz, 204.89 W, 68, P2, 0x0000000000000000
2026/09/26 13:37:41.088, 0, 22388 MiB, 63 %, 1935 MHz, 1935 MHz, 297.93 W, 69, P2, 0x0000000000000000
2026/09/26 13:37:42.088, 0, 22388 MiB, 60 %, 1935 MHz, 1935 MHz, 300.46 W, 70, P2, 0x0000000000000000
2026/09/26 13:37:43.088, 0, 22388 MiB, 49 %, 1935 MHz, 1935 MHz, 268.32 W, 70, P2, 0x0000000000000000
2026/09/26 13:37:44.088, 0, 22388 MiB, 61 %, 1935 MHz, 1935 MHz, 302.14 W, 70, P2, 0x0000000000000000
2026/09/26 13:37:45.088, 0, 22388 MiB, 63 %, 1935 MHz, 1935 MHz, 303.11 W, 71, P2, 0x0000000000000000
2026/09/26 13:37:46.088, 0, 22388 MiB, 58 %, 1935 MHz, 1935 MHz, 264.45 W, 70, P2, 0x0000000000000000
2026/09/26 13:37:47.089, 0, 22388 MiB, 64 %, 1935 MHz, 1935 MHz, 301.81 W, 70, P2, 0x0000000000000000
2026/09/26 13:37:48.089, 0, 22388 MiB, 59 %, 1920 MHz, 1920 MHz, 264.75 W, 68, P2, 0x0000000000000004
2026/09/26 13:37:49.089, 0, 22388 MiB, 61 %, 1920 MHz, 1920 MHz, 288.31 W, 71, P2, 0x0000000000000000
2026/09/26 13:37:50.089, 0, 22388 MiB, 63 %, 1920 MHz, 1920 MHz, 299.73 W, 71, P2, 0x0000000000000000
2026/09/26 13:37:51.089, 0, 22388 MiB, 40 %, 1920 MHz, 1920 MHz, 268.06 W, 70, P2, 0x0000000000000000
2026/09/26 13:37:52.089, 0, 22388 MiB, 62 %, 1920 MHz, 1920 MHz, 301.36 W, 71, P2, 0x0000000000000000
2026/09/26 13:37:53.090, 0, 22388 MiB, 65 %, 1920 MHz, 1920 MHz, 301.87 W, 71, P2, 0x0000000000000000
2026/09/26 13:37:54.090, 0, 22388 MiB, 60 %, 1920 MHz, 1920 MHz, 266.45 W, 70, P2, 0x0000000000000000
2026/09/26 13:37:55.090, 0, 22388 MiB, 63 %, 1920 MHz, 1920 MHz, 300.79 W, 72, P2, 0x0000000000000000
2026/09/26 13:37:56.090, 0, 22388 MiB, 65 %, 1920 MHz, 1920 MHz, 302.92 W, 72, P2, 0x0000000000000000
2026/09/26 13:37:57.090, 0, 178 MiB, 42 %, 1920 MHz, 1920 MHz, 240.39 W, 67, P2, 0x0000000000000000
2026/09/26 13:37:58.091, 0, 178 MiB, 0 %, 1935 MHz, 1935 MHz, 171.35 W, 66, P0, 0x0000000000000000
2026/09/26 13:37:59.091, 0, 181 MiB, 0 %, 1935 MHz, 1935 MHz, 170.70 W, 66, P0, 0x0000000000000000
2026/09/26 13:38:00.339, 0, 442 MiB, 0 %, 1935 MHz, 1935 MHz, 157.78 W, 64, P2, 0x0000000000000000
2026/09/26 13:38:01.423, 0, 442 MiB, 0 %, 1935 MHz, 1935 MHz, 171.56 W, 64, P2, 0x0000000000000000
2026/09/26 13:38:02.423, 0, 1196 MiB, 18 %, 1695 MHz, 1695 MHz, 151.38 W, 61, P2, 0x0000000000000000
2026/09/26 13:38:03.423, 0, 19140 MiB, 100 %, 1935 MHz, 1935 MHz, 134.38 W, 61, P2, 0x0000000000000000
2026/09/26 13:38:04.423, 0, 19140 MiB, 99 %, 1935 MHz, 1935 MHz, 167.64 W, 63, P2, 0x0000000000000000
2026/09/26 13:38:05.423, 0, 19140 MiB, 100 %, 1935 MHz, 1935 MHz, 170.33 W, 62, P2, 0x0000000000000000
2026/09/26 13:38:06.424, 0, 19140 MiB, 100 %, 1935 MHz, 1935 MHz, 169.90 W, 62, P2, 0x0000000000000000
2026/09/26 13:38:07.424, 0, 19140 MiB, 100 %, 1935 MHz, 1935 MHz, 169.03 W, 62, P2, 0x0000000000000000
2026/09/26 13:38:08.424, 0, 19140 MiB, 99 %, 1935 MHz, 1935 MHz, 167.44 W, 62, P2, 0x0000000000000000
2026/09/26 13:38:09.424, 0, 19140 MiB, 99 %, 1935 MHz, 1935 MHz, 167.09 W, 62, P2, 0x0000000000000000
2026/09/26 13:38:10.424, 0, 19140 MiB, 100 %, 1935 MHz, 1935 MHz, 168.20 W, 62, P2, 0x0000000000000000
2026/09/26 13:38:11.424, 0, 19140 MiB, 100 %, 1935 MHz, 1935 MHz, 168.03 W, 62, P2, 0x0000000000000000
2026/09/26 13:38:12.424, 0, 19140 MiB, 100 %, 1935 MHz, 1935 MHz, 167.96 W, 62, P2, 0x0000000000000000
2026/09/26 13:38:13.425, 0, 20284 MiB, 100 %, 1935 MHz, 1935 MHz, 167.66 W, 61, P2, 0x0000000000000000
2026/09/26 13:38:14.425, 0, 22314 MiB, 0 %, 1935 MHz, 1935 MHz, 170.17 W, 61, P2, 0x0000000000000000
2026/09/26 13:38:15.425, 0, 22366 MiB, 79 %, 1935 MHz, 1935 MHz, 246.48 W, 67, P2, 0x0000000000000000
2026/09/26 13:38:16.425, 0, 22366 MiB, 79 %, 1935 MHz, 1935 MHz, 324.24 W, 68, P2, 0x0000000000000004
2026/09/26 13:38:17.425, 0, 22366 MiB, 74 %, 1935 MHz, 1935 MHz, 294.61 W, 68, P2, 0x0000000000000000
2026/09/26 13:38:18.425, 0, 22366 MiB, 80 %, 1935 MHz, 1935 MHz, 325.61 W, 69, P2, 0x0000000000000004
2026/09/26 13:38:19.426, 0, 22366 MiB, 80 %, 1935 MHz, 1935 MHz, 325.81 W, 70, P2, 0x0000000000000004
2026/09/26 13:38:20.426, 0, 22366 MiB, 80 %, 1935 MHz, 1935 MHz, 287.86 W, 69, P2, 0x0000000000000004
2026/09/26 13:38:21.426, 0, 22366 MiB, 78 %, 1935 MHz, 1935 MHz, 322.10 W, 70, P2, 0x0000000000000004
2026/09/26 13:38:22.426, 0, 22382 MiB, 73 %, 1920 MHz, 1920 MHz, 281.08 W, 69, P2, 0x0000000000000000
2026/09/26 13:38:23.426, 0, 22382 MiB, 81 %, 1920 MHz, 1920 MHz, 319.24 W, 71, P2, 0x0000000000000004
2026/09/26 13:38:24.426, 0, 22382 MiB, 81 %, 1920 MHz, 1920 MHz, 321.22 W, 71, P2, 0x0000000000000004
2026/09/26 13:38:25.427, 0, 22382 MiB, 77 %, 1920 MHz, 1920 MHz, 278.79 W, 71, P2, 0x0000000000000004
2026/09/26 13:38:26.427, 0, 22382 MiB, 78 %, 1920 MHz, 1920 MHz, 322.03 W, 71, P2, 0x0000000000000004
2026/09/26 13:38:27.427, 0, 22388 MiB, 100 %, 1920 MHz, 1920 MHz, 273.60 W, 66, P2, 0x0000000000000004
2026/09/26 13:38:28.427, 0, 22388 MiB, 79 %, 1920 MHz, 1920 MHz, 255.72 W, 71, P2, 0x0000000000000000
2026/09/26 13:38:29.427, 0, 22388 MiB, 79 %, 1920 MHz, 1920 MHz, 318.62 W, 71, P2, 0x0000000000000004
2026/09/26 13:38:30.428, 0, 22388 MiB, 77 %, 1920 MHz, 1920 MHz, 294.53 W, 71, P2, 0x0000000000000004
2026/09/26 13:38:31.428, 0, 22388 MiB, 80 %, 1920 MHz, 1920 MHz, 319.61 W, 72, P2, 0x0000000000000004
2026/09/26 13:38:32.428, 0, 22388 MiB, 59 %, 1920 MHz, 1920 MHz, 306.04 W, 69, P2, 0x0000000000000004
2026/09/26 13:38:33.428, 0, 22388 MiB, 79 %, 1920 MHz, 1920 MHz, 295.56 W, 72, P2, 0x0000000000000004
2026/09/26 13:38:34.428, 0, 22388 MiB, 78 %, 1920 MHz, 1920 MHz, 321.02 W, 73, P2, 0x0000000000000004
2026/09/26 13:38:35.428, 0, 22388 MiB, 77 %, 1920 MHz, 1920 MHz, 291.28 W, 73, P2, 0x0000000000000004
2026/09/26 13:38:36.428, 0, 22388 MiB, 80 %, 1920 MHz, 1920 MHz, 320.65 W, 73, P2, 0x0000000000000004
2026/09/26 13:38:37.429, 0, 22388 MiB, 75 %, 1920 MHz, 1920 MHz, 289.82 W, 73, P2, 0x0000000000000000
2026/09/26 13:38:38.429, 0, 22388 MiB, 80 %, 1920 MHz, 1920 MHz, 324.94 W, 73, P2, 0x0000000000000004
2026/09/26 13:38:39.429, 0, 22388 MiB, 79 %, 1920 MHz, 1920 MHz, 323.53 W, 74, P2, 0x0000000000000004
2026/09/26 13:38:40.429, 0, 22388 MiB, 78 %, 1920 MHz, 1920 MHz, 290.74 W, 74, P2, 0x0000000000000004
2026/09/26 13:38:41.430, 0, 22388 MiB, 79 %, 1920 MHz, 1920 MHz, 324.51 W, 74, P2, 0x0000000000000004
2026/09/26 13:38:42.430, 0, 510 MiB, 1 %, 1920 MHz, 1920 MHz, 303.17 W, 70, P2, 0x0000000000000004
2026/09/26 13:38:43.430, 0, 178 MiB, 0 %, 1920 MHz, 1920 MHz, 179.40 W, 68, P0, 0x0000000000000000
2026/09/26 13:38:44.430, 0, 178 MiB, 0 %, 1920 MHz, 1920 MHz, 174.04 W, 67, P0, 0x0000000000000000
2026/09/26 13:38:45.430, 0, 442 MiB, 0 %, 1935 MHz, 1935 MHz, 166.86 W, 66, P3, 0x0000000000000001
2026/09/26 13:38:46.466, 0, 442 MiB, 0 %, 1935 MHz, 1935 MHz, 149.10 W, 65, P2, 0x0000000000000000
2026/09/26 13:38:47.506, 0, 442 MiB, 16 %, 1695 MHz, 1695 MHz, 172.48 W, 64, P2, 0x0000000000000000
2026/09/26 13:38:48.506, 0, 442 MiB, 0 %, 1695 MHz, 1695 MHz, 138.51 W, 62, P2, 0x0000000000000000
2026/09/26 13:38:49.506, 0, 19140 MiB, 100 %, 1935 MHz, 1935 MHz, 150.51 W, 63, P2, 0x0000000000000000
2026/09/26 13:38:50.507, 0, 19140 MiB, 100 %, 1935 MHz, 1935 MHz, 171.20 W, 63, P2, 0x0000000000000000
2026/09/26 13:38:51.507, 0, 19140 MiB, 99 %, 1935 MHz, 1935 MHz, 170.78 W, 63, P2, 0x0000000000000000
2026/09/26 13:38:52.507, 0, 19140 MiB, 100 %, 1935 MHz, 1935 MHz, 171.57 W, 63, P2, 0x0000000000000000
2026/09/26 13:38:53.507, 0, 19140 MiB, 100 %, 1935 MHz, 1935 MHz, 170.32 W, 63, P2, 0x0000000000000000
2026/09/26 13:38:54.507, 0, 19140 MiB, 99 %, 1935 MHz, 1935 MHz, 170.13 W, 63, P2, 0x0000000000000000
2026/09/26 13:38:55.507, 0, 19140 MiB, 100 %, 1935 MHz, 1935 MHz, 169.34 W, 62, P2, 0x0000000000000000
2026/09/26 13:38:56.508, 0, 19140 MiB, 100 %, 1935 MHz, 1935 MHz, 170.72 W, 62, P2, 0x0000000000000000
2026/09/26 13:38:57.508, 0, 19140 MiB, 100 %, 1935 MHz, 1935 MHz, 168.29 W, 62, P2, 0x0000000000000000
2026/09/26 13:38:58.508, 0, 19140 MiB, 100 %, 1935 MHz, 1935 MHz, 170.14 W, 62, P2, 0x0000000000000000
2026/09/26 13:38:59.508, 0, 19140 MiB, 99 %, 1935 MHz, 1935 MHz, 169.08 W, 62, P2, 0x0000000000000000
2026/09/26 13:39:00.508, 0, 21190 MiB, 99 %, 1935 MHz, 1935 MHz, 170.55 W, 62, P2, 0x0000000000000000
2026/09/26 13:39:01.508, 0, 22366 MiB, 81 %, 1935 MHz, 1935 MHz, 231.38 W, 67, P2, 0x0000000000000000
2026/09/26 13:39:02.508, 0, 22366 MiB, 81 %, 1935 MHz, 1935 MHz, 320.90 W, 68, P2, 0x0000000000000004
2026/09/26 13:39:03.509, 0, 22366 MiB, 71 %, 1935 MHz, 1935 MHz, 291.73 W, 66, P2, 0x0000000000000004
2026/09/26 13:39:04.509, 0, 22366 MiB, 79 %, 1935 MHz, 1935 MHz, 312.15 W, 69, P2, 0x0000000000000004
2026/09/26 13:39:05.509, 0, 22366 MiB, 79 %, 1935 MHz, 1935 MHz, 322.05 W, 70, P2, 0x0000000000000004
2026/09/26 13:39:06.509, 0, 22366 MiB, 78 %, 1935 MHz, 1935 MHz, 296.34 W, 70, P2, 0x0000000000000004
2026/09/26 13:39:07.509, 0, 22366 MiB, 78 %, 1935 MHz, 1935 MHz, 321.62 W, 70, P2, 0x0000000000000004
2026/09/26 13:39:08.509, 0, 22382 MiB, 48 %, 1920 MHz, 1920 MHz, 286.82 W, 67, P2, 0x0000000000000000
2026/09/26 13:39:09.509, 0, 22382 MiB, 79 %, 1920 MHz, 1920 MHz, 302.74 W, 70, P2, 0x0000000000000004
2026/09/26 13:39:10.509, 0, 22382 MiB, 80 %, 1920 MHz, 1920 MHz, 318.42 W, 71, P2, 0x0000000000000004
2026/09/26 13:39:11.510, 0, 22382 MiB, 76 %, 1935 MHz, 1935 MHz, 278.96 W, 70, P2, 0x0000000000000000
2026/09/26 13:39:12.510, 0, 22382 MiB, 78 %, 1935 MHz, 1935 MHz, 320.23 W, 71, P2, 0x0000000000000000
2026/09/26 13:39:13.510, 0, 22388 MiB, 89 %, 1935 MHz, 1935 MHz, 302.61 W, 68, P2, 0x0000000000000004
2026/09/26 13:39:14.510, 0, 22388 MiB, 80 %, 1935 MHz, 1935 MHz, 237.07 W, 70, P2, 0x0000000000000000
2026/09/26 13:39:15.510, 0, 22388 MiB, 77 %, 1920 MHz, 1920 MHz, 320.64 W, 71, P2, 0x0000000000000000
2026/09/26 13:39:16.510, 0, 22388 MiB, 70 %, 1920 MHz, 1920 MHz, 289.40 W, 69, P2, 0x0000000000000004
2026/09/26 13:39:17.511, 0, 22388 MiB, 81 %, 1920 MHz, 1920 MHz, 316.89 W, 71, P2, 0x0000000000000004
2026/09/26 13:39:18.511, 0, 22388 MiB, 79 %, 1920 MHz, 1920 MHz, 318.27 W, 72, P2, 0x0000000000000004
2026/09/26 13:39:19.511, 0, 22388 MiB, 78 %, 1935 MHz, 1935 MHz, 286.57 W, 72, P2, 0x0000000000000004
2026/09/26 13:39:20.511, 0, 22388 MiB, 77 %, 1920 MHz, 1920 MHz, 319.42 W, 72, P2, 0x0000000000000004
2026/09/26 13:39:21.511, 0, 22388 MiB, 78 %, 1920 MHz, 1920 MHz, 294.79 W, 72, P2, 0x0000000000000004
2026/09/26 13:39:22.512, 0, 22388 MiB, 81 %, 1920 MHz, 1920 MHz, 319.45 W, 73, P2, 0x0000000000000004
2026/09/26 13:39:23.512, 0, 22388 MiB, 67 %, 1935 MHz, 1935 MHz, 294.32 W, 70, P2, 0x0000000000000004
2026/09/26 13:39:24.512, 0, 22388 MiB, 80 %, 1920 MHz, 1920 MHz, 307.18 W, 73, P2, 0x0000000000000004
2026/09/26 13:39:25.512, 0, 22388 MiB, 79 %, 1920 MHz, 1920 MHz, 318.92 W, 73, P2, 0x0000000000000004
2026/09/26 13:39:26.513, 0, 22388 MiB, 78 %, 1920 MHz, 1920 MHz, 289.76 W, 73, P2, 0x0000000000000004
2026/09/26 13:39:27.513, 0, 22388 MiB, 81 %, 1920 MHz, 1920 MHz, 320.41 W, 74, P2, 0x0000000000000004
2026/09/26 13:39:28.513, 0, 22388 MiB, 79 %, 1920 MHz, 1920 MHz, 321.09 W, 74, P2, 0x0000000000000004
2026/09/26 13:39:29.514, 0, 178 MiB, 0 %, 1935 MHz, 1935 MHz, 202.59 W, 68, P0, 0x0000000000000000
2026/09/26 13:39:30.514, 0, 178 MiB, 0 %, 1935 MHz, 1935 MHz, 177.42 W, 67, P0, 0x0000000000000001
2026/09/26 13:39:31.514, 0, 195 MiB, 0 %, 390 MHz, 390 MHz, 162.22 W, 63, P0, 0x0000000000000000
2026/09/26 13:39:32.550, 0, 442 MiB, 0 %, 1935 MHz, 1935 MHz, 153.84 W, 65, P2, 0x0000000000000000
2026/09/26 13:39:33.550, 0, 442 MiB, 0 %, 1935 MHz, 1935 MHz, 168.35 W, 64, P2, 0x0000000000000000
2026/09/26 13:39:34.550, 0, 442 MiB, 1 %, 1695 MHz, 1695 MHz, 148.43 W, 62, P2, 0x0000000000000000
2026/09/26 13:39:35.550, 0, 442 MiB, 0 %, 1695 MHz, 1695 MHz, 134.38 W, 62, P2, 0x0000000000000000
2026/09/26 13:39:36.550, 0, 442 MiB, 0 %, 1695 MHz, 1695 MHz, 134.41 W, 61, P2, 0x0000000000000000
2026/09/26 13:39:37.551, 0, 19140 MiB, 99 %, 1935 MHz, 1935 MHz, 144.03 W, 62, P2, 0x0000000000000000
2026/09/26 13:39:38.551, 0, 19140 MiB, 100 %, 1935 MHz, 1935 MHz, 166.82 W, 62, P2, 0x0000000000000000
2026/09/26 13:39:39.551, 0, 19140 MiB, 99 %, 1935 MHz, 1935 MHz, 169.94 W, 63, P2, 0x0000000000000000
2026/09/26 13:39:40.551, 0, 19140 MiB, 100 %, 1935 MHz, 1935 MHz, 169.99 W, 62, P2, 0x0000000000000000
2026/09/26 13:39:41.551, 0, 19140 MiB, 99 %, 1935 MHz, 1935 MHz, 169.17 W, 62, P2, 0x0000000000000000
2026/09/26 13:39:42.551, 0, 19140 MiB, 100 %, 1935 MHz, 1935 MHz, 168.94 W, 62, P2, 0x0000000000000000
2026/09/26 13:39:43.552, 0, 19140 MiB, 100 %, 1935 MHz, 1935 MHz, 170.22 W, 62, P2, 0x0000000000000000
2026/09/26 13:39:44.552, 0, 19140 MiB, 99 %, 1935 MHz, 1935 MHz, 169.32 W, 62, P2, 0x0000000000000000
2026/09/26 13:39:45.552, 0, 19140 MiB, 99 %, 1935 MHz, 1935 MHz, 168.16 W, 62, P2, 0x0000000000000000
2026/09/26 13:39:46.552, 0, 19140 MiB, 100 %, 1935 MHz, 1935 MHz, 168.00 W, 62, P2, 0x0000000000000000
2026/09/26 13:39:47.552, 0, 19140 MiB, 99 %, 1935 MHz, 1935 MHz, 168.63 W, 61, P2, 0x0000000000000000
2026/09/26 13:39:48.553, 0, 21190 MiB, 99 %, 1935 MHz, 1935 MHz, 169.96 W, 61, P2, 0x0000000000000000
2026/09/26 13:39:49.553, 0, 22332 MiB, 40 %, 1935 MHz, 1935 MHz, 170.69 W, 62, P2, 0x0000000000000000
2026/09/26 13:39:50.553, 0, 22366 MiB, 63 %, 1935 MHz, 1935 MHz, 268.21 W, 66, P2, 0x0000000000000000
2026/09/26 13:39:51.553, 0, 22366 MiB, 62 %, 1935 MHz, 1935 MHz, 298.84 W, 67, P2, 0x0000000000000000
2026/09/26 13:39:52.553, 0, 22366 MiB, 49 %, 1935 MHz, 1935 MHz, 265.59 W, 65, P2, 0x0000000000000000
2026/09/26 13:39:53.553, 0, 22366 MiB, 63 %, 1935 MHz, 1935 MHz, 289.76 W, 68, P2, 0x0000000000000000
2026/09/26 13:39:54.554, 0, 22366 MiB, 61 %, 1935 MHz, 1935 MHz, 298.54 W, 68, P2, 0x0000000000000000
2026/09/26 13:39:55.554, 0, 22366 MiB, 61 %, 1935 MHz, 1935 MHz, 265.01 W, 67, P2, 0x0000000000000000
2026/09/26 13:39:56.554, 0, 22366 MiB, 63 %, 1935 MHz, 1935 MHz, 300.09 W, 69, P2, 0x0000000000000000
2026/09/26 13:39:57.554, 0, 22366 MiB, 64 %, 1935 MHz, 1935 MHz, 299.24 W, 69, P2, 0x0000000000000000
2026/09/26 13:39:58.554, 0, 22382 MiB, 61 %, 1935 MHz, 1935 MHz, 255.77 W, 68, P2, 0x0000000000000000
2026/09/26 13:39:59.555, 0, 22382 MiB, 66 %, 1935 MHz, 1935 MHz, 299.74 W, 69, P2, 0x0000000000000000
2026/09/26 13:40:00.555, 0, 22382 MiB, 64 %, 1935 MHz, 1935 MHz, 301.48 W, 69, P2, 0x0000000000000000
2026/09/26 13:40:01.555, 0, 22382 MiB, 61 %, 1935 MHz, 1935 MHz, 256.06 W, 68, P2, 0x0000000000000000
2026/09/26 13:40:02.555, 0, 22382 MiB, 62 %, 1935 MHz, 1935 MHz, 298.83 W, 69, P2, 0x0000000000000000
2026/09/26 13:40:03.555, 0, 22382 MiB, 63 %, 1935 MHz, 1935 MHz, 298.89 W, 70, P2, 0x0000000000000000
2026/09/26 13:40:04.555, 0, 22388 MiB, 39 %, 1935 MHz, 1935 MHz, 211.03 W, 64, P2, 0x0000000000000000
2026/09/26 13:40:05.556, 0, 22388 MiB, 61 %, 1935 MHz, 1935 MHz, 271.34 W, 69, P2, 0x0000000000000000
2026/09/26 13:40:06.556, 0, 22388 MiB, 61 %, 1935 MHz, 1935 MHz, 297.79 W, 69, P2, 0x0000000000000000
2026/09/26 13:40:07.556, 0, 22388 MiB, 62 %, 1935 MHz, 1935 MHz, 265.93 W, 69, P2, 0x0000000000000000
2026/09/26 13:40:08.556, 0, 22388 MiB, 61 %, 1935 MHz, 1935 MHz, 300.47 W, 70, P2, 0x0000000000000000
2026/09/26 13:40:09.556, 0, 22388 MiB, 63 %, 1935 MHz, 1935 MHz, 301.95 W, 70, P2, 0x0000000000000000
2026/09/26 13:40:10.556, 0, 22388 MiB, 62 %, 1935 MHz, 1935 MHz, 264.07 W, 70, P2, 0x0000000000000000
2026/09/26 13:40:11.557, 0, 22388 MiB, 61 %, 1935 MHz, 1935 MHz, 300.08 W, 70, P2, 0x0000000000000000
2026/09/26 13:40:12.557, 0, 22388 MiB, 20 %, 1935 MHz, 1935 MHz, 287.61 W, 67, P2, 0x0000000000000000
2026/09/26 13:40:13.557, 0, 22388 MiB, 63 %, 1935 MHz, 1935 MHz, 263.43 W, 71, P2, 0x0000000000000000
2026/09/26 13:40:14.557, 0, 22388 MiB, 60 %, 1935 MHz, 1935 MHz, 305.27 W, 71, P2, 0x0000000000000000
2026/09/26 13:40:15.557, 0, 22388 MiB, 63 %, 1935 MHz, 1935 MHz, 277.85 W, 69, P2, 0x0000000000000000
2026/09/26 13:40:16.558, 0, 22388 MiB, 65 %, 1935 MHz, 1935 MHz, 287.95 W, 71, P2, 0x0000000000000000
2026/09/26 13:40:17.558, 0, 22388 MiB, 62 %, 1935 MHz, 1935 MHz, 308.90 W, 71, P2, 0x0000000000000000
2026/09/26 13:40:18.558, 0, 22388 MiB, 53 %, 1935 MHz, 1935 MHz, 285.69 W, 69, P2, 0x0000000000000000
2026/09/26 13:40:19.558, 0, 22388 MiB, 63 %, 1935 MHz, 1935 MHz, 276.74 W, 72, P2, 0x0000000000000000
2026/09/26 13:40:20.558, 0, 22388 MiB, 64 %, 1935 MHz, 1935 MHz, 309.43 W, 72, P2, 0x0000000000000000
2026/09/26 13:40:21.559, 0, 510 MiB, 0 %, 1935 MHz, 1935 MHz, 284.03 W, 68, P2, 0x0000000000000000
2026/09/26 13:40:22.559, 0, 178 MiB, 0 %, 1935 MHz, 1935 MHz, 179.87 W, 66, P0, 0x0000000000000000
2026/09/26 13:40:23.559, 0, 178 MiB, 0 %, 1935 MHz, 1935 MHz, 175.17 W, 66, P0, 0x0000000000000001
2026/09/26 13:40:24.559, 0, 442 MiB, 0 %, 1695 MHz, 1695 MHz, 145.87 W, 62, P0, 0x0000000000000000
2026/09/26 13:40:25.749, 0, 442 MiB, 0 %, 1935 MHz, 1935 MHz, 160.28 W, 64, P2, 0x0000000000000000
2026/09/26 13:40:26.749, 0, 442 MiB, 1 %, 1935 MHz, 1935 MHz, 166.83 W, 63, P2, 0x0000000000000000
2026/09/26 13:40:27.749, 0, 442 MiB, 6 %, 1695 MHz, 1695 MHz, 147.33 W, 61, P2, 0x0000000000000000
2026/09/26 13:40:28.750, 0, 20068 MiB, 99 %, 1935 MHz, 1935 MHz, 142.25 W, 63, P2, 0x0000000000000000
2026/09/26 13:40:29.750, 0, 20068 MiB, 100 %, 1935 MHz, 1935 MHz, 168.56 W, 63, P2, 0x0000000000000000
2026/09/26 13:40:30.758, 0, 20068 MiB, 99 %, 1935 MHz, 1935 MHz, 168.92 W, 62, P2, 0x0000000000000000
2026/09/26 13:40:31.759, 0, 20068 MiB, 100 %, 1935 MHz, 1935 MHz, 166.47 W, 62, P2, 0x0000000000000000
2026/09/26 13:40:32.759, 0, 20068 MiB, 100 %, 1935 MHz, 1935 MHz, 166.63 W, 62, P2, 0x0000000000000000
2026/09/26 13:40:33.759, 0, 20068 MiB, 100 %, 1935 MHz, 1935 MHz, 165.94 W, 62, P2, 0x0000000000000000
2026/09/26 13:40:34.759, 0, 20068 MiB, 99 %, 1935 MHz, 1935 MHz, 165.55 W, 62, P2, 0x0000000000000000
2026/09/26 13:40:35.760, 0, 20068 MiB, 99 %, 1935 MHz, 1935 MHz, 165.74 W, 62, P2, 0x0000000000000000
2026/09/26 13:40:36.760, 0, 20068 MiB, 99 %, 1935 MHz, 1935 MHz, 165.04 W, 61, P2, 0x0000000000000000
2026/09/26 13:40:37.760, 0, 20724 MiB, 100 %, 1935 MHz, 1935 MHz, 165.06 W, 61, P2, 0x0000000000000000
2026/09/26 13:40:38.760, 0, 20740 MiB, 77 %, 1935 MHz, 1935 MHz, 237.12 W, 67, P2, 0x0000000000000000
2026/09/26 13:40:39.760, 0, 20740 MiB, 78 %, 1935 MHz, 1935 MHz, 325.49 W, 69, P2, 0x0000000000000000
2026/09/26 13:40:40.769, 0, 20740 MiB, 78 %, 1935 MHz, 1935 MHz, 328.22 W, 69, P2, 0x0000000000000000
2026/09/26 13:40:41.769, 0, 20740 MiB, 78 %, 1935 MHz, 1935 MHz, 293.61 W, 70, P2, 0x0000000000000000
2026/09/26 13:40:42.769, 0, 20740 MiB, 79 %, 1935 MHz, 1935 MHz, 332.07 W, 71, P2, 0x0000000000000000
2026/09/26 13:40:43.769, 0, 20740 MiB, 78 %, 1935 MHz, 1935 MHz, 335.60 W, 71, P2, 0x0000000000000000
2026/09/26 13:40:44.769, 0, 20740 MiB, 78 %, 1935 MHz, 1935 MHz, 295.30 W, 71, P2, 0x0000000000000000
2026/09/26 13:40:45.773, 0, 20740 MiB, 78 %, 1935 MHz, 1935 MHz, 334.77 W, 72, P2, 0x0000000000000000
2026/09/26 13:40:46.773, 0, 20740 MiB, 60 %, 1935 MHz, 1935 MHz, 299.17 W, 68, P2, 0x0000000000000000
2026/09/26 13:40:47.773, 0, 20740 MiB, 78 %, 1935 MHz, 1935 MHz, 311.34 W, 72, P2, 0x0000000000000000
2026/09/26 13:40:48.773, 0, 20740 MiB, 78 %, 1935 MHz, 1935 MHz, 336.39 W, 73, P2, 0x0000000000000000
2026/09/26 13:40:49.773, 0, 20740 MiB, 71 %, 1935 MHz, 1935 MHz, 296.18 W, 70, P2, 0x0000000000000000
2026/09/26 13:40:50.774, 0, 20740 MiB, 78 %, 1935 MHz, 1935 MHz, 328.23 W, 73, P2, 0x0000000000000000
2026/09/26 13:40:51.775, 0, 20740 MiB, 77 %, 1935 MHz, 1935 MHz, 338.86 W, 74, P2, 0x0000000000000000
2026/09/26 13:40:52.775, 0, 20748 MiB, 100 %, 1905 MHz, 1905 MHz, 283.06 W, 70, P2, 0x0000000000000004
2026/09/26 13:40:53.776, 0, 20748 MiB, 80 %, 1935 MHz, 1935 MHz, 295.27 W, 74, P2, 0x0000000000000000
2026/09/26 13:40:54.776, 0, 20748 MiB, 80 %, 1935 MHz, 1935 MHz, 341.23 W, 74, P2, 0x0000000000000000
2026/09/26 13:40:55.777, 0, 20748 MiB, 67 %, 1935 MHz, 1935 MHz, 310.58 W, 73, P2, 0x0000000000000004
2026/09/26 13:40:56.777, 0, 20748 MiB, 78 %, 1935 MHz, 1935 MHz, 323.95 W, 75, P2, 0x0000000000000000
2026/09/26 13:40:57.778, 0, 20748 MiB, 78 %, 1920 MHz, 1920 MHz, 338.32 W, 75, P2, 0x0000000000000000
2026/09/26 13:40:58.778, 0, 20748 MiB, 78 %, 1905 MHz, 1905 MHz, 304.26 W, 73, P2, 0x0000000000000004
2026/09/26 13:40:59.778, 0, 20748 MiB, 77 %, 1920 MHz, 1920 MHz, 332.88 W, 76, P2, 0x0000000000000000
2026/09/26 13:41:00.783, 0, 20748 MiB, 79 %, 1920 MHz, 1920 MHz, 339.81 W, 76, P2, 0x0000000000000000
2026/09/26 13:41:01.783, 0, 20748 MiB, 80 %, 1905 MHz, 1905 MHz, 300.34 W, 74, P2, 0x0000000000000004
2026/09/26 13:41:02.784, 0, 20748 MiB, 79 %, 1920 MHz, 1920 MHz, 335.83 W, 76, P2, 0x0000000000000000
2026/09/26 13:41:03.784, 0, 20748 MiB, 80 %, 1920 MHz, 1920 MHz, 341.77 W, 77, P2, 0x0000000000000000
2026/09/26 13:41:04.784, 0, 20748 MiB, 76 %, 1920 MHz, 1920 MHz, 298.18 W, 77, P2, 0x0000000000000000
2026/09/26 13:41:05.785, 0, 20748 MiB, 80 %, 1920 MHz, 1920 MHz, 341.46 W, 77, P2, 0x0000000000000000
2026/09/26 13:41:06.785, 0, 20748 MiB, 77 %, 1920 MHz, 1920 MHz, 335.14 W, 77, P2, 0x0000000000000000
2026/09/26 13:41:07.786, 0, 20748 MiB, 78 %, 1920 MHz, 1920 MHz, 308.55 W, 78, P2, 0x0000000000000000
2026/09/26 13:41:08.786, 0, 20748 MiB, 80 %, 1920 MHz, 1920 MHz, 336.21 W, 78, P2, 0x0000000000000004
2026/09/26 13:41:09.786, 0, 20748 MiB, 79 %, 1905 MHz, 1905 MHz, 333.46 W, 78, P2, 0x0000000000000004
2026/09/26 13:41:10.786, 0, 178 MiB, 0 %, 1920 MHz, 1920 MHz, 232.96 W, 71, P0, 0x0000000000000000
2026/09/26 13:41:11.786, 0, 178 MiB, 0 %, 1920 MHz, 1920 MHz, 181.47 W, 69, P0, 0x0000000000000001
2026/09/26 13:41:12.787, 0, 181 MiB, 0 %, 1920 MHz, 1920 MHz, 181.47 W, 69, P0, 0x0000000000000001
2026/09/26 13:41:13.841, 0, 442 MiB, 0 %, 1935 MHz, 1935 MHz, 163.99 W, 66, P2, 0x0000000000000000
2026/09/26 13:41:14.841, 0, 442 MiB, 0 %, 1935 MHz, 1935 MHz, 174.15 W, 65, P2, 0x0000000000000000
2026/09/26 13:41:15.841, 0, 442 MiB, 0 %, 1695 MHz, 1695 MHz, 152.58 W, 63, P2, 0x0000000000000000
2026/09/26 13:41:16.841, 0, 442 MiB, 6 %, 1695 MHz, 1695 MHz, 136.70 W, 62, P2, 0x0000000000000000
2026/09/26 13:41:17.842, 0, 442 MiB, 0 %, 1695 MHz, 1695 MHz, 136.91 W, 62, P2, 0x0000000000000000
2026/09/26 13:41:18.842, 0, 20068 MiB, 100 %, 1935 MHz, 1935 MHz, 150.47 W, 63, P2, 0x0000000000000000
2026/09/26 13:41:19.842, 0, 20068 MiB, 100 %, 1935 MHz, 1935 MHz, 171.83 W, 63, P2, 0x0000000000000000
2026/09/26 13:41:20.842, 0, 20068 MiB, 100 %, 1935 MHz, 1935 MHz, 171.15 W, 63, P2, 0x0000000000000000
2026/09/26 13:41:21.842, 0, 20068 MiB, 99 %, 1935 MHz, 1935 MHz, 169.66 W, 63, P2, 0x0000000000000000
2026/09/26 13:41:22.843, 0, 20068 MiB, 100 %, 1935 MHz, 1935 MHz, 171.78 W, 63, P2, 0x0000000000000000
2026/09/26 13:41:23.843, 0, 20068 MiB, 100 %, 1935 MHz, 1935 MHz, 171.12 W, 62, P2, 0x0000000000000000
2026/09/26 13:41:24.843, 0, 20068 MiB, 99 %, 1935 MHz, 1935 MHz, 170.24 W, 62, P2, 0x0000000000000000
2026/09/26 13:41:25.843, 0, 20068 MiB, 99 %, 1935 MHz, 1935 MHz, 170.08 W, 62, P2, 0x0000000000000000
2026/09/26 13:41:26.843, 0, 20068 MiB, 99 %, 1935 MHz, 1935 MHz, 167.41 W, 62, P2, 0x0000000000000000
2026/09/26 13:41:27.844, 0, 20068 MiB, 99 %, 1935 MHz, 1935 MHz, 166.42 W, 61, P2, 0x0000000000000000
2026/09/26 13:41:28.844, 0, 20068 MiB, 100 %, 1935 MHz, 1935 MHz, 165.54 W, 61, P2, 0x0000000000000000
2026/09/26 13:41:29.844, 0, 20740 MiB, 64 %, 1935 MHz, 1935 MHz, 189.33 W, 65, P2, 0x0000000000000000
2026/09/26 13:41:30.844, 0, 20740 MiB, 66 %, 1935 MHz, 1935 MHz, 297.56 W, 67, P2, 0x0000000000000000
2026/09/26 13:41:31.844, 0, 20740 MiB, 65 %, 1935 MHz, 1935 MHz, 300.26 W, 68, P2, 0x0000000000000000
2026/09/26 13:41:32.844, 0, 20740 MiB, 32 %, 1935 MHz, 1935 MHz, 294.12 W, 66, P2, 0x0000000000000000
2026/09/26 13:41:33.845, 0, 20740 MiB, 65 %, 1935 MHz, 1935 MHz, 264.37 W, 68, P2, 0x0000000000000000
2026/09/26 13:41:34.845, 0, 20740 MiB, 65 %, 1935 MHz, 1935 MHz, 301.63 W, 69, P2, 0x0000000000000000
2026/09/26 13:41:35.845, 0, 20740 MiB, 66 %, 1935 MHz, 1935 MHz, 301.14 W, 69, P2, 0x0000000000000000
2026/09/26 13:41:36.845, 0, 20740 MiB, 66 %, 1935 MHz, 1935 MHz, 264.45 W, 69, P2, 0x0000000000000000
2026/09/26 13:41:37.845, 0, 20740 MiB, 66 %, 1935 MHz, 1935 MHz, 302.78 W, 69, P2, 0x0000000000000000
2026/09/26 13:41:38.845, 0, 20740 MiB, 65 %, 1935 MHz, 1935 MHz, 303.11 W, 69, P2, 0x0000000000000000
2026/09/26 13:41:39.846, 0, 20740 MiB, 59 %, 1935 MHz, 1935 MHz, 269.57 W, 66, P2, 0x0000000000000000
2026/09/26 13:41:40.846, 0, 20740 MiB, 66 %, 1935 MHz, 1935 MHz, 279.61 W, 70, P2, 0x0000000000000000
2026/09/26 13:41:41.846, 0, 20740 MiB, 65 %, 1935 MHz, 1935 MHz, 303.45 W, 70, P2, 0x0000000000000000
2026/09/26 13:41:42.846, 0, 20740 MiB, 66 %, 1935 MHz, 1935 MHz, 304.24 W, 70, P2, 0x0000000000000000
2026/09/26 13:41:43.846, 0, 20740 MiB, 66 %, 1935 MHz, 1935 MHz, 259.12 W, 70, P2, 0x0000000000000000
2026/09/26 13:41:44.846, 0, 20740 MiB, 65 %, 1935 MHz, 1935 MHz, 306.26 W, 71, P2, 0x0000000000000000
2026/09/26 13:41:45.847, 0, 20740 MiB, 66 %, 1935 MHz, 1935 MHz, 306.37 W, 71, P2, 0x0000000000000000
2026/09/26 13:41:46.847, 0, 20748 MiB, 54 %, 1935 MHz, 1935 MHz, 274.76 W, 69, P2, 0x0000000000000000
2026/09/26 13:41:47.847, 0, 20748 MiB, 66 %, 1935 MHz, 1935 MHz, 256.56 W, 70, P2, 0x0000000000000000
2026/09/26 13:41:48.847, 0, 20748 MiB, 66 %, 1935 MHz, 1935 MHz, 308.94 W, 71, P2, 0x0000000000000000
2026/09/26 13:41:49.847, 0, 20748 MiB, 66 %, 1935 MHz, 1935 MHz, 308.82 W, 71, P2, 0x0000000000000000
2026/09/26 13:41:50.847, 0, 20748 MiB, 66 %, 1920 MHz, 1920 MHz, 270.28 W, 70, P2, 0x0000000000000004
2026/09/26 13:41:51.848, 0, 20748 MiB, 65 %, 1935 MHz, 1935 MHz, 306.43 W, 71, P2, 0x0000000000000000
2026/09/26 13:41:52.848, 0, 20748 MiB, 65 %, 1935 MHz, 1935 MHz, 310.43 W, 72, P2, 0x0000000000000000
2026/09/26 13:41:53.848, 0, 20748 MiB, 13 %, 1935 MHz, 1935 MHz, 299.92 W, 69, P2, 0x0000000000000000
2026/09/26 13:41:54.848, 0, 20748 MiB, 66 %, 1935 MHz, 1935 MHz, 270.93 W, 72, P2, 0x0000000000000000
2026/09/26 13:41:55.848, 0, 20748 MiB, 65 %, 1935 MHz, 1935 MHz, 310.36 W, 72, P2, 0x0000000000000000
2026/09/26 13:41:56.848, 0, 20748 MiB, 66 %, 1935 MHz, 1935 MHz, 309.96 W, 73, P2, 0x0000000000000000
2026/09/26 13:41:57.848, 0, 20748 MiB, 65 %, 1920 MHz, 1920 MHz, 267.96 W, 72, P2, 0x0000000000000000
2026/09/26 13:41:58.848, 0, 20748 MiB, 66 %, 1935 MHz, 1935 MHz, 308.65 W, 73, P2, 0x0000000000000000
2026/09/26 13:41:59.849, 0, 20748 MiB, 60 %, 1935 MHz, 1935 MHz, 310.25 W, 73, P2, 0x0000000000000000
2026/09/26 13:42:00.849, 0, 20748 MiB, 46 %, 1935 MHz, 1935 MHz, 287.54 W, 69, P2, 0x0000000000000000
2026/09/26 13:42:01.849, 0, 20748 MiB, 65 %, 1935 MHz, 1935 MHz, 268.47 W, 73, P2, 0x0000000000000000
2026/09/26 13:42:02.849, 0, 20748 MiB, 65 %, 1935 MHz, 1935 MHz, 311.68 W, 73, P2, 0x0000000000000000
2026/09/26 13:42:03.849, 0, 20748 MiB, 66 %, 1935 MHz, 1935 MHz, 311.39 W, 74, P2, 0x0000000000000000
2026/09/26 13:42:04.849, 0, 20748 MiB, 66 %, 1935 MHz, 1935 MHz, 269.95 W, 73, P2, 0x0000000000000000
2026/09/26 13:42:05.849, 0, 20748 MiB, 65 %, 1935 MHz, 1935 MHz, 312.33 W, 74, P2, 0x0000000000000000
2026/09/26 13:42:06.850, 0, 20748 MiB, 66 %, 1935 MHz, 1935 MHz, 313.71 W, 74, P2, 0x0000000000000000
2026/09/26 13:42:07.850, 0, 488 MiB, 28 %, 1935 MHz, 1935 MHz, 282.60 W, 70, P2, 0x0000000000000000
2026/09/26 13:42:08.850, 0, 178 MiB, 0 %, 1935 MHz, 1935 MHz, 181.70 W, 68, P0, 0x0000000000000000
2026/09/26 13:42:09.850, 0, 178 MiB, 0 %, 1935 MHz, 1935 MHz, 177.91 W, 67, P0, 0x0000000000000001
2026/09/26 13:42:10.850, 0, 195 MiB, 0 %, 1800 MHz, 1800 MHz, 146.95 W, 63, P0, 0x0000000000000000
2026/09/26 13:42:11.851, 0, 442 MiB, 0 %, 1950 MHz, 1950 MHz, 166.52 W, 65, P2, 0x0000000000000000
2026/09/26 13:42:12.851, 0, 442 MiB, 0 %, 1950 MHz, 1950 MHz, 173.02 W, 65, P2, 0x0000000000000000
2026/09/26 13:42:13.851, 0, 442 MiB, 0 %, 1695 MHz, 1695 MHz, 151.18 W, 62, P2, 0x0000000000000000
2026/09/26 13:42:14.851, 0, 442 MiB, 6 %, 1695 MHz, 1695 MHz, 133.99 W, 62, P2, 0x0000000000000000
2026/09/26 13:42:15.851, 0, 442 MiB, 0 %, 1695 MHz, 1695 MHz, 134.74 W, 62, P2, 0x0000000000000000
2026/09/26 13:42:16.851, 0, 20068 MiB, 100 %, 1950 MHz, 1950 MHz, 153.63 W, 63, P2, 0x0000000000000000
2026/09/26 13:42:17.852, 0, 20068 MiB, 99 %, 1950 MHz, 1950 MHz, 171.95 W, 63, P2, 0x0000000000000000
2026/09/26 13:42:18.852, 0, 20068 MiB, 99 %, 1950 MHz, 1950 MHz, 172.01 W, 63, P2, 0x0000000000000000
2026/09/26 13:42:19.852, 0, 20068 MiB, 100 %, 1950 MHz, 1950 MHz, 172.04 W, 63, P2, 0x0000000000000000
2026/09/26 13:42:20.852, 0, 20068 MiB, 100 %, 1950 MHz, 1950 MHz, 171.80 W, 63, P2, 0x0000000000000000
2026/09/26 13:42:21.852, 0, 20068 MiB, 100 %, 1950 MHz, 1950 MHz, 171.46 W, 63, P2, 0x0000000000000000
2026/09/26 13:42:22.852, 0, 20068 MiB, 99 %, 1950 MHz, 1950 MHz, 171.35 W, 62, P2, 0x0000000000000000
2026/09/26 13:42:23.853, 0, 20068 MiB, 100 %, 1950 MHz, 1950 MHz, 171.40 W, 62, P2, 0x0000000000000000
2026/09/26 13:42:24.853, 0, 20068 MiB, 100 %, 1950 MHz, 1950 MHz, 170.86 W, 62, P2, 0x0000000000000000
2026/09/26 13:42:25.853, 0, 20068 MiB, 100 %, 1950 MHz, 1950 MHz, 170.59 W, 62, P2, 0x0000000000000000
2026/09/26 13:42:26.853, 0, 20068 MiB, 99 %, 1950 MHz, 1950 MHz, 170.52 W, 62, P2, 0x0000000000000000
2026/09/26 13:42:27.853, 0, 20068 MiB, 99 %, 1950 MHz, 1950 MHz, 170.37 W, 62, P2, 0x0000000000000000
2026/09/26 13:42:28.853, 0, 20740 MiB, 65 %, 1950 MHz, 1950 MHz, 200.33 W, 66, P2, 0x0000000000000004
2026/09/26 13:42:29.854, 0, 20740 MiB, 66 %, 1950 MHz, 1950 MHz, 303.52 W, 67, P2, 0x0000000000000000
2026/09/26 13:42:30.854, 0, 20740 MiB, 66 %, 1950 MHz, 1950 MHz, 306.00 W, 68, P2, 0x0000000000000000
2026/09/26 13:42:31.854, 0, 20740 MiB, 6 %, 1935 MHz, 1935 MHz, 291.60 W, 65, P2, 0x0000000000000000
2026/09/26 13:42:32.854, 0, 20740 MiB, 66 %, 1935 MHz, 1935 MHz, 263.40 W, 68, P2, 0x0000000000000000
2026/09/26 13:42:33.854, 0, 20740 MiB, 65 %, 1935 MHz, 1935 MHz, 303.34 W, 69, P2, 0x0000000000000000
2026/09/26 13:42:34.854, 0, 20740 MiB, 66 %, 1935 MHz, 1935 MHz, 302.84 W, 69, P2, 0x0000000000000000
2026/09/26 13:42:35.855, 0, 20740 MiB, 66 %, 1935 MHz, 1935 MHz, 266.31 W, 69, P2, 0x0000000000000000
2026/09/26 13:42:36.855, 0, 20740 MiB, 65 %, 1935 MHz, 1935 MHz, 304.37 W, 70, P2, 0x0000000000000000
2026/09/26 13:42:37.855, 0, 20740 MiB, 65 %, 1935 MHz, 1935 MHz, 304.89 W, 70, P2, 0x0000000000000000
2026/09/26 13:42:38.855, 0, 20740 MiB, 52 %, 1935 MHz, 1935 MHz, 268.80 W, 67, P2, 0x0000000000000000
2026/09/26 13:42:39.855, 0, 20740 MiB, 65 %, 1935 MHz, 1935 MHz, 283.72 W, 70, P2, 0x0000000000000000
2026/09/26 13:42:40.855, 0, 20740 MiB, 66 %, 1935 MHz, 1935 MHz, 305.44 W, 70, P2, 0x0000000000000000
2026/09/26 13:42:41.856, 0, 20740 MiB, 66 %, 1935 MHz, 1935 MHz, 304.75 W, 71, P2, 0x0000000000000000
2026/09/26 13:42:42.856, 0, 20740 MiB, 66 %, 1935 MHz, 1935 MHz, 259.87 W, 70, P2, 0x0000000000000000
2026/09/26 13:42:43.856, 0, 20740 MiB, 65 %, 1935 MHz, 1935 MHz, 305.76 W, 71, P2, 0x0000000000000000
2026/09/26 13:42:44.856, 0, 20740 MiB, 65 %, 1935 MHz, 1935 MHz, 305.25 W, 71, P2, 0x0000000000000000
2026/09/26 13:42:45.856, 0, 20748 MiB, 99 %, 1785 MHz, 1785 MHz, 272.04 W, 68, P2, 0x0000000000000004
2026/09/26 13:42:46.857, 0, 20748 MiB, 64 %, 1935 MHz, 1935 MHz, 265.77 W, 70, P2, 0x0000000000000000
2026/09/26 13:42:47.857, 0, 20748 MiB, 65 %, 1935 MHz, 1935 MHz, 307.30 W, 71, P2, 0x0000000000000000
2026/09/26 13:42:48.857, 0, 20748 MiB, 65 %, 1935 MHz, 1935 MHz, 307.09 W, 71, P2, 0x0000000000000000
2026/09/26 13:42:49.857, 0, 20748 MiB, 65 %, 1935 MHz, 1935 MHz, 268.39 W, 71, P2, 0x0000000000000000
2026/09/26 13:42:50.857, 0, 20748 MiB, 66 %, 1935 MHz, 1935 MHz, 308.37 W, 72, P2, 0x0000000000000000
2026/09/26 13:42:51.857, 0, 20748 MiB, 60 %, 1935 MHz, 1935 MHz, 308.34 W, 72, P2, 0x0000000000000000
2026/09/26 13:42:52.858, 0, 20748 MiB, 45 %, 1935 MHz, 1935 MHz, 284.55 W, 69, P2, 0x0000000000000000
2026/09/26 13:42:53.858, 0, 20748 MiB, 65 %, 1935 MHz, 1935 MHz, 279.74 W, 72, P2, 0x0000000000000000
2026/09/26 13:42:54.858, 0, 20748 MiB, 66 %, 1935 MHz, 1935 MHz, 308.69 W, 72, P2, 0x0000000000000000
2026/09/26 13:42:55.858, 0, 20748 MiB, 65 %, 1935 MHz, 1935 MHz, 308.29 W, 73, P2, 0x0000000000000000
2026/09/26 13:42:56.858, 0, 20748 MiB, 65 %, 1935 MHz, 1935 MHz, 273.05 W, 72, P2, 0x0000000000000000
2026/09/26 13:42:57.858, 0, 20748 MiB, 66 %, 1935 MHz, 1935 MHz, 309.75 W, 73, P2, 0x0000000000000000
2026/09/26 13:42:58.859, 0, 20748 MiB, 67 %, 1935 MHz, 1935 MHz, 308.23 W, 73, P2, 0x0000000000000000
2026/09/26 13:42:59.859, 0, 20748 MiB, 58 %, 1920 MHz, 1920 MHz, 272.47 W, 69, P2, 0x0000000000000004
2026/09/26 13:43:00.859, 0, 20748 MiB, 66 %, 1920 MHz, 1920 MHz, 294.35 W, 73, P2, 0x0000000000000000
2026/09/26 13:43:01.859, 0, 20748 MiB, 66 %, 1920 MHz, 1920 MHz, 307.52 W, 73, P2, 0x0000000000000000
2026/09/26 13:43:02.859, 0, 20748 MiB, 65 %, 1920 MHz, 1920 MHz, 306.31 W, 74, P2, 0x0000000000000000
2026/09/26 13:43:03.860, 0, 20748 MiB, 65 %, 1920 MHz, 1920 MHz, 267.65 W, 73, P2, 0x0000000000000000
2026/09/26 13:43:04.860, 0, 20748 MiB, 65 %, 1920 MHz, 1920 MHz, 307.89 W, 74, P2, 0x0000000000000000
2026/09/26 13:43:05.860, 0, 20748 MiB, 66 %, 1920 MHz, 1920 MHz, 307.60 W, 74, P2, 0x0000000000000000
2026/09/26 13:43:06.860, 0, 488 MiB, 100 %, 1920 MHz, 1920 MHz, 252.56 W, 69, P2, 0x0000000000000000
2026/09/26 13:43:07.860, 0, 178 MiB, 0 %, 1935 MHz, 1935 MHz, 174.89 W, 67, P0, 0x0000000000000000
2026/09/26 13:43:08.861, 0, 178 MiB, 0 %, 1935 MHz, 1935 MHz, 171.03 W, 67, P0, 0x0000000000000000
2026/09/26 13:43:09.861, 0, 442 MiB, 0 %, 420 MHz, 420 MHz, 140.23 W, 62, P0, 0x0000000000000000
2026/09/26 13:43:10.861, 0, 442 MiB, 0 %, 1950 MHz, 1950 MHz, 162.85 W, 65, P2, 0x0000000000000000
2026/09/26 13:43:11.861, 0, 442 MiB, 6 %, 1950 MHz, 1950 MHz, 173.56 W, 65, P2, 0x0000000000000000
2026/09/26 13:43:12.861, 0, 442 MiB, 6 %, 1695 MHz, 1695 MHz, 149.05 W, 62, P2, 0x0000000000000000
2026/09/26 13:43:13.862, 0, 20068 MiB, 84 %, 1950 MHz, 1950 MHz, 139.81 W, 63, P2, 0x0000000000000000
2026/09/26 13:43:14.862, 0, 20068 MiB, 99 %, 1950 MHz, 1950 MHz, 171.91 W, 64, P2, 0x0000000000000000
2026/09/26 13:43:15.862, 0, 20068 MiB, 100 %, 1950 MHz, 1950 MHz, 172.45 W, 63, P2, 0x0000000000000000
2026/09/26 13:43:16.862, 0, 20068 MiB, 100 %, 1950 MHz, 1950 MHz, 172.23 W, 63, P2, 0x0000000000000000
2026/09/26 13:43:17.862, 0, 20068 MiB, 100 %, 1950 MHz, 1950 MHz, 172.31 W, 63, P2, 0x0000000000000000
2026/09/26 13:43:18.862, 0, 20068 MiB, 99 %, 1950 MHz, 1950 MHz, 171.94 W, 63, P2, 0x0000000000000000
2026/09/26 13:43:19.863, 0, 20068 MiB, 100 %, 1950 MHz, 1950 MHz, 171.67 W, 63, P2, 0x0000000000000000
2026/09/26 13:43:20.863, 0, 20068 MiB, 100 %, 1950 MHz, 1950 MHz, 171.67 W, 63, P2, 0x0000000000000000
2026/09/26 13:43:21.863, 0, 20068 MiB, 100 %, 1950 MHz, 1950 MHz, 171.26 W, 62, P2, 0x0000000000000000
2026/09/26 13:43:22.863, 0, 20068 MiB, 99 %, 1950 MHz, 1950 MHz, 171.21 W, 62, P2, 0x0000000000000000
2026/09/26 13:43:23.863, 0, 20068 MiB, 100 %, 1950 MHz, 1950 MHz, 171.04 W, 62, P2, 0x0000000000000000
2026/09/26 13:43:24.863, 0, 20068 MiB, 100 %, 1950 MHz, 1950 MHz, 170.46 W, 62, P2, 0x0000000000000000
2026/09/26 13:43:25.863, 0, 20740 MiB, 85 %, 1950 MHz, 1950 MHz, 210.13 W, 67, P2, 0x0000000000000004
2026/09/26 13:43:26.864, 0, 20740 MiB, 80 %, 1935 MHz, 1935 MHz, 330.83 W, 69, P2, 0x0000000000000004
2026/09/26 13:43:27.864, 0, 20740 MiB, 78 %, 1935 MHz, 1935 MHz, 332.28 W, 70, P2, 0x0000000000000004
2026/09/26 13:43:28.864, 0, 20740 MiB, 40 %, 1935 MHz, 1935 MHz, 299.45 W, 70, P2, 0x0000000000000004
2026/09/26 13:43:29.864, 0, 20740 MiB, 79 %, 1935 MHz, 1935 MHz, 331.22 W, 71, P2, 0x0000000000000004
2026/09/26 13:43:30.865, 0, 20740 MiB, 79 %, 1935 MHz, 1935 MHz, 334.12 W, 71, P2, 0x0000000000000004
2026/09/26 13:43:31.866, 0, 20740 MiB, 67 %, 1935 MHz, 1935 MHz, 291.35 W, 71, P2, 0x0000000000000004
2026/09/26 13:43:32.866, 0, 20740 MiB, 79 %, 1935 MHz, 1935 MHz, 335.29 W, 72, P2, 0x0000000000000004
2026/09/26 13:43:33.867, 0, 20740 MiB, 76 %, 1935 MHz, 1935 MHz, 337.70 W, 73, P2, 0x0000000000000004
2026/09/26 13:43:34.867, 0, 20740 MiB, 78 %, 1935 MHz, 1935 MHz, 297.73 W, 72, P2, 0x0000000000000004
2026/09/26 13:43:35.867, 0, 20740 MiB, 79 %, 1935 MHz, 1935 MHz, 337.50 W, 73, P2, 0x0000000000000004
2026/09/26 13:43:36.867, 0, 20740 MiB, 80 %, 1920 MHz, 1920 MHz, 318.56 W, 69, P2, 0x0000000000000004
2026/09/26 13:43:37.868, 0, 20740 MiB, 78 %, 1920 MHz, 1920 MHz, 294.90 W, 73, P2, 0x0000000000000004
2026/09/26 13:43:38.868, 0, 20740 MiB, 79 %, 1920 MHz, 1920 MHz, 335.42 W, 74, P2, 0x0000000000000004
2026/09/26 13:43:39.868, 0, 20748 MiB, 80 %, 1920 MHz, 1920 MHz, 307.49 W, 71, P2, 0x0000000000000004
2026/09/26 13:43:40.868, 0, 20748 MiB, 78 %, 1920 MHz, 1920 MHz, 284.25 W, 73, P2, 0x0000000000000004
2026/09/26 13:43:41.868, 0, 20748 MiB, 78 %, 1920 MHz, 1920 MHz, 333.97 W, 74, P2, 0x0000000000000004
2026/09/26 13:43:42.869, 0, 20748 MiB, 79 %, 1920 MHz, 1920 MHz, 319.37 W, 71, P2, 0x0000000000000004
2026/09/26 13:43:43.869, 0, 20748 MiB, 78 %, 1920 MHz, 1920 MHz, 302.38 W, 75, P2, 0x0000000000000004
2026/09/26 13:43:44.869, 0, 20748 MiB, 79 %, 1920 MHz, 1920 MHz, 336.98 W, 75, P2, 0x0000000000000004
2026/09/26 13:43:45.869, 0, 20748 MiB, 79 %, 1920 MHz, 1920 MHz, 306.68 W, 73, P2, 0x0000000000000004
2026/09/26 13:43:46.870, 0, 20748 MiB, 78 %, 1920 MHz, 1920 MHz, 329.02 W, 75, P2, 0x0000000000000004
2026/09/26 13:43:47.870, 0, 20748 MiB, 78 %, 1920 MHz, 1920 MHz, 337.11 W, 76, P2, 0x0000000000000004
2026/09/26 13:43:48.870, 0, 20748 MiB, 80 %, 1920 MHz, 1920 MHz, 303.29 W, 75, P2, 0x0000000000000004
2026/09/26 13:43:49.870, 0, 20748 MiB, 78 %, 1920 MHz, 1920 MHz, 337.49 W, 76, P2, 0x0000000000000004
2026/09/26 13:43:50.871, 0, 20748 MiB, 79 %, 1920 MHz, 1920 MHz, 339.80 W, 77, P2, 0x0000000000000004
2026/09/26 13:43:51.872, 0, 20748 MiB, 24 %, 1920 MHz, 1920 MHz, 302.91 W, 76, P2, 0x0000000000000004
2026/09/26 13:43:52.872, 0, 20748 MiB, 78 %, 1920 MHz, 1920 MHz, 341.47 W, 77, P2, 0x0000000000000004
2026/09/26 13:43:53.872, 0, 20748 MiB, 79 %, 1920 MHz, 1920 MHz, 342.91 W, 78, P2, 0x0000000000000004
2026/09/26 13:43:54.872, 0, 20748 MiB, 71 %, 1905 MHz, 1905 MHz, 302.84 W, 77, P2, 0x0000000000000004
2026/09/26 13:43:55.873, 0, 20748 MiB, 78 %, 1905 MHz, 1905 MHz, 334.44 W, 78, P2, 0x0000000000000004
2026/09/26 13:43:56.873, 0, 20748 MiB, 79 %, 1905 MHz, 1905 MHz, 335.54 W, 78, P2, 0x0000000000000004
2026/09/26 13:43:57.873, 0, 178 MiB, 24 %, 1920 MHz, 1920 MHz, 244.00 W, 71, P0, 0x0000000000000024
2026/09/26 13:43:58.874, 0, 178 MiB, 0 %, 1920 MHz, 1920 MHz, 178.26 W, 69, P0, 0x0000000000000000
2026/09/26 13:43:59.874, 0, 181 MiB, 0 %, 525 MHz, 525 MHz, 158.09 W, 65, P3, 0x0000000000000001
2026/09/26 13:44:00.883, 0, 442 MiB, 0 %, 1935 MHz, 1935 MHz, 150.64 W, 66, P2, 0x0000000000000000
2026/09/26 13:44:01.883, 0, 442 MiB, 0 %, 1935 MHz, 1935 MHz, 174.05 W, 65, P2, 0x0000000000000000
2026/09/26 13:44:02.883, 0, 442 MiB, 0 %, 1695 MHz, 1695 MHz, 156.91 W, 63, P2, 0x0000000000000000
2026/09/26 13:44:03.884, 0, 442 MiB, 18 %, 1695 MHz, 1695 MHz, 137.29 W, 62, P2, 0x0000000000000000
2026/09/26 13:44:04.884, 0, 442 MiB, 0 %, 1695 MHz, 1695 MHz, 136.14 W, 62, P2, 0x0000000000000000
2026/09/26 13:44:05.884, 0, 19140 MiB, 100 %, 1950 MHz, 1950 MHz, 147.04 W, 63, P2, 0x0000000000000000
2026/09/26 13:44:06.884, 0, 19140 MiB, 99 %, 1950 MHz, 1950 MHz, 173.20 W, 63, P2, 0x0000000000000000
2026/09/26 13:44:07.885, 0, 19140 MiB, 100 %, 1950 MHz, 1950 MHz, 172.29 W, 63, P2, 0x0000000000000000
2026/09/26 13:44:08.885, 0, 19140 MiB, 100 %, 1950 MHz, 1950 MHz, 172.15 W, 63, P2, 0x0000000000000000
2026/09/26 13:44:09.885, 0, 19140 MiB, 99 %, 1950 MHz, 1950 MHz, 170.40 W, 63, P2, 0x0000000000000000
2026/09/26 13:44:10.885, 0, 19140 MiB, 99 %, 1950 MHz, 1950 MHz, 170.92 W, 63, P2, 0x0000000000000000
2026/09/26 13:44:11.885, 0, 19140 MiB, 100 %, 1950 MHz, 1950 MHz, 168.85 W, 62, P2, 0x0000000000000000
2026/09/26 13:44:12.886, 0, 19140 MiB, 99 %, 1950 MHz, 1950 MHz, 161.70 W, 61, P2, 0x0000000000000000
2026/09/26 13:44:13.886, 0, 19140 MiB, 100 %, 1950 MHz, 1950 MHz, 159.91 W, 61, P2, 0x0000000000000000
2026/09/26 13:44:14.886, 0, 22314 MiB, 11 %, 1950 MHz, 1950 MHz, 162.29 W, 61, P2, 0x0000000000000000
2026/09/26 13:44:15.886, 0, 22366 MiB, 23 %, 1950 MHz, 1950 MHz, 199.75 W, 65, P2, 0x0000000000000000
2026/09/26 13:44:16.886, 0, 22366 MiB, 60 %, 1950 MHz, 1950 MHz, 299.65 W, 67, P2, 0x0000000000000000
2026/09/26 13:44:17.887, 0, 22366 MiB, 62 %, 1935 MHz, 1935 MHz, 296.39 W, 68, P2, 0x0000000000000000
2026/09/26 13:44:18.887, 0, 22366 MiB, 38 %, 1935 MHz, 1935 MHz, 266.47 W, 68, P2, 0x0000000000000000
2026/09/26 13:44:19.887, 0, 22366 MiB, 61 %, 1935 MHz, 1935 MHz, 297.75 W, 68, P2, 0x0000000000000000
2026/09/26 13:44:20.887, 0, 22366 MiB, 62 %, 1935 MHz, 1935 MHz, 299.22 W, 69, P2, 0x0000000000000000
2026/09/26 13:44:21.888, 0, 22366 MiB, 57 %, 1935 MHz, 1935 MHz, 265.73 W, 69, P2, 0x0000000000000000
2026/09/26 13:44:22.888, 0, 22366 MiB, 63 %, 1935 MHz, 1935 MHz, 300.46 W, 69, P2, 0x0000000000000000
2026/09/26 13:44:23.888, 0, 22366 MiB, 65 %, 1935 MHz, 1935 MHz, 294.23 W, 68, P2, 0x0000000000000000
2026/09/26 13:44:24.888, 0, 22382 MiB, 53 %, 1935 MHz, 1935 MHz, 249.65 W, 69, P2, 0x0000000000000000
2026/09/26 13:44:25.897, 0, 22382 MiB, 65 %, 1935 MHz, 1935 MHz, 298.98 W, 69, P2, 0x0000000000000000
2026/09/26 13:44:26.897, 0, 22382 MiB, 62 %, 1935 MHz, 1935 MHz, 301.01 W, 70, P2, 0x0000000000000000
2026/09/26 13:44:27.897, 0, 22382 MiB, 55 %, 1935 MHz, 1935 MHz, 250.07 W, 69, P2, 0x0000000000000000
2026/09/26 13:44:28.898, 0, 22382 MiB, 62 %, 1935 MHz, 1935 MHz, 298.03 W, 70, P2, 0x0000000000000000
2026/09/26 13:44:29.898, 0, 22388 MiB, 63 %, 1935 MHz, 1935 MHz, 279.32 W, 67, P2, 0x0000000000000000
2026/09/26 13:44:30.898, 0, 22388 MiB, 99 %, 1935 MHz, 1935 MHz, 206.71 W, 69, P2, 0x0000000000000000
2026/09/26 13:44:31.898, 0, 22388 MiB, 64 %, 1935 MHz, 1935 MHz, 298.16 W, 69, P2, 0x0000000000000000
2026/09/26 13:44:32.898, 0, 22388 MiB, 61 %, 1935 MHz, 1935 MHz, 297.33 W, 70, P2, 0x0000000000000000
2026/09/26 13:44:33.899, 0, 22388 MiB, 64 %, 1935 MHz, 1935 MHz, 262.19 W, 70, P2, 0x0000000000000000
2026/09/26 13:44:34.899, 0, 22388 MiB, 62 %, 1935 MHz, 1935 MHz, 301.82 W, 70, P2, 0x0000000000000000
2026/09/26 13:44:35.899, 0, 22388 MiB, 65 %, 1935 MHz, 1935 MHz, 300.53 W, 70, P2, 0x0000000000000000
2026/09/26 13:44:36.899, 0, 22388 MiB, 62 %, 1935 MHz, 1935 MHz, 265.05 W, 70, P2, 0x0000000000000000
2026/09/26 13:44:37.899, 0, 22388 MiB, 61 %, 1935 MHz, 1935 MHz, 299.63 W, 70, P2, 0x0000000000000000
2026/09/26 13:44:38.900, 0, 22388 MiB, 61 %, 1935 MHz, 1935 MHz, 261.58 W, 69, P2, 0x0000000000000004
2026/09/26 13:44:39.900, 0, 22388 MiB, 61 %, 1935 MHz, 1935 MHz, 298.27 W, 71, P2, 0x0000000000000000
2026/09/26 13:44:40.900, 0, 22388 MiB, 64 %, 1935 MHz, 1935 MHz, 301.62 W, 71, P2, 0x0000000000000000
2026/09/26 13:44:41.900, 0, 22388 MiB, 46 %, 1935 MHz, 1935 MHz, 269.25 W, 71, P2, 0x0000000000000000
2026/09/26 13:44:42.900, 0, 22388 MiB, 62 %, 1935 MHz, 1935 MHz, 303.79 W, 71, P2, 0x0000000000000000
2026/09/26 13:44:43.901, 0, 22388 MiB, 62 %, 1935 MHz, 1935 MHz, 303.55 W, 72, P2, 0x0000000000000000
2026/09/26 13:44:44.901, 0, 22388 MiB, 9 %, 1935 MHz, 1935 MHz, 267.49 W, 71, P2, 0x0000000000000000
2026/09/26 13:44:45.901, 0, 22388 MiB, 62 %, 1935 MHz, 1935 MHz, 303.39 W, 72, P2, 0x0000000000000000
2026/09/26 13:44:46.901, 0, 22388 MiB, 62 %, 1935 MHz, 1935 MHz, 306.11 W, 72, P2, 0x0000000000000000
2026/09/26 13:44:47.901, 0, 178 MiB, 0 %, 1935 MHz, 1935 MHz, 225.12 W, 67, P0, 0x0000000000000000
2026/09/26 13:44:48.902, 0, 178 MiB, 0 %, 1935 MHz, 1935 MHz, 167.78 W, 65, P0, 0x0000000000000000
2026/09/26 13:44:49.902, 0, 181 MiB, 0 %, 1935 MHz, 1935 MHz, 163.22 W, 64, P3, 0x0000000000000001
2026/09/26 13:44:51.172, 0, 442 MiB, 0 %, 1950 MHz, 1950 MHz, 148.55 W, 64, P2, 0x0000000000000000
2026/09/26 13:44:52.173, 0, 442 MiB, 0 %, 1950 MHz, 1950 MHz, 171.71 W, 64, P2, 0x0000000000000000
2026/09/26 13:44:53.174, 0, 442 MiB, 9 %, 1695 MHz, 1695 MHz, 168.29 W, 62, P2, 0x0000000000000000
2026/09/26 13:44:54.174, 0, 19140 MiB, 1 %, 1695 MHz, 1695 MHz, 134.60 W, 61, P2, 0x0000000000000000
2026/09/26 13:44:55.174, 0, 19140 MiB, 100 %, 1950 MHz, 1950 MHz, 159.55 W, 63, P2, 0x0000000000000000
2026/09/26 13:44:56.174, 0, 19140 MiB, 100 %, 1950 MHz, 1950 MHz, 171.22 W, 63, P2, 0x0000000000000000
2026/09/26 13:44:57.174, 0, 19140 MiB, 100 %, 1950 MHz, 1950 MHz, 169.47 W, 63, P2, 0x0000000000000000
2026/09/26 13:44:58.174, 0, 19140 MiB, 100 %, 1950 MHz, 1950 MHz, 168.83 W, 62, P2, 0x0000000000000000
2026/09/26 13:44:59.175, 0, 19140 MiB, 99 %, 1950 MHz, 1950 MHz, 161.80 W, 62, P2, 0x0000000000000000
2026/09/26 13:45:00.175, 0, 19140 MiB, 99 %, 1950 MHz, 1950 MHz, 160.27 W, 61, P2, 0x0000000000000000
2026/09/26 13:45:01.175, 0, 19140 MiB, 99 %, 1950 MHz, 1950 MHz, 158.85 W, 61, P2, 0x0000000000000000
2026/09/26 13:45:02.175, 0, 22314 MiB, 100 %, 1950 MHz, 1950 MHz, 160.50 W, 61, P2, 0x0000000000000000
2026/09/26 13:45:03.176, 0, 22366 MiB, 72 %, 1950 MHz, 1950 MHz, 182.04 W, 64, P2, 0x0000000000000004
2026/09/26 13:45:04.177, 0, 22366 MiB, 79 %, 1935 MHz, 1935 MHz, 322.73 W, 68, P2, 0x0000000000000004
2026/09/26 13:45:05.178, 0, 22366 MiB, 77 %, 1935 MHz, 1935 MHz, 326.88 W, 68, P2, 0x0000000000000004
2026/09/26 13:45:06.180, 0, 22366 MiB, 76 %, 1935 MHz, 1935 MHz, 303.38 W, 70, P2, 0x0000000000000004
2026/09/26 13:45:07.181, 0, 22366 MiB, 79 %, 1935 MHz, 1935 MHz, 332.93 W, 71, P2, 0x0000000000000004
2026/09/26 13:45:08.181, 0, 22366 MiB, 57 %, 1935 MHz, 1935 MHz, 304.75 W, 71, P2, 0x0000000000000004
2026/09/26 13:45:09.181, 0, 22366 MiB, 76 %, 1935 MHz, 1935 MHz, 329.91 W, 71, P2, 0x0000000000000004
2026/09/26 13:45:10.182, 0, 22382 MiB, 79 %, 1935 MHz, 1935 MHz, 293.29 W, 70, P2, 0x0000000000000000
2026/09/26 13:45:11.182, 0, 22382 MiB, 77 %, 1935 MHz, 1935 MHz, 329.71 W, 71, P2, 0x0000000000000004
2026/09/26 13:45:12.182, 0, 22382 MiB, 76 %, 1935 MHz, 1935 MHz, 330.95 W, 72, P2, 0x0000000000000004
2026/09/26 13:45:13.182, 0, 22382 MiB, 70 %, 1935 MHz, 1935 MHz, 286.31 W, 72, P2, 0x000000000000004C
2026/09/26 13:45:14.182, 0, 22382 MiB, 79 %, 1935 MHz, 1935 MHz, 329.17 W, 72, P2, 0x0000000000000004
2026/09/26 13:45:15.183, 0, 22388 MiB, 27 %, 1920 MHz, 1920 MHz, 261.05 W, 67, P2, 0x0000000000000024
2026/09/26 13:45:16.183, 0, 22388 MiB, 77 %, 1935 MHz, 1935 MHz, 283.99 W, 72, P2, 0x0000000000000004
2026/09/26 13:45:17.183, 0, 22388 MiB, 74 %, 1920 MHz, 1920 MHz, 331.59 W, 73, P2, 0x0000000000000004
2026/09/26 13:45:18.183, 0, 22388 MiB, 72 %, 1920 MHz, 1920 MHz, 298.86 W, 73, P2, 0x0000000000000004
2026/09/26 13:45:19.184, 0, 22388 MiB, 78 %, 1920 MHz, 1920 MHz, 334.77 W, 73, P2, 0x0000000000000004
2026/09/26 13:45:20.185, 0, 22388 MiB, 60 %, 1920 MHz, 1920 MHz, 308.57 W, 73, P2, 0x0000000000000004
2026/09/26 13:45:21.185, 0, 22388 MiB, 76 %, 1920 MHz, 1920 MHz, 334.81 W, 74, P2, 0x0000000000000004
2026/09/26 13:45:22.186, 0, 22388 MiB, 75 %, 1920 MHz, 1920 MHz, 295.20 W, 73, P2, 0x0000000000000004
2026/09/26 13:45:23.187, 0, 22388 MiB, 78 %, 1920 MHz, 1920 MHz, 334.85 W, 74, P2, 0x0000000000000004
2026/09/26 13:45:24.189, 0, 22388 MiB, 80 %, 1920 MHz, 1920 MHz, 306.64 W, 70, P2, 0x0000000000000004
2026/09/26 13:45:25.190, 0, 22388 MiB, 75 %, 1920 MHz, 1920 MHz, 305.64 W, 74, P2, 0x0000000000000004
2026/09/26 13:45:26.190, 0, 22388 MiB, 81 %, 1920 MHz, 1920 MHz, 329.60 W, 75, P2, 0x0000000000000004
2026/09/26 13:45:27.191, 0, 22388 MiB, 37 %, 1920 MHz, 1920 MHz, 301.11 W, 75, P2, 0x0000000000000004
2026/09/26 13:45:28.191, 0, 22388 MiB, 76 %, 1905 MHz, 1905 MHz, 335.79 W, 75, P2, 0x0000000000000004
2026/09/26 13:45:29.191, 0, 178 MiB, 75 %, 1920 MHz, 1920 MHz, 321.87 W, 73, P2, 0x0000000000000004
2026/09/26 13:45:30.192, 0, 178 MiB, 100 %, 1920 MHz, 1920 MHz, 184.18 W, 69, P0, 0x0000000000000000
2026/09/26 13:45:31.192, 0, 178 MiB, 0 %, 1920 MHz, 1920 MHz, 175.91 W, 68, P0, 0x0000000000000000
2026/09/26 13:45:32.192, 0, 1196 MiB, 0 %, 1695 MHz, 1695 MHz, 152.05 W, 63, P0, 0x0000000000000004
2026/09/26 13:45:33.192, 0, 442 MiB, 0 %, 1935 MHz, 1935 MHz, 163.60 W, 65, P2, 0x0000000000000000
2026/09/26 13:45:34.193, 0, 442 MiB, 0 %, 1935 MHz, 1935 MHz, 172.16 W, 65, P2, 0x0000000000000000
2026/09/26 13:45:35.193, 0, 19140 MiB, 1 %, 1695 MHz, 1695 MHz, 148.37 W, 62, P2, 0x0000000000000000
2026/09/26 13:45:36.193, 0, 19140 MiB, 6 %, 1935 MHz, 1935 MHz, 139.08 W, 63, P2, 0x0000000000000000
2026/09/26 13:45:37.193, 0, 19140 MiB, 99 %, 1935 MHz, 1935 MHz, 170.82 W, 64, P2, 0x0000000000000000
2026/09/26 13:45:38.193, 0, 19140 MiB, 100 %, 1935 MHz, 1935 MHz, 169.62 W, 63, P2, 0x0000000000000000
2026/09/26 13:45:39.194, 0, 19140 MiB, 99 %, 1935 MHz, 1935 MHz, 171.32 W, 63, P2, 0x0000000000000000
2026/09/26 13:45:40.194, 0, 19140 MiB, 100 %, 1935 MHz, 1935 MHz, 170.57 W, 63, P2, 0x0000000000000000
2026/09/26 13:45:41.194, 0, 19140 MiB, 100 %, 1935 MHz, 1935 MHz, 169.69 W, 63, P2, 0x0000000000000000
2026/09/26 13:45:42.194, 0, 19140 MiB, 100 %, 1935 MHz, 1935 MHz, 170.29 W, 62, P2, 0x0000000000000000
2026/09/26 13:45:43.194, 0, 19140 MiB, 99 %, 1935 MHz, 1935 MHz, 169.78 W, 62, P2, 0x0000000000000000
2026/09/26 13:45:44.195, 0, 19140 MiB, 100 %, 1935 MHz, 1935 MHz, 170.31 W, 62, P2, 0x0000000000000000
2026/09/26 13:45:45.195, 0, 19140 MiB, 100 %, 1935 MHz, 1935 MHz, 169.35 W, 62, P2, 0x0000000000000000
2026/09/26 13:45:46.195, 0, 19140 MiB, 100 %, 1935 MHz, 1935 MHz, 168.05 W, 62, P2, 0x0000000000000000
2026/09/26 13:45:47.195, 0, 22314 MiB, 99 %, 1950 MHz, 1950 MHz, 169.53 W, 61, P2, 0x0000000000000000
2026/09/26 13:45:48.196, 0, 22366 MiB, 15 %, 1950 MHz, 1950 MHz, 194.22 W, 66, P2, 0x0000000000000000
2026/09/26 13:45:49.197, 0, 22366 MiB, 80 %, 1935 MHz, 1935 MHz, 325.89 W, 68, P2, 0x0000000000000004
2026/09/26 13:45:50.197, 0, 22366 MiB, 72 %, 1935 MHz, 1935 MHz, 316.15 W, 66, P2, 0x0000000000000004
2026/09/26 13:45:51.197, 0, 22366 MiB, 76 %, 1935 MHz, 1935 MHz, 303.80 W, 70, P2, 0x0000000000000004
2026/09/26 13:45:52.197, 0, 22366 MiB, 77 %, 1935 MHz, 1935 MHz, 332.14 W, 70, P2, 0x0000000000000004
2026/09/26 13:45:53.198, 0, 22366 MiB, 72 %, 1935 MHz, 1935 MHz, 301.20 W, 70, P2, 0x0000000000000004
2026/09/26 13:45:54.199, 0, 22366 MiB, 78 %, 1935 MHz, 1935 MHz, 332.26 W, 71, P2, 0x0000000000000004
2026/09/26 13:45:55.200, 0, 22382 MiB, 78 %, 1935 MHz, 1935 MHz, 287.48 W, 70, P2, 0x0000000000000004
2026/09/26 13:45:56.200, 0, 22382 MiB, 77 %, 1935 MHz, 1935 MHz, 330.36 W, 72, P2, 0x0000000000000004
2026/09/26 13:45:57.200, 0, 22382 MiB, 80 %, 1920 MHz, 1920 MHz, 329.34 W, 72, P2, 0x0000000000000004
2026/09/26 13:45:58.201, 0, 22382 MiB, 74 %, 1920 MHz, 1920 MHz, 286.63 W, 71, P2, 0x0000000000000004
2026/09/26 13:45:59.201, 0, 22388 MiB, 79 %, 1920 MHz, 1920 MHz, 322.23 W, 72, P2, 0x0000000000000004
2026/09/26 13:46:00.201, 0, 22388 MiB, 37 %, 1920 MHz, 1920 MHz, 250.26 W, 66, P2, 0x0000000000000024
2026/09/26 13:46:01.201, 0, 22388 MiB, 77 %, 1935 MHz, 1935 MHz, 289.98 W, 71, P2, 0x0000000000000004
2026/09/26 13:46:02.201, 0, 22388 MiB, 76 %, 1920 MHz, 1920 MHz, 324.91 W, 72, P2, 0x0000000000000004
2026/09/26 13:46:03.202, 0, 22388 MiB, 74 %, 1920 MHz, 1920 MHz, 290.98 W, 72, P2, 0x0000000000000004
2026/09/26 13:46:04.202, 0, 22388 MiB, 80 %, 1920 MHz, 1920 MHz, 324.32 W, 72, P2, 0x0000000000000004
2026/09/26 13:46:05.202, 0, 22388 MiB, 78 %, 1920 MHz, 1920 MHz, 295.73 W, 71, P2, 0x0000000000000000
2026/09/26 13:46:06.202, 0, 22388 MiB, 80 %, 1920 MHz, 1920 MHz, 317.78 W, 73, P2, 0x0000000000000004
2026/09/26 13:46:07.203, 0, 22388 MiB, 78 %, 1920 MHz, 1920 MHz, 308.15 W, 70, P2, 0x0000000000000004
2026/09/26 13:46:08.203, 0, 22388 MiB, 80 %, 1920 MHz, 1920 MHz, 299.49 W, 73, P2, 0x0000000000000004
2026/09/26 13:46:09.203, 0, 22388 MiB, 81 %, 1920 MHz, 1920 MHz, 325.03 W, 74, P2, 0x0000000000000004
2026/09/26 13:46:10.203, 0, 22388 MiB, 78 %, 1920 MHz, 1920 MHz, 298.33 W, 73, P2, 0x0000000000000004
2026/09/26 13:46:11.203, 0, 22388 MiB, 80 %, 1920 MHz, 1920 MHz, 326.83 W, 74, P2, 0x0000000000000004
2026/09/26 13:46:12.204, 0, 22388 MiB, 80 %, 1920 MHz, 1920 MHz, 328.38 W, 74, P2, 0x0000000000000004
2026/09/26 13:46:13.204, 0, 22388 MiB, 79 %, 1920 MHz, 1920 MHz, 294.23 W, 74, P2, 0x0000000000000004
2026/09/26 13:46:14.204, 0, 22388 MiB, 78 %, 1920 MHz, 1920 MHz, 328.49 W, 75, P2, 0x0000000000000004
2026/09/26 13:46:15.204, 0, 178 MiB, 79 %, 1920 MHz, 1920 MHz, 280.98 W, 70, P2, 0x0000000000000000
2026/09/26 13:46:16.205, 0, 178 MiB, 0 %, 1920 MHz, 1920 MHz, 175.26 W, 67, P0, 0x0000000000000000
2026/09/26 13:46:17.205, 0, 181 MiB, 0 %, 1920 MHz, 1920 MHz, 170.84 W, 67, P0, 0x0000000000000024
2026/09/26 13:46:18.257, 0, 442 MiB, 0 %, 1935 MHz, 1935 MHz, 151.28 W, 65, P2, 0x0000000000000000
2026/09/26 13:46:19.268, 0, 442 MiB, 0 %, 1935 MHz, 1935 MHz, 171.10 W, 64, P2, 0x0000000000000000
2026/09/26 13:46:20.268, 0, 442 MiB, 23 %, 1695 MHz, 1695 MHz, 154.44 W, 62, P2, 0x0000000000000000
2026/09/26 13:46:21.269, 0, 442 MiB, 0 %, 1695 MHz, 1695 MHz, 134.96 W, 62, P2, 0x0000000000000000
2026/09/26 13:46:22.269, 0, 442 MiB, 0 %, 1695 MHz, 1695 MHz, 134.41 W, 61, P2, 0x0000000000000000
2026/09/26 13:46:23.269, 0, 19140 MiB, 100 %, 1950 MHz, 1950 MHz, 146.67 W, 63, P2, 0x0000000000000000
2026/09/26 13:46:24.269, 0, 19140 MiB, 100 %, 1950 MHz, 1950 MHz, 169.94 W, 62, P2, 0x0000000000000000
2026/09/26 13:46:25.270, 0, 19140 MiB, 99 %, 1950 MHz, 1950 MHz, 170.55 W, 62, P2, 0x0000000000000000
2026/09/26 13:46:26.270, 0, 19140 MiB, 100 %, 1950 MHz, 1950 MHz, 167.29 W, 62, P2, 0x0000000000000000
2026/09/26 13:46:27.270, 0, 19140 MiB, 99 %, 1950 MHz, 1950 MHz, 161.11 W, 62, P2, 0x0000000000000000
2026/09/26 13:46:28.270, 0, 19140 MiB, 100 %, 1950 MHz, 1950 MHz, 159.59 W, 61, P2, 0x0000000000000000
2026/09/26 13:46:29.270, 0, 19140 MiB, 100 %, 1950 MHz, 1950 MHz, 159.23 W, 61, P2, 0x0000000000000000
2026/09/26 13:46:30.271, 0, 20284 MiB, 3 %, 1950 MHz, 1950 MHz, 160.70 W, 61, P2, 0x0000000000000000
2026/09/26 13:46:31.271, 0, 22332 MiB, 44 %, 1950 MHz, 1950 MHz, 169.04 W, 62, P2, 0x0000000000000000
2026/09/26 13:46:32.272, 0, 22366 MiB, 64 %, 1950 MHz, 1950 MHz, 275.77 W, 67, P2, 0x0000000000000004
2026/09/26 13:46:33.272, 0, 22366 MiB, 61 %, 1935 MHz, 1935 MHz, 295.72 W, 67, P2, 0x0000000000000000
2026/09/26 13:46:34.272, 0, 22366 MiB, 55 %, 1935 MHz, 1935 MHz, 264.64 W, 66, P2, 0x0000000000000000
2026/09/26 13:46:35.273, 0, 22366 MiB, 64 %, 1935 MHz, 1935 MHz, 296.02 W, 68, P2, 0x0000000000000000
2026/09/26 13:46:36.273, 0, 22366 MiB, 64 %, 1935 MHz, 1935 MHz, 297.13 W, 68, P2, 0x0000000000000000
2026/09/26 13:46:37.273, 0, 22366 MiB, 62 %, 1935 MHz, 1935 MHz, 266.52 W, 68, P2, 0x0000000000000000
2026/09/26 13:46:38.273, 0, 22366 MiB, 64 %, 1935 MHz, 1935 MHz, 299.20 W, 69, P2, 0x0000000000000000
2026/09/26 13:46:39.273, 0, 22366 MiB, 63 %, 1935 MHz, 1935 MHz, 298.25 W, 69, P2, 0x0000000000000000
2026/09/26 13:46:40.273, 0, 22382 MiB, 63 %, 1935 MHz, 1935 MHz, 253.86 W, 69, P2, 0x0000000000000000
2026/09/26 13:46:41.274, 0, 22382 MiB, 65 %, 1935 MHz, 1935 MHz, 299.77 W, 69, P2, 0x0000000000000000
2026/09/26 13:46:42.274, 0, 22382 MiB, 64 %, 1935 MHz, 1935 MHz, 300.31 W, 70, P2, 0x0000000000000000
2026/09/26 13:46:43.274, 0, 22382 MiB, 64 %, 1935 MHz, 1935 MHz, 255.29 W, 69, P2, 0x0000000000000000
2026/09/26 13:46:44.274, 0, 22382 MiB, 63 %, 1935 MHz, 1935 MHz, 302.08 W, 70, P2, 0x0000000000000000
2026/09/26 13:46:45.274, 0, 22382 MiB, 61 %, 1935 MHz, 1935 MHz, 300.50 W, 70, P2, 0x0000000000000000
2026/09/26 13:46:46.275, 0, 22388 MiB, 54 %, 1935 MHz, 1935 MHz, 210.17 W, 67, P2, 0x0000000000000000
2026/09/26 13:46:47.275, 0, 22388 MiB, 61 %, 1935 MHz, 1935 MHz, 297.92 W, 70, P2, 0x0000000000000000
2026/09/26 13:46:48.276, 0, 22388 MiB, 63 %, 1935 MHz, 1935 MHz, 301.54 W, 70, P2, 0x0000000000000000
2026/09/26 13:46:49.276, 0, 22388 MiB, 61 %, 1935 MHz, 1935 MHz, 268.52 W, 70, P2, 0x0000000000000000
2026/09/26 13:46:50.276, 0, 22388 MiB, 62 %, 1935 MHz, 1935 MHz, 303.45 W, 70, P2, 0x0000000000000000
2026/09/26 13:46:51.276, 0, 22388 MiB, 64 %, 1935 MHz, 1935 MHz, 304.64 W, 71, P2, 0x0000000000000000
2026/09/26 13:46:52.276, 0, 22388 MiB, 62 %, 1935 MHz, 1935 MHz, 270.55 W, 70, P2, 0x0000000000000000
2026/09/26 13:46:53.276, 0, 22388 MiB, 61 %, 1935 MHz, 1935 MHz, 303.35 W, 71, P2, 0x0000000000000000
2026/09/26 13:46:54.278, 0, 22388 MiB, 59 %, 1935 MHz, 1935 MHz, 269.70 W, 69, P2, 0x0000000000000004
2026/09/26 13:46:55.279, 0, 22388 MiB, 63 %, 1935 MHz, 1935 MHz, 299.53 W, 71, P2, 0x0000000000000000
2026/09/26 13:46:56.280, 0, 22388 MiB, 64 %, 1935 MHz, 1935 MHz, 305.04 W, 72, P2, 0x0000000000000000
2026/09/26 13:46:57.280, 0, 22388 MiB, 64 %, 1920 MHz, 1920 MHz, 268.77 W, 71, P2, 0x0000000000000000
2026/09/26 13:46:58.280, 0, 22388 MiB, 63 %, 1920 MHz, 1920 MHz, 304.44 W, 72, P2, 0x0000000000000000
2026/09/26 13:46:59.281, 0, 22388 MiB, 61 %, 1920 MHz, 1920 MHz, 305.02 W, 72, P2, 0x0000000000000000
2026/09/26 13:47:00.281, 0, 22388 MiB, 61 %, 1920 MHz, 1920 MHz, 269.48 W, 71, P2, 0x0000000000000000
2026/09/26 13:47:01.281, 0, 22388 MiB, 64 %, 1920 MHz, 1920 MHz, 303.77 W, 72, P2, 0x0000000000000000
2026/09/26 13:47:02.281, 0, 22388 MiB, 60 %, 1920 MHz, 1920 MHz, 306.13 W, 72, P2, 0x0000000000000000
2026/09/26 13:47:03.281, 0, 510 MiB, 100 %, 1920 MHz, 1920 MHz, 242.57 W, 68, P2, 0x0000000000000000
2026/09/26 13:47:04.282, 0, 178 MiB, 0 %, 1935 MHz, 1935 MHz, 172.86 W, 66, P0, 0x0000000000000000
2026/09/26 13:47:05.282, 0, 178 MiB, 0 %, 1935 MHz, 1935 MHz, 171.64 W, 66, P0, 0x0000000000000000
2026/09/26 13:47:06.282, 0, 442 MiB, 0 %, 480 MHz, 480 MHz, 142.22 W, 61, P0, 0x0000000000000000
2026/09/26 13:47:07.282, 0, 694 MiB, 0 %, 1950 MHz, 1950 MHz, 154.62 W, 64, P2, 0x0000000000000000
2026/09/26 13:47:08.283, 0, 442 MiB, 6 %, 1950 MHz, 1950 MHz, 171.04 W, 64, P2, 0x0000000000000000
2026/09/26 13:47:09.283, 0, 20068 MiB, 6 %, 1695 MHz, 1695 MHz, 147.12 W, 62, P2, 0x0000000000000000
2026/09/26 13:47:10.283, 0, 20068 MiB, 61 %, 1950 MHz, 1950 MHz, 137.02 W, 62, P2, 0x0000000000000000
2026/09/26 13:47:11.284, 0, 20068 MiB, 99 %, 1950 MHz, 1950 MHz, 170.85 W, 63, P2, 0x0000000000000000
2026/09/26 13:47:12.284, 0, 20068 MiB, 100 %, 1950 MHz, 1950 MHz, 170.86 W, 63, P2, 0x0000000000000000
2026/09/26 13:47:13.284, 0, 20068 MiB, 99 %, 1950 MHz, 1950 MHz, 169.03 W, 63, P2, 0x0000000000000000
2026/09/26 13:47:14.284, 0, 20068 MiB, 99 %, 1950 MHz, 1950 MHz, 168.60 W, 63, P2, 0x0000000000000000
2026/09/26 13:47:15.284, 0, 20068 MiB, 100 %, 1950 MHz, 1950 MHz, 169.15 W, 62, P2, 0x0000000000000000
2026/09/26 13:47:16.284, 0, 20068 MiB, 99 %, 1950 MHz, 1950 MHz, 169.53 W, 62, P2, 0x0000000000000000
2026/09/26 13:47:17.284, 0, 20068 MiB, 100 %, 1950 MHz, 1950 MHz, 168.47 W, 62, P2, 0x0000000000000000
2026/09/26 13:47:18.285, 0, 20068 MiB, 100 %, 1950 MHz, 1950 MHz, 169.29 W, 62, P2, 0x0000000000000000
2026/09/26 13:47:19.285, 0, 20068 MiB, 99 %, 1950 MHz, 1950 MHz, 167.85 W, 62, P2, 0x0000000000000000
2026/09/26 13:47:20.285, 0, 20724 MiB, 100 %, 1950 MHz, 1950 MHz, 168.76 W, 62, P2, 0x0000000000000000
2026/09/26 13:47:21.286, 0, 20740 MiB, 10 %, 1950 MHz, 1950 MHz, 195.84 W, 66, P2, 0x0000000000000000
2026/09/26 13:47:22.287, 0, 20740 MiB, 79 %, 1935 MHz, 1935 MHz, 325.98 W, 69, P2, 0x0000000000000000
2026/09/26 13:47:23.287, 0, 20740 MiB, 79 %, 1935 MHz, 1935 MHz, 329.91 W, 69, P2, 0x0000000000000000
2026/09/26 13:47:24.289, 0, 20740 MiB, 24 %, 1935 MHz, 1935 MHz, 294.32 W, 69, P2, 0x0000000000000000
2026/09/26 13:47:25.290, 0, 20740 MiB, 78 %, 1935 MHz, 1935 MHz, 328.09 W, 70, P2, 0x0000000000000000
2026/09/26 13:47:26.290, 0, 20740 MiB, 78 %, 1935 MHz, 1935 MHz, 329.94 W, 71, P2, 0x0000000000000004
2026/09/26 13:47:27.290, 0, 20740 MiB, 61 %, 1935 MHz, 1935 MHz, 296.46 W, 71, P2, 0x0000000000000004
2026/09/26 13:47:28.290, 0, 20740 MiB, 78 %, 1935 MHz, 1935 MHz, 329.71 W, 71, P2, 0x0000000000000004
2026/09/26 13:47:29.291, 0, 20740 MiB, 77 %, 1920 MHz, 1920 MHz, 330.12 W, 72, P2, 0x0000000000000000
2026/09/26 13:47:30.292, 0, 20740 MiB, 71 %, 1920 MHz, 1920 MHz, 289.22 W, 72, P2, 0x0000000000000000
2026/09/26 13:47:31.292, 0, 20740 MiB, 80 %, 1920 MHz, 1920 MHz, 335.77 W, 72, P2, 0x0000000000000000
2026/09/26 13:47:32.292, 0, 20740 MiB, 80 %, 1920 MHz, 1920 MHz, 332.07 W, 73, P2, 0x0000000000000004
2026/09/26 13:47:33.292, 0, 20740 MiB, 77 %, 1920 MHz, 1920 MHz, 295.75 W, 73, P2, 0x0000000000000000
2026/09/26 13:47:34.293, 0, 20740 MiB, 77 %, 1920 MHz, 1920 MHz, 332.99 W, 73, P2, 0x0000000000000000
2026/09/26 13:47:35.293, 0, 20748 MiB, 80 %, 1920 MHz, 1920 MHz, 315.08 W, 70, P2, 0x0000000000000000
2026/09/26 13:47:36.293, 0, 20748 MiB, 68 %, 1920 MHz, 1920 MHz, 259.00 W, 73, P2, 0x0000000000000000
2026/09/26 13:47:37.293, 0, 20748 MiB, 78 %, 1920 MHz, 1920 MHz, 335.01 W, 73, P2, 0x0000000000000004
2026/09/26 13:47:38.293, 0, 20748 MiB, 78 %, 1920 MHz, 1920 MHz, 329.97 W, 74, P2, 0x0000000000000004
2026/09/26 13:47:39.294, 0, 20748 MiB, 75 %, 1920 MHz, 1920 MHz, 290.51 W, 74, P2, 0x0000000000000004
2026/09/26 13:47:40.294, 0, 20748 MiB, 78 %, 1920 MHz, 1920 MHz, 330.59 W, 74, P2, 0x0000000000000004
2026/09/26 13:47:41.294, 0, 20748 MiB, 80 %, 1920 MHz, 1920 MHz, 330.59 W, 75, P2, 0x0000000000000004
2026/09/26 13:47:42.294, 0, 20748 MiB, 77 %, 1920 MHz, 1920 MHz, 291.51 W, 74, P2, 0x0000000000000004
2026/09/26 13:47:43.295, 0, 20748 MiB, 80 %, 1920 MHz, 1920 MHz, 331.99 W, 75, P2, 0x0000000000000004
2026/09/26 13:47:44.296, 0, 20748 MiB, 79 %, 1920 MHz, 1920 MHz, 332.50 W, 75, P2, 0x0000000000000004
2026/09/26 13:47:45.296, 0, 20748 MiB, 77 %, 1920 MHz, 1920 MHz, 298.33 W, 75, P2, 0x0000000000000004
2026/09/26 13:47:46.296, 0, 20748 MiB, 80 %, 1920 MHz, 1920 MHz, 332.67 W, 76, P2, 0x0000000000000004
2026/09/26 13:47:47.296, 0, 20748 MiB, 80 %, 1920 MHz, 1920 MHz, 334.42 W, 76, P2, 0x0000000000000004
2026/09/26 13:47:48.298, 0, 20748 MiB, 75 %, 1920 MHz, 1920 MHz, 294.01 W, 76, P2, 0x0000000000000004
2026/09/26 13:47:49.299, 0, 20748 MiB, 77 %, 1920 MHz, 1920 MHz, 332.10 W, 76, P2, 0x0000000000000004
2026/09/26 13:47:50.299, 0, 20748 MiB, 75 %, 1920 MHz, 1920 MHz, 333.24 W, 77, P2, 0x0000000000000004
2026/09/26 13:47:51.299, 0, 20748 MiB, 71 %, 1920 MHz, 1920 MHz, 302.31 W, 77, P2, 0x0000000000000004
2026/09/26 13:47:52.300, 0, 20748 MiB, 78 %, 1905 MHz, 1905 MHz, 335.02 W, 77, P2, 0x0000000000000000
2026/09/26 13:47:53.300, 0, 488 MiB, 75 %, 1905 MHz, 1905 MHz, 332.23 W, 77, P2, 0x0000000000000004
2026/09/26 13:47:54.300, 0, 178 MiB, 100 %, 1920 MHz, 1920 MHz, 211.77 W, 70, P0, 0x0000000000000000
2026/09/26 13:47:55.300, 0, 178 MiB, 0 %, 1920 MHz, 1920 MHz, 179.00 W, 69, P0, 0x0000000000000000
2026/09/26 13:47:56.301, 0, 442 MiB, 0 %, 510 MHz, 510 MHz, 148.91 W, 63, P0, 0x0000000000000000
2026/09/26 13:47:57.415, 0, 442 MiB, 0 %, 1935 MHz, 1935 MHz, 165.90 W, 66, P2, 0x0000000000000000
2026/09/26 13:47:58.416, 0, 442 MiB, 0 %, 1935 MHz, 1935 MHz, 172.57 W, 65, P2, 0x0000000000000000
2026/09/26 13:47:59.416, 0, 442 MiB, 7 %, 1695 MHz, 1695 MHz, 148.35 W, 63, P2, 0x0000000000000000
2026/09/26 13:48:00.416, 0, 442 MiB, 0 %, 1695 MHz, 1695 MHz, 134.79 W, 62, P2, 0x0000000000000000
2026/09/26 13:48:01.416, 0, 20068 MiB, 0 %, 1695 MHz, 1695 MHz, 134.28 W, 62, P2, 0x0000000000000000
2026/09/26 13:48:02.417, 0, 20068 MiB, 100 %, 1950 MHz, 1950 MHz, 153.88 W, 63, P2, 0x0000000000000000
2026/09/26 13:48:03.417, 0, 20068 MiB, 100 %, 1950 MHz, 1950 MHz, 173.30 W, 63, P2, 0x0000000000000000
2026/09/26 13:48:04.417, 0, 20068 MiB, 100 %, 1950 MHz, 1950 MHz, 172.68 W, 63, P2, 0x0000000000000000
2026/09/26 13:48:05.417, 0, 20068 MiB, 100 %, 1950 MHz, 1950 MHz, 172.62 W, 63, P2, 0x0000000000000000
2026/09/26 13:48:06.417, 0, 20068 MiB, 99 %, 1950 MHz, 1950 MHz, 171.69 W, 63, P2, 0x0000000000000000
2026/09/26 13:48:07.418, 0, 20068 MiB, 99 %, 1950 MHz, 1950 MHz, 167.68 W, 62, P2, 0x0000000000000000
2026/09/26 13:48:08.418, 0, 20068 MiB, 99 %, 1950 MHz, 1950 MHz, 160.87 W, 62, P2, 0x0000000000000000
2026/09/26 13:48:09.418, 0, 20068 MiB, 99 %, 1950 MHz, 1950 MHz, 160.11 W, 61, P2, 0x0000000000000000
2026/09/26 13:48:10.418, 0, 20724 MiB, 100 %, 1950 MHz, 1950 MHz, 159.65 W, 61, P2, 0x0000000000000000
2026/09/26 13:48:11.420, 0, 20740 MiB, 0 %, 1950 MHz, 1950 MHz, 195.03 W, 64, P2, 0x0000000000000000
2026/09/26 13:48:12.421, 0, 20740 MiB, 65 %, 1935 MHz, 1935 MHz, 299.64 W, 67, P2, 0x0000000000000000
2026/09/26 13:48:13.422, 0, 20740 MiB, 65 %, 1935 MHz, 1935 MHz, 301.01 W, 68, P2, 0x0000000000000000
2026/09/26 13:48:14.423, 0, 20740 MiB, 66 %, 1935 MHz, 1935 MHz, 285.73 W, 68, P2, 0x0000000000000000
2026/09/26 13:48:15.424, 0, 20740 MiB, 65 %, 1935 MHz, 1935 MHz, 266.05 W, 69, P2, 0x0000000000000000
2026/09/26 13:48:16.425, 0, 20740 MiB, 66 %, 1935 MHz, 1935 MHz, 301.44 W, 69, P2, 0x0000000000000000
2026/09/26 13:48:17.425, 0, 20740 MiB, 66 %, 1935 MHz, 1935 MHz, 300.77 W, 69, P2, 0x0000000000000000
2026/09/26 13:48:18.425, 0, 20740 MiB, 40 %, 1935 MHz, 1935 MHz, 260.55 W, 69, P2, 0x0000000000000000
2026/09/26 13:48:19.425, 0, 20740 MiB, 65 %, 1935 MHz, 1935 MHz, 301.13 W, 70, P2, 0x0000000000000000
2026/09/26 13:48:20.425, 0, 20740 MiB, 65 %, 1935 MHz, 1935 MHz, 302.59 W, 70, P2, 0x0000000000000000
2026/09/26 13:48:21.426, 0, 20740 MiB, 66 %, 1935 MHz, 1935 MHz, 269.50 W, 66, P2, 0x0000000000000000
2026/09/26 13:48:22.426, 0, 20740 MiB, 66 %, 1935 MHz, 1935 MHz, 279.14 W, 70, P2, 0x0000000000000000
2026/09/26 13:48:23.426, 0, 20740 MiB, 65 %, 1935 MHz, 1935 MHz, 303.33 W, 70, P2, 0x0000000000000000
2026/09/26 13:48:24.426, 0, 20740 MiB, 63 %, 1935 MHz, 1935 MHz, 302.49 W, 70, P2, 0x0000000000000000
2026/09/26 13:48:25.426, 0, 20740 MiB, 45 %, 1935 MHz, 1935 MHz, 258.68 W, 70, P2, 0x0000000000000000
2026/09/26 13:48:26.427, 0, 20740 MiB, 66 %, 1935 MHz, 1935 MHz, 303.68 W, 71, P2, 0x0000000000000000
2026/09/26 13:48:27.427, 0, 20740 MiB, 65 %, 1935 MHz, 1935 MHz, 303.18 W, 71, P2, 0x0000000000000000
2026/09/26 13:48:28.427, 0, 20748 MiB, 65 %, 1935 MHz, 1935 MHz, 272.10 W, 69, P2, 0x0000000000000004
2026/09/26 13:48:29.427, 0, 20748 MiB, 67 %, 1935 MHz, 1935 MHz, 265.53 W, 70, P2, 0x0000000000000000
2026/09/26 13:48:30.427, 0, 20748 MiB, 66 %, 1935 MHz, 1935 MHz, 304.86 W, 71, P2, 0x0000000000000000
2026/09/26 13:48:31.427, 0, 20748 MiB, 65 %, 1935 MHz, 1935 MHz, 304.35 W, 71, P2, 0x0000000000000000
2026/09/26 13:48:32.428, 0, 20748 MiB, 12 %, 1935 MHz, 1935 MHz, 264.12 W, 70, P2, 0x0000000000000000
2026/09/26 13:48:33.428, 0, 20748 MiB, 65 %, 1935 MHz, 1935 MHz, 305.37 W, 71, P2, 0x0000000000000000
2026/09/26 13:48:34.428, 0, 20748 MiB, 65 %, 1935 MHz, 1935 MHz, 304.95 W, 72, P2, 0x0000000000000000
2026/09/26 13:48:35.428, 0, 20748 MiB, 67 %, 1920 MHz, 1920 MHz, 283.49 W, 69, P2, 0x0000000000000000
2026/09/26 13:48:36.428, 0, 20748 MiB, 65 %, 1920 MHz, 1920 MHz, 280.56 W, 72, P2, 0x0000000000000000
2026/09/26 13:48:37.428, 0, 20748 MiB, 66 %, 1920 MHz, 1920 MHz, 308.13 W, 72, P2, 0x0000000000000000
2026/09/26 13:48:38.429, 0, 20748 MiB, 64 %, 1920 MHz, 1920 MHz, 307.27 W, 73, P2, 0x0000000000000000
2026/09/26 13:48:39.429, 0, 20748 MiB, 54 %, 1920 MHz, 1920 MHz, 266.70 W, 72, P2, 0x0000000000000000
2026/09/26 13:48:40.429, 0, 20748 MiB, 65 %, 1920 MHz, 1920 MHz, 308.30 W, 72, P2, 0x0000000000000000
2026/09/26 13:48:41.429, 0, 20748 MiB, 65 %, 1920 MHz, 1920 MHz, 308.04 W, 73, P2, 0x0000000000000000
2026/09/26 13:48:42.429, 0, 20748 MiB, 66 %, 1920 MHz, 1920 MHz, 274.28 W, 70, P2, 0x0000000000000000
2026/09/26 13:48:43.430, 0, 20748 MiB, 65 %, 1920 MHz, 1920 MHz, 297.30 W, 73, P2, 0x0000000000000000
2026/09/26 13:48:44.430, 0, 20748 MiB, 66 %, 1920 MHz, 1920 MHz, 309.61 W, 73, P2, 0x0000000000000000
2026/09/26 13:48:45.430, 0, 20748 MiB, 66 %, 1920 MHz, 1920 MHz, 308.95 W, 73, P2, 0x0000000000000000
2026/09/26 13:48:46.430, 0, 20748 MiB, 62 %, 1920 MHz, 1920 MHz, 267.38 W, 73, P2, 0x0000000000000000
2026/09/26 13:48:47.430, 0, 20748 MiB, 66 %, 1920 MHz, 1920 MHz, 310.16 W, 74, P2, 0x0000000000000000
2026/09/26 13:48:48.431, 0, 20748 MiB, 66 %, 1920 MHz, 1920 MHz, 309.86 W, 73, P2, 0x0000000000000000
2026/09/26 13:48:49.431, 0, 178 MiB, 65 %, 1920 MHz, 1920 MHz, 254.72 W, 69, P2, 0x0000000000000000
2026/09/26 13:48:50.431, 0, 178 MiB, 0 %, 1935 MHz, 1935 MHz, 173.16 W, 67, P0, 0x0000000000000024
2026/09/26 13:48:51.432, 0, 181 MiB, 0 %, 1935 MHz, 1935 MHz, 170.94 W, 66, P0, 0x0000000000000000
2026/09/26 13:48:52.719, 0, 442 MiB, 0 %, 1935 MHz, 1935 MHz, 150.17 W, 65, P2, 0x0000000000000000
2026/09/26 13:48:53.719, 0, 442 MiB, 0 %, 1935 MHz, 1935 MHz, 170.16 W, 65, P2, 0x0000000000000000
2026/09/26 13:48:54.720, 0, 442 MiB, 0 %, 1695 MHz, 1695 MHz, 150.30 W, 63, P2, 0x0000000000000000
2026/09/26 13:48:55.720, 0, 442 MiB, 5 %, 1695 MHz, 1695 MHz, 133.91 W, 62, P2, 0x0000000000000000
2026/09/26 13:48:56.720, 0, 442 MiB, 0 %, 1695 MHz, 1695 MHz, 134.25 W, 61, P2, 0x0000000000000000
2026/09/26 13:48:57.720, 0, 20068 MiB, 0 %, 1950 MHz, 1950 MHz, 133.51 W, 61, P2, 0x0000000000000000
2026/09/26 13:48:58.721, 0, 20068 MiB, 100 %, 1950 MHz, 1950 MHz, 166.82 W, 63, P2, 0x0000000000000000
2026/09/26 13:48:59.721, 0, 20068 MiB, 99 %, 1950 MHz, 1950 MHz, 168.14 W, 63, P2, 0x0000000000000000
2026/09/26 13:49:00.721, 0, 20068 MiB, 100 %, 1950 MHz, 1950 MHz, 170.39 W, 63, P2, 0x0000000000000000
2026/09/26 13:49:01.721, 0, 20068 MiB, 99 %, 1950 MHz, 1950 MHz, 169.12 W, 63, P2, 0x0000000000000000
2026/09/26 13:49:02.721, 0, 20068 MiB, 99 %, 1950 MHz, 1950 MHz, 166.58 W, 62, P2, 0x0000000000000000
2026/09/26 13:49:03.722, 0, 20068 MiB, 100 %, 1950 MHz, 1950 MHz, 162.56 W, 61, P2, 0x0000000000000000
2026/09/26 13:49:04.722, 0, 20068 MiB, 100 %, 1950 MHz, 1950 MHz, 159.20 W, 61, P2, 0x0000000000000000
2026/09/26 13:49:05.722, 0, 20710 MiB, 62 %, 1950 MHz, 1950 MHz, 159.04 W, 61, P2, 0x0000000000000000
2026/09/26 13:49:06.722, 0, 20740 MiB, 66 %, 1950 MHz, 1950 MHz, 253.68 W, 67, P2, 0x0000000000000000
2026/09/26 13:49:07.722, 0, 20740 MiB, 66 %, 1935 MHz, 1935 MHz, 299.55 W, 68, P2, 0x0000000000000000
2026/09/26 13:49:08.723, 0, 20740 MiB, 66 %, 1935 MHz, 1935 MHz, 298.61 W, 68, P2, 0x0000000000000000
2026/09/26 13:49:09.723, 0, 20740 MiB, 65 %, 1935 MHz, 1935 MHz, 260.80 W, 68, P2, 0x0000000000000000
2026/09/26 13:49:10.723, 0, 20740 MiB, 66 %, 1935 MHz, 1935 MHz, 299.37 W, 69, P2, 0x0000000000000000
2026/09/26 13:49:11.723, 0, 20740 MiB, 66 %, 1935 MHz, 1935 MHz, 301.42 W, 69, P2, 0x0000000000000000
2026/09/26 13:49:12.723, 0, 20740 MiB, 4 %, 1935 MHz, 1935 MHz, 289.19 W, 66, P2, 0x0000000000000000
2026/09/26 13:49:13.724, 0, 20740 MiB, 66 %, 1935 MHz, 1935 MHz, 263.57 W, 70, P2, 0x0000000000000000
2026/09/26 13:49:14.724, 0, 20740 MiB, 66 %, 1935 MHz, 1935 MHz, 302.19 W, 70, P2, 0x0000000000000000
2026/09/26 13:49:15.724, 0, 20740 MiB, 66 %, 1935 MHz, 1935 MHz, 301.65 W, 70, P2, 0x0000000000000000
2026/09/26 13:49:16.724, 0, 20740 MiB, 65 %, 1935 MHz, 1935 MHz, 258.97 W, 70, P2, 0x0000000000000000
2026/09/26 13:49:17.724, 0, 20740 MiB, 66 %, 1935 MHz, 1935 MHz, 302.84 W, 70, P2, 0x0000000000000000
2026/09/26 13:49:18.725, 0, 20740 MiB, 61 %, 1935 MHz, 1935 MHz, 301.77 W, 70, P2, 0x0000000000000000
2026/09/26 13:49:19.725, 0, 20740 MiB, 64 %, 1935 MHz, 1935 MHz, 269.35 W, 68, P2, 0x0000000000000000
2026/09/26 13:49:20.725, 0, 20740 MiB, 65 %, 1935 MHz, 1935 MHz, 282.86 W, 71, P2, 0x0000000000000000
2026/09/26 13:49:21.725, 0, 20740 MiB, 66 %, 1935 MHz, 1935 MHz, 303.43 W, 71, P2, 0x0000000000000000
2026/09/26 13:49:22.725, 0, 20740 MiB, 66 %, 1935 MHz, 1935 MHz, 302.87 W, 71, P2, 0x0000000000000000
2026/09/26 13:49:23.726, 0, 20748 MiB, 65 %, 1935 MHz, 1935 MHz, 237.63 W, 70, P2, 0x0000000000000000
2026/09/26 13:49:24.726, 0, 20748 MiB, 66 %, 1935 MHz, 1935 MHz, 303.48 W, 71, P2, 0x0000000000000000
2026/09/26 13:49:25.726, 0, 20748 MiB, 65 %, 1935 MHz, 1935 MHz, 303.29 W, 71, P2, 0x0000000000000000
2026/09/26 13:49:26.726, 0, 20748 MiB, 16 %, 1935 MHz, 1935 MHz, 286.59 W, 68, P2, 0x0000000000000000
2026/09/26 13:49:27.726, 0, 20748 MiB, 65 %, 1935 MHz, 1935 MHz, 271.48 W, 72, P2, 0x0000000000000000
2026/09/26 13:49:28.727, 0, 20748 MiB, 66 %, 1935 MHz, 1935 MHz, 305.32 W, 72, P2, 0x0000000000000000
2026/09/26 13:49:29.727, 0, 20748 MiB, 64 %, 1920 MHz, 1920 MHz, 305.35 W, 72, P2, 0x0000000000000000
2026/09/26 13:49:30.727, 0, 20748 MiB, 66 %, 1920 MHz, 1920 MHz, 268.85 W, 72, P2, 0x0000000000000000
2026/09/26 13:49:31.727, 0, 20748 MiB, 65 %, 1920 MHz, 1920 MHz, 307.34 W, 72, P2, 0x0000000000000000
2026/09/26 13:49:32.727, 0, 20748 MiB, 65 %, 1920 MHz, 1920 MHz, 306.68 W, 72, P2, 0x0000000000000000
2026/09/26 13:49:33.728, 0, 20748 MiB, 56 %, 1920 MHz, 1920 MHz, 281.63 W, 70, P2, 0x0000000000000000
2026/09/26 13:49:34.728, 0, 20748 MiB, 65 %, 1920 MHz, 1920 MHz, 291.92 W, 73, P2, 0x0000000000000000
2026/09/26 13:49:35.728, 0, 20748 MiB, 66 %, 1920 MHz, 1920 MHz, 308.50 W, 73, P2, 0x0000000000000000
2026/09/26 13:49:36.728, 0, 20748 MiB, 66 %, 1920 MHz, 1920 MHz, 308.21 W, 73, P2, 0x0000000000000000
2026/09/26 13:49:37.728, 0, 20748 MiB, 65 %, 1920 MHz, 1920 MHz, 266.97 W, 73, P2, 0x0000000000000000
2026/09/26 13:49:38.729, 0, 20748 MiB, 66 %, 1920 MHz, 1920 MHz, 309.29 W, 73, P2, 0x0000000000000000
2026/09/26 13:49:39.729, 0, 20748 MiB, 65 %, 1920 MHz, 1920 MHz, 308.39 W, 74, P2, 0x0000000000000000
2026/09/26 13:49:40.729, 0, 20748 MiB, 63 %, 1920 MHz, 1920 MHz, 267.43 W, 70, P2, 0x0000000000000000
2026/09/26 13:49:41.729, 0, 20748 MiB, 65 %, 1920 MHz, 1920 MHz, 298.20 W, 74, P2, 0x0000000000000000
2026/09/26 13:49:42.729, 0, 20748 MiB, 67 %, 1920 MHz, 1920 MHz, 310.65 W, 74, P2, 0x0000000000000000
2026/09/26 13:49:43.729, 0, 20748 MiB, 66 %, 1920 MHz, 1920 MHz, 309.16 W, 74, P2, 0x0000000000000000
2026/09/26 13:49:44.730, 0, 178 MiB, 0 %, 1920 MHz, 1920 MHz, 202.03 W, 68, P0, 0x0000000000000000
2026/09/26 13:49:45.730, 0, 178 MiB, 0 %, 1935 MHz, 1935 MHz, 170.66 W, 67, P0, 0x0000000000000024
2026/09/26 13:49:46.730, 0, 181 MiB, 0 %, 1935 MHz, 1935 MHz, 170.66 W, 67, P0, 0x0000000000000024
2026/09/26 13:49:47.843, 0, 442 MiB, 0 %, 1935 MHz, 1935 MHz, 151.82 W, 65, P2, 0x0000000000000000
2026/09/26 13:49:48.843, 0, 442 MiB, 0 %, 1935 MHz, 1935 MHz, 170.44 W, 65, P2, 0x0000000000000000
2026/09/26 13:49:49.843, 0, 442 MiB, 6 %, 1695 MHz, 1695 MHz, 146.91 W, 63, P2, 0x0000000000000000
2026/09/26 13:49:50.843, 0, 20068 MiB, 8 %, 1950 MHz, 1950 MHz, 135.66 W, 62, P2, 0x0000000000000000
2026/09/26 13:49:51.843, 0, 20068 MiB, 100 %, 1950 MHz, 1950 MHz, 171.89 W, 64, P2, 0x0000000000000000
2026/09/26 13:49:52.844, 0, 20068 MiB, 99 %, 1950 MHz, 1950 MHz, 170.37 W, 63, P2, 0x0000000000000000
2026/09/26 13:49:53.844, 0, 20068 MiB, 100 %, 1950 MHz, 1950 MHz, 171.21 W, 63, P2, 0x0000000000000000
2026/09/26 13:49:54.844, 0, 20068 MiB, 99 %, 1950 MHz, 1950 MHz, 163.67 W, 63, P2, 0x0000000000000000
2026/09/26 13:49:55.844, 0, 20068 MiB, 99 %, 1950 MHz, 1950 MHz, 161.80 W, 62, P2, 0x0000000000000000
2026/09/26 13:49:56.844, 0, 20068 MiB, 99 %, 1950 MHz, 1950 MHz, 160.36 W, 62, P2, 0x0000000000000000
2026/09/26 13:49:57.844, 0, 20068 MiB, 100 %, 1950 MHz, 1950 MHz, 160.14 W, 62, P2, 0x0000000000000000
2026/09/26 13:49:58.846, 0, 20740 MiB, 77 %, 1935 MHz, 1935 MHz, 229.70 W, 68, P2, 0x0000000000000000
2026/09/26 13:49:59.846, 0, 20740 MiB, 77 %, 1935 MHz, 1935 MHz, 324.71 W, 69, P2, 0x0000000000000000
2026/09/26 13:50:00.846, 0, 20740 MiB, 78 %, 1935 MHz, 1935 MHz, 330.03 W, 70, P2, 0x0000000000000004
2026/09/26 13:50:01.846, 0, 20740 MiB, 79 %, 1935 MHz, 1935 MHz, 299.76 W, 71, P2, 0x0000000000000004
2026/09/26 13:50:02.846, 0, 20740 MiB, 80 %, 1935 MHz, 1935 MHz, 333.71 W, 71, P2, 0x0000000000000004
2026/09/26 13:50:03.847, 0, 20740 MiB, 79 %, 1935 MHz, 1935 MHz, 333.51 W, 72, P2, 0x0000000000000000
2026/09/26 13:50:04.847, 0, 20740 MiB, 80 %, 1920 MHz, 1920 MHz, 291.24 W, 72, P2, 0x0000000000000000
2026/09/26 13:50:05.847, 0, 20740 MiB, 80 %, 1920 MHz, 1920 MHz, 333.33 W, 73, P2, 0x0000000000000000
2026/09/26 13:50:06.847, 0, 20740 MiB, 56 %, 1920 MHz, 1920 MHz, 328.05 W, 71, P2, 0x0000000000000004
2026/09/26 13:50:07.847, 0, 20740 MiB, 80 %, 1920 MHz, 1920 MHz, 291.96 W, 73, P2, 0x0000000000000004
2026/09/26 13:50:08.847, 0, 20740 MiB, 80 %, 1920 MHz, 1920 MHz, 330.39 W, 73, P2, 0x0000000000000004
2026/09/26 13:50:09.847, 0, 20740 MiB, 23 %, 1920 MHz, 1920 MHz, 321.46 W, 71, P2, 0x0000000000000004
2026/09/26 13:50:10.847, 0, 20740 MiB, 79 %, 1920 MHz, 1920 MHz, 290.19 W, 73, P2, 0x0000000000000004
2026/09/26 13:50:11.848, 0, 20740 MiB, 79 %, 1920 MHz, 1920 MHz, 330.67 W, 74, P2, 0x0000000000000004
2026/09/26 13:50:12.848, 0, 20740 MiB, 25 %, 1920 MHz, 1920 MHz, 323.19 W, 71, P2, 0x0000000000000004
2026/09/26 13:50:13.848, 0, 20748 MiB, 79 %, 1920 MHz, 1920 MHz, 261.37 W, 73, P2, 0x0000000000000004
2026/09/26 13:50:14.848, 0, 20748 MiB, 79 %, 1920 MHz, 1920 MHz, 333.00 W, 74, P2, 0x0000000000000004
2026/09/26 13:50:15.848, 0, 20748 MiB, 80 %, 1920 MHz, 1920 MHz, 332.63 W, 75, P2, 0x0000000000000004
2026/09/26 13:50:16.848, 0, 20748 MiB, 79 %, 1920 MHz, 1920 MHz, 295.38 W, 74, P2, 0x0000000000000004
2026/09/26 13:50:17.848, 0, 20748 MiB, 80 %, 1920 MHz, 1920 MHz, 332.67 W, 75, P2, 0x0000000000000004
2026/09/26 13:50:18.848, 0, 20748 MiB, 79 %, 1920 MHz, 1920 MHz, 334.07 W, 76, P2, 0x0000000000000004
2026/09/26 13:50:19.849, 0, 20748 MiB, 79 %, 1920 MHz, 1920 MHz, 296.89 W, 75, P2, 0x0000000000000004
2026/09/26 13:50:20.849, 0, 20748 MiB, 79 %, 1920 MHz, 1920 MHz, 332.71 W, 76, P2, 0x0000000000000004
2026/09/26 13:50:21.849, 0, 20748 MiB, 80 %, 1920 MHz, 1920 MHz, 333.10 W, 76, P2, 0x0000000000000004
2026/09/26 13:50:22.849, 0, 20748 MiB, 80 %, 1920 MHz, 1920 MHz, 299.39 W, 76, P2, 0x0000000000000004
2026/09/26 13:50:23.849, 0, 20748 MiB, 78 %, 1920 MHz, 1920 MHz, 334.10 W, 77, P2, 0x0000000000000004
2026/09/26 13:50:24.849, 0, 20748 MiB, 79 %, 1905 MHz, 1905 MHz, 334.01 W, 77, P2, 0x0000000000000000
2026/09/26 13:50:25.849, 0, 20748 MiB, 80 %, 1905 MHz, 1905 MHz, 295.88 W, 77, P2, 0x0000000000000004
2026/09/26 13:50:26.849, 0, 20748 MiB, 80 %, 1905 MHz, 1905 MHz, 333.83 W, 77, P2, 0x0000000000000004
2026/09/26 13:50:27.850, 0, 20748 MiB, 80 %, 1905 MHz, 1905 MHz, 333.72 W, 78, P2, 0x0000000000000004
2026/09/26 13:50:28.850, 0, 20748 MiB, 78 %, 1905 MHz, 1905 MHz, 302.31 W, 77, P2, 0x0000000000000004
2026/09/26 13:50:29.850, 0, 20748 MiB, 79 %, 1905 MHz, 1905 MHz, 334.09 W, 78, P2, 0x0000000000000004
2026/09/26 13:50:30.850, 0, 20748 MiB, 79 %, 1905 MHz, 1905 MHz, 335.39 W, 78, P2, 0x0000000000000004
2026/09/26 13:50:31.850, 0, 178 MiB, 0 %, 1920 MHz, 1920 MHz, 216.13 W, 71, P0, 0x0000000000000024
2026/09/26 13:50:32.851, 0, 178 MiB, 0 %, 1920 MHz, 1920 MHz, 180.17 W, 70, P0, 0x0000000000000000
2026/09/26 13:50:33.851, 0, 181 MiB, 0 %, 1920 MHz, 1920 MHz, 180.17 W, 70, P0, 0x0000000000000000
2026/09/26 13:50:34.861, 0, 442 MiB, 0 %, 1935 MHz, 1935 MHz, 160.71 W, 67, P2, 0x0000000000000000
2026/09/26 13:50:35.861, 0, 442 MiB, 0 %, 1935 MHz, 1935 MHz, 174.99 W, 66, P2, 0x0000000000000000
2026/09/26 13:50:36.861, 0, 442 MiB, 0 %, 1695 MHz, 1695 MHz, 156.28 W, 65, P2, 0x0000000000000000
2026/09/26 13:50:37.861, 0, 442 MiB, 0 %, 1695 MHz, 1695 MHz, 137.33 W, 63, P2, 0x0000000000000000
2026/09/26 13:50:38.861, 0, 442 MiB, 0 %, 1695 MHz, 1695 MHz, 137.84 W, 62, P2, 0x0000000000000000
2026/09/26 13:50:39.862, 0, 19140 MiB, 0 %, 1935 MHz, 1935 MHz, 167.03 W, 62, P2, 0x0000000000000000
2026/09/26 13:50:40.862, 0, 19140 MiB, 99 %, 1935 MHz, 1935 MHz, 172.09 W, 63, P2, 0x0000000000000000
2026/09/26 13:50:41.862, 0, 19140 MiB, 99 %, 1935 MHz, 1935 MHz, 170.98 W, 63, P2, 0x0000000000000000
2026/09/26 13:50:42.862, 0, 19140 MiB, 100 %, 1935 MHz, 1935 MHz, 171.94 W, 63, P2, 0x0000000000000000
2026/09/26 13:50:43.862, 0, 19140 MiB, 100 %, 1935 MHz, 1935 MHz, 171.57 W, 63, P2, 0x0000000000000000
2026/09/26 13:50:44.863, 0, 19140 MiB, 99 %, 1935 MHz, 1935 MHz, 170.85 W, 63, P2, 0x0000000000000000
2026/09/26 13:50:45.863, 0, 19140 MiB, 100 %, 1935 MHz, 1935 MHz, 170.91 W, 63, P2, 0x0000000000000000
2026/09/26 13:50:46.863, 0, 19140 MiB, 100 %, 1935 MHz, 1935 MHz, 170.33 W, 62, P2, 0x0000000000000000
2026/09/26 13:50:47.863, 0, 19140 MiB, 100 %, 1935 MHz, 1935 MHz, 169.69 W, 62, P2, 0x0000000000000000
2026/09/26 13:50:48.863, 0, 19140 MiB, 99 %, 1935 MHz, 1935 MHz, 170.33 W, 62, P2, 0x0000000000000000
2026/09/26 13:50:49.864, 0, 19140 MiB, 100 %, 1935 MHz, 1935 MHz, 169.07 W, 62, P2, 0x0000000000000000
2026/09/26 13:50:50.864, 0, 20284 MiB, 0 %, 1935 MHz, 1935 MHz, 168.38 W, 61, P2, 0x0000000000000000
2026/09/26 13:50:51.864, 0, 22332 MiB, 23 %, 1950 MHz, 1950 MHz, 174.24 W, 62, P2, 0x0000000000000000
2026/09/26 13:50:52.864, 0, 22366 MiB, 66 %, 1935 MHz, 1935 MHz, 276.21 W, 66, P2, 0x0000000000000000
2026/09/26 13:50:53.864, 0, 22366 MiB, 62 %, 1935 MHz, 1935 MHz, 297.38 W, 67, P2, 0x0000000000000000
2026/09/26 13:50:54.865, 0, 22366 MiB, 53 %, 1935 MHz, 1935 MHz, 264.79 W, 65, P2, 0x0000000000000000
2026/09/26 13:50:55.865, 0, 22366 MiB, 60 %, 1935 MHz, 1935 MHz, 296.17 W, 68, P2, 0x0000000000000000
2026/09/26 13:50:56.865, 0, 22366 MiB, 59 %, 1935 MHz, 1935 MHz, 298.31 W, 68, P2, 0x0000000000000000
2026/09/26 13:50:57.865, 0, 22366 MiB, 62 %, 1935 MHz, 1935 MHz, 266.19 W, 67, P2, 0x0000000000000000
2026/09/26 13:50:58.865, 0, 22366 MiB, 62 %, 1935 MHz, 1935 MHz, 299.76 W, 69, P2, 0x0000000000000000
2026/09/26 13:50:59.866, 0, 22366 MiB, 63 %, 1935 MHz, 1935 MHz, 298.70 W, 69, P2, 0x0000000000000000
2026/09/26 13:51:00.866, 0, 22382 MiB, 63 %, 1935 MHz, 1935 MHz, 254.51 W, 68, P2, 0x0000000000000000
2026/09/26 13:51:01.866, 0, 22382 MiB, 63 %, 1935 MHz, 1935 MHz, 299.98 W, 69, P2, 0x0000000000000000
2026/09/26 13:51:02.866, 0, 22382 MiB, 63 %, 1935 MHz, 1935 MHz, 300.45 W, 70, P2, 0x0000000000000000
2026/09/26 13:51:03.866, 0, 22382 MiB, 62 %, 1935 MHz, 1935 MHz, 257.14 W, 69, P2, 0x0000000000000000
2026/09/26 13:51:04.866, 0, 22382 MiB, 62 %, 1935 MHz, 1935 MHz, 299.17 W, 70, P2, 0x0000000000000000
2026/09/26 13:51:05.867, 0, 22382 MiB, 62 %, 1935 MHz, 1935 MHz, 298.15 W, 70, P2, 0x0000000000000000
2026/09/26 13:51:06.867, 0, 22388 MiB, 57 %, 1935 MHz, 1935 MHz, 207.96 W, 66, P2, 0x0000000000000000
2026/09/26 13:51:07.867, 0, 22388 MiB, 62 %, 1935 MHz, 1935 MHz, 296.54 W, 69, P2, 0x0000000000000000
2026/09/26 13:51:08.867, 0, 22388 MiB, 62 %, 1935 MHz, 1935 MHz, 298.28 W, 70, P2, 0x0000000000000000
2026/09/26 13:51:09.867, 0, 22388 MiB, 62 %, 1935 MHz, 1935 MHz, 267.76 W, 69, P2, 0x0000000000000000
2026/09/26 13:51:10.868, 0, 22388 MiB, 64 %, 1935 MHz, 1935 MHz, 300.71 W, 70, P2, 0x0000000000000000
2026/09/26 13:51:11.868, 0, 22388 MiB, 62 %, 1935 MHz, 1935 MHz, 301.21 W, 70, P2, 0x0000000000000000
2026/09/26 13:51:12.868, 0, 22388 MiB, 63 %, 1935 MHz, 1935 MHz, 263.34 W, 70, P2, 0x0000000000000000
2026/09/26 13:51:13.868, 0, 22388 MiB, 61 %, 1935 MHz, 1935 MHz, 300.11 W, 70, P2, 0x0000000000000000
2026/09/26 13:51:14.868, 0, 22388 MiB, 41 %, 1905 MHz, 1905 MHz, 264.97 W, 68, P2, 0x0000000000000004
2026/09/26 13:51:15.868, 0, 22388 MiB, 63 %, 1935 MHz, 1935 MHz, 292.26 W, 71, P2, 0x0000000000000000
2026/09/26 13:51:16.869, 0, 22388 MiB, 61 %, 1935 MHz, 1935 MHz, 301.33 W, 71, P2, 0x0000000000000000
2026/09/26 13:51:17.869, 0, 22388 MiB, 61 %, 1935 MHz, 1935 MHz, 268.39 W, 70, P2, 0x0000000000000000
2026/09/26 13:51:18.869, 0, 22388 MiB, 64 %, 1935 MHz, 1935 MHz, 302.26 W, 71, P2, 0x0000000000000000
2026/09/26 13:51:19.869, 0, 22388 MiB, 63 %, 1920 MHz, 1920 MHz, 303.36 W, 71, P2, 0x0000000000000000
2026/09/26 13:51:20.869, 0, 22388 MiB, 63 %, 1920 MHz, 1920 MHz, 268.14 W, 70, P2, 0x0000000000000000
2026/09/26 13:51:21.870, 0, 22388 MiB, 65 %, 1920 MHz, 1920 MHz, 303.23 W, 71, P2, 0x0000000000000000
2026/09/26 13:51:22.870, 0, 22388 MiB, 63 %, 1920 MHz, 1920 MHz, 305.39 W, 72, P2, 0x0000000000000000
2026/09/26 13:51:23.870, 0, 510 MiB, 100 %, 1920 MHz, 1920 MHz, 237.36 W, 67, P2, 0x0000000000000000
2026/09/26 13:51:24.870, 0, 178 MiB, 0 %, 1935 MHz, 1935 MHz, 171.48 W, 66, P0, 0x0000000000000000
2026/09/26 13:51:25.871, 0, 178 MiB, 0 %, 1935 MHz, 1935 MHz, 170.26 W, 65, P0, 0x0000000000000000
2026/09/26 13:51:26.871, 0, 442 MiB, 0 %, 390 MHz, 390 MHz, 143.37 W, 61, P0, 0x0000000000000024
2026/09/26 13:51:27.882, 0, 442 MiB, 0 %, 1950 MHz, 1950 MHz, 160.11 W, 64, P2, 0x0000000000000000
2026/09/26 13:51:28.882, 0, 442 MiB, 0 %, 1950 MHz, 1950 MHz, 170.33 W, 64, P2, 0x0000000000000000
2026/09/26 13:51:29.882, 0, 442 MiB, 0 %, 1695 MHz, 1695 MHz, 148.10 W, 61, P2, 0x0000000000000000
2026/09/26 13:51:30.883, 0, 19140 MiB, 0 %, 1950 MHz, 1950 MHz, 139.41 W, 62, P2, 0x0000000000000000
2026/09/26 13:51:31.883, 0, 19140 MiB, 100 %, 1950 MHz, 1950 MHz, 167.80 W, 63, P2, 0x0000000000000000
2026/09/26 13:51:32.883, 0, 19140 MiB, 99 %, 1950 MHz, 1950 MHz, 169.67 W, 62, P2, 0x0000000000000000
2026/09/26 13:51:33.883, 0, 19140 MiB, 100 %, 1950 MHz, 1950 MHz, 169.73 W, 62, P2, 0x0000000000000000
2026/09/26 13:51:34.883, 0, 19140 MiB, 100 %, 1950 MHz, 1950 MHz, 169.26 W, 62, P2, 0x0000000000000000
2026/09/26 13:51:35.884, 0, 19140 MiB, 100 %, 1950 MHz, 1950 MHz, 169.06 W, 62, P2, 0x0000000000000000
2026/09/26 13:51:36.884, 0, 19140 MiB, 100 %, 1950 MHz, 1950 MHz, 167.98 W, 62, P2, 0x0000000000000000
2026/09/26 13:51:37.884, 0, 19140 MiB, 100 %, 1950 MHz, 1950 MHz, 169.45 W, 62, P2, 0x0000000000000000
2026/09/26 13:51:38.884, 0, 19140 MiB, 100 %, 1950 MHz, 1950 MHz, 168.98 W, 62, P2, 0x0000000000000000
2026/09/26 13:51:39.884, 0, 19140 MiB, 99 %, 1950 MHz, 1950 MHz, 166.71 W, 61, P2, 0x0000000000000000
2026/09/26 13:51:40.884, 0, 19140 MiB, 100 %, 1950 MHz, 1950 MHz, 167.75 W, 61, P2, 0x0000000000000000
2026/09/26 13:51:41.885, 0, 21190 MiB, 99 %, 1950 MHz, 1950 MHz, 168.24 W, 61, P2, 0x0000000000000000
2026/09/26 13:51:42.885, 0, 22348 MiB, 99 %, 1950 MHz, 1950 MHz, 168.96 W, 61, P2, 0x0000000000000000
2026/09/26 13:51:43.892, 0, 22366 MiB, 75 %, 1935 MHz, 1935 MHz, 264.54 W, 67, P2, 0x0000000000000004
2026/09/26 13:51:44.893, 0, 22366 MiB, 79 %, 1935 MHz, 1935 MHz, 321.95 W, 68, P2, 0x0000000000000004
2026/09/26 13:51:45.893, 0, 22366 MiB, 40 %, 1935 MHz, 1935 MHz, 297.20 W, 69, P2, 0x0000000000000004
2026/09/26 13:51:46.893, 0, 22366 MiB, 77 %, 1935 MHz, 1935 MHz, 330.12 W, 69, P2, 0x0000000000000004
2026/09/26 13:51:47.893, 0, 22366 MiB, 78 %, 1935 MHz, 1935 MHz, 296.80 W, 68, P2, 0x0000000000000000
2026/09/26 13:51:48.898, 0, 22366 MiB, 77 %, 1935 MHz, 1935 MHz, 324.74 W, 70, P2, 0x0000000000000004
2026/09/26 13:51:49.898, 0, 22382 MiB, 77 %, 1935 MHz, 1935 MHz, 331.73 W, 70, P2, 0x0000000000000004
2026/09/26 13:51:50.899, 0, 22382 MiB, 75 %, 1935 MHz, 1935 MHz, 291.13 W, 71, P2, 0x0000000000000004
2026/09/26 13:51:51.899, 0, 22382 MiB, 78 %, 1935 MHz, 1935 MHz, 329.53 W, 71, P2, 0x0000000000000004
2026/09/26 13:51:52.899, 0, 22382 MiB, 65 %, 1920 MHz, 1920 MHz, 292.39 W, 71, P2, 0x0000000000000004
2026/09/26 13:51:53.899, 0, 22382 MiB, 77 %, 1920 MHz, 1920 MHz, 323.44 W, 71, P2, 0x0000000000000004
2026/09/26 13:51:54.900, 0, 22388 MiB, 80 %, 1920 MHz, 1920 MHz, 306.45 W, 70, P2, 0x0000000000000000
2026/09/26 13:51:55.900, 0, 22388 MiB, 95 %, 1935 MHz, 1935 MHz, 234.75 W, 70, P2, 0x0000000000000004
2026/09/26 13:51:56.900, 0, 22388 MiB, 78 %, 1920 MHz, 1920 MHz, 329.58 W, 71, P2, 0x0000000000000004
2026/09/26 13:51:57.900, 0, 22388 MiB, 79 %, 1920 MHz, 1920 MHz, 295.83 W, 70, P2, 0x0000000000000004
2026/09/26 13:51:58.900, 0, 22388 MiB, 80 %, 1920 MHz, 1920 MHz, 322.06 W, 72, P2, 0x0000000000000004
2026/09/26 13:51:59.901, 0, 22388 MiB, 77 %, 1920 MHz, 1920 MHz, 327.45 W, 72, P2, 0x0000000000000004
2026/09/26 13:52:00.901, 0, 22388 MiB, 72 %, 1920 MHz, 1920 MHz, 296.60 W, 72, P2, 0x0000000000000004
2026/09/26 13:52:01.901, 0, 22388 MiB, 80 %, 1920 MHz, 1920 MHz, 325.86 W, 73, P2, 0x0000000000000004
2026/09/26 13:52:02.901, 0, 22388 MiB, 49 %, 1920 MHz, 1920 MHz, 298.72 W, 73, P2, 0x0000000000000004
2026/09/26 13:52:03.907, 0, 22388 MiB, 79 %, 1920 MHz, 1920 MHz, 326.65 W, 73, P2, 0x0000000000000004
2026/09/26 13:52:04.907, 0, 22388 MiB, 80 %, 1920 MHz, 1920 MHz, 296.01 W, 70, P2, 0x0000000000000000
2026/09/26 13:52:05.907, 0, 22388 MiB, 80 %, 1920 MHz, 1920 MHz, 314.08 W, 74, P2, 0x0000000000000004
2026/09/26 13:52:06.907, 0, 22388 MiB, 81 %, 1920 MHz, 1920 MHz, 328.75 W, 74, P2, 0x0000000000000004
2026/09/26 13:52:07.908, 0, 22388 MiB, 37 %, 1920 MHz, 1920 MHz, 298.41 W, 73, P2, 0x0000000000000004
2026/09/26 13:52:08.908, 0, 22388 MiB, 79 %, 1920 MHz, 1920 MHz, 325.40 W, 74, P2, 0x0000000000000004
2026/09/26 13:52:09.908, 0, 510 MiB, 81 %, 1920 MHz, 1920 MHz, 330.49 W, 75, P2, 0x0000000000000004
2026/09/26 13:52:10.909, 0, 178 MiB, 100 %, 1920 MHz, 1920 MHz, 201.97 W, 68, P0, 0x0000000000000000
2026/09/26 13:52:11.909, 0, 178 MiB, 0 %, 1920 MHz, 1920 MHz, 174.11 W, 67, P0, 0x0000000000000000
2026/09/26 13:52:12.909, 0, 178 MiB, 0 %, 480 MHz, 480 MHz, 166.77 W, 65, P3, 0x0000000000000001
2026/09/26 13:52:13.909, 0, 178 MiB, 0 %, 330 MHz, 330 MHz, 128.10 W, 61, P3, 0x0000000000000001
2026/09/26 13:52:14.910, 0, 178 MiB, 0 %, 210 MHz, 210 MHz, 87.86 W, 59, P3, 0x0000000000000001
2026/09/26 13:52:15.910, 0, 178 MiB, 0 %, 210 MHz, 210 MHz, 84.95 W, 59, P5, 0x0000000000000001
2026/09/26 13:52:16.910, 0, 178 MiB, 0 %, 210 MHz, 210 MHz, 70.14 W, 57, P5, 0x0000000000000001
2026/09/26 13:52:17.910, 0, 178 MiB, 0 %, 210 MHz, 210 MHz, 47.35 W, 55, P8, 0x0000000000000001
2026/09/26 13:52:18.910, 0, 178 MiB, 0 %, 210 MHz, 210 MHz, 36.40 W, 56, P8, 0x0000000000000001
2026/09/26 13:52:19.910, 0, 178 MiB, 0 %, 210 MHz, 210 MHz, 33.71 W, 54, P8, 0x0000000000000001
2026/09/26 13:52:20.911, 0, 178 MiB, 0 %, 210 MHz, 210 MHz, 32.20 W, 54, P8, 0x0000000000000001
2026/09/26 13:52:21.911, 0, 178 MiB, 0 %, 210 MHz, 210 MHz, 31.63 W, 53, P8, 0x0000000000000001
2026/09/26 13:52:22.911, 0, 178 MiB, 0 %, 210 MHz, 210 MHz, 31.12 W, 53, P8, 0x0000000000000001
