wall_iso,ts,gfx_mhz,gfx_max_mhz,mem_mhz,sm_mhz,power_w,power_limit_w,power_default_w,temp_c,util_pct,mem_used_mib,pstate,throttle_active,thr_sw_thermal,thr_hw_thermal,thr_hw_power_brake,thr_sw_power_cap,thr_gpu_idle
2026-10-02T17:20:29+08:00,2026/10/02 17:20:29.773, 1800 MHz, 2130 MHz, 9501 MHz, 1800 MHz, 110.46 W, 420.00 W, 420.00 W, 44, 0 %, 17 MiB, P2, 0x0000000000000001, Not Active, Not Active, Not Active, Not Active, Active
2026-10-02T17:20:30+08:00,2026/10/02 17:20:30.794, 1800 MHz, 2130 MHz, 9501 MHz, 1800 MHz, 110.70 W, 420.00 W, 420.00 W, 44, 0 %, 17 MiB, P2, 0x0000000000000001, Not Active, Not Active, Not Active, Not Active, Active
2026-10-02T17:20:31+08:00,2026/10/02 17:20:31.818, 1800 MHz, 2130 MHz, 9501 MHz, 1800 MHz, 111.42 W, 420.00 W, 420.00 W, 45, 0 %, 34 MiB, P2, 0x0000000000000000, Not Active, Not Active, Not Active, Not Active, Not Active
2026-10-02T17:20:32+08:00,2026/10/02 17:20:32.845, 1800 MHz, 2130 MHz, 9501 MHz, 1800 MHz, 232.79 W, 420.00 W, 420.00 W, 49, 100 %, 8473 MiB, P2, 0x0000000000000000, Not Active, Not Active, Not Active, Not Active, Not Active
2026-10-02T17:20:33+08:00,2026/10/02 17:20:33.875, 1800 MHz, 2130 MHz, 9501 MHz, 1800 MHz, 243.95 W, 420.00 W, 420.00 W, 50, 100 %, 8473 MiB, P2, 0x0000000000000000, Not Active, Not Active, Not Active, Not Active, Not Active
2026-10-02T17:20:34+08:00,2026/10/02 17:20:34.909, 1800 MHz, 2130 MHz, 9501 MHz, 1800 MHz, 244.43 W, 420.00 W, 420.00 W, 50, 100 %, 8473 MiB, P2, 0x0000000000000000, Not Active, Not Active, Not Active, Not Active, Not Active
2026-10-02T17:20:35+08:00,2026/10/02 17:20:35.939, 1800 MHz, 2130 MHz, 9501 MHz, 1800 MHz, 244.76 W, 420.00 W, 420.00 W, 51, 100 %, 8473 MiB, P2, 0x0000000000000000, Not Active, Not Active, Not Active, Not Active, Not Active
2026-10-02T17:20:36+08:00,2026/10/02 17:20:36.972, 1800 MHz, 2130 MHz, 9501 MHz, 1800 MHz, 245.13 W, 420.00 W, 420.00 W, 51, 100 %, 8473 MiB, P2, 0x0000000000000000, Not Active, Not Active, Not Active, Not Active, Not Active
2026-10-02T17:20:37+08:00,2026/10/02 17:20:38.003, 1800 MHz, 2130 MHz, 9501 MHz, 1800 MHz, 245.02 W, 420.00 W, 420.00 W, 51, 100 %, 8473 MiB, P2, 0x0000000000000000, Not Active, Not Active, Not Active, Not Active, Not Active
2026-10-02T17:20:39+08:00,2026/10/02 17:20:39.034, 1800 MHz, 2130 MHz, 9501 MHz, 1800 MHz, 245.15 W, 420.00 W, 420.00 W, 51, 100 %, 8473 MiB, P2, 0x0000000000000000, Not Active, Not Active, Not Active, Not Active, Not Active
2026-10-02T17:20:40+08:00,2026/10/02 17:20:40.065, 1800 MHz, 2130 MHz, 9501 MHz, 1800 MHz, 245.22 W, 420.00 W, 420.00 W, 52, 100 %, 8473 MiB, P2, 0x0000000000000000, Not Active, Not Active, Not Active, Not Active, Not Active
2026-10-02T17:20:41+08:00,2026/10/02 17:20:41.096, 1800 MHz, 2130 MHz, 9501 MHz, 1800 MHz, 245.84 W, 420.00 W, 420.00 W, 52, 100 %, 8473 MiB, P2, 0x0000000000000000, Not Active, Not Active, Not Active, Not Active, Not Active
2026-10-02T17:20:42+08:00,2026/10/02 17:20:42.127, 1800 MHz, 2130 MHz, 9501 MHz, 1800 MHz, 245.83 W, 420.00 W, 420.00 W, 52, 100 %, 8473 MiB, P2, 0x0000000000000000, Not Active, Not Active, Not Active, Not Active, Not Active
2026-10-02T17:20:43+08:00,2026/10/02 17:20:43.156, 1800 MHz, 2130 MHz, 9501 MHz, 1800 MHz, 245.77 W, 420.00 W, 420.00 W, 52, 100 %, 8473 MiB, P2, 0x0000000000000000, Not Active, Not Active, Not Active, Not Active, Not Active
2026-10-02T17:20:44+08:00,2026/10/02 17:20:44.188, 1800 MHz, 2130 MHz, 9501 MHz, 1800 MHz, 245.96 W, 420.00 W, 420.00 W, 53, 100 %, 8473 MiB, P2, 0x0000000000000000, Not Active, Not Active, Not Active, Not Active, Not Active
2026-10-02T17:20:45+08:00,2026/10/02 17:20:45.218, 1800 MHz, 2130 MHz, 9501 MHz, 1800 MHz, 245.98 W, 420.00 W, 420.00 W, 53, 100 %, 8473 MiB, P2, 0x0000000000000000, Not Active, Not Active, Not Active, Not Active, Not Active
2026-10-02T17:20:46+08:00,2026/10/02 17:20:46.247, 1800 MHz, 2130 MHz, 9501 MHz, 1800 MHz, 245.93 W, 420.00 W, 420.00 W, 53, 100 %, 8473 MiB, P2, 0x0000000000000000, Not Active, Not Active, Not Active, Not Active, Not Active
2026-10-02T17:20:47+08:00,2026/10/02 17:20:47.277, 1800 MHz, 2130 MHz, 9501 MHz, 1800 MHz, 245.97 W, 420.00 W, 420.00 W, 53, 100 %, 8473 MiB, P2, 0x0000000000000000, Not Active, Not Active, Not Active, Not Active, Not Active
2026-10-02T17:20:48+08:00,2026/10/02 17:20:48.307, 1800 MHz, 2130 MHz, 9501 MHz, 1800 MHz, 246.12 W, 420.00 W, 420.00 W, 53, 100 %, 8473 MiB, P2, 0x0000000000000000, Not Active, Not Active, Not Active, Not Active, Not Active
2026-10-02T17:20:49+08:00,2026/10/02 17:20:49.337, 1800 MHz, 2130 MHz, 9501 MHz, 1800 MHz, 244.58 W, 420.00 W, 420.00 W, 54, 100 %, 8473 MiB, P2, 0x0000000000000000, Not Active, Not Active, Not Active, Not Active, Not Active
2026-10-02T17:20:50+08:00,2026/10/02 17:20:50.367, 1800 MHz, 2130 MHz, 9501 MHz, 1800 MHz, 242.88 W, 420.00 W, 420.00 W, 54, 100 %, 8473 MiB, P2, 0x0000000000000000, Not Active, Not Active, Not Active, Not Active, Not Active
2026-10-02T17:20:51+08:00,2026/10/02 17:20:51.396, 1800 MHz, 2130 MHz, 9501 MHz, 1800 MHz, 242.60 W, 420.00 W, 420.00 W, 54, 100 %, 8473 MiB, P2, 0x0000000000000000, Not Active, Not Active, Not Active, Not Active, Not Active
2026-10-02T17:20:52+08:00,2026/10/02 17:20:52.426, 1800 MHz, 2130 MHz, 9501 MHz, 1800 MHz, 242.63 W, 420.00 W, 420.00 W, 54, 100 %, 8473 MiB, P2, 0x0000000000000000, Not Active, Not Active, Not Active, Not Active, Not Active
2026-10-02T17:20:53+08:00,2026/10/02 17:20:53.457, 1800 MHz, 2130 MHz, 9501 MHz, 1800 MHz, 243.00 W, 420.00 W, 420.00 W, 54, 100 %, 8473 MiB, P2, 0x0000000000000000, Not Active, Not Active, Not Active, Not Active, Not Active
2026-10-02T17:20:54+08:00,2026/10/02 17:20:54.487, 1800 MHz, 2130 MHz, 9501 MHz, 1800 MHz, 245.48 W, 420.00 W, 420.00 W, 54, 100 %, 8473 MiB, P2, 0x0000000000000000, Not Active, Not Active, Not Active, Not Active, Not Active
2026-10-02T17:20:55+08:00,2026/10/02 17:20:55.517, 1800 MHz, 2130 MHz, 9501 MHz, 1800 MHz, 244.59 W, 420.00 W, 420.00 W, 55, 100 %, 8473 MiB, P2, 0x0000000000000000, Not Active, Not Active, Not Active, Not Active, Not Active
2026-10-02T17:20:56+08:00,2026/10/02 17:20:56.547, 1800 MHz, 2130 MHz, 9501 MHz, 1800 MHz, 243.99 W, 420.00 W, 420.00 W, 55, 100 %, 8473 MiB, P2, 0x0000000000000000, Not Active, Not Active, Not Active, Not Active, Not Active
2026-10-02T17:20:57+08:00,2026/10/02 17:20:57.577, 1800 MHz, 2130 MHz, 9501 MHz, 1800 MHz, 243.84 W, 420.00 W, 420.00 W, 55, 100 %, 8473 MiB, P2, 0x0000000000000000, Not Active, Not Active, Not Active, Not Active, Not Active
2026-10-02T17:20:58+08:00,2026/10/02 17:20:58.607, 1800 MHz, 2130 MHz, 9501 MHz, 1800 MHz, 243.91 W, 420.00 W, 420.00 W, 55, 100 %, 8473 MiB, P2, 0x0000000000000000, Not Active, Not Active, Not Active, Not Active, Not Active
2026-10-02T17:20:59+08:00,2026/10/02 17:20:59.638, 1800 MHz, 2130 MHz, 9501 MHz, 1800 MHz, 244.25 W, 420.00 W, 420.00 W, 55, 100 %, 8473 MiB, P2, 0x0000000000000000, Not Active, Not Active, Not Active, Not Active, Not Active
2026-10-02T17:21:00+08:00,2026/10/02 17:21:00.670, 1800 MHz, 2130 MHz, 9501 MHz, 1800 MHz, 244.44 W, 420.00 W, 420.00 W, 55, 100 %, 8473 MiB, P2, 0x0000000000000000, Not Active, Not Active, Not Active, Not Active, Not Active
2026-10-02T17:21:01+08:00,2026/10/02 17:21:01.700, 1800 MHz, 2130 MHz, 9501 MHz, 1800 MHz, 244.48 W, 420.00 W, 420.00 W, 55, 100 %, 8473 MiB, P2, 0x0000000000000000, Not Active, Not Active, Not Active, Not Active, Not Active
2026-10-02T17:21:02+08:00,2026/10/02 17:21:02.731, 1800 MHz, 2130 MHz, 9501 MHz, 1800 MHz, 244.58 W, 420.00 W, 420.00 W, 55, 100 %, 8473 MiB, P2, 0x0000000000000000, Not Active, Not Active, Not Active, Not Active, Not Active
2026-10-02T17:21:03+08:00,2026/10/02 17:21:03.761, 1800 MHz, 2130 MHz, 9501 MHz, 1800 MHz, 244.79 W, 420.00 W, 420.00 W, 56, 100 %, 8473 MiB, P2, 0x0000000000000000, Not Active, Not Active, Not Active, Not Active, Not Active
2026-10-02T17:21:04+08:00,2026/10/02 17:21:04.792, 1800 MHz, 2130 MHz, 9501 MHz, 1800 MHz, 244.88 W, 420.00 W, 420.00 W, 56, 100 %, 8473 MiB, P2, 0x0000000000000000, Not Active, Not Active, Not Active, Not Active, Not Active
2026-10-02T17:21:05+08:00,2026/10/02 17:21:05.821, 1800 MHz, 2130 MHz, 9501 MHz, 1800 MHz, 245.01 W, 420.00 W, 420.00 W, 56, 100 %, 8473 MiB, P2, 0x0000000000000000, Not Active, Not Active, Not Active, Not Active, Not Active
2026-10-02T17:21:06+08:00,2026/10/02 17:21:06.856, 1800 MHz, 2130 MHz, 9501 MHz, 1800 MHz, 245.10 W, 420.00 W, 420.00 W, 56, 100 %, 8473 MiB, P2, 0x0000000000000000, Not Active, Not Active, Not Active, Not Active, Not Active
2026-10-02T17:21:07+08:00,2026/10/02 17:21:07.888, 1800 MHz, 2130 MHz, 9501 MHz, 1800 MHz, 245.22 W, 420.00 W, 420.00 W, 56, 100 %, 8473 MiB, P2, 0x0000000000000000, Not Active, Not Active, Not Active, Not Active, Not Active
2026-10-02T17:21:08+08:00,2026/10/02 17:21:08.919, 1800 MHz, 2130 MHz, 9501 MHz, 1800 MHz, 245.14 W, 420.00 W, 420.00 W, 56, 100 %, 8473 MiB, P2, 0x0000000000000000, Not Active, Not Active, Not Active, Not Active, Not Active
2026-10-02T17:21:09+08:00,2026/10/02 17:21:09.950, 1800 MHz, 2130 MHz, 9501 MHz, 1800 MHz, 245.15 W, 420.00 W, 420.00 W, 56, 100 %, 8473 MiB, P2, 0x0000000000000000, Not Active, Not Active, Not Active, Not Active, Not Active
2026-10-02T17:21:10+08:00,2026/10/02 17:21:10.983, 1800 MHz, 2130 MHz, 9501 MHz, 1800 MHz, 245.25 W, 420.00 W, 420.00 W, 56, 100 %, 8473 MiB, P2, 0x0000000000000000, Not Active, Not Active, Not Active, Not Active, Not Active
2026-10-02T17:21:12+08:00,2026/10/02 17:21:12.014, 1800 MHz, 2130 MHz, 9501 MHz, 1800 MHz, 245.30 W, 420.00 W, 420.00 W, 56, 100 %, 8473 MiB, P2, 0x0000000000000000, Not Active, Not Active, Not Active, Not Active, Not Active
2026-10-02T17:21:13+08:00,2026/10/02 17:21:13.045, 1800 MHz, 2130 MHz, 9501 MHz, 1800 MHz, 245.54 W, 420.00 W, 420.00 W, 56, 100 %, 8473 MiB, P2, 0x0000000000000000, Not Active, Not Active, Not Active, Not Active, Not Active
2026-10-02T17:21:14+08:00,2026/10/02 17:21:14.075, 1800 MHz, 2130 MHz, 9501 MHz, 1800 MHz, 245.28 W, 420.00 W, 420.00 W, 57, 100 %, 8473 MiB, P2, 0x0000000000000000, Not Active, Not Active, Not Active, Not Active, Not Active
2026-10-02T17:21:15+08:00,2026/10/02 17:21:15.107, 1800 MHz, 2130 MHz, 9501 MHz, 1800 MHz, 245.12 W, 420.00 W, 420.00 W, 57, 100 %, 8473 MiB, P2, 0x0000000000000000, Not Active, Not Active, Not Active, Not Active, Not Active
2026-10-02T17:21:16+08:00,2026/10/02 17:21:16.137, 1800 MHz, 2130 MHz, 9501 MHz, 1800 MHz, 245.08 W, 420.00 W, 420.00 W, 57, 100 %, 8473 MiB, P2, 0x0000000000000000, Not Active, Not Active, Not Active, Not Active, Not Active
2026-10-02T17:21:17+08:00,2026/10/02 17:21:17.168, 1800 MHz, 2130 MHz, 9501 MHz, 1800 MHz, 245.38 W, 420.00 W, 420.00 W, 57, 100 %, 8473 MiB, P2, 0x0000000000000000, Not Active, Not Active, Not Active, Not Active, Not Active
2026-10-02T17:21:18+08:00,2026/10/02 17:21:18.199, 1800 MHz, 2130 MHz, 9501 MHz, 1800 MHz, 245.48 W, 420.00 W, 420.00 W, 57, 100 %, 8473 MiB, P2, 0x0000000000000000, Not Active, Not Active, Not Active, Not Active, Not Active
2026-10-02T17:21:19+08:00,2026/10/02 17:21:19.230, 1800 MHz, 2130 MHz, 9501 MHz, 1800 MHz, 245.63 W, 420.00 W, 420.00 W, 57, 100 %, 8473 MiB, P2, 0x0000000000000000, Not Active, Not Active, Not Active, Not Active, Not Active
2026-10-02T17:21:20+08:00,2026/10/02 17:21:20.262, 1800 MHz, 2130 MHz, 9501 MHz, 1800 MHz, 245.62 W, 420.00 W, 420.00 W, 57, 100 %, 8473 MiB, P2, 0x0000000000000000, Not Active, Not Active, Not Active, Not Active, Not Active
2026-10-02T17:21:21+08:00,2026/10/02 17:21:21.295, 1800 MHz, 2130 MHz, 9501 MHz, 1800 MHz, 245.60 W, 420.00 W, 420.00 W, 57, 100 %, 8473 MiB, P2, 0x0000000000000000, Not Active, Not Active, Not Active, Not Active, Not Active
2026-10-02T17:21:22+08:00,2026/10/02 17:21:22.326, 1800 MHz, 2130 MHz, 9501 MHz, 1800 MHz, 245.57 W, 420.00 W, 420.00 W, 57, 100 %, 8473 MiB, P2, 0x0000000000000000, Not Active, Not Active, Not Active, Not Active, Not Active
2026-10-02T17:21:23+08:00,2026/10/02 17:21:23.358, 1800 MHz, 2130 MHz, 9501 MHz, 1800 MHz, 245.72 W, 420.00 W, 420.00 W, 57, 100 %, 8473 MiB, P2, 0x0000000000000000, Not Active, Not Active, Not Active, Not Active, Not Active
2026-10-02T17:21:24+08:00,2026/10/02 17:21:24.392, 1800 MHz, 2130 MHz, 9501 MHz, 1800 MHz, 245.77 W, 420.00 W, 420.00 W, 58, 100 %, 8473 MiB, P2, 0x0000000000000000, Not Active, Not Active, Not Active, Not Active, Not Active
2026-10-02T17:21:25+08:00,2026/10/02 17:21:25.427, 1800 MHz, 2130 MHz, 9501 MHz, 1800 MHz, 245.76 W, 420.00 W, 420.00 W, 58, 100 %, 8473 MiB, P2, 0x0000000000000000, Not Active, Not Active, Not Active, Not Active, Not Active
2026-10-02T17:21:26+08:00,2026/10/02 17:21:26.458, 1800 MHz, 2130 MHz, 9501 MHz, 1800 MHz, 245.76 W, 420.00 W, 420.00 W, 58, 100 %, 8473 MiB, P2, 0x0000000000000000, Not Active, Not Active, Not Active, Not Active, Not Active
2026-10-02T17:21:27+08:00,2026/10/02 17:21:27.488, 1800 MHz, 2130 MHz, 9501 MHz, 1800 MHz, 245.91 W, 420.00 W, 420.00 W, 58, 100 %, 8473 MiB, P2, 0x0000000000000000, Not Active, Not Active, Not Active, Not Active, Not Active
2026-10-02T17:21:28+08:00,2026/10/02 17:21:28.519, 1800 MHz, 2130 MHz, 9501 MHz, 1800 MHz, 246.08 W, 420.00 W, 420.00 W, 58, 100 %, 8473 MiB, P2, 0x0000000000000000, Not Active, Not Active, Not Active, Not Active, Not Active
2026-10-02T17:21:29+08:00,2026/10/02 17:21:29.550, 1800 MHz, 2130 MHz, 9501 MHz, 1800 MHz, 246.10 W, 420.00 W, 420.00 W, 58, 100 %, 8473 MiB, P2, 0x0000000000000000, Not Active, Not Active, Not Active, Not Active, Not Active
2026-10-02T17:21:30+08:00,2026/10/02 17:21:30.581, 1800 MHz, 2130 MHz, 9501 MHz, 1800 MHz, 246.07 W, 420.00 W, 420.00 W, 58, 100 %, 8473 MiB, P2, 0x0000000000000000, Not Active, Not Active, Not Active, Not Active, Not Active
2026-10-02T17:21:31+08:00,2026/10/02 17:21:31.611, 1800 MHz, 2130 MHz, 9501 MHz, 1800 MHz, 246.11 W, 420.00 W, 420.00 W, 58, 100 %, 8473 MiB, P2, 0x0000000000000000, Not Active, Not Active, Not Active, Not Active, Not Active
2026-10-02T17:21:32+08:00,2026/10/02 17:21:32.645, 1800 MHz, 2130 MHz, 9501 MHz, 1800 MHz, 246.32 W, 420.00 W, 420.00 W, 58, 100 %, 8473 MiB, P2, 0x0000000000000000, Not Active, Not Active, Not Active, Not Active, Not Active
2026-10-02T17:21:33+08:00,2026/10/02 17:21:33.675, 1800 MHz, 2130 MHz, 9501 MHz, 1800 MHz, 246.16 W, 420.00 W, 420.00 W, 58, 100 %, 8473 MiB, P2, 0x0000000000000000, Not Active, Not Active, Not Active, Not Active, Not Active
2026-10-02T17:21:34+08:00,2026/10/02 17:21:34.706, 1800 MHz, 2130 MHz, 9501 MHz, 1800 MHz, 246.25 W, 420.00 W, 420.00 W, 58, 100 %, 8473 MiB, P2, 0x0000000000000000, Not Active, Not Active, Not Active, Not Active, Not Active
2026-10-02T17:21:35+08:00,2026/10/02 17:21:35.737, 1800 MHz, 2130 MHz, 9501 MHz, 1800 MHz, 246.35 W, 420.00 W, 420.00 W, 59, 100 %, 8473 MiB, P2, 0x0000000000000000, Not Active, Not Active, Not Active, Not Active, Not Active
2026-10-02T17:21:36+08:00,2026/10/02 17:21:36.768, 1800 MHz, 2130 MHz, 9501 MHz, 1800 MHz, 246.49 W, 420.00 W, 420.00 W, 59, 100 %, 8473 MiB, P2, 0x0000000000000000, Not Active, Not Active, Not Active, Not Active, Not Active
2026-10-02T17:21:37+08:00,2026/10/02 17:21:37.800, 1800 MHz, 2130 MHz, 9501 MHz, 1800 MHz, 246.43 W, 420.00 W, 420.00 W, 59, 100 %, 8473 MiB, P2, 0x0000000000000000, Not Active, Not Active, Not Active, Not Active, Not Active
2026-10-02T17:21:38+08:00,2026/10/02 17:21:38.831, 1800 MHz, 2130 MHz, 9501 MHz, 1800 MHz, 246.94 W, 420.00 W, 420.00 W, 59, 100 %, 8473 MiB, P2, 0x0000000000000000, Not Active, Not Active, Not Active, Not Active, Not Active
2026-10-02T17:21:39+08:00,2026/10/02 17:21:39.865, 1800 MHz, 2130 MHz, 9501 MHz, 1800 MHz, 246.98 W, 420.00 W, 420.00 W, 59, 100 %, 8473 MiB, P2, 0x0000000000000000, Not Active, Not Active, Not Active, Not Active, Not Active
2026-10-02T17:21:40+08:00,2026/10/02 17:21:40.900, 1800 MHz, 2130 MHz, 9501 MHz, 1800 MHz, 246.91 W, 420.00 W, 420.00 W, 59, 100 %, 8473 MiB, P2, 0x0000000000000000, Not Active, Not Active, Not Active, Not Active, Not Active
2026-10-02T17:21:41+08:00,2026/10/02 17:21:41.930, 1800 MHz, 2130 MHz, 9501 MHz, 1800 MHz, 247.12 W, 420.00 W, 420.00 W, 59, 100 %, 8473 MiB, P2, 0x0000000000000000, Not Active, Not Active, Not Active, Not Active, Not Active
2026-10-02T17:21:42+08:00,2026/10/02 17:21:42.961, 1800 MHz, 2130 MHz, 9501 MHz, 1800 MHz, 247.06 W, 420.00 W, 420.00 W, 59, 100 %, 8473 MiB, P2, 0x0000000000000000, Not Active, Not Active, Not Active, Not Active, Not Active
2026-10-02T17:21:43+08:00,2026/10/02 17:21:43.992, 1800 MHz, 2130 MHz, 9501 MHz, 1800 MHz, 246.90 W, 420.00 W, 420.00 W, 59, 100 %, 8473 MiB, P2, 0x0000000000000000, Not Active, Not Active, Not Active, Not Active, Not Active
2026-10-02T17:21:45+08:00,2026/10/02 17:21:45.025, 1800 MHz, 2130 MHz, 9501 MHz, 1800 MHz, 246.82 W, 420.00 W, 420.00 W, 59, 100 %, 8473 MiB, P2, 0x0000000000000000, Not Active, Not Active, Not Active, Not Active, Not Active
2026-10-02T17:21:46+08:00,2026/10/02 17:21:46.056, 1800 MHz, 2130 MHz, 9501 MHz, 1800 MHz, 247.12 W, 420.00 W, 420.00 W, 59, 100 %, 8473 MiB, P2, 0x0000000000000000, Not Active, Not Active, Not Active, Not Active, Not Active
2026-10-02T17:21:47+08:00,2026/10/02 17:21:47.087, 1800 MHz, 2130 MHz, 9501 MHz, 1800 MHz, 247.07 W, 420.00 W, 420.00 W, 59, 100 %, 8473 MiB, P2, 0x0000000000000000, Not Active, Not Active, Not Active, Not Active, Not Active
2026-10-02T17:21:48+08:00,2026/10/02 17:21:48.118, 1800 MHz, 2130 MHz, 9501 MHz, 1800 MHz, 247.45 W, 420.00 W, 420.00 W, 60, 100 %, 8473 MiB, P2, 0x0000000000000000, Not Active, Not Active, Not Active, Not Active, Not Active
2026-10-02T17:21:49+08:00,2026/10/02 17:21:49.148, 1800 MHz, 2130 MHz, 9501 MHz, 1800 MHz, 247.29 W, 420.00 W, 420.00 W, 60, 100 %, 8473 MiB, P2, 0x0000000000000000, Not Active, Not Active, Not Active, Not Active, Not Active
2026-10-02T17:21:50+08:00,2026/10/02 17:21:50.178, 1800 MHz, 2130 MHz, 9501 MHz, 1800 MHz, 247.34 W, 420.00 W, 420.00 W, 60, 100 %, 8473 MiB, P2, 0x0000000000000000, Not Active, Not Active, Not Active, Not Active, Not Active
2026-10-02T17:21:51+08:00,2026/10/02 17:21:51.208, 1800 MHz, 2130 MHz, 9501 MHz, 1800 MHz, 247.16 W, 420.00 W, 420.00 W, 60, 100 %, 8473 MiB, P2, 0x0000000000000000, Not Active, Not Active, Not Active, Not Active, Not Active
2026-10-02T17:21:52+08:00,2026/10/02 17:21:52.241, 1800 MHz, 2130 MHz, 9501 MHz, 1800 MHz, 247.44 W, 420.00 W, 420.00 W, 60, 100 %, 8473 MiB, P2, 0x0000000000000000, Not Active, Not Active, Not Active, Not Active, Not Active
2026-10-02T17:21:53+08:00,2026/10/02 17:21:53.274, 1800 MHz, 2130 MHz, 9501 MHz, 1800 MHz, 247.57 W, 420.00 W, 420.00 W, 60, 100 %, 8473 MiB, P2, 0x0000000000000000, Not Active, Not Active, Not Active, Not Active, Not Active
2026-10-02T17:21:54+08:00,2026/10/02 17:21:54.305, 1800 MHz, 2130 MHz, 9501 MHz, 1800 MHz, 247.52 W, 420.00 W, 420.00 W, 60, 100 %, 8473 MiB, P2, 0x0000000000000000, Not Active, Not Active, Not Active, Not Active, Not Active
2026-10-02T17:21:55+08:00,2026/10/02 17:21:55.334, 1800 MHz, 2130 MHz, 9501 MHz, 1800 MHz, 247.48 W, 420.00 W, 420.00 W, 60, 100 %, 8473 MiB, P2, 0x0000000000000000, Not Active, Not Active, Not Active, Not Active, Not Active
2026-10-02T17:21:56+08:00,2026/10/02 17:21:56.364, 1800 MHz, 2130 MHz, 9501 MHz, 1800 MHz, 247.62 W, 420.00 W, 420.00 W, 60, 100 %, 8473 MiB, P2, 0x0000000000000000, Not Active, Not Active, Not Active, Not Active, Not Active
2026-10-02T17:21:57+08:00,2026/10/02 17:21:57.394, 1800 MHz, 2130 MHz, 9501 MHz, 1800 MHz, 247.58 W, 420.00 W, 420.00 W, 60, 100 %, 8473 MiB, P2, 0x0000000000000000, Not Active, Not Active, Not Active, Not Active, Not Active
2026-10-02T17:21:58+08:00,2026/10/02 17:21:58.425, 1800 MHz, 2130 MHz, 9501 MHz, 1800 MHz, 247.60 W, 420.00 W, 420.00 W, 60, 100 %, 8473 MiB, P2, 0x0000000000000000, Not Active, Not Active, Not Active, Not Active, Not Active
2026-10-02T17:21:59+08:00,2026/10/02 17:21:59.455, 1800 MHz, 2130 MHz, 9501 MHz, 1800 MHz, 247.38 W, 420.00 W, 420.00 W, 60, 100 %, 8473 MiB, P2, 0x0000000000000000, Not Active, Not Active, Not Active, Not Active, Not Active
2026-10-02T17:22:00+08:00,2026/10/02 17:22:00.489, 1800 MHz, 2130 MHz, 9501 MHz, 1800 MHz, 247.59 W, 420.00 W, 420.00 W, 60, 100 %, 8473 MiB, P2, 0x0000000000000000, Not Active, Not Active, Not Active, Not Active, Not Active
2026-10-02T17:22:01+08:00,2026/10/02 17:22:01.519, 1800 MHz, 2130 MHz, 9501 MHz, 1800 MHz, 247.84 W, 420.00 W, 420.00 W, 61, 100 %, 8473 MiB, P2, 0x0000000000000000, Not Active, Not Active, Not Active, Not Active, Not Active
2026-10-02T17:22:02+08:00,2026/10/02 17:22:02.550, 1800 MHz, 2130 MHz, 9501 MHz, 1800 MHz, 247.96 W, 420.00 W, 420.00 W, 61, 100 %, 8473 MiB, P2, 0x0000000000000000, Not Active, Not Active, Not Active, Not Active, Not Active
2026-10-02T17:22:03+08:00,2026/10/02 17:22:03.583, 1800 MHz, 2130 MHz, 9501 MHz, 1800 MHz, 247.84 W, 420.00 W, 420.00 W, 61, 100 %, 8473 MiB, P2, 0x0000000000000000, Not Active, Not Active, Not Active, Not Active, Not Active
2026-10-02T17:22:04+08:00,2026/10/02 17:22:04.613, 1800 MHz, 2130 MHz, 9501 MHz, 1800 MHz, 247.81 W, 420.00 W, 420.00 W, 61, 100 %, 8473 MiB, P2, 0x0000000000000000, Not Active, Not Active, Not Active, Not Active, Not Active
2026-10-02T17:22:05+08:00,2026/10/02 17:22:05.644, 1800 MHz, 2130 MHz, 9501 MHz, 1800 MHz, 247.85 W, 420.00 W, 420.00 W, 61, 100 %, 8473 MiB, P2, 0x0000000000000000, Not Active, Not Active, Not Active, Not Active, Not Active
2026-10-02T17:22:06+08:00,2026/10/02 17:22:06.675, 1800 MHz, 2130 MHz, 9501 MHz, 1800 MHz, 247.91 W, 420.00 W, 420.00 W, 61, 100 %, 8473 MiB, P2, 0x0000000000000000, Not Active, Not Active, Not Active, Not Active, Not Active
2026-10-02T17:22:07+08:00,2026/10/02 17:22:07.705, 1800 MHz, 2130 MHz, 9501 MHz, 1800 MHz, 247.88 W, 420.00 W, 420.00 W, 61, 100 %, 8473 MiB, P2, 0x0000000000000000, Not Active, Not Active, Not Active, Not Active, Not Active
2026-10-02T17:22:08+08:00,2026/10/02 17:22:08.739, 1800 MHz, 2130 MHz, 9501 MHz, 1800 MHz, 248.23 W, 420.00 W, 420.00 W, 61, 100 %, 8473 MiB, P2, 0x0000000000000000, Not Active, Not Active, Not Active, Not Active, Not Active
2026-10-02T17:22:09+08:00,2026/10/02 17:22:09.770, 1800 MHz, 2130 MHz, 9501 MHz, 1800 MHz, 247.98 W, 420.00 W, 420.00 W, 61, 100 %, 8473 MiB, P2, 0x0000000000000000, Not Active, Not Active, Not Active, Not Active, Not Active
2026-10-02T17:22:10+08:00,2026/10/02 17:22:10.800, 1800 MHz, 2130 MHz, 9501 MHz, 1800 MHz, 247.66 W, 420.00 W, 420.00 W, 61, 100 %, 8473 MiB, P2, 0x0000000000000000, Not Active, Not Active, Not Active, Not Active, Not Active
2026-10-02T17:22:11+08:00,2026/10/02 17:22:11.831, 1800 MHz, 2130 MHz, 9501 MHz, 1800 MHz, 247.67 W, 420.00 W, 420.00 W, 61, 100 %, 8473 MiB, P2, 0x0000000000000000, Not Active, Not Active, Not Active, Not Active, Not Active
2026-10-02T17:22:12+08:00,2026/10/02 17:22:12.863, 1800 MHz, 2130 MHz, 9501 MHz, 1800 MHz, 247.87 W, 420.00 W, 420.00 W, 61, 100 %, 8473 MiB, P2, 0x0000000000000000, Not Active, Not Active, Not Active, Not Active, Not Active
2026-10-02T17:22:13+08:00,2026/10/02 17:22:13.894, 1800 MHz, 2130 MHz, 9501 MHz, 1800 MHz, 248.05 W, 420.00 W, 420.00 W, 61, 100 %, 8473 MiB, P2, 0x0000000000000000, Not Active, Not Active, Not Active, Not Active, Not Active
2026-10-02T17:22:14+08:00,2026/10/02 17:22:14.924, 1800 MHz, 2130 MHz, 9501 MHz, 1800 MHz, 248.36 W, 420.00 W, 420.00 W, 61, 100 %, 8473 MiB, P2, 0x0000000000000000, Not Active, Not Active, Not Active, Not Active, Not Active
2026-10-02T17:22:15+08:00,2026/10/02 17:22:15.955, 1800 MHz, 2130 MHz, 9501 MHz, 1800 MHz, 248.24 W, 420.00 W, 420.00 W, 62, 100 %, 8473 MiB, P2, 0x0000000000000000, Not Active, Not Active, Not Active, Not Active, Not Active
2026-10-02T17:22:16+08:00,2026/10/02 17:22:16.989, 1800 MHz, 2130 MHz, 9501 MHz, 1800 MHz, 248.29 W, 420.00 W, 420.00 W, 62, 100 %, 8473 MiB, P2, 0x0000000000000000, Not Active, Not Active, Not Active, Not Active, Not Active
2026-10-02T17:22:18+08:00,2026/10/02 17:22:18.019, 1800 MHz, 2130 MHz, 9501 MHz, 1800 MHz, 248.21 W, 420.00 W, 420.00 W, 62, 100 %, 8473 MiB, P2, 0x0000000000000000, Not Active, Not Active, Not Active, Not Active, Not Active
2026-10-02T17:22:19+08:00,2026/10/02 17:22:19.050, 1800 MHz, 2130 MHz, 9501 MHz, 1800 MHz, 248.17 W, 420.00 W, 420.00 W, 62, 100 %, 8473 MiB, P2, 0x0000000000000000, Not Active, Not Active, Not Active, Not Active, Not Active
2026-10-02T17:22:20+08:00,2026/10/02 17:22:20.082, 1800 MHz, 2130 MHz, 9501 MHz, 1800 MHz, 248.30 W, 420.00 W, 420.00 W, 62, 100 %, 8473 MiB, P2, 0x0000000000000000, Not Active, Not Active, Not Active, Not Active, Not Active
2026-10-02T17:22:21+08:00,2026/10/02 17:22:21.112, 1800 MHz, 2130 MHz, 9501 MHz, 1800 MHz, 248.16 W, 420.00 W, 420.00 W, 62, 100 %, 8473 MiB, P2, 0x0000000000000000, Not Active, Not Active, Not Active, Not Active, Not Active
2026-10-02T17:22:22+08:00,2026/10/02 17:22:22.144, 1800 MHz, 2130 MHz, 9501 MHz, 1800 MHz, 248.09 W, 420.00 W, 420.00 W, 62, 100 %, 8473 MiB, P2, 0x0000000000000000, Not Active, Not Active, Not Active, Not Active, Not Active
2026-10-02T17:22:23+08:00,2026/10/02 17:22:23.174, 1800 MHz, 2130 MHz, 9501 MHz, 1800 MHz, 248.09 W, 420.00 W, 420.00 W, 62, 100 %, 8473 MiB, P2, 0x0000000000000000, Not Active, Not Active, Not Active, Not Active, Not Active
2026-10-02T17:22:24+08:00,2026/10/02 17:22:24.206, 1800 MHz, 2130 MHz, 9501 MHz, 1800 MHz, 248.04 W, 420.00 W, 420.00 W, 62, 100 %, 8473 MiB, P2, 0x0000000000000000, Not Active, Not Active, Not Active, Not Active, Not Active
2026-10-02T17:22:25+08:00,2026/10/02 17:22:25.235, 1800 MHz, 2130 MHz, 9501 MHz, 1800 MHz, 248.09 W, 420.00 W, 420.00 W, 62, 100 %, 8473 MiB, P2, 0x0000000000000000, Not Active, Not Active, Not Active, Not Active, Not Active
2026-10-02T17:22:26+08:00,2026/10/02 17:22:26.266, 1800 MHz, 2130 MHz, 9501 MHz, 1800 MHz, 248.02 W, 420.00 W, 420.00 W, 62, 100 %, 8473 MiB, P2, 0x0000000000000000, Not Active, Not Active, Not Active, Not Active, Not Active
2026-10-02T17:22:27+08:00,2026/10/02 17:22:27.296, 1800 MHz, 2130 MHz, 9501 MHz, 1800 MHz, 248.15 W, 420.00 W, 420.00 W, 62, 100 %, 8473 MiB, P2, 0x0000000000000000, Not Active, Not Active, Not Active, Not Active, Not Active
2026-10-02T17:22:28+08:00,2026/10/02 17:22:28.326, 1800 MHz, 2130 MHz, 9501 MHz, 1800 MHz, 248.19 W, 420.00 W, 420.00 W, 62, 100 %, 8473 MiB, P2, 0x0000000000000000, Not Active, Not Active, Not Active, Not Active, Not Active
2026-10-02T17:22:29+08:00,2026/10/02 17:22:29.357, 1800 MHz, 2130 MHz, 9501 MHz, 1800 MHz, 248.46 W, 420.00 W, 420.00 W, 62, 100 %, 8473 MiB, P2, 0x0000000000000000, Not Active, Not Active, Not Active, Not Active, Not Active
2026-10-02T17:22:30+08:00,2026/10/02 17:22:30.387, 1800 MHz, 2130 MHz, 9501 MHz, 1800 MHz, 248.54 W, 420.00 W, 420.00 W, 63, 100 %, 8473 MiB, P2, 0x0000000000000000, Not Active, Not Active, Not Active, Not Active, Not Active
2026-10-02T17:22:31+08:00,2026/10/02 17:22:31.417, 1800 MHz, 2130 MHz, 9501 MHz, 1800 MHz, 248.50 W, 420.00 W, 420.00 W, 63, 100 %, 8473 MiB, P2, 0x0000000000000000, Not Active, Not Active, Not Active, Not Active, Not Active
2026-10-02T17:22:32+08:00,2026/10/02 17:22:32.447, 1800 MHz, 2130 MHz, 9501 MHz, 1800 MHz, 248.53 W, 420.00 W, 420.00 W, 63, 100 %, 8473 MiB, P2, 0x0000000000000000, Not Active, Not Active, Not Active, Not Active, Not Active
2026-10-02T17:22:33+08:00,2026/10/02 17:22:33.478, 1800 MHz, 2130 MHz, 9501 MHz, 1800 MHz, 248.56 W, 420.00 W, 420.00 W, 63, 100 %, 8473 MiB, P2, 0x0000000000000000, Not Active, Not Active, Not Active, Not Active, Not Active
2026-10-02T17:22:34+08:00,2026/10/02 17:22:34.508, 1800 MHz, 2130 MHz, 9501 MHz, 1800 MHz, 248.70 W, 420.00 W, 420.00 W, 63, 100 %, 8473 MiB, P2, 0x0000000000000000, Not Active, Not Active, Not Active, Not Active, Not Active
2026-10-02T17:22:35+08:00,2026/10/02 17:22:35.540, 1800 MHz, 2130 MHz, 9501 MHz, 1800 MHz, 248.93 W, 420.00 W, 420.00 W, 63, 100 %, 8473 MiB, P2, 0x0000000000000000, Not Active, Not Active, Not Active, Not Active, Not Active
2026-10-02T17:22:36+08:00,2026/10/02 17:22:36.570, 1800 MHz, 2130 MHz, 9501 MHz, 1800 MHz, 248.61 W, 420.00 W, 420.00 W, 63, 100 %, 8473 MiB, P2, 0x0000000000000000, Not Active, Not Active, Not Active, Not Active, Not Active
2026-10-02T17:22:37+08:00,2026/10/02 17:22:37.602, 1800 MHz, 2130 MHz, 9501 MHz, 1800 MHz, 248.79 W, 420.00 W, 420.00 W, 63, 100 %, 8473 MiB, P2, 0x0000000000000000, Not Active, Not Active, Not Active, Not Active, Not Active
2026-10-02T17:22:38+08:00,2026/10/02 17:22:38.635, 1800 MHz, 2130 MHz, 9501 MHz, 1800 MHz, 248.80 W, 420.00 W, 420.00 W, 63, 100 %, 8473 MiB, P2, 0x0000000000000000, Not Active, Not Active, Not Active, Not Active, Not Active
2026-10-02T17:22:39+08:00,2026/10/02 17:22:39.669, 1800 MHz, 2130 MHz, 9501 MHz, 1800 MHz, 248.86 W, 420.00 W, 420.00 W, 63, 100 %, 8473 MiB, P2, 0x0000000000000000, Not Active, Not Active, Not Active, Not Active, Not Active
2026-10-02T17:22:40+08:00,2026/10/02 17:22:40.700, 1800 MHz, 2130 MHz, 9501 MHz, 1800 MHz, 249.07 W, 420.00 W, 420.00 W, 63, 100 %, 8473 MiB, P2, 0x0000000000000000, Not Active, Not Active, Not Active, Not Active, Not Active
2026-10-02T17:22:41+08:00,2026/10/02 17:22:41.732, 1800 MHz, 2130 MHz, 9501 MHz, 1800 MHz, 249.13 W, 420.00 W, 420.00 W, 63, 100 %, 8473 MiB, P2, 0x0000000000000000, Not Active, Not Active, Not Active, Not Active, Not Active
2026-10-02T17:22:42+08:00,2026/10/02 17:22:42.763, 1800 MHz, 2130 MHz, 9501 MHz, 1800 MHz, 248.92 W, 420.00 W, 420.00 W, 63, 100 %, 8473 MiB, P2, 0x0000000000000000, Not Active, Not Active, Not Active, Not Active, Not Active
2026-10-02T17:22:43+08:00,2026/10/02 17:22:43.793, 1800 MHz, 2130 MHz, 9501 MHz, 1800 MHz, 248.85 W, 420.00 W, 420.00 W, 63, 100 %, 8473 MiB, P2, 0x0000000000000000, Not Active, Not Active, Not Active, Not Active, Not Active
2026-10-02T17:22:44+08:00,2026/10/02 17:22:44.824, 1800 MHz, 2130 MHz, 9501 MHz, 1800 MHz, 249.00 W, 420.00 W, 420.00 W, 63, 100 %, 8473 MiB, P2, 0x0000000000000000, Not Active, Not Active, Not Active, Not Active, Not Active
2026-10-02T17:22:45+08:00,2026/10/02 17:22:45.854, 1800 MHz, 2130 MHz, 9501 MHz, 1800 MHz, 249.03 W, 420.00 W, 420.00 W, 63, 100 %, 8473 MiB, P2, 0x0000000000000000, Not Active, Not Active, Not Active, Not Active, Not Active
2026-10-02T17:22:46+08:00,2026/10/02 17:22:46.884, 1800 MHz, 2130 MHz, 9501 MHz, 1800 MHz, 248.83 W, 420.00 W, 420.00 W, 63, 100 %, 8473 MiB, P2, 0x0000000000000000, Not Active, Not Active, Not Active, Not Active, Not Active
2026-10-02T17:22:47+08:00,2026/10/02 17:22:47.914, 1800 MHz, 2130 MHz, 9501 MHz, 1800 MHz, 248.88 W, 420.00 W, 420.00 W, 64, 100 %, 8473 MiB, P2, 0x0000000000000000, Not Active, Not Active, Not Active, Not Active, Not Active
2026-10-02T17:22:48+08:00,2026/10/02 17:22:48.946, 1800 MHz, 2130 MHz, 9501 MHz, 1800 MHz, 249.07 W, 420.00 W, 420.00 W, 64, 100 %, 8473 MiB, P2, 0x0000000000000000, Not Active, Not Active, Not Active, Not Active, Not Active
2026-10-02T17:22:49+08:00,2026/10/02 17:22:49.980, 1800 MHz, 2130 MHz, 9501 MHz, 1800 MHz, 249.09 W, 420.00 W, 420.00 W, 64, 100 %, 8473 MiB, P2, 0x0000000000000000, Not Active, Not Active, Not Active, Not Active, Not Active
2026-10-02T17:22:50+08:00,2026/10/02 17:22:51.014, 1800 MHz, 2130 MHz, 9501 MHz, 1800 MHz, 249.15 W, 420.00 W, 420.00 W, 64, 100 %, 8473 MiB, P2, 0x0000000000000000, Not Active, Not Active, Not Active, Not Active, Not Active
2026-10-02T17:22:52+08:00,2026/10/02 17:22:52.045, 1800 MHz, 2130 MHz, 9501 MHz, 1800 MHz, 249.32 W, 420.00 W, 420.00 W, 64, 100 %, 8473 MiB, P2, 0x0000000000000000, Not Active, Not Active, Not Active, Not Active, Not Active
2026-10-02T17:22:53+08:00,2026/10/02 17:22:53.078, 1800 MHz, 2130 MHz, 9501 MHz, 1800 MHz, 249.29 W, 420.00 W, 420.00 W, 64, 100 %, 8473 MiB, P2, 0x0000000000000000, Not Active, Not Active, Not Active, Not Active, Not Active
2026-10-02T17:22:54+08:00,2026/10/02 17:22:54.112, 1800 MHz, 2130 MHz, 9501 MHz, 1800 MHz, 249.23 W, 420.00 W, 420.00 W, 64, 100 %, 8473 MiB, P2, 0x0000000000000000, Not Active, Not Active, Not Active, Not Active, Not Active
2026-10-02T17:22:55+08:00,2026/10/02 17:22:55.143, 1800 MHz, 2130 MHz, 9501 MHz, 1800 MHz, 249.09 W, 420.00 W, 420.00 W, 64, 100 %, 8473 MiB, P2, 0x0000000000000000, Not Active, Not Active, Not Active, Not Active, Not Active
2026-10-02T17:22:56+08:00,2026/10/02 17:22:56.175, 1800 MHz, 2130 MHz, 9501 MHz, 1800 MHz, 249.11 W, 420.00 W, 420.00 W, 64, 100 %, 8473 MiB, P2, 0x0000000000000000, Not Active, Not Active, Not Active, Not Active, Not Active
2026-10-02T17:22:57+08:00,2026/10/02 17:22:57.205, 1800 MHz, 2130 MHz, 9501 MHz, 1800 MHz, 249.16 W, 420.00 W, 420.00 W, 64, 100 %, 8473 MiB, P2, 0x0000000000000000, Not Active, Not Active, Not Active, Not Active, Not Active
2026-10-02T17:22:58+08:00,2026/10/02 17:22:58.235, 1800 MHz, 2130 MHz, 9501 MHz, 1800 MHz, 249.22 W, 420.00 W, 420.00 W, 64, 100 %, 8473 MiB, P2, 0x0000000000000000, Not Active, Not Active, Not Active, Not Active, Not Active
2026-10-02T17:22:59+08:00,2026/10/02 17:22:59.266, 1800 MHz, 2130 MHz, 9501 MHz, 1800 MHz, 249.35 W, 420.00 W, 420.00 W, 64, 100 %, 8473 MiB, P2, 0x0000000000000000, Not Active, Not Active, Not Active, Not Active, Not Active
2026-10-02T17:23:00+08:00,2026/10/02 17:23:00.303, 1800 MHz, 2130 MHz, 9501 MHz, 1800 MHz, 249.55 W, 420.00 W, 420.00 W, 64, 100 %, 8473 MiB, P2, 0x0000000000000000, Not Active, Not Active, Not Active, Not Active, Not Active
2026-10-02T17:23:01+08:00,2026/10/02 17:23:01.334, 1800 MHz, 2130 MHz, 9501 MHz, 1800 MHz, 249.54 W, 420.00 W, 420.00 W, 64, 100 %, 8473 MiB, P2, 0x0000000000000000, Not Active, Not Active, Not Active, Not Active, Not Active
2026-10-02T17:23:02+08:00,2026/10/02 17:23:02.365, 1800 MHz, 2130 MHz, 9501 MHz, 1800 MHz, 249.43 W, 420.00 W, 420.00 W, 64, 100 %, 8473 MiB, P2, 0x0000000000000000, Not Active, Not Active, Not Active, Not Active, Not Active
2026-10-02T17:23:03+08:00,2026/10/02 17:23:03.395, 1800 MHz, 2130 MHz, 9501 MHz, 1800 MHz, 249.30 W, 420.00 W, 420.00 W, 64, 100 %, 8473 MiB, P2, 0x0000000000000000, Not Active, Not Active, Not Active, Not Active, Not Active
2026-10-02T17:23:04+08:00,2026/10/02 17:23:04.426, 1800 MHz, 2130 MHz, 9501 MHz, 1800 MHz, 249.37 W, 420.00 W, 420.00 W, 64, 100 %, 8473 MiB, P2, 0x0000000000000000, Not Active, Not Active, Not Active, Not Active, Not Active
2026-10-02T17:23:05+08:00,2026/10/02 17:23:05.458, 1800 MHz, 2130 MHz, 9501 MHz, 1800 MHz, 249.57 W, 420.00 W, 420.00 W, 64, 100 %, 8473 MiB, P2, 0x0000000000000000, Not Active, Not Active, Not Active, Not Active, Not Active
2026-10-02T17:23:06+08:00,2026/10/02 17:23:06.493, 1800 MHz, 2130 MHz, 9501 MHz, 1800 MHz, 249.65 W, 420.00 W, 420.00 W, 65, 100 %, 8473 MiB, P2, 0x0000000000000000, Not Active, Not Active, Not Active, Not Active, Not Active
2026-10-02T17:23:07+08:00,2026/10/02 17:23:07.526, 1800 MHz, 2130 MHz, 9501 MHz, 1800 MHz, 249.54 W, 420.00 W, 420.00 W, 65, 100 %, 8473 MiB, P2, 0x0000000000000000, Not Active, Not Active, Not Active, Not Active, Not Active
2026-10-02T17:23:08+08:00,2026/10/02 17:23:08.559, 1800 MHz, 2130 MHz, 9501 MHz, 1800 MHz, 249.38 W, 420.00 W, 420.00 W, 65, 100 %, 8473 MiB, P2, 0x0000000000000000, Not Active, Not Active, Not Active, Not Active, Not Active
2026-10-02T17:23:09+08:00,2026/10/02 17:23:09.593, 1800 MHz, 2130 MHz, 9501 MHz, 1800 MHz, 249.30 W, 420.00 W, 420.00 W, 65, 100 %, 8473 MiB, P2, 0x0000000000000000, Not Active, Not Active, Not Active, Not Active, Not Active
2026-10-02T17:23:10+08:00,2026/10/02 17:23:10.624, 1800 MHz, 2130 MHz, 9501 MHz, 1800 MHz, 249.45 W, 420.00 W, 420.00 W, 65, 100 %, 8473 MiB, P2, 0x0000000000000000, Not Active, Not Active, Not Active, Not Active, Not Active
2026-10-02T17:23:11+08:00,2026/10/02 17:23:11.654, 1800 MHz, 2130 MHz, 9501 MHz, 1800 MHz, 249.50 W, 420.00 W, 420.00 W, 65, 100 %, 8473 MiB, P2, 0x0000000000000000, Not Active, Not Active, Not Active, Not Active, Not Active
2026-10-02T17:23:12+08:00,2026/10/02 17:23:12.684, 1800 MHz, 2130 MHz, 9501 MHz, 1800 MHz, 249.65 W, 420.00 W, 420.00 W, 65, 100 %, 8473 MiB, P2, 0x0000000000000000, Not Active, Not Active, Not Active, Not Active, Not Active
2026-10-02T17:23:13+08:00,2026/10/02 17:23:13.716, 1800 MHz, 2130 MHz, 9501 MHz, 1800 MHz, 249.49 W, 420.00 W, 420.00 W, 65, 100 %, 8473 MiB, P2, 0x0000000000000000, Not Active, Not Active, Not Active, Not Active, Not Active
2026-10-02T17:23:14+08:00,2026/10/02 17:23:14.747, 1800 MHz, 2130 MHz, 9501 MHz, 1800 MHz, 249.61 W, 420.00 W, 420.00 W, 65, 100 %, 8473 MiB, P2, 0x0000000000000000, Not Active, Not Active, Not Active, Not Active, Not Active
2026-10-02T17:23:15+08:00,2026/10/02 17:23:15.777, 1800 MHz, 2130 MHz, 9501 MHz, 1800 MHz, 249.69 W, 420.00 W, 420.00 W, 65, 100 %, 8473 MiB, P2, 0x0000000000000000, Not Active, Not Active, Not Active, Not Active, Not Active
2026-10-02T17:23:16+08:00,2026/10/02 17:23:16.808, 1800 MHz, 2130 MHz, 9501 MHz, 1800 MHz, 249.75 W, 420.00 W, 420.00 W, 65, 100 %, 8473 MiB, P2, 0x0000000000000000, Not Active, Not Active, Not Active, Not Active, Not Active
2026-10-02T17:23:17+08:00,2026/10/02 17:23:17.838, 1800 MHz, 2130 MHz, 9501 MHz, 1800 MHz, 249.83 W, 420.00 W, 420.00 W, 65, 100 %, 8473 MiB, P2, 0x0000000000000000, Not Active, Not Active, Not Active, Not Active, Not Active
2026-10-02T17:23:18+08:00,2026/10/02 17:23:18.869, 1800 MHz, 2130 MHz, 9501 MHz, 1800 MHz, 249.89 W, 420.00 W, 420.00 W, 65, 100 %, 8473 MiB, P2, 0x0000000000000000, Not Active, Not Active, Not Active, Not Active, Not Active
2026-10-02T17:23:19+08:00,2026/10/02 17:23:19.899, 1800 MHz, 2130 MHz, 9501 MHz, 1800 MHz, 249.84 W, 420.00 W, 420.00 W, 65, 100 %, 8473 MiB, P2, 0x0000000000000000, Not Active, Not Active, Not Active, Not Active, Not Active
2026-10-02T17:23:20+08:00,2026/10/02 17:23:20.929, 1800 MHz, 2130 MHz, 9501 MHz, 1800 MHz, 249.98 W, 420.00 W, 420.00 W, 65, 100 %, 8473 MiB, P2, 0x0000000000000000, Not Active, Not Active, Not Active, Not Active, Not Active
2026-10-02T17:23:21+08:00,2026/10/02 17:23:21.959, 1800 MHz, 2130 MHz, 9501 MHz, 1800 MHz, 249.97 W, 420.00 W, 420.00 W, 65, 100 %, 8473 MiB, P2, 0x0000000000000000, Not Active, Not Active, Not Active, Not Active, Not Active
2026-10-02T17:23:22+08:00,2026/10/02 17:23:22.989, 1800 MHz, 2130 MHz, 9501 MHz, 1800 MHz, 250.06 W, 420.00 W, 420.00 W, 65, 100 %, 8473 MiB, P2, 0x0000000000000000, Not Active, Not Active, Not Active, Not Active, Not Active
2026-10-02T17:23:24+08:00,2026/10/02 17:23:24.023, 1800 MHz, 2130 MHz, 9501 MHz, 1800 MHz, 250.07 W, 420.00 W, 420.00 W, 65, 100 %, 8473 MiB, P2, 0x0000000000000000, Not Active, Not Active, Not Active, Not Active, Not Active
2026-10-02T17:23:25+08:00,2026/10/02 17:23:25.052, 1800 MHz, 2130 MHz, 9501 MHz, 1800 MHz, 249.88 W, 420.00 W, 420.00 W, 65, 100 %, 8473 MiB, P2, 0x0000000000000000, Not Active, Not Active, Not Active, Not Active, Not Active
2026-10-02T17:23:26+08:00,2026/10/02 17:23:26.083, 1800 MHz, 2130 MHz, 9501 MHz, 1800 MHz, 249.95 W, 420.00 W, 420.00 W, 65, 100 %, 8473 MiB, P2, 0x0000000000000000, Not Active, Not Active, Not Active, Not Active, Not Active
2026-10-02T17:23:27+08:00,2026/10/02 17:23:27.115, 1800 MHz, 2130 MHz, 9501 MHz, 1800 MHz, 250.02 W, 420.00 W, 420.00 W, 65, 100 %, 8473 MiB, P2, 0x0000000000000000, Not Active, Not Active, Not Active, Not Active, Not Active
2026-10-02T17:23:28+08:00,2026/10/02 17:23:28.145, 1800 MHz, 2130 MHz, 9501 MHz, 1800 MHz, 250.18 W, 420.00 W, 420.00 W, 65, 100 %, 8473 MiB, P2, 0x0000000000000000, Not Active, Not Active, Not Active, Not Active, Not Active
2026-10-02T17:23:29+08:00,2026/10/02 17:23:29.177, 1800 MHz, 2130 MHz, 9501 MHz, 1800 MHz, 250.21 W, 420.00 W, 420.00 W, 65, 100 %, 8473 MiB, P2, 0x0000000000000000, Not Active, Not Active, Not Active, Not Active, Not Active
2026-10-02T17:23:30+08:00,2026/10/02 17:23:30.209, 1800 MHz, 2130 MHz, 9501 MHz, 1800 MHz, 250.27 W, 420.00 W, 420.00 W, 65, 100 %, 8473 MiB, P2, 0x0000000000000000, Not Active, Not Active, Not Active, Not Active, Not Active
2026-10-02T17:23:31+08:00,2026/10/02 17:23:31.239, 1800 MHz, 2130 MHz, 9501 MHz, 1800 MHz, 250.47 W, 420.00 W, 420.00 W, 65, 100 %, 8473 MiB, P2, 0x0000000000000000, Not Active, Not Active, Not Active, Not Active, Not Active
2026-10-02T17:23:32+08:00,2026/10/02 17:23:32.269, 1800 MHz, 2130 MHz, 9501 MHz, 1800 MHz, 250.65 W, 420.00 W, 420.00 W, 66, 100 %, 8473 MiB, P2, 0x0000000000000000, Not Active, Not Active, Not Active, Not Active, Not Active
2026-10-02T17:23:33+08:00,2026/10/02 17:23:33.301, 1800 MHz, 2130 MHz, 9501 MHz, 1800 MHz, 250.33 W, 420.00 W, 420.00 W, 65, 100 %, 8473 MiB, P2, 0x0000000000000000, Not Active, Not Active, Not Active, Not Active, Not Active
2026-10-02T17:23:34+08:00,2026/10/02 17:23:34.332, 1800 MHz, 2130 MHz, 9501 MHz, 1800 MHz, 250.47 W, 420.00 W, 420.00 W, 66, 100 %, 8473 MiB, P2, 0x0000000000000000, Not Active, Not Active, Not Active, Not Active, Not Active
2026-10-02T17:23:35+08:00,2026/10/02 17:23:35.363, 1800 MHz, 2130 MHz, 9501 MHz, 1800 MHz, 250.50 W, 420.00 W, 420.00 W, 66, 100 %, 8473 MiB, P2, 0x0000000000000000, Not Active, Not Active, Not Active, Not Active, Not Active
2026-10-02T17:23:36+08:00,2026/10/02 17:23:36.394, 1800 MHz, 2130 MHz, 9501 MHz, 1800 MHz, 250.32 W, 420.00 W, 420.00 W, 66, 100 %, 8473 MiB, P2, 0x0000000000000000, Not Active, Not Active, Not Active, Not Active, Not Active
2026-10-02T17:23:37+08:00,2026/10/02 17:23:37.425, 1800 MHz, 2130 MHz, 9501 MHz, 1800 MHz, 250.50 W, 420.00 W, 420.00 W, 66, 100 %, 8473 MiB, P2, 0x0000000000000000, Not Active, Not Active, Not Active, Not Active, Not Active
2026-10-02T17:23:38+08:00,2026/10/02 17:23:38.456, 1800 MHz, 2130 MHz, 9501 MHz, 1800 MHz, 250.44 W, 420.00 W, 420.00 W, 66, 100 %, 8473 MiB, P2, 0x0000000000000000, Not Active, Not Active, Not Active, Not Active, Not Active
2026-10-02T17:23:39+08:00,2026/10/02 17:23:39.488, 1800 MHz, 2130 MHz, 9501 MHz, 1800 MHz, 250.29 W, 420.00 W, 420.00 W, 66, 100 %, 8473 MiB, P2, 0x0000000000000000, Not Active, Not Active, Not Active, Not Active, Not Active
2026-10-02T17:23:40+08:00,2026/10/02 17:23:40.522, 1800 MHz, 2130 MHz, 9501 MHz, 1800 MHz, 250.24 W, 420.00 W, 420.00 W, 66, 100 %, 8473 MiB, P2, 0x0000000000000000, Not Active, Not Active, Not Active, Not Active, Not Active
2026-10-02T17:23:41+08:00,2026/10/02 17:23:41.556, 1800 MHz, 2130 MHz, 9501 MHz, 1800 MHz, 250.47 W, 420.00 W, 420.00 W, 66, 100 %, 8473 MiB, P2, 0x0000000000000000, Not Active, Not Active, Not Active, Not Active, Not Active
2026-10-02T17:23:42+08:00,2026/10/02 17:23:42.589, 1800 MHz, 2130 MHz, 9501 MHz, 1800 MHz, 250.49 W, 420.00 W, 420.00 W, 66, 100 %, 8473 MiB, P2, 0x0000000000000000, Not Active, Not Active, Not Active, Not Active, Not Active
2026-10-02T17:23:43+08:00,2026/10/02 17:23:43.620, 1800 MHz, 2130 MHz, 9501 MHz, 1800 MHz, 250.45 W, 420.00 W, 420.00 W, 66, 100 %, 8473 MiB, P2, 0x0000000000000000, Not Active, Not Active, Not Active, Not Active, Not Active
2026-10-02T17:23:44+08:00,2026/10/02 17:23:44.650, 1800 MHz, 2130 MHz, 9501 MHz, 1800 MHz, 250.31 W, 420.00 W, 420.00 W, 66, 100 %, 8473 MiB, P2, 0x0000000000000000, Not Active, Not Active, Not Active, Not Active, Not Active
2026-10-02T17:23:45+08:00,2026/10/02 17:23:45.685, 1800 MHz, 2130 MHz, 9501 MHz, 1800 MHz, 250.54 W, 420.00 W, 420.00 W, 66, 100 %, 8473 MiB, P2, 0x0000000000000000, Not Active, Not Active, Not Active, Not Active, Not Active
2026-10-02T17:23:46+08:00,2026/10/02 17:23:46.716, 1800 MHz, 2130 MHz, 9501 MHz, 1800 MHz, 250.49 W, 420.00 W, 420.00 W, 66, 100 %, 8473 MiB, P2, 0x0000000000000000, Not Active, Not Active, Not Active, Not Active, Not Active
2026-10-02T17:23:47+08:00,2026/10/02 17:23:47.747, 1800 MHz, 2130 MHz, 9501 MHz, 1800 MHz, 250.23 W, 420.00 W, 420.00 W, 66, 100 %, 8473 MiB, P2, 0x0000000000000000, Not Active, Not Active, Not Active, Not Active, Not Active
2026-10-02T17:23:48+08:00,2026/10/02 17:23:48.782, 1800 MHz, 2130 MHz, 9501 MHz, 1800 MHz, 250.41 W, 420.00 W, 420.00 W, 66, 100 %, 8473 MiB, P2, 0x0000000000000000, Not Active, Not Active, Not Active, Not Active, Not Active
2026-10-02T17:23:49+08:00,2026/10/02 17:23:49.817, 1800 MHz, 2130 MHz, 9501 MHz, 1800 MHz, 250.30 W, 420.00 W, 420.00 W, 66, 100 %, 8473 MiB, P2, 0x0000000000000000, Not Active, Not Active, Not Active, Not Active, Not Active
2026-10-02T17:23:50+08:00,2026/10/02 17:23:50.847, 1800 MHz, 2130 MHz, 9501 MHz, 1800 MHz, 250.31 W, 420.00 W, 420.00 W, 66, 100 %, 8473 MiB, P2, 0x0000000000000000, Not Active, Not Active, Not Active, Not Active, Not Active
2026-10-02T17:23:51+08:00,2026/10/02 17:23:51.882, 1800 MHz, 2130 MHz, 9501 MHz, 1800 MHz, 250.46 W, 420.00 W, 420.00 W, 66, 100 %, 8473 MiB, P2, 0x0000000000000000, Not Active, Not Active, Not Active, Not Active, Not Active
2026-10-02T17:23:52+08:00,2026/10/02 17:23:52.917, 1800 MHz, 2130 MHz, 9501 MHz, 1800 MHz, 250.45 W, 420.00 W, 420.00 W, 66, 100 %, 8473 MiB, P2, 0x0000000000000000, Not Active, Not Active, Not Active, Not Active, Not Active
2026-10-02T17:23:53+08:00,2026/10/02 17:23:53.948, 1800 MHz, 2130 MHz, 9501 MHz, 1800 MHz, 250.24 W, 420.00 W, 420.00 W, 66, 100 %, 8473 MiB, P2, 0x0000000000000000, Not Active, Not Active, Not Active, Not Active, Not Active
2026-10-02T17:23:54+08:00,2026/10/02 17:23:54.985, 1800 MHz, 2130 MHz, 9501 MHz, 1800 MHz, 250.33 W, 420.00 W, 420.00 W, 66, 100 %, 8473 MiB, P2, 0x0000000000000000, Not Active, Not Active, Not Active, Not Active, Not Active
2026-10-02T17:23:56+08:00,2026/10/02 17:23:56.016, 1800 MHz, 2130 MHz, 9501 MHz, 1800 MHz, 250.58 W, 420.00 W, 420.00 W, 66, 100 %, 8473 MiB, P2, 0x0000000000000000, Not Active, Not Active, Not Active, Not Active, Not Active
2026-10-02T17:23:57+08:00,2026/10/02 17:23:57.047, 1800 MHz, 2130 MHz, 9501 MHz, 1800 MHz, 250.74 W, 420.00 W, 420.00 W, 66, 100 %, 8473 MiB, P2, 0x0000000000000000, Not Active, Not Active, Not Active, Not Active, Not Active
2026-10-02T17:23:58+08:00,2026/10/02 17:23:58.077, 1800 MHz, 2130 MHz, 9501 MHz, 1800 MHz, 250.70 W, 420.00 W, 420.00 W, 66, 100 %, 8473 MiB, P2, 0x0000000000000000, Not Active, Not Active, Not Active, Not Active, Not Active
2026-10-02T17:23:59+08:00,2026/10/02 17:23:59.111, 1800 MHz, 2130 MHz, 9501 MHz, 1800 MHz, 250.80 W, 420.00 W, 420.00 W, 66, 100 %, 8473 MiB, P2, 0x0000000000000000, Not Active, Not Active, Not Active, Not Active, Not Active
2026-10-02T17:24:00+08:00,2026/10/02 17:24:00.142, 1800 MHz, 2130 MHz, 9501 MHz, 1800 MHz, 250.91 W, 420.00 W, 420.00 W, 66, 100 %, 8473 MiB, P2, 0x0000000000000000, Not Active, Not Active, Not Active, Not Active, Not Active
2026-10-02T17:24:01+08:00,2026/10/02 17:24:01.174, 1800 MHz, 2130 MHz, 9501 MHz, 1800 MHz, 250.86 W, 420.00 W, 420.00 W, 66, 100 %, 8473 MiB, P2, 0x0000000000000000, Not Active, Not Active, Not Active, Not Active, Not Active
2026-10-02T17:24:02+08:00,2026/10/02 17:24:02.205, 1800 MHz, 2130 MHz, 9501 MHz, 1800 MHz, 250.89 W, 420.00 W, 420.00 W, 66, 100 %, 8473 MiB, P2, 0x0000000000000000, Not Active, Not Active, Not Active, Not Active, Not Active
2026-10-02T17:24:03+08:00,2026/10/02 17:24:03.234, 1800 MHz, 2130 MHz, 9501 MHz, 1800 MHz, 250.95 W, 420.00 W, 420.00 W, 66, 100 %, 8473 MiB, P2, 0x0000000000000000, Not Active, Not Active, Not Active, Not Active, Not Active
2026-10-02T17:24:04+08:00,2026/10/02 17:24:04.264, 1800 MHz, 2130 MHz, 9501 MHz, 1800 MHz, 251.07 W, 420.00 W, 420.00 W, 66, 100 %, 8473 MiB, P2, 0x0000000000000000, Not Active, Not Active, Not Active, Not Active, Not Active
2026-10-02T17:24:05+08:00,2026/10/02 17:24:05.295, 1800 MHz, 2130 MHz, 9501 MHz, 1800 MHz, 251.04 W, 420.00 W, 420.00 W, 66, 100 %, 8473 MiB, P2, 0x0000000000000000, Not Active, Not Active, Not Active, Not Active, Not Active
2026-10-02T17:24:06+08:00,2026/10/02 17:24:06.325, 1800 MHz, 2130 MHz, 9501 MHz, 1800 MHz, 250.86 W, 420.00 W, 420.00 W, 66, 100 %, 8473 MiB, P2, 0x0000000000000000, Not Active, Not Active, Not Active, Not Active, Not Active
2026-10-02T17:24:07+08:00,2026/10/02 17:24:07.355, 1800 MHz, 2130 MHz, 9501 MHz, 1800 MHz, 251.24 W, 420.00 W, 420.00 W, 66, 100 %, 8473 MiB, P2, 0x0000000000000000, Not Active, Not Active, Not Active, Not Active, Not Active
2026-10-02T17:24:08+08:00,2026/10/02 17:24:08.385, 1800 MHz, 2130 MHz, 9501 MHz, 1800 MHz, 251.17 W, 420.00 W, 420.00 W, 67, 100 %, 8473 MiB, P2, 0x0000000000000000, Not Active, Not Active, Not Active, Not Active, Not Active
2026-10-02T17:24:09+08:00,2026/10/02 17:24:09.415, 1800 MHz, 2130 MHz, 9501 MHz, 1800 MHz, 251.22 W, 420.00 W, 420.00 W, 67, 100 %, 8473 MiB, P2, 0x0000000000000000, Not Active, Not Active, Not Active, Not Active, Not Active
2026-10-02T17:24:10+08:00,2026/10/02 17:24:10.446, 1800 MHz, 2130 MHz, 9501 MHz, 1800 MHz, 251.02 W, 420.00 W, 420.00 W, 67, 100 %, 8473 MiB, P2, 0x0000000000000000, Not Active, Not Active, Not Active, Not Active, Not Active
2026-10-02T17:24:11+08:00,2026/10/02 17:24:11.476, 1800 MHz, 2130 MHz, 9501 MHz, 1800 MHz, 250.85 W, 420.00 W, 420.00 W, 67, 100 %, 8473 MiB, P2, 0x0000000000000000, Not Active, Not Active, Not Active, Not Active, Not Active
2026-10-02T17:24:12+08:00,2026/10/02 17:24:12.507, 1800 MHz, 2130 MHz, 9501 MHz, 1800 MHz, 251.07 W, 420.00 W, 420.00 W, 67, 100 %, 8473 MiB, P2, 0x0000000000000000, Not Active, Not Active, Not Active, Not Active, Not Active
2026-10-02T17:24:13+08:00,2026/10/02 17:24:13.537, 1800 MHz, 2130 MHz, 9501 MHz, 1800 MHz, 251.13 W, 420.00 W, 420.00 W, 67, 100 %, 8473 MiB, P2, 0x0000000000000000, Not Active, Not Active, Not Active, Not Active, Not Active
2026-10-02T17:24:14+08:00,2026/10/02 17:24:14.568, 1800 MHz, 2130 MHz, 9501 MHz, 1800 MHz, 251.29 W, 420.00 W, 420.00 W, 67, 100 %, 8473 MiB, P2, 0x0000000000000000, Not Active, Not Active, Not Active, Not Active, Not Active
2026-10-02T17:24:15+08:00,2026/10/02 17:24:15.598, 1800 MHz, 2130 MHz, 9501 MHz, 1800 MHz, 251.32 W, 420.00 W, 420.00 W, 67, 100 %, 8473 MiB, P2, 0x0000000000000000, Not Active, Not Active, Not Active, Not Active, Not Active
2026-10-02T17:24:16+08:00,2026/10/02 17:24:16.629, 1800 MHz, 2130 MHz, 9501 MHz, 1800 MHz, 251.13 W, 420.00 W, 420.00 W, 67, 100 %, 8473 MiB, P2, 0x0000000000000000, Not Active, Not Active, Not Active, Not Active, Not Active
2026-10-02T17:24:17+08:00,2026/10/02 17:24:17.663, 1800 MHz, 2130 MHz, 9501 MHz, 1800 MHz, 251.26 W, 420.00 W, 420.00 W, 67, 100 %, 8473 MiB, P2, 0x0000000000000000, Not Active, Not Active, Not Active, Not Active, Not Active
2026-10-02T17:24:18+08:00,2026/10/02 17:24:18.693, 1800 MHz, 2130 MHz, 9501 MHz, 1800 MHz, 251.17 W, 420.00 W, 420.00 W, 67, 100 %, 8473 MiB, P2, 0x0000000000000000, Not Active, Not Active, Not Active, Not Active, Not Active
2026-10-02T17:24:19+08:00,2026/10/02 17:24:19.723, 1800 MHz, 2130 MHz, 9501 MHz, 1800 MHz, 251.41 W, 420.00 W, 420.00 W, 67, 100 %, 8473 MiB, P2, 0x0000000000000000, Not Active, Not Active, Not Active, Not Active, Not Active
2026-10-02T17:24:20+08:00,2026/10/02 17:24:20.754, 1800 MHz, 2130 MHz, 9501 MHz, 1800 MHz, 251.57 W, 420.00 W, 420.00 W, 67, 100 %, 8473 MiB, P2, 0x0000000000000000, Not Active, Not Active, Not Active, Not Active, Not Active
2026-10-02T17:24:21+08:00,2026/10/02 17:24:21.785, 1800 MHz, 2130 MHz, 9501 MHz, 1800 MHz, 251.74 W, 420.00 W, 420.00 W, 67, 100 %, 8473 MiB, P2, 0x0000000000000000, Not Active, Not Active, Not Active, Not Active, Not Active
2026-10-02T17:24:22+08:00,2026/10/02 17:24:22.815, 1800 MHz, 2130 MHz, 9501 MHz, 1800 MHz, 251.64 W, 420.00 W, 420.00 W, 67, 100 %, 8473 MiB, P2, 0x0000000000000000, Not Active, Not Active, Not Active, Not Active, Not Active
2026-10-02T17:24:23+08:00,2026/10/02 17:24:23.848, 1800 MHz, 2130 MHz, 9501 MHz, 1800 MHz, 251.51 W, 420.00 W, 420.00 W, 67, 100 %, 8473 MiB, P2, 0x0000000000000000, Not Active, Not Active, Not Active, Not Active, Not Active
2026-10-02T17:24:24+08:00,2026/10/02 17:24:24.879, 1800 MHz, 2130 MHz, 9501 MHz, 1800 MHz, 251.46 W, 420.00 W, 420.00 W, 67, 100 %, 8473 MiB, P2, 0x0000000000000000, Not Active, Not Active, Not Active, Not Active, Not Active
2026-10-02T17:24:25+08:00,2026/10/02 17:24:25.909, 1800 MHz, 2130 MHz, 9501 MHz, 1800 MHz, 251.57 W, 420.00 W, 420.00 W, 67, 100 %, 8473 MiB, P2, 0x0000000000000000, Not Active, Not Active, Not Active, Not Active, Not Active
2026-10-02T17:24:26+08:00,2026/10/02 17:24:26.940, 1800 MHz, 2130 MHz, 9501 MHz, 1800 MHz, 251.55 W, 420.00 W, 420.00 W, 67, 100 %, 8473 MiB, P2, 0x0000000000000000, Not Active, Not Active, Not Active, Not Active, Not Active
2026-10-02T17:24:27+08:00,2026/10/02 17:24:27.970, 1800 MHz, 2130 MHz, 9501 MHz, 1800 MHz, 251.51 W, 420.00 W, 420.00 W, 67, 100 %, 8473 MiB, P2, 0x0000000000000000, Not Active, Not Active, Not Active, Not Active, Not Active
2026-10-02T17:24:28+08:00,2026/10/02 17:24:29.001, 1800 MHz, 2130 MHz, 9501 MHz, 1800 MHz, 251.60 W, 420.00 W, 420.00 W, 67, 100 %, 8473 MiB, P2, 0x0000000000000000, Not Active, Not Active, Not Active, Not Active, Not Active
2026-10-02T17:24:30+08:00,2026/10/02 17:24:30.031, 1800 MHz, 2130 MHz, 9501 MHz, 1800 MHz, 251.46 W, 420.00 W, 420.00 W, 67, 100 %, 8473 MiB, P2, 0x0000000000000000, Not Active, Not Active, Not Active, Not Active, Not Active
2026-10-02T17:24:31+08:00,2026/10/02 17:24:31.061, 1800 MHz, 2130 MHz, 9501 MHz, 1800 MHz, 251.18 W, 420.00 W, 420.00 W, 67, 100 %, 8473 MiB, P2, 0x0000000000000000, Not Active, Not Active, Not Active, Not Active, Not Active
2026-10-02T17:24:32+08:00,2026/10/02 17:24:32.090, 1800 MHz, 2130 MHz, 9501 MHz, 1800 MHz, 251.32 W, 420.00 W, 420.00 W, 67, 100 %, 8473 MiB, P2, 0x0000000000000000, Not Active, Not Active, Not Active, Not Active, Not Active
2026-10-02T17:24:33+08:00,2026/10/02 17:24:33.124, 1800 MHz, 2130 MHz, 9501 MHz, 1800 MHz, 251.36 W, 420.00 W, 420.00 W, 67, 100 %, 8473 MiB, P2, 0x0000000000000000, Not Active, Not Active, Not Active, Not Active, Not Active
2026-10-02T17:24:34+08:00,2026/10/02 17:24:34.154, 1800 MHz, 2130 MHz, 9501 MHz, 1800 MHz, 251.40 W, 420.00 W, 420.00 W, 67, 100 %, 8473 MiB, P2, 0x0000000000000000, Not Active, Not Active, Not Active, Not Active, Not Active
2026-10-02T17:24:35+08:00,2026/10/02 17:24:35.184, 1800 MHz, 2130 MHz, 9501 MHz, 1800 MHz, 251.41 W, 420.00 W, 420.00 W, 67, 100 %, 8473 MiB, P2, 0x0000000000000000, Not Active, Not Active, Not Active, Not Active, Not Active
2026-10-02T17:24:36+08:00,2026/10/02 17:24:36.214, 1800 MHz, 2130 MHz, 9501 MHz, 1800 MHz, 251.41 W, 420.00 W, 420.00 W, 67, 100 %, 8473 MiB, P2, 0x0000000000000000, Not Active, Not Active, Not Active, Not Active, Not Active
2026-10-02T17:24:37+08:00,2026/10/02 17:24:37.248, 1800 MHz, 2130 MHz, 9501 MHz, 1800 MHz, 251.39 W, 420.00 W, 420.00 W, 67, 100 %, 8473 MiB, P2, 0x0000000000000000, Not Active, Not Active, Not Active, Not Active, Not Active
2026-10-02T17:24:38+08:00,2026/10/02 17:24:38.279, 1800 MHz, 2130 MHz, 9501 MHz, 1800 MHz, 251.44 W, 420.00 W, 420.00 W, 67, 100 %, 8473 MiB, P2, 0x0000000000000000, Not Active, Not Active, Not Active, Not Active, Not Active
2026-10-02T17:24:39+08:00,2026/10/02 17:24:39.313, 1800 MHz, 2130 MHz, 9501 MHz, 1800 MHz, 251.72 W, 420.00 W, 420.00 W, 67, 100 %, 8473 MiB, P2, 0x0000000000000000, Not Active, Not Active, Not Active, Not Active, Not Active
2026-10-02T17:24:40+08:00,2026/10/02 17:24:40.347, 1800 MHz, 2130 MHz, 9501 MHz, 1800 MHz, 251.74 W, 420.00 W, 420.00 W, 67, 100 %, 8473 MiB, P2, 0x0000000000000000, Not Active, Not Active, Not Active, Not Active, Not Active
2026-10-02T17:24:41+08:00,2026/10/02 17:24:41.380, 1800 MHz, 2130 MHz, 9501 MHz, 1800 MHz, 251.75 W, 420.00 W, 420.00 W, 67, 100 %, 8473 MiB, P2, 0x0000000000000000, Not Active, Not Active, Not Active, Not Active, Not Active
2026-10-02T17:24:42+08:00,2026/10/02 17:24:42.410, 1800 MHz, 2130 MHz, 9501 MHz, 1800 MHz, 251.67 W, 420.00 W, 420.00 W, 67, 100 %, 8473 MiB, P2, 0x0000000000000000, Not Active, Not Active, Not Active, Not Active, Not Active
2026-10-02T17:24:43+08:00,2026/10/02 17:24:43.441, 1800 MHz, 2130 MHz, 9501 MHz, 1800 MHz, 251.73 W, 420.00 W, 420.00 W, 67, 100 %, 8473 MiB, P2, 0x0000000000000000, Not Active, Not Active, Not Active, Not Active, Not Active
2026-10-02T17:24:44+08:00,2026/10/02 17:24:44.475, 1800 MHz, 2130 MHz, 9501 MHz, 1800 MHz, 252.00 W, 420.00 W, 420.00 W, 67, 100 %, 8473 MiB, P2, 0x0000000000000000, Not Active, Not Active, Not Active, Not Active, Not Active
2026-10-02T17:24:45+08:00,2026/10/02 17:24:45.506, 1800 MHz, 2130 MHz, 9501 MHz, 1800 MHz, 252.01 W, 420.00 W, 420.00 W, 67, 100 %, 8473 MiB, P2, 0x0000000000000000, Not Active, Not Active, Not Active, Not Active, Not Active
2026-10-02T17:24:46+08:00,2026/10/02 17:24:46.535, 1800 MHz, 2130 MHz, 9501 MHz, 1800 MHz, 252.17 W, 420.00 W, 420.00 W, 67, 100 %, 8473 MiB, P2, 0x0000000000000000, Not Active, Not Active, Not Active, Not Active, Not Active
2026-10-02T17:24:47+08:00,2026/10/02 17:24:47.569, 1800 MHz, 2130 MHz, 9501 MHz, 1800 MHz, 251.81 W, 420.00 W, 420.00 W, 67, 100 %, 8473 MiB, P2, 0x0000000000000000, Not Active, Not Active, Not Active, Not Active, Not Active
2026-10-02T17:24:48+08:00,2026/10/02 17:24:48.602, 1800 MHz, 2130 MHz, 9501 MHz, 1800 MHz, 252.01 W, 420.00 W, 420.00 W, 67, 100 %, 8473 MiB, P2, 0x0000000000000000, Not Active, Not Active, Not Active, Not Active, Not Active
2026-10-02T17:24:49+08:00,2026/10/02 17:24:49.632, 1800 MHz, 2130 MHz, 9501 MHz, 1800 MHz, 251.95 W, 420.00 W, 420.00 W, 67, 100 %, 8473 MiB, P2, 0x0000000000000000, Not Active, Not Active, Not Active, Not Active, Not Active
2026-10-02T17:24:50+08:00,2026/10/02 17:24:50.666, 1800 MHz, 2130 MHz, 9501 MHz, 1800 MHz, 252.13 W, 420.00 W, 420.00 W, 67, 100 %, 8473 MiB, P2, 0x0000000000000000, Not Active, Not Active, Not Active, Not Active, Not Active
2026-10-02T17:24:51+08:00,2026/10/02 17:24:51.697, 1800 MHz, 2130 MHz, 9501 MHz, 1800 MHz, 252.11 W, 420.00 W, 420.00 W, 67, 100 %, 8473 MiB, P2, 0x0000000000000000, Not Active, Not Active, Not Active, Not Active, Not Active
2026-10-02T17:24:52+08:00,2026/10/02 17:24:52.730, 1800 MHz, 2130 MHz, 9501 MHz, 1800 MHz, 252.14 W, 420.00 W, 420.00 W, 67, 100 %, 8473 MiB, P2, 0x0000000000000000, Not Active, Not Active, Not Active, Not Active, Not Active
2026-10-02T17:24:53+08:00,2026/10/02 17:24:53.760, 1800 MHz, 2130 MHz, 9501 MHz, 1800 MHz, 252.10 W, 420.00 W, 420.00 W, 67, 100 %, 8473 MiB, P2, 0x0000000000000000, Not Active, Not Active, Not Active, Not Active, Not Active
2026-10-02T17:24:54+08:00,2026/10/02 17:24:54.791, 1800 MHz, 2130 MHz, 9501 MHz, 1800 MHz, 251.98 W, 420.00 W, 420.00 W, 67, 100 %, 8473 MiB, P2, 0x0000000000000000, Not Active, Not Active, Not Active, Not Active, Not Active
2026-10-02T17:24:55+08:00,2026/10/02 17:24:55.822, 1800 MHz, 2130 MHz, 9501 MHz, 1800 MHz, 251.88 W, 420.00 W, 420.00 W, 67, 100 %, 8473 MiB, P2, 0x0000000000000000, Not Active, Not Active, Not Active, Not Active, Not Active
2026-10-02T17:24:56+08:00,2026/10/02 17:24:56.853, 1800 MHz, 2130 MHz, 9501 MHz, 1800 MHz, 251.82 W, 420.00 W, 420.00 W, 67, 100 %, 8473 MiB, P2, 0x0000000000000000, Not Active, Not Active, Not Active, Not Active, Not Active
2026-10-02T17:24:57+08:00,2026/10/02 17:24:57.885, 1800 MHz, 2130 MHz, 9501 MHz, 1800 MHz, 252.12 W, 420.00 W, 420.00 W, 67, 100 %, 8473 MiB, P2, 0x0000000000000000, Not Active, Not Active, Not Active, Not Active, Not Active
2026-10-02T17:24:58+08:00,2026/10/02 17:24:58.916, 1800 MHz, 2130 MHz, 9501 MHz, 1800 MHz, 252.22 W, 420.00 W, 420.00 W, 68, 100 %, 8473 MiB, P2, 0x0000000000000000, Not Active, Not Active, Not Active, Not Active, Not Active
2026-10-02T17:24:59+08:00,2026/10/02 17:24:59.946, 1800 MHz, 2130 MHz, 9501 MHz, 1800 MHz, 251.85 W, 420.00 W, 420.00 W, 68, 100 %, 8473 MiB, P2, 0x0000000000000000, Not Active, Not Active, Not Active, Not Active, Not Active
2026-10-02T17:25:00+08:00,2026/10/02 17:25:00.978, 1800 MHz, 2130 MHz, 9501 MHz, 1800 MHz, 251.78 W, 420.00 W, 420.00 W, 68, 100 %, 8473 MiB, P2, 0x0000000000000000, Not Active, Not Active, Not Active, Not Active, Not Active
2026-10-02T17:25:01+08:00,2026/10/02 17:25:02.008, 1800 MHz, 2130 MHz, 9501 MHz, 1800 MHz, 251.97 W, 420.00 W, 420.00 W, 68, 100 %, 8473 MiB, P2, 0x0000000000000000, Not Active, Not Active, Not Active, Not Active, Not Active
2026-10-02T17:25:03+08:00,2026/10/02 17:25:03.038, 1800 MHz, 2130 MHz, 9501 MHz, 1800 MHz, 251.82 W, 420.00 W, 420.00 W, 68, 100 %, 8473 MiB, P2, 0x0000000000000000, Not Active, Not Active, Not Active, Not Active, Not Active
2026-10-02T17:25:04+08:00,2026/10/02 17:25:04.068, 1800 MHz, 2130 MHz, 9501 MHz, 1800 MHz, 251.85 W, 420.00 W, 420.00 W, 68, 100 %, 8473 MiB, P2, 0x0000000000000000, Not Active, Not Active, Not Active, Not Active, Not Active
2026-10-02T17:25:05+08:00,2026/10/02 17:25:05.098, 1800 MHz, 2130 MHz, 9501 MHz, 1800 MHz, 252.04 W, 420.00 W, 420.00 W, 68, 100 %, 8473 MiB, P2, 0x0000000000000000, Not Active, Not Active, Not Active, Not Active, Not Active
2026-10-02T17:25:06+08:00,2026/10/02 17:25:06.128, 1800 MHz, 2130 MHz, 9501 MHz, 1800 MHz, 252.14 W, 420.00 W, 420.00 W, 68, 100 %, 8473 MiB, P2, 0x0000000000000000, Not Active, Not Active, Not Active, Not Active, Not Active
2026-10-02T17:25:07+08:00,2026/10/02 17:25:07.158, 1800 MHz, 2130 MHz, 9501 MHz, 1800 MHz, 252.30 W, 420.00 W, 420.00 W, 68, 100 %, 8473 MiB, P2, 0x0000000000000000, Not Active, Not Active, Not Active, Not Active, Not Active
2026-10-02T17:25:08+08:00,2026/10/02 17:25:08.189, 1800 MHz, 2130 MHz, 9501 MHz, 1800 MHz, 252.11 W, 420.00 W, 420.00 W, 68, 100 %, 8473 MiB, P2, 0x0000000000000000, Not Active, Not Active, Not Active, Not Active, Not Active
2026-10-02T17:25:09+08:00,2026/10/02 17:25:09.219, 1800 MHz, 2130 MHz, 9501 MHz, 1800 MHz, 252.49 W, 420.00 W, 420.00 W, 68, 100 %, 8473 MiB, P2, 0x0000000000000000, Not Active, Not Active, Not Active, Not Active, Not Active
2026-10-02T17:25:10+08:00,2026/10/02 17:25:10.249, 1800 MHz, 2130 MHz, 9501 MHz, 1800 MHz, 252.39 W, 420.00 W, 420.00 W, 68, 100 %, 8473 MiB, P2, 0x0000000000000000, Not Active, Not Active, Not Active, Not Active, Not Active
2026-10-02T17:25:11+08:00,2026/10/02 17:25:11.280, 1800 MHz, 2130 MHz, 9501 MHz, 1800 MHz, 252.31 W, 420.00 W, 420.00 W, 68, 100 %, 8473 MiB, P2, 0x0000000000000000, Not Active, Not Active, Not Active, Not Active, Not Active
2026-10-02T17:25:12+08:00,2026/10/02 17:25:12.311, 1800 MHz, 2130 MHz, 9501 MHz, 1800 MHz, 252.25 W, 420.00 W, 420.00 W, 68, 100 %, 8473 MiB, P2, 0x0000000000000000, Not Active, Not Active, Not Active, Not Active, Not Active
2026-10-02T17:25:13+08:00,2026/10/02 17:25:13.342, 1800 MHz, 2130 MHz, 9501 MHz, 1800 MHz, 252.18 W, 420.00 W, 420.00 W, 68, 100 %, 8473 MiB, P2, 0x0000000000000000, Not Active, Not Active, Not Active, Not Active, Not Active
2026-10-02T17:25:14+08:00,2026/10/02 17:25:14.372, 1800 MHz, 2130 MHz, 9501 MHz, 1800 MHz, 252.03 W, 420.00 W, 420.00 W, 68, 100 %, 8473 MiB, P2, 0x0000000000000000, Not Active, Not Active, Not Active, Not Active, Not Active
2026-10-02T17:25:15+08:00,2026/10/02 17:25:15.403, 1800 MHz, 2130 MHz, 9501 MHz, 1800 MHz, 252.11 W, 420.00 W, 420.00 W, 68, 100 %, 8473 MiB, P2, 0x0000000000000000, Not Active, Not Active, Not Active, Not Active, Not Active
2026-10-02T17:25:16+08:00,2026/10/02 17:25:16.434, 1800 MHz, 2130 MHz, 9501 MHz, 1800 MHz, 251.85 W, 420.00 W, 420.00 W, 68, 100 %, 8473 MiB, P2, 0x0000000000000000, Not Active, Not Active, Not Active, Not Active, Not Active
2026-10-02T17:25:17+08:00,2026/10/02 17:25:17.464, 1800 MHz, 2130 MHz, 9501 MHz, 1800 MHz, 252.04 W, 420.00 W, 420.00 W, 68, 100 %, 8473 MiB, P2, 0x0000000000000000, Not Active, Not Active, Not Active, Not Active, Not Active
2026-10-02T17:25:18+08:00,2026/10/02 17:25:18.494, 1800 MHz, 2130 MHz, 9501 MHz, 1800 MHz, 252.17 W, 420.00 W, 420.00 W, 68, 100 %, 8473 MiB, P2, 0x0000000000000000, Not Active, Not Active, Not Active, Not Active, Not Active
2026-10-02T17:25:19+08:00,2026/10/02 17:25:19.524, 1800 MHz, 2130 MHz, 9501 MHz, 1800 MHz, 252.56 W, 420.00 W, 420.00 W, 68, 100 %, 8473 MiB, P2, 0x0000000000000000, Not Active, Not Active, Not Active, Not Active, Not Active
2026-10-02T17:25:20+08:00,2026/10/02 17:25:20.555, 1800 MHz, 2130 MHz, 9501 MHz, 1800 MHz, 252.39 W, 420.00 W, 420.00 W, 68, 100 %, 8473 MiB, P2, 0x0000000000000000, Not Active, Not Active, Not Active, Not Active, Not Active
2026-10-02T17:25:21+08:00,2026/10/02 17:25:21.585, 1800 MHz, 2130 MHz, 9501 MHz, 1800 MHz, 252.33 W, 420.00 W, 420.00 W, 68, 100 %, 8473 MiB, P2, 0x0000000000000000, Not Active, Not Active, Not Active, Not Active, Not Active
2026-10-02T17:25:22+08:00,2026/10/02 17:25:22.615, 1800 MHz, 2130 MHz, 9501 MHz, 1800 MHz, 252.18 W, 420.00 W, 420.00 W, 68, 100 %, 8473 MiB, P2, 0x0000000000000000, Not Active, Not Active, Not Active, Not Active, Not Active
2026-10-02T17:25:23+08:00,2026/10/02 17:25:23.648, 1800 MHz, 2130 MHz, 9501 MHz, 1800 MHz, 252.27 W, 420.00 W, 420.00 W, 68, 100 %, 8473 MiB, P2, 0x0000000000000000, Not Active, Not Active, Not Active, Not Active, Not Active
2026-10-02T17:25:24+08:00,2026/10/02 17:25:24.678, 1800 MHz, 2130 MHz, 9501 MHz, 1800 MHz, 252.29 W, 420.00 W, 420.00 W, 68, 100 %, 8473 MiB, P2, 0x0000000000000000, Not Active, Not Active, Not Active, Not Active, Not Active
2026-10-02T17:25:25+08:00,2026/10/02 17:25:25.709, 1800 MHz, 2130 MHz, 9501 MHz, 1800 MHz, 252.49 W, 420.00 W, 420.00 W, 68, 100 %, 8473 MiB, P2, 0x0000000000000000, Not Active, Not Active, Not Active, Not Active, Not Active
2026-10-02T17:25:26+08:00,2026/10/02 17:25:26.739, 1800 MHz, 2130 MHz, 9501 MHz, 1800 MHz, 252.46 W, 420.00 W, 420.00 W, 68, 100 %, 8473 MiB, P2, 0x0000000000000000, Not Active, Not Active, Not Active, Not Active, Not Active
2026-10-02T17:25:27+08:00,2026/10/02 17:25:27.770, 1800 MHz, 2130 MHz, 9501 MHz, 1800 MHz, 252.26 W, 420.00 W, 420.00 W, 68, 100 %, 8473 MiB, P2, 0x0000000000000000, Not Active, Not Active, Not Active, Not Active, Not Active
2026-10-02T17:25:28+08:00,2026/10/02 17:25:28.802, 1800 MHz, 2130 MHz, 9501 MHz, 1800 MHz, 252.42 W, 420.00 W, 420.00 W, 68, 100 %, 8473 MiB, P2, 0x0000000000000000, Not Active, Not Active, Not Active, Not Active, Not Active
2026-10-02T17:25:29+08:00,2026/10/02 17:25:29.833, 1800 MHz, 2130 MHz, 9501 MHz, 1800 MHz, 252.55 W, 420.00 W, 420.00 W, 68, 100 %, 8473 MiB, P2, 0x0000000000000000, Not Active, Not Active, Not Active, Not Active, Not Active
2026-10-02T17:25:30+08:00,2026/10/02 17:25:30.864, 1800 MHz, 2130 MHz, 9501 MHz, 1800 MHz, 252.71 W, 420.00 W, 420.00 W, 68, 100 %, 8473 MiB, P2, 0x0000000000000000, Not Active, Not Active, Not Active, Not Active, Not Active
2026-10-02T17:25:31+08:00,2026/10/02 17:25:31.894, 1800 MHz, 2130 MHz, 9501 MHz, 1800 MHz, 253.14 W, 420.00 W, 420.00 W, 68, 100 %, 8473 MiB, P2, 0x0000000000000000, Not Active, Not Active, Not Active, Not Active, Not Active
2026-10-02T17:25:32+08:00,2026/10/02 17:25:32.927, 1800 MHz, 2130 MHz, 9501 MHz, 1800 MHz, 253.06 W, 420.00 W, 420.00 W, 68, 100 %, 8473 MiB, P2, 0x0000000000000000, Not Active, Not Active, Not Active, Not Active, Not Active
2026-10-02T17:25:33+08:00,2026/10/02 17:25:33.956, 1800 MHz, 2130 MHz, 9501 MHz, 1800 MHz, 252.94 W, 420.00 W, 420.00 W, 68, 100 %, 8473 MiB, P2, 0x0000000000000000, Not Active, Not Active, Not Active, Not Active, Not Active
2026-10-02T17:25:34+08:00,2026/10/02 17:25:34.987, 1800 MHz, 2130 MHz, 9501 MHz, 1800 MHz, 252.71 W, 420.00 W, 420.00 W, 68, 100 %, 8473 MiB, P2, 0x0000000000000000, Not Active, Not Active, Not Active, Not Active, Not Active
2026-10-02T17:25:36+08:00,2026/10/02 17:25:36.019, 1800 MHz, 2130 MHz, 9501 MHz, 1800 MHz, 252.52 W, 420.00 W, 420.00 W, 68, 100 %, 8473 MiB, P2, 0x0000000000000000, Not Active, Not Active, Not Active, Not Active, Not Active
2026-10-02T17:25:37+08:00,2026/10/02 17:25:37.050, 1800 MHz, 2130 MHz, 9501 MHz, 1800 MHz, 252.57 W, 420.00 W, 420.00 W, 68, 100 %, 8473 MiB, P2, 0x0000000000000000, Not Active, Not Active, Not Active, Not Active, Not Active
2026-10-02T17:25:38+08:00,2026/10/02 17:25:38.081, 1800 MHz, 2130 MHz, 9501 MHz, 1800 MHz, 252.74 W, 420.00 W, 420.00 W, 68, 100 %, 8473 MiB, P2, 0x0000000000000000, Not Active, Not Active, Not Active, Not Active, Not Active
2026-10-02T17:25:39+08:00,2026/10/02 17:25:39.113, 1800 MHz, 2130 MHz, 9501 MHz, 1800 MHz, 252.86 W, 420.00 W, 420.00 W, 68, 100 %, 8473 MiB, P2, 0x0000000000000000, Not Active, Not Active, Not Active, Not Active, Not Active
2026-10-02T17:25:40+08:00,2026/10/02 17:25:40.146, 1800 MHz, 2130 MHz, 9501 MHz, 1800 MHz, 253.14 W, 420.00 W, 420.00 W, 68, 100 %, 8473 MiB, P2, 0x0000000000000000, Not Active, Not Active, Not Active, Not Active, Not Active
2026-10-02T17:25:41+08:00,2026/10/02 17:25:41.181, 1800 MHz, 2130 MHz, 9501 MHz, 1800 MHz, 252.91 W, 420.00 W, 420.00 W, 68, 100 %, 8473 MiB, P2, 0x0000000000000000, Not Active, Not Active, Not Active, Not Active, Not Active
2026-10-02T17:25:42+08:00,2026/10/02 17:25:42.211, 1800 MHz, 2130 MHz, 9501 MHz, 1800 MHz, 252.74 W, 420.00 W, 420.00 W, 68, 100 %, 8473 MiB, P2, 0x0000000000000000, Not Active, Not Active, Not Active, Not Active, Not Active
2026-10-02T17:25:43+08:00,2026/10/02 17:25:43.243, 1800 MHz, 2130 MHz, 9501 MHz, 1800 MHz, 252.75 W, 420.00 W, 420.00 W, 68, 100 %, 8473 MiB, P2, 0x0000000000000000, Not Active, Not Active, Not Active, Not Active, Not Active
2026-10-02T17:25:44+08:00,2026/10/02 17:25:44.273, 1800 MHz, 2130 MHz, 9501 MHz, 1800 MHz, 252.80 W, 420.00 W, 420.00 W, 68, 100 %, 8473 MiB, P2, 0x0000000000000000, Not Active, Not Active, Not Active, Not Active, Not Active
2026-10-02T17:25:45+08:00,2026/10/02 17:25:45.303, 1800 MHz, 2130 MHz, 9501 MHz, 1800 MHz, 252.82 W, 420.00 W, 420.00 W, 68, 100 %, 8473 MiB, P2, 0x0000000000000000, Not Active, Not Active, Not Active, Not Active, Not Active
2026-10-02T17:25:46+08:00,2026/10/02 17:25:46.333, 1800 MHz, 2130 MHz, 9501 MHz, 1800 MHz, 252.85 W, 420.00 W, 420.00 W, 68, 100 %, 8473 MiB, P2, 0x0000000000000000, Not Active, Not Active, Not Active, Not Active, Not Active
2026-10-02T17:25:47+08:00,2026/10/02 17:25:47.364, 1800 MHz, 2130 MHz, 9501 MHz, 1800 MHz, 252.87 W, 420.00 W, 420.00 W, 68, 100 %, 8473 MiB, P2, 0x0000000000000000, Not Active, Not Active, Not Active, Not Active, Not Active
2026-10-02T17:25:48+08:00,2026/10/02 17:25:48.394, 1800 MHz, 2130 MHz, 9501 MHz, 1800 MHz, 252.90 W, 420.00 W, 420.00 W, 68, 100 %, 8473 MiB, P2, 0x0000000000000000, Not Active, Not Active, Not Active, Not Active, Not Active
2026-10-02T17:25:49+08:00,2026/10/02 17:25:49.425, 1800 MHz, 2130 MHz, 9501 MHz, 1800 MHz, 252.47 W, 420.00 W, 420.00 W, 68, 100 %, 8473 MiB, P2, 0x0000000000000000, Not Active, Not Active, Not Active, Not Active, Not Active
2026-10-02T17:25:50+08:00,2026/10/02 17:25:50.455, 1800 MHz, 2130 MHz, 9501 MHz, 1800 MHz, 252.77 W, 420.00 W, 420.00 W, 68, 100 %, 8473 MiB, P2, 0x0000000000000000, Not Active, Not Active, Not Active, Not Active, Not Active
2026-10-02T17:25:51+08:00,2026/10/02 17:25:51.485, 1800 MHz, 2130 MHz, 9501 MHz, 1800 MHz, 252.53 W, 420.00 W, 420.00 W, 68, 100 %, 8473 MiB, P2, 0x0000000000000000, Not Active, Not Active, Not Active, Not Active, Not Active
2026-10-02T17:25:52+08:00,2026/10/02 17:25:52.515, 1800 MHz, 2130 MHz, 9501 MHz, 1800 MHz, 252.81 W, 420.00 W, 420.00 W, 68, 100 %, 8473 MiB, P2, 0x0000000000000000, Not Active, Not Active, Not Active, Not Active, Not Active
2026-10-02T17:25:53+08:00,2026/10/02 17:25:53.547, 1800 MHz, 2130 MHz, 9501 MHz, 1800 MHz, 252.81 W, 420.00 W, 420.00 W, 68, 100 %, 8473 MiB, P2, 0x0000000000000000, Not Active, Not Active, Not Active, Not Active, Not Active
2026-10-02T17:25:54+08:00,2026/10/02 17:25:54.580, 1800 MHz, 2130 MHz, 9501 MHz, 1800 MHz, 252.84 W, 420.00 W, 420.00 W, 68, 100 %, 8473 MiB, P2, 0x0000000000000000, Not Active, Not Active, Not Active, Not Active, Not Active
2026-10-02T17:25:55+08:00,2026/10/02 17:25:55.610, 1800 MHz, 2130 MHz, 9501 MHz, 1800 MHz, 253.08 W, 420.00 W, 420.00 W, 68, 100 %, 8473 MiB, P2, 0x0000000000000000, Not Active, Not Active, Not Active, Not Active, Not Active
2026-10-02T17:25:56+08:00,2026/10/02 17:25:56.641, 1800 MHz, 2130 MHz, 9501 MHz, 1800 MHz, 253.08 W, 420.00 W, 420.00 W, 68, 100 %, 8473 MiB, P2, 0x0000000000000000, Not Active, Not Active, Not Active, Not Active, Not Active
2026-10-02T17:25:57+08:00,2026/10/02 17:25:57.672, 1800 MHz, 2130 MHz, 9501 MHz, 1800 MHz, 252.79 W, 420.00 W, 420.00 W, 68, 100 %, 8473 MiB, P2, 0x0000000000000000, Not Active, Not Active, Not Active, Not Active, Not Active
2026-10-02T17:25:58+08:00,2026/10/02 17:25:58.706, 1800 MHz, 2130 MHz, 9501 MHz, 1800 MHz, 252.92 W, 420.00 W, 420.00 W, 68, 100 %, 8473 MiB, P2, 0x0000000000000000, Not Active, Not Active, Not Active, Not Active, Not Active
2026-10-02T17:25:59+08:00,2026/10/02 17:25:59.737, 1800 MHz, 2130 MHz, 9501 MHz, 1800 MHz, 253.10 W, 420.00 W, 420.00 W, 68, 100 %, 8473 MiB, P2, 0x0000000000000000, Not Active, Not Active, Not Active, Not Active, Not Active
2026-10-02T17:26:00+08:00,2026/10/02 17:26:00.766, 1800 MHz, 2130 MHz, 9501 MHz, 1800 MHz, 253.07 W, 420.00 W, 420.00 W, 68, 100 %, 8473 MiB, P2, 0x0000000000000000, Not Active, Not Active, Not Active, Not Active, Not Active
2026-10-02T17:26:01+08:00,2026/10/02 17:26:01.797, 1800 MHz, 2130 MHz, 9501 MHz, 1800 MHz, 253.29 W, 420.00 W, 420.00 W, 68, 100 %, 8473 MiB, P2, 0x0000000000000000, Not Active, Not Active, Not Active, Not Active, Not Active
2026-10-02T17:26:02+08:00,2026/10/02 17:26:02.827, 1800 MHz, 2130 MHz, 9501 MHz, 1800 MHz, 253.12 W, 420.00 W, 420.00 W, 68, 100 %, 8473 MiB, P2, 0x0000000000000000, Not Active, Not Active, Not Active, Not Active, Not Active
2026-10-02T17:26:03+08:00,2026/10/02 17:26:03.857, 1800 MHz, 2130 MHz, 9501 MHz, 1800 MHz, 252.83 W, 420.00 W, 420.00 W, 68, 100 %, 8473 MiB, P2, 0x0000000000000000, Not Active, Not Active, Not Active, Not Active, Not Active
2026-10-02T17:26:04+08:00,2026/10/02 17:26:04.889, 1800 MHz, 2130 MHz, 9501 MHz, 1800 MHz, 252.70 W, 420.00 W, 420.00 W, 68, 100 %, 8473 MiB, P2, 0x0000000000000000, Not Active, Not Active, Not Active, Not Active, Not Active
2026-10-02T17:26:05+08:00,2026/10/02 17:26:05.919, 1800 MHz, 2130 MHz, 9501 MHz, 1800 MHz, 252.98 W, 420.00 W, 420.00 W, 68, 100 %, 8473 MiB, P2, 0x0000000000000000, Not Active, Not Active, Not Active, Not Active, Not Active
2026-10-02T17:26:06+08:00,2026/10/02 17:26:06.949, 1800 MHz, 2130 MHz, 9501 MHz, 1800 MHz, 252.84 W, 420.00 W, 420.00 W, 68, 100 %, 8473 MiB, P2, 0x0000000000000000, Not Active, Not Active, Not Active, Not Active, Not Active
2026-10-02T17:26:07+08:00,2026/10/02 17:26:07.979, 1800 MHz, 2130 MHz, 9501 MHz, 1800 MHz, 252.76 W, 420.00 W, 420.00 W, 68, 100 %, 8473 MiB, P2, 0x0000000000000000, Not Active, Not Active, Not Active, Not Active, Not Active
2026-10-02T17:26:08+08:00,2026/10/02 17:26:09.009, 1800 MHz, 2130 MHz, 9501 MHz, 1800 MHz, 252.88 W, 420.00 W, 420.00 W, 68, 100 %, 8473 MiB, P2, 0x0000000000000000, Not Active, Not Active, Not Active, Not Active, Not Active
2026-10-02T17:26:10+08:00,2026/10/02 17:26:10.039, 1800 MHz, 2130 MHz, 9501 MHz, 1800 MHz, 252.91 W, 420.00 W, 420.00 W, 68, 100 %, 8473 MiB, P2, 0x0000000000000000, Not Active, Not Active, Not Active, Not Active, Not Active
2026-10-02T17:26:11+08:00,2026/10/02 17:26:11.070, 1800 MHz, 2130 MHz, 9501 MHz, 1800 MHz, 253.01 W, 420.00 W, 420.00 W, 68, 100 %, 8473 MiB, P2, 0x0000000000000000, Not Active, Not Active, Not Active, Not Active, Not Active
2026-10-02T17:26:12+08:00,2026/10/02 17:26:12.102, 1800 MHz, 2130 MHz, 9501 MHz, 1800 MHz, 253.14 W, 420.00 W, 420.00 W, 68, 100 %, 8473 MiB, P2, 0x0000000000000000, Not Active, Not Active, Not Active, Not Active, Not Active
2026-10-02T17:26:13+08:00,2026/10/02 17:26:13.133, 1800 MHz, 2130 MHz, 9501 MHz, 1800 MHz, 253.01 W, 420.00 W, 420.00 W, 68, 100 %, 8473 MiB, P2, 0x0000000000000000, Not Active, Not Active, Not Active, Not Active, Not Active
2026-10-02T17:26:14+08:00,2026/10/02 17:26:14.164, 1800 MHz, 2130 MHz, 9501 MHz, 1800 MHz, 252.87 W, 420.00 W, 420.00 W, 68, 100 %, 8473 MiB, P2, 0x0000000000000000, Not Active, Not Active, Not Active, Not Active, Not Active
2026-10-02T17:26:15+08:00,2026/10/02 17:26:15.194, 1800 MHz, 2130 MHz, 9501 MHz, 1800 MHz, 253.04 W, 420.00 W, 420.00 W, 68, 100 %, 8473 MiB, P2, 0x0000000000000000, Not Active, Not Active, Not Active, Not Active, Not Active
2026-10-02T17:26:16+08:00,2026/10/02 17:26:16.224, 1800 MHz, 2130 MHz, 9501 MHz, 1800 MHz, 253.05 W, 420.00 W, 420.00 W, 68, 100 %, 8473 MiB, P2, 0x0000000000000000, Not Active, Not Active, Not Active, Not Active, Not Active
2026-10-02T17:26:17+08:00,2026/10/02 17:26:17.256, 1800 MHz, 2130 MHz, 9501 MHz, 1800 MHz, 253.16 W, 420.00 W, 420.00 W, 68, 100 %, 8473 MiB, P2, 0x0000000000000000, Not Active, Not Active, Not Active, Not Active, Not Active
2026-10-02T17:26:18+08:00,2026/10/02 17:26:18.288, 1800 MHz, 2130 MHz, 9501 MHz, 1800 MHz, 252.75 W, 420.00 W, 420.00 W, 68, 100 %, 8473 MiB, P2, 0x0000000000000000, Not Active, Not Active, Not Active, Not Active, Not Active
2026-10-02T17:26:19+08:00,2026/10/02 17:26:19.318, 1800 MHz, 2130 MHz, 9501 MHz, 1800 MHz, 252.88 W, 420.00 W, 420.00 W, 68, 100 %, 8473 MiB, P2, 0x0000000000000000, Not Active, Not Active, Not Active, Not Active, Not Active
2026-10-02T17:26:20+08:00,2026/10/02 17:26:20.349, 1800 MHz, 2130 MHz, 9501 MHz, 1800 MHz, 252.73 W, 420.00 W, 420.00 W, 68, 100 %, 8473 MiB, P2, 0x0000000000000000, Not Active, Not Active, Not Active, Not Active, Not Active
2026-10-02T17:26:21+08:00,2026/10/02 17:26:21.379, 1800 MHz, 2130 MHz, 9501 MHz, 1800 MHz, 252.77 W, 420.00 W, 420.00 W, 68, 100 %, 8473 MiB, P2, 0x0000000000000000, Not Active, Not Active, Not Active, Not Active, Not Active
2026-10-02T17:26:22+08:00,2026/10/02 17:26:22.411, 1800 MHz, 2130 MHz, 9501 MHz, 1800 MHz, 252.88 W, 420.00 W, 420.00 W, 68, 100 %, 8473 MiB, P2, 0x0000000000000000, Not Active, Not Active, Not Active, Not Active, Not Active
2026-10-02T17:26:23+08:00,2026/10/02 17:26:23.441, 1800 MHz, 2130 MHz, 9501 MHz, 1800 MHz, 252.71 W, 420.00 W, 420.00 W, 68, 100 %, 8473 MiB, P2, 0x0000000000000000, Not Active, Not Active, Not Active, Not Active, Not Active
2026-10-02T17:26:24+08:00,2026/10/02 17:26:24.471, 1800 MHz, 2130 MHz, 9501 MHz, 1800 MHz, 252.62 W, 420.00 W, 420.00 W, 68, 100 %, 8473 MiB, P2, 0x0000000000000000, Not Active, Not Active, Not Active, Not Active, Not Active
2026-10-02T17:26:25+08:00,2026/10/02 17:26:25.501, 1800 MHz, 2130 MHz, 9501 MHz, 1800 MHz, 252.86 W, 420.00 W, 420.00 W, 68, 100 %, 8473 MiB, P2, 0x0000000000000000, Not Active, Not Active, Not Active, Not Active, Not Active
2026-10-02T17:26:26+08:00,2026/10/02 17:26:26.531, 1800 MHz, 2130 MHz, 9501 MHz, 1800 MHz, 252.81 W, 420.00 W, 420.00 W, 68, 100 %, 8473 MiB, P2, 0x0000000000000000, Not Active, Not Active, Not Active, Not Active, Not Active
2026-10-02T17:26:27+08:00,2026/10/02 17:26:27.561, 1800 MHz, 2130 MHz, 9501 MHz, 1800 MHz, 252.93 W, 420.00 W, 420.00 W, 68, 100 %, 8473 MiB, P2, 0x0000000000000000, Not Active, Not Active, Not Active, Not Active, Not Active
2026-10-02T17:26:28+08:00,2026/10/02 17:26:28.593, 1800 MHz, 2130 MHz, 9501 MHz, 1800 MHz, 252.85 W, 420.00 W, 420.00 W, 68, 100 %, 8473 MiB, P2, 0x0000000000000000, Not Active, Not Active, Not Active, Not Active, Not Active
2026-10-02T17:26:29+08:00,2026/10/02 17:26:29.623, 1800 MHz, 2130 MHz, 9501 MHz, 1800 MHz, 252.87 W, 420.00 W, 420.00 W, 68, 100 %, 8473 MiB, P2, 0x0000000000000000, Not Active, Not Active, Not Active, Not Active, Not Active
2026-10-02T17:26:30+08:00,2026/10/02 17:26:30.653, 1800 MHz, 2130 MHz, 9501 MHz, 1800 MHz, 252.77 W, 420.00 W, 420.00 W, 68, 100 %, 8473 MiB, P2, 0x0000000000000000, Not Active, Not Active, Not Active, Not Active, Not Active
2026-10-02T17:26:31+08:00,2026/10/02 17:26:31.683, 1800 MHz, 2130 MHz, 9501 MHz, 1800 MHz, 252.63 W, 420.00 W, 420.00 W, 68, 100 %, 8473 MiB, P2, 0x0000000000000000, Not Active, Not Active, Not Active, Not Active, Not Active
2026-10-02T17:26:32+08:00,2026/10/02 17:26:32.713, 1800 MHz, 2130 MHz, 9501 MHz, 1800 MHz, 252.96 W, 420.00 W, 420.00 W, 68, 100 %, 8473 MiB, P2, 0x0000000000000000, Not Active, Not Active, Not Active, Not Active, Not Active
2026-10-02T17:26:33+08:00,2026/10/02 17:26:33.743, 1800 MHz, 2130 MHz, 9501 MHz, 1800 MHz, 253.49 W, 420.00 W, 420.00 W, 68, 100 %, 8473 MiB, P2, 0x0000000000000000, Not Active, Not Active, Not Active, Not Active, Not Active
2026-10-02T17:26:34+08:00,2026/10/02 17:26:34.774, 1800 MHz, 2130 MHz, 9501 MHz, 1800 MHz, 253.31 W, 420.00 W, 420.00 W, 68, 100 %, 8473 MiB, P2, 0x0000000000000000, Not Active, Not Active, Not Active, Not Active, Not Active
2026-10-02T17:26:35+08:00,2026/10/02 17:26:35.807, 1800 MHz, 2130 MHz, 9501 MHz, 1800 MHz, 253.06 W, 420.00 W, 420.00 W, 68, 100 %, 8473 MiB, P2, 0x0000000000000000, Not Active, Not Active, Not Active, Not Active, Not Active
2026-10-02T17:26:36+08:00,2026/10/02 17:26:36.837, 1800 MHz, 2130 MHz, 9501 MHz, 1800 MHz, 253.24 W, 420.00 W, 420.00 W, 68, 100 %, 8473 MiB, P2, 0x0000000000000000, Not Active, Not Active, Not Active, Not Active, Not Active
2026-10-02T17:26:37+08:00,2026/10/02 17:26:37.868, 1800 MHz, 2130 MHz, 9501 MHz, 1800 MHz, 253.06 W, 420.00 W, 420.00 W, 68, 100 %, 8473 MiB, P2, 0x0000000000000000, Not Active, Not Active, Not Active, Not Active, Not Active
2026-10-02T17:26:38+08:00,2026/10/02 17:26:38.900, 1800 MHz, 2130 MHz, 9501 MHz, 1800 MHz, 253.18 W, 420.00 W, 420.00 W, 68, 100 %, 8473 MiB, P2, 0x0000000000000000, Not Active, Not Active, Not Active, Not Active, Not Active
2026-10-02T17:26:39+08:00,2026/10/02 17:26:39.930, 1800 MHz, 2130 MHz, 9501 MHz, 1800 MHz, 252.93 W, 420.00 W, 420.00 W, 68, 100 %, 8473 MiB, P2, 0x0000000000000000, Not Active, Not Active, Not Active, Not Active, Not Active
2026-10-02T17:26:40+08:00,2026/10/02 17:26:40.959, 1800 MHz, 2130 MHz, 9501 MHz, 1800 MHz, 253.16 W, 420.00 W, 420.00 W, 68, 100 %, 8473 MiB, P2, 0x0000000000000000, Not Active, Not Active, Not Active, Not Active, Not Active
2026-10-02T17:26:41+08:00,2026/10/02 17:26:41.989, 1800 MHz, 2130 MHz, 9501 MHz, 1800 MHz, 253.23 W, 420.00 W, 420.00 W, 68, 100 %, 8473 MiB, P2, 0x0000000000000000, Not Active, Not Active, Not Active, Not Active, Not Active
2026-10-02T17:26:43+08:00,2026/10/02 17:26:43.019, 1800 MHz, 2130 MHz, 9501 MHz, 1800 MHz, 253.19 W, 420.00 W, 420.00 W, 68, 100 %, 8473 MiB, P2, 0x0000000000000000, Not Active, Not Active, Not Active, Not Active, Not Active
2026-10-02T17:26:44+08:00,2026/10/02 17:26:44.050, 1800 MHz, 2130 MHz, 9501 MHz, 1800 MHz, 253.26 W, 420.00 W, 420.00 W, 68, 100 %, 8473 MiB, P2, 0x0000000000000000, Not Active, Not Active, Not Active, Not Active, Not Active
2026-10-02T17:26:45+08:00,2026/10/02 17:26:45.081, 1800 MHz, 2130 MHz, 9501 MHz, 1800 MHz, 253.30 W, 420.00 W, 420.00 W, 68, 100 %, 8473 MiB, P2, 0x0000000000000000, Not Active, Not Active, Not Active, Not Active, Not Active
2026-10-02T17:26:46+08:00,2026/10/02 17:26:46.111, 1800 MHz, 2130 MHz, 9501 MHz, 1800 MHz, 253.26 W, 420.00 W, 420.00 W, 68, 100 %, 8473 MiB, P2, 0x0000000000000000, Not Active, Not Active, Not Active, Not Active, Not Active
2026-10-02T17:26:47+08:00,2026/10/02 17:26:47.142, 1800 MHz, 2130 MHz, 9501 MHz, 1800 MHz, 253.44 W, 420.00 W, 420.00 W, 69, 100 %, 8473 MiB, P2, 0x0000000000000000, Not Active, Not Active, Not Active, Not Active, Not Active
2026-10-02T17:26:48+08:00,2026/10/02 17:26:48.172, 1800 MHz, 2130 MHz, 9501 MHz, 1800 MHz, 253.48 W, 420.00 W, 420.00 W, 69, 100 %, 8473 MiB, P2, 0x0000000000000000, Not Active, Not Active, Not Active, Not Active, Not Active
2026-10-02T17:26:49+08:00,2026/10/02 17:26:49.202, 1800 MHz, 2130 MHz, 9501 MHz, 1800 MHz, 253.58 W, 420.00 W, 420.00 W, 68, 100 %, 8473 MiB, P2, 0x0000000000000000, Not Active, Not Active, Not Active, Not Active, Not Active
2026-10-02T17:26:50+08:00,2026/10/02 17:26:50.232, 1800 MHz, 2130 MHz, 9501 MHz, 1800 MHz, 253.54 W, 420.00 W, 420.00 W, 69, 100 %, 8473 MiB, P2, 0x0000000000000000, Not Active, Not Active, Not Active, Not Active, Not Active
2026-10-02T17:26:51+08:00,2026/10/02 17:26:51.262, 1800 MHz, 2130 MHz, 9501 MHz, 1800 MHz, 253.58 W, 420.00 W, 420.00 W, 69, 100 %, 8473 MiB, P2, 0x0000000000000000, Not Active, Not Active, Not Active, Not Active, Not Active
2026-10-02T17:26:52+08:00,2026/10/02 17:26:52.292, 1800 MHz, 2130 MHz, 9501 MHz, 1800 MHz, 253.67 W, 420.00 W, 420.00 W, 68, 100 %, 8473 MiB, P2, 0x0000000000000000, Not Active, Not Active, Not Active, Not Active, Not Active
2026-10-02T17:26:53+08:00,2026/10/02 17:26:53.322, 1800 MHz, 2130 MHz, 9501 MHz, 1800 MHz, 253.63 W, 420.00 W, 420.00 W, 68, 100 %, 8473 MiB, P2, 0x0000000000000000, Not Active, Not Active, Not Active, Not Active, Not Active
2026-10-02T17:26:54+08:00,2026/10/02 17:26:54.353, 1800 MHz, 2130 MHz, 9501 MHz, 1800 MHz, 253.42 W, 420.00 W, 420.00 W, 69, 100 %, 8473 MiB, P2, 0x0000000000000000, Not Active, Not Active, Not Active, Not Active, Not Active
2026-10-02T17:26:55+08:00,2026/10/02 17:26:55.387, 1800 MHz, 2130 MHz, 9501 MHz, 1800 MHz, 253.80 W, 420.00 W, 420.00 W, 69, 100 %, 8473 MiB, P2, 0x0000000000000000, Not Active, Not Active, Not Active, Not Active, Not Active
2026-10-02T17:26:56+08:00,2026/10/02 17:26:56.418, 1800 MHz, 2130 MHz, 9501 MHz, 1800 MHz, 254.20 W, 420.00 W, 420.00 W, 68, 100 %, 8473 MiB, P2, 0x0000000000000000, Not Active, Not Active, Not Active, Not Active, Not Active
2026-10-02T17:26:57+08:00,2026/10/02 17:26:57.450, 1800 MHz, 2130 MHz, 9501 MHz, 1800 MHz, 253.66 W, 420.00 W, 420.00 W, 69, 100 %, 8473 MiB, P2, 0x0000000000000000, Not Active, Not Active, Not Active, Not Active, Not Active
2026-10-02T17:26:58+08:00,2026/10/02 17:26:58.480, 1800 MHz, 2130 MHz, 9501 MHz, 1800 MHz, 253.60 W, 420.00 W, 420.00 W, 69, 100 %, 8473 MiB, P2, 0x0000000000000000, Not Active, Not Active, Not Active, Not Active, Not Active
2026-10-02T17:26:59+08:00,2026/10/02 17:26:59.511, 1800 MHz, 2130 MHz, 9501 MHz, 1800 MHz, 253.89 W, 420.00 W, 420.00 W, 69, 100 %, 8473 MiB, P2, 0x0000000000000000, Not Active, Not Active, Not Active, Not Active, Not Active
2026-10-02T17:27:00+08:00,2026/10/02 17:27:00.545, 1800 MHz, 2130 MHz, 9501 MHz, 1800 MHz, 253.93 W, 420.00 W, 420.00 W, 68, 100 %, 8473 MiB, P2, 0x0000000000000000, Not Active, Not Active, Not Active, Not Active, Not Active
2026-10-02T17:27:01+08:00,2026/10/02 17:27:01.576, 1800 MHz, 2130 MHz, 9501 MHz, 1800 MHz, 253.99 W, 420.00 W, 420.00 W, 69, 100 %, 8473 MiB, P2, 0x0000000000000000, Not Active, Not Active, Not Active, Not Active, Not Active
2026-10-02T17:27:02+08:00,2026/10/02 17:27:02.610, 1800 MHz, 2130 MHz, 9501 MHz, 1800 MHz, 253.95 W, 420.00 W, 420.00 W, 69, 100 %, 8473 MiB, P2, 0x0000000000000000, Not Active, Not Active, Not Active, Not Active, Not Active
2026-10-02T17:27:03+08:00,2026/10/02 17:27:03.640, 1800 MHz, 2130 MHz, 9501 MHz, 1800 MHz, 253.85 W, 420.00 W, 420.00 W, 69, 100 %, 8473 MiB, P2, 0x0000000000000000, Not Active, Not Active, Not Active, Not Active, Not Active
2026-10-02T17:27:04+08:00,2026/10/02 17:27:04.670, 1800 MHz, 2130 MHz, 9501 MHz, 1800 MHz, 253.95 W, 420.00 W, 420.00 W, 69, 100 %, 8473 MiB, P2, 0x0000000000000000, Not Active, Not Active, Not Active, Not Active, Not Active
2026-10-02T17:27:05+08:00,2026/10/02 17:27:05.702, 1800 MHz, 2130 MHz, 9501 MHz, 1800 MHz, 254.00 W, 420.00 W, 420.00 W, 69, 100 %, 8473 MiB, P2, 0x0000000000000000, Not Active, Not Active, Not Active, Not Active, Not Active
2026-10-02T17:27:06+08:00,2026/10/02 17:27:06.732, 1800 MHz, 2130 MHz, 9501 MHz, 1800 MHz, 253.95 W, 420.00 W, 420.00 W, 69, 100 %, 8473 MiB, P2, 0x0000000000000000, Not Active, Not Active, Not Active, Not Active, Not Active
2026-10-02T17:27:07+08:00,2026/10/02 17:27:07.763, 1800 MHz, 2130 MHz, 9501 MHz, 1800 MHz, 253.89 W, 420.00 W, 420.00 W, 69, 100 %, 8473 MiB, P2, 0x0000000000000000, Not Active, Not Active, Not Active, Not Active, Not Active
2026-10-02T17:27:08+08:00,2026/10/02 17:27:08.797, 1800 MHz, 2130 MHz, 9501 MHz, 1800 MHz, 253.63 W, 420.00 W, 420.00 W, 69, 100 %, 8473 MiB, P2, 0x0000000000000000, Not Active, Not Active, Not Active, Not Active, Not Active
2026-10-02T17:27:09+08:00,2026/10/02 17:27:09.827, 1800 MHz, 2130 MHz, 9501 MHz, 1800 MHz, 253.93 W, 420.00 W, 420.00 W, 69, 100 %, 8473 MiB, P2, 0x0000000000000000, Not Active, Not Active, Not Active, Not Active, Not Active
2026-10-02T17:27:10+08:00,2026/10/02 17:27:10.858, 1800 MHz, 2130 MHz, 9501 MHz, 1800 MHz, 253.83 W, 420.00 W, 420.00 W, 69, 100 %, 8473 MiB, P2, 0x0000000000000000, Not Active, Not Active, Not Active, Not Active, Not Active
2026-10-02T17:27:11+08:00,2026/10/02 17:27:11.890, 1800 MHz, 2130 MHz, 9501 MHz, 1800 MHz, 253.57 W, 420.00 W, 420.00 W, 69, 100 %, 8473 MiB, P2, 0x0000000000000000, Not Active, Not Active, Not Active, Not Active, Not Active
2026-10-02T17:27:12+08:00,2026/10/02 17:27:12.920, 1800 MHz, 2130 MHz, 9501 MHz, 1800 MHz, 253.76 W, 420.00 W, 420.00 W, 69, 100 %, 8473 MiB, P2, 0x0000000000000000, Not Active, Not Active, Not Active, Not Active, Not Active
2026-10-02T17:27:13+08:00,2026/10/02 17:27:13.953, 1800 MHz, 2130 MHz, 9501 MHz, 1800 MHz, 253.95 W, 420.00 W, 420.00 W, 69, 100 %, 8473 MiB, P2, 0x0000000000000000, Not Active, Not Active, Not Active, Not Active, Not Active
2026-10-02T17:27:14+08:00,2026/10/02 17:27:14.983, 1800 MHz, 2130 MHz, 9501 MHz, 1800 MHz, 253.83 W, 420.00 W, 420.00 W, 69, 100 %, 8473 MiB, P2, 0x0000000000000000, Not Active, Not Active, Not Active, Not Active, Not Active
2026-10-02T17:27:16+08:00,2026/10/02 17:27:16.013, 1800 MHz, 2130 MHz, 9501 MHz, 1800 MHz, 253.69 W, 420.00 W, 420.00 W, 69, 100 %, 8473 MiB, P2, 0x0000000000000000, Not Active, Not Active, Not Active, Not Active, Not Active
2026-10-02T17:27:17+08:00,2026/10/02 17:27:17.043, 1800 MHz, 2130 MHz, 9501 MHz, 1800 MHz, 253.49 W, 420.00 W, 420.00 W, 69, 100 %, 8473 MiB, P2, 0x0000000000000000, Not Active, Not Active, Not Active, Not Active, Not Active
2026-10-02T17:27:18+08:00,2026/10/02 17:27:18.075, 1800 MHz, 2130 MHz, 9501 MHz, 1800 MHz, 253.27 W, 420.00 W, 420.00 W, 69, 100 %, 8473 MiB, P2, 0x0000000000000000, Not Active, Not Active, Not Active, Not Active, Not Active
2026-10-02T17:27:19+08:00,2026/10/02 17:27:19.106, 1800 MHz, 2130 MHz, 9501 MHz, 1800 MHz, 253.42 W, 420.00 W, 420.00 W, 69, 100 %, 8473 MiB, P2, 0x0000000000000000, Not Active, Not Active, Not Active, Not Active, Not Active
2026-10-02T17:27:20+08:00,2026/10/02 17:27:20.136, 1800 MHz, 2130 MHz, 9501 MHz, 1800 MHz, 253.49 W, 420.00 W, 420.00 W, 69, 100 %, 8473 MiB, P2, 0x0000000000000000, Not Active, Not Active, Not Active, Not Active, Not Active
2026-10-02T17:27:21+08:00,2026/10/02 17:27:21.166, 1800 MHz, 2130 MHz, 9501 MHz, 1800 MHz, 253.87 W, 420.00 W, 420.00 W, 69, 100 %, 8473 MiB, P2, 0x0000000000000000, Not Active, Not Active, Not Active, Not Active, Not Active
2026-10-02T17:27:22+08:00,2026/10/02 17:27:22.198, 1800 MHz, 2130 MHz, 9501 MHz, 1800 MHz, 253.95 W, 420.00 W, 420.00 W, 69, 100 %, 8473 MiB, P2, 0x0000000000000000, Not Active, Not Active, Not Active, Not Active, Not Active
2026-10-02T17:27:23+08:00,2026/10/02 17:27:23.229, 1800 MHz, 2130 MHz, 9501 MHz, 1800 MHz, 253.86 W, 420.00 W, 420.00 W, 69, 100 %, 8473 MiB, P2, 0x0000000000000000, Not Active, Not Active, Not Active, Not Active, Not Active
2026-10-02T17:27:24+08:00,2026/10/02 17:27:24.264, 1800 MHz, 2130 MHz, 9501 MHz, 1800 MHz, 253.78 W, 420.00 W, 420.00 W, 69, 100 %, 8473 MiB, P2, 0x0000000000000000, Not Active, Not Active, Not Active, Not Active, Not Active
2026-10-02T17:27:25+08:00,2026/10/02 17:27:25.295, 1800 MHz, 2130 MHz, 9501 MHz, 1800 MHz, 253.59 W, 420.00 W, 420.00 W, 69, 100 %, 8473 MiB, P2, 0x0000000000000000, Not Active, Not Active, Not Active, Not Active, Not Active
2026-10-02T17:27:26+08:00,2026/10/02 17:27:26.325, 1800 MHz, 2130 MHz, 9501 MHz, 1800 MHz, 253.63 W, 420.00 W, 420.00 W, 69, 100 %, 8473 MiB, P2, 0x0000000000000000, Not Active, Not Active, Not Active, Not Active, Not Active
2026-10-02T17:27:27+08:00,2026/10/02 17:27:27.357, 1800 MHz, 2130 MHz, 9501 MHz, 1800 MHz, 253.83 W, 420.00 W, 420.00 W, 69, 100 %, 8473 MiB, P2, 0x0000000000000000, Not Active, Not Active, Not Active, Not Active, Not Active
2026-10-02T17:27:28+08:00,2026/10/02 17:27:28.391, 1800 MHz, 2130 MHz, 9501 MHz, 1800 MHz, 253.77 W, 420.00 W, 420.00 W, 69, 100 %, 8473 MiB, P2, 0x0000000000000000, Not Active, Not Active, Not Active, Not Active, Not Active
2026-10-02T17:27:29+08:00,2026/10/02 17:27:29.421, 1800 MHz, 2130 MHz, 9501 MHz, 1800 MHz, 253.96 W, 420.00 W, 420.00 W, 69, 100 %, 8473 MiB, P2, 0x0000000000000000, Not Active, Not Active, Not Active, Not Active, Not Active
2026-10-02T17:27:30+08:00,2026/10/02 17:27:30.452, 1800 MHz, 2130 MHz, 9501 MHz, 1800 MHz, 253.57 W, 420.00 W, 420.00 W, 69, 100 %, 8473 MiB, P2, 0x0000000000000000, Not Active, Not Active, Not Active, Not Active, Not Active
2026-10-02T17:27:31+08:00,2026/10/02 17:27:31.482, 1800 MHz, 2130 MHz, 9501 MHz, 1800 MHz, 253.63 W, 420.00 W, 420.00 W, 69, 100 %, 8473 MiB, P2, 0x0000000000000000, Not Active, Not Active, Not Active, Not Active, Not Active
2026-10-02T17:27:32+08:00,2026/10/02 17:27:32.512, 1800 MHz, 2130 MHz, 9501 MHz, 1800 MHz, 253.79 W, 420.00 W, 420.00 W, 69, 100 %, 8473 MiB, P2, 0x0000000000000000, Not Active, Not Active, Not Active, Not Active, Not Active
2026-10-02T17:27:33+08:00,2026/10/02 17:27:33.542, 1800 MHz, 2130 MHz, 9501 MHz, 1800 MHz, 254.11 W, 420.00 W, 420.00 W, 69, 100 %, 8473 MiB, P2, 0x0000000000000000, Not Active, Not Active, Not Active, Not Active, Not Active
2026-10-02T17:27:34+08:00,2026/10/02 17:27:34.572, 1800 MHz, 2130 MHz, 9501 MHz, 1800 MHz, 253.95 W, 420.00 W, 420.00 W, 69, 100 %, 8473 MiB, P2, 0x0000000000000000, Not Active, Not Active, Not Active, Not Active, Not Active
2026-10-02T17:27:35+08:00,2026/10/02 17:27:35.603, 1800 MHz, 2130 MHz, 9501 MHz, 1800 MHz, 253.98 W, 420.00 W, 420.00 W, 69, 100 %, 8473 MiB, P2, 0x0000000000000000, Not Active, Not Active, Not Active, Not Active, Not Active
2026-10-02T17:27:36+08:00,2026/10/02 17:27:36.634, 1800 MHz, 2130 MHz, 9501 MHz, 1800 MHz, 254.00 W, 420.00 W, 420.00 W, 69, 100 %, 8473 MiB, P2, 0x0000000000000000, Not Active, Not Active, Not Active, Not Active, Not Active
2026-10-02T17:27:37+08:00,2026/10/02 17:27:37.665, 1800 MHz, 2130 MHz, 9501 MHz, 1800 MHz, 254.03 W, 420.00 W, 420.00 W, 69, 100 %, 8473 MiB, P2, 0x0000000000000000, Not Active, Not Active, Not Active, Not Active, Not Active
2026-10-02T17:27:38+08:00,2026/10/02 17:27:38.695, 1800 MHz, 2130 MHz, 9501 MHz, 1800 MHz, 253.69 W, 420.00 W, 420.00 W, 69, 100 %, 8473 MiB, P2, 0x0000000000000000, Not Active, Not Active, Not Active, Not Active, Not Active
2026-10-02T17:27:39+08:00,2026/10/02 17:27:39.726, 1800 MHz, 2130 MHz, 9501 MHz, 1800 MHz, 253.64 W, 420.00 W, 420.00 W, 69, 100 %, 8473 MiB, P2, 0x0000000000000000, Not Active, Not Active, Not Active, Not Active, Not Active
2026-10-02T17:27:40+08:00,2026/10/02 17:27:40.756, 1800 MHz, 2130 MHz, 9501 MHz, 1800 MHz, 253.56 W, 420.00 W, 420.00 W, 69, 100 %, 8473 MiB, P2, 0x0000000000000000, Not Active, Not Active, Not Active, Not Active, Not Active
2026-10-02T17:27:41+08:00,2026/10/02 17:27:41.786, 1800 MHz, 2130 MHz, 9501 MHz, 1800 MHz, 253.82 W, 420.00 W, 420.00 W, 69, 100 %, 8473 MiB, P2, 0x0000000000000000, Not Active, Not Active, Not Active, Not Active, Not Active
2026-10-02T17:27:42+08:00,2026/10/02 17:27:42.816, 1800 MHz, 2130 MHz, 9501 MHz, 1800 MHz, 253.81 W, 420.00 W, 420.00 W, 69, 100 %, 8473 MiB, P2, 0x0000000000000000, Not Active, Not Active, Not Active, Not Active, Not Active
2026-10-02T17:27:43+08:00,2026/10/02 17:27:43.847, 1800 MHz, 2130 MHz, 9501 MHz, 1800 MHz, 253.77 W, 420.00 W, 420.00 W, 69, 100 %, 8473 MiB, P2, 0x0000000000000000, Not Active, Not Active, Not Active, Not Active, Not Active
2026-10-02T17:27:44+08:00,2026/10/02 17:27:44.877, 1800 MHz, 2130 MHz, 9501 MHz, 1800 MHz, 253.43 W, 420.00 W, 420.00 W, 69, 100 %, 8473 MiB, P2, 0x0000000000000000, Not Active, Not Active, Not Active, Not Active, Not Active
2026-10-02T17:27:45+08:00,2026/10/02 17:27:45.911, 1800 MHz, 2130 MHz, 9501 MHz, 1800 MHz, 253.55 W, 420.00 W, 420.00 W, 69, 100 %, 8473 MiB, P2, 0x0000000000000000, Not Active, Not Active, Not Active, Not Active, Not Active
2026-10-02T17:27:46+08:00,2026/10/02 17:27:46.942, 1800 MHz, 2130 MHz, 9501 MHz, 1800 MHz, 253.38 W, 420.00 W, 420.00 W, 69, 100 %, 8473 MiB, P2, 0x0000000000000000, Not Active, Not Active, Not Active, Not Active, Not Active
2026-10-02T17:27:47+08:00,2026/10/02 17:27:47.972, 1800 MHz, 2130 MHz, 9501 MHz, 1800 MHz, 253.79 W, 420.00 W, 420.00 W, 69, 100 %, 8473 MiB, P2, 0x0000000000000000, Not Active, Not Active, Not Active, Not Active, Not Active
2026-10-02T17:27:48+08:00,2026/10/02 17:27:49.007, 1800 MHz, 2130 MHz, 9501 MHz, 1800 MHz, 255.76 W, 420.00 W, 420.00 W, 69, 100 %, 8473 MiB, P2, 0x0000000000000000, Not Active, Not Active, Not Active, Not Active, Not Active
2026-10-02T17:27:50+08:00,2026/10/02 17:27:50.037, 1800 MHz, 2130 MHz, 9501 MHz, 1800 MHz, 255.51 W, 420.00 W, 420.00 W, 69, 100 %, 8473 MiB, P2, 0x0000000000000000, Not Active, Not Active, Not Active, Not Active, Not Active
2026-10-02T17:27:51+08:00,2026/10/02 17:27:51.067, 1800 MHz, 2130 MHz, 9501 MHz, 1800 MHz, 255.56 W, 420.00 W, 420.00 W, 69, 100 %, 8473 MiB, P2, 0x0000000000000000, Not Active, Not Active, Not Active, Not Active, Not Active
2026-10-02T17:27:52+08:00,2026/10/02 17:27:52.097, 1800 MHz, 2130 MHz, 9501 MHz, 1800 MHz, 255.70 W, 420.00 W, 420.00 W, 69, 100 %, 8473 MiB, P2, 0x0000000000000000, Not Active, Not Active, Not Active, Not Active, Not Active
2026-10-02T17:27:53+08:00,2026/10/02 17:27:53.127, 1800 MHz, 2130 MHz, 9501 MHz, 1800 MHz, 256.05 W, 420.00 W, 420.00 W, 69, 100 %, 8473 MiB, P2, 0x0000000000000000, Not Active, Not Active, Not Active, Not Active, Not Active
2026-10-02T17:27:54+08:00,2026/10/02 17:27:54.160, 1800 MHz, 2130 MHz, 9501 MHz, 1800 MHz, 256.03 W, 420.00 W, 420.00 W, 69, 100 %, 8473 MiB, P2, 0x0000000000000000, Not Active, Not Active, Not Active, Not Active, Not Active
2026-10-02T17:27:55+08:00,2026/10/02 17:27:55.191, 1800 MHz, 2130 MHz, 9501 MHz, 1800 MHz, 255.63 W, 420.00 W, 420.00 W, 69, 100 %, 8473 MiB, P2, 0x0000000000000000, Not Active, Not Active, Not Active, Not Active, Not Active
2026-10-02T17:27:56+08:00,2026/10/02 17:27:56.221, 1800 MHz, 2130 MHz, 9501 MHz, 1800 MHz, 255.95 W, 420.00 W, 420.00 W, 69, 100 %, 8473 MiB, P2, 0x0000000000000000, Not Active, Not Active, Not Active, Not Active, Not Active
2026-10-02T17:27:57+08:00,2026/10/02 17:27:57.252, 1800 MHz, 2130 MHz, 9501 MHz, 1800 MHz, 256.05 W, 420.00 W, 420.00 W, 69, 100 %, 8473 MiB, P2, 0x0000000000000000, Not Active, Not Active, Not Active, Not Active, Not Active
2026-10-02T17:27:58+08:00,2026/10/02 17:27:58.283, 1800 MHz, 2130 MHz, 9501 MHz, 1800 MHz, 255.91 W, 420.00 W, 420.00 W, 69, 100 %, 8473 MiB, P2, 0x0000000000000000, Not Active, Not Active, Not Active, Not Active, Not Active
2026-10-02T17:27:59+08:00,2026/10/02 17:27:59.317, 1800 MHz, 2130 MHz, 9501 MHz, 1800 MHz, 255.92 W, 420.00 W, 420.00 W, 69, 100 %, 8473 MiB, P2, 0x0000000000000000, Not Active, Not Active, Not Active, Not Active, Not Active
2026-10-02T17:28:00+08:00,2026/10/02 17:28:00.348, 1800 MHz, 2130 MHz, 9501 MHz, 1800 MHz, 256.14 W, 420.00 W, 420.00 W, 69, 100 %, 8473 MiB, P2, 0x0000000000000000, Not Active, Not Active, Not Active, Not Active, Not Active
2026-10-02T17:28:01+08:00,2026/10/02 17:28:01.380, 1800 MHz, 2130 MHz, 9501 MHz, 1800 MHz, 256.08 W, 420.00 W, 420.00 W, 69, 100 %, 8473 MiB, P2, 0x0000000000000000, Not Active, Not Active, Not Active, Not Active, Not Active
2026-10-02T17:28:02+08:00,2026/10/02 17:28:02.410, 1800 MHz, 2130 MHz, 9501 MHz, 1800 MHz, 256.10 W, 420.00 W, 420.00 W, 69, 100 %, 8473 MiB, P2, 0x0000000000000000, Not Active, Not Active, Not Active, Not Active, Not Active
2026-10-02T17:28:03+08:00,2026/10/02 17:28:03.441, 1800 MHz, 2130 MHz, 9501 MHz, 1800 MHz, 256.11 W, 420.00 W, 420.00 W, 69, 100 %, 8473 MiB, P2, 0x0000000000000000, Not Active, Not Active, Not Active, Not Active, Not Active
2026-10-02T17:28:04+08:00,2026/10/02 17:28:04.472, 1800 MHz, 2130 MHz, 9501 MHz, 1800 MHz, 255.83 W, 420.00 W, 420.00 W, 69, 100 %, 8473 MiB, P2, 0x0000000000000000, Not Active, Not Active, Not Active, Not Active, Not Active
2026-10-02T17:28:05+08:00,2026/10/02 17:28:05.503, 1800 MHz, 2130 MHz, 9501 MHz, 1800 MHz, 255.92 W, 420.00 W, 420.00 W, 69, 100 %, 8473 MiB, P2, 0x0000000000000000, Not Active, Not Active, Not Active, Not Active, Not Active
2026-10-02T17:28:06+08:00,2026/10/02 17:28:06.533, 1800 MHz, 2130 MHz, 9501 MHz, 1800 MHz, 256.08 W, 420.00 W, 420.00 W, 69, 100 %, 8473 MiB, P2, 0x0000000000000000, Not Active, Not Active, Not Active, Not Active, Not Active
2026-10-02T17:28:07+08:00,2026/10/02 17:28:07.563, 1800 MHz, 2130 MHz, 9501 MHz, 1800 MHz, 255.99 W, 420.00 W, 420.00 W, 69, 100 %, 8473 MiB, P2, 0x0000000000000000, Not Active, Not Active, Not Active, Not Active, Not Active
2026-10-02T17:28:08+08:00,2026/10/02 17:28:08.596, 1800 MHz, 2130 MHz, 9501 MHz, 1800 MHz, 256.05 W, 420.00 W, 420.00 W, 69, 100 %, 8473 MiB, P2, 0x0000000000000000, Not Active, Not Active, Not Active, Not Active, Not Active
2026-10-02T17:28:09+08:00,2026/10/02 17:28:09.627, 1800 MHz, 2130 MHz, 9501 MHz, 1800 MHz, 256.58 W, 420.00 W, 420.00 W, 69, 100 %, 8473 MiB, P2, 0x0000000000000000, Not Active, Not Active, Not Active, Not Active, Not Active
2026-10-02T17:28:10+08:00,2026/10/02 17:28:10.661, 1800 MHz, 2130 MHz, 9501 MHz, 1800 MHz, 255.98 W, 420.00 W, 420.00 W, 69, 100 %, 8473 MiB, P2, 0x0000000000000000, Not Active, Not Active, Not Active, Not Active, Not Active
2026-10-02T17:28:11+08:00,2026/10/02 17:28:11.692, 1800 MHz, 2130 MHz, 9501 MHz, 1800 MHz, 255.85 W, 420.00 W, 420.00 W, 69, 100 %, 8473 MiB, P2, 0x0000000000000000, Not Active, Not Active, Not Active, Not Active, Not Active
2026-10-02T17:28:12+08:00,2026/10/02 17:28:12.727, 1800 MHz, 2130 MHz, 9501 MHz, 1800 MHz, 255.69 W, 420.00 W, 420.00 W, 69, 100 %, 8473 MiB, P2, 0x0000000000000000, Not Active, Not Active, Not Active, Not Active, Not Active
2026-10-02T17:28:13+08:00,2026/10/02 17:28:13.760, 1800 MHz, 2130 MHz, 9501 MHz, 1800 MHz, 255.97 W, 420.00 W, 420.00 W, 69, 100 %, 8473 MiB, P2, 0x0000000000000000, Not Active, Not Active, Not Active, Not Active, Not Active
2026-10-02T17:28:14+08:00,2026/10/02 17:28:14.794, 1800 MHz, 2130 MHz, 9501 MHz, 1800 MHz, 255.90 W, 420.00 W, 420.00 W, 69, 100 %, 8473 MiB, P2, 0x0000000000000000, Not Active, Not Active, Not Active, Not Active, Not Active
2026-10-02T17:28:15+08:00,2026/10/02 17:28:15.828, 1800 MHz, 2130 MHz, 9501 MHz, 1800 MHz, 255.59 W, 420.00 W, 420.00 W, 69, 100 %, 8473 MiB, P2, 0x0000000000000000, Not Active, Not Active, Not Active, Not Active, Not Active
2026-10-02T17:28:16+08:00,2026/10/02 17:28:16.862, 1800 MHz, 2130 MHz, 9501 MHz, 1800 MHz, 256.03 W, 420.00 W, 420.00 W, 69, 100 %, 8473 MiB, P2, 0x0000000000000000, Not Active, Not Active, Not Active, Not Active, Not Active
2026-10-02T17:28:17+08:00,2026/10/02 17:28:17.894, 1800 MHz, 2130 MHz, 9501 MHz, 1800 MHz, 256.25 W, 420.00 W, 420.00 W, 69, 100 %, 8473 MiB, P2, 0x0000000000000000, Not Active, Not Active, Not Active, Not Active, Not Active
2026-10-02T17:28:18+08:00,2026/10/02 17:28:18.925, 1800 MHz, 2130 MHz, 9501 MHz, 1800 MHz, 256.38 W, 420.00 W, 420.00 W, 69, 100 %, 8473 MiB, P2, 0x0000000000000000, Not Active, Not Active, Not Active, Not Active, Not Active
2026-10-02T17:28:19+08:00,2026/10/02 17:28:19.958, 1800 MHz, 2130 MHz, 9501 MHz, 1800 MHz, 256.61 W, 420.00 W, 420.00 W, 69, 100 %, 8473 MiB, P2, 0x0000000000000000, Not Active, Not Active, Not Active, Not Active, Not Active
2026-10-02T17:28:20+08:00,2026/10/02 17:28:20.991, 1800 MHz, 2130 MHz, 9501 MHz, 1800 MHz, 255.61 W, 420.00 W, 420.00 W, 69, 100 %, 8473 MiB, P2, 0x0000000000000000, Not Active, Not Active, Not Active, Not Active, Not Active
2026-10-02T17:28:22+08:00,2026/10/02 17:28:22.022, 1800 MHz, 2130 MHz, 9501 MHz, 1800 MHz, 255.96 W, 420.00 W, 420.00 W, 69, 100 %, 8473 MiB, P2, 0x0000000000000000, Not Active, Not Active, Not Active, Not Active, Not Active
2026-10-02T17:28:23+08:00,2026/10/02 17:28:23.056, 1800 MHz, 2130 MHz, 9501 MHz, 1800 MHz, 255.85 W, 420.00 W, 420.00 W, 69, 100 %, 8473 MiB, P2, 0x0000000000000000, Not Active, Not Active, Not Active, Not Active, Not Active
2026-10-02T17:28:24+08:00,2026/10/02 17:28:24.091, 1800 MHz, 2130 MHz, 9501 MHz, 1800 MHz, 256.06 W, 420.00 W, 420.00 W, 69, 100 %, 8473 MiB, P2, 0x0000000000000000, Not Active, Not Active, Not Active, Not Active, Not Active
2026-10-02T17:28:25+08:00,2026/10/02 17:28:25.122, 1800 MHz, 2130 MHz, 9501 MHz, 1800 MHz, 256.30 W, 420.00 W, 420.00 W, 69, 100 %, 8473 MiB, P2, 0x0000000000000000, Not Active, Not Active, Not Active, Not Active, Not Active
2026-10-02T17:28:26+08:00,2026/10/02 17:28:26.153, 1800 MHz, 2130 MHz, 9501 MHz, 1800 MHz, 255.93 W, 420.00 W, 420.00 W, 69, 100 %, 8473 MiB, P2, 0x0000000000000000, Not Active, Not Active, Not Active, Not Active, Not Active
2026-10-02T17:28:27+08:00,2026/10/02 17:28:27.183, 1800 MHz, 2130 MHz, 9501 MHz, 1800 MHz, 256.15 W, 420.00 W, 420.00 W, 69, 100 %, 8473 MiB, P2, 0x0000000000000000, Not Active, Not Active, Not Active, Not Active, Not Active
2026-10-02T17:28:28+08:00,2026/10/02 17:28:28.213, 1800 MHz, 2130 MHz, 9501 MHz, 1800 MHz, 256.30 W, 420.00 W, 420.00 W, 69, 100 %, 8473 MiB, P2, 0x0000000000000000, Not Active, Not Active, Not Active, Not Active, Not Active
2026-10-02T17:28:29+08:00,2026/10/02 17:28:29.243, 1800 MHz, 2130 MHz, 9501 MHz, 1800 MHz, 256.29 W, 420.00 W, 420.00 W, 69, 100 %, 8473 MiB, P2, 0x0000000000000000, Not Active, Not Active, Not Active, Not Active, Not Active
2026-10-02T17:28:30+08:00,2026/10/02 17:28:30.274, 1800 MHz, 2130 MHz, 9501 MHz, 1800 MHz, 256.32 W, 420.00 W, 420.00 W, 69, 100 %, 8473 MiB, P2, 0x0000000000000000, Not Active, Not Active, Not Active, Not Active, Not Active
2026-10-02T17:28:31+08:00,2026/10/02 17:28:31.307, 1800 MHz, 2130 MHz, 9501 MHz, 1800 MHz, 256.59 W, 420.00 W, 420.00 W, 69, 100 %, 8473 MiB, P2, 0x0000000000000000, Not Active, Not Active, Not Active, Not Active, Not Active
2026-10-02T17:28:32+08:00,2026/10/02 17:28:32.337, 1800 MHz, 2130 MHz, 9501 MHz, 1800 MHz, 256.62 W, 420.00 W, 420.00 W, 69, 100 %, 8473 MiB, P2, 0x0000000000000000, Not Active, Not Active, Not Active, Not Active, Not Active
2026-10-02T17:28:33+08:00,2026/10/02 17:28:33.370, 1800 MHz, 2130 MHz, 9501 MHz, 1800 MHz, 256.56 W, 420.00 W, 420.00 W, 69, 100 %, 8473 MiB, P2, 0x0000000000000000, Not Active, Not Active, Not Active, Not Active, Not Active
2026-10-02T17:28:34+08:00,2026/10/02 17:28:34.400, 1800 MHz, 2130 MHz, 9501 MHz, 1800 MHz, 256.40 W, 420.00 W, 420.00 W, 69, 100 %, 8473 MiB, P2, 0x0000000000000000, Not Active, Not Active, Not Active, Not Active, Not Active
2026-10-02T17:28:35+08:00,2026/10/02 17:28:35.430, 1800 MHz, 2130 MHz, 9501 MHz, 1800 MHz, 256.45 W, 420.00 W, 420.00 W, 69, 100 %, 8473 MiB, P2, 0x0000000000000000, Not Active, Not Active, Not Active, Not Active, Not Active
2026-10-02T17:28:36+08:00,2026/10/02 17:28:36.460, 1800 MHz, 2130 MHz, 9501 MHz, 1800 MHz, 256.24 W, 420.00 W, 420.00 W, 69, 100 %, 8473 MiB, P2, 0x0000000000000000, Not Active, Not Active, Not Active, Not Active, Not Active
2026-10-02T17:28:37+08:00,2026/10/02 17:28:37.489, 1800 MHz, 2130 MHz, 9501 MHz, 1800 MHz, 256.36 W, 420.00 W, 420.00 W, 69, 100 %, 8473 MiB, P2, 0x0000000000000000, Not Active, Not Active, Not Active, Not Active, Not Active
2026-10-02T17:28:38+08:00,2026/10/02 17:28:38.520, 1800 MHz, 2130 MHz, 9501 MHz, 1800 MHz, 256.32 W, 420.00 W, 420.00 W, 69, 100 %, 8473 MiB, P2, 0x0000000000000000, Not Active, Not Active, Not Active, Not Active, Not Active
2026-10-02T17:28:39+08:00,2026/10/02 17:28:39.550, 1800 MHz, 2130 MHz, 9501 MHz, 1800 MHz, 256.12 W, 420.00 W, 420.00 W, 69, 100 %, 8473 MiB, P2, 0x0000000000000000, Not Active, Not Active, Not Active, Not Active, Not Active
2026-10-02T17:28:40+08:00,2026/10/02 17:28:40.580, 1800 MHz, 2130 MHz, 9501 MHz, 1800 MHz, 256.16 W, 420.00 W, 420.00 W, 69, 100 %, 8473 MiB, P2, 0x0000000000000000, Not Active, Not Active, Not Active, Not Active, Not Active
2026-10-02T17:28:41+08:00,2026/10/02 17:28:41.611, 1800 MHz, 2130 MHz, 9501 MHz, 1800 MHz, 256.35 W, 420.00 W, 420.00 W, 69, 100 %, 8473 MiB, P2, 0x0000000000000000, Not Active, Not Active, Not Active, Not Active, Not Active
2026-10-02T17:28:42+08:00,2026/10/02 17:28:42.640, 1800 MHz, 2130 MHz, 9501 MHz, 1800 MHz, 255.85 W, 420.00 W, 420.00 W, 69, 100 %, 8473 MiB, P2, 0x0000000000000000, Not Active, Not Active, Not Active, Not Active, Not Active
2026-10-02T17:28:43+08:00,2026/10/02 17:28:43.671, 1800 MHz, 2130 MHz, 9501 MHz, 1800 MHz, 256.03 W, 420.00 W, 420.00 W, 69, 100 %, 8473 MiB, P2, 0x0000000000000000, Not Active, Not Active, Not Active, Not Active, Not Active
2026-10-02T17:28:44+08:00,2026/10/02 17:28:44.701, 1800 MHz, 2130 MHz, 9501 MHz, 1800 MHz, 256.33 W, 420.00 W, 420.00 W, 69, 100 %, 8473 MiB, P2, 0x0000000000000000, Not Active, Not Active, Not Active, Not Active, Not Active
2026-10-02T17:28:45+08:00,2026/10/02 17:28:45.731, 1800 MHz, 2130 MHz, 9501 MHz, 1800 MHz, 256.12 W, 420.00 W, 420.00 W, 69, 100 %, 8473 MiB, P2, 0x0000000000000000, Not Active, Not Active, Not Active, Not Active, Not Active
2026-10-02T17:28:46+08:00,2026/10/02 17:28:46.761, 1800 MHz, 2130 MHz, 9501 MHz, 1800 MHz, 256.07 W, 420.00 W, 420.00 W, 69, 100 %, 8473 MiB, P2, 0x0000000000000000, Not Active, Not Active, Not Active, Not Active, Not Active
2026-10-02T17:28:47+08:00,2026/10/02 17:28:47.791, 1800 MHz, 2130 MHz, 9501 MHz, 1800 MHz, 256.21 W, 420.00 W, 420.00 W, 69, 100 %, 8473 MiB, P2, 0x0000000000000000, Not Active, Not Active, Not Active, Not Active, Not Active
2026-10-02T17:28:48+08:00,2026/10/02 17:28:48.823, 1800 MHz, 2130 MHz, 9501 MHz, 1800 MHz, 256.15 W, 420.00 W, 420.00 W, 69, 100 %, 8473 MiB, P2, 0x0000000000000000, Not Active, Not Active, Not Active, Not Active, Not Active
2026-10-02T17:28:49+08:00,2026/10/02 17:28:49.853, 1800 MHz, 2130 MHz, 9501 MHz, 1800 MHz, 255.69 W, 420.00 W, 420.00 W, 69, 100 %, 8473 MiB, P2, 0x0000000000000000, Not Active, Not Active, Not Active, Not Active, Not Active
2026-10-02T17:28:50+08:00,2026/10/02 17:28:50.883, 1800 MHz, 2130 MHz, 9501 MHz, 1800 MHz, 255.51 W, 420.00 W, 420.00 W, 69, 100 %, 8473 MiB, P2, 0x0000000000000000, Not Active, Not Active, Not Active, Not Active, Not Active
2026-10-02T17:28:51+08:00,2026/10/02 17:28:51.913, 1800 MHz, 2130 MHz, 9501 MHz, 1800 MHz, 255.43 W, 420.00 W, 420.00 W, 69, 100 %, 8473 MiB, P2, 0x0000000000000000, Not Active, Not Active, Not Active, Not Active, Not Active
2026-10-02T17:28:52+08:00,2026/10/02 17:28:52.943, 1800 MHz, 2130 MHz, 9501 MHz, 1800 MHz, 255.83 W, 420.00 W, 420.00 W, 69, 100 %, 8473 MiB, P2, 0x0000000000000000, Not Active, Not Active, Not Active, Not Active, Not Active
2026-10-02T17:28:53+08:00,2026/10/02 17:28:53.973, 1800 MHz, 2130 MHz, 9501 MHz, 1800 MHz, 255.83 W, 420.00 W, 420.00 W, 69, 100 %, 8473 MiB, P2, 0x0000000000000000, Not Active, Not Active, Not Active, Not Active, Not Active
2026-10-02T17:28:54+08:00,2026/10/02 17:28:55.003, 1800 MHz, 2130 MHz, 9501 MHz, 1800 MHz, 256.08 W, 420.00 W, 420.00 W, 69, 100 %, 8473 MiB, P2, 0x0000000000000000, Not Active, Not Active, Not Active, Not Active, Not Active
2026-10-02T17:28:56+08:00,2026/10/02 17:28:56.034, 1800 MHz, 2130 MHz, 9501 MHz, 1800 MHz, 255.82 W, 420.00 W, 420.00 W, 69, 100 %, 8473 MiB, P2, 0x0000000000000000, Not Active, Not Active, Not Active, Not Active, Not Active
2026-10-02T17:28:57+08:00,2026/10/02 17:28:57.065, 1800 MHz, 2130 MHz, 9501 MHz, 1800 MHz, 256.18 W, 420.00 W, 420.00 W, 69, 100 %, 8473 MiB, P2, 0x0000000000000000, Not Active, Not Active, Not Active, Not Active, Not Active
2026-10-02T17:28:58+08:00,2026/10/02 17:28:58.094, 1800 MHz, 2130 MHz, 9501 MHz, 1800 MHz, 256.08 W, 420.00 W, 420.00 W, 69, 100 %, 8473 MiB, P2, 0x0000000000000000, Not Active, Not Active, Not Active, Not Active, Not Active
2026-10-02T17:28:59+08:00,2026/10/02 17:28:59.125, 1800 MHz, 2130 MHz, 9501 MHz, 1800 MHz, 255.85 W, 420.00 W, 420.00 W, 69, 100 %, 8473 MiB, P2, 0x0000000000000000, Not Active, Not Active, Not Active, Not Active, Not Active
2026-10-02T17:29:00+08:00,2026/10/02 17:29:00.155, 1800 MHz, 2130 MHz, 9501 MHz, 1800 MHz, 256.17 W, 420.00 W, 420.00 W, 69, 100 %, 8473 MiB, P2, 0x0000000000000000, Not Active, Not Active, Not Active, Not Active, Not Active
2026-10-02T17:29:01+08:00,2026/10/02 17:29:01.184, 1800 MHz, 2130 MHz, 9501 MHz, 1800 MHz, 256.27 W, 420.00 W, 420.00 W, 69, 100 %, 8473 MiB, P2, 0x0000000000000000, Not Active, Not Active, Not Active, Not Active, Not Active
2026-10-02T17:29:02+08:00,2026/10/02 17:29:02.214, 1800 MHz, 2130 MHz, 9501 MHz, 1800 MHz, 255.96 W, 420.00 W, 420.00 W, 69, 100 %, 8473 MiB, P2, 0x0000000000000000, Not Active, Not Active, Not Active, Not Active, Not Active
2026-10-02T17:29:03+08:00,2026/10/02 17:29:03.243, 1800 MHz, 2130 MHz, 9501 MHz, 1800 MHz, 256.07 W, 420.00 W, 420.00 W, 69, 100 %, 8473 MiB, P2, 0x0000000000000000, Not Active, Not Active, Not Active, Not Active, Not Active
2026-10-02T17:29:04+08:00,2026/10/02 17:29:04.273, 1800 MHz, 2130 MHz, 9501 MHz, 1800 MHz, 255.91 W, 420.00 W, 420.00 W, 69, 100 %, 8473 MiB, P2, 0x0000000000000000, Not Active, Not Active, Not Active, Not Active, Not Active
2026-10-02T17:29:05+08:00,2026/10/02 17:29:05.303, 1800 MHz, 2130 MHz, 9501 MHz, 1800 MHz, 255.65 W, 420.00 W, 420.00 W, 69, 100 %, 8473 MiB, P2, 0x0000000000000000, Not Active, Not Active, Not Active, Not Active, Not Active
2026-10-02T17:29:06+08:00,2026/10/02 17:29:06.332, 1800 MHz, 2130 MHz, 9501 MHz, 1800 MHz, 255.94 W, 420.00 W, 420.00 W, 69, 100 %, 8473 MiB, P2, 0x0000000000000000, Not Active, Not Active, Not Active, Not Active, Not Active
2026-10-02T17:29:07+08:00,2026/10/02 17:29:07.362, 1800 MHz, 2130 MHz, 9501 MHz, 1800 MHz, 255.93 W, 420.00 W, 420.00 W, 69, 100 %, 8473 MiB, P2, 0x0000000000000000, Not Active, Not Active, Not Active, Not Active, Not Active
2026-10-02T17:29:08+08:00,2026/10/02 17:29:08.392, 1800 MHz, 2130 MHz, 9501 MHz, 1800 MHz, 256.15 W, 420.00 W, 420.00 W, 69, 100 %, 8473 MiB, P2, 0x0000000000000000, Not Active, Not Active, Not Active, Not Active, Not Active
2026-10-02T17:29:09+08:00,2026/10/02 17:29:09.422, 1800 MHz, 2130 MHz, 9501 MHz, 1800 MHz, 256.05 W, 420.00 W, 420.00 W, 69, 100 %, 8473 MiB, P2, 0x0000000000000000, Not Active, Not Active, Not Active, Not Active, Not Active
2026-10-02T17:29:10+08:00,2026/10/02 17:29:10.452, 1800 MHz, 2130 MHz, 9501 MHz, 1800 MHz, 255.71 W, 420.00 W, 420.00 W, 69, 100 %, 8473 MiB, P2, 0x0000000000000000, Not Active, Not Active, Not Active, Not Active, Not Active
2026-10-02T17:29:11+08:00,2026/10/02 17:29:11.483, 1800 MHz, 2130 MHz, 9501 MHz, 1800 MHz, 255.40 W, 420.00 W, 420.00 W, 69, 100 %, 8473 MiB, P2, 0x0000000000000000, Not Active, Not Active, Not Active, Not Active, Not Active
2026-10-02T17:29:12+08:00,2026/10/02 17:29:12.512, 1800 MHz, 2130 MHz, 9501 MHz, 1800 MHz, 255.29 W, 420.00 W, 420.00 W, 69, 100 %, 8473 MiB, P2, 0x0000000000000000, Not Active, Not Active, Not Active, Not Active, Not Active
2026-10-02T17:29:13+08:00,2026/10/02 17:29:13.542, 1800 MHz, 2130 MHz, 9501 MHz, 1800 MHz, 255.39 W, 420.00 W, 420.00 W, 69, 100 %, 8473 MiB, P2, 0x0000000000000000, Not Active, Not Active, Not Active, Not Active, Not Active
2026-10-02T17:29:14+08:00,2026/10/02 17:29:14.574, 1800 MHz, 2130 MHz, 9501 MHz, 1800 MHz, 255.65 W, 420.00 W, 420.00 W, 69, 100 %, 8473 MiB, P2, 0x0000000000000000, Not Active, Not Active, Not Active, Not Active, Not Active
2026-10-02T17:29:15+08:00,2026/10/02 17:29:15.603, 1800 MHz, 2130 MHz, 9501 MHz, 1800 MHz, 255.64 W, 420.00 W, 420.00 W, 69, 100 %, 8473 MiB, P2, 0x0000000000000000, Not Active, Not Active, Not Active, Not Active, Not Active
2026-10-02T17:29:16+08:00,2026/10/02 17:29:16.633, 1800 MHz, 2130 MHz, 9501 MHz, 1800 MHz, 255.23 W, 420.00 W, 420.00 W, 69, 100 %, 8473 MiB, P2, 0x0000000000000000, Not Active, Not Active, Not Active, Not Active, Not Active
2026-10-02T17:29:17+08:00,2026/10/02 17:29:17.663, 1800 MHz, 2130 MHz, 9501 MHz, 1800 MHz, 255.27 W, 420.00 W, 420.00 W, 69, 100 %, 8473 MiB, P2, 0x0000000000000000, Not Active, Not Active, Not Active, Not Active, Not Active
2026-10-02T17:29:18+08:00,2026/10/02 17:29:18.694, 1800 MHz, 2130 MHz, 9501 MHz, 1800 MHz, 255.27 W, 420.00 W, 420.00 W, 69, 100 %, 8473 MiB, P2, 0x0000000000000000, Not Active, Not Active, Not Active, Not Active, Not Active
2026-10-02T17:29:19+08:00,2026/10/02 17:29:19.724, 1800 MHz, 2130 MHz, 9501 MHz, 1800 MHz, 255.27 W, 420.00 W, 420.00 W, 69, 100 %, 8473 MiB, P2, 0x0000000000000000, Not Active, Not Active, Not Active, Not Active, Not Active
2026-10-02T17:29:20+08:00,2026/10/02 17:29:20.756, 1800 MHz, 2130 MHz, 9501 MHz, 1800 MHz, 255.42 W, 420.00 W, 420.00 W, 69, 100 %, 8473 MiB, P2, 0x0000000000000000, Not Active, Not Active, Not Active, Not Active, Not Active
2026-10-02T17:29:21+08:00,2026/10/02 17:29:21.786, 1800 MHz, 2130 MHz, 9501 MHz, 1800 MHz, 255.60 W, 420.00 W, 420.00 W, 69, 100 %, 8473 MiB, P2, 0x0000000000000000, Not Active, Not Active, Not Active, Not Active, Not Active
2026-10-02T17:29:22+08:00,2026/10/02 17:29:22.816, 1800 MHz, 2130 MHz, 9501 MHz, 1800 MHz, 255.71 W, 420.00 W, 420.00 W, 69, 100 %, 8473 MiB, P2, 0x0000000000000000, Not Active, Not Active, Not Active, Not Active, Not Active
2026-10-02T17:29:23+08:00,2026/10/02 17:29:23.847, 1800 MHz, 2130 MHz, 9501 MHz, 1800 MHz, 255.80 W, 420.00 W, 420.00 W, 69, 100 %, 8473 MiB, P2, 0x0000000000000000, Not Active, Not Active, Not Active, Not Active, Not Active
2026-10-02T17:29:24+08:00,2026/10/02 17:29:24.877, 1800 MHz, 2130 MHz, 9501 MHz, 1800 MHz, 255.66 W, 420.00 W, 420.00 W, 69, 100 %, 8473 MiB, P2, 0x0000000000000000, Not Active, Not Active, Not Active, Not Active, Not Active
2026-10-02T17:29:25+08:00,2026/10/02 17:29:25.907, 1800 MHz, 2130 MHz, 9501 MHz, 1800 MHz, 255.82 W, 420.00 W, 420.00 W, 69, 100 %, 8473 MiB, P2, 0x0000000000000000, Not Active, Not Active, Not Active, Not Active, Not Active
2026-10-02T17:29:26+08:00,2026/10/02 17:29:26.937, 1800 MHz, 2130 MHz, 9501 MHz, 1800 MHz, 255.82 W, 420.00 W, 420.00 W, 69, 100 %, 8473 MiB, P2, 0x0000000000000000, Not Active, Not Active, Not Active, Not Active, Not Active
2026-10-02T17:29:27+08:00,2026/10/02 17:29:27.967, 1800 MHz, 2130 MHz, 9501 MHz, 1800 MHz, 255.47 W, 420.00 W, 420.00 W, 69, 100 %, 8473 MiB, P2, 0x0000000000000000, Not Active, Not Active, Not Active, Not Active, Not Active
2026-10-02T17:29:28+08:00,2026/10/02 17:29:28.998, 1800 MHz, 2130 MHz, 9501 MHz, 1800 MHz, 255.54 W, 420.00 W, 420.00 W, 69, 100 %, 8473 MiB, P2, 0x0000000000000000, Not Active, Not Active, Not Active, Not Active, Not Active
2026-10-02T17:29:30+08:00,2026/10/02 17:29:30.029, 1800 MHz, 2130 MHz, 9501 MHz, 1800 MHz, 255.94 W, 420.00 W, 420.00 W, 69, 100 %, 8473 MiB, P2, 0x0000000000000000, Not Active, Not Active, Not Active, Not Active, Not Active
2026-10-02T17:29:31+08:00,2026/10/02 17:29:31.059, 1800 MHz, 2130 MHz, 9501 MHz, 1800 MHz, 255.93 W, 420.00 W, 420.00 W, 69, 100 %, 8473 MiB, P2, 0x0000000000000000, Not Active, Not Active, Not Active, Not Active, Not Active
2026-10-02T17:29:32+08:00,2026/10/02 17:29:32.089, 1800 MHz, 2130 MHz, 9501 MHz, 1800 MHz, 255.84 W, 420.00 W, 420.00 W, 69, 100 %, 8473 MiB, P2, 0x0000000000000000, Not Active, Not Active, Not Active, Not Active, Not Active
2026-10-02T17:29:33+08:00,2026/10/02 17:29:33.120, 1800 MHz, 2130 MHz, 9501 MHz, 1800 MHz, 255.51 W, 420.00 W, 420.00 W, 69, 100 %, 8473 MiB, P2, 0x0000000000000000, Not Active, Not Active, Not Active, Not Active, Not Active
2026-10-02T17:29:34+08:00,2026/10/02 17:29:34.150, 1800 MHz, 2130 MHz, 9501 MHz, 1800 MHz, 255.81 W, 420.00 W, 420.00 W, 69, 100 %, 8473 MiB, P2, 0x0000000000000000, Not Active, Not Active, Not Active, Not Active, Not Active
2026-10-02T17:29:35+08:00,2026/10/02 17:29:35.180, 1800 MHz, 2130 MHz, 9501 MHz, 1800 MHz, 255.83 W, 420.00 W, 420.00 W, 69, 100 %, 8473 MiB, P2, 0x0000000000000000, Not Active, Not Active, Not Active, Not Active, Not Active
2026-10-02T17:29:36+08:00,2026/10/02 17:29:36.210, 1800 MHz, 2130 MHz, 9501 MHz, 1800 MHz, 255.78 W, 420.00 W, 420.00 W, 69, 100 %, 8473 MiB, P2, 0x0000000000000000, Not Active, Not Active, Not Active, Not Active, Not Active
2026-10-02T17:29:37+08:00,2026/10/02 17:29:37.240, 1800 MHz, 2130 MHz, 9501 MHz, 1800 MHz, 255.97 W, 420.00 W, 420.00 W, 69, 100 %, 8473 MiB, P2, 0x0000000000000000, Not Active, Not Active, Not Active, Not Active, Not Active
2026-10-02T17:29:38+08:00,2026/10/02 17:29:38.269, 1800 MHz, 2130 MHz, 9501 MHz, 1800 MHz, 256.23 W, 420.00 W, 420.00 W, 69, 100 %, 8473 MiB, P2, 0x0000000000000000, Not Active, Not Active, Not Active, Not Active, Not Active
2026-10-02T17:29:39+08:00,2026/10/02 17:29:39.301, 1800 MHz, 2130 MHz, 9501 MHz, 1800 MHz, 256.06 W, 420.00 W, 420.00 W, 69, 100 %, 8473 MiB, P2, 0x0000000000000000, Not Active, Not Active, Not Active, Not Active, Not Active
2026-10-02T17:29:40+08:00,2026/10/02 17:29:40.331, 1800 MHz, 2130 MHz, 9501 MHz, 1800 MHz, 255.98 W, 420.00 W, 420.00 W, 69, 100 %, 8473 MiB, P2, 0x0000000000000000, Not Active, Not Active, Not Active, Not Active, Not Active
2026-10-02T17:29:41+08:00,2026/10/02 17:29:41.361, 1800 MHz, 2130 MHz, 9501 MHz, 1800 MHz, 256.05 W, 420.00 W, 420.00 W, 69, 100 %, 8473 MiB, P2, 0x0000000000000000, Not Active, Not Active, Not Active, Not Active, Not Active
2026-10-02T17:29:42+08:00,2026/10/02 17:29:42.390, 1800 MHz, 2130 MHz, 9501 MHz, 1800 MHz, 255.65 W, 420.00 W, 420.00 W, 69, 100 %, 8473 MiB, P2, 0x0000000000000000, Not Active, Not Active, Not Active, Not Active, Not Active
2026-10-02T17:29:43+08:00,2026/10/02 17:29:43.421, 1800 MHz, 2130 MHz, 9501 MHz, 1800 MHz, 255.53 W, 420.00 W, 420.00 W, 69, 100 %, 8473 MiB, P2, 0x0000000000000000, Not Active, Not Active, Not Active, Not Active, Not Active
2026-10-02T17:29:44+08:00,2026/10/02 17:29:44.451, 1800 MHz, 2130 MHz, 9501 MHz, 1800 MHz, 255.71 W, 420.00 W, 420.00 W, 69, 100 %, 8473 MiB, P2, 0x0000000000000000, Not Active, Not Active, Not Active, Not Active, Not Active
2026-10-02T17:29:45+08:00,2026/10/02 17:29:45.480, 1800 MHz, 2130 MHz, 9501 MHz, 1800 MHz, 255.45 W, 420.00 W, 420.00 W, 69, 100 %, 8473 MiB, P2, 0x0000000000000000, Not Active, Not Active, Not Active, Not Active, Not Active
2026-10-02T17:29:46+08:00,2026/10/02 17:29:46.514, 1800 MHz, 2130 MHz, 9501 MHz, 1800 MHz, 255.76 W, 420.00 W, 420.00 W, 69, 100 %, 8473 MiB, P2, 0x0000000000000000, Not Active, Not Active, Not Active, Not Active, Not Active
2026-10-02T17:29:47+08:00,2026/10/02 17:29:47.547, 1800 MHz, 2130 MHz, 9501 MHz, 1800 MHz, 255.74 W, 420.00 W, 420.00 W, 69, 100 %, 8473 MiB, P2, 0x0000000000000000, Not Active, Not Active, Not Active, Not Active, Not Active
2026-10-02T17:29:48+08:00,2026/10/02 17:29:48.578, 1800 MHz, 2130 MHz, 9501 MHz, 1800 MHz, 255.64 W, 420.00 W, 420.00 W, 69, 100 %, 8473 MiB, P2, 0x0000000000000000, Not Active, Not Active, Not Active, Not Active, Not Active
2026-10-02T17:29:49+08:00,2026/10/02 17:29:49.608, 1800 MHz, 2130 MHz, 9501 MHz, 1800 MHz, 255.74 W, 420.00 W, 420.00 W, 69, 100 %, 8473 MiB, P2, 0x0000000000000000, Not Active, Not Active, Not Active, Not Active, Not Active
2026-10-02T17:29:50+08:00,2026/10/02 17:29:50.638, 1800 MHz, 2130 MHz, 9501 MHz, 1800 MHz, 255.88 W, 420.00 W, 420.00 W, 69, 100 %, 8473 MiB, P2, 0x0000000000000000, Not Active, Not Active, Not Active, Not Active, Not Active
2026-10-02T17:29:51+08:00,2026/10/02 17:29:51.668, 1800 MHz, 2130 MHz, 9501 MHz, 1800 MHz, 256.10 W, 420.00 W, 420.00 W, 69, 100 %, 8473 MiB, P2, 0x0000000000000000, Not Active, Not Active, Not Active, Not Active, Not Active
2026-10-02T17:29:52+08:00,2026/10/02 17:29:52.698, 1800 MHz, 2130 MHz, 9501 MHz, 1800 MHz, 256.27 W, 420.00 W, 420.00 W, 69, 100 %, 8473 MiB, P2, 0x0000000000000000, Not Active, Not Active, Not Active, Not Active, Not Active
2026-10-02T17:29:53+08:00,2026/10/02 17:29:53.728, 1800 MHz, 2130 MHz, 9501 MHz, 1800 MHz, 256.20 W, 420.00 W, 420.00 W, 69, 100 %, 8473 MiB, P2, 0x0000000000000000, Not Active, Not Active, Not Active, Not Active, Not Active
2026-10-02T17:29:54+08:00,2026/10/02 17:29:54.758, 1800 MHz, 2130 MHz, 9501 MHz, 1800 MHz, 256.05 W, 420.00 W, 420.00 W, 69, 100 %, 8473 MiB, P2, 0x0000000000000000, Not Active, Not Active, Not Active, Not Active, Not Active
2026-10-02T17:29:55+08:00,2026/10/02 17:29:55.787, 1800 MHz, 2130 MHz, 9501 MHz, 1800 MHz, 256.24 W, 420.00 W, 420.00 W, 69, 100 %, 8473 MiB, P2, 0x0000000000000000, Not Active, Not Active, Not Active, Not Active, Not Active
2026-10-02T17:29:56+08:00,2026/10/02 17:29:56.817, 1800 MHz, 2130 MHz, 9501 MHz, 1800 MHz, 255.75 W, 420.00 W, 420.00 W, 69, 100 %, 8473 MiB, P2, 0x0000000000000000, Not Active, Not Active, Not Active, Not Active, Not Active
2026-10-02T17:29:57+08:00,2026/10/02 17:29:57.847, 1800 MHz, 2130 MHz, 9501 MHz, 1800 MHz, 255.84 W, 420.00 W, 420.00 W, 69, 100 %, 8473 MiB, P2, 0x0000000000000000, Not Active, Not Active, Not Active, Not Active, Not Active
2026-10-02T17:29:58+08:00,2026/10/02 17:29:58.878, 1800 MHz, 2130 MHz, 9501 MHz, 1800 MHz, 255.93 W, 420.00 W, 420.00 W, 69, 100 %, 8473 MiB, P2, 0x0000000000000000, Not Active, Not Active, Not Active, Not Active, Not Active
2026-10-02T17:29:59+08:00,2026/10/02 17:29:59.909, 1800 MHz, 2130 MHz, 9501 MHz, 1800 MHz, 255.83 W, 420.00 W, 420.00 W, 69, 100 %, 8473 MiB, P2, 0x0000000000000000, Not Active, Not Active, Not Active, Not Active, Not Active
2026-10-02T17:30:00+08:00,2026/10/02 17:30:00.945, 1800 MHz, 2130 MHz, 9501 MHz, 1800 MHz, 255.97 W, 420.00 W, 420.00 W, 69, 100 %, 8473 MiB, P2, 0x0000000000000000, Not Active, Not Active, Not Active, Not Active, Not Active
2026-10-02T17:30:01+08:00,2026/10/02 17:30:01.976, 1800 MHz, 2130 MHz, 9501 MHz, 1800 MHz, 255.79 W, 420.00 W, 420.00 W, 69, 100 %, 8473 MiB, P2, 0x0000000000000000, Not Active, Not Active, Not Active, Not Active, Not Active
2026-10-02T17:30:02+08:00,2026/10/02 17:30:03.007, 1800 MHz, 2130 MHz, 9501 MHz, 1800 MHz, 256.08 W, 420.00 W, 420.00 W, 69, 100 %, 8473 MiB, P2, 0x0000000000000000, Not Active, Not Active, Not Active, Not Active, Not Active
2026-10-02T17:30:04+08:00,2026/10/02 17:30:04.041, 1800 MHz, 2130 MHz, 9501 MHz, 1800 MHz, 255.91 W, 420.00 W, 420.00 W, 69, 100 %, 8473 MiB, P2, 0x0000000000000000, Not Active, Not Active, Not Active, Not Active, Not Active
2026-10-02T17:30:05+08:00,2026/10/02 17:30:05.071, 1800 MHz, 2130 MHz, 9501 MHz, 1800 MHz, 255.82 W, 420.00 W, 420.00 W, 69, 100 %, 8473 MiB, P2, 0x0000000000000000, Not Active, Not Active, Not Active, Not Active, Not Active
2026-10-02T17:30:06+08:00,2026/10/02 17:30:06.102, 1800 MHz, 2130 MHz, 9501 MHz, 1800 MHz, 255.95 W, 420.00 W, 420.00 W, 69, 100 %, 8473 MiB, P2, 0x0000000000000000, Not Active, Not Active, Not Active, Not Active, Not Active
2026-10-02T17:30:07+08:00,2026/10/02 17:30:07.132, 1800 MHz, 2130 MHz, 9501 MHz, 1800 MHz, 256.17 W, 420.00 W, 420.00 W, 69, 100 %, 8473 MiB, P2, 0x0000000000000000, Not Active, Not Active, Not Active, Not Active, Not Active
2026-10-02T17:30:08+08:00,2026/10/02 17:30:08.163, 1800 MHz, 2130 MHz, 9501 MHz, 1800 MHz, 255.82 W, 420.00 W, 420.00 W, 69, 100 %, 8473 MiB, P2, 0x0000000000000000, Not Active, Not Active, Not Active, Not Active, Not Active
2026-10-02T17:30:09+08:00,2026/10/02 17:30:09.193, 1800 MHz, 2130 MHz, 9501 MHz, 1800 MHz, 255.81 W, 420.00 W, 420.00 W, 69, 100 %, 8473 MiB, P2, 0x0000000000000000, Not Active, Not Active, Not Active, Not Active, Not Active
2026-10-02T17:30:10+08:00,2026/10/02 17:30:10.223, 1800 MHz, 2130 MHz, 9501 MHz, 1800 MHz, 256.18 W, 420.00 W, 420.00 W, 69, 100 %, 8473 MiB, P2, 0x0000000000000000, Not Active, Not Active, Not Active, Not Active, Not Active
2026-10-02T17:30:11+08:00,2026/10/02 17:30:11.253, 1800 MHz, 2130 MHz, 9501 MHz, 1800 MHz, 255.91 W, 420.00 W, 420.00 W, 69, 100 %, 8473 MiB, P2, 0x0000000000000000, Not Active, Not Active, Not Active, Not Active, Not Active
2026-10-02T17:30:12+08:00,2026/10/02 17:30:12.283, 1800 MHz, 2130 MHz, 9501 MHz, 1800 MHz, 255.89 W, 420.00 W, 420.00 W, 69, 100 %, 8473 MiB, P2, 0x0000000000000000, Not Active, Not Active, Not Active, Not Active, Not Active
2026-10-02T17:30:13+08:00,2026/10/02 17:30:13.314, 1800 MHz, 2130 MHz, 9501 MHz, 1800 MHz, 256.16 W, 420.00 W, 420.00 W, 69, 100 %, 8473 MiB, P2, 0x0000000000000000, Not Active, Not Active, Not Active, Not Active, Not Active
2026-10-02T17:30:14+08:00,2026/10/02 17:30:14.349, 1800 MHz, 2130 MHz, 9501 MHz, 1800 MHz, 256.28 W, 420.00 W, 420.00 W, 69, 100 %, 8473 MiB, P2, 0x0000000000000000, Not Active, Not Active, Not Active, Not Active, Not Active
2026-10-02T17:30:15+08:00,2026/10/02 17:30:15.380, 1800 MHz, 2130 MHz, 9501 MHz, 1800 MHz, 256.27 W, 420.00 W, 420.00 W, 69, 100 %, 8473 MiB, P2, 0x0000000000000000, Not Active, Not Active, Not Active, Not Active, Not Active
2026-10-02T17:30:16+08:00,2026/10/02 17:30:16.411, 1800 MHz, 2130 MHz, 9501 MHz, 1800 MHz, 256.16 W, 420.00 W, 420.00 W, 69, 100 %, 8473 MiB, P2, 0x0000000000000000, Not Active, Not Active, Not Active, Not Active, Not Active
2026-10-02T17:30:17+08:00,2026/10/02 17:30:17.441, 1800 MHz, 2130 MHz, 9501 MHz, 1800 MHz, 256.20 W, 420.00 W, 420.00 W, 69, 100 %, 8473 MiB, P2, 0x0000000000000000, Not Active, Not Active, Not Active, Not Active, Not Active
2026-10-02T17:30:18+08:00,2026/10/02 17:30:18.471, 1800 MHz, 2130 MHz, 9501 MHz, 1800 MHz, 256.40 W, 420.00 W, 420.00 W, 69, 100 %, 8473 MiB, P2, 0x0000000000000000, Not Active, Not Active, Not Active, Not Active, Not Active
2026-10-02T17:30:19+08:00,2026/10/02 17:30:19.504, 1800 MHz, 2130 MHz, 9501 MHz, 1800 MHz, 256.17 W, 420.00 W, 420.00 W, 69, 100 %, 8473 MiB, P2, 0x0000000000000000, Not Active, Not Active, Not Active, Not Active, Not Active
2026-10-02T17:30:20+08:00,2026/10/02 17:30:20.539, 1800 MHz, 2130 MHz, 9501 MHz, 1800 MHz, 255.83 W, 420.00 W, 420.00 W, 69, 100 %, 8473 MiB, P2, 0x0000000000000000, Not Active, Not Active, Not Active, Not Active, Not Active
2026-10-02T17:30:21+08:00,2026/10/02 17:30:21.569, 1800 MHz, 2130 MHz, 9501 MHz, 1800 MHz, 256.03 W, 420.00 W, 420.00 W, 69, 100 %, 8473 MiB, P2, 0x0000000000000000, Not Active, Not Active, Not Active, Not Active, Not Active
2026-10-02T17:30:22+08:00,2026/10/02 17:30:22.599, 1800 MHz, 2130 MHz, 9501 MHz, 1800 MHz, 255.94 W, 420.00 W, 420.00 W, 69, 100 %, 8473 MiB, P2, 0x0000000000000000, Not Active, Not Active, Not Active, Not Active, Not Active
2026-10-02T17:30:23+08:00,2026/10/02 17:30:23.630, 1800 MHz, 2130 MHz, 9501 MHz, 1800 MHz, 255.75 W, 420.00 W, 420.00 W, 69, 100 %, 8473 MiB, P2, 0x0000000000000000, Not Active, Not Active, Not Active, Not Active, Not Active
2026-10-02T17:30:24+08:00,2026/10/02 17:30:24.660, 1800 MHz, 2130 MHz, 9501 MHz, 1800 MHz, 255.88 W, 420.00 W, 420.00 W, 69, 100 %, 8473 MiB, P2, 0x0000000000000000, Not Active, Not Active, Not Active, Not Active, Not Active
2026-10-02T17:30:25+08:00,2026/10/02 17:30:25.692, 1800 MHz, 2130 MHz, 9501 MHz, 1800 MHz, 255.95 W, 420.00 W, 420.00 W, 69, 100 %, 8473 MiB, P2, 0x0000000000000000, Not Active, Not Active, Not Active, Not Active, Not Active
2026-10-02T17:30:26+08:00,2026/10/02 17:30:26.723, 1800 MHz, 2130 MHz, 9501 MHz, 1800 MHz, 255.70 W, 420.00 W, 420.00 W, 69, 100 %, 8473 MiB, P2, 0x0000000000000000, Not Active, Not Active, Not Active, Not Active, Not Active
2026-10-02T17:30:27+08:00,2026/10/02 17:30:27.754, 1800 MHz, 2130 MHz, 9501 MHz, 1800 MHz, 255.73 W, 420.00 W, 420.00 W, 69, 100 %, 8473 MiB, P2, 0x0000000000000000, Not Active, Not Active, Not Active, Not Active, Not Active
2026-10-02T17:30:28+08:00,2026/10/02 17:30:28.784, 1800 MHz, 2130 MHz, 9501 MHz, 1800 MHz, 256.00 W, 420.00 W, 420.00 W, 69, 100 %, 8473 MiB, P2, 0x0000000000000000, Not Active, Not Active, Not Active, Not Active, Not Active
2026-10-02T17:30:29+08:00,2026/10/02 17:30:29.816, 1800 MHz, 2130 MHz, 9501 MHz, 1800 MHz, 256.44 W, 420.00 W, 420.00 W, 69, 100 %, 8473 MiB, P2, 0x0000000000000000, Not Active, Not Active, Not Active, Not Active, Not Active
2026-10-02T17:30:30+08:00,2026/10/02 17:30:30.850, 1800 MHz, 2130 MHz, 9501 MHz, 1800 MHz, 256.15 W, 420.00 W, 420.00 W, 69, 100 %, 8473 MiB, P2, 0x0000000000000000, Not Active, Not Active, Not Active, Not Active, Not Active
2026-10-02T17:30:31+08:00,2026/10/02 17:30:31.880, 1800 MHz, 2130 MHz, 9501 MHz, 1800 MHz, 256.41 W, 420.00 W, 420.00 W, 68, 100 %, 8473 MiB, P2, 0x0000000000000000, Not Active, Not Active, Not Active, Not Active, Not Active
2026-10-02T17:30:32+08:00,2026/10/02 17:30:32.913, 1800 MHz, 2130 MHz, 9501 MHz, 1800 MHz, 256.35 W, 420.00 W, 420.00 W, 68, 100 %, 8473 MiB, P2, 0x0000000000000000, Not Active, Not Active, Not Active, Not Active, Not Active
2026-10-02T17:30:33+08:00,2026/10/02 17:30:33.943, 1800 MHz, 2130 MHz, 9501 MHz, 1800 MHz, 256.19 W, 420.00 W, 420.00 W, 69, 100 %, 8473 MiB, P2, 0x0000000000000000, Not Active, Not Active, Not Active, Not Active, Not Active
2026-10-02T17:30:34+08:00,2026/10/02 17:30:34.974, 1800 MHz, 2130 MHz, 9501 MHz, 1800 MHz, 255.93 W, 420.00 W, 420.00 W, 69, 100 %, 8473 MiB, P2, 0x0000000000000000, Not Active, Not Active, Not Active, Not Active, Not Active
2026-10-02T17:30:35+08:00,2026/10/02 17:30:36.007, 1800 MHz, 2130 MHz, 9501 MHz, 1800 MHz, 227.51 W, 420.00 W, 420.00 W, 66, 100 %, 8473 MiB, P2, 0x0000000000000000, Not Active, Not Active, Not Active, Not Active, Not Active
2026-10-02T17:30:37+08:00,2026/10/02 17:30:37.037, 1800 MHz, 2130 MHz, 9501 MHz, 1800 MHz, 253.18 W, 420.00 W, 420.00 W, 68, 100 %, 8473 MiB, P2, 0x0000000000000000, Not Active, Not Active, Not Active, Not Active, Not Active
2026-10-02T17:30:38+08:00,2026/10/02 17:30:38.068, 1800 MHz, 2130 MHz, 9501 MHz, 1800 MHz, 255.71 W, 420.00 W, 420.00 W, 68, 100 %, 8473 MiB, P2, 0x0000000000000000, Not Active, Not Active, Not Active, Not Active, Not Active
2026-10-02T17:30:39+08:00,2026/10/02 17:30:39.099, 1800 MHz, 2130 MHz, 9501 MHz, 1800 MHz, 255.95 W, 420.00 W, 420.00 W, 69, 100 %, 8473 MiB, P2, 0x0000000000000000, Not Active, Not Active, Not Active, Not Active, Not Active
2026-10-02T17:30:40+08:00,2026/10/02 17:30:40.130, 1800 MHz, 2130 MHz, 9501 MHz, 1800 MHz, 255.89 W, 420.00 W, 420.00 W, 68, 100 %, 8473 MiB, P2, 0x0000000000000000, Not Active, Not Active, Not Active, Not Active, Not Active
2026-10-02T17:30:41+08:00,2026/10/02 17:30:41.160, 1800 MHz, 2130 MHz, 9501 MHz, 1800 MHz, 255.98 W, 420.00 W, 420.00 W, 69, 100 %, 8473 MiB, P2, 0x0000000000000000, Not Active, Not Active, Not Active, Not Active, Not Active
2026-10-02T17:30:42+08:00,2026/10/02 17:30:42.193, 1800 MHz, 2130 MHz, 9501 MHz, 1800 MHz, 255.93 W, 420.00 W, 420.00 W, 69, 100 %, 8473 MiB, P2, 0x0000000000000000, Not Active, Not Active, Not Active, Not Active, Not Active
2026-10-02T17:30:43+08:00,2026/10/02 17:30:43.223, 1800 MHz, 2130 MHz, 9501 MHz, 1800 MHz, 256.00 W, 420.00 W, 420.00 W, 68, 100 %, 8473 MiB, P2, 0x0000000000000000, Not Active, Not Active, Not Active, Not Active, Not Active
2026-10-02T17:30:44+08:00,2026/10/02 17:30:44.253, 1800 MHz, 2130 MHz, 9501 MHz, 1800 MHz, 256.08 W, 420.00 W, 420.00 W, 68, 100 %, 8473 MiB, P2, 0x0000000000000000, Not Active, Not Active, Not Active, Not Active, Not Active
2026-10-02T17:30:45+08:00,2026/10/02 17:30:45.283, 1800 MHz, 2130 MHz, 9501 MHz, 1800 MHz, 255.89 W, 420.00 W, 420.00 W, 68, 100 %, 8473 MiB, P2, 0x0000000000000000, Not Active, Not Active, Not Active, Not Active, Not Active
2026-10-02T17:30:46+08:00,2026/10/02 17:30:46.311, 1800 MHz, 2130 MHz, 9501 MHz, 1800 MHz, 233.49 W, 420.00 W, 420.00 W, 68, 100 %, 8473 MiB, P2, 0x0000000000000000, Not Active, Not Active, Not Active, Not Active, Not Active
2026-10-02T17:30:47+08:00,2026/10/02 17:30:47.330, 1800 MHz, 2130 MHz, 9501 MHz, 1800 MHz, 139.08 W, 420.00 W, 420.00 W, 65, 0 %, 8473 MiB, P2, 0x0000000000000000, Not Active, Not Active, Not Active, Not Active, Not Active
2026-10-02T17:30:48+08:00,2026/10/02 17:30:48.350, 1800 MHz, 2130 MHz, 9501 MHz, 1800 MHz, 125.12 W, 420.00 W, 420.00 W, 65, 0 %, 8473 MiB, P2, 0x0000000000000000, Not Active, Not Active, Not Active, Not Active, Not Active
2026-10-02T17:30:49+08:00,2026/10/02 17:30:49.371, 1800 MHz, 2130 MHz, 9501 MHz, 1800 MHz, 124.86 W, 420.00 W, 420.00 W, 64, 0 %, 8473 MiB, P2, 0x0000000000000000, Not Active, Not Active, Not Active, Not Active, Not Active
2026-10-02T17:30:50+08:00,2026/10/02 17:30:50.392, 1800 MHz, 2130 MHz, 9501 MHz, 1800 MHz, 124.83 W, 420.00 W, 420.00 W, 64, 0 %, 8473 MiB, P2, 0x0000000000000000, Not Active, Not Active, Not Active, Not Active, Not Active
2026-10-02T17:30:51+08:00,2026/10/02 17:30:51.413, 1800 MHz, 2130 MHz, 9501 MHz, 1800 MHz, 124.17 W, 420.00 W, 420.00 W, 64, 0 %, 8473 MiB, P2, 0x0000000000000000, Not Active, Not Active, Not Active, Not Active, Not Active
2026-10-02T17:30:52+08:00,2026/10/02 17:30:52.435, 1800 MHz, 2130 MHz, 9501 MHz, 1800 MHz, 124.03 W, 420.00 W, 420.00 W, 63, 0 %, 8473 MiB, P2, 0x0000000000000000, Not Active, Not Active, Not Active, Not Active, Not Active
2026-10-02T17:30:53+08:00,2026/10/02 17:30:53.456, 1800 MHz, 2130 MHz, 9501 MHz, 1800 MHz, 123.70 W, 420.00 W, 420.00 W, 63, 0 %, 8473 MiB, P2, 0x0000000000000000, Not Active, Not Active, Not Active, Not Active, Not Active
2026-10-02T17:30:54+08:00,2026/10/02 17:30:54.476, 1800 MHz, 2130 MHz, 9501 MHz, 1800 MHz, 123.51 W, 420.00 W, 420.00 W, 63, 0 %, 8473 MiB, P2, 0x0000000000000000, Not Active, Not Active, Not Active, Not Active, Not Active
2026-10-02T17:30:55+08:00,2026/10/02 17:30:55.495, 1800 MHz, 2130 MHz, 9501 MHz, 1800 MHz, 123.48 W, 420.00 W, 420.00 W, 63, 0 %, 8473 MiB, P2, 0x0000000000000000, Not Active, Not Active, Not Active, Not Active, Not Active
2026-10-02T17:30:56+08:00,2026/10/02 17:30:56.515, 1800 MHz, 2130 MHz, 9501 MHz, 1800 MHz, 123.35 W, 420.00 W, 420.00 W, 63, 0 %, 8473 MiB, P2, 0x0000000000000000, Not Active, Not Active, Not Active, Not Active, Not Active
2026-10-02T17:30:57+08:00,2026/10/02 17:30:57.539, 1800 MHz, 2130 MHz, 9501 MHz, 1800 MHz, 123.24 W, 420.00 W, 420.00 W, 63, 0 %, 8473 MiB, P2, 0x0000000000000000, Not Active, Not Active, Not Active, Not Active, Not Active
2026-10-02T17:30:58+08:00,2026/10/02 17:30:58.563, 1800 MHz, 2130 MHz, 9501 MHz, 1800 MHz, 123.15 W, 420.00 W, 420.00 W, 63, 0 %, 8473 MiB, P2, 0x0000000000000000, Not Active, Not Active, Not Active, Not Active, Not Active
2026-10-02T17:30:59+08:00,2026/10/02 17:30:59.584, 1800 MHz, 2130 MHz, 9501 MHz, 1800 MHz, 123.18 W, 420.00 W, 420.00 W, 63, 0 %, 8473 MiB, P2, 0x0000000000000000, Not Active, Not Active, Not Active, Not Active, Not Active
2026-10-02T17:31:00+08:00,2026/10/02 17:31:00.605, 1800 MHz, 2130 MHz, 9501 MHz, 1800 MHz, 123.06 W, 420.00 W, 420.00 W, 62, 0 %, 8473 MiB, P2, 0x0000000000000000, Not Active, Not Active, Not Active, Not Active, Not Active
2026-10-02T17:31:01+08:00,2026/10/02 17:31:01.625, 1800 MHz, 2130 MHz, 9501 MHz, 1800 MHz, 122.80 W, 420.00 W, 420.00 W, 62, 0 %, 8473 MiB, P2, 0x0000000000000000, Not Active, Not Active, Not Active, Not Active, Not Active
2026-10-02T17:31:02+08:00,2026/10/02 17:31:02.644, 1800 MHz, 2130 MHz, 9501 MHz, 1800 MHz, 122.61 W, 420.00 W, 420.00 W, 62, 0 %, 8473 MiB, P2, 0x0000000000000000, Not Active, Not Active, Not Active, Not Active, Not Active
2026-10-02T17:31:03+08:00,2026/10/02 17:31:03.664, 1800 MHz, 2130 MHz, 9501 MHz, 1800 MHz, 122.56 W, 420.00 W, 420.00 W, 62, 0 %, 8473 MiB, P2, 0x0000000000000001, Not Active, Not Active, Not Active, Not Active, Active
2026-10-02T17:31:04+08:00,2026/10/02 17:31:04.684, 1800 MHz, 2130 MHz, 9501 MHz, 1800 MHz, 122.61 W, 420.00 W, 420.00 W, 62, 0 %, 8473 MiB, P2, 0x0000000000000001, Not Active, Not Active, Not Active, Not Active, Active
2026-10-02T17:31:05+08:00,2026/10/02 17:31:05.704, 1800 MHz, 2130 MHz, 9501 MHz, 1800 MHz, 122.14 W, 420.00 W, 420.00 W, 62, 0 %, 8473 MiB, P2, 0x0000000000000001, Not Active, Not Active, Not Active, Not Active, Active
2026-10-02T17:31:06+08:00,2026/10/02 17:31:06.726, 1800 MHz, 2130 MHz, 9501 MHz, 1800 MHz, 174.12 W, 420.00 W, 420.00 W, 64, 100 %, 8473 MiB, P2, 0x0000000000000000, Not Active, Not Active, Not Active, Not Active, Not Active
2026-10-02T17:31:07+08:00,2026/10/02 17:31:07.757, 1800 MHz, 2130 MHz, 9501 MHz, 1800 MHz, 250.12 W, 420.00 W, 420.00 W, 65, 100 %, 8473 MiB, P2, 0x0000000000000000, Not Active, Not Active, Not Active, Not Active, Not Active
2026-10-02T17:31:08+08:00,2026/10/02 17:31:08.792, 1800 MHz, 2130 MHz, 9501 MHz, 1800 MHz, 250.11 W, 420.00 W, 420.00 W, 65, 100 %, 8473 MiB, P2, 0x0000000000000000, Not Active, Not Active, Not Active, Not Active, Not Active
2026-10-02T17:31:09+08:00,2026/10/02 17:31:09.824, 1800 MHz, 2130 MHz, 9501 MHz, 1800 MHz, 250.16 W, 420.00 W, 420.00 W, 66, 100 %, 8473 MiB, P2, 0x0000000000000000, Not Active, Not Active, Not Active, Not Active, Not Active
2026-10-02T17:31:10+08:00,2026/10/02 17:31:10.855, 1800 MHz, 2130 MHz, 9501 MHz, 1800 MHz, 250.37 W, 420.00 W, 420.00 W, 66, 100 %, 8473 MiB, P2, 0x0000000000000000, Not Active, Not Active, Not Active, Not Active, Not Active
2026-10-02T17:31:11+08:00,2026/10/02 17:31:11.885, 1800 MHz, 2130 MHz, 9501 MHz, 1800 MHz, 250.62 W, 420.00 W, 420.00 W, 66, 100 %, 8473 MiB, P2, 0x0000000000000000, Not Active, Not Active, Not Active, Not Active, Not Active
2026-10-02T17:31:12+08:00,2026/10/02 17:31:12.920, 1800 MHz, 2130 MHz, 9501 MHz, 1800 MHz, 250.91 W, 420.00 W, 420.00 W, 66, 100 %, 8473 MiB, P2, 0x0000000000000000, Not Active, Not Active, Not Active, Not Active, Not Active
2026-10-02T17:31:13+08:00,2026/10/02 17:31:13.954, 1800 MHz, 2130 MHz, 9501 MHz, 1800 MHz, 251.07 W, 420.00 W, 420.00 W, 66, 100 %, 8473 MiB, P2, 0x0000000000000000, Not Active, Not Active, Not Active, Not Active, Not Active
2026-10-02T17:31:14+08:00,2026/10/02 17:31:14.985, 1800 MHz, 2130 MHz, 9501 MHz, 1800 MHz, 250.77 W, 420.00 W, 420.00 W, 66, 100 %, 8473 MiB, P2, 0x0000000000000000, Not Active, Not Active, Not Active, Not Active, Not Active
2026-10-02T17:31:16+08:00,2026/10/02 17:31:16.023, 1800 MHz, 2130 MHz, 9501 MHz, 1800 MHz, 250.81 W, 420.00 W, 420.00 W, 66, 100 %, 8473 MiB, P2, 0x0000000000000000, Not Active, Not Active, Not Active, Not Active, Not Active
2026-10-02T17:31:17+08:00,2026/10/02 17:31:17.054, 1800 MHz, 2130 MHz, 9501 MHz, 1800 MHz, 176.20 W, 420.00 W, 420.00 W, 63, 0 %, 8473 MiB, P2, 0x0000000000000000, Not Active, Not Active, Not Active, Not Active, Not Active
2026-10-02T17:31:18+08:00,2026/10/02 17:31:18.074, 1800 MHz, 2130 MHz, 9501 MHz, 1800 MHz, 122.97 W, 420.00 W, 420.00 W, 62, 0 %, 8473 MiB, P2, 0x0000000000000000, Not Active, Not Active, Not Active, Not Active, Not Active
2026-10-02T17:31:19+08:00,2026/10/02 17:31:19.098, 1800 MHz, 2130 MHz, 9501 MHz, 1800 MHz, 122.95 W, 420.00 W, 420.00 W, 62, 0 %, 8473 MiB, P2, 0x0000000000000000, Not Active, Not Active, Not Active, Not Active, Not Active
2026-10-02T17:31:20+08:00,2026/10/02 17:31:20.120, 1800 MHz, 2130 MHz, 9501 MHz, 1800 MHz, 122.80 W, 420.00 W, 420.00 W, 62, 0 %, 8473 MiB, P2, 0x0000000000000000, Not Active, Not Active, Not Active, Not Active, Not Active
2026-10-02T17:31:21+08:00,2026/10/02 17:31:21.143, 1800 MHz, 2130 MHz, 9501 MHz, 1800 MHz, 122.66 W, 420.00 W, 420.00 W, 62, 0 %, 8473 MiB, P2, 0x0000000000000000, Not Active, Not Active, Not Active, Not Active, Not Active
2026-10-02T17:31:22+08:00,2026/10/02 17:31:22.165, 1800 MHz, 2130 MHz, 9501 MHz, 1800 MHz, 122.40 W, 420.00 W, 420.00 W, 61, 0 %, 8473 MiB, P2, 0x0000000000000000, Not Active, Not Active, Not Active, Not Active, Not Active
2026-10-02T17:31:23+08:00,2026/10/02 17:31:23.185, 1800 MHz, 2130 MHz, 9501 MHz, 1800 MHz, 122.28 W, 420.00 W, 420.00 W, 61, 0 %, 8473 MiB, P2, 0x0000000000000000, Not Active, Not Active, Not Active, Not Active, Not Active
2026-10-02T17:31:24+08:00,2026/10/02 17:31:24.205, 1800 MHz, 2130 MHz, 9501 MHz, 1800 MHz, 122.06 W, 420.00 W, 420.00 W, 61, 0 %, 8473 MiB, P2, 0x0000000000000000, Not Active, Not Active, Not Active, Not Active, Not Active
2026-10-02T17:31:25+08:00,2026/10/02 17:31:25.225, 1800 MHz, 2130 MHz, 9501 MHz, 1800 MHz, 121.77 W, 420.00 W, 420.00 W, 61, 0 %, 8473 MiB, P2, 0x0000000000000000, Not Active, Not Active, Not Active, Not Active, Not Active
2026-10-02T17:31:26+08:00,2026/10/02 17:31:26.246, 1800 MHz, 2130 MHz, 9501 MHz, 1800 MHz, 121.85 W, 420.00 W, 420.00 W, 61, 0 %, 8473 MiB, P2, 0x0000000000000000, Not Active, Not Active, Not Active, Not Active, Not Active
2026-10-02T17:31:27+08:00,2026/10/02 17:31:27.267, 1800 MHz, 2130 MHz, 9501 MHz, 1800 MHz, 121.66 W, 420.00 W, 420.00 W, 61, 0 %, 8473 MiB, P2, 0x0000000000000000, Not Active, Not Active, Not Active, Not Active, Not Active
2026-10-02T17:31:28+08:00,2026/10/02 17:31:28.288, 1800 MHz, 2130 MHz, 9501 MHz, 1800 MHz, 121.64 W, 420.00 W, 420.00 W, 61, 0 %, 8473 MiB, P2, 0x0000000000000000, Not Active, Not Active, Not Active, Not Active, Not Active
2026-10-02T17:31:29+08:00,2026/10/02 17:31:29.308, 1800 MHz, 2130 MHz, 9501 MHz, 1800 MHz, 121.45 W, 420.00 W, 420.00 W, 61, 0 %, 8473 MiB, P2, 0x0000000000000000, Not Active, Not Active, Not Active, Not Active, Not Active
2026-10-02T17:31:30+08:00,2026/10/02 17:31:30.329, 1800 MHz, 2130 MHz, 9501 MHz, 1800 MHz, 121.26 W, 420.00 W, 420.00 W, 61, 0 %, 8473 MiB, P2, 0x0000000000000000, Not Active, Not Active, Not Active, Not Active, Not Active
2026-10-02T17:31:31+08:00,2026/10/02 17:31:31.349, 1800 MHz, 2130 MHz, 9501 MHz, 1800 MHz, 121.33 W, 420.00 W, 420.00 W, 61, 0 %, 8473 MiB, P2, 0x0000000000000000, Not Active, Not Active, Not Active, Not Active, Not Active
2026-10-02T17:31:32+08:00,2026/10/02 17:31:32.369, 1800 MHz, 2130 MHz, 9501 MHz, 1800 MHz, 121.21 W, 420.00 W, 420.00 W, 60, 0 %, 8473 MiB, P2, 0x0000000000000000, Not Active, Not Active, Not Active, Not Active, Not Active
2026-10-02T17:31:33+08:00,2026/10/02 17:31:33.389, 1800 MHz, 2130 MHz, 9501 MHz, 1800 MHz, 121.14 W, 420.00 W, 420.00 W, 60, 0 %, 8473 MiB, P2, 0x0000000000000001, Not Active, Not Active, Not Active, Not Active, Active
2026-10-02T17:31:34+08:00,2026/10/02 17:31:34.409, 1800 MHz, 2130 MHz, 9501 MHz, 1800 MHz, 121.04 W, 420.00 W, 420.00 W, 60, 0 %, 8473 MiB, P2, 0x0000000000000001, Not Active, Not Active, Not Active, Not Active, Active
2026-10-02T17:31:35+08:00,2026/10/02 17:31:35.429, 1800 MHz, 2130 MHz, 9501 MHz, 1800 MHz, 120.90 W, 420.00 W, 420.00 W, 60, 0 %, 8473 MiB, P2, 0x0000000000000001, Not Active, Not Active, Not Active, Not Active, Active
2026-10-02T17:31:36+08:00,2026/10/02 17:31:36.451, 1800 MHz, 2130 MHz, 9501 MHz, 1800 MHz, 123.88 W, 420.00 W, 420.00 W, 60, 100 %, 8473 MiB, P2, 0x0000000000000000, Not Active, Not Active, Not Active, Not Active, Not Active
2026-10-02T17:31:37+08:00,2026/10/02 17:31:37.484, 1800 MHz, 2130 MHz, 9501 MHz, 1800 MHz, 248.74 W, 420.00 W, 420.00 W, 63, 100 %, 8473 MiB, P2, 0x0000000000000000, Not Active, Not Active, Not Active, Not Active, Not Active
2026-10-02T17:31:38+08:00,2026/10/02 17:31:38.518, 1800 MHz, 2130 MHz, 9501 MHz, 1800 MHz, 249.32 W, 420.00 W, 420.00 W, 64, 100 %, 8473 MiB, P2, 0x0000000000000000, Not Active, Not Active, Not Active, Not Active, Not Active
2026-10-02T17:31:39+08:00,2026/10/02 17:31:39.549, 1800 MHz, 2130 MHz, 9501 MHz, 1800 MHz, 249.47 W, 420.00 W, 420.00 W, 64, 100 %, 8473 MiB, P2, 0x0000000000000000, Not Active, Not Active, Not Active, Not Active, Not Active
2026-10-02T17:31:40+08:00,2026/10/02 17:31:40.580, 1800 MHz, 2130 MHz, 9501 MHz, 1800 MHz, 249.55 W, 420.00 W, 420.00 W, 64, 100 %, 8473 MiB, P2, 0x0000000000000000, Not Active, Not Active, Not Active, Not Active, Not Active
2026-10-02T17:31:41+08:00,2026/10/02 17:31:41.610, 1800 MHz, 2130 MHz, 9501 MHz, 1800 MHz, 249.57 W, 420.00 W, 420.00 W, 64, 100 %, 8473 MiB, P2, 0x0000000000000000, Not Active, Not Active, Not Active, Not Active, Not Active
2026-10-02T17:31:42+08:00,2026/10/02 17:31:42.641, 1800 MHz, 2130 MHz, 9501 MHz, 1800 MHz, 249.43 W, 420.00 W, 420.00 W, 64, 100 %, 8473 MiB, P2, 0x0000000000000000, Not Active, Not Active, Not Active, Not Active, Not Active
2026-10-02T17:31:43+08:00,2026/10/02 17:31:43.671, 1800 MHz, 2130 MHz, 9501 MHz, 1800 MHz, 249.57 W, 420.00 W, 420.00 W, 64, 100 %, 8473 MiB, P2, 0x0000000000000000, Not Active, Not Active, Not Active, Not Active, Not Active
2026-10-02T17:31:44+08:00,2026/10/02 17:31:44.702, 1800 MHz, 2130 MHz, 9501 MHz, 1800 MHz, 249.60 W, 420.00 W, 420.00 W, 64, 100 %, 8473 MiB, P2, 0x0000000000000000, Not Active, Not Active, Not Active, Not Active, Not Active
2026-10-02T17:31:45+08:00,2026/10/02 17:31:45.733, 1800 MHz, 2130 MHz, 9501 MHz, 1800 MHz, 249.64 W, 420.00 W, 420.00 W, 64, 100 %, 8473 MiB, P2, 0x0000000000000000, Not Active, Not Active, Not Active, Not Active, Not Active
2026-10-02T17:31:46+08:00,2026/10/02 17:31:46.762, 1800 MHz, 2130 MHz, 9501 MHz, 1800 MHz, 232.45 W, 420.00 W, 420.00 W, 64, 100 %, 8473 MiB, P2, 0x0000000000000000, Not Active, Not Active, Not Active, Not Active, Not Active
2026-10-02T17:31:47+08:00,2026/10/02 17:31:47.784, 1800 MHz, 2130 MHz, 9501 MHz, 1800 MHz, 139.75 W, 420.00 W, 420.00 W, 61, 0 %, 8473 MiB, P2, 0x0000000000000000, Not Active, Not Active, Not Active, Not Active, Not Active
2026-10-02T17:31:48+08:00,2026/10/02 17:31:48.805, 1800 MHz, 2130 MHz, 9501 MHz, 1800 MHz, 121.51 W, 420.00 W, 420.00 W, 61, 0 %, 8473 MiB, P2, 0x0000000000000000, Not Active, Not Active, Not Active, Not Active, Not Active
2026-10-02T17:31:49+08:00,2026/10/02 17:31:49.826, 1800 MHz, 2130 MHz, 9501 MHz, 1800 MHz, 121.30 W, 420.00 W, 420.00 W, 60, 0 %, 8473 MiB, P2, 0x0000000000000000, Not Active, Not Active, Not Active, Not Active, Not Active
2026-10-02T17:31:50+08:00,2026/10/02 17:31:50.846, 1800 MHz, 2130 MHz, 9501 MHz, 1800 MHz, 120.92 W, 420.00 W, 420.00 W, 60, 0 %, 8473 MiB, P2, 0x0000000000000000, Not Active, Not Active, Not Active, Not Active, Not Active
2026-10-02T17:31:51+08:00,2026/10/02 17:31:51.866, 1800 MHz, 2130 MHz, 9501 MHz, 1800 MHz, 120.51 W, 420.00 W, 420.00 W, 60, 0 %, 8473 MiB, P2, 0x0000000000000000, Not Active, Not Active, Not Active, Not Active, Not Active
2026-10-02T17:31:52+08:00,2026/10/02 17:31:52.886, 1800 MHz, 2130 MHz, 9501 MHz, 1800 MHz, 120.35 W, 420.00 W, 420.00 W, 60, 0 %, 8473 MiB, P2, 0x0000000000000000, Not Active, Not Active, Not Active, Not Active, Not Active
2026-10-02T17:31:53+08:00,2026/10/02 17:31:53.907, 1800 MHz, 2130 MHz, 9501 MHz, 1800 MHz, 120.20 W, 420.00 W, 420.00 W, 60, 0 %, 8473 MiB, P2, 0x0000000000000000, Not Active, Not Active, Not Active, Not Active, Not Active
2026-10-02T17:31:54+08:00,2026/10/02 17:31:54.928, 1800 MHz, 2130 MHz, 9501 MHz, 1800 MHz, 120.39 W, 420.00 W, 420.00 W, 60, 0 %, 8473 MiB, P2, 0x0000000000000000, Not Active, Not Active, Not Active, Not Active, Not Active
2026-10-02T17:31:55+08:00,2026/10/02 17:31:55.949, 1800 MHz, 2130 MHz, 9501 MHz, 1800 MHz, 119.97 W, 420.00 W, 420.00 W, 59, 0 %, 8473 MiB, P2, 0x0000000000000000, Not Active, Not Active, Not Active, Not Active, Not Active
2026-10-02T17:31:56+08:00,2026/10/02 17:31:56.972, 1800 MHz, 2130 MHz, 9501 MHz, 1800 MHz, 120.06 W, 420.00 W, 420.00 W, 59, 0 %, 8473 MiB, P2, 0x0000000000000000, Not Active, Not Active, Not Active, Not Active, Not Active
2026-10-02T17:31:57+08:00,2026/10/02 17:31:57.993, 1800 MHz, 2130 MHz, 9501 MHz, 1800 MHz, 120.06 W, 420.00 W, 420.00 W, 59, 0 %, 8473 MiB, P2, 0x0000000000000000, Not Active, Not Active, Not Active, Not Active, Not Active
2026-10-02T17:31:59+08:00,2026/10/02 17:31:59.014, 1800 MHz, 2130 MHz, 9501 MHz, 1800 MHz, 119.78 W, 420.00 W, 420.00 W, 59, 0 %, 8473 MiB, P2, 0x0000000000000000, Not Active, Not Active, Not Active, Not Active, Not Active
2026-10-02T17:32:00+08:00,2026/10/02 17:32:00.034, 1800 MHz, 2130 MHz, 9501 MHz, 1800 MHz, 119.54 W, 420.00 W, 420.00 W, 59, 0 %, 8473 MiB, P2, 0x0000000000000000, Not Active, Not Active, Not Active, Not Active, Not Active
2026-10-02T17:32:01+08:00,2026/10/02 17:32:01.057, 1800 MHz, 2130 MHz, 9501 MHz, 1800 MHz, 119.71 W, 420.00 W, 420.00 W, 59, 0 %, 8473 MiB, P2, 0x0000000000000000, Not Active, Not Active, Not Active, Not Active, Not Active
2026-10-02T17:32:02+08:00,2026/10/02 17:32:02.082, 1800 MHz, 2130 MHz, 9501 MHz, 1800 MHz, 119.72 W, 420.00 W, 420.00 W, 59, 0 %, 8473 MiB, P2, 0x0000000000000000, Not Active, Not Active, Not Active, Not Active, Not Active
2026-10-02T17:32:03+08:00,2026/10/02 17:32:03.106, 1800 MHz, 2130 MHz, 9501 MHz, 1800 MHz, 119.59 W, 420.00 W, 420.00 W, 59, 0 %, 8473 MiB, P2, 0x0000000000000001, Not Active, Not Active, Not Active, Not Active, Active
2026-10-02T17:32:04+08:00,2026/10/02 17:32:04.127, 1800 MHz, 2130 MHz, 9501 MHz, 1800 MHz, 119.53 W, 420.00 W, 420.00 W, 59, 0 %, 8473 MiB, P2, 0x0000000000000001, Not Active, Not Active, Not Active, Not Active, Active
2026-10-02T17:32:05+08:00,2026/10/02 17:32:05.148, 1800 MHz, 2130 MHz, 9501 MHz, 1800 MHz, 119.40 W, 420.00 W, 420.00 W, 59, 0 %, 8473 MiB, P2, 0x0000000000000001, Not Active, Not Active, Not Active, Not Active, Active
2026-10-02T17:32:06+08:00,2026/10/02 17:32:06.170, 1800 MHz, 2130 MHz, 9501 MHz, 1800 MHz, 119.28 W, 420.00 W, 420.00 W, 59, 0 %, 8473 MiB, P2, 0x0000000000000001, Not Active, Not Active, Not Active, Not Active, Active
2026-10-02T17:32:07+08:00,2026/10/02 17:32:07.195, 1800 MHz, 2130 MHz, 9501 MHz, 1800 MHz, 173.30 W, 420.00 W, 420.00 W, 61, 100 %, 8473 MiB, P2, 0x0000000000000000, Not Active, Not Active, Not Active, Not Active, Not Active
2026-10-02T17:32:08+08:00,2026/10/02 17:32:08.225, 1800 MHz, 2130 MHz, 9501 MHz, 1800 MHz, 248.16 W, 420.00 W, 420.00 W, 62, 100 %, 8473 MiB, P2, 0x0000000000000000, Not Active, Not Active, Not Active, Not Active, Not Active
2026-10-02T17:32:09+08:00,2026/10/02 17:32:09.256, 1800 MHz, 2130 MHz, 9501 MHz, 1800 MHz, 248.37 W, 420.00 W, 420.00 W, 62, 100 %, 8473 MiB, P2, 0x0000000000000000, Not Active, Not Active, Not Active, Not Active, Not Active
2026-10-02T17:32:10+08:00,2026/10/02 17:32:10.290, 1800 MHz, 2130 MHz, 9501 MHz, 1800 MHz, 248.61 W, 420.00 W, 420.00 W, 63, 100 %, 8473 MiB, P2, 0x0000000000000000, Not Active, Not Active, Not Active, Not Active, Not Active
2026-10-02T17:32:11+08:00,2026/10/02 17:32:11.322, 1800 MHz, 2130 MHz, 9501 MHz, 1800 MHz, 248.59 W, 420.00 W, 420.00 W, 63, 100 %, 8473 MiB, P2, 0x0000000000000000, Not Active, Not Active, Not Active, Not Active, Not Active
2026-10-02T17:32:12+08:00,2026/10/02 17:32:12.352, 1800 MHz, 2130 MHz, 9501 MHz, 1800 MHz, 248.56 W, 420.00 W, 420.00 W, 63, 100 %, 8473 MiB, P2, 0x0000000000000000, Not Active, Not Active, Not Active, Not Active, Not Active
2026-10-02T17:32:13+08:00,2026/10/02 17:32:13.386, 1800 MHz, 2130 MHz, 9501 MHz, 1800 MHz, 248.66 W, 420.00 W, 420.00 W, 63, 100 %, 8473 MiB, P2, 0x0000000000000000, Not Active, Not Active, Not Active, Not Active, Not Active
2026-10-02T17:32:14+08:00,2026/10/02 17:32:14.418, 1800 MHz, 2130 MHz, 9501 MHz, 1800 MHz, 248.76 W, 420.00 W, 420.00 W, 63, 100 %, 8473 MiB, P2, 0x0000000000000000, Not Active, Not Active, Not Active, Not Active, Not Active
2026-10-02T17:32:15+08:00,2026/10/02 17:32:15.449, 1800 MHz, 2130 MHz, 9501 MHz, 1800 MHz, 248.84 W, 420.00 W, 420.00 W, 63, 100 %, 8473 MiB, P2, 0x0000000000000000, Not Active, Not Active, Not Active, Not Active, Not Active
2026-10-02T17:32:16+08:00,2026/10/02 17:32:16.480, 1800 MHz, 2130 MHz, 9501 MHz, 1800 MHz, 248.74 W, 420.00 W, 420.00 W, 63, 100 %, 8473 MiB, P2, 0x0000000000000000, Not Active, Not Active, Not Active, Not Active, Not Active
2026-10-02T17:32:17+08:00,2026/10/02 17:32:17.509, 1800 MHz, 2130 MHz, 9501 MHz, 1800 MHz, 166.93 W, 420.00 W, 420.00 W, 60, 0 %, 8473 MiB, P2, 0x0000000000000000, Not Active, Not Active, Not Active, Not Active, Not Active
2026-10-02T17:32:18+08:00,2026/10/02 17:32:18.532, 1800 MHz, 2130 MHz, 9501 MHz, 1800 MHz, 143.66 W, 420.00 W, 420.00 W, 60, 0 %, 8473 MiB, P2, 0x0000000000000000, Not Active, Not Active, Not Active, Not Active, Not Active
2026-10-02T17:32:19+08:00,2026/10/02 17:32:19.553, 1800 MHz, 2130 MHz, 9501 MHz, 1800 MHz, 120.06 W, 420.00 W, 420.00 W, 59, 0 %, 8473 MiB, P2, 0x0000000000000000, Not Active, Not Active, Not Active, Not Active, Not Active
2026-10-02T17:32:20+08:00,2026/10/02 17:32:20.573, 1800 MHz, 2130 MHz, 9501 MHz, 1800 MHz, 119.88 W, 420.00 W, 420.00 W, 59, 0 %, 8473 MiB, P2, 0x0000000000000000, Not Active, Not Active, Not Active, Not Active, Not Active
2026-10-02T17:32:21+08:00,2026/10/02 17:32:21.593, 1800 MHz, 2130 MHz, 9501 MHz, 1800 MHz, 119.62 W, 420.00 W, 420.00 W, 59, 0 %, 8473 MiB, P2, 0x0000000000000000, Not Active, Not Active, Not Active, Not Active, Not Active
2026-10-02T17:32:22+08:00,2026/10/02 17:32:22.613, 1800 MHz, 2130 MHz, 9501 MHz, 1800 MHz, 119.14 W, 420.00 W, 420.00 W, 59, 0 %, 8473 MiB, P2, 0x0000000000000000, Not Active, Not Active, Not Active, Not Active, Not Active
2026-10-02T17:32:23+08:00,2026/10/02 17:32:23.633, 1800 MHz, 2130 MHz, 9501 MHz, 1800 MHz, 119.23 W, 420.00 W, 420.00 W, 59, 0 %, 8473 MiB, P2, 0x0000000000000000, Not Active, Not Active, Not Active, Not Active, Not Active
2026-10-02T17:32:24+08:00,2026/10/02 17:32:24.653, 1800 MHz, 2130 MHz, 9501 MHz, 1800 MHz, 119.10 W, 420.00 W, 420.00 W, 59, 0 %, 8473 MiB, P2, 0x0000000000000000, Not Active, Not Active, Not Active, Not Active, Not Active
2026-10-02T17:32:25+08:00,2026/10/02 17:32:25.673, 1800 MHz, 2130 MHz, 9501 MHz, 1800 MHz, 119.07 W, 420.00 W, 420.00 W, 59, 0 %, 8473 MiB, P2, 0x0000000000000000, Not Active, Not Active, Not Active, Not Active, Not Active
2026-10-02T17:32:26+08:00,2026/10/02 17:32:26.694, 1800 MHz, 2130 MHz, 9501 MHz, 1800 MHz, 118.89 W, 420.00 W, 420.00 W, 58, 0 %, 8473 MiB, P2, 0x0000000000000000, Not Active, Not Active, Not Active, Not Active, Not Active
2026-10-02T17:32:27+08:00,2026/10/02 17:32:27.714, 1800 MHz, 2130 MHz, 9501 MHz, 1800 MHz, 118.77 W, 420.00 W, 420.00 W, 58, 0 %, 8473 MiB, P2, 0x0000000000000000, Not Active, Not Active, Not Active, Not Active, Not Active
2026-10-02T17:32:28+08:00,2026/10/02 17:32:28.737, 1800 MHz, 2130 MHz, 9501 MHz, 1800 MHz, 118.64 W, 420.00 W, 420.00 W, 58, 0 %, 8473 MiB, P2, 0x0000000000000000, Not Active, Not Active, Not Active, Not Active, Not Active
2026-10-02T17:32:29+08:00,2026/10/02 17:32:29.757, 1800 MHz, 2130 MHz, 9501 MHz, 1800 MHz, 118.46 W, 420.00 W, 420.00 W, 58, 0 %, 8473 MiB, P2, 0x0000000000000000, Not Active, Not Active, Not Active, Not Active, Not Active
2026-10-02T17:32:30+08:00,2026/10/02 17:32:30.777, 1800 MHz, 2130 MHz, 9501 MHz, 1800 MHz, 118.57 W, 420.00 W, 420.00 W, 58, 0 %, 8473 MiB, P2, 0x0000000000000000, Not Active, Not Active, Not Active, Not Active, Not Active
2026-10-02T17:32:31+08:00,2026/10/02 17:32:31.797, 1800 MHz, 2130 MHz, 9501 MHz, 1800 MHz, 118.33 W, 420.00 W, 420.00 W, 58, 0 %, 8473 MiB, P2, 0x0000000000000000, Not Active, Not Active, Not Active, Not Active, Not Active
2026-10-02T17:32:32+08:00,2026/10/02 17:32:32.818, 1800 MHz, 2130 MHz, 9501 MHz, 1800 MHz, 118.36 W, 420.00 W, 420.00 W, 58, 0 %, 8473 MiB, P2, 0x0000000000000000, Not Active, Not Active, Not Active, Not Active, Not Active
2026-10-02T17:32:33+08:00,2026/10/02 17:32:33.840, 1800 MHz, 2130 MHz, 9501 MHz, 1800 MHz, 118.44 W, 420.00 W, 420.00 W, 58, 0 %, 8473 MiB, P2, 0x0000000000000001, Not Active, Not Active, Not Active, Not Active, Active
2026-10-02T17:32:34+08:00,2026/10/02 17:32:34.860, 1800 MHz, 2130 MHz, 9501 MHz, 1800 MHz, 118.44 W, 420.00 W, 420.00 W, 58, 0 %, 8473 MiB, P2, 0x0000000000000001, Not Active, Not Active, Not Active, Not Active, Active
2026-10-02T17:32:35+08:00,2026/10/02 17:32:35.880, 1800 MHz, 2130 MHz, 9501 MHz, 1800 MHz, 118.24 W, 420.00 W, 420.00 W, 58, 0 %, 8473 MiB, P2, 0x0000000000000001, Not Active, Not Active, Not Active, Not Active, Active
2026-10-02T17:32:36+08:00,2026/10/02 17:32:36.903, 1800 MHz, 2130 MHz, 9501 MHz, 1800 MHz, 122.49 W, 420.00 W, 420.00 W, 59, 56 %, 8473 MiB, P2, 0x0000000000000000, Not Active, Not Active, Not Active, Not Active, Not Active
2026-10-02T17:32:37+08:00,2026/10/02 17:32:37.937, 1800 MHz, 2130 MHz, 9501 MHz, 1800 MHz, 241.36 W, 420.00 W, 420.00 W, 61, 100 %, 8473 MiB, P2, 0x0000000000000000, Not Active, Not Active, Not Active, Not Active, Not Active
2026-10-02T17:32:38+08:00,2026/10/02 17:32:38.967, 1800 MHz, 2130 MHz, 9501 MHz, 1800 MHz, 247.57 W, 420.00 W, 420.00 W, 61, 100 %, 8473 MiB, P2, 0x0000000000000000, Not Active, Not Active, Not Active, Not Active, Not Active
2026-10-02T17:32:39+08:00,2026/10/02 17:32:39.998, 1800 MHz, 2130 MHz, 9501 MHz, 1800 MHz, 248.04 W, 420.00 W, 420.00 W, 62, 100 %, 8473 MiB, P2, 0x0000000000000000, Not Active, Not Active, Not Active, Not Active, Not Active
2026-10-02T17:32:41+08:00,2026/10/02 17:32:41.030, 1800 MHz, 2130 MHz, 9501 MHz, 1800 MHz, 248.19 W, 420.00 W, 420.00 W, 62, 100 %, 8473 MiB, P2, 0x0000000000000000, Not Active, Not Active, Not Active, Not Active, Not Active
2026-10-02T17:32:42+08:00,2026/10/02 17:32:42.060, 1800 MHz, 2130 MHz, 9501 MHz, 1800 MHz, 248.01 W, 420.00 W, 420.00 W, 62, 100 %, 8473 MiB, P2, 0x0000000000000000, Not Active, Not Active, Not Active, Not Active, Not Active
2026-10-02T17:32:43+08:00,2026/10/02 17:32:43.091, 1800 MHz, 2130 MHz, 9501 MHz, 1800 MHz, 248.25 W, 420.00 W, 420.00 W, 62, 100 %, 8473 MiB, P2, 0x0000000000000000, Not Active, Not Active, Not Active, Not Active, Not Active
2026-10-02T17:32:44+08:00,2026/10/02 17:32:44.123, 1800 MHz, 2130 MHz, 9501 MHz, 1800 MHz, 248.04 W, 420.00 W, 420.00 W, 62, 100 %, 8473 MiB, P2, 0x0000000000000000, Not Active, Not Active, Not Active, Not Active, Not Active
2026-10-02T17:32:45+08:00,2026/10/02 17:32:45.153, 1800 MHz, 2130 MHz, 9501 MHz, 1800 MHz, 248.12 W, 420.00 W, 420.00 W, 62, 100 %, 8473 MiB, P2, 0x0000000000000000, Not Active, Not Active, Not Active, Not Active, Not Active
2026-10-02T17:32:46+08:00,2026/10/02 17:32:46.185, 1800 MHz, 2130 MHz, 9501 MHz, 1800 MHz, 248.41 W, 420.00 W, 420.00 W, 62, 100 %, 8473 MiB, P2, 0x0000000000000000, Not Active, Not Active, Not Active, Not Active, Not Active
2026-10-02T17:32:47+08:00,2026/10/02 17:32:47.214, 1800 MHz, 2130 MHz, 9501 MHz, 1800 MHz, 228.93 W, 420.00 W, 420.00 W, 62, 100 %, 8473 MiB, P2, 0x0000000000000000, Not Active, Not Active, Not Active, Not Active, Not Active
2026-10-02T17:32:48+08:00,2026/10/02 17:32:48.234, 1800 MHz, 2130 MHz, 9501 MHz, 1800 MHz, 135.02 W, 420.00 W, 420.00 W, 59, 0 %, 8473 MiB, P2, 0x0000000000000000, Not Active, Not Active, Not Active, Not Active, Not Active
2026-10-02T17:32:49+08:00,2026/10/02 17:32:49.254, 1800 MHz, 2130 MHz, 9501 MHz, 1800 MHz, 119.09 W, 420.00 W, 420.00 W, 59, 0 %, 8473 MiB, P2, 0x0000000000000000, Not Active, Not Active, Not Active, Not Active, Not Active
2026-10-02T17:32:50+08:00,2026/10/02 17:32:50.275, 1800 MHz, 2130 MHz, 9501 MHz, 1800 MHz, 118.86 W, 420.00 W, 420.00 W, 58, 0 %, 8473 MiB, P2, 0x0000000000000000, Not Active, Not Active, Not Active, Not Active, Not Active
2026-10-02T17:32:51+08:00,2026/10/02 17:32:51.296, 1800 MHz, 2130 MHz, 9501 MHz, 1800 MHz, 118.56 W, 420.00 W, 420.00 W, 58, 0 %, 8473 MiB, P2, 0x0000000000000000, Not Active, Not Active, Not Active, Not Active, Not Active
2026-10-02T17:32:52+08:00,2026/10/02 17:32:52.317, 1800 MHz, 2130 MHz, 9501 MHz, 1800 MHz, 118.57 W, 420.00 W, 420.00 W, 58, 0 %, 8473 MiB, P2, 0x0000000000000000, Not Active, Not Active, Not Active, Not Active, Not Active
2026-10-02T17:32:53+08:00,2026/10/02 17:32:53.338, 1800 MHz, 2130 MHz, 9501 MHz, 1800 MHz, 118.41 W, 420.00 W, 420.00 W, 58, 0 %, 8473 MiB, P2, 0x0000000000000000, Not Active, Not Active, Not Active, Not Active, Not Active
2026-10-02T17:32:54+08:00,2026/10/02 17:32:54.358, 1800 MHz, 2130 MHz, 9501 MHz, 1800 MHz, 118.45 W, 420.00 W, 420.00 W, 58, 0 %, 8473 MiB, P2, 0x0000000000000000, Not Active, Not Active, Not Active, Not Active, Not Active
2026-10-02T17:32:55+08:00,2026/10/02 17:32:55.379, 1800 MHz, 2130 MHz, 9501 MHz, 1800 MHz, 118.50 W, 420.00 W, 420.00 W, 58, 0 %, 8473 MiB, P2, 0x0000000000000000, Not Active, Not Active, Not Active, Not Active, Not Active
2026-10-02T17:32:56+08:00,2026/10/02 17:32:56.400, 1800 MHz, 2130 MHz, 9501 MHz, 1800 MHz, 118.41 W, 420.00 W, 420.00 W, 58, 0 %, 8473 MiB, P2, 0x0000000000000000, Not Active, Not Active, Not Active, Not Active, Not Active
2026-10-02T17:32:57+08:00,2026/10/02 17:32:57.420, 1800 MHz, 2130 MHz, 9501 MHz, 1800 MHz, 118.34 W, 420.00 W, 420.00 W, 58, 0 %, 8473 MiB, P2, 0x0000000000000000, Not Active, Not Active, Not Active, Not Active, Not Active
2026-10-02T17:32:58+08:00,2026/10/02 17:32:58.441, 1800 MHz, 2130 MHz, 9501 MHz, 1800 MHz, 118.19 W, 420.00 W, 420.00 W, 57, 0 %, 8473 MiB, P2, 0x0000000000000000, Not Active, Not Active, Not Active, Not Active, Not Active
2026-10-02T17:32:59+08:00,2026/10/02 17:32:59.464, 1800 MHz, 2130 MHz, 9501 MHz, 1800 MHz, 118.20 W, 420.00 W, 420.00 W, 57, 0 %, 8473 MiB, P2, 0x0000000000000000, Not Active, Not Active, Not Active, Not Active, Not Active
2026-10-02T17:33:00+08:00,2026/10/02 17:33:00.488, 1800 MHz, 2130 MHz, 9501 MHz, 1800 MHz, 117.78 W, 420.00 W, 420.00 W, 57, 0 %, 8473 MiB, P2, 0x0000000000000000, Not Active, Not Active, Not Active, Not Active, Not Active
2026-10-02T17:33:01+08:00,2026/10/02 17:33:01.508, 1800 MHz, 2130 MHz, 9501 MHz, 1800 MHz, 117.93 W, 420.00 W, 420.00 W, 57, 0 %, 8473 MiB, P2, 0x0000000000000000, Not Active, Not Active, Not Active, Not Active, Not Active
2026-10-02T17:33:02+08:00,2026/10/02 17:33:02.529, 1800 MHz, 2130 MHz, 9501 MHz, 1800 MHz, 117.96 W, 420.00 W, 420.00 W, 57, 0 %, 8473 MiB, P2, 0x0000000000000000, Not Active, Not Active, Not Active, Not Active, Not Active
2026-10-02T17:33:03+08:00,2026/10/02 17:33:03.549, 1800 MHz, 2130 MHz, 9501 MHz, 1800 MHz, 117.73 W, 420.00 W, 420.00 W, 57, 0 %, 8473 MiB, P2, 0x0000000000000001, Not Active, Not Active, Not Active, Not Active, Active
2026-10-02T17:33:04+08:00,2026/10/02 17:33:04.569, 1800 MHz, 2130 MHz, 9501 MHz, 1800 MHz, 117.66 W, 420.00 W, 420.00 W, 57, 0 %, 8473 MiB, P2, 0x0000000000000001, Not Active, Not Active, Not Active, Not Active, Active
2026-10-02T17:33:05+08:00,2026/10/02 17:33:05.605, 1800 MHz, 2130 MHz, 9501 MHz, 1800 MHz, 117.74 W, 420.00 W, 420.00 W, 57, 0 %, 8473 MiB, P2, 0x0000000000000001, Not Active, Not Active, Not Active, Not Active, Active
2026-10-02T17:33:06+08:00,2026/10/02 17:33:06.625, 1800 MHz, 2130 MHz, 9501 MHz, 1800 MHz, 117.89 W, 420.00 W, 420.00 W, 57, 0 %, 8473 MiB, P2, 0x0000000000000001, Not Active, Not Active, Not Active, Not Active, Active
2026-10-02T17:33:07+08:00,2026/10/02 17:33:07.646, 1800 MHz, 2130 MHz, 9501 MHz, 1800 MHz, 173.19 W, 420.00 W, 420.00 W, 60, 100 %, 8473 MiB, P2, 0x0000000000000000, Not Active, Not Active, Not Active, Not Active, Not Active
2026-10-02T17:33:08+08:00,2026/10/02 17:33:08.676, 1800 MHz, 2130 MHz, 9501 MHz, 1800 MHz, 247.44 W, 420.00 W, 420.00 W, 61, 100 %, 8473 MiB, P2, 0x0000000000000000, Not Active, Not Active, Not Active, Not Active, Not Active
2026-10-02T17:33:09+08:00,2026/10/02 17:33:09.707, 1800 MHz, 2130 MHz, 9501 MHz, 1800 MHz, 247.52 W, 420.00 W, 420.00 W, 61, 100 %, 8473 MiB, P2, 0x0000000000000000, Not Active, Not Active, Not Active, Not Active, Not Active
2026-10-02T17:33:10+08:00,2026/10/02 17:33:10.741, 1800 MHz, 2130 MHz, 9501 MHz, 1800 MHz, 247.81 W, 420.00 W, 420.00 W, 61, 100 %, 8473 MiB, P2, 0x0000000000000000, Not Active, Not Active, Not Active, Not Active, Not Active
2026-10-02T17:33:11+08:00,2026/10/02 17:33:11.774, 1800 MHz, 2130 MHz, 9501 MHz, 1800 MHz, 247.75 W, 420.00 W, 420.00 W, 61, 100 %, 8473 MiB, P2, 0x0000000000000000, Not Active, Not Active, Not Active, Not Active, Not Active
2026-10-02T17:33:12+08:00,2026/10/02 17:33:12.805, 1800 MHz, 2130 MHz, 9501 MHz, 1800 MHz, 247.61 W, 420.00 W, 420.00 W, 61, 100 %, 8473 MiB, P2, 0x0000000000000000, Not Active, Not Active, Not Active, Not Active, Not Active
2026-10-02T17:33:13+08:00,2026/10/02 17:33:13.835, 1800 MHz, 2130 MHz, 9501 MHz, 1800 MHz, 247.83 W, 420.00 W, 420.00 W, 61, 100 %, 8473 MiB, P2, 0x0000000000000000, Not Active, Not Active, Not Active, Not Active, Not Active
2026-10-02T17:33:14+08:00,2026/10/02 17:33:14.866, 1800 MHz, 2130 MHz, 9501 MHz, 1800 MHz, 247.96 W, 420.00 W, 420.00 W, 61, 100 %, 8473 MiB, P2, 0x0000000000000000, Not Active, Not Active, Not Active, Not Active, Not Active
2026-10-02T17:33:15+08:00,2026/10/02 17:33:15.896, 1800 MHz, 2130 MHz, 9501 MHz, 1800 MHz, 247.95 W, 420.00 W, 420.00 W, 61, 100 %, 8473 MiB, P2, 0x0000000000000000, Not Active, Not Active, Not Active, Not Active, Not Active
2026-10-02T17:33:16+08:00,2026/10/02 17:33:16.927, 1800 MHz, 2130 MHz, 9501 MHz, 1800 MHz, 248.14 W, 420.00 W, 420.00 W, 62, 100 %, 8473 MiB, P2, 0x0000000000000000, Not Active, Not Active, Not Active, Not Active, Not Active
2026-10-02T17:33:17+08:00,2026/10/02 17:33:17.956, 1800 MHz, 2130 MHz, 9501 MHz, 1800 MHz, 158.36 W, 420.00 W, 420.00 W, 58, 0 %, 8473 MiB, P2, 0x0000000000000000, Not Active, Not Active, Not Active, Not Active, Not Active
2026-10-02T17:33:18+08:00,2026/10/02 17:33:18.979, 1800 MHz, 2130 MHz, 9501 MHz, 1800 MHz, 135.01 W, 420.00 W, 420.00 W, 58, 0 %, 8473 MiB, P2, 0x0000000000000000, Not Active, Not Active, Not Active, Not Active, Not Active
2026-10-02T17:33:19+08:00,2026/10/02 17:33:20.000, 1800 MHz, 2130 MHz, 9501 MHz, 1800 MHz, 119.12 W, 420.00 W, 420.00 W, 58, 0 %, 8473 MiB, P2, 0x0000000000000000, Not Active, Not Active, Not Active, Not Active, Not Active
2026-10-02T17:33:21+08:00,2026/10/02 17:33:21.020, 1800 MHz, 2130 MHz, 9501 MHz, 1800 MHz, 119.12 W, 420.00 W, 420.00 W, 58, 0 %, 8473 MiB, P2, 0x0000000000000000, Not Active, Not Active, Not Active, Not Active, Not Active
2026-10-02T17:33:22+08:00,2026/10/02 17:33:22.041, 1800 MHz, 2130 MHz, 9501 MHz, 1800 MHz, 118.80 W, 420.00 W, 420.00 W, 58, 0 %, 8473 MiB, P2, 0x0000000000000000, Not Active, Not Active, Not Active, Not Active, Not Active
2026-10-02T17:33:23+08:00,2026/10/02 17:33:23.061, 1800 MHz, 2130 MHz, 9501 MHz, 1800 MHz, 118.64 W, 420.00 W, 420.00 W, 57, 0 %, 8473 MiB, P2, 0x0000000000000000, Not Active, Not Active, Not Active, Not Active, Not Active
2026-10-02T17:33:24+08:00,2026/10/02 17:33:24.081, 1800 MHz, 2130 MHz, 9501 MHz, 1800 MHz, 118.58 W, 420.00 W, 420.00 W, 57, 0 %, 8473 MiB, P2, 0x0000000000000000, Not Active, Not Active, Not Active, Not Active, Not Active
2026-10-02T17:33:25+08:00,2026/10/02 17:33:25.101, 1800 MHz, 2130 MHz, 9501 MHz, 1800 MHz, 118.57 W, 420.00 W, 420.00 W, 57, 0 %, 8473 MiB, P2, 0x0000000000000000, Not Active, Not Active, Not Active, Not Active, Not Active
2026-10-02T17:33:26+08:00,2026/10/02 17:33:26.121, 1800 MHz, 2130 MHz, 9501 MHz, 1800 MHz, 118.42 W, 420.00 W, 420.00 W, 57, 0 %, 8473 MiB, P2, 0x0000000000000000, Not Active, Not Active, Not Active, Not Active, Not Active
2026-10-02T17:33:27+08:00,2026/10/02 17:33:27.141, 1800 MHz, 2130 MHz, 9501 MHz, 1800 MHz, 118.44 W, 420.00 W, 420.00 W, 57, 0 %, 8473 MiB, P2, 0x0000000000000000, Not Active, Not Active, Not Active, Not Active, Not Active
2026-10-02T17:33:28+08:00,2026/10/02 17:33:28.161, 1800 MHz, 2130 MHz, 9501 MHz, 1800 MHz, 118.29 W, 420.00 W, 420.00 W, 57, 0 %, 8473 MiB, P2, 0x0000000000000000, Not Active, Not Active, Not Active, Not Active, Not Active
2026-10-02T17:33:29+08:00,2026/10/02 17:33:29.183, 1800 MHz, 2130 MHz, 9501 MHz, 1800 MHz, 118.11 W, 420.00 W, 420.00 W, 57, 0 %, 8473 MiB, P2, 0x0000000000000000, Not Active, Not Active, Not Active, Not Active, Not Active
2026-10-02T17:33:30+08:00,2026/10/02 17:33:30.203, 1800 MHz, 2130 MHz, 9501 MHz, 1800 MHz, 118.02 W, 420.00 W, 420.00 W, 57, 0 %, 8473 MiB, P2, 0x0000000000000000, Not Active, Not Active, Not Active, Not Active, Not Active
2026-10-02T17:33:31+08:00,2026/10/02 17:33:31.225, 1800 MHz, 2130 MHz, 9501 MHz, 1800 MHz, 117.89 W, 420.00 W, 420.00 W, 57, 0 %, 8473 MiB, P2, 0x0000000000000000, Not Active, Not Active, Not Active, Not Active, Not Active
2026-10-02T17:33:32+08:00,2026/10/02 17:33:32.245, 1800 MHz, 2130 MHz, 9501 MHz, 1800 MHz, 117.85 W, 420.00 W, 420.00 W, 57, 0 %, 8473 MiB, P2, 0x0000000000000000, Not Active, Not Active, Not Active, Not Active, Not Active
2026-10-02T17:33:33+08:00,2026/10/02 17:33:33.265, 1800 MHz, 2130 MHz, 9501 MHz, 1800 MHz, 118.00 W, 420.00 W, 420.00 W, 57, 0 %, 8473 MiB, P2, 0x0000000000000000, Not Active, Not Active, Not Active, Not Active, Not Active
2026-10-02T17:33:34+08:00,2026/10/02 17:33:34.285, 1800 MHz, 2130 MHz, 9501 MHz, 1800 MHz, 118.28 W, 420.00 W, 420.00 W, 57, 0 %, 8473 MiB, P2, 0x0000000000000001, Not Active, Not Active, Not Active, Not Active, Active
2026-10-02T17:33:35+08:00,2026/10/02 17:33:35.306, 1800 MHz, 2130 MHz, 9501 MHz, 1800 MHz, 118.20 W, 420.00 W, 420.00 W, 57, 0 %, 8473 MiB, P2, 0x0000000000000001, Not Active, Not Active, Not Active, Not Active, Active
2026-10-02T17:33:36+08:00,2026/10/02 17:33:36.326, 1800 MHz, 2130 MHz, 9501 MHz, 1800 MHz, 117.89 W, 420.00 W, 420.00 W, 57, 0 %, 8473 MiB, P2, 0x0000000000000001, Not Active, Not Active, Not Active, Not Active, Active
2026-10-02T17:33:37+08:00,2026/10/02 17:33:37.347, 1800 MHz, 2130 MHz, 9501 MHz, 1800 MHz, 128.54 W, 420.00 W, 420.00 W, 57, 0 %, 8473 MiB, P2, 0x0000000000000001, Not Active, Not Active, Not Active, Not Active, Active
2026-10-02T17:33:38+08:00,2026/10/02 17:33:38.377, 1800 MHz, 2130 MHz, 9501 MHz, 1800 MHz, 246.59 W, 420.00 W, 420.00 W, 60, 100 %, 8473 MiB, P2, 0x0000000000000000, Not Active, Not Active, Not Active, Not Active, Not Active
2026-10-02T17:33:39+08:00,2026/10/02 17:33:39.407, 1800 MHz, 2130 MHz, 9501 MHz, 1800 MHz, 247.15 W, 420.00 W, 420.00 W, 60, 100 %, 8473 MiB, P2, 0x0000000000000000, Not Active, Not Active, Not Active, Not Active, Not Active
2026-10-02T17:33:40+08:00,2026/10/02 17:33:40.438, 1800 MHz, 2130 MHz, 9501 MHz, 1800 MHz, 247.25 W, 420.00 W, 420.00 W, 60, 100 %, 8473 MiB, P2, 0x0000000000000000, Not Active, Not Active, Not Active, Not Active, Not Active
2026-10-02T17:33:41+08:00,2026/10/02 17:33:41.468, 1800 MHz, 2130 MHz, 9501 MHz, 1800 MHz, 247.54 W, 420.00 W, 420.00 W, 61, 100 %, 8473 MiB, P2, 0x0000000000000000, Not Active, Not Active, Not Active, Not Active, Not Active
2026-10-02T17:33:42+08:00,2026/10/02 17:33:42.498, 1800 MHz, 2130 MHz, 9501 MHz, 1800 MHz, 247.55 W, 420.00 W, 420.00 W, 61, 100 %, 8473 MiB, P2, 0x0000000000000000, Not Active, Not Active, Not Active, Not Active, Not Active
2026-10-02T17:33:43+08:00,2026/10/02 17:33:43.529, 1800 MHz, 2130 MHz, 9501 MHz, 1800 MHz, 247.58 W, 420.00 W, 420.00 W, 61, 100 %, 8473 MiB, P2, 0x0000000000000000, Not Active, Not Active, Not Active, Not Active, Not Active
2026-10-02T17:33:44+08:00,2026/10/02 17:33:44.559, 1800 MHz, 2130 MHz, 9501 MHz, 1800 MHz, 247.71 W, 420.00 W, 420.00 W, 61, 100 %, 8473 MiB, P2, 0x0000000000000000, Not Active, Not Active, Not Active, Not Active, Not Active
2026-10-02T17:33:45+08:00,2026/10/02 17:33:45.591, 1800 MHz, 2130 MHz, 9501 MHz, 1800 MHz, 247.66 W, 420.00 W, 420.00 W, 61, 100 %, 8473 MiB, P2, 0x0000000000000000, Not Active, Not Active, Not Active, Not Active, Not Active
2026-10-02T17:33:46+08:00,2026/10/02 17:33:46.621, 1800 MHz, 2130 MHz, 9501 MHz, 1800 MHz, 247.79 W, 420.00 W, 420.00 W, 61, 100 %, 8473 MiB, P2, 0x0000000000000000, Not Active, Not Active, Not Active, Not Active, Not Active
2026-10-02T17:33:47+08:00,2026/10/02 17:33:47.652, 1800 MHz, 2130 MHz, 9501 MHz, 1800 MHz, 220.95 W, 420.00 W, 420.00 W, 61, 100 %, 8473 MiB, P2, 0x0000000000000000, Not Active, Not Active, Not Active, Not Active, Not Active
2026-10-02T17:33:48+08:00,2026/10/02 17:33:48.672, 1800 MHz, 2130 MHz, 9501 MHz, 1800 MHz, 119.60 W, 420.00 W, 420.00 W, 58, 0 %, 8473 MiB, P2, 0x0000000000000000, Not Active, Not Active, Not Active, Not Active, Not Active
2026-10-02T17:33:49+08:00,2026/10/02 17:33:49.693, 1800 MHz, 2130 MHz, 9501 MHz, 1800 MHz, 119.08 W, 420.00 W, 420.00 W, 58, 0 %, 8473 MiB, P2, 0x0000000000000000, Not Active, Not Active, Not Active, Not Active, Not Active
2026-10-02T17:33:50+08:00,2026/10/02 17:33:50.714, 1800 MHz, 2130 MHz, 9501 MHz, 1800 MHz, 118.60 W, 420.00 W, 420.00 W, 57, 0 %, 8473 MiB, P2, 0x0000000000000000, Not Active, Not Active, Not Active, Not Active, Not Active
2026-10-02T17:33:51+08:00,2026/10/02 17:33:51.734, 1800 MHz, 2130 MHz, 9501 MHz, 1800 MHz, 118.53 W, 420.00 W, 420.00 W, 57, 0 %, 8473 MiB, P2, 0x0000000000000000, Not Active, Not Active, Not Active, Not Active, Not Active
2026-10-02T17:33:52+08:00,2026/10/02 17:33:52.757, 1800 MHz, 2130 MHz, 9501 MHz, 1800 MHz, 118.24 W, 420.00 W, 420.00 W, 57, 0 %, 8473 MiB, P2, 0x0000000000000000, Not Active, Not Active, Not Active, Not Active, Not Active
2026-10-02T17:33:53+08:00,2026/10/02 17:33:53.778, 1800 MHz, 2130 MHz, 9501 MHz, 1800 MHz, 117.97 W, 420.00 W, 420.00 W, 57, 0 %, 8473 MiB, P2, 0x0000000000000000, Not Active, Not Active, Not Active, Not Active, Not Active
2026-10-02T17:33:54+08:00,2026/10/02 17:33:54.800, 1800 MHz, 2130 MHz, 9501 MHz, 1800 MHz, 118.05 W, 420.00 W, 420.00 W, 57, 0 %, 8473 MiB, P2, 0x0000000000000000, Not Active, Not Active, Not Active, Not Active, Not Active
2026-10-02T17:33:55+08:00,2026/10/02 17:33:55.820, 1800 MHz, 2130 MHz, 9501 MHz, 1800 MHz, 118.13 W, 420.00 W, 420.00 W, 57, 0 %, 8473 MiB, P2, 0x0000000000000000, Not Active, Not Active, Not Active, Not Active, Not Active
2026-10-02T17:33:56+08:00,2026/10/02 17:33:56.840, 1800 MHz, 2130 MHz, 9501 MHz, 1800 MHz, 118.13 W, 420.00 W, 420.00 W, 57, 0 %, 8473 MiB, P2, 0x0000000000000000, Not Active, Not Active, Not Active, Not Active, Not Active
2026-10-02T17:33:57+08:00,2026/10/02 17:33:57.860, 1800 MHz, 2130 MHz, 9501 MHz, 1800 MHz, 117.93 W, 420.00 W, 420.00 W, 57, 0 %, 8473 MiB, P2, 0x0000000000000000, Not Active, Not Active, Not Active, Not Active, Not Active
2026-10-02T17:33:58+08:00,2026/10/02 17:33:58.880, 1800 MHz, 2130 MHz, 9501 MHz, 1800 MHz, 117.88 W, 420.00 W, 420.00 W, 57, 0 %, 8473 MiB, P2, 0x0000000000000000, Not Active, Not Active, Not Active, Not Active, Not Active
2026-10-02T17:33:59+08:00,2026/10/02 17:33:59.903, 1800 MHz, 2130 MHz, 9501 MHz, 1800 MHz, 117.88 W, 420.00 W, 420.00 W, 57, 0 %, 8473 MiB, P2, 0x0000000000000000, Not Active, Not Active, Not Active, Not Active, Not Active
2026-10-02T17:34:00+08:00,2026/10/02 17:34:00.927, 1800 MHz, 2130 MHz, 9501 MHz, 1800 MHz, 117.88 W, 420.00 W, 420.00 W, 57, 0 %, 8473 MiB, P2, 0x0000000000000000, Not Active, Not Active, Not Active, Not Active, Not Active
2026-10-02T17:34:01+08:00,2026/10/02 17:34:01.947, 1800 MHz, 2130 MHz, 9501 MHz, 1800 MHz, 117.83 W, 420.00 W, 420.00 W, 57, 0 %, 8473 MiB, P2, 0x0000000000000000, Not Active, Not Active, Not Active, Not Active, Not Active
2026-10-02T17:34:02+08:00,2026/10/02 17:34:02.968, 1800 MHz, 2130 MHz, 9501 MHz, 1800 MHz, 117.81 W, 420.00 W, 420.00 W, 56, 0 %, 8473 MiB, P2, 0x0000000000000000, Not Active, Not Active, Not Active, Not Active, Not Active
2026-10-02T17:34:03+08:00,2026/10/02 17:34:03.988, 1800 MHz, 2130 MHz, 9501 MHz, 1800 MHz, 117.48 W, 420.00 W, 420.00 W, 56, 0 %, 8473 MiB, P2, 0x0000000000000001, Not Active, Not Active, Not Active, Not Active, Active
2026-10-02T17:34:04+08:00,2026/10/02 17:34:05.011, 1800 MHz, 2130 MHz, 9501 MHz, 1800 MHz, 117.16 W, 420.00 W, 420.00 W, 56, 0 %, 8473 MiB, P2, 0x0000000000000001, Not Active, Not Active, Not Active, Not Active, Active
2026-10-02T17:34:06+08:00,2026/10/02 17:34:06.032, 1800 MHz, 2130 MHz, 9501 MHz, 1800 MHz, 117.20 W, 420.00 W, 420.00 W, 56, 0 %, 8473 MiB, P2, 0x0000000000000001, Not Active, Not Active, Not Active, Not Active, Active
2026-10-02T17:34:07+08:00,2026/10/02 17:34:07.052, 1800 MHz, 2130 MHz, 9501 MHz, 1800 MHz, 117.12 W, 420.00 W, 420.00 W, 56, 0 %, 8473 MiB, P2, 0x0000000000000001, Not Active, Not Active, Not Active, Not Active, Active
2026-10-02T17:34:08+08:00,2026/10/02 17:34:08.072, 1800 MHz, 2130 MHz, 9501 MHz, 1800 MHz, 170.26 W, 420.00 W, 420.00 W, 59, 100 %, 8473 MiB, P2, 0x0000000000000000, Not Active, Not Active, Not Active, Not Active, Not Active
2026-10-02T17:34:09+08:00,2026/10/02 17:34:09.104, 1800 MHz, 2130 MHz, 9501 MHz, 1800 MHz, 246.96 W, 420.00 W, 420.00 W, 60, 100 %, 8473 MiB, P2, 0x0000000000000000, Not Active, Not Active, Not Active, Not Active, Not Active
2026-10-02T17:34:10+08:00,2026/10/02 17:34:10.134, 1800 MHz, 2130 MHz, 9501 MHz, 1800 MHz, 247.09 W, 420.00 W, 420.00 W, 60, 100 %, 8473 MiB, P2, 0x0000000000000000, Not Active, Not Active, Not Active, Not Active, Not Active
2026-10-02T17:34:11+08:00,2026/10/02 17:34:11.165, 1800 MHz, 2130 MHz, 9501 MHz, 1800 MHz, 247.15 W, 420.00 W, 420.00 W, 60, 100 %, 8473 MiB, P2, 0x0000000000000000, Not Active, Not Active, Not Active, Not Active, Not Active
2026-10-02T17:34:12+08:00,2026/10/02 17:34:12.195, 1800 MHz, 2130 MHz, 9501 MHz, 1800 MHz, 247.26 W, 420.00 W, 420.00 W, 60, 100 %, 8473 MiB, P2, 0x0000000000000000, Not Active, Not Active, Not Active, Not Active, Not Active
2026-10-02T17:34:13+08:00,2026/10/02 17:34:13.225, 1800 MHz, 2130 MHz, 9501 MHz, 1800 MHz, 247.25 W, 420.00 W, 420.00 W, 60, 100 %, 8473 MiB, P2, 0x0000000000000000, Not Active, Not Active, Not Active, Not Active, Not Active
2026-10-02T17:34:14+08:00,2026/10/02 17:34:14.255, 1800 MHz, 2130 MHz, 9501 MHz, 1800 MHz, 247.27 W, 420.00 W, 420.00 W, 61, 100 %, 8473 MiB, P2, 0x0000000000000000, Not Active, Not Active, Not Active, Not Active, Not Active
2026-10-02T17:34:15+08:00,2026/10/02 17:34:15.285, 1800 MHz, 2130 MHz, 9501 MHz, 1800 MHz, 247.21 W, 420.00 W, 420.00 W, 61, 100 %, 8473 MiB, P2, 0x0000000000000000, Not Active, Not Active, Not Active, Not Active, Not Active
2026-10-02T17:34:16+08:00,2026/10/02 17:34:16.315, 1800 MHz, 2130 MHz, 9501 MHz, 1800 MHz, 247.35 W, 420.00 W, 420.00 W, 61, 100 %, 8473 MiB, P2, 0x0000000000000000, Not Active, Not Active, Not Active, Not Active, Not Active
2026-10-02T17:34:17+08:00,2026/10/02 17:34:17.345, 1800 MHz, 2130 MHz, 9501 MHz, 1800 MHz, 247.41 W, 420.00 W, 420.00 W, 61, 100 %, 8473 MiB, P2, 0x0000000000000000, Not Active, Not Active, Not Active, Not Active, Not Active
2026-10-02T17:34:18+08:00,2026/10/02 17:34:18.375, 1800 MHz, 2130 MHz, 9501 MHz, 1800 MHz, 166.31 W, 420.00 W, 420.00 W, 59, 0 %, 8473 MiB, P2, 0x0000000000000000, Not Active, Not Active, Not Active, Not Active, Not Active
2026-10-02T17:34:19+08:00,2026/10/02 17:34:19.395, 1800 MHz, 2130 MHz, 9501 MHz, 1800 MHz, 131.10 W, 420.00 W, 420.00 W, 58, 0 %, 8473 MiB, P2, 0x0000000000000000, Not Active, Not Active, Not Active, Not Active, Not Active
2026-10-02T17:34:20+08:00,2026/10/02 17:34:20.417, 1800 MHz, 2130 MHz, 9501 MHz, 1800 MHz, 117.76 W, 420.00 W, 420.00 W, 57, 0 %, 8473 MiB, P2, 0x0000000000000000, Not Active, Not Active, Not Active, Not Active, Not Active
2026-10-02T17:34:21+08:00,2026/10/02 17:34:21.437, 1800 MHz, 2130 MHz, 9501 MHz, 1800 MHz, 117.69 W, 420.00 W, 420.00 W, 57, 0 %, 8473 MiB, P2, 0x0000000000000000, Not Active, Not Active, Not Active, Not Active, Not Active
2026-10-02T17:34:22+08:00,2026/10/02 17:34:22.458, 1800 MHz, 2130 MHz, 9501 MHz, 1800 MHz, 117.63 W, 420.00 W, 420.00 W, 57, 0 %, 8473 MiB, P2, 0x0000000000000000, Not Active, Not Active, Not Active, Not Active, Not Active
2026-10-02T17:34:23+08:00,2026/10/02 17:34:23.479, 1800 MHz, 2130 MHz, 9501 MHz, 1800 MHz, 117.54 W, 420.00 W, 420.00 W, 57, 0 %, 8473 MiB, P2, 0x0000000000000000, Not Active, Not Active, Not Active, Not Active, Not Active
2026-10-02T17:34:24+08:00,2026/10/02 17:34:24.500, 1800 MHz, 2130 MHz, 9501 MHz, 1800 MHz, 117.14 W, 420.00 W, 420.00 W, 57, 0 %, 8473 MiB, P2, 0x0000000000000000, Not Active, Not Active, Not Active, Not Active, Not Active
2026-10-02T17:34:25+08:00,2026/10/02 17:34:25.524, 1800 MHz, 2130 MHz, 9501 MHz, 1800 MHz, 117.00 W, 420.00 W, 420.00 W, 57, 0 %, 8473 MiB, P2, 0x0000000000000000, Not Active, Not Active, Not Active, Not Active, Not Active
2026-10-02T17:34:26+08:00,2026/10/02 17:34:26.544, 1800 MHz, 2130 MHz, 9501 MHz, 1800 MHz, 116.93 W, 420.00 W, 420.00 W, 57, 0 %, 8473 MiB, P2, 0x0000000000000000, Not Active, Not Active, Not Active, Not Active, Not Active
2026-10-02T17:34:27+08:00,2026/10/02 17:34:27.566, 1800 MHz, 2130 MHz, 9501 MHz, 1800 MHz, 116.89 W, 420.00 W, 420.00 W, 57, 0 %, 8473 MiB, P2, 0x0000000000000000, Not Active, Not Active, Not Active, Not Active, Not Active
2026-10-02T17:34:28+08:00,2026/10/02 17:34:28.587, 1800 MHz, 2130 MHz, 9501 MHz, 1800 MHz, 116.89 W, 420.00 W, 420.00 W, 57, 0 %, 8473 MiB, P2, 0x0000000000000000, Not Active, Not Active, Not Active, Not Active, Not Active
2026-10-02T17:34:29+08:00,2026/10/02 17:34:29.608, 1800 MHz, 2130 MHz, 9501 MHz, 1800 MHz, 117.00 W, 420.00 W, 420.00 W, 57, 0 %, 8473 MiB, P2, 0x0000000000000000, Not Active, Not Active, Not Active, Not Active, Not Active
2026-10-02T17:34:30+08:00,2026/10/02 17:34:30.627, 1800 MHz, 2130 MHz, 9501 MHz, 1800 MHz, 116.93 W, 420.00 W, 420.00 W, 56, 0 %, 8473 MiB, P2, 0x0000000000000000, Not Active, Not Active, Not Active, Not Active, Not Active
2026-10-02T17:34:31+08:00,2026/10/02 17:34:31.647, 1800 MHz, 2130 MHz, 9501 MHz, 1800 MHz, 116.96 W, 420.00 W, 420.00 W, 56, 0 %, 8473 MiB, P2, 0x0000000000000000, Not Active, Not Active, Not Active, Not Active, Not Active
2026-10-02T17:34:32+08:00,2026/10/02 17:34:32.668, 1800 MHz, 2130 MHz, 9501 MHz, 1800 MHz, 117.44 W, 420.00 W, 420.00 W, 56, 0 %, 8473 MiB, P2, 0x0000000000000000, Not Active, Not Active, Not Active, Not Active, Not Active
2026-10-02T17:34:33+08:00,2026/10/02 17:34:33.691, 1800 MHz, 2130 MHz, 9501 MHz, 1800 MHz, 117.42 W, 420.00 W, 420.00 W, 56, 0 %, 8473 MiB, P2, 0x0000000000000000, Not Active, Not Active, Not Active, Not Active, Not Active
2026-10-02T17:34:34+08:00,2026/10/02 17:34:34.711, 1800 MHz, 2130 MHz, 9501 MHz, 1800 MHz, 117.45 W, 420.00 W, 420.00 W, 56, 0 %, 8473 MiB, P2, 0x0000000000000001, Not Active, Not Active, Not Active, Not Active, Active
2026-10-02T17:34:35+08:00,2026/10/02 17:34:35.732, 1800 MHz, 2130 MHz, 9501 MHz, 1800 MHz, 117.45 W, 420.00 W, 420.00 W, 56, 0 %, 8473 MiB, P2, 0x0000000000000001, Not Active, Not Active, Not Active, Not Active, Active
2026-10-02T17:34:36+08:00,2026/10/02 17:34:36.752, 1800 MHz, 2130 MHz, 9501 MHz, 1800 MHz, 117.50 W, 420.00 W, 420.00 W, 56, 0 %, 8473 MiB, P2, 0x0000000000000001, Not Active, Not Active, Not Active, Not Active, Active
2026-10-02T17:34:37+08:00,2026/10/02 17:34:37.773, 1800 MHz, 2130 MHz, 9501 MHz, 1800 MHz, 120.90 W, 420.00 W, 420.00 W, 56, 0 %, 8473 MiB, P2, 0x0000000000000001, Not Active, Not Active, Not Active, Not Active, Active
2026-10-02T17:34:38+08:00,2026/10/02 17:34:38.803, 1800 MHz, 2130 MHz, 9501 MHz, 1800 MHz, 246.38 W, 420.00 W, 420.00 W, 59, 100 %, 8473 MiB, P2, 0x0000000000000000, Not Active, Not Active, Not Active, Not Active, Not Active
2026-10-02T17:34:39+08:00,2026/10/02 17:34:39.835, 1800 MHz, 2130 MHz, 9501 MHz, 1800 MHz, 247.03 W, 420.00 W, 420.00 W, 60, 100 %, 8473 MiB, P2, 0x0000000000000000, Not Active, Not Active, Not Active, Not Active, Not Active
2026-10-02T17:34:40+08:00,2026/10/02 17:34:40.865, 1800 MHz, 2130 MHz, 9501 MHz, 1800 MHz, 247.29 W, 420.00 W, 420.00 W, 60, 100 %, 8473 MiB, P2, 0x0000000000000000, Not Active, Not Active, Not Active, Not Active, Not Active
2026-10-02T17:34:41+08:00,2026/10/02 17:34:41.895, 1800 MHz, 2130 MHz, 9501 MHz, 1800 MHz, 247.19 W, 420.00 W, 420.00 W, 60, 100 %, 8473 MiB, P2, 0x0000000000000000, Not Active, Not Active, Not Active, Not Active, Not Active
2026-10-02T17:34:42+08:00,2026/10/02 17:34:42.925, 1800 MHz, 2130 MHz, 9501 MHz, 1800 MHz, 247.09 W, 420.00 W, 420.00 W, 60, 100 %, 8473 MiB, P2, 0x0000000000000000, Not Active, Not Active, Not Active, Not Active, Not Active
2026-10-02T17:34:43+08:00,2026/10/02 17:34:43.955, 1800 MHz, 2130 MHz, 9501 MHz, 1800 MHz, 247.11 W, 420.00 W, 420.00 W, 60, 100 %, 8473 MiB, P2, 0x0000000000000000, Not Active, Not Active, Not Active, Not Active, Not Active
2026-10-02T17:34:44+08:00,2026/10/02 17:34:44.986, 1800 MHz, 2130 MHz, 9501 MHz, 1800 MHz, 247.20 W, 420.00 W, 420.00 W, 61, 100 %, 8473 MiB, P2, 0x0000000000000000, Not Active, Not Active, Not Active, Not Active, Not Active
2026-10-02T17:34:46+08:00,2026/10/02 17:34:46.017, 1800 MHz, 2130 MHz, 9501 MHz, 1800 MHz, 247.25 W, 420.00 W, 420.00 W, 61, 100 %, 8473 MiB, P2, 0x0000000000000000, Not Active, Not Active, Not Active, Not Active, Not Active
2026-10-02T17:34:47+08:00,2026/10/02 17:34:47.048, 1800 MHz, 2130 MHz, 9501 MHz, 1800 MHz, 247.52 W, 420.00 W, 420.00 W, 61, 100 %, 8473 MiB, P2, 0x0000000000000000, Not Active, Not Active, Not Active, Not Active, Not Active
2026-10-02T17:34:48+08:00,2026/10/02 17:34:48.078, 1800 MHz, 2130 MHz, 9501 MHz, 1800 MHz, 229.65 W, 420.00 W, 420.00 W, 61, 100 %, 8473 MiB, P2, 0x0000000000000000, Not Active, Not Active, Not Active, Not Active, Not Active
2026-10-02T17:34:49+08:00,2026/10/02 17:34:49.099, 1800 MHz, 2130 MHz, 9501 MHz, 1800 MHz, 136.28 W, 420.00 W, 420.00 W, 57, 0 %, 8473 MiB, P2, 0x0000000000000000, Not Active, Not Active, Not Active, Not Active, Not Active
2026-10-02T17:34:50+08:00,2026/10/02 17:34:50.119, 1800 MHz, 2130 MHz, 9501 MHz, 1800 MHz, 117.99 W, 420.00 W, 420.00 W, 57, 0 %, 8473 MiB, P2, 0x0000000000000000, Not Active, Not Active, Not Active, Not Active, Not Active
2026-10-02T17:34:51+08:00,2026/10/02 17:34:51.139, 1800 MHz, 2130 MHz, 9501 MHz, 1800 MHz, 117.75 W, 420.00 W, 420.00 W, 57, 0 %, 8473 MiB, P2, 0x0000000000000000, Not Active, Not Active, Not Active, Not Active, Not Active
2026-10-02T17:34:52+08:00,2026/10/02 17:34:52.159, 1800 MHz, 2130 MHz, 9501 MHz, 1800 MHz, 117.49 W, 420.00 W, 420.00 W, 57, 0 %, 8473 MiB, P2, 0x0000000000000000, Not Active, Not Active, Not Active, Not Active, Not Active
2026-10-02T17:34:53+08:00,2026/10/02 17:34:53.179, 1800 MHz, 2130 MHz, 9501 MHz, 1800 MHz, 117.44 W, 420.00 W, 420.00 W, 57, 0 %, 8473 MiB, P2, 0x0000000000000000, Not Active, Not Active, Not Active, Not Active, Not Active
2026-10-02T17:34:54+08:00,2026/10/02 17:34:54.201, 1800 MHz, 2130 MHz, 9501 MHz, 1800 MHz, 117.39 W, 420.00 W, 420.00 W, 57, 0 %, 8473 MiB, P2, 0x0000000000000000, Not Active, Not Active, Not Active, Not Active, Not Active
2026-10-02T17:34:55+08:00,2026/10/02 17:34:55.221, 1800 MHz, 2130 MHz, 9501 MHz, 1800 MHz, 116.97 W, 420.00 W, 420.00 W, 57, 0 %, 8473 MiB, P2, 0x0000000000000000, Not Active, Not Active, Not Active, Not Active, Not Active
2026-10-02T17:34:56+08:00,2026/10/02 17:34:56.242, 1800 MHz, 2130 MHz, 9501 MHz, 1800 MHz, 116.83 W, 420.00 W, 420.00 W, 56, 0 %, 8473 MiB, P2, 0x0000000000000000, Not Active, Not Active, Not Active, Not Active, Not Active
2026-10-02T17:34:57+08:00,2026/10/02 17:34:57.262, 1800 MHz, 2130 MHz, 9501 MHz, 1800 MHz, 116.78 W, 420.00 W, 420.00 W, 56, 0 %, 8473 MiB, P2, 0x0000000000000000, Not Active, Not Active, Not Active, Not Active, Not Active
2026-10-02T17:34:58+08:00,2026/10/02 17:34:58.283, 1800 MHz, 2130 MHz, 9501 MHz, 1800 MHz, 116.90 W, 420.00 W, 420.00 W, 56, 0 %, 8473 MiB, P2, 0x0000000000000000, Not Active, Not Active, Not Active, Not Active, Not Active
2026-10-02T17:34:59+08:00,2026/10/02 17:34:59.304, 1800 MHz, 2130 MHz, 9501 MHz, 1800 MHz, 116.81 W, 420.00 W, 420.00 W, 56, 0 %, 8473 MiB, P2, 0x0000000000000000, Not Active, Not Active, Not Active, Not Active, Not Active
2026-10-02T17:35:00+08:00,2026/10/02 17:35:00.324, 1800 MHz, 2130 MHz, 9501 MHz, 1800 MHz, 116.46 W, 420.00 W, 420.00 W, 56, 0 %, 8473 MiB, P2, 0x0000000000000000, Not Active, Not Active, Not Active, Not Active, Not Active
2026-10-02T17:35:01+08:00,2026/10/02 17:35:01.344, 1800 MHz, 2130 MHz, 9501 MHz, 1800 MHz, 116.46 W, 420.00 W, 420.00 W, 56, 0 %, 8473 MiB, P2, 0x0000000000000000, Not Active, Not Active, Not Active, Not Active, Not Active
2026-10-02T17:35:02+08:00,2026/10/02 17:35:02.364, 1800 MHz, 2130 MHz, 9501 MHz, 1800 MHz, 116.42 W, 420.00 W, 420.00 W, 56, 0 %, 8473 MiB, P2, 0x0000000000000000, Not Active, Not Active, Not Active, Not Active, Not Active
2026-10-02T17:35:03+08:00,2026/10/02 17:35:03.384, 1800 MHz, 2130 MHz, 9501 MHz, 1800 MHz, 116.33 W, 420.00 W, 420.00 W, 56, 0 %, 8473 MiB, P2, 0x0000000000000000, Not Active, Not Active, Not Active, Not Active, Not Active
2026-10-02T17:35:04+08:00,2026/10/02 17:35:04.405, 1800 MHz, 2130 MHz, 9501 MHz, 1800 MHz, 116.07 W, 420.00 W, 420.00 W, 56, 0 %, 8473 MiB, P2, 0x0000000000000001, Not Active, Not Active, Not Active, Not Active, Active
2026-10-02T17:35:05+08:00,2026/10/02 17:35:05.425, 1800 MHz, 2130 MHz, 9501 MHz, 1800 MHz, 116.00 W, 420.00 W, 420.00 W, 56, 0 %, 8473 MiB, P2, 0x0000000000000001, Not Active, Not Active, Not Active, Not Active, Active
2026-10-02T17:35:06+08:00,2026/10/02 17:35:06.445, 1800 MHz, 2130 MHz, 9501 MHz, 1800 MHz, 116.13 W, 420.00 W, 420.00 W, 56, 0 %, 8473 MiB, P2, 0x0000000000000001, Not Active, Not Active, Not Active, Not Active, Active
2026-10-02T17:35:07+08:00,2026/10/02 17:35:07.468, 1800 MHz, 2130 MHz, 9501 MHz, 1800 MHz, 116.43 W, 420.00 W, 420.00 W, 56, 0 %, 8473 MiB, P2, 0x0000000000000001, Not Active, Not Active, Not Active, Not Active, Active
2026-10-02T17:35:08+08:00,2026/10/02 17:35:08.494, 1800 MHz, 2130 MHz, 9501 MHz, 1800 MHz, 175.05 W, 420.00 W, 420.00 W, 59, 100 %, 8473 MiB, P2, 0x0000000000000000, Not Active, Not Active, Not Active, Not Active, Not Active
2026-10-02T17:35:09+08:00,2026/10/02 17:35:09.525, 1800 MHz, 2130 MHz, 9501 MHz, 1800 MHz, 246.41 W, 420.00 W, 420.00 W, 60, 100 %, 8473 MiB, P2, 0x0000000000000000, Not Active, Not Active, Not Active, Not Active, Not Active
2026-10-02T17:35:10+08:00,2026/10/02 17:35:10.555, 1800 MHz, 2130 MHz, 9501 MHz, 1800 MHz, 246.69 W, 420.00 W, 420.00 W, 60, 100 %, 8473 MiB, P2, 0x0000000000000000, Not Active, Not Active, Not Active, Not Active, Not Active
2026-10-02T17:35:11+08:00,2026/10/02 17:35:11.585, 1800 MHz, 2130 MHz, 9501 MHz, 1800 MHz, 246.98 W, 420.00 W, 420.00 W, 60, 100 %, 8473 MiB, P2, 0x0000000000000000, Not Active, Not Active, Not Active, Not Active, Not Active
2026-10-02T17:35:12+08:00,2026/10/02 17:35:12.615, 1800 MHz, 2130 MHz, 9501 MHz, 1800 MHz, 246.87 W, 420.00 W, 420.00 W, 60, 100 %, 8473 MiB, P2, 0x0000000000000000, Not Active, Not Active, Not Active, Not Active, Not Active
2026-10-02T17:35:13+08:00,2026/10/02 17:35:13.645, 1800 MHz, 2130 MHz, 9501 MHz, 1800 MHz, 247.11 W, 420.00 W, 420.00 W, 60, 100 %, 8473 MiB, P2, 0x0000000000000000, Not Active, Not Active, Not Active, Not Active, Not Active
2026-10-02T17:35:14+08:00,2026/10/02 17:35:14.675, 1800 MHz, 2130 MHz, 9501 MHz, 1800 MHz, 247.24 W, 420.00 W, 420.00 W, 60, 100 %, 8473 MiB, P2, 0x0000000000000000, Not Active, Not Active, Not Active, Not Active, Not Active
2026-10-02T17:35:15+08:00,2026/10/02 17:35:15.706, 1800 MHz, 2130 MHz, 9501 MHz, 1800 MHz, 247.36 W, 420.00 W, 420.00 W, 61, 100 %, 8473 MiB, P2, 0x0000000000000000, Not Active, Not Active, Not Active, Not Active, Not Active
2026-10-02T17:35:16+08:00,2026/10/02 17:35:16.736, 1800 MHz, 2130 MHz, 9501 MHz, 1800 MHz, 247.59 W, 420.00 W, 420.00 W, 61, 100 %, 8473 MiB, P2, 0x0000000000000000, Not Active, Not Active, Not Active, Not Active, Not Active
2026-10-02T17:35:17+08:00,2026/10/02 17:35:17.766, 1800 MHz, 2130 MHz, 9501 MHz, 1800 MHz, 247.57 W, 420.00 W, 420.00 W, 61, 100 %, 8473 MiB, P2, 0x0000000000000000, Not Active, Not Active, Not Active, Not Active, Not Active
2026-10-02T17:35:18+08:00,2026/10/02 17:35:18.795, 1800 MHz, 2130 MHz, 9501 MHz, 1800 MHz, 175.87 W, 420.00 W, 420.00 W, 58, 0 %, 8473 MiB, P2, 0x0000000000000000, Not Active, Not Active, Not Active, Not Active, Not Active
2026-10-02T17:35:19+08:00,2026/10/02 17:35:19.816, 1800 MHz, 2130 MHz, 9501 MHz, 1800 MHz, 140.70 W, 420.00 W, 420.00 W, 57, 0 %, 8473 MiB, P2, 0x0000000000000000, Not Active, Not Active, Not Active, Not Active, Not Active
2026-10-02T17:35:20+08:00,2026/10/02 17:35:20.839, 1800 MHz, 2130 MHz, 9501 MHz, 1800 MHz, 117.82 W, 420.00 W, 420.00 W, 57, 0 %, 8473 MiB, P2, 0x0000000000000000, Not Active, Not Active, Not Active, Not Active, Not Active
2026-10-02T17:35:21+08:00,2026/10/02 17:35:21.860, 1800 MHz, 2130 MHz, 9501 MHz, 1800 MHz, 117.80 W, 420.00 W, 420.00 W, 57, 0 %, 8473 MiB, P2, 0x0000000000000000, Not Active, Not Active, Not Active, Not Active, Not Active
2026-10-02T17:35:22+08:00,2026/10/02 17:35:22.879, 1800 MHz, 2130 MHz, 9501 MHz, 1800 MHz, 117.62 W, 420.00 W, 420.00 W, 57, 0 %, 8473 MiB, P2, 0x0000000000000000, Not Active, Not Active, Not Active, Not Active, Not Active
2026-10-02T17:35:23+08:00,2026/10/02 17:35:23.902, 1800 MHz, 2130 MHz, 9501 MHz, 1800 MHz, 117.10 W, 420.00 W, 420.00 W, 57, 0 %, 8473 MiB, P2, 0x0000000000000000, Not Active, Not Active, Not Active, Not Active, Not Active
2026-10-02T17:35:24+08:00,2026/10/02 17:35:24.923, 1800 MHz, 2130 MHz, 9501 MHz, 1800 MHz, 117.09 W, 420.00 W, 420.00 W, 57, 0 %, 8473 MiB, P2, 0x0000000000000000, Not Active, Not Active, Not Active, Not Active, Not Active
2026-10-02T17:35:25+08:00,2026/10/02 17:35:25.947, 1800 MHz, 2130 MHz, 9501 MHz, 1800 MHz, 117.14 W, 420.00 W, 420.00 W, 56, 0 %, 8473 MiB, P2, 0x0000000000000000, Not Active, Not Active, Not Active, Not Active, Not Active
2026-10-02T17:35:26+08:00,2026/10/02 17:35:26.968, 1800 MHz, 2130 MHz, 9501 MHz, 1800 MHz, 117.09 W, 420.00 W, 420.00 W, 56, 0 %, 8473 MiB, P2, 0x0000000000000000, Not Active, Not Active, Not Active, Not Active, Not Active
2026-10-02T17:35:27+08:00,2026/10/02 17:35:27.989, 1800 MHz, 2130 MHz, 9501 MHz, 1800 MHz, 116.90 W, 420.00 W, 420.00 W, 56, 0 %, 8473 MiB, P2, 0x0000000000000000, Not Active, Not Active, Not Active, Not Active, Not Active
2026-10-02T17:35:28+08:00,2026/10/02 17:35:29.011, 1800 MHz, 2130 MHz, 9501 MHz, 1800 MHz, 116.92 W, 420.00 W, 420.00 W, 56, 0 %, 8473 MiB, P2, 0x0000000000000000, Not Active, Not Active, Not Active, Not Active, Not Active
2026-10-02T17:35:30+08:00,2026/10/02 17:35:30.033, 1800 MHz, 2130 MHz, 9501 MHz, 1800 MHz, 116.88 W, 420.00 W, 420.00 W, 56, 0 %, 8473 MiB, P2, 0x0000000000000000, Not Active, Not Active, Not Active, Not Active, Not Active
2026-10-02T17:35:31+08:00,2026/10/02 17:35:31.053, 1800 MHz, 2130 MHz, 9501 MHz, 1800 MHz, 116.88 W, 420.00 W, 420.00 W, 56, 0 %, 8473 MiB, P2, 0x0000000000000000, Not Active, Not Active, Not Active, Not Active, Not Active
2026-10-02T17:35:32+08:00,2026/10/02 17:35:32.074, 1800 MHz, 2130 MHz, 9501 MHz, 1800 MHz, 116.79 W, 420.00 W, 420.00 W, 56, 0 %, 8473 MiB, P2, 0x0000000000000000, Not Active, Not Active, Not Active, Not Active, Not Active
2026-10-02T17:35:33+08:00,2026/10/02 17:35:33.094, 1800 MHz, 2130 MHz, 9501 MHz, 1800 MHz, 116.74 W, 420.00 W, 420.00 W, 56, 0 %, 8473 MiB, P2, 0x0000000000000000, Not Active, Not Active, Not Active, Not Active, Not Active
2026-10-02T17:35:34+08:00,2026/10/02 17:35:34.114, 1800 MHz, 2130 MHz, 9501 MHz, 1800 MHz, 116.80 W, 420.00 W, 420.00 W, 56, 0 %, 8473 MiB, P2, 0x0000000000000000, Not Active, Not Active, Not Active, Not Active, Not Active
2026-10-02T17:35:35+08:00,2026/10/02 17:35:35.133, 1800 MHz, 2130 MHz, 9501 MHz, 1800 MHz, 116.94 W, 420.00 W, 420.00 W, 56, 0 %, 8473 MiB, P2, 0x0000000000000001, Not Active, Not Active, Not Active, Not Active, Active
2026-10-02T17:35:36+08:00,2026/10/02 17:35:36.153, 1800 MHz, 2130 MHz, 9501 MHz, 1800 MHz, 116.83 W, 420.00 W, 420.00 W, 56, 0 %, 8473 MiB, P2, 0x0000000000000001, Not Active, Not Active, Not Active, Not Active, Active
2026-10-02T17:35:37+08:00,2026/10/02 17:35:37.172, 1800 MHz, 2130 MHz, 9501 MHz, 1800 MHz, 116.84 W, 420.00 W, 420.00 W, 56, 0 %, 8473 MiB, P2, 0x0000000000000001, Not Active, Not Active, Not Active, Not Active, Active
2026-10-02T17:35:38+08:00,2026/10/02 17:35:38.194, 1800 MHz, 2130 MHz, 9501 MHz, 1800 MHz, 117.11 W, 420.00 W, 420.00 W, 56, 0 %, 8473 MiB, P2, 0x0000000000000001, Not Active, Not Active, Not Active, Not Active, Active
2026-10-02T17:35:39+08:00,2026/10/02 17:35:39.227, 1800 MHz, 2130 MHz, 9501 MHz, 1800 MHz, 246.11 W, 420.00 W, 420.00 W, 59, 100 %, 8473 MiB, P2, 0x0000000000000000, Not Active, Not Active, Not Active, Not Active, Not Active
2026-10-02T17:35:40+08:00,2026/10/02 17:35:40.259, 1800 MHz, 2130 MHz, 9501 MHz, 1800 MHz, 246.53 W, 420.00 W, 420.00 W, 60, 100 %, 8473 MiB, P2, 0x0000000000000000, Not Active, Not Active, Not Active, Not Active, Not Active
2026-10-02T17:35:41+08:00,2026/10/02 17:35:41.289, 1800 MHz, 2130 MHz, 9501 MHz, 1800 MHz, 246.82 W, 420.00 W, 420.00 W, 60, 100 %, 8473 MiB, P2, 0x0000000000000000, Not Active, Not Active, Not Active, Not Active, Not Active
2026-10-02T17:35:42+08:00,2026/10/02 17:35:42.323, 1800 MHz, 2130 MHz, 9501 MHz, 1800 MHz, 246.89 W, 420.00 W, 420.00 W, 60, 100 %, 8473 MiB, P2, 0x0000000000000000, Not Active, Not Active, Not Active, Not Active, Not Active
2026-10-02T17:35:43+08:00,2026/10/02 17:35:43.354, 1800 MHz, 2130 MHz, 9501 MHz, 1800 MHz, 247.04 W, 420.00 W, 420.00 W, 60, 100 %, 8473 MiB, P2, 0x0000000000000000, Not Active, Not Active, Not Active, Not Active, Not Active
2026-10-02T17:35:44+08:00,2026/10/02 17:35:44.384, 1800 MHz, 2130 MHz, 9501 MHz, 1800 MHz, 247.37 W, 420.00 W, 420.00 W, 60, 100 %, 8473 MiB, P2, 0x0000000000000000, Not Active, Not Active, Not Active, Not Active, Not Active
2026-10-02T17:35:45+08:00,2026/10/02 17:35:45.414, 1800 MHz, 2130 MHz, 9501 MHz, 1800 MHz, 247.34 W, 420.00 W, 420.00 W, 60, 100 %, 8473 MiB, P2, 0x0000000000000000, Not Active, Not Active, Not Active, Not Active, Not Active
2026-10-02T17:35:46+08:00,2026/10/02 17:35:46.446, 1800 MHz, 2130 MHz, 9501 MHz, 1800 MHz, 247.41 W, 420.00 W, 420.00 W, 60, 100 %, 8473 MiB, P2, 0x0000000000000000, Not Active, Not Active, Not Active, Not Active, Not Active
2026-10-02T17:35:47+08:00,2026/10/02 17:35:47.480, 1800 MHz, 2130 MHz, 9501 MHz, 1800 MHz, 247.39 W, 420.00 W, 420.00 W, 61, 100 %, 8473 MiB, P2, 0x0000000000000000, Not Active, Not Active, Not Active, Not Active, Not Active
2026-10-02T17:35:48+08:00,2026/10/02 17:35:48.510, 1800 MHz, 2130 MHz, 9501 MHz, 1800 MHz, 226.81 W, 420.00 W, 420.00 W, 61, 100 %, 8473 MiB, P2, 0x0000000000000000, Not Active, Not Active, Not Active, Not Active, Not Active
2026-10-02T17:35:49+08:00,2026/10/02 17:35:49.530, 1800 MHz, 2130 MHz, 9501 MHz, 1800 MHz, 133.20 W, 420.00 W, 420.00 W, 57, 0 %, 8473 MiB, P2, 0x0000000000000000, Not Active, Not Active, Not Active, Not Active, Not Active
2026-10-02T17:35:50+08:00,2026/10/02 17:35:50.550, 1800 MHz, 2130 MHz, 9501 MHz, 1800 MHz, 117.93 W, 420.00 W, 420.00 W, 57, 0 %, 8473 MiB, P2, 0x0000000000000000, Not Active, Not Active, Not Active, Not Active, Not Active
2026-10-02T17:35:51+08:00,2026/10/02 17:35:51.570, 1800 MHz, 2130 MHz, 9501 MHz, 1800 MHz, 118.01 W, 420.00 W, 420.00 W, 57, 0 %, 8473 MiB, P2, 0x0000000000000000, Not Active, Not Active, Not Active, Not Active, Not Active
2026-10-02T17:35:52+08:00,2026/10/02 17:35:52.590, 1800 MHz, 2130 MHz, 9501 MHz, 1800 MHz, 117.93 W, 420.00 W, 420.00 W, 57, 0 %, 8473 MiB, P2, 0x0000000000000000, Not Active, Not Active, Not Active, Not Active, Not Active
2026-10-02T17:35:53+08:00,2026/10/02 17:35:53.610, 1800 MHz, 2130 MHz, 9501 MHz, 1800 MHz, 117.80 W, 420.00 W, 420.00 W, 57, 0 %, 8473 MiB, P2, 0x0000000000000000, Not Active, Not Active, Not Active, Not Active, Not Active
2026-10-02T17:35:54+08:00,2026/10/02 17:35:54.630, 1800 MHz, 2130 MHz, 9501 MHz, 1800 MHz, 117.81 W, 420.00 W, 420.00 W, 57, 0 %, 8473 MiB, P2, 0x0000000000000000, Not Active, Not Active, Not Active, Not Active, Not Active
2026-10-02T17:35:55+08:00,2026/10/02 17:35:55.651, 1800 MHz, 2130 MHz, 9501 MHz, 1800 MHz, 117.72 W, 420.00 W, 420.00 W, 56, 0 %, 8473 MiB, P2, 0x0000000000000000, Not Active, Not Active, Not Active, Not Active, Not Active
2026-10-02T17:35:56+08:00,2026/10/02 17:35:56.672, 1800 MHz, 2130 MHz, 9501 MHz, 1800 MHz, 117.29 W, 420.00 W, 420.00 W, 56, 0 %, 8473 MiB, P2, 0x0000000000000000, Not Active, Not Active, Not Active, Not Active, Not Active
2026-10-02T17:35:57+08:00,2026/10/02 17:35:57.692, 1800 MHz, 2130 MHz, 9501 MHz, 1800 MHz, 116.95 W, 420.00 W, 420.00 W, 56, 0 %, 8473 MiB, P2, 0x0000000000000000, Not Active, Not Active, Not Active, Not Active, Not Active
2026-10-02T17:35:58+08:00,2026/10/02 17:35:58.711, 1800 MHz, 2130 MHz, 9501 MHz, 1800 MHz, 117.15 W, 420.00 W, 420.00 W, 56, 0 %, 8473 MiB, P2, 0x0000000000000000, Not Active, Not Active, Not Active, Not Active, Not Active
2026-10-02T17:35:59+08:00,2026/10/02 17:35:59.734, 1800 MHz, 2130 MHz, 9501 MHz, 1800 MHz, 116.96 W, 420.00 W, 420.00 W, 56, 0 %, 8473 MiB, P2, 0x0000000000000000, Not Active, Not Active, Not Active, Not Active, Not Active
2026-10-02T17:36:00+08:00,2026/10/02 17:36:00.755, 1800 MHz, 2130 MHz, 9501 MHz, 1800 MHz, 116.93 W, 420.00 W, 420.00 W, 56, 0 %, 8473 MiB, P2, 0x0000000000000000, Not Active, Not Active, Not Active, Not Active, Not Active
2026-10-02T17:36:01+08:00,2026/10/02 17:36:01.775, 1800 MHz, 2130 MHz, 9501 MHz, 1800 MHz, 116.94 W, 420.00 W, 420.00 W, 56, 0 %, 8473 MiB, P2, 0x0000000000000000, Not Active, Not Active, Not Active, Not Active, Not Active
2026-10-02T17:36:02+08:00,2026/10/02 17:36:02.794, 1800 MHz, 2130 MHz, 9501 MHz, 1800 MHz, 116.99 W, 420.00 W, 420.00 W, 56, 0 %, 8473 MiB, P2, 0x0000000000000000, Not Active, Not Active, Not Active, Not Active, Not Active
2026-10-02T17:36:03+08:00,2026/10/02 17:36:03.813, 1800 MHz, 2130 MHz, 9501 MHz, 1800 MHz, 117.20 W, 420.00 W, 420.00 W, 56, 0 %, 8473 MiB, P2, 0x0000000000000000, Not Active, Not Active, Not Active, Not Active, Not Active
2026-10-02T17:36:04+08:00,2026/10/02 17:36:04.833, 1800 MHz, 2130 MHz, 9501 MHz, 1800 MHz, 117.13 W, 420.00 W, 420.00 W, 56, 0 %, 8473 MiB, P2, 0x0000000000000000, Not Active, Not Active, Not Active, Not Active, Not Active
2026-10-02T17:36:05+08:00,2026/10/02 17:36:05.854, 1800 MHz, 2130 MHz, 9501 MHz, 1800 MHz, 116.95 W, 420.00 W, 420.00 W, 56, 0 %, 8473 MiB, P2, 0x0000000000000001, Not Active, Not Active, Not Active, Not Active, Active
2026-10-02T17:36:06+08:00,2026/10/02 17:36:06.874, 1800 MHz, 2130 MHz, 9501 MHz, 1800 MHz, 116.89 W, 420.00 W, 420.00 W, 56, 0 %, 8473 MiB, P2, 0x0000000000000001, Not Active, Not Active, Not Active, Not Active, Active
2026-10-02T17:36:07+08:00,2026/10/02 17:36:07.894, 1800 MHz, 2130 MHz, 9501 MHz, 1800 MHz, 116.93 W, 420.00 W, 420.00 W, 56, 0 %, 8473 MiB, P2, 0x0000000000000001, Not Active, Not Active, Not Active, Not Active, Active
2026-10-02T17:36:08+08:00,2026/10/02 17:36:08.915, 1800 MHz, 2130 MHz, 9501 MHz, 1800 MHz, 165.52 W, 420.00 W, 420.00 W, 59, 100 %, 8473 MiB, P2, 0x0000000000000000, Not Active, Not Active, Not Active, Not Active, Not Active
2026-10-02T17:36:09+08:00,2026/10/02 17:36:09.950, 1800 MHz, 2130 MHz, 9501 MHz, 1800 MHz, 246.55 W, 420.00 W, 420.00 W, 60, 100 %, 8473 MiB, P2, 0x0000000000000000, Not Active, Not Active, Not Active, Not Active, Not Active
2026-10-02T17:36:10+08:00,2026/10/02 17:36:10.981, 1800 MHz, 2130 MHz, 9501 MHz, 1800 MHz, 246.91 W, 420.00 W, 420.00 W, 60, 100 %, 8473 MiB, P2, 0x0000000000000000, Not Active, Not Active, Not Active, Not Active, Not Active
2026-10-02T17:36:11+08:00,2026/10/02 17:36:12.011, 1800 MHz, 2130 MHz, 9501 MHz, 1800 MHz, 247.04 W, 420.00 W, 420.00 W, 60, 100 %, 8473 MiB, P2, 0x0000000000000000, Not Active, Not Active, Not Active, Not Active, Not Active
2026-10-02T17:36:13+08:00,2026/10/02 17:36:13.042, 1800 MHz, 2130 MHz, 9501 MHz, 1800 MHz, 247.04 W, 420.00 W, 420.00 W, 60, 100 %, 8473 MiB, P2, 0x0000000000000000, Not Active, Not Active, Not Active, Not Active, Not Active
2026-10-02T17:36:14+08:00,2026/10/02 17:36:14.074, 1800 MHz, 2130 MHz, 9501 MHz, 1800 MHz, 247.10 W, 420.00 W, 420.00 W, 60, 100 %, 8473 MiB, P2, 0x0000000000000000, Not Active, Not Active, Not Active, Not Active, Not Active
2026-10-02T17:36:15+08:00,2026/10/02 17:36:15.105, 1800 MHz, 2130 MHz, 9501 MHz, 1800 MHz, 247.39 W, 420.00 W, 420.00 W, 60, 100 %, 8473 MiB, P2, 0x0000000000000000, Not Active, Not Active, Not Active, Not Active, Not Active
2026-10-02T17:36:16+08:00,2026/10/02 17:36:16.135, 1800 MHz, 2130 MHz, 9501 MHz, 1800 MHz, 247.43 W, 420.00 W, 420.00 W, 60, 100 %, 8473 MiB, P2, 0x0000000000000000, Not Active, Not Active, Not Active, Not Active, Not Active
2026-10-02T17:36:17+08:00,2026/10/02 17:36:17.165, 1800 MHz, 2130 MHz, 9501 MHz, 1800 MHz, 247.66 W, 420.00 W, 420.00 W, 61, 100 %, 8473 MiB, P2, 0x0000000000000000, Not Active, Not Active, Not Active, Not Active, Not Active
2026-10-02T17:36:18+08:00,2026/10/02 17:36:18.200, 1800 MHz, 2130 MHz, 9501 MHz, 1800 MHz, 247.76 W, 420.00 W, 420.00 W, 61, 100 %, 8473 MiB, P2, 0x0000000000000000, Not Active, Not Active, Not Active, Not Active, Not Active
2026-10-02T17:36:19+08:00,2026/10/02 17:36:19.230, 1800 MHz, 2130 MHz, 9501 MHz, 1800 MHz, 173.48 W, 420.00 W, 420.00 W, 58, 0 %, 8473 MiB, P2, 0x0000000000000000, Not Active, Not Active, Not Active, Not Active, Not Active
2026-10-02T17:36:20+08:00,2026/10/02 17:36:20.250, 1800 MHz, 2130 MHz, 9501 MHz, 1800 MHz, 118.92 W, 420.00 W, 420.00 W, 57, 0 %, 8473 MiB, P2, 0x0000000000000000, Not Active, Not Active, Not Active, Not Active, Not Active
2026-10-02T17:36:21+08:00,2026/10/02 17:36:21.270, 1800 MHz, 2130 MHz, 9501 MHz, 1800 MHz, 118.13 W, 420.00 W, 420.00 W, 57, 0 %, 8473 MiB, P2, 0x0000000000000000, Not Active, Not Active, Not Active, Not Active, Not Active
2026-10-02T17:36:22+08:00,2026/10/02 17:36:22.290, 1800 MHz, 2130 MHz, 9501 MHz, 1800 MHz, 118.17 W, 420.00 W, 420.00 W, 57, 0 %, 8473 MiB, P2, 0x0000000000000000, Not Active, Not Active, Not Active, Not Active, Not Active
2026-10-02T17:36:23+08:00,2026/10/02 17:36:23.310, 1800 MHz, 2130 MHz, 9501 MHz, 1800 MHz, 118.09 W, 420.00 W, 420.00 W, 57, 0 %, 8473 MiB, P2, 0x0000000000000000, Not Active, Not Active, Not Active, Not Active, Not Active
2026-10-02T17:36:24+08:00,2026/10/02 17:36:24.330, 1800 MHz, 2130 MHz, 9501 MHz, 1800 MHz, 117.73 W, 420.00 W, 420.00 W, 57, 0 %, 8473 MiB, P2, 0x0000000000000000, Not Active, Not Active, Not Active, Not Active, Not Active
2026-10-02T17:36:25+08:00,2026/10/02 17:36:25.351, 1800 MHz, 2130 MHz, 9501 MHz, 1800 MHz, 117.70 W, 420.00 W, 420.00 W, 57, 0 %, 8473 MiB, P2, 0x0000000000000000, Not Active, Not Active, Not Active, Not Active, Not Active
2026-10-02T17:36:26+08:00,2026/10/02 17:36:26.371, 1800 MHz, 2130 MHz, 9501 MHz, 1800 MHz, 117.53 W, 420.00 W, 420.00 W, 56, 0 %, 8473 MiB, P2, 0x0000000000000000, Not Active, Not Active, Not Active, Not Active, Not Active
2026-10-02T17:36:27+08:00,2026/10/02 17:36:27.392, 1800 MHz, 2130 MHz, 9501 MHz, 1800 MHz, 117.63 W, 420.00 W, 420.00 W, 56, 0 %, 8473 MiB, P2, 0x0000000000000000, Not Active, Not Active, Not Active, Not Active, Not Active
2026-10-02T17:36:28+08:00,2026/10/02 17:36:28.413, 1800 MHz, 2130 MHz, 9501 MHz, 1800 MHz, 117.72 W, 420.00 W, 420.00 W, 56, 0 %, 8473 MiB, P2, 0x0000000000000000, Not Active, Not Active, Not Active, Not Active, Not Active
2026-10-02T17:36:29+08:00,2026/10/02 17:36:29.434, 1800 MHz, 2130 MHz, 9501 MHz, 1800 MHz, 117.57 W, 420.00 W, 420.00 W, 56, 0 %, 8473 MiB, P2, 0x0000000000000000, Not Active, Not Active, Not Active, Not Active, Not Active
2026-10-02T17:36:30+08:00,2026/10/02 17:36:30.457, 1800 MHz, 2130 MHz, 9501 MHz, 1800 MHz, 117.25 W, 420.00 W, 420.00 W, 56, 0 %, 8473 MiB, P2, 0x0000000000000000, Not Active, Not Active, Not Active, Not Active, Not Active
2026-10-02T17:36:31+08:00,2026/10/02 17:36:31.481, 1800 MHz, 2130 MHz, 9501 MHz, 1800 MHz, 117.23 W, 420.00 W, 420.00 W, 56, 0 %, 8473 MiB, P2, 0x0000000000000000, Not Active, Not Active, Not Active, Not Active, Not Active
2026-10-02T17:36:32+08:00,2026/10/02 17:36:32.506, 1800 MHz, 2130 MHz, 9501 MHz, 1800 MHz, 117.44 W, 420.00 W, 420.00 W, 56, 0 %, 8473 MiB, P2, 0x0000000000000000, Not Active, Not Active, Not Active, Not Active, Not Active
2026-10-02T17:36:33+08:00,2026/10/02 17:36:33.526, 1800 MHz, 2130 MHz, 9501 MHz, 1800 MHz, 117.43 W, 420.00 W, 420.00 W, 56, 0 %, 8473 MiB, P2, 0x0000000000000000, Not Active, Not Active, Not Active, Not Active, Not Active
2026-10-02T17:36:34+08:00,2026/10/02 17:36:34.546, 1800 MHz, 2130 MHz, 9501 MHz, 1800 MHz, 117.59 W, 420.00 W, 420.00 W, 56, 0 %, 8473 MiB, P2, 0x0000000000000000, Not Active, Not Active, Not Active, Not Active, Not Active
2026-10-02T17:36:35+08:00,2026/10/02 17:36:35.567, 1800 MHz, 2130 MHz, 9501 MHz, 1800 MHz, 117.36 W, 420.00 W, 420.00 W, 56, 0 %, 8473 MiB, P2, 0x0000000000000001, Not Active, Not Active, Not Active, Not Active, Active
2026-10-02T17:36:36+08:00,2026/10/02 17:36:36.588, 1800 MHz, 2130 MHz, 9501 MHz, 1800 MHz, 117.27 W, 420.00 W, 420.00 W, 56, 0 %, 8473 MiB, P2, 0x0000000000000001, Not Active, Not Active, Not Active, Not Active, Active
2026-10-02T17:36:37+08:00,2026/10/02 17:36:37.609, 1800 MHz, 2130 MHz, 9501 MHz, 1800 MHz, 117.32 W, 420.00 W, 420.00 W, 56, 0 %, 8473 MiB, P2, 0x0000000000000001, Not Active, Not Active, Not Active, Not Active, Active
2026-10-02T17:36:38+08:00,2026/10/02 17:36:38.630, 1800 MHz, 2130 MHz, 9501 MHz, 1800 MHz, 117.75 W, 420.00 W, 420.00 W, 56, 0 %, 8473 MiB, P2, 0x0000000000000001, Not Active, Not Active, Not Active, Not Active, Active
2026-10-02T17:36:39+08:00,2026/10/02 17:36:39.664, 1800 MHz, 2130 MHz, 9501 MHz, 1800 MHz, 207.30 W, 420.00 W, 420.00 W, 59, 100 %, 8473 MiB, P2, 0x0000000000000000, Not Active, Not Active, Not Active, Not Active, Not Active
2026-10-02T17:36:40+08:00,2026/10/02 17:36:40.695, 1800 MHz, 2130 MHz, 9501 MHz, 1800 MHz, 247.01 W, 420.00 W, 420.00 W, 60, 100 %, 8473 MiB, P2, 0x0000000000000000, Not Active, Not Active, Not Active, Not Active, Not Active
2026-10-02T17:36:41+08:00,2026/10/02 17:36:41.726, 1800 MHz, 2130 MHz, 9501 MHz, 1800 MHz, 247.07 W, 420.00 W, 420.00 W, 60, 100 %, 8473 MiB, P2, 0x0000000000000000, Not Active, Not Active, Not Active, Not Active, Not Active
2026-10-02T17:36:42+08:00,2026/10/02 17:36:42.757, 1800 MHz, 2130 MHz, 9501 MHz, 1800 MHz, 246.97 W, 420.00 W, 420.00 W, 60, 100 %, 8473 MiB, P2, 0x0000000000000000, Not Active, Not Active, Not Active, Not Active, Not Active
2026-10-02T17:36:43+08:00,2026/10/02 17:36:43.787, 1800 MHz, 2130 MHz, 9501 MHz, 1800 MHz, 247.21 W, 420.00 W, 420.00 W, 60, 100 %, 8473 MiB, P2, 0x0000000000000000, Not Active, Not Active, Not Active, Not Active, Not Active
2026-10-02T17:36:44+08:00,2026/10/02 17:36:44.817, 1800 MHz, 2130 MHz, 9501 MHz, 1800 MHz, 247.08 W, 420.00 W, 420.00 W, 60, 100 %, 8473 MiB, P2, 0x0000000000000000, Not Active, Not Active, Not Active, Not Active, Not Active
2026-10-02T17:36:45+08:00,2026/10/02 17:36:45.848, 1800 MHz, 2130 MHz, 9501 MHz, 1800 MHz, 247.13 W, 420.00 W, 420.00 W, 60, 100 %, 8473 MiB, P2, 0x0000000000000000, Not Active, Not Active, Not Active, Not Active, Not Active
2026-10-02T17:36:46+08:00,2026/10/02 17:36:46.879, 1800 MHz, 2130 MHz, 9501 MHz, 1800 MHz, 247.24 W, 420.00 W, 420.00 W, 60, 100 %, 8473 MiB, P2, 0x0000000000000000, Not Active, Not Active, Not Active, Not Active, Not Active
2026-10-02T17:36:47+08:00,2026/10/02 17:36:47.910, 1800 MHz, 2130 MHz, 9501 MHz, 1800 MHz, 247.33 W, 420.00 W, 420.00 W, 61, 100 %, 8473 MiB, P2, 0x0000000000000000, Not Active, Not Active, Not Active, Not Active, Not Active
2026-10-02T17:36:48+08:00,2026/10/02 17:36:48.941, 1800 MHz, 2130 MHz, 9501 MHz, 1800 MHz, 236.21 W, 420.00 W, 420.00 W, 59, 1 %, 8473 MiB, P2, 0x0000000000000000, Not Active, Not Active, Not Active, Not Active, Not Active
2026-10-02T17:36:49+08:00,2026/10/02 17:36:49.961, 1800 MHz, 2130 MHz, 9501 MHz, 1800 MHz, 130.79 W, 420.00 W, 420.00 W, 57, 0 %, 8473 MiB, P2, 0x0000000000000000, Not Active, Not Active, Not Active, Not Active, Not Active
2026-10-02T17:36:50+08:00,2026/10/02 17:36:50.981, 1800 MHz, 2130 MHz, 9501 MHz, 1800 MHz, 117.90 W, 420.00 W, 420.00 W, 57, 0 %, 8473 MiB, P2, 0x0000000000000000, Not Active, Not Active, Not Active, Not Active, Not Active
2026-10-02T17:36:51+08:00,2026/10/02 17:36:52.002, 1800 MHz, 2130 MHz, 9501 MHz, 1800 MHz, 117.81 W, 420.00 W, 420.00 W, 57, 0 %, 8473 MiB, P2, 0x0000000000000000, Not Active, Not Active, Not Active, Not Active, Not Active
2026-10-02T17:36:53+08:00,2026/10/02 17:36:53.022, 1800 MHz, 2130 MHz, 9501 MHz, 1800 MHz, 117.69 W, 420.00 W, 420.00 W, 57, 0 %, 8473 MiB, P2, 0x0000000000000000, Not Active, Not Active, Not Active, Not Active, Not Active
2026-10-02T17:36:54+08:00,2026/10/02 17:36:54.042, 1800 MHz, 2130 MHz, 9501 MHz, 1800 MHz, 117.61 W, 420.00 W, 420.00 W, 57, 0 %, 8473 MiB, P2, 0x0000000000000000, Not Active, Not Active, Not Active, Not Active, Not Active
2026-10-02T17:36:55+08:00,2026/10/02 17:36:55.062, 1800 MHz, 2130 MHz, 9501 MHz, 1800 MHz, 117.36 W, 420.00 W, 420.00 W, 56, 0 %, 8473 MiB, P2, 0x0000000000000000, Not Active, Not Active, Not Active, Not Active, Not Active
2026-10-02T17:36:56+08:00,2026/10/02 17:36:56.083, 1800 MHz, 2130 MHz, 9501 MHz, 1800 MHz, 117.40 W, 420.00 W, 420.00 W, 56, 0 %, 8473 MiB, P2, 0x0000000000000000, Not Active, Not Active, Not Active, Not Active, Not Active
2026-10-02T17:36:57+08:00,2026/10/02 17:36:57.106, 1800 MHz, 2130 MHz, 9501 MHz, 1800 MHz, 116.99 W, 420.00 W, 420.00 W, 56, 0 %, 8473 MiB, P2, 0x0000000000000000, Not Active, Not Active, Not Active, Not Active, Not Active
2026-10-02T17:36:58+08:00,2026/10/02 17:36:58.128, 1800 MHz, 2130 MHz, 9501 MHz, 1800 MHz, 117.14 W, 420.00 W, 420.00 W, 56, 0 %, 8473 MiB, P2, 0x0000000000000000, Not Active, Not Active, Not Active, Not Active, Not Active
2026-10-02T17:36:59+08:00,2026/10/02 17:36:59.148, 1800 MHz, 2130 MHz, 9501 MHz, 1800 MHz, 117.38 W, 420.00 W, 420.00 W, 56, 0 %, 8473 MiB, P2, 0x0000000000000000, Not Active, Not Active, Not Active, Not Active, Not Active
2026-10-02T17:37:00+08:00,2026/10/02 17:37:00.171, 1800 MHz, 2130 MHz, 9501 MHz, 1800 MHz, 117.43 W, 420.00 W, 420.00 W, 56, 0 %, 8473 MiB, P2, 0x0000000000000000, Not Active, Not Active, Not Active, Not Active, Not Active
2026-10-02T17:37:01+08:00,2026/10/02 17:37:01.190, 1800 MHz, 2130 MHz, 9501 MHz, 1800 MHz, 117.40 W, 420.00 W, 420.00 W, 56, 0 %, 8473 MiB, P2, 0x0000000000000000, Not Active, Not Active, Not Active, Not Active, Not Active
2026-10-02T17:37:02+08:00,2026/10/02 17:37:02.211, 1800 MHz, 2130 MHz, 9501 MHz, 1800 MHz, 117.29 W, 420.00 W, 420.00 W, 56, 0 %, 8473 MiB, P2, 0x0000000000000000, Not Active, Not Active, Not Active, Not Active, Not Active
2026-10-02T17:37:03+08:00,2026/10/02 17:37:03.233, 1800 MHz, 2130 MHz, 9501 MHz, 1800 MHz, 117.62 W, 420.00 W, 420.00 W, 56, 0 %, 8473 MiB, P2, 0x0000000000000000, Not Active, Not Active, Not Active, Not Active, Not Active
2026-10-02T17:37:04+08:00,2026/10/02 17:37:04.254, 1800 MHz, 2130 MHz, 9501 MHz, 1800 MHz, 117.17 W, 420.00 W, 420.00 W, 56, 0 %, 8473 MiB, P2, 0x0000000000000000, Not Active, Not Active, Not Active, Not Active, Not Active
2026-10-02T17:37:05+08:00,2026/10/02 17:37:05.276, 1800 MHz, 2130 MHz, 9501 MHz, 1800 MHz, 117.23 W, 420.00 W, 420.00 W, 56, 0 %, 8473 MiB, P2, 0x0000000000000001, Not Active, Not Active, Not Active, Not Active, Active
2026-10-02T17:37:06+08:00,2026/10/02 17:37:06.296, 1800 MHz, 2130 MHz, 9501 MHz, 1800 MHz, 117.19 W, 420.00 W, 420.00 W, 56, 0 %, 8473 MiB, P2, 0x0000000000000001, Not Active, Not Active, Not Active, Not Active, Active
2026-10-02T17:37:07+08:00,2026/10/02 17:37:07.316, 1800 MHz, 2130 MHz, 9501 MHz, 1800 MHz, 117.14 W, 420.00 W, 420.00 W, 56, 0 %, 8473 MiB, P2, 0x0000000000000001, Not Active, Not Active, Not Active, Not Active, Active
2026-10-02T17:37:08+08:00,2026/10/02 17:37:08.337, 1800 MHz, 2130 MHz, 9501 MHz, 1800 MHz, 117.29 W, 420.00 W, 420.00 W, 56, 0 %, 8473 MiB, P2, 0x0000000000000001, Not Active, Not Active, Not Active, Not Active, Active
2026-10-02T17:37:09+08:00,2026/10/02 17:37:09.358, 1800 MHz, 2130 MHz, 9501 MHz, 1800 MHz, 154.68 W, 420.00 W, 420.00 W, 57, 43 %, 8473 MiB, P2, 0x0000000000000000, Not Active, Not Active, Not Active, Not Active, Not Active
2026-10-02T17:37:10+08:00,2026/10/02 17:37:10.392, 1800 MHz, 2130 MHz, 9501 MHz, 1800 MHz, 246.42 W, 420.00 W, 420.00 W, 59, 100 %, 8473 MiB, P2, 0x0000000000000000, Not Active, Not Active, Not Active, Not Active, Not Active
2026-10-02T17:37:11+08:00,2026/10/02 17:37:11.422, 1800 MHz, 2130 MHz, 9501 MHz, 1800 MHz, 246.61 W, 420.00 W, 420.00 W, 60, 100 %, 8473 MiB, P2, 0x0000000000000000, Not Active, Not Active, Not Active, Not Active, Not Active
2026-10-02T17:37:12+08:00,2026/10/02 17:37:12.453, 1800 MHz, 2130 MHz, 9501 MHz, 1800 MHz, 246.79 W, 420.00 W, 420.00 W, 60, 100 %, 8473 MiB, P2, 0x0000000000000000, Not Active, Not Active, Not Active, Not Active, Not Active
2026-10-02T17:37:13+08:00,2026/10/02 17:37:13.488, 1800 MHz, 2130 MHz, 9501 MHz, 1800 MHz, 247.01 W, 420.00 W, 420.00 W, 60, 100 %, 8473 MiB, P2, 0x0000000000000000, Not Active, Not Active, Not Active, Not Active, Not Active
2026-10-02T17:37:14+08:00,2026/10/02 17:37:14.518, 1800 MHz, 2130 MHz, 9501 MHz, 1800 MHz, 247.05 W, 420.00 W, 420.00 W, 60, 100 %, 8473 MiB, P2, 0x0000000000000000, Not Active, Not Active, Not Active, Not Active, Not Active
2026-10-02T17:37:15+08:00,2026/10/02 17:37:15.548, 1800 MHz, 2130 MHz, 9501 MHz, 1800 MHz, 247.08 W, 420.00 W, 420.00 W, 60, 100 %, 8473 MiB, P2, 0x0000000000000000, Not Active, Not Active, Not Active, Not Active, Not Active
2026-10-02T17:37:16+08:00,2026/10/02 17:37:16.579, 1800 MHz, 2130 MHz, 9501 MHz, 1800 MHz, 247.16 W, 420.00 W, 420.00 W, 60, 100 %, 8473 MiB, P2, 0x0000000000000000, Not Active, Not Active, Not Active, Not Active, Not Active
2026-10-02T17:37:17+08:00,2026/10/02 17:37:17.609, 1800 MHz, 2130 MHz, 9501 MHz, 1800 MHz, 247.20 W, 420.00 W, 420.00 W, 60, 100 %, 8473 MiB, P2, 0x0000000000000000, Not Active, Not Active, Not Active, Not Active, Not Active
2026-10-02T17:37:18+08:00,2026/10/02 17:37:18.640, 1800 MHz, 2130 MHz, 9501 MHz, 1800 MHz, 247.21 W, 420.00 W, 420.00 W, 61, 100 %, 8473 MiB, P2, 0x0000000000000000, Not Active, Not Active, Not Active, Not Active, Not Active
2026-10-02T17:37:19+08:00,2026/10/02 17:37:19.670, 1800 MHz, 2130 MHz, 9501 MHz, 1800 MHz, 182.37 W, 420.00 W, 420.00 W, 58, 0 %, 8473 MiB, P2, 0x0000000000000000, Not Active, Not Active, Not Active, Not Active, Not Active
2026-10-02T17:37:20+08:00,2026/10/02 17:37:20.690, 1800 MHz, 2130 MHz, 9501 MHz, 1800 MHz, 135.50 W, 420.00 W, 420.00 W, 57, 0 %, 8473 MiB, P2, 0x0000000000000000, Not Active, Not Active, Not Active, Not Active, Not Active
2026-10-02T17:37:21+08:00,2026/10/02 17:37:21.710, 1800 MHz, 2130 MHz, 9501 MHz, 1800 MHz, 117.79 W, 420.00 W, 420.00 W, 57, 0 %, 8473 MiB, P2, 0x0000000000000000, Not Active, Not Active, Not Active, Not Active, Not Active
2026-10-02T17:37:22+08:00,2026/10/02 17:37:22.729, 1800 MHz, 2130 MHz, 9501 MHz, 1800 MHz, 117.66 W, 420.00 W, 420.00 W, 57, 0 %, 8473 MiB, P2, 0x0000000000000000, Not Active, Not Active, Not Active, Not Active, Not Active
2026-10-02T17:37:23+08:00,2026/10/02 17:37:23.749, 1800 MHz, 2130 MHz, 9501 MHz, 1800 MHz, 117.81 W, 420.00 W, 420.00 W, 56, 0 %, 8473 MiB, P2, 0x0000000000000000, Not Active, Not Active, Not Active, Not Active, Not Active
2026-10-02T17:37:24+08:00,2026/10/02 17:37:24.770, 1800 MHz, 2130 MHz, 9501 MHz, 1800 MHz, 117.94 W, 420.00 W, 420.00 W, 56, 0 %, 8473 MiB, P2, 0x0000000000000000, Not Active, Not Active, Not Active, Not Active, Not Active
2026-10-02T17:37:25+08:00,2026/10/02 17:37:25.791, 1800 MHz, 2130 MHz, 9501 MHz, 1800 MHz, 117.72 W, 420.00 W, 420.00 W, 56, 0 %, 8473 MiB, P2, 0x0000000000000000, Not Active, Not Active, Not Active, Not Active, Not Active
2026-10-02T17:37:26+08:00,2026/10/02 17:37:26.812, 1800 MHz, 2130 MHz, 9501 MHz, 1800 MHz, 117.87 W, 420.00 W, 420.00 W, 56, 0 %, 8473 MiB, P2, 0x0000000000000000, Not Active, Not Active, Not Active, Not Active, Not Active
2026-10-02T17:37:27+08:00,2026/10/02 17:37:27.834, 1800 MHz, 2130 MHz, 9501 MHz, 1800 MHz, 117.80 W, 420.00 W, 420.00 W, 56, 0 %, 8473 MiB, P2, 0x0000000000000000, Not Active, Not Active, Not Active, Not Active, Not Active
2026-10-02T17:37:28+08:00,2026/10/02 17:37:28.857, 1800 MHz, 2130 MHz, 9501 MHz, 1800 MHz, 117.66 W, 420.00 W, 420.00 W, 56, 0 %, 8473 MiB, P2, 0x0000000000000000, Not Active, Not Active, Not Active, Not Active, Not Active
2026-10-02T17:37:29+08:00,2026/10/02 17:37:29.877, 1800 MHz, 2130 MHz, 9501 MHz, 1800 MHz, 117.84 W, 420.00 W, 420.00 W, 56, 0 %, 8473 MiB, P2, 0x0000000000000000, Not Active, Not Active, Not Active, Not Active, Not Active
2026-10-02T17:37:30+08:00,2026/10/02 17:37:30.896, 1800 MHz, 2130 MHz, 9501 MHz, 1800 MHz, 117.78 W, 420.00 W, 420.00 W, 56, 0 %, 8473 MiB, P2, 0x0000000000000000, Not Active, Not Active, Not Active, Not Active, Not Active
2026-10-02T17:37:31+08:00,2026/10/02 17:37:31.916, 1800 MHz, 2130 MHz, 9501 MHz, 1800 MHz, 117.75 W, 420.00 W, 420.00 W, 56, 0 %, 8473 MiB, P2, 0x0000000000000000, Not Active, Not Active, Not Active, Not Active, Not Active
2026-10-02T17:37:32+08:00,2026/10/02 17:37:32.938, 1800 MHz, 2130 MHz, 9501 MHz, 1800 MHz, 117.36 W, 420.00 W, 420.00 W, 56, 0 %, 8473 MiB, P2, 0x0000000000000000, Not Active, Not Active, Not Active, Not Active, Not Active
2026-10-02T17:37:33+08:00,2026/10/02 17:37:33.958, 1800 MHz, 2130 MHz, 9501 MHz, 1800 MHz, 117.41 W, 420.00 W, 420.00 W, 56, 0 %, 8473 MiB, P2, 0x0000000000000000, Not Active, Not Active, Not Active, Not Active, Not Active
2026-10-02T17:37:34+08:00,2026/10/02 17:37:34.978, 1800 MHz, 2130 MHz, 9501 MHz, 1800 MHz, 117.40 W, 420.00 W, 420.00 W, 56, 0 %, 8473 MiB, P2, 0x0000000000000001, Not Active, Not Active, Not Active, Not Active, Active
2026-10-02T17:37:35+08:00,2026/10/02 17:37:35.998, 1800 MHz, 2130 MHz, 9501 MHz, 1800 MHz, 117.34 W, 420.00 W, 420.00 W, 56, 0 %, 8473 MiB, P2, 0x0000000000000001, Not Active, Not Active, Not Active, Not Active, Active
2026-10-02T17:37:37+08:00,2026/10/02 17:37:37.022, 1800 MHz, 2130 MHz, 9501 MHz, 1800 MHz, 117.31 W, 420.00 W, 420.00 W, 56, 0 %, 8473 MiB, P2, 0x0000000000000001, Not Active, Not Active, Not Active, Not Active, Active
2026-10-02T17:37:38+08:00,2026/10/02 17:37:38.044, 1800 MHz, 2130 MHz, 9501 MHz, 1800 MHz, 116.96 W, 420.00 W, 420.00 W, 56, 0 %, 8473 MiB, P2, 0x0000000000000001, Not Active, Not Active, Not Active, Not Active, Active
2026-10-02T17:37:39+08:00,2026/10/02 17:37:39.064, 1800 MHz, 2130 MHz, 9501 MHz, 1800 MHz, 116.84 W, 420.00 W, 420.00 W, 56, 0 %, 8473 MiB, P2, 0x0000000000000001, Not Active, Not Active, Not Active, Not Active, Active
2026-10-02T17:37:40+08:00,2026/10/02 17:37:40.087, 1800 MHz, 2130 MHz, 9501 MHz, 1800 MHz, 209.22 W, 420.00 W, 420.00 W, 59, 100 %, 8473 MiB, P2, 0x0000000000000000, Not Active, Not Active, Not Active, Not Active, Not Active
2026-10-02T17:37:41+08:00,2026/10/02 17:37:41.122, 1800 MHz, 2130 MHz, 9501 MHz, 1800 MHz, 246.87 W, 420.00 W, 420.00 W, 60, 100 %, 8473 MiB, P2, 0x0000000000000000, Not Active, Not Active, Not Active, Not Active, Not Active
2026-10-02T17:37:42+08:00,2026/10/02 17:37:42.157, 1800 MHz, 2130 MHz, 9501 MHz, 1800 MHz, 246.95 W, 420.00 W, 420.00 W, 60, 100 %, 8473 MiB, P2, 0x0000000000000000, Not Active, Not Active, Not Active, Not Active, Not Active
2026-10-02T17:37:43+08:00,2026/10/02 17:37:43.189, 1800 MHz, 2130 MHz, 9501 MHz, 1800 MHz, 247.35 W, 420.00 W, 420.00 W, 60, 100 %, 8473 MiB, P2, 0x0000000000000000, Not Active, Not Active, Not Active, Not Active, Not Active
2026-10-02T17:37:44+08:00,2026/10/02 17:37:44.219, 1800 MHz, 2130 MHz, 9501 MHz, 1800 MHz, 247.18 W, 420.00 W, 420.00 W, 60, 100 %, 8473 MiB, P2, 0x0000000000000000, Not Active, Not Active, Not Active, Not Active, Not Active
2026-10-02T17:37:45+08:00,2026/10/02 17:37:45.249, 1800 MHz, 2130 MHz, 9501 MHz, 1800 MHz, 247.13 W, 420.00 W, 420.00 W, 60, 100 %, 8473 MiB, P2, 0x0000000000000000, Not Active, Not Active, Not Active, Not Active, Not Active
2026-10-02T17:37:46+08:00,2026/10/02 17:37:46.279, 1800 MHz, 2130 MHz, 9501 MHz, 1800 MHz, 247.51 W, 420.00 W, 420.00 W, 60, 100 %, 8473 MiB, P2, 0x0000000000000000, Not Active, Not Active, Not Active, Not Active, Not Active
2026-10-02T17:37:47+08:00,2026/10/02 17:37:47.312, 1800 MHz, 2130 MHz, 9501 MHz, 1800 MHz, 247.45 W, 420.00 W, 420.00 W, 60, 100 %, 8473 MiB, P2, 0x0000000000000000, Not Active, Not Active, Not Active, Not Active, Not Active
2026-10-02T17:37:48+08:00,2026/10/02 17:37:48.347, 1800 MHz, 2130 MHz, 9501 MHz, 1800 MHz, 247.30 W, 420.00 W, 420.00 W, 60, 100 %, 8473 MiB, P2, 0x0000000000000000, Not Active, Not Active, Not Active, Not Active, Not Active
2026-10-02T17:37:49+08:00,2026/10/02 17:37:49.377, 1800 MHz, 2130 MHz, 9501 MHz, 1800 MHz, 233.99 W, 420.00 W, 420.00 W, 61, 100 %, 8473 MiB, P2, 0x0000000000000000, Not Active, Not Active, Not Active, Not Active, Not Active
2026-10-02T17:37:50+08:00,2026/10/02 17:37:50.399, 1800 MHz, 2130 MHz, 9501 MHz, 1800 MHz, 140.38 W, 420.00 W, 420.00 W, 57, 0 %, 8473 MiB, P2, 0x0000000000000000, Not Active, Not Active, Not Active, Not Active, Not Active
2026-10-02T17:37:51+08:00,2026/10/02 17:37:51.420, 1800 MHz, 2130 MHz, 9501 MHz, 1800 MHz, 117.43 W, 420.00 W, 420.00 W, 57, 0 %, 8473 MiB, P2, 0x0000000000000000, Not Active, Not Active, Not Active, Not Active, Not Active
2026-10-02T17:37:52+08:00,2026/10/02 17:37:52.440, 1800 MHz, 2130 MHz, 9501 MHz, 1800 MHz, 117.08 W, 420.00 W, 420.00 W, 57, 0 %, 8473 MiB, P2, 0x0000000000000000, Not Active, Not Active, Not Active, Not Active, Not Active
2026-10-02T17:37:53+08:00,2026/10/02 17:37:53.461, 1800 MHz, 2130 MHz, 9501 MHz, 1800 MHz, 117.19 W, 420.00 W, 420.00 W, 57, 0 %, 8473 MiB, P2, 0x0000000000000000, Not Active, Not Active, Not Active, Not Active, Not Active
2026-10-02T17:37:54+08:00,2026/10/02 17:37:54.481, 1800 MHz, 2130 MHz, 9501 MHz, 1800 MHz, 117.41 W, 420.00 W, 420.00 W, 56, 0 %, 8473 MiB, P2, 0x0000000000000000, Not Active, Not Active, Not Active, Not Active, Not Active
2026-10-02T17:37:55+08:00,2026/10/02 17:37:55.501, 1800 MHz, 2130 MHz, 9501 MHz, 1800 MHz, 117.28 W, 420.00 W, 420.00 W, 56, 0 %, 8473 MiB, P2, 0x0000000000000000, Not Active, Not Active, Not Active, Not Active, Not Active
2026-10-02T17:37:56+08:00,2026/10/02 17:37:56.521, 1800 MHz, 2130 MHz, 9501 MHz, 1800 MHz, 117.01 W, 420.00 W, 420.00 W, 56, 0 %, 8473 MiB, P2, 0x0000000000000000, Not Active, Not Active, Not Active, Not Active, Not Active
2026-10-02T17:37:57+08:00,2026/10/02 17:37:57.541, 1800 MHz, 2130 MHz, 9501 MHz, 1800 MHz, 116.75 W, 420.00 W, 420.00 W, 56, 0 %, 8473 MiB, P2, 0x0000000000000000, Not Active, Not Active, Not Active, Not Active, Not Active
2026-10-02T17:37:58+08:00,2026/10/02 17:37:58.565, 1800 MHz, 2130 MHz, 9501 MHz, 1800 MHz, 116.55 W, 420.00 W, 420.00 W, 56, 0 %, 8473 MiB, P2, 0x0000000000000000, Not Active, Not Active, Not Active, Not Active, Not Active
2026-10-02T17:37:59+08:00,2026/10/02 17:37:59.586, 1800 MHz, 2130 MHz, 9501 MHz, 1800 MHz, 116.42 W, 420.00 W, 420.00 W, 56, 0 %, 8473 MiB, P2, 0x0000000000000000, Not Active, Not Active, Not Active, Not Active, Not Active
2026-10-02T17:38:00+08:00,2026/10/02 17:38:00.607, 1800 MHz, 2130 MHz, 9501 MHz, 1800 MHz, 116.43 W, 420.00 W, 420.00 W, 56, 0 %, 8473 MiB, P2, 0x0000000000000000, Not Active, Not Active, Not Active, Not Active, Not Active
2026-10-02T17:38:01+08:00,2026/10/02 17:38:01.628, 1800 MHz, 2130 MHz, 9501 MHz, 1800 MHz, 116.55 W, 420.00 W, 420.00 W, 56, 0 %, 8473 MiB, P2, 0x0000000000000000, Not Active, Not Active, Not Active, Not Active, Not Active
2026-10-02T17:38:02+08:00,2026/10/02 17:38:02.649, 1800 MHz, 2130 MHz, 9501 MHz, 1800 MHz, 116.52 W, 420.00 W, 420.00 W, 56, 0 %, 8473 MiB, P2, 0x0000000000000000, Not Active, Not Active, Not Active, Not Active, Not Active
2026-10-02T17:38:03+08:00,2026/10/02 17:38:03.669, 1800 MHz, 2130 MHz, 9501 MHz, 1800 MHz, 116.45 W, 420.00 W, 420.00 W, 56, 0 %, 8473 MiB, P2, 0x0000000000000000, Not Active, Not Active, Not Active, Not Active, Not Active
2026-10-02T17:38:04+08:00,2026/10/02 17:38:04.690, 1800 MHz, 2130 MHz, 9501 MHz, 1800 MHz, 116.66 W, 420.00 W, 420.00 W, 56, 0 %, 8473 MiB, P2, 0x0000000000000000, Not Active, Not Active, Not Active, Not Active, Not Active
2026-10-02T17:38:05+08:00,2026/10/02 17:38:05.710, 1800 MHz, 2130 MHz, 9501 MHz, 1800 MHz, 116.78 W, 420.00 W, 420.00 W, 56, 0 %, 8473 MiB, P2, 0x0000000000000000, Not Active, Not Active, Not Active, Not Active, Not Active
2026-10-02T17:38:06+08:00,2026/10/02 17:38:06.730, 1800 MHz, 2130 MHz, 9501 MHz, 1800 MHz, 116.98 W, 420.00 W, 420.00 W, 56, 0 %, 8473 MiB, P2, 0x0000000000000001, Not Active, Not Active, Not Active, Not Active, Active
2026-10-02T17:38:07+08:00,2026/10/02 17:38:07.750, 1800 MHz, 2130 MHz, 9501 MHz, 1800 MHz, 117.01 W, 420.00 W, 420.00 W, 56, 0 %, 8473 MiB, P2, 0x0000000000000001, Not Active, Not Active, Not Active, Not Active, Active
2026-10-02T17:38:08+08:00,2026/10/02 17:38:08.770, 1800 MHz, 2130 MHz, 9501 MHz, 1800 MHz, 116.94 W, 420.00 W, 420.00 W, 56, 0 %, 8473 MiB, P2, 0x0000000000000001, Not Active, Not Active, Not Active, Not Active, Active
2026-10-02T17:38:09+08:00,2026/10/02 17:38:09.793, 1800 MHz, 2130 MHz, 9501 MHz, 1800 MHz, 159.36 W, 420.00 W, 420.00 W, 57, 100 %, 8473 MiB, P2, 0x0000000000000000, Not Active, Not Active, Not Active, Not Active, Not Active
2026-10-02T17:38:10+08:00,2026/10/02 17:38:10.827, 1800 MHz, 2130 MHz, 9501 MHz, 1800 MHz, 247.01 W, 420.00 W, 420.00 W, 59, 100 %, 8473 MiB, P2, 0x0000000000000000, Not Active, Not Active, Not Active, Not Active, Not Active
2026-10-02T17:38:11+08:00,2026/10/02 17:38:11.858, 1800 MHz, 2130 MHz, 9501 MHz, 1800 MHz, 247.19 W, 420.00 W, 420.00 W, 60, 100 %, 8473 MiB, P2, 0x0000000000000000, Not Active, Not Active, Not Active, Not Active, Not Active
2026-10-02T17:38:12+08:00,2026/10/02 17:38:12.889, 1800 MHz, 2130 MHz, 9501 MHz, 1800 MHz, 247.13 W, 420.00 W, 420.00 W, 60, 100 %, 8473 MiB, P2, 0x0000000000000000, Not Active, Not Active, Not Active, Not Active, Not Active
2026-10-02T17:38:13+08:00,2026/10/02 17:38:13.920, 1800 MHz, 2130 MHz, 9501 MHz, 1800 MHz, 247.19 W, 420.00 W, 420.00 W, 60, 100 %, 8473 MiB, P2, 0x0000000000000000, Not Active, Not Active, Not Active, Not Active, Not Active
2026-10-02T17:38:14+08:00,2026/10/02 17:38:14.952, 1800 MHz, 2130 MHz, 9501 MHz, 1800 MHz, 247.32 W, 420.00 W, 420.00 W, 60, 100 %, 8473 MiB, P2, 0x0000000000000000, Not Active, Not Active, Not Active, Not Active, Not Active
2026-10-02T17:38:15+08:00,2026/10/02 17:38:15.987, 1800 MHz, 2130 MHz, 9501 MHz, 1800 MHz, 247.22 W, 420.00 W, 420.00 W, 60, 100 %, 8473 MiB, P2, 0x0000000000000000, Not Active, Not Active, Not Active, Not Active, Not Active
2026-10-02T17:38:17+08:00,2026/10/02 17:38:17.019, 1800 MHz, 2130 MHz, 9501 MHz, 1800 MHz, 247.38 W, 420.00 W, 420.00 W, 60, 100 %, 8473 MiB, P2, 0x0000000000000000, Not Active, Not Active, Not Active, Not Active, Not Active
2026-10-02T17:38:18+08:00,2026/10/02 17:38:18.050, 1800 MHz, 2130 MHz, 9501 MHz, 1800 MHz, 247.51 W, 420.00 W, 420.00 W, 60, 100 %, 8473 MiB, P2, 0x0000000000000000, Not Active, Not Active, Not Active, Not Active, Not Active
2026-10-02T17:38:19+08:00,2026/10/02 17:38:19.081, 1800 MHz, 2130 MHz, 9501 MHz, 1800 MHz, 247.45 W, 420.00 W, 420.00 W, 60, 100 %, 8473 MiB, P2, 0x0000000000000000, Not Active, Not Active, Not Active, Not Active, Not Active
2026-10-02T17:38:20+08:00,2026/10/02 17:38:20.113, 1800 MHz, 2130 MHz, 9501 MHz, 1800 MHz, 180.35 W, 420.00 W, 420.00 W, 58, 0 %, 8473 MiB, P2, 0x0000000000000000, Not Active, Not Active, Not Active, Not Active, Not Active
2026-10-02T17:38:21+08:00,2026/10/02 17:38:21.133, 1800 MHz, 2130 MHz, 9501 MHz, 1800 MHz, 118.15 W, 420.00 W, 420.00 W, 57, 0 %, 8473 MiB, P2, 0x0000000000000000, Not Active, Not Active, Not Active, Not Active, Not Active
2026-10-02T17:38:22+08:00,2026/10/02 17:38:22.153, 1800 MHz, 2130 MHz, 9501 MHz, 1800 MHz, 117.96 W, 420.00 W, 420.00 W, 57, 0 %, 8473 MiB, P2, 0x0000000000000000, Not Active, Not Active, Not Active, Not Active, Not Active
2026-10-02T17:38:23+08:00,2026/10/02 17:38:23.173, 1800 MHz, 2130 MHz, 9501 MHz, 1800 MHz, 118.14 W, 420.00 W, 420.00 W, 57, 0 %, 8473 MiB, P2, 0x0000000000000000, Not Active, Not Active, Not Active, Not Active, Not Active
2026-10-02T17:38:24+08:00,2026/10/02 17:38:24.192, 1800 MHz, 2130 MHz, 9501 MHz, 1800 MHz, 118.12 W, 420.00 W, 420.00 W, 56, 0 %, 8473 MiB, P2, 0x0000000000000000, Not Active, Not Active, Not Active, Not Active, Not Active
2026-10-02T17:38:25+08:00,2026/10/02 17:38:25.212, 1800 MHz, 2130 MHz, 9501 MHz, 1800 MHz, 117.85 W, 420.00 W, 420.00 W, 56, 0 %, 8473 MiB, P2, 0x0000000000000000, Not Active, Not Active, Not Active, Not Active, Not Active
2026-10-02T17:38:26+08:00,2026/10/02 17:38:26.233, 1800 MHz, 2130 MHz, 9501 MHz, 1800 MHz, 117.72 W, 420.00 W, 420.00 W, 56, 0 %, 8473 MiB, P2, 0x0000000000000000, Not Active, Not Active, Not Active, Not Active, Not Active
2026-10-02T17:38:27+08:00,2026/10/02 17:38:27.253, 1800 MHz, 2130 MHz, 9501 MHz, 1800 MHz, 117.70 W, 420.00 W, 420.00 W, 56, 0 %, 8473 MiB, P2, 0x0000000000000000, Not Active, Not Active, Not Active, Not Active, Not Active
2026-10-02T17:38:28+08:00,2026/10/02 17:38:28.273, 1800 MHz, 2130 MHz, 9501 MHz, 1800 MHz, 117.66 W, 420.00 W, 420.00 W, 56, 0 %, 8473 MiB, P2, 0x0000000000000000, Not Active, Not Active, Not Active, Not Active, Not Active
2026-10-02T17:38:29+08:00,2026/10/02 17:38:29.294, 1800 MHz, 2130 MHz, 9501 MHz, 1800 MHz, 117.74 W, 420.00 W, 420.00 W, 56, 0 %, 8473 MiB, P2, 0x0000000000000000, Not Active, Not Active, Not Active, Not Active, Not Active
2026-10-02T17:38:30+08:00,2026/10/02 17:38:30.314, 1800 MHz, 2130 MHz, 9501 MHz, 1800 MHz, 117.51 W, 420.00 W, 420.00 W, 56, 0 %, 8473 MiB, P2, 0x0000000000000000, Not Active, Not Active, Not Active, Not Active, Not Active
2026-10-02T17:38:31+08:00,2026/10/02 17:38:31.334, 1800 MHz, 2130 MHz, 9501 MHz, 1800 MHz, 117.47 W, 420.00 W, 420.00 W, 56, 0 %, 8473 MiB, P2, 0x0000000000000000, Not Active, Not Active, Not Active, Not Active, Not Active
2026-10-02T17:38:32+08:00,2026/10/02 17:38:32.354, 1800 MHz, 2130 MHz, 9501 MHz, 1800 MHz, 117.39 W, 420.00 W, 420.00 W, 56, 0 %, 8473 MiB, P2, 0x0000000000000000, Not Active, Not Active, Not Active, Not Active, Not Active
2026-10-02T17:38:33+08:00,2026/10/02 17:38:33.375, 1800 MHz, 2130 MHz, 9501 MHz, 1800 MHz, 117.04 W, 420.00 W, 420.00 W, 56, 0 %, 8473 MiB, P2, 0x0000000000000000, Not Active, Not Active, Not Active, Not Active, Not Active
2026-10-02T17:38:34+08:00,2026/10/02 17:38:34.395, 1800 MHz, 2130 MHz, 9501 MHz, 1800 MHz, 116.77 W, 420.00 W, 420.00 W, 56, 0 %, 8473 MiB, P2, 0x0000000000000000, Not Active, Not Active, Not Active, Not Active, Not Active
2026-10-02T17:38:35+08:00,2026/10/02 17:38:35.415, 1800 MHz, 2130 MHz, 9501 MHz, 1800 MHz, 116.47 W, 420.00 W, 420.00 W, 56, 0 %, 8473 MiB, P2, 0x0000000000000000, Not Active, Not Active, Not Active, Not Active, Not Active
2026-10-02T17:38:36+08:00,2026/10/02 17:38:36.436, 1800 MHz, 2130 MHz, 9501 MHz, 1800 MHz, 116.75 W, 420.00 W, 420.00 W, 56, 0 %, 8473 MiB, P2, 0x0000000000000001, Not Active, Not Active, Not Active, Not Active, Active
2026-10-02T17:38:37+08:00,2026/10/02 17:38:37.457, 1800 MHz, 2130 MHz, 9501 MHz, 1800 MHz, 116.59 W, 420.00 W, 420.00 W, 56, 0 %, 8473 MiB, P2, 0x0000000000000001, Not Active, Not Active, Not Active, Not Active, Active
2026-10-02T17:38:38+08:00,2026/10/02 17:38:38.482, 1800 MHz, 2130 MHz, 9501 MHz, 1800 MHz, 116.53 W, 420.00 W, 420.00 W, 56, 0 %, 8473 MiB, P2, 0x0000000000000001, Not Active, Not Active, Not Active, Not Active, Active
2026-10-02T17:38:39+08:00,2026/10/02 17:38:39.508, 1800 MHz, 2130 MHz, 9501 MHz, 1800 MHz, 116.66 W, 420.00 W, 420.00 W, 56, 0 %, 8473 MiB, P2, 0x0000000000000001, Not Active, Not Active, Not Active, Not Active, Active
2026-10-02T17:38:40+08:00,2026/10/02 17:38:40.543, 1800 MHz, 2130 MHz, 9501 MHz, 1800 MHz, 199.71 W, 420.00 W, 420.00 W, 59, 100 %, 8473 MiB, P2, 0x0000000000000000, Not Active, Not Active, Not Active, Not Active, Not Active
2026-10-02T17:38:41+08:00,2026/10/02 17:38:41.576, 1800 MHz, 2130 MHz, 9501 MHz, 1800 MHz, 246.82 W, 420.00 W, 420.00 W, 59, 100 %, 8473 MiB, P2, 0x0000000000000000, Not Active, Not Active, Not Active, Not Active, Not Active
2026-10-02T17:38:42+08:00,2026/10/02 17:38:42.607, 1800 MHz, 2130 MHz, 9501 MHz, 1800 MHz, 246.71 W, 420.00 W, 420.00 W, 60, 100 %, 8473 MiB, P2, 0x0000000000000000, Not Active, Not Active, Not Active, Not Active, Not Active
2026-10-02T17:38:43+08:00,2026/10/02 17:38:43.640, 1800 MHz, 2130 MHz, 9501 MHz, 1800 MHz, 246.98 W, 420.00 W, 420.00 W, 60, 100 %, 8473 MiB, P2, 0x0000000000000000, Not Active, Not Active, Not Active, Not Active, Not Active
2026-10-02T17:38:44+08:00,2026/10/02 17:38:44.674, 1800 MHz, 2130 MHz, 9501 MHz, 1800 MHz, 247.01 W, 420.00 W, 420.00 W, 60, 100 %, 8473 MiB, P2, 0x0000000000000000, Not Active, Not Active, Not Active, Not Active, Not Active
2026-10-02T17:38:45+08:00,2026/10/02 17:38:45.708, 1800 MHz, 2130 MHz, 9501 MHz, 1800 MHz, 247.16 W, 420.00 W, 420.00 W, 60, 100 %, 8473 MiB, P2, 0x0000000000000000, Not Active, Not Active, Not Active, Not Active, Not Active
2026-10-02T17:38:46+08:00,2026/10/02 17:38:46.739, 1800 MHz, 2130 MHz, 9501 MHz, 1800 MHz, 247.15 W, 420.00 W, 420.00 W, 60, 100 %, 8473 MiB, P2, 0x0000000000000000, Not Active, Not Active, Not Active, Not Active, Not Active
2026-10-02T17:38:47+08:00,2026/10/02 17:38:47.774, 1800 MHz, 2130 MHz, 9501 MHz, 1800 MHz, 247.37 W, 420.00 W, 420.00 W, 60, 100 %, 8473 MiB, P2, 0x0000000000000000, Not Active, Not Active, Not Active, Not Active, Not Active
2026-10-02T17:38:48+08:00,2026/10/02 17:38:48.805, 1800 MHz, 2130 MHz, 9501 MHz, 1800 MHz, 247.17 W, 420.00 W, 420.00 W, 60, 100 %, 8473 MiB, P2, 0x0000000000000000, Not Active, Not Active, Not Active, Not Active, Not Active
2026-10-02T17:38:49+08:00,2026/10/02 17:38:49.838, 1800 MHz, 2130 MHz, 9501 MHz, 1800 MHz, 238.42 W, 420.00 W, 420.00 W, 60, 100 %, 8473 MiB, P2, 0x0000000000000000, Not Active, Not Active, Not Active, Not Active, Not Active
2026-10-02T17:38:50+08:00,2026/10/02 17:38:50.860, 1800 MHz, 2130 MHz, 9501 MHz, 1800 MHz, 133.34 W, 420.00 W, 420.00 W, 57, 0 %, 8473 MiB, P2, 0x0000000000000000, Not Active, Not Active, Not Active, Not Active, Not Active
2026-10-02T17:38:51+08:00,2026/10/02 17:38:51.883, 1800 MHz, 2130 MHz, 9501 MHz, 1800 MHz, 117.98 W, 420.00 W, 420.00 W, 57, 0 %, 8473 MiB, P2, 0x0000000000000000, Not Active, Not Active, Not Active, Not Active, Not Active
2026-10-02T17:38:52+08:00,2026/10/02 17:38:52.905, 1800 MHz, 2130 MHz, 9501 MHz, 1800 MHz, 117.83 W, 420.00 W, 420.00 W, 57, 0 %, 8473 MiB, P2, 0x0000000000000000, Not Active, Not Active, Not Active, Not Active, Not Active
2026-10-02T17:38:53+08:00,2026/10/02 17:38:53.926, 1800 MHz, 2130 MHz, 9501 MHz, 1800 MHz, 117.58 W, 420.00 W, 420.00 W, 56, 0 %, 8473 MiB, P2, 0x0000000000000000, Not Active, Not Active, Not Active, Not Active, Not Active
2026-10-02T17:38:54+08:00,2026/10/02 17:38:54.947, 1800 MHz, 2130 MHz, 9501 MHz, 1800 MHz, 117.36 W, 420.00 W, 420.00 W, 56, 0 %, 8473 MiB, P2, 0x0000000000000000, Not Active, Not Active, Not Active, Not Active, Not Active
2026-10-02T17:38:55+08:00,2026/10/02 17:38:55.967, 1800 MHz, 2130 MHz, 9501 MHz, 1800 MHz, 117.32 W, 420.00 W, 420.00 W, 56, 0 %, 8473 MiB, P2, 0x0000000000000000, Not Active, Not Active, Not Active, Not Active, Not Active
2026-10-02T17:38:56+08:00,2026/10/02 17:38:56.987, 1800 MHz, 2130 MHz, 9501 MHz, 1800 MHz, 117.27 W, 420.00 W, 420.00 W, 56, 0 %, 8473 MiB, P2, 0x0000000000000000, Not Active, Not Active, Not Active, Not Active, Not Active
2026-10-02T17:38:57+08:00,2026/10/02 17:38:58.007, 1800 MHz, 2130 MHz, 9501 MHz, 1800 MHz, 117.23 W, 420.00 W, 420.00 W, 56, 0 %, 8473 MiB, P2, 0x0000000000000000, Not Active, Not Active, Not Active, Not Active, Not Active
2026-10-02T17:38:59+08:00,2026/10/02 17:38:59.029, 1800 MHz, 2130 MHz, 9501 MHz, 1800 MHz, 117.18 W, 420.00 W, 420.00 W, 56, 0 %, 8473 MiB, P2, 0x0000000000000000, Not Active, Not Active, Not Active, Not Active, Not Active
2026-10-02T17:39:00+08:00,2026/10/02 17:39:00.049, 1800 MHz, 2130 MHz, 9501 MHz, 1800 MHz, 117.02 W, 420.00 W, 420.00 W, 56, 0 %, 8473 MiB, P2, 0x0000000000000000, Not Active, Not Active, Not Active, Not Active, Not Active
2026-10-02T17:39:01+08:00,2026/10/02 17:39:01.072, 1800 MHz, 2130 MHz, 9501 MHz, 1800 MHz, 116.86 W, 420.00 W, 420.00 W, 56, 0 %, 8473 MiB, P2, 0x0000000000000000, Not Active, Not Active, Not Active, Not Active, Not Active
2026-10-02T17:39:02+08:00,2026/10/02 17:39:02.094, 1800 MHz, 2130 MHz, 9501 MHz, 1800 MHz, 116.91 W, 420.00 W, 420.00 W, 56, 0 %, 8473 MiB, P2, 0x0000000000000000, Not Active, Not Active, Not Active, Not Active, Not Active
2026-10-02T17:39:03+08:00,2026/10/02 17:39:03.113, 1800 MHz, 2130 MHz, 9501 MHz, 1800 MHz, 117.06 W, 420.00 W, 420.00 W, 56, 0 %, 8473 MiB, P2, 0x0000000000000000, Not Active, Not Active, Not Active, Not Active, Not Active
2026-10-02T17:39:04+08:00,2026/10/02 17:39:04.133, 1800 MHz, 2130 MHz, 9501 MHz, 1800 MHz, 116.87 W, 420.00 W, 420.00 W, 56, 0 %, 8473 MiB, P2, 0x0000000000000000, Not Active, Not Active, Not Active, Not Active, Not Active
2026-10-02T17:39:05+08:00,2026/10/02 17:39:05.156, 1800 MHz, 2130 MHz, 9501 MHz, 1800 MHz, 116.95 W, 420.00 W, 420.00 W, 56, 0 %, 8473 MiB, P2, 0x0000000000000000, Not Active, Not Active, Not Active, Not Active, Not Active
2026-10-02T17:39:06+08:00,2026/10/02 17:39:06.180, 1800 MHz, 2130 MHz, 9501 MHz, 1800 MHz, 116.98 W, 420.00 W, 420.00 W, 56, 0 %, 8473 MiB, P2, 0x0000000000000001, Not Active, Not Active, Not Active, Not Active, Active
2026-10-02T17:39:07+08:00,2026/10/02 17:39:07.202, 1800 MHz, 2130 MHz, 9501 MHz, 1800 MHz, 116.74 W, 420.00 W, 420.00 W, 56, 0 %, 8473 MiB, P2, 0x0000000000000001, Not Active, Not Active, Not Active, Not Active, Active
2026-10-02T17:39:08+08:00,2026/10/02 17:39:08.224, 1800 MHz, 2130 MHz, 9501 MHz, 1800 MHz, 116.47 W, 420.00 W, 420.00 W, 56, 0 %, 8473 MiB, P2, 0x0000000000000001, Not Active, Not Active, Not Active, Not Active, Active
2026-10-02T17:39:09+08:00,2026/10/02 17:39:09.245, 1800 MHz, 2130 MHz, 9501 MHz, 1800 MHz, 116.45 W, 420.00 W, 420.00 W, 56, 0 %, 8473 MiB, P2, 0x0000000000000001, Not Active, Not Active, Not Active, Not Active, Active
2026-10-02T17:39:10+08:00,2026/10/02 17:39:10.267, 1800 MHz, 2130 MHz, 9501 MHz, 1800 MHz, 161.84 W, 420.00 W, 420.00 W, 58, 100 %, 8473 MiB, P2, 0x0000000000000000, Not Active, Not Active, Not Active, Not Active, Not Active
2026-10-02T17:39:11+08:00,2026/10/02 17:39:11.301, 1800 MHz, 2130 MHz, 9501 MHz, 1800 MHz, 246.62 W, 420.00 W, 420.00 W, 59, 100 %, 8473 MiB, P2, 0x0000000000000000, Not Active, Not Active, Not Active, Not Active, Not Active
2026-10-02T17:39:12+08:00,2026/10/02 17:39:12.335, 1800 MHz, 2130 MHz, 9501 MHz, 1800 MHz, 246.78 W, 420.00 W, 420.00 W, 59, 100 %, 8473 MiB, P2, 0x0000000000000000, Not Active, Not Active, Not Active, Not Active, Not Active
2026-10-02T17:39:13+08:00,2026/10/02 17:39:13.371, 1800 MHz, 2130 MHz, 9501 MHz, 1800 MHz, 246.88 W, 420.00 W, 420.00 W, 60, 100 %, 8473 MiB, P2, 0x0000000000000000, Not Active, Not Active, Not Active, Not Active, Not Active
2026-10-02T17:39:14+08:00,2026/10/02 17:39:14.405, 1800 MHz, 2130 MHz, 9501 MHz, 1800 MHz, 246.98 W, 420.00 W, 420.00 W, 60, 100 %, 8473 MiB, P2, 0x0000000000000000, Not Active, Not Active, Not Active, Not Active, Not Active
2026-10-02T17:39:15+08:00,2026/10/02 17:39:15.435, 1800 MHz, 2130 MHz, 9501 MHz, 1800 MHz, 247.21 W, 420.00 W, 420.00 W, 60, 100 %, 8473 MiB, P2, 0x0000000000000000, Not Active, Not Active, Not Active, Not Active, Not Active
2026-10-02T17:39:16+08:00,2026/10/02 17:39:16.471, 1800 MHz, 2130 MHz, 9501 MHz, 1800 MHz, 247.14 W, 420.00 W, 420.00 W, 60, 100 %, 8473 MiB, P2, 0x0000000000000000, Not Active, Not Active, Not Active, Not Active, Not Active
2026-10-02T17:39:17+08:00,2026/10/02 17:39:17.502, 1800 MHz, 2130 MHz, 9501 MHz, 1800 MHz, 247.07 W, 420.00 W, 420.00 W, 60, 100 %, 8473 MiB, P2, 0x0000000000000000, Not Active, Not Active, Not Active, Not Active, Not Active
2026-10-02T17:39:18+08:00,2026/10/02 17:39:18.532, 1800 MHz, 2130 MHz, 9501 MHz, 1800 MHz, 246.99 W, 420.00 W, 420.00 W, 60, 100 %, 8473 MiB, P2, 0x0000000000000000, Not Active, Not Active, Not Active, Not Active, Not Active
2026-10-02T17:39:19+08:00,2026/10/02 17:39:19.566, 1800 MHz, 2130 MHz, 9501 MHz, 1800 MHz, 247.18 W, 420.00 W, 420.00 W, 60, 100 %, 8473 MiB, P2, 0x0000000000000000, Not Active, Not Active, Not Active, Not Active, Not Active
2026-10-02T17:39:20+08:00,2026/10/02 17:39:20.596, 1800 MHz, 2130 MHz, 9501 MHz, 1800 MHz, 167.99 W, 420.00 W, 420.00 W, 57, 0 %, 8473 MiB, P2, 0x0000000000000000, Not Active, Not Active, Not Active, Not Active, Not Active
2026-10-02T17:39:21+08:00,2026/10/02 17:39:21.616, 1800 MHz, 2130 MHz, 9501 MHz, 1800 MHz, 132.84 W, 420.00 W, 420.00 W, 57, 0 %, 8473 MiB, P2, 0x0000000000000000, Not Active, Not Active, Not Active, Not Active, Not Active
2026-10-02T17:39:22+08:00,2026/10/02 17:39:22.636, 1800 MHz, 2130 MHz, 9501 MHz, 1800 MHz, 117.95 W, 420.00 W, 420.00 W, 57, 0 %, 8473 MiB, P2, 0x0000000000000000, Not Active, Not Active, Not Active, Not Active, Not Active
2026-10-02T17:39:23+08:00,2026/10/02 17:39:23.656, 1800 MHz, 2130 MHz, 9501 MHz, 1800 MHz, 117.78 W, 420.00 W, 420.00 W, 57, 0 %, 8473 MiB, P2, 0x0000000000000000, Not Active, Not Active, Not Active, Not Active, Not Active
2026-10-02T17:39:24+08:00,2026/10/02 17:39:24.677, 1800 MHz, 2130 MHz, 9501 MHz, 1800 MHz, 117.53 W, 420.00 W, 420.00 W, 56, 0 %, 8473 MiB, P2, 0x0000000000000000, Not Active, Not Active, Not Active, Not Active, Not Active
2026-10-02T17:39:25+08:00,2026/10/02 17:39:25.697, 1800 MHz, 2130 MHz, 9501 MHz, 1800 MHz, 116.78 W, 420.00 W, 420.00 W, 56, 0 %, 8473 MiB, P2, 0x0000000000000000, Not Active, Not Active, Not Active, Not Active, Not Active
2026-10-02T17:39:26+08:00,2026/10/02 17:39:26.718, 1800 MHz, 2130 MHz, 9501 MHz, 1800 MHz, 116.88 W, 420.00 W, 420.00 W, 56, 0 %, 8473 MiB, P2, 0x0000000000000000, Not Active, Not Active, Not Active, Not Active, Not Active
2026-10-02T17:39:27+08:00,2026/10/02 17:39:27.741, 1800 MHz, 2130 MHz, 9501 MHz, 1800 MHz, 116.66 W, 420.00 W, 420.00 W, 56, 0 %, 8473 MiB, P2, 0x0000000000000000, Not Active, Not Active, Not Active, Not Active, Not Active
2026-10-02T17:39:28+08:00,2026/10/02 17:39:28.762, 1800 MHz, 2130 MHz, 9501 MHz, 1800 MHz, 116.62 W, 420.00 W, 420.00 W, 56, 0 %, 8473 MiB, P2, 0x0000000000000000, Not Active, Not Active, Not Active, Not Active, Not Active
2026-10-02T17:39:29+08:00,2026/10/02 17:39:29.786, 1800 MHz, 2130 MHz, 9501 MHz, 1800 MHz, 116.66 W, 420.00 W, 420.00 W, 56, 0 %, 8473 MiB, P2, 0x0000000000000000, Not Active, Not Active, Not Active, Not Active, Not Active
2026-10-02T17:39:30+08:00,2026/10/02 17:39:30.809, 1800 MHz, 2130 MHz, 9501 MHz, 1800 MHz, 116.80 W, 420.00 W, 420.00 W, 56, 0 %, 8473 MiB, P2, 0x0000000000000000, Not Active, Not Active, Not Active, Not Active, Not Active
2026-10-02T17:39:31+08:00,2026/10/02 17:39:31.829, 1800 MHz, 2130 MHz, 9501 MHz, 1800 MHz, 116.82 W, 420.00 W, 420.00 W, 56, 0 %, 8473 MiB, P2, 0x0000000000000000, Not Active, Not Active, Not Active, Not Active, Not Active
2026-10-02T17:39:32+08:00,2026/10/02 17:39:32.852, 1800 MHz, 2130 MHz, 9501 MHz, 1800 MHz, 116.65 W, 420.00 W, 420.00 W, 56, 0 %, 8473 MiB, P2, 0x0000000000000000, Not Active, Not Active, Not Active, Not Active, Not Active
2026-10-02T17:39:33+08:00,2026/10/02 17:39:33.874, 1800 MHz, 2130 MHz, 9501 MHz, 1800 MHz, 116.79 W, 420.00 W, 420.00 W, 56, 0 %, 8473 MiB, P2, 0x0000000000000000, Not Active, Not Active, Not Active, Not Active, Not Active
2026-10-02T17:39:34+08:00,2026/10/02 17:39:34.897, 1800 MHz, 2130 MHz, 9501 MHz, 1800 MHz, 116.55 W, 420.00 W, 420.00 W, 56, 0 %, 8473 MiB, P2, 0x0000000000000000, Not Active, Not Active, Not Active, Not Active, Not Active
2026-10-02T17:39:35+08:00,2026/10/02 17:39:35.919, 1800 MHz, 2130 MHz, 9501 MHz, 1800 MHz, 116.39 W, 420.00 W, 420.00 W, 56, 0 %, 8473 MiB, P2, 0x0000000000000000, Not Active, Not Active, Not Active, Not Active, Not Active
2026-10-02T17:39:36+08:00,2026/10/02 17:39:36.940, 1800 MHz, 2130 MHz, 9501 MHz, 1800 MHz, 116.31 W, 420.00 W, 420.00 W, 56, 0 %, 8473 MiB, P2, 0x0000000000000001, Not Active, Not Active, Not Active, Not Active, Active
2026-10-02T17:39:37+08:00,2026/10/02 17:39:37.961, 1800 MHz, 2130 MHz, 9501 MHz, 1800 MHz, 116.48 W, 420.00 W, 420.00 W, 56, 0 %, 8473 MiB, P2, 0x0000000000000001, Not Active, Not Active, Not Active, Not Active, Active
2026-10-02T17:39:38+08:00,2026/10/02 17:39:38.985, 1800 MHz, 2130 MHz, 9501 MHz, 1800 MHz, 116.58 W, 420.00 W, 420.00 W, 56, 0 %, 8473 MiB, P2, 0x0000000000000001, Not Active, Not Active, Not Active, Not Active, Active
2026-10-02T17:39:39+08:00,2026/10/02 17:39:40.007, 1800 MHz, 2130 MHz, 9501 MHz, 1800 MHz, 118.01 W, 420.00 W, 420.00 W, 55, 0 %, 8473 MiB, P2, 0x0000000000000000, Not Active, Not Active, Not Active, Not Active, Not Active
2026-10-02T17:39:41+08:00,2026/10/02 17:39:41.041, 1800 MHz, 2130 MHz, 9501 MHz, 1800 MHz, 246.06 W, 420.00 W, 420.00 W, 59, 100 %, 8473 MiB, P2, 0x0000000000000000, Not Active, Not Active, Not Active, Not Active, Not Active
2026-10-02T17:39:42+08:00,2026/10/02 17:39:42.073, 1800 MHz, 2130 MHz, 9501 MHz, 1800 MHz, 246.68 W, 420.00 W, 420.00 W, 59, 100 %, 8473 MiB, P2, 0x0000000000000000, Not Active, Not Active, Not Active, Not Active, Not Active
2026-10-02T17:39:43+08:00,2026/10/02 17:39:43.106, 1800 MHz, 2130 MHz, 9501 MHz, 1800 MHz, 246.62 W, 420.00 W, 420.00 W, 60, 100 %, 8473 MiB, P2, 0x0000000000000000, Not Active, Not Active, Not Active, Not Active, Not Active
2026-10-02T17:39:44+08:00,2026/10/02 17:39:44.138, 1800 MHz, 2130 MHz, 9501 MHz, 1800 MHz, 247.01 W, 420.00 W, 420.00 W, 60, 100 %, 8473 MiB, P2, 0x0000000000000000, Not Active, Not Active, Not Active, Not Active, Not Active
2026-10-02T17:39:45+08:00,2026/10/02 17:39:45.172, 1800 MHz, 2130 MHz, 9501 MHz, 1800 MHz, 246.96 W, 420.00 W, 420.00 W, 60, 100 %, 8473 MiB, P2, 0x0000000000000000, Not Active, Not Active, Not Active, Not Active, Not Active
2026-10-02T17:39:46+08:00,2026/10/02 17:39:46.203, 1800 MHz, 2130 MHz, 9501 MHz, 1800 MHz, 247.07 W, 420.00 W, 420.00 W, 60, 100 %, 8473 MiB, P2, 0x0000000000000000, Not Active, Not Active, Not Active, Not Active, Not Active
2026-10-02T17:39:47+08:00,2026/10/02 17:39:47.233, 1800 MHz, 2130 MHz, 9501 MHz, 1800 MHz, 247.07 W, 420.00 W, 420.00 W, 60, 100 %, 8473 MiB, P2, 0x0000000000000000, Not Active, Not Active, Not Active, Not Active, Not Active
2026-10-02T17:39:48+08:00,2026/10/02 17:39:48.263, 1800 MHz, 2130 MHz, 9501 MHz, 1800 MHz, 246.96 W, 420.00 W, 420.00 W, 60, 100 %, 8473 MiB, P2, 0x0000000000000000, Not Active, Not Active, Not Active, Not Active, Not Active
2026-10-02T17:39:49+08:00,2026/10/02 17:39:49.295, 1800 MHz, 2130 MHz, 9501 MHz, 1800 MHz, 247.22 W, 420.00 W, 420.00 W, 60, 100 %, 8473 MiB, P2, 0x0000000000000000, Not Active, Not Active, Not Active, Not Active, Not Active
2026-10-02T17:39:50+08:00,2026/10/02 17:39:50.325, 1800 MHz, 2130 MHz, 9501 MHz, 1800 MHz, 231.26 W, 420.00 W, 420.00 W, 60, 100 %, 8473 MiB, P2, 0x0000000000000000, Not Active, Not Active, Not Active, Not Active, Not Active
2026-10-02T17:39:51+08:00,2026/10/02 17:39:51.348, 1800 MHz, 2130 MHz, 9501 MHz, 1800 MHz, 137.38 W, 420.00 W, 420.00 W, 57, 0 %, 8473 MiB, P2, 0x0000000000000000, Not Active, Not Active, Not Active, Not Active, Not Active
2026-10-02T17:39:52+08:00,2026/10/02 17:39:52.372, 1800 MHz, 2130 MHz, 9501 MHz, 1800 MHz, 117.60 W, 420.00 W, 420.00 W, 57, 0 %, 8473 MiB, P2, 0x0000000000000000, Not Active, Not Active, Not Active, Not Active, Not Active
2026-10-02T17:39:53+08:00,2026/10/02 17:39:53.393, 1800 MHz, 2130 MHz, 9501 MHz, 1800 MHz, 117.40 W, 420.00 W, 420.00 W, 57, 0 %, 8473 MiB, P2, 0x0000000000000000, Not Active, Not Active, Not Active, Not Active, Not Active
2026-10-02T17:39:54+08:00,2026/10/02 17:39:54.414, 1800 MHz, 2130 MHz, 9501 MHz, 1800 MHz, 117.04 W, 420.00 W, 420.00 W, 56, 0 %, 8473 MiB, P2, 0x0000000000000000, Not Active, Not Active, Not Active, Not Active, Not Active
2026-10-02T17:39:55+08:00,2026/10/02 17:39:55.437, 1800 MHz, 2130 MHz, 9501 MHz, 1800 MHz, 117.07 W, 420.00 W, 420.00 W, 56, 0 %, 8473 MiB, P2, 0x0000000000000000, Not Active, Not Active, Not Active, Not Active, Not Active
2026-10-02T17:39:56+08:00,2026/10/02 17:39:56.458, 1800 MHz, 2130 MHz, 9501 MHz, 1800 MHz, 116.83 W, 420.00 W, 420.00 W, 56, 0 %, 8473 MiB, P2, 0x0000000000000000, Not Active, Not Active, Not Active, Not Active, Not Active
2026-10-02T17:39:57+08:00,2026/10/02 17:39:57.480, 1800 MHz, 2130 MHz, 9501 MHz, 1800 MHz, 116.56 W, 420.00 W, 420.00 W, 56, 0 %, 8473 MiB, P2, 0x0000000000000000, Not Active, Not Active, Not Active, Not Active, Not Active
2026-10-02T17:39:58+08:00,2026/10/02 17:39:58.501, 1800 MHz, 2130 MHz, 9501 MHz, 1800 MHz, 116.48 W, 420.00 W, 420.00 W, 56, 0 %, 8473 MiB, P2, 0x0000000000000000, Not Active, Not Active, Not Active, Not Active, Not Active
2026-10-02T17:39:59+08:00,2026/10/02 17:39:59.522, 1800 MHz, 2130 MHz, 9501 MHz, 1800 MHz, 116.71 W, 420.00 W, 420.00 W, 56, 0 %, 8473 MiB, P2, 0x0000000000000000, Not Active, Not Active, Not Active, Not Active, Not Active
2026-10-02T17:40:00+08:00,2026/10/02 17:40:00.541, 1800 MHz, 2130 MHz, 9501 MHz, 1800 MHz, 116.92 W, 420.00 W, 420.00 W, 56, 0 %, 8473 MiB, P2, 0x0000000000000000, Not Active, Not Active, Not Active, Not Active, Not Active
2026-10-02T17:40:01+08:00,2026/10/02 17:40:01.561, 1800 MHz, 2130 MHz, 9501 MHz, 1800 MHz, 116.47 W, 420.00 W, 420.00 W, 56, 0 %, 8473 MiB, P2, 0x0000000000000000, Not Active, Not Active, Not Active, Not Active, Not Active
2026-10-02T17:40:02+08:00,2026/10/02 17:40:02.581, 1800 MHz, 2130 MHz, 9501 MHz, 1800 MHz, 116.46 W, 420.00 W, 420.00 W, 56, 0 %, 8473 MiB, P2, 0x0000000000000000, Not Active, Not Active, Not Active, Not Active, Not Active
2026-10-02T17:40:03+08:00,2026/10/02 17:40:03.601, 1800 MHz, 2130 MHz, 9501 MHz, 1800 MHz, 116.62 W, 420.00 W, 420.00 W, 56, 0 %, 8473 MiB, P2, 0x0000000000000000, Not Active, Not Active, Not Active, Not Active, Not Active
2026-10-02T17:40:04+08:00,2026/10/02 17:40:04.621, 1800 MHz, 2130 MHz, 9501 MHz, 1800 MHz, 116.42 W, 420.00 W, 420.00 W, 56, 0 %, 8473 MiB, P2, 0x0000000000000000, Not Active, Not Active, Not Active, Not Active, Not Active
2026-10-02T17:40:05+08:00,2026/10/02 17:40:05.641, 1800 MHz, 2130 MHz, 9501 MHz, 1800 MHz, 116.33 W, 420.00 W, 420.00 W, 56, 0 %, 8473 MiB, P2, 0x0000000000000000, Not Active, Not Active, Not Active, Not Active, Not Active
2026-10-02T17:40:06+08:00,2026/10/02 17:40:06.661, 1800 MHz, 2130 MHz, 9501 MHz, 1800 MHz, 116.43 W, 420.00 W, 420.00 W, 56, 0 %, 8473 MiB, P2, 0x0000000000000000, Not Active, Not Active, Not Active, Not Active, Not Active
2026-10-02T17:40:07+08:00,2026/10/02 17:40:07.681, 1800 MHz, 2130 MHz, 9501 MHz, 1800 MHz, 116.43 W, 420.00 W, 420.00 W, 56, 0 %, 8473 MiB, P2, 0x0000000000000001, Not Active, Not Active, Not Active, Not Active, Active
2026-10-02T17:40:08+08:00,2026/10/02 17:40:08.701, 1800 MHz, 2130 MHz, 9501 MHz, 1800 MHz, 116.29 W, 420.00 W, 420.00 W, 55, 0 %, 8473 MiB, P2, 0x0000000000000001, Not Active, Not Active, Not Active, Not Active, Active
2026-10-02T17:40:09+08:00,2026/10/02 17:40:09.722, 1800 MHz, 2130 MHz, 9501 MHz, 1800 MHz, 116.40 W, 420.00 W, 420.00 W, 55, 0 %, 8473 MiB, P2, 0x0000000000000001, Not Active, Not Active, Not Active, Not Active, Active
2026-10-02T17:40:10+08:00,2026/10/02 17:40:10.743, 1800 MHz, 2130 MHz, 9501 MHz, 1800 MHz, 167.80 W, 420.00 W, 420.00 W, 58, 100 %, 8473 MiB, P2, 0x0000000000000000, Not Active, Not Active, Not Active, Not Active, Not Active
2026-10-02T17:40:11+08:00,2026/10/02 17:40:11.777, 1800 MHz, 2130 MHz, 9501 MHz, 1800 MHz, 246.81 W, 420.00 W, 420.00 W, 59, 100 %, 8473 MiB, P2, 0x0000000000000000, Not Active, Not Active, Not Active, Not Active, Not Active
2026-10-02T17:40:12+08:00,2026/10/02 17:40:12.807, 1800 MHz, 2130 MHz, 9501 MHz, 1800 MHz, 246.90 W, 420.00 W, 420.00 W, 59, 100 %, 8473 MiB, P2, 0x0000000000000000, Not Active, Not Active, Not Active, Not Active, Not Active
2026-10-02T17:40:13+08:00,2026/10/02 17:40:13.837, 1800 MHz, 2130 MHz, 9501 MHz, 1800 MHz, 247.00 W, 420.00 W, 420.00 W, 60, 100 %, 8473 MiB, P2, 0x0000000000000000, Not Active, Not Active, Not Active, Not Active, Not Active
2026-10-02T17:40:14+08:00,2026/10/02 17:40:14.868, 1800 MHz, 2130 MHz, 9501 MHz, 1800 MHz, 247.02 W, 420.00 W, 420.00 W, 60, 100 %, 8473 MiB, P2, 0x0000000000000000, Not Active, Not Active, Not Active, Not Active, Not Active
2026-10-02T17:40:15+08:00,2026/10/02 17:40:15.900, 1800 MHz, 2130 MHz, 9501 MHz, 1800 MHz, 246.91 W, 420.00 W, 420.00 W, 60, 100 %, 8473 MiB, P2, 0x0000000000000000, Not Active, Not Active, Not Active, Not Active, Not Active
2026-10-02T17:40:16+08:00,2026/10/02 17:40:16.931, 1800 MHz, 2130 MHz, 9501 MHz, 1800 MHz, 246.72 W, 420.00 W, 420.00 W, 60, 100 %, 8473 MiB, P2, 0x0000000000000000, Not Active, Not Active, Not Active, Not Active, Not Active
2026-10-02T17:40:17+08:00,2026/10/02 17:40:17.966, 1800 MHz, 2130 MHz, 9501 MHz, 1800 MHz, 247.16 W, 420.00 W, 420.00 W, 60, 100 %, 8473 MiB, P2, 0x0000000000000000, Not Active, Not Active, Not Active, Not Active, Not Active
2026-10-02T17:40:18+08:00,2026/10/02 17:40:18.997, 1800 MHz, 2130 MHz, 9501 MHz, 1800 MHz, 247.41 W, 420.00 W, 420.00 W, 60, 100 %, 8473 MiB, P2, 0x0000000000000000, Not Active, Not Active, Not Active, Not Active, Not Active
2026-10-02T17:40:20+08:00,2026/10/02 17:40:20.028, 1800 MHz, 2130 MHz, 9501 MHz, 1800 MHz, 247.30 W, 420.00 W, 420.00 W, 60, 100 %, 8473 MiB, P2, 0x0000000000000000, Not Active, Not Active, Not Active, Not Active, Not Active
2026-10-02T17:40:21+08:00,2026/10/02 17:40:21.057, 1800 MHz, 2130 MHz, 9501 MHz, 1800 MHz, 164.02 W, 420.00 W, 420.00 W, 57, 0 %, 8473 MiB, P2, 0x0000000000000000, Not Active, Not Active, Not Active, Not Active, Not Active
2026-10-02T17:40:22+08:00,2026/10/02 17:40:22.078, 1800 MHz, 2130 MHz, 9501 MHz, 1800 MHz, 140.56 W, 420.00 W, 420.00 W, 57, 0 %, 8473 MiB, P2, 0x0000000000000000, Not Active, Not Active, Not Active, Not Active, Not Active
2026-10-02T17:40:23+08:00,2026/10/02 17:40:23.098, 1800 MHz, 2130 MHz, 9501 MHz, 1800 MHz, 117.50 W, 420.00 W, 420.00 W, 56, 0 %, 8473 MiB, P2, 0x0000000000000000, Not Active, Not Active, Not Active, Not Active, Not Active
2026-10-02T17:40:24+08:00,2026/10/02 17:40:24.119, 1800 MHz, 2130 MHz, 9501 MHz, 1800 MHz, 117.37 W, 420.00 W, 420.00 W, 56, 0 %, 8473 MiB, P2, 0x0000000000000000, Not Active, Not Active, Not Active, Not Active, Not Active
2026-10-02T17:40:25+08:00,2026/10/02 17:40:25.139, 1800 MHz, 2130 MHz, 9501 MHz, 1800 MHz, 117.44 W, 420.00 W, 420.00 W, 56, 0 %, 8473 MiB, P2, 0x0000000000000000, Not Active, Not Active, Not Active, Not Active, Not Active
2026-10-02T17:40:26+08:00,2026/10/02 17:40:26.160, 1800 MHz, 2130 MHz, 9501 MHz, 1800 MHz, 117.19 W, 420.00 W, 420.00 W, 56, 0 %, 8473 MiB, P2, 0x0000000000000000, Not Active, Not Active, Not Active, Not Active, Not Active
2026-10-02T17:40:27+08:00,2026/10/02 17:40:27.180, 1800 MHz, 2130 MHz, 9501 MHz, 1800 MHz, 116.79 W, 420.00 W, 420.00 W, 56, 0 %, 8473 MiB, P2, 0x0000000000000000, Not Active, Not Active, Not Active, Not Active, Not Active
2026-10-02T17:40:28+08:00,2026/10/02 17:40:28.201, 1800 MHz, 2130 MHz, 9501 MHz, 1800 MHz, 116.62 W, 420.00 W, 420.00 W, 56, 0 %, 8473 MiB, P2, 0x0000000000000000, Not Active, Not Active, Not Active, Not Active, Not Active
2026-10-02T17:40:29+08:00,2026/10/02 17:40:29.221, 1800 MHz, 2130 MHz, 9501 MHz, 1800 MHz, 116.61 W, 420.00 W, 420.00 W, 56, 0 %, 8473 MiB, P2, 0x0000000000000000, Not Active, Not Active, Not Active, Not Active, Not Active
2026-10-02T17:40:30+08:00,2026/10/02 17:40:30.245, 1800 MHz, 2130 MHz, 9501 MHz, 1800 MHz, 116.76 W, 420.00 W, 420.00 W, 56, 0 %, 8473 MiB, P2, 0x0000000000000000, Not Active, Not Active, Not Active, Not Active, Not Active
2026-10-02T17:40:31+08:00,2026/10/02 17:40:31.267, 1800 MHz, 2130 MHz, 9501 MHz, 1800 MHz, 116.85 W, 420.00 W, 420.00 W, 56, 0 %, 8473 MiB, P2, 0x0000000000000000, Not Active, Not Active, Not Active, Not Active, Not Active
2026-10-02T17:40:32+08:00,2026/10/02 17:40:32.288, 1800 MHz, 2130 MHz, 9501 MHz, 1800 MHz, 116.37 W, 420.00 W, 420.00 W, 56, 0 %, 8473 MiB, P2, 0x0000000000000000, Not Active, Not Active, Not Active, Not Active, Not Active
2026-10-02T17:40:33+08:00,2026/10/02 17:40:33.310, 1800 MHz, 2130 MHz, 9501 MHz, 1800 MHz, 116.37 W, 420.00 W, 420.00 W, 56, 0 %, 8473 MiB, P2, 0x0000000000000000, Not Active, Not Active, Not Active, Not Active, Not Active
2026-10-02T17:40:34+08:00,2026/10/02 17:40:34.330, 1800 MHz, 2130 MHz, 9501 MHz, 1800 MHz, 116.24 W, 420.00 W, 420.00 W, 56, 0 %, 8473 MiB, P2, 0x0000000000000000, Not Active, Not Active, Not Active, Not Active, Not Active
2026-10-02T17:40:35+08:00,2026/10/02 17:40:35.351, 1800 MHz, 2130 MHz, 9501 MHz, 1800 MHz, 116.30 W, 420.00 W, 420.00 W, 56, 0 %, 8473 MiB, P2, 0x0000000000000000, Not Active, Not Active, Not Active, Not Active, Not Active
2026-10-02T17:40:36+08:00,2026/10/02 17:40:36.372, 1800 MHz, 2130 MHz, 9501 MHz, 1800 MHz, 116.28 W, 420.00 W, 420.00 W, 56, 0 %, 8473 MiB, P2, 0x0000000000000000, Not Active, Not Active, Not Active, Not Active, Not Active
2026-10-02T17:40:37+08:00,2026/10/02 17:40:37.393, 1800 MHz, 2130 MHz, 9501 MHz, 1800 MHz, 115.81 W, 420.00 W, 420.00 W, 56, 0 %, 8473 MiB, P2, 0x0000000000000001, Not Active, Not Active, Not Active, Not Active, Active
2026-10-02T17:40:38+08:00,2026/10/02 17:40:38.413, 1800 MHz, 2130 MHz, 9501 MHz, 1800 MHz, 116.04 W, 420.00 W, 420.00 W, 55, 0 %, 8473 MiB, P2, 0x0000000000000001, Not Active, Not Active, Not Active, Not Active, Active
2026-10-02T17:40:39+08:00,2026/10/02 17:40:39.433, 1800 MHz, 2130 MHz, 9501 MHz, 1800 MHz, 116.56 W, 420.00 W, 420.00 W, 55, 0 %, 8473 MiB, P2, 0x0000000000000001, Not Active, Not Active, Not Active, Not Active, Active
2026-10-02T17:40:40+08:00,2026/10/02 17:40:40.457, 1800 MHz, 2130 MHz, 9501 MHz, 1800 MHz, 120.57 W, 420.00 W, 420.00 W, 55, 100 %, 8473 MiB, P2, 0x0000000000000000, Not Active, Not Active, Not Active, Not Active, Not Active
2026-10-02T17:40:41+08:00,2026/10/02 17:40:41.487, 1800 MHz, 2130 MHz, 9501 MHz, 1800 MHz, 245.95 W, 420.00 W, 420.00 W, 59, 100 %, 8473 MiB, P2, 0x0000000000000000, Not Active, Not Active, Not Active, Not Active, Not Active
2026-10-02T17:40:42+08:00,2026/10/02 17:40:42.523, 1800 MHz, 2130 MHz, 9501 MHz, 1800 MHz, 246.82 W, 420.00 W, 420.00 W, 59, 100 %, 8473 MiB, P2, 0x0000000000000000, Not Active, Not Active, Not Active, Not Active, Not Active
2026-10-02T17:40:43+08:00,2026/10/02 17:40:43.553, 1800 MHz, 2130 MHz, 9501 MHz, 1800 MHz, 246.79 W, 420.00 W, 420.00 W, 59, 100 %, 8473 MiB, P2, 0x0000000000000000, Not Active, Not Active, Not Active, Not Active, Not Active
2026-10-02T17:40:44+08:00,2026/10/02 17:40:44.583, 1800 MHz, 2130 MHz, 9501 MHz, 1800 MHz, 246.88 W, 420.00 W, 420.00 W, 60, 100 %, 8473 MiB, P2, 0x0000000000000000, Not Active, Not Active, Not Active, Not Active, Not Active
2026-10-02T17:40:45+08:00,2026/10/02 17:40:45.613, 1800 MHz, 2130 MHz, 9501 MHz, 1800 MHz, 247.08 W, 420.00 W, 420.00 W, 60, 100 %, 8473 MiB, P2, 0x0000000000000000, Not Active, Not Active, Not Active, Not Active, Not Active
2026-10-02T17:40:46+08:00,2026/10/02 17:40:46.644, 1800 MHz, 2130 MHz, 9501 MHz, 1800 MHz, 247.11 W, 420.00 W, 420.00 W, 60, 100 %, 8473 MiB, P2, 0x0000000000000000, Not Active, Not Active, Not Active, Not Active, Not Active
2026-10-02T17:40:47+08:00,2026/10/02 17:40:47.674, 1800 MHz, 2130 MHz, 9501 MHz, 1800 MHz, 247.14 W, 420.00 W, 420.00 W, 60, 100 %, 8473 MiB, P2, 0x0000000000000000, Not Active, Not Active, Not Active, Not Active, Not Active
2026-10-02T17:40:48+08:00,2026/10/02 17:40:48.704, 1800 MHz, 2130 MHz, 9501 MHz, 1800 MHz, 247.02 W, 420.00 W, 420.00 W, 60, 100 %, 8473 MiB, P2, 0x0000000000000000, Not Active, Not Active, Not Active, Not Active, Not Active
2026-10-02T17:40:49+08:00,2026/10/02 17:40:49.736, 1800 MHz, 2130 MHz, 9501 MHz, 1800 MHz, 247.19 W, 420.00 W, 420.00 W, 60, 100 %, 8473 MiB, P2, 0x0000000000000000, Not Active, Not Active, Not Active, Not Active, Not Active
2026-10-02T17:40:50+08:00,2026/10/02 17:40:50.765, 1800 MHz, 2130 MHz, 9501 MHz, 1800 MHz, 227.57 W, 420.00 W, 420.00 W, 60, 100 %, 8473 MiB, P2, 0x0000000000000000, Not Active, Not Active, Not Active, Not Active, Not Active
2026-10-02T17:40:51+08:00,2026/10/02 17:40:51.785, 1800 MHz, 2130 MHz, 9501 MHz, 1800 MHz, 118.59 W, 420.00 W, 420.00 W, 57, 0 %, 8473 MiB, P2, 0x0000000000000000, Not Active, Not Active, Not Active, Not Active, Not Active
2026-10-02T17:40:52+08:00,2026/10/02 17:40:52.808, 1800 MHz, 2130 MHz, 9501 MHz, 1800 MHz, 117.90 W, 420.00 W, 420.00 W, 57, 0 %, 8473 MiB, P2, 0x0000000000000000, Not Active, Not Active, Not Active, Not Active, Not Active
2026-10-02T17:40:53+08:00,2026/10/02 17:40:53.829, 1800 MHz, 2130 MHz, 9501 MHz, 1800 MHz, 117.71 W, 420.00 W, 420.00 W, 56, 0 %, 8473 MiB, P2, 0x0000000000000000, Not Active, Not Active, Not Active, Not Active, Not Active
2026-10-02T17:40:54+08:00,2026/10/02 17:40:54.852, 1800 MHz, 2130 MHz, 9501 MHz, 1800 MHz, 117.61 W, 420.00 W, 420.00 W, 56, 0 %, 8473 MiB, P2, 0x0000000000000000, Not Active, Not Active, Not Active, Not Active, Not Active
2026-10-02T17:40:55+08:00,2026/10/02 17:40:55.873, 1800 MHz, 2130 MHz, 9501 MHz, 1800 MHz, 117.52 W, 420.00 W, 420.00 W, 56, 0 %, 8473 MiB, P2, 0x0000000000000000, Not Active, Not Active, Not Active, Not Active, Not Active
2026-10-02T17:40:56+08:00,2026/10/02 17:40:56.894, 1800 MHz, 2130 MHz, 9501 MHz, 1800 MHz, 117.39 W, 420.00 W, 420.00 W, 56, 0 %, 8473 MiB, P2, 0x0000000000000000, Not Active, Not Active, Not Active, Not Active, Not Active
2026-10-02T17:40:57+08:00,2026/10/02 17:40:57.915, 1800 MHz, 2130 MHz, 9501 MHz, 1800 MHz, 117.04 W, 420.00 W, 420.00 W, 56, 0 %, 8473 MiB, P2, 0x0000000000000000, Not Active, Not Active, Not Active, Not Active, Not Active
2026-10-02T17:40:58+08:00,2026/10/02 17:40:58.935, 1800 MHz, 2130 MHz, 9501 MHz, 1800 MHz, 117.00 W, 420.00 W, 420.00 W, 56, 0 %, 8473 MiB, P2, 0x0000000000000000, Not Active, Not Active, Not Active, Not Active, Not Active
2026-10-02T17:40:59+08:00,2026/10/02 17:40:59.955, 1800 MHz, 2130 MHz, 9501 MHz, 1800 MHz, 116.92 W, 420.00 W, 420.00 W, 56, 0 %, 8473 MiB, P2, 0x0000000000000000, Not Active, Not Active, Not Active, Not Active, Not Active
2026-10-02T17:41:00+08:00,2026/10/02 17:41:00.977, 1800 MHz, 2130 MHz, 9501 MHz, 1800 MHz, 116.65 W, 420.00 W, 420.00 W, 56, 0 %, 8473 MiB, P2, 0x0000000000000000, Not Active, Not Active, Not Active, Not Active, Not Active
2026-10-02T17:41:01+08:00,2026/10/02 17:41:01.999, 1800 MHz, 2130 MHz, 9501 MHz, 1800 MHz, 116.94 W, 420.00 W, 420.00 W, 56, 0 %, 8473 MiB, P2, 0x0000000000000000, Not Active, Not Active, Not Active, Not Active, Not Active
2026-10-02T17:41:03+08:00,2026/10/02 17:41:03.020, 1800 MHz, 2130 MHz, 9501 MHz, 1800 MHz, 117.04 W, 420.00 W, 420.00 W, 56, 0 %, 8473 MiB, P2, 0x0000000000000000, Not Active, Not Active, Not Active, Not Active, Not Active
2026-10-02T17:41:04+08:00,2026/10/02 17:41:04.040, 1800 MHz, 2130 MHz, 9501 MHz, 1800 MHz, 116.96 W, 420.00 W, 420.00 W, 56, 0 %, 8473 MiB, P2, 0x0000000000000000, Not Active, Not Active, Not Active, Not Active, Not Active
2026-10-02T17:41:05+08:00,2026/10/02 17:41:05.064, 1800 MHz, 2130 MHz, 9501 MHz, 1800 MHz, 116.84 W, 420.00 W, 420.00 W, 56, 0 %, 8473 MiB, P2, 0x0000000000000000, Not Active, Not Active, Not Active, Not Active, Not Active
2026-10-02T17:41:06+08:00,2026/10/02 17:41:06.084, 1800 MHz, 2130 MHz, 9501 MHz, 1800 MHz, 116.80 W, 420.00 W, 420.00 W, 56, 0 %, 8473 MiB, P2, 0x0000000000000000, Not Active, Not Active, Not Active, Not Active, Not Active
2026-10-02T17:41:07+08:00,2026/10/02 17:41:07.110, 1800 MHz, 2130 MHz, 9501 MHz, 1800 MHz, 117.31 W, 420.00 W, 420.00 W, 55, 0 %, 8473 MiB, P2, 0x0000000000000001, Not Active, Not Active, Not Active, Not Active, Active
2026-10-02T17:41:08+08:00,2026/10/02 17:41:08.130, 1800 MHz, 2130 MHz, 9501 MHz, 1800 MHz, 116.70 W, 420.00 W, 420.00 W, 55, 0 %, 8473 MiB, P2, 0x0000000000000001, Not Active, Not Active, Not Active, Not Active, Active
2026-10-02T17:41:09+08:00,2026/10/02 17:41:09.151, 1800 MHz, 2130 MHz, 9501 MHz, 1800 MHz, 116.65 W, 420.00 W, 420.00 W, 55, 0 %, 8473 MiB, P2, 0x0000000000000001, Not Active, Not Active, Not Active, Not Active, Active
2026-10-02T17:41:10+08:00,2026/10/02 17:41:10.172, 1800 MHz, 2130 MHz, 9501 MHz, 1800 MHz, 116.59 W, 420.00 W, 420.00 W, 55, 0 %, 8473 MiB, P2, 0x0000000000000001, Not Active, Not Active, Not Active, Not Active, Active
2026-10-02T17:41:11+08:00,2026/10/02 17:41:11.193, 1800 MHz, 2130 MHz, 9501 MHz, 1800 MHz, 157.95 W, 420.00 W, 420.00 W, 58, 100 %, 8473 MiB, P2, 0x0000000000000000, Not Active, Not Active, Not Active, Not Active, Not Active
2026-10-02T17:41:12+08:00,2026/10/02 17:41:12.223, 1800 MHz, 2130 MHz, 9501 MHz, 1800 MHz, 246.95 W, 420.00 W, 420.00 W, 59, 100 %, 8473 MiB, P2, 0x0000000000000000, Not Active, Not Active, Not Active, Not Active, Not Active
2026-10-02T17:41:13+08:00,2026/10/02 17:41:13.253, 1800 MHz, 2130 MHz, 9501 MHz, 1800 MHz, 247.16 W, 420.00 W, 420.00 W, 59, 100 %, 8473 MiB, P2, 0x0000000000000000, Not Active, Not Active, Not Active, Not Active, Not Active
2026-10-02T17:41:14+08:00,2026/10/02 17:41:14.285, 1800 MHz, 2130 MHz, 9501 MHz, 1800 MHz, 247.13 W, 420.00 W, 420.00 W, 60, 100 %, 8473 MiB, P2, 0x0000000000000000, Not Active, Not Active, Not Active, Not Active, Not Active
2026-10-02T17:41:15+08:00,2026/10/02 17:41:15.316, 1800 MHz, 2130 MHz, 9501 MHz, 1800 MHz, 247.13 W, 420.00 W, 420.00 W, 60, 100 %, 8473 MiB, P2, 0x0000000000000000, Not Active, Not Active, Not Active, Not Active, Not Active
2026-10-02T17:41:16+08:00,2026/10/02 17:41:16.347, 1800 MHz, 2130 MHz, 9501 MHz, 1800 MHz, 247.22 W, 420.00 W, 420.00 W, 60, 100 %, 8473 MiB, P2, 0x0000000000000000, Not Active, Not Active, Not Active, Not Active, Not Active
2026-10-02T17:41:17+08:00,2026/10/02 17:41:17.377, 1800 MHz, 2130 MHz, 9501 MHz, 1800 MHz, 246.99 W, 420.00 W, 420.00 W, 60, 100 %, 8473 MiB, P2, 0x0000000000000000, Not Active, Not Active, Not Active, Not Active, Not Active
2026-10-02T17:41:18+08:00,2026/10/02 17:41:18.412, 1800 MHz, 2130 MHz, 9501 MHz, 1800 MHz, 246.86 W, 420.00 W, 420.00 W, 60, 100 %, 8473 MiB, P2, 0x0000000000000000, Not Active, Not Active, Not Active, Not Active, Not Active
2026-10-02T17:41:19+08:00,2026/10/02 17:41:19.447, 1800 MHz, 2130 MHz, 9501 MHz, 1800 MHz, 246.90 W, 420.00 W, 420.00 W, 60, 100 %, 8473 MiB, P2, 0x0000000000000000, Not Active, Not Active, Not Active, Not Active, Not Active
2026-10-02T17:41:20+08:00,2026/10/02 17:41:20.481, 1800 MHz, 2130 MHz, 9501 MHz, 1800 MHz, 247.07 W, 420.00 W, 420.00 W, 60, 100 %, 8473 MiB, P2, 0x0000000000000000, Not Active, Not Active, Not Active, Not Active, Not Active
2026-10-02T17:41:21+08:00,2026/10/02 17:41:21.511, 1800 MHz, 2130 MHz, 9501 MHz, 1800 MHz, 161.79 W, 420.00 W, 420.00 W, 57, 0 %, 8473 MiB, P2, 0x0000000000000000, Not Active, Not Active, Not Active, Not Active, Not Active
2026-10-02T17:41:22+08:00,2026/10/02 17:41:22.531, 1800 MHz, 2130 MHz, 9501 MHz, 1800 MHz, 138.35 W, 420.00 W, 420.00 W, 57, 0 %, 8473 MiB, P2, 0x0000000000000000, Not Active, Not Active, Not Active, Not Active, Not Active
2026-10-02T17:41:23+08:00,2026/10/02 17:41:23.555, 1800 MHz, 2130 MHz, 9501 MHz, 1800 MHz, 117.65 W, 420.00 W, 420.00 W, 56, 0 %, 8473 MiB, P2, 0x0000000000000000, Not Active, Not Active, Not Active, Not Active, Not Active
2026-10-02T17:41:24+08:00,2026/10/02 17:41:24.576, 1800 MHz, 2130 MHz, 9501 MHz, 1800 MHz, 117.37 W, 420.00 W, 420.00 W, 56, 0 %, 8473 MiB, P2, 0x0000000000000000, Not Active, Not Active, Not Active, Not Active, Not Active
2026-10-02T17:41:25+08:00,2026/10/02 17:41:25.597, 1800 MHz, 2130 MHz, 9501 MHz, 1800 MHz, 117.15 W, 420.00 W, 420.00 W, 56, 0 %, 8473 MiB, P2, 0x0000000000000000, Not Active, Not Active, Not Active, Not Active, Not Active
2026-10-02T17:41:26+08:00,2026/10/02 17:41:26.619, 1800 MHz, 2130 MHz, 9501 MHz, 1800 MHz, 117.07 W, 420.00 W, 420.00 W, 56, 0 %, 8473 MiB, P2, 0x0000000000000000, Not Active, Not Active, Not Active, Not Active, Not Active
2026-10-02T17:41:27+08:00,2026/10/02 17:41:27.642, 1800 MHz, 2130 MHz, 9501 MHz, 1800 MHz, 117.12 W, 420.00 W, 420.00 W, 56, 0 %, 8473 MiB, P2, 0x0000000000000000, Not Active, Not Active, Not Active, Not Active, Not Active
2026-10-02T17:41:28+08:00,2026/10/02 17:41:28.665, 1800 MHz, 2130 MHz, 9501 MHz, 1800 MHz, 117.17 W, 420.00 W, 420.00 W, 56, 0 %, 8473 MiB, P2, 0x0000000000000000, Not Active, Not Active, Not Active, Not Active, Not Active
2026-10-02T17:41:29+08:00,2026/10/02 17:41:29.691, 1800 MHz, 2130 MHz, 9501 MHz, 1800 MHz, 116.90 W, 420.00 W, 420.00 W, 56, 0 %, 8473 MiB, P2, 0x0000000000000000, Not Active, Not Active, Not Active, Not Active, Not Active
2026-10-02T17:41:30+08:00,2026/10/02 17:41:30.716, 1800 MHz, 2130 MHz, 9501 MHz, 1800 MHz, 116.89 W, 420.00 W, 420.00 W, 56, 0 %, 8473 MiB, P2, 0x0000000000000000, Not Active, Not Active, Not Active, Not Active, Not Active
2026-10-02T17:41:31+08:00,2026/10/02 17:41:31.737, 1800 MHz, 2130 MHz, 9501 MHz, 1800 MHz, 116.89 W, 420.00 W, 420.00 W, 56, 0 %, 8473 MiB, P2, 0x0000000000000000, Not Active, Not Active, Not Active, Not Active, Not Active
2026-10-02T17:41:32+08:00,2026/10/02 17:41:32.756, 1800 MHz, 2130 MHz, 9501 MHz, 1800 MHz, 116.93 W, 420.00 W, 420.00 W, 56, 0 %, 8473 MiB, P2, 0x0000000000000000, Not Active, Not Active, Not Active, Not Active, Not Active
2026-10-02T17:41:33+08:00,2026/10/02 17:41:33.777, 1800 MHz, 2130 MHz, 9501 MHz, 1800 MHz, 116.87 W, 420.00 W, 420.00 W, 56, 0 %, 8473 MiB, P2, 0x0000000000000000, Not Active, Not Active, Not Active, Not Active, Not Active
2026-10-02T17:41:34+08:00,2026/10/02 17:41:34.797, 1800 MHz, 2130 MHz, 9501 MHz, 1800 MHz, 116.55 W, 420.00 W, 420.00 W, 56, 0 %, 8473 MiB, P2, 0x0000000000000000, Not Active, Not Active, Not Active, Not Active, Not Active
2026-10-02T17:41:35+08:00,2026/10/02 17:41:35.817, 1800 MHz, 2130 MHz, 9501 MHz, 1800 MHz, 116.26 W, 420.00 W, 420.00 W, 56, 0 %, 8473 MiB, P2, 0x0000000000000000, Not Active, Not Active, Not Active, Not Active, Not Active
2026-10-02T17:41:36+08:00,2026/10/02 17:41:36.839, 1800 MHz, 2130 MHz, 9501 MHz, 1800 MHz, 116.26 W, 420.00 W, 420.00 W, 56, 0 %, 8473 MiB, P2, 0x0000000000000000, Not Active, Not Active, Not Active, Not Active, Not Active
2026-10-02T17:41:37+08:00,2026/10/02 17:41:37.861, 1800 MHz, 2130 MHz, 9501 MHz, 1800 MHz, 116.39 W, 420.00 W, 420.00 W, 55, 0 %, 8473 MiB, P2, 0x0000000000000001, Not Active, Not Active, Not Active, Not Active, Active
2026-10-02T17:41:38+08:00,2026/10/02 17:41:38.881, 1800 MHz, 2130 MHz, 9501 MHz, 1800 MHz, 116.42 W, 420.00 W, 420.00 W, 55, 0 %, 8473 MiB, P2, 0x0000000000000001, Not Active, Not Active, Not Active, Not Active, Active
2026-10-02T17:41:39+08:00,2026/10/02 17:41:39.900, 1800 MHz, 2130 MHz, 9501 MHz, 1800 MHz, 116.54 W, 420.00 W, 420.00 W, 55, 0 %, 8473 MiB, P2, 0x0000000000000001, Not Active, Not Active, Not Active, Not Active, Active
2026-10-02T17:41:40+08:00,2026/10/02 17:41:40.921, 1800 MHz, 2130 MHz, 9501 MHz, 1800 MHz, 121.72 W, 420.00 W, 420.00 W, 55, 0 %, 8473 MiB, P2, 0x0000000000000001, Not Active, Not Active, Not Active, Not Active, Active
2026-10-02T17:41:41+08:00,2026/10/02 17:41:41.951, 1800 MHz, 2130 MHz, 9501 MHz, 1800 MHz, 245.77 W, 420.00 W, 420.00 W, 59, 100 %, 8473 MiB, P2, 0x0000000000000000, Not Active, Not Active, Not Active, Not Active, Not Active
2026-10-02T17:41:42+08:00,2026/10/02 17:41:42.981, 1800 MHz, 2130 MHz, 9501 MHz, 1800 MHz, 246.54 W, 420.00 W, 420.00 W, 59, 100 %, 8473 MiB, P2, 0x0000000000000000, Not Active, Not Active, Not Active, Not Active, Not Active
2026-10-02T17:41:43+08:00,2026/10/02 17:41:44.010, 1800 MHz, 2130 MHz, 9501 MHz, 1800 MHz, 246.72 W, 420.00 W, 420.00 W, 59, 100 %, 8473 MiB, P2, 0x0000000000000000, Not Active, Not Active, Not Active, Not Active, Not Active
2026-10-02T17:41:45+08:00,2026/10/02 17:41:45.041, 1800 MHz, 2130 MHz, 9501 MHz, 1800 MHz, 247.01 W, 420.00 W, 420.00 W, 60, 100 %, 8473 MiB, P2, 0x0000000000000000, Not Active, Not Active, Not Active, Not Active, Not Active
2026-10-02T17:41:46+08:00,2026/10/02 17:41:46.070, 1800 MHz, 2130 MHz, 9501 MHz, 1800 MHz, 246.97 W, 420.00 W, 420.00 W, 60, 100 %, 8473 MiB, P2, 0x0000000000000000, Not Active, Not Active, Not Active, Not Active, Not Active
2026-10-02T17:41:47+08:00,2026/10/02 17:41:47.101, 1800 MHz, 2130 MHz, 9501 MHz, 1800 MHz, 247.17 W, 420.00 W, 420.00 W, 60, 100 %, 8473 MiB, P2, 0x0000000000000000, Not Active, Not Active, Not Active, Not Active, Not Active
2026-10-02T17:41:48+08:00,2026/10/02 17:41:48.132, 1800 MHz, 2130 MHz, 9501 MHz, 1800 MHz, 247.36 W, 420.00 W, 420.00 W, 60, 100 %, 8473 MiB, P2, 0x0000000000000000, Not Active, Not Active, Not Active, Not Active, Not Active
2026-10-02T17:41:49+08:00,2026/10/02 17:41:49.163, 1800 MHz, 2130 MHz, 9501 MHz, 1800 MHz, 247.49 W, 420.00 W, 420.00 W, 60, 100 %, 8473 MiB, P2, 0x0000000000000000, Not Active, Not Active, Not Active, Not Active, Not Active
2026-10-02T17:41:50+08:00,2026/10/02 17:41:50.193, 1800 MHz, 2130 MHz, 9501 MHz, 1800 MHz, 247.33 W, 420.00 W, 420.00 W, 60, 100 %, 8473 MiB, P2, 0x0000000000000000, Not Active, Not Active, Not Active, Not Active, Not Active
2026-10-02T17:41:51+08:00,2026/10/02 17:41:51.223, 1800 MHz, 2130 MHz, 9501 MHz, 1800 MHz, 225.74 W, 420.00 W, 420.00 W, 60, 100 %, 8473 MiB, P2, 0x0000000000000000, Not Active, Not Active, Not Active, Not Active, Not Active
2026-10-02T17:41:52+08:00,2026/10/02 17:41:52.246, 1800 MHz, 2130 MHz, 9501 MHz, 1800 MHz, 132.07 W, 420.00 W, 420.00 W, 57, 0 %, 8473 MiB, P2, 0x0000000000000000, Not Active, Not Active, Not Active, Not Active, Not Active
2026-10-02T17:41:53+08:00,2026/10/02 17:41:53.267, 1800 MHz, 2130 MHz, 9501 MHz, 1800 MHz, 117.77 W, 420.00 W, 420.00 W, 56, 0 %, 8473 MiB, P2, 0x0000000000000000, Not Active, Not Active, Not Active, Not Active, Not Active
2026-10-02T17:41:54+08:00,2026/10/02 17:41:54.288, 1800 MHz, 2130 MHz, 9501 MHz, 1800 MHz, 117.63 W, 420.00 W, 420.00 W, 56, 0 %, 8473 MiB, P2, 0x0000000000000000, Not Active, Not Active, Not Active, Not Active, Not Active
2026-10-02T17:41:55+08:00,2026/10/02 17:41:55.307, 1800 MHz, 2130 MHz, 9501 MHz, 1800 MHz, 117.41 W, 420.00 W, 420.00 W, 56, 0 %, 8473 MiB, P2, 0x0000000000000000, Not Active, Not Active, Not Active, Not Active, Not Active
2026-10-02T17:41:56+08:00,2026/10/02 17:41:56.327, 1800 MHz, 2130 MHz, 9501 MHz, 1800 MHz, 117.22 W, 420.00 W, 420.00 W, 56, 0 %, 8473 MiB, P2, 0x0000000000000000, Not Active, Not Active, Not Active, Not Active, Not Active
2026-10-02T17:41:57+08:00,2026/10/02 17:41:57.350, 1800 MHz, 2130 MHz, 9501 MHz, 1800 MHz, 117.28 W, 420.00 W, 420.00 W, 56, 0 %, 8473 MiB, P2, 0x0000000000000000, Not Active, Not Active, Not Active, Not Active, Not Active
2026-10-02T17:41:58+08:00,2026/10/02 17:41:58.371, 1800 MHz, 2130 MHz, 9501 MHz, 1800 MHz, 117.18 W, 420.00 W, 420.00 W, 56, 0 %, 8473 MiB, P2, 0x0000000000000000, Not Active, Not Active, Not Active, Not Active, Not Active
2026-10-02T17:41:59+08:00,2026/10/02 17:41:59.392, 1800 MHz, 2130 MHz, 9501 MHz, 1800 MHz, 117.00 W, 420.00 W, 420.00 W, 56, 0 %, 8473 MiB, P2, 0x0000000000000000, Not Active, Not Active, Not Active, Not Active, Not Active
2026-10-02T17:42:00+08:00,2026/10/02 17:42:00.412, 1800 MHz, 2130 MHz, 9501 MHz, 1800 MHz, 116.82 W, 420.00 W, 420.00 W, 56, 0 %, 8473 MiB, P2, 0x0000000000000000, Not Active, Not Active, Not Active, Not Active, Not Active
2026-10-02T17:42:01+08:00,2026/10/02 17:42:01.432, 1800 MHz, 2130 MHz, 9501 MHz, 1800 MHz, 116.97 W, 420.00 W, 420.00 W, 56, 0 %, 8473 MiB, P2, 0x0000000000000000, Not Active, Not Active, Not Active, Not Active, Not Active
2026-10-02T17:42:02+08:00,2026/10/02 17:42:02.452, 1800 MHz, 2130 MHz, 9501 MHz, 1800 MHz, 117.04 W, 420.00 W, 420.00 W, 56, 0 %, 8473 MiB, P2, 0x0000000000000000, Not Active, Not Active, Not Active, Not Active, Not Active
2026-10-02T17:42:03+08:00,2026/10/02 17:42:03.472, 1800 MHz, 2130 MHz, 9501 MHz, 1800 MHz, 116.85 W, 420.00 W, 420.00 W, 56, 0 %, 8473 MiB, P2, 0x0000000000000000, Not Active, Not Active, Not Active, Not Active, Not Active
2026-10-02T17:42:04+08:00,2026/10/02 17:42:04.493, 1800 MHz, 2130 MHz, 9501 MHz, 1800 MHz, 117.01 W, 420.00 W, 420.00 W, 56, 0 %, 8473 MiB, P2, 0x0000000000000000, Not Active, Not Active, Not Active, Not Active, Not Active
2026-10-02T17:42:05+08:00,2026/10/02 17:42:05.513, 1800 MHz, 2130 MHz, 9501 MHz, 1800 MHz, 116.59 W, 420.00 W, 420.00 W, 55, 0 %, 8473 MiB, P2, 0x0000000000000000, Not Active, Not Active, Not Active, Not Active, Not Active
2026-10-02T17:42:06+08:00,2026/10/02 17:42:06.533, 1800 MHz, 2130 MHz, 9501 MHz, 1800 MHz, 116.67 W, 420.00 W, 420.00 W, 55, 0 %, 8473 MiB, P2, 0x0000000000000000, Not Active, Not Active, Not Active, Not Active, Not Active
2026-10-02T17:42:07+08:00,2026/10/02 17:42:07.553, 1800 MHz, 2130 MHz, 9501 MHz, 1800 MHz, 116.60 W, 420.00 W, 420.00 W, 55, 0 %, 8473 MiB, P2, 0x0000000000000001, Not Active, Not Active, Not Active, Not Active, Active
2026-10-02T17:42:08+08:00,2026/10/02 17:42:08.573, 1800 MHz, 2130 MHz, 9501 MHz, 1800 MHz, 116.56 W, 420.00 W, 420.00 W, 55, 0 %, 8473 MiB, P2, 0x0000000000000001, Not Active, Not Active, Not Active, Not Active, Active
2026-10-02T17:42:09+08:00,2026/10/02 17:42:09.594, 1800 MHz, 2130 MHz, 9501 MHz, 1800 MHz, 116.75 W, 420.00 W, 420.00 W, 55, 0 %, 8473 MiB, P2, 0x0000000000000001, Not Active, Not Active, Not Active, Not Active, Active
2026-10-02T17:42:10+08:00,2026/10/02 17:42:10.615, 1800 MHz, 2130 MHz, 9501 MHz, 1800 MHz, 116.31 W, 420.00 W, 420.00 W, 55, 0 %, 8473 MiB, P2, 0x0000000000000001, Not Active, Not Active, Not Active, Not Active, Active
2026-10-02T17:42:11+08:00,2026/10/02 17:42:11.635, 1800 MHz, 2130 MHz, 9501 MHz, 1800 MHz, 179.24 W, 420.00 W, 420.00 W, 58, 100 %, 8473 MiB, P2, 0x0000000000000000, Not Active, Not Active, Not Active, Not Active, Not Active
2026-10-02T17:42:12+08:00,2026/10/02 17:42:12.666, 1800 MHz, 2130 MHz, 9501 MHz, 1800 MHz, 246.54 W, 420.00 W, 420.00 W, 59, 100 %, 8473 MiB, P2, 0x0000000000000000, Not Active, Not Active, Not Active, Not Active, Not Active
2026-10-02T17:42:13+08:00,2026/10/02 17:42:13.697, 1800 MHz, 2130 MHz, 9501 MHz, 1800 MHz, 246.84 W, 420.00 W, 420.00 W, 59, 100 %, 8473 MiB, P2, 0x0000000000000000, Not Active, Not Active, Not Active, Not Active, Not Active
2026-10-02T17:42:14+08:00,2026/10/02 17:42:14.727, 1800 MHz, 2130 MHz, 9501 MHz, 1800 MHz, 247.00 W, 420.00 W, 420.00 W, 59, 100 %, 8473 MiB, P2, 0x0000000000000000, Not Active, Not Active, Not Active, Not Active, Not Active
2026-10-02T17:42:15+08:00,2026/10/02 17:42:15.761, 1800 MHz, 2130 MHz, 9501 MHz, 1800 MHz, 247.24 W, 420.00 W, 420.00 W, 60, 100 %, 8473 MiB, P2, 0x0000000000000000, Not Active, Not Active, Not Active, Not Active, Not Active
2026-10-02T17:42:16+08:00,2026/10/02 17:42:16.792, 1800 MHz, 2130 MHz, 9501 MHz, 1800 MHz, 247.42 W, 420.00 W, 420.00 W, 60, 100 %, 8473 MiB, P2, 0x0000000000000000, Not Active, Not Active, Not Active, Not Active, Not Active
2026-10-02T17:42:17+08:00,2026/10/02 17:42:17.825, 1800 MHz, 2130 MHz, 9501 MHz, 1800 MHz, 247.51 W, 420.00 W, 420.00 W, 60, 100 %, 8473 MiB, P2, 0x0000000000000000, Not Active, Not Active, Not Active, Not Active, Not Active
2026-10-02T17:42:18+08:00,2026/10/02 17:42:18.858, 1800 MHz, 2130 MHz, 9501 MHz, 1800 MHz, 247.38 W, 420.00 W, 420.00 W, 60, 100 %, 8473 MiB, P2, 0x0000000000000000, Not Active, Not Active, Not Active, Not Active, Not Active
2026-10-02T17:42:19+08:00,2026/10/02 17:42:19.889, 1800 MHz, 2130 MHz, 9501 MHz, 1800 MHz, 247.37 W, 420.00 W, 420.00 W, 60, 100 %, 8473 MiB, P2, 0x0000000000000000, Not Active, Not Active, Not Active, Not Active, Not Active
2026-10-02T17:42:20+08:00,2026/10/02 17:42:20.920, 1800 MHz, 2130 MHz, 9501 MHz, 1800 MHz, 247.49 W, 420.00 W, 420.00 W, 60, 100 %, 8473 MiB, P2, 0x0000000000000000, Not Active, Not Active, Not Active, Not Active, Not Active
2026-10-02T17:42:21+08:00,2026/10/02 17:42:21.948, 1800 MHz, 2130 MHz, 9501 MHz, 1800 MHz, 171.43 W, 420.00 W, 420.00 W, 57, 0 %, 8473 MiB, P2, 0x0000000000000000, Not Active, Not Active, Not Active, Not Active, Not Active
2026-10-02T17:42:22+08:00,2026/10/02 17:42:22.968, 1800 MHz, 2130 MHz, 9501 MHz, 1800 MHz, 136.23 W, 420.00 W, 420.00 W, 57, 0 %, 8473 MiB, P2, 0x0000000000000000, Not Active, Not Active, Not Active, Not Active, Not Active
2026-10-02T17:42:23+08:00,2026/10/02 17:42:23.988, 1800 MHz, 2130 MHz, 9501 MHz, 1800 MHz, 117.74 W, 420.00 W, 420.00 W, 56, 0 %, 8473 MiB, P2, 0x0000000000000000, Not Active, Not Active, Not Active, Not Active, Not Active
2026-10-02T17:42:24+08:00,2026/10/02 17:42:25.008, 1800 MHz, 2130 MHz, 9501 MHz, 1800 MHz, 117.26 W, 420.00 W, 420.00 W, 56, 0 %, 8473 MiB, P2, 0x0000000000000000, Not Active, Not Active, Not Active, Not Active, Not Active
2026-10-02T17:42:26+08:00,2026/10/02 17:42:26.029, 1800 MHz, 2130 MHz, 9501 MHz, 1800 MHz, 116.92 W, 420.00 W, 420.00 W, 56, 0 %, 8473 MiB, P2, 0x0000000000000000, Not Active, Not Active, Not Active, Not Active, Not Active
2026-10-02T17:42:27+08:00,2026/10/02 17:42:27.049, 1800 MHz, 2130 MHz, 9501 MHz, 1800 MHz, 117.01 W, 420.00 W, 420.00 W, 56, 0 %, 8473 MiB, P2, 0x0000000000000000, Not Active, Not Active, Not Active, Not Active, Not Active
2026-10-02T17:42:28+08:00,2026/10/02 17:42:28.069, 1800 MHz, 2130 MHz, 9501 MHz, 1800 MHz, 117.00 W, 420.00 W, 420.00 W, 56, 0 %, 8473 MiB, P2, 0x0000000000000000, Not Active, Not Active, Not Active, Not Active, Not Active
2026-10-02T17:42:29+08:00,2026/10/02 17:42:29.088, 1800 MHz, 2130 MHz, 9501 MHz, 1800 MHz, 117.07 W, 420.00 W, 420.00 W, 56, 0 %, 8473 MiB, P2, 0x0000000000000000, Not Active, Not Active, Not Active, Not Active, Not Active
2026-10-02T17:42:30+08:00,2026/10/02 17:42:30.108, 1800 MHz, 2130 MHz, 9501 MHz, 1800 MHz, 117.25 W, 420.00 W, 420.00 W, 56, 0 %, 8473 MiB, P2, 0x0000000000000000, Not Active, Not Active, Not Active, Not Active, Not Active
2026-10-02T17:42:31+08:00,2026/10/02 17:42:31.128, 1800 MHz, 2130 MHz, 9501 MHz, 1800 MHz, 117.11 W, 420.00 W, 420.00 W, 56, 0 %, 8473 MiB, P2, 0x0000000000000000, Not Active, Not Active, Not Active, Not Active, Not Active
2026-10-02T17:42:32+08:00,2026/10/02 17:42:32.148, 1800 MHz, 2130 MHz, 9501 MHz, 1800 MHz, 116.75 W, 420.00 W, 420.00 W, 56, 0 %, 8473 MiB, P2, 0x0000000000000000, Not Active, Not Active, Not Active, Not Active, Not Active
2026-10-02T17:42:33+08:00,2026/10/02 17:42:33.169, 1800 MHz, 2130 MHz, 9501 MHz, 1800 MHz, 116.89 W, 420.00 W, 420.00 W, 56, 0 %, 8473 MiB, P2, 0x0000000000000000, Not Active, Not Active, Not Active, Not Active, Not Active
2026-10-02T17:42:34+08:00,2026/10/02 17:42:34.190, 1800 MHz, 2130 MHz, 9501 MHz, 1800 MHz, 116.82 W, 420.00 W, 420.00 W, 56, 0 %, 8473 MiB, P2, 0x0000000000000000, Not Active, Not Active, Not Active, Not Active, Not Active
2026-10-02T17:42:35+08:00,2026/10/02 17:42:35.210, 1800 MHz, 2130 MHz, 9501 MHz, 1800 MHz, 116.69 W, 420.00 W, 420.00 W, 55, 0 %, 8473 MiB, P2, 0x0000000000000000, Not Active, Not Active, Not Active, Not Active, Not Active
2026-10-02T17:42:36+08:00,2026/10/02 17:42:36.230, 1800 MHz, 2130 MHz, 9501 MHz, 1800 MHz, 116.39 W, 420.00 W, 420.00 W, 55, 0 %, 8473 MiB, P2, 0x0000000000000000, Not Active, Not Active, Not Active, Not Active, Not Active
2026-10-02T17:42:37+08:00,2026/10/02 17:42:37.250, 1800 MHz, 2130 MHz, 9501 MHz, 1800 MHz, 116.33 W, 420.00 W, 420.00 W, 55, 0 %, 8473 MiB, P2, 0x0000000000000000, Not Active, Not Active, Not Active, Not Active, Not Active
2026-10-02T17:42:38+08:00,2026/10/02 17:42:38.273, 1800 MHz, 2130 MHz, 9501 MHz, 1800 MHz, 116.48 W, 420.00 W, 420.00 W, 55, 0 %, 8473 MiB, P2, 0x0000000000000001, Not Active, Not Active, Not Active, Not Active, Active
2026-10-02T17:42:39+08:00,2026/10/02 17:42:39.297, 1800 MHz, 2130 MHz, 9501 MHz, 1800 MHz, 116.27 W, 420.00 W, 420.00 W, 55, 0 %, 8473 MiB, P2, 0x0000000000000001, Not Active, Not Active, Not Active, Not Active, Active
2026-10-02T17:42:40+08:00,2026/10/02 17:42:40.317, 1800 MHz, 2130 MHz, 9501 MHz, 1800 MHz, 116.45 W, 420.00 W, 420.00 W, 55, 0 %, 8473 MiB, P2, 0x0000000000000001, Not Active, Not Active, Not Active, Not Active, Active
2026-10-02T17:42:41+08:00,2026/10/02 17:42:41.338, 1800 MHz, 2130 MHz, 9501 MHz, 1800 MHz, 116.78 W, 420.00 W, 420.00 W, 55, 0 %, 8473 MiB, P2, 0x0000000000000001, Not Active, Not Active, Not Active, Not Active, Active
2026-10-02T17:42:42+08:00,2026/10/02 17:42:42.368, 1800 MHz, 2130 MHz, 9501 MHz, 1800 MHz, 197.12 W, 420.00 W, 420.00 W, 58, 100 %, 8473 MiB, P2, 0x0000000000000000, Not Active, Not Active, Not Active, Not Active, Not Active
2026-10-02T17:42:43+08:00,2026/10/02 17:42:43.397, 1800 MHz, 2130 MHz, 9501 MHz, 1800 MHz, 246.67 W, 420.00 W, 420.00 W, 59, 100 %, 8473 MiB, P2, 0x0000000000000000, Not Active, Not Active, Not Active, Not Active, Not Active
2026-10-02T17:42:44+08:00,2026/10/02 17:42:44.431, 1800 MHz, 2130 MHz, 9501 MHz, 1800 MHz, 246.89 W, 420.00 W, 420.00 W, 59, 100 %, 8473 MiB, P2, 0x0000000000000000, Not Active, Not Active, Not Active, Not Active, Not Active
2026-10-02T17:42:45+08:00,2026/10/02 17:42:45.462, 1800 MHz, 2130 MHz, 9501 MHz, 1800 MHz, 246.96 W, 420.00 W, 420.00 W, 60, 100 %, 8473 MiB, P2, 0x0000000000000000, Not Active, Not Active, Not Active, Not Active, Not Active
2026-10-02T17:42:46+08:00,2026/10/02 17:42:46.492, 1800 MHz, 2130 MHz, 9501 MHz, 1800 MHz, 247.16 W, 420.00 W, 420.00 W, 60, 100 %, 8473 MiB, P2, 0x0000000000000000, Not Active, Not Active, Not Active, Not Active, Not Active
2026-10-02T17:42:47+08:00,2026/10/02 17:42:47.522, 1800 MHz, 2130 MHz, 9501 MHz, 1800 MHz, 247.18 W, 420.00 W, 420.00 W, 60, 100 %, 8473 MiB, P2, 0x0000000000000000, Not Active, Not Active, Not Active, Not Active, Not Active
2026-10-02T17:42:48+08:00,2026/10/02 17:42:48.556, 1800 MHz, 2130 MHz, 9501 MHz, 1800 MHz, 246.87 W, 420.00 W, 420.00 W, 60, 100 %, 8473 MiB, P2, 0x0000000000000000, Not Active, Not Active, Not Active, Not Active, Not Active
2026-10-02T17:42:49+08:00,2026/10/02 17:42:49.588, 1800 MHz, 2130 MHz, 9501 MHz, 1800 MHz, 247.29 W, 420.00 W, 420.00 W, 60, 100 %, 8473 MiB, P2, 0x0000000000000000, Not Active, Not Active, Not Active, Not Active, Not Active
2026-10-02T17:42:50+08:00,2026/10/02 17:42:50.619, 1800 MHz, 2130 MHz, 9501 MHz, 1800 MHz, 247.33 W, 420.00 W, 420.00 W, 60, 100 %, 8473 MiB, P2, 0x0000000000000000, Not Active, Not Active, Not Active, Not Active, Not Active
2026-10-02T17:42:51+08:00,2026/10/02 17:42:51.648, 1800 MHz, 2130 MHz, 9501 MHz, 1800 MHz, 234.07 W, 420.00 W, 420.00 W, 60, 100 %, 8473 MiB, P2, 0x0000000000000000, Not Active, Not Active, Not Active, Not Active, Not Active
2026-10-02T17:42:52+08:00,2026/10/02 17:42:52.668, 1800 MHz, 2130 MHz, 9501 MHz, 1800 MHz, 140.60 W, 420.00 W, 420.00 W, 57, 0 %, 8473 MiB, P2, 0x0000000000000000, Not Active, Not Active, Not Active, Not Active, Not Active
2026-10-02T17:42:53+08:00,2026/10/02 17:42:53.688, 1800 MHz, 2130 MHz, 9501 MHz, 1800 MHz, 117.77 W, 420.00 W, 420.00 W, 56, 0 %, 8473 MiB, P2, 0x0000000000000000, Not Active, Not Active, Not Active, Not Active, Not Active
2026-10-02T17:42:54+08:00,2026/10/02 17:42:54.710, 1800 MHz, 2130 MHz, 9501 MHz, 1800 MHz, 117.67 W, 420.00 W, 420.00 W, 56, 0 %, 8473 MiB, P2, 0x0000000000000000, Not Active, Not Active, Not Active, Not Active, Not Active
2026-10-02T17:42:55+08:00,2026/10/02 17:42:55.730, 1800 MHz, 2130 MHz, 9501 MHz, 1800 MHz, 116.96 W, 420.00 W, 420.00 W, 56, 0 %, 8473 MiB, P2, 0x0000000000000000, Not Active, Not Active, Not Active, Not Active, Not Active
2026-10-02T17:42:56+08:00,2026/10/02 17:42:56.750, 1800 MHz, 2130 MHz, 9501 MHz, 1800 MHz, 116.89 W, 420.00 W, 420.00 W, 56, 0 %, 8473 MiB, P2, 0x0000000000000000, Not Active, Not Active, Not Active, Not Active, Not Active
2026-10-02T17:42:57+08:00,2026/10/02 17:42:57.771, 1800 MHz, 2130 MHz, 9501 MHz, 1800 MHz, 116.86 W, 420.00 W, 420.00 W, 56, 0 %, 8473 MiB, P2, 0x0000000000000000, Not Active, Not Active, Not Active, Not Active, Not Active
2026-10-02T17:42:58+08:00,2026/10/02 17:42:58.791, 1800 MHz, 2130 MHz, 9501 MHz, 1800 MHz, 116.77 W, 420.00 W, 420.00 W, 56, 0 %, 8473 MiB, P2, 0x0000000000000000, Not Active, Not Active, Not Active, Not Active, Not Active
2026-10-02T17:42:59+08:00,2026/10/02 17:42:59.811, 1800 MHz, 2130 MHz, 9501 MHz, 1800 MHz, 116.77 W, 420.00 W, 420.00 W, 56, 0 %, 8473 MiB, P2, 0x0000000000000000, Not Active, Not Active, Not Active, Not Active, Not Active
2026-10-02T17:43:00+08:00,2026/10/02 17:43:00.832, 1800 MHz, 2130 MHz, 9501 MHz, 1800 MHz, 116.47 W, 420.00 W, 420.00 W, 56, 0 %, 8473 MiB, P2, 0x0000000000000000, Not Active, Not Active, Not Active, Not Active, Not Active
2026-10-02T17:43:01+08:00,2026/10/02 17:43:01.853, 1800 MHz, 2130 MHz, 9501 MHz, 1800 MHz, 116.56 W, 420.00 W, 420.00 W, 56, 0 %, 8473 MiB, P2, 0x0000000000000000, Not Active, Not Active, Not Active, Not Active, Not Active
2026-10-02T17:43:02+08:00,2026/10/02 17:43:02.876, 1800 MHz, 2130 MHz, 9501 MHz, 1800 MHz, 116.54 W, 420.00 W, 420.00 W, 56, 0 %, 8473 MiB, P2, 0x0000000000000000, Not Active, Not Active, Not Active, Not Active, Not Active
2026-10-02T17:43:03+08:00,2026/10/02 17:43:03.897, 1800 MHz, 2130 MHz, 9501 MHz, 1800 MHz, 116.33 W, 420.00 W, 420.00 W, 56, 0 %, 8473 MiB, P2, 0x0000000000000000, Not Active, Not Active, Not Active, Not Active, Not Active
2026-10-02T17:43:04+08:00,2026/10/02 17:43:04.917, 1800 MHz, 2130 MHz, 9501 MHz, 1800 MHz, 116.04 W, 420.00 W, 420.00 W, 56, 0 %, 8473 MiB, P2, 0x0000000000000000, Not Active, Not Active, Not Active, Not Active, Not Active
2026-10-02T17:43:05+08:00,2026/10/02 17:43:05.940, 1800 MHz, 2130 MHz, 9501 MHz, 1800 MHz, 116.00 W, 420.00 W, 420.00 W, 55, 0 %, 8473 MiB, P2, 0x0000000000000000, Not Active, Not Active, Not Active, Not Active, Not Active
2026-10-02T17:43:06+08:00,2026/10/02 17:43:06.962, 1800 MHz, 2130 MHz, 9501 MHz, 1800 MHz, 116.05 W, 420.00 W, 420.00 W, 55, 0 %, 8473 MiB, P2, 0x0000000000000000, Not Active, Not Active, Not Active, Not Active, Not Active
2026-10-02T17:43:07+08:00,2026/10/02 17:43:07.982, 1800 MHz, 2130 MHz, 9501 MHz, 1800 MHz, 116.42 W, 420.00 W, 420.00 W, 55, 0 %, 8473 MiB, P2, 0x0000000000000001, Not Active, Not Active, Not Active, Not Active, Active
2026-10-02T17:43:08+08:00,2026/10/02 17:43:09.002, 1800 MHz, 2130 MHz, 9501 MHz, 1800 MHz, 116.54 W, 420.00 W, 420.00 W, 55, 0 %, 8473 MiB, P2, 0x0000000000000001, Not Active, Not Active, Not Active, Not Active, Active
2026-10-02T17:43:10+08:00,2026/10/02 17:43:10.023, 1800 MHz, 2130 MHz, 9501 MHz, 1800 MHz, 116.24 W, 420.00 W, 420.00 W, 55, 0 %, 8473 MiB, P2, 0x0000000000000001, Not Active, Not Active, Not Active, Not Active, Active
2026-10-02T17:43:11+08:00,2026/10/02 17:43:11.045, 1800 MHz, 2130 MHz, 9501 MHz, 1800 MHz, 116.19 W, 420.00 W, 420.00 W, 55, 0 %, 8473 MiB, P2, 0x0000000000000001, Not Active, Not Active, Not Active, Not Active, Active
2026-10-02T17:43:12+08:00,2026/10/02 17:43:12.066, 1800 MHz, 2130 MHz, 9501 MHz, 1800 MHz, 161.48 W, 420.00 W, 420.00 W, 58, 100 %, 8473 MiB, P2, 0x0000000000000000, Not Active, Not Active, Not Active, Not Active, Not Active
2026-10-02T17:43:13+08:00,2026/10/02 17:43:13.097, 1800 MHz, 2130 MHz, 9501 MHz, 1800 MHz, 246.18 W, 420.00 W, 420.00 W, 59, 100 %, 8473 MiB, P2, 0x0000000000000000, Not Active, Not Active, Not Active, Not Active, Not Active
2026-10-02T17:43:14+08:00,2026/10/02 17:43:14.127, 1800 MHz, 2130 MHz, 9501 MHz, 1800 MHz, 246.66 W, 420.00 W, 420.00 W, 59, 100 %, 8473 MiB, P2, 0x0000000000000000, Not Active, Not Active, Not Active, Not Active, Not Active
2026-10-02T17:43:15+08:00,2026/10/02 17:43:15.158, 1800 MHz, 2130 MHz, 9501 MHz, 1800 MHz, 246.81 W, 420.00 W, 420.00 W, 59, 100 %, 8473 MiB, P2, 0x0000000000000000, Not Active, Not Active, Not Active, Not Active, Not Active
2026-10-02T17:43:16+08:00,2026/10/02 17:43:16.194, 1800 MHz, 2130 MHz, 9501 MHz, 1800 MHz, 246.93 W, 420.00 W, 420.00 W, 60, 100 %, 8473 MiB, P2, 0x0000000000000000, Not Active, Not Active, Not Active, Not Active, Not Active
2026-10-02T17:43:17+08:00,2026/10/02 17:43:17.227, 1800 MHz, 2130 MHz, 9501 MHz, 1800 MHz, 247.11 W, 420.00 W, 420.00 W, 60, 100 %, 8473 MiB, P2, 0x0000000000000000, Not Active, Not Active, Not Active, Not Active, Not Active
2026-10-02T17:43:18+08:00,2026/10/02 17:43:18.261, 1800 MHz, 2130 MHz, 9501 MHz, 1800 MHz, 247.33 W, 420.00 W, 420.00 W, 60, 100 %, 8473 MiB, P2, 0x0000000000000000, Not Active, Not Active, Not Active, Not Active, Not Active
2026-10-02T17:43:19+08:00,2026/10/02 17:43:19.293, 1800 MHz, 2130 MHz, 9501 MHz, 1800 MHz, 247.26 W, 420.00 W, 420.00 W, 60, 100 %, 8473 MiB, P2, 0x0000000000000000, Not Active, Not Active, Not Active, Not Active, Not Active
2026-10-02T17:43:20+08:00,2026/10/02 17:43:20.323, 1800 MHz, 2130 MHz, 9501 MHz, 1800 MHz, 247.27 W, 420.00 W, 420.00 W, 60, 100 %, 8473 MiB, P2, 0x0000000000000000, Not Active, Not Active, Not Active, Not Active, Not Active
2026-10-02T17:43:21+08:00,2026/10/02 17:43:21.353, 1800 MHz, 2130 MHz, 9501 MHz, 1800 MHz, 247.11 W, 420.00 W, 420.00 W, 60, 100 %, 8473 MiB, P2, 0x0000000000000000, Not Active, Not Active, Not Active, Not Active, Not Active
2026-10-02T17:43:22+08:00,2026/10/02 17:43:22.386, 1800 MHz, 2130 MHz, 9501 MHz, 1800 MHz, 163.62 W, 420.00 W, 420.00 W, 58, 0 %, 8473 MiB, P2, 0x0000000000000000, Not Active, Not Active, Not Active, Not Active, Not Active
2026-10-02T17:43:23+08:00,2026/10/02 17:43:23.408, 1800 MHz, 2130 MHz, 9501 MHz, 1800 MHz, 118.18 W, 420.00 W, 420.00 W, 57, 0 %, 8473 MiB, P2, 0x0000000000000000, Not Active, Not Active, Not Active, Not Active, Not Active
2026-10-02T17:43:24+08:00,2026/10/02 17:43:24.429, 1800 MHz, 2130 MHz, 9501 MHz, 1800 MHz, 117.22 W, 420.00 W, 420.00 W, 56, 0 %, 8473 MiB, P2, 0x0000000000000000, Not Active, Not Active, Not Active, Not Active, Not Active
2026-10-02T17:43:25+08:00,2026/10/02 17:43:25.449, 1800 MHz, 2130 MHz, 9501 MHz, 1800 MHz, 117.21 W, 420.00 W, 420.00 W, 56, 0 %, 8473 MiB, P2, 0x0000000000000000, Not Active, Not Active, Not Active, Not Active, Not Active
2026-10-02T17:43:26+08:00,2026/10/02 17:43:26.470, 1800 MHz, 2130 MHz, 9501 MHz, 1800 MHz, 117.10 W, 420.00 W, 420.00 W, 56, 0 %, 8473 MiB, P2, 0x0000000000000000, Not Active, Not Active, Not Active, Not Active, Not Active
2026-10-02T17:43:27+08:00,2026/10/02 17:43:27.492, 1800 MHz, 2130 MHz, 9501 MHz, 1800 MHz, 116.95 W, 420.00 W, 420.00 W, 56, 0 %, 8473 MiB, P2, 0x0000000000000000, Not Active, Not Active, Not Active, Not Active, Not Active
2026-10-02T17:43:28+08:00,2026/10/02 17:43:28.513, 1800 MHz, 2130 MHz, 9501 MHz, 1800 MHz, 117.03 W, 420.00 W, 420.00 W, 56, 0 %, 8473 MiB, P2, 0x0000000000000000, Not Active, Not Active, Not Active, Not Active, Not Active
2026-10-02T17:43:29+08:00,2026/10/02 17:43:29.536, 1800 MHz, 2130 MHz, 9501 MHz, 1800 MHz, 116.91 W, 420.00 W, 420.00 W, 56, 0 %, 8473 MiB, P2, 0x0000000000000000, Not Active, Not Active, Not Active, Not Active, Not Active
2026-10-02T17:43:30+08:00,2026/10/02 17:43:30.560, 1800 MHz, 2130 MHz, 9501 MHz, 1800 MHz, 116.79 W, 420.00 W, 420.00 W, 56, 0 %, 8473 MiB, P2, 0x0000000000000000, Not Active, Not Active, Not Active, Not Active, Not Active
2026-10-02T17:43:31+08:00,2026/10/02 17:43:31.580, 1800 MHz, 2130 MHz, 9501 MHz, 1800 MHz, 116.58 W, 420.00 W, 420.00 W, 56, 0 %, 8473 MiB, P2, 0x0000000000000000, Not Active, Not Active, Not Active, Not Active, Not Active
2026-10-02T17:43:32+08:00,2026/10/02 17:43:32.600, 1800 MHz, 2130 MHz, 9501 MHz, 1800 MHz, 116.67 W, 420.00 W, 420.00 W, 56, 0 %, 8473 MiB, P2, 0x0000000000000000, Not Active, Not Active, Not Active, Not Active, Not Active
2026-10-02T17:43:33+08:00,2026/10/02 17:43:33.620, 1800 MHz, 2130 MHz, 9501 MHz, 1800 MHz, 116.54 W, 420.00 W, 420.00 W, 56, 0 %, 8473 MiB, P2, 0x0000000000000000, Not Active, Not Active, Not Active, Not Active, Not Active
2026-10-02T17:43:34+08:00,2026/10/02 17:43:34.641, 1800 MHz, 2130 MHz, 9501 MHz, 1800 MHz, 116.21 W, 420.00 W, 420.00 W, 56, 0 %, 8473 MiB, P2, 0x0000000000000000, Not Active, Not Active, Not Active, Not Active, Not Active
2026-10-02T17:43:35+08:00,2026/10/02 17:43:35.661, 1800 MHz, 2130 MHz, 9501 MHz, 1800 MHz, 116.11 W, 420.00 W, 420.00 W, 56, 0 %, 8473 MiB, P2, 0x0000000000000000, Not Active, Not Active, Not Active, Not Active, Not Active
2026-10-02T17:43:36+08:00,2026/10/02 17:43:36.685, 1800 MHz, 2130 MHz, 9501 MHz, 1800 MHz, 116.35 W, 420.00 W, 420.00 W, 55, 0 %, 8473 MiB, P2, 0x0000000000000000, Not Active, Not Active, Not Active, Not Active, Not Active
2026-10-02T17:43:37+08:00,2026/10/02 17:43:37.706, 1800 MHz, 2130 MHz, 9501 MHz, 1800 MHz, 116.60 W, 420.00 W, 420.00 W, 55, 0 %, 8473 MiB, P2, 0x0000000000000000, Not Active, Not Active, Not Active, Not Active, Not Active
2026-10-02T17:43:38+08:00,2026/10/02 17:43:38.729, 1800 MHz, 2130 MHz, 9501 MHz, 1800 MHz, 116.41 W, 420.00 W, 420.00 W, 55, 0 %, 8473 MiB, P2, 0x0000000000000001, Not Active, Not Active, Not Active, Not Active, Active
2026-10-02T17:43:39+08:00,2026/10/02 17:43:39.751, 1800 MHz, 2130 MHz, 9501 MHz, 1800 MHz, 116.26 W, 420.00 W, 420.00 W, 55, 0 %, 8473 MiB, P2, 0x0000000000000001, Not Active, Not Active, Not Active, Not Active, Active
2026-10-02T17:43:40+08:00,2026/10/02 17:43:40.770, 1800 MHz, 2130 MHz, 9501 MHz, 1800 MHz, 116.14 W, 420.00 W, 420.00 W, 55, 0 %, 8473 MiB, P2, 0x0000000000000001, Not Active, Not Active, Not Active, Not Active, Active
2026-10-02T17:43:41+08:00,2026/10/02 17:43:41.792, 1800 MHz, 2130 MHz, 9501 MHz, 1800 MHz, 120.37 W, 420.00 W, 420.00 W, 55, 0 %, 8473 MiB, P2, 0x0000000000000001, Not Active, Not Active, Not Active, Not Active, Active
2026-10-02T17:43:42+08:00,2026/10/02 17:43:42.824, 1800 MHz, 2130 MHz, 9501 MHz, 1800 MHz, 246.07 W, 420.00 W, 420.00 W, 59, 100 %, 8473 MiB, P2, 0x0000000000000000, Not Active, Not Active, Not Active, Not Active, Not Active
2026-10-02T17:43:43+08:00,2026/10/02 17:43:43.854, 1800 MHz, 2130 MHz, 9501 MHz, 1800 MHz, 246.36 W, 420.00 W, 420.00 W, 59, 100 %, 8473 MiB, P2, 0x0000000000000000, Not Active, Not Active, Not Active, Not Active, Not Active
2026-10-02T17:43:44+08:00,2026/10/02 17:43:44.885, 1800 MHz, 2130 MHz, 9501 MHz, 1800 MHz, 246.59 W, 420.00 W, 420.00 W, 59, 100 %, 8473 MiB, P2, 0x0000000000000000, Not Active, Not Active, Not Active, Not Active, Not Active
2026-10-02T17:43:45+08:00,2026/10/02 17:43:45.915, 1800 MHz, 2130 MHz, 9501 MHz, 1800 MHz, 246.80 W, 420.00 W, 420.00 W, 59, 100 %, 8473 MiB, P2, 0x0000000000000000, Not Active, Not Active, Not Active, Not Active, Not Active
2026-10-02T17:43:46+08:00,2026/10/02 17:43:46.946, 1800 MHz, 2130 MHz, 9501 MHz, 1800 MHz, 246.55 W, 420.00 W, 420.00 W, 60, 100 %, 8473 MiB, P2, 0x0000000000000000, Not Active, Not Active, Not Active, Not Active, Not Active
2026-10-02T17:43:47+08:00,2026/10/02 17:43:47.978, 1800 MHz, 2130 MHz, 9501 MHz, 1800 MHz, 246.84 W, 420.00 W, 420.00 W, 60, 100 %, 8473 MiB, P2, 0x0000000000000000, Not Active, Not Active, Not Active, Not Active, Not Active
2026-10-02T17:43:48+08:00,2026/10/02 17:43:49.012, 1800 MHz, 2130 MHz, 9501 MHz, 1800 MHz, 246.93 W, 420.00 W, 420.00 W, 60, 100 %, 8473 MiB, P2, 0x0000000000000000, Not Active, Not Active, Not Active, Not Active, Not Active
2026-10-02T17:43:50+08:00,2026/10/02 17:43:50.043, 1800 MHz, 2130 MHz, 9501 MHz, 1800 MHz, 246.91 W, 420.00 W, 420.00 W, 60, 100 %, 8473 MiB, P2, 0x0000000000000000, Not Active, Not Active, Not Active, Not Active, Not Active
2026-10-02T17:43:51+08:00,2026/10/02 17:43:51.074, 1800 MHz, 2130 MHz, 9501 MHz, 1800 MHz, 247.04 W, 420.00 W, 420.00 W, 60, 100 %, 8473 MiB, P2, 0x0000000000000000, Not Active, Not Active, Not Active, Not Active, Not Active
2026-10-02T17:43:52+08:00,2026/10/02 17:43:52.104, 1800 MHz, 2130 MHz, 9501 MHz, 1800 MHz, 226.90 W, 420.00 W, 420.00 W, 60, 100 %, 8473 MiB, P2, 0x0000000000000000, Not Active, Not Active, Not Active, Not Active, Not Active
2026-10-02T17:43:53+08:00,2026/10/02 17:43:53.124, 1800 MHz, 2130 MHz, 9501 MHz, 1800 MHz, 133.12 W, 420.00 W, 420.00 W, 57, 0 %, 8473 MiB, P2, 0x0000000000000000, Not Active, Not Active, Not Active, Not Active, Not Active
2026-10-02T17:43:54+08:00,2026/10/02 17:43:54.145, 1800 MHz, 2130 MHz, 9501 MHz, 1800 MHz, 117.49 W, 420.00 W, 420.00 W, 56, 0 %, 8473 MiB, P2, 0x0000000000000000, Not Active, Not Active, Not Active, Not Active, Not Active
2026-10-02T17:43:55+08:00,2026/10/02 17:43:55.165, 1800 MHz, 2130 MHz, 9501 MHz, 1800 MHz, 117.41 W, 420.00 W, 420.00 W, 56, 0 %, 8473 MiB, P2, 0x0000000000000000, Not Active, Not Active, Not Active, Not Active, Not Active
2026-10-02T17:43:56+08:00,2026/10/02 17:43:56.188, 1800 MHz, 2130 MHz, 9501 MHz, 1800 MHz, 117.42 W, 420.00 W, 420.00 W, 56, 0 %, 8473 MiB, P2, 0x0000000000000000, Not Active, Not Active, Not Active, Not Active, Not Active
2026-10-02T17:43:57+08:00,2026/10/02 17:43:57.212, 1800 MHz, 2130 MHz, 9501 MHz, 1800 MHz, 117.39 W, 420.00 W, 420.00 W, 56, 0 %, 8473 MiB, P2, 0x0000000000000000, Not Active, Not Active, Not Active, Not Active, Not Active
2026-10-02T17:43:58+08:00,2026/10/02 17:43:58.234, 1800 MHz, 2130 MHz, 9501 MHz, 1800 MHz, 117.14 W, 420.00 W, 420.00 W, 56, 0 %, 8473 MiB, P2, 0x0000000000000000, Not Active, Not Active, Not Active, Not Active, Not Active
2026-10-02T17:43:59+08:00,2026/10/02 17:43:59.255, 1800 MHz, 2130 MHz, 9501 MHz, 1800 MHz, 117.14 W, 420.00 W, 420.00 W, 56, 0 %, 8473 MiB, P2, 0x0000000000000000, Not Active, Not Active, Not Active, Not Active, Not Active
2026-10-02T17:44:00+08:00,2026/10/02 17:44:00.276, 1800 MHz, 2130 MHz, 9501 MHz, 1800 MHz, 116.82 W, 420.00 W, 420.00 W, 56, 0 %, 8473 MiB, P2, 0x0000000000000000, Not Active, Not Active, Not Active, Not Active, Not Active
2026-10-02T17:44:01+08:00,2026/10/02 17:44:01.296, 1800 MHz, 2130 MHz, 9501 MHz, 1800 MHz, 116.86 W, 420.00 W, 420.00 W, 56, 0 %, 8473 MiB, P2, 0x0000000000000000, Not Active, Not Active, Not Active, Not Active, Not Active
2026-10-02T17:44:02+08:00,2026/10/02 17:44:02.317, 1800 MHz, 2130 MHz, 9501 MHz, 1800 MHz, 116.85 W, 420.00 W, 420.00 W, 56, 0 %, 8473 MiB, P2, 0x0000000000000000, Not Active, Not Active, Not Active, Not Active, Not Active
2026-10-02T17:44:03+08:00,2026/10/02 17:44:03.338, 1800 MHz, 2130 MHz, 9501 MHz, 1800 MHz, 116.68 W, 420.00 W, 420.00 W, 56, 0 %, 8473 MiB, P2, 0x0000000000000000, Not Active, Not Active, Not Active, Not Active, Not Active
2026-10-02T17:44:04+08:00,2026/10/02 17:44:04.358, 1800 MHz, 2130 MHz, 9501 MHz, 1800 MHz, 116.40 W, 420.00 W, 420.00 W, 56, 0 %, 8473 MiB, P2, 0x0000000000000000, Not Active, Not Active, Not Active, Not Active, Not Active
2026-10-02T17:44:05+08:00,2026/10/02 17:44:05.379, 1800 MHz, 2130 MHz, 9501 MHz, 1800 MHz, 116.30 W, 420.00 W, 420.00 W, 56, 0 %, 8473 MiB, P2, 0x0000000000000000, Not Active, Not Active, Not Active, Not Active, Not Active
2026-10-02T17:44:06+08:00,2026/10/02 17:44:06.399, 1800 MHz, 2130 MHz, 9501 MHz, 1800 MHz, 116.16 W, 420.00 W, 420.00 W, 56, 0 %, 8473 MiB, P2, 0x0000000000000000, Not Active, Not Active, Not Active, Not Active, Not Active
2026-10-02T17:44:07+08:00,2026/10/02 17:44:07.419, 1800 MHz, 2130 MHz, 9501 MHz, 1800 MHz, 116.05 W, 420.00 W, 420.00 W, 56, 0 %, 8473 MiB, P2, 0x0000000000000000, Not Active, Not Active, Not Active, Not Active, Not Active
2026-10-02T17:44:08+08:00,2026/10/02 17:44:08.440, 1800 MHz, 2130 MHz, 9501 MHz, 1800 MHz, 116.06 W, 420.00 W, 420.00 W, 55, 0 %, 8473 MiB, P2, 0x0000000000000001, Not Active, Not Active, Not Active, Not Active, Active
2026-10-02T17:44:09+08:00,2026/10/02 17:44:09.461, 1800 MHz, 2130 MHz, 9501 MHz, 1800 MHz, 116.17 W, 420.00 W, 420.00 W, 55, 0 %, 8473 MiB, P2, 0x0000000000000001, Not Active, Not Active, Not Active, Not Active, Active
2026-10-02T17:44:10+08:00,2026/10/02 17:44:10.481, 1800 MHz, 2130 MHz, 9501 MHz, 1800 MHz, 116.36 W, 420.00 W, 420.00 W, 55, 0 %, 8473 MiB, P2, 0x0000000000000001, Not Active, Not Active, Not Active, Not Active, Active
2026-10-02T17:44:11+08:00,2026/10/02 17:44:11.502, 1800 MHz, 2130 MHz, 9501 MHz, 1800 MHz, 116.42 W, 420.00 W, 420.00 W, 55, 0 %, 8473 MiB, P2, 0x0000000000000001, Not Active, Not Active, Not Active, Not Active, Active
2026-10-02T17:44:12+08:00,2026/10/02 17:44:12.523, 1800 MHz, 2130 MHz, 9501 MHz, 1800 MHz, 155.46 W, 420.00 W, 420.00 W, 58, 100 %, 8473 MiB, P2, 0x0000000000000000, Not Active, Not Active, Not Active, Not Active, Not Active
2026-10-02T17:44:13+08:00,2026/10/02 17:44:13.557, 1800 MHz, 2130 MHz, 9501 MHz, 1800 MHz, 246.29 W, 420.00 W, 420.00 W, 59, 100 %, 8473 MiB, P2, 0x0000000000000000, Not Active, Not Active, Not Active, Not Active, Not Active
2026-10-02T17:44:14+08:00,2026/10/02 17:44:14.588, 1800 MHz, 2130 MHz, 9501 MHz, 1800 MHz, 246.64 W, 420.00 W, 420.00 W, 59, 100 %, 8473 MiB, P2, 0x0000000000000000, Not Active, Not Active, Not Active, Not Active, Not Active
2026-10-02T17:44:15+08:00,2026/10/02 17:44:15.618, 1800 MHz, 2130 MHz, 9501 MHz, 1800 MHz, 246.70 W, 420.00 W, 420.00 W, 59, 100 %, 8473 MiB, P2, 0x0000000000000000, Not Active, Not Active, Not Active, Not Active, Not Active
2026-10-02T17:44:16+08:00,2026/10/02 17:44:16.647, 1800 MHz, 2130 MHz, 9501 MHz, 1800 MHz, 246.95 W, 420.00 W, 420.00 W, 60, 100 %, 8473 MiB, P2, 0x0000000000000000, Not Active, Not Active, Not Active, Not Active, Not Active
2026-10-02T17:44:17+08:00,2026/10/02 17:44:17.678, 1800 MHz, 2130 MHz, 9501 MHz, 1800 MHz, 247.09 W, 420.00 W, 420.00 W, 60, 100 %, 8473 MiB, P2, 0x0000000000000000, Not Active, Not Active, Not Active, Not Active, Not Active
2026-10-02T17:44:18+08:00,2026/10/02 17:44:18.708, 1800 MHz, 2130 MHz, 9501 MHz, 1800 MHz, 247.42 W, 420.00 W, 420.00 W, 60, 100 %, 8473 MiB, P2, 0x0000000000000000, Not Active, Not Active, Not Active, Not Active, Not Active
2026-10-02T17:44:19+08:00,2026/10/02 17:44:19.739, 1800 MHz, 2130 MHz, 9501 MHz, 1800 MHz, 247.14 W, 420.00 W, 420.00 W, 60, 100 %, 8473 MiB, P2, 0x0000000000000000, Not Active, Not Active, Not Active, Not Active, Not Active
2026-10-02T17:44:20+08:00,2026/10/02 17:44:20.776, 1800 MHz, 2130 MHz, 9501 MHz, 1800 MHz, 247.07 W, 420.00 W, 420.00 W, 60, 100 %, 8473 MiB, P2, 0x0000000000000000, Not Active, Not Active, Not Active, Not Active, Not Active
2026-10-02T17:44:21+08:00,2026/10/02 17:44:21.808, 1800 MHz, 2130 MHz, 9501 MHz, 1800 MHz, 247.23 W, 420.00 W, 420.00 W, 60, 100 %, 8473 MiB, P2, 0x0000000000000000, Not Active, Not Active, Not Active, Not Active, Not Active
2026-10-02T17:44:22+08:00,2026/10/02 17:44:22.837, 1800 MHz, 2130 MHz, 9501 MHz, 1800 MHz, 173.53 W, 420.00 W, 420.00 W, 58, 0 %, 8473 MiB, P2, 0x0000000000000000, Not Active, Not Active, Not Active, Not Active, Not Active
2026-10-02T17:44:23+08:00,2026/10/02 17:44:23.860, 1800 MHz, 2130 MHz, 9501 MHz, 1800 MHz, 138.50 W, 420.00 W, 420.00 W, 57, 0 %, 8473 MiB, P2, 0x0000000000000000, Not Active, Not Active, Not Active, Not Active, Not Active
2026-10-02T17:44:24+08:00,2026/10/02 17:44:24.884, 1800 MHz, 2130 MHz, 9501 MHz, 1800 MHz, 117.89 W, 420.00 W, 420.00 W, 56, 0 %, 8473 MiB, P2, 0x0000000000000000, Not Active, Not Active, Not Active, Not Active, Not Active
2026-10-02T17:44:25+08:00,2026/10/02 17:44:25.905, 1800 MHz, 2130 MHz, 9501 MHz, 1800 MHz, 117.60 W, 420.00 W, 420.00 W, 56, 0 %, 8473 MiB, P2, 0x0000000000000000, Not Active, Not Active, Not Active, Not Active, Not Active
2026-10-02T17:44:26+08:00,2026/10/02 17:44:26.925, 1800 MHz, 2130 MHz, 9501 MHz, 1800 MHz, 116.71 W, 420.00 W, 420.00 W, 56, 0 %, 8473 MiB, P2, 0x0000000000000000, Not Active, Not Active, Not Active, Not Active, Not Active
2026-10-02T17:44:27+08:00,2026/10/02 17:44:27.945, 1800 MHz, 2130 MHz, 9501 MHz, 1800 MHz, 116.50 W, 420.00 W, 420.00 W, 56, 0 %, 8473 MiB, P2, 0x0000000000000000, Not Active, Not Active, Not Active, Not Active, Not Active
2026-10-02T17:44:28+08:00,2026/10/02 17:44:28.969, 1800 MHz, 2130 MHz, 9501 MHz, 1800 MHz, 116.26 W, 420.00 W, 420.00 W, 56, 0 %, 8473 MiB, P2, 0x0000000000000000, Not Active, Not Active, Not Active, Not Active, Not Active
2026-10-02T17:44:29+08:00,2026/10/02 17:44:29.990, 1800 MHz, 2130 MHz, 9501 MHz, 1800 MHz, 116.29 W, 420.00 W, 420.00 W, 56, 0 %, 8473 MiB, P2, 0x0000000000000000, Not Active, Not Active, Not Active, Not Active, Not Active
2026-10-02T17:44:31+08:00,2026/10/02 17:44:31.012, 1800 MHz, 2130 MHz, 9501 MHz, 1800 MHz, 116.31 W, 420.00 W, 420.00 W, 56, 0 %, 8473 MiB, P2, 0x0000000000000000, Not Active, Not Active, Not Active, Not Active, Not Active
2026-10-02T17:44:32+08:00,2026/10/02 17:44:32.033, 1800 MHz, 2130 MHz, 9501 MHz, 1800 MHz, 116.36 W, 420.00 W, 420.00 W, 56, 0 %, 8473 MiB, P2, 0x0000000000000000, Not Active, Not Active, Not Active, Not Active, Not Active
2026-10-02T17:44:33+08:00,2026/10/02 17:44:33.057, 1800 MHz, 2130 MHz, 9501 MHz, 1800 MHz, 116.52 W, 420.00 W, 420.00 W, 56, 0 %, 8473 MiB, P2, 0x0000000000000000, Not Active, Not Active, Not Active, Not Active, Not Active
2026-10-02T17:44:34+08:00,2026/10/02 17:44:34.078, 1800 MHz, 2130 MHz, 9501 MHz, 1800 MHz, 116.40 W, 420.00 W, 420.00 W, 56, 0 %, 8473 MiB, P2, 0x0000000000000000, Not Active, Not Active, Not Active, Not Active, Not Active
2026-10-02T17:44:35+08:00,2026/10/02 17:44:35.099, 1800 MHz, 2130 MHz, 9501 MHz, 1800 MHz, 116.58 W, 420.00 W, 420.00 W, 56, 0 %, 8473 MiB, P2, 0x0000000000000000, Not Active, Not Active, Not Active, Not Active, Not Active
2026-10-02T17:44:36+08:00,2026/10/02 17:44:36.119, 1800 MHz, 2130 MHz, 9501 MHz, 1800 MHz, 116.33 W, 420.00 W, 420.00 W, 56, 0 %, 8473 MiB, P2, 0x0000000000000000, Not Active, Not Active, Not Active, Not Active, Not Active
2026-10-02T17:44:37+08:00,2026/10/02 17:44:37.139, 1800 MHz, 2130 MHz, 9501 MHz, 1800 MHz, 116.45 W, 420.00 W, 420.00 W, 56, 0 %, 8473 MiB, P2, 0x0000000000000000, Not Active, Not Active, Not Active, Not Active, Not Active
2026-10-02T17:44:38+08:00,2026/10/02 17:44:38.159, 1800 MHz, 2130 MHz, 9501 MHz, 1800 MHz, 116.66 W, 420.00 W, 420.00 W, 55, 0 %, 8473 MiB, P2, 0x0000000000000000, Not Active, Not Active, Not Active, Not Active, Not Active
2026-10-02T17:44:39+08:00,2026/10/02 17:44:39.179, 1800 MHz, 2130 MHz, 9501 MHz, 1800 MHz, 116.63 W, 420.00 W, 420.00 W, 55, 0 %, 8473 MiB, P2, 0x0000000000000001, Not Active, Not Active, Not Active, Not Active, Active
2026-10-02T17:44:40+08:00,2026/10/02 17:44:40.201, 1800 MHz, 2130 MHz, 9501 MHz, 1800 MHz, 116.42 W, 420.00 W, 420.00 W, 55, 0 %, 8473 MiB, P2, 0x0000000000000001, Not Active, Not Active, Not Active, Not Active, Active
2026-10-02T17:44:41+08:00,2026/10/02 17:44:41.221, 1800 MHz, 2130 MHz, 9501 MHz, 1800 MHz, 116.35 W, 420.00 W, 420.00 W, 55, 0 %, 8473 MiB, P2, 0x0000000000000001, Not Active, Not Active, Not Active, Not Active, Active
2026-10-02T17:44:42+08:00,2026/10/02 17:44:42.245, 1800 MHz, 2130 MHz, 9501 MHz, 1800 MHz, 124.82 W, 420.00 W, 420.00 W, 55, 0 %, 8473 MiB, P2, 0x0000000000000001, Not Active, Not Active, Not Active, Not Active, Active
2026-10-02T17:44:43+08:00,2026/10/02 17:44:43.279, 1800 MHz, 2130 MHz, 9501 MHz, 1800 MHz, 245.93 W, 420.00 W, 420.00 W, 59, 100 %, 8473 MiB, P2, 0x0000000000000000, Not Active, Not Active, Not Active, Not Active, Not Active
2026-10-02T17:44:44+08:00,2026/10/02 17:44:44.309, 1800 MHz, 2130 MHz, 9501 MHz, 1800 MHz, 246.39 W, 420.00 W, 420.00 W, 59, 100 %, 8473 MiB, P2, 0x0000000000000000, Not Active, Not Active, Not Active, Not Active, Not Active
2026-10-02T17:44:45+08:00,2026/10/02 17:44:45.340, 1800 MHz, 2130 MHz, 9501 MHz, 1800 MHz, 246.67 W, 420.00 W, 420.00 W, 59, 100 %, 8473 MiB, P2, 0x0000000000000000, Not Active, Not Active, Not Active, Not Active, Not Active
2026-10-02T17:44:46+08:00,2026/10/02 17:44:46.371, 1800 MHz, 2130 MHz, 9501 MHz, 1800 MHz, 246.95 W, 420.00 W, 420.00 W, 59, 100 %, 8473 MiB, P2, 0x0000000000000000, Not Active, Not Active, Not Active, Not Active, Not Active
2026-10-02T17:44:47+08:00,2026/10/02 17:44:47.403, 1800 MHz, 2130 MHz, 9501 MHz, 1800 MHz, 246.84 W, 420.00 W, 420.00 W, 60, 100 %, 8473 MiB, P2, 0x0000000000000000, Not Active, Not Active, Not Active, Not Active, Not Active
2026-10-02T17:44:48+08:00,2026/10/02 17:44:48.436, 1800 MHz, 2130 MHz, 9501 MHz, 1800 MHz, 246.99 W, 420.00 W, 420.00 W, 60, 100 %, 8473 MiB, P2, 0x0000000000000000, Not Active, Not Active, Not Active, Not Active, Not Active
2026-10-02T17:44:49+08:00,2026/10/02 17:44:49.470, 1800 MHz, 2130 MHz, 9501 MHz, 1800 MHz, 246.79 W, 420.00 W, 420.00 W, 60, 100 %, 8473 MiB, P2, 0x0000000000000000, Not Active, Not Active, Not Active, Not Active, Not Active
2026-10-02T17:44:50+08:00,2026/10/02 17:44:50.505, 1800 MHz, 2130 MHz, 9501 MHz, 1800 MHz, 246.77 W, 420.00 W, 420.00 W, 60, 100 %, 8473 MiB, P2, 0x0000000000000000, Not Active, Not Active, Not Active, Not Active, Not Active
2026-10-02T17:44:51+08:00,2026/10/02 17:44:51.536, 1800 MHz, 2130 MHz, 9501 MHz, 1800 MHz, 247.24 W, 420.00 W, 420.00 W, 60, 100 %, 8473 MiB, P2, 0x0000000000000000, Not Active, Not Active, Not Active, Not Active, Not Active
2026-10-02T17:44:52+08:00,2026/10/02 17:44:52.566, 1800 MHz, 2130 MHz, 9501 MHz, 1800 MHz, 225.05 W, 420.00 W, 420.00 W, 60, 5 %, 8473 MiB, P2, 0x0000000000000000, Not Active, Not Active, Not Active, Not Active, Not Active
2026-10-02T17:44:53+08:00,2026/10/02 17:44:53.585, 1800 MHz, 2130 MHz, 9501 MHz, 1800 MHz, 131.14 W, 420.00 W, 420.00 W, 57, 0 %, 8473 MiB, P2, 0x0000000000000000, Not Active, Not Active, Not Active, Not Active, Not Active
2026-10-02T17:44:54+08:00,2026/10/02 17:44:54.606, 1800 MHz, 2130 MHz, 9501 MHz, 1800 MHz, 117.48 W, 420.00 W, 420.00 W, 56, 0 %, 8473 MiB, P2, 0x0000000000000000, Not Active, Not Active, Not Active, Not Active, Not Active
2026-10-02T17:44:55+08:00,2026/10/02 17:44:55.626, 1800 MHz, 2130 MHz, 9501 MHz, 1800 MHz, 117.11 W, 420.00 W, 420.00 W, 56, 0 %, 8473 MiB, P2, 0x0000000000000000, Not Active, Not Active, Not Active, Not Active, Not Active
2026-10-02T17:44:56+08:00,2026/10/02 17:44:56.646, 1800 MHz, 2130 MHz, 9501 MHz, 1800 MHz, 117.07 W, 420.00 W, 420.00 W, 56, 0 %, 8473 MiB, P2, 0x0000000000000000, Not Active, Not Active, Not Active, Not Active, Not Active
2026-10-02T17:44:57+08:00,2026/10/02 17:44:57.667, 1800 MHz, 2130 MHz, 9501 MHz, 1800 MHz, 116.95 W, 420.00 W, 420.00 W, 56, 0 %, 8473 MiB, P2, 0x0000000000000000, Not Active, Not Active, Not Active, Not Active, Not Active
2026-10-02T17:44:58+08:00,2026/10/02 17:44:58.687, 1800 MHz, 2130 MHz, 9501 MHz, 1800 MHz, 117.01 W, 420.00 W, 420.00 W, 56, 0 %, 8473 MiB, P2, 0x0000000000000000, Not Active, Not Active, Not Active, Not Active, Not Active
2026-10-02T17:44:59+08:00,2026/10/02 17:44:59.707, 1800 MHz, 2130 MHz, 9501 MHz, 1800 MHz, 117.07 W, 420.00 W, 420.00 W, 56, 0 %, 8473 MiB, P2, 0x0000000000000000, Not Active, Not Active, Not Active, Not Active, Not Active
2026-10-02T17:45:00+08:00,2026/10/02 17:45:00.728, 1800 MHz, 2130 MHz, 9501 MHz, 1800 MHz, 117.08 W, 420.00 W, 420.00 W, 56, 0 %, 8473 MiB, P2, 0x0000000000000000, Not Active, Not Active, Not Active, Not Active, Not Active
2026-10-02T17:45:01+08:00,2026/10/02 17:45:01.747, 1800 MHz, 2130 MHz, 9501 MHz, 1800 MHz, 116.96 W, 420.00 W, 420.00 W, 56, 0 %, 8473 MiB, P2, 0x0000000000000000, Not Active, Not Active, Not Active, Not Active, Not Active
2026-10-02T17:45:02+08:00,2026/10/02 17:45:02.770, 1800 MHz, 2130 MHz, 9501 MHz, 1800 MHz, 116.34 W, 420.00 W, 420.00 W, 56, 0 %, 8473 MiB, P2, 0x0000000000000000, Not Active, Not Active, Not Active, Not Active, Not Active
2026-10-02T17:45:03+08:00,2026/10/02 17:45:03.793, 1800 MHz, 2130 MHz, 9501 MHz, 1800 MHz, 116.53 W, 420.00 W, 420.00 W, 56, 0 %, 8473 MiB, P2, 0x0000000000000000, Not Active, Not Active, Not Active, Not Active, Not Active
2026-10-02T17:45:04+08:00,2026/10/02 17:45:04.814, 1800 MHz, 2130 MHz, 9501 MHz, 1800 MHz, 116.64 W, 420.00 W, 420.00 W, 56, 0 %, 8473 MiB, P2, 0x0000000000000000, Not Active, Not Active, Not Active, Not Active, Not Active
2026-10-02T17:45:05+08:00,2026/10/02 17:45:05.834, 1800 MHz, 2130 MHz, 9501 MHz, 1800 MHz, 116.68 W, 420.00 W, 420.00 W, 56, 0 %, 8473 MiB, P2, 0x0000000000000000, Not Active, Not Active, Not Active, Not Active, Not Active
2026-10-02T17:45:06+08:00,2026/10/02 17:45:06.853, 1800 MHz, 2130 MHz, 9501 MHz, 1800 MHz, 116.59 W, 420.00 W, 420.00 W, 56, 0 %, 8473 MiB, P2, 0x0000000000000000, Not Active, Not Active, Not Active, Not Active, Not Active
2026-10-02T17:45:07+08:00,2026/10/02 17:45:07.873, 1800 MHz, 2130 MHz, 9501 MHz, 1800 MHz, 116.64 W, 420.00 W, 420.00 W, 56, 0 %, 8473 MiB, P2, 0x0000000000000000, Not Active, Not Active, Not Active, Not Active, Not Active
2026-10-02T17:45:08+08:00,2026/10/02 17:45:08.893, 1800 MHz, 2130 MHz, 9501 MHz, 1800 MHz, 116.74 W, 420.00 W, 420.00 W, 56, 0 %, 8473 MiB, P2, 0x0000000000000000, Not Active, Not Active, Not Active, Not Active, Not Active
2026-10-02T17:45:09+08:00,2026/10/02 17:45:09.913, 1800 MHz, 2130 MHz, 9501 MHz, 1800 MHz, 116.41 W, 420.00 W, 420.00 W, 55, 0 %, 8473 MiB, P2, 0x0000000000000001, Not Active, Not Active, Not Active, Not Active, Active
2026-10-02T17:45:10+08:00,2026/10/02 17:45:10.933, 1800 MHz, 2130 MHz, 9501 MHz, 1800 MHz, 116.35 W, 420.00 W, 420.00 W, 55, 0 %, 8473 MiB, P2, 0x0000000000000001, Not Active, Not Active, Not Active, Not Active, Active
2026-10-02T17:45:11+08:00,2026/10/02 17:45:11.954, 1800 MHz, 2130 MHz, 9501 MHz, 1800 MHz, 116.24 W, 420.00 W, 420.00 W, 55, 0 %, 8473 MiB, P2, 0x0000000000000001, Not Active, Not Active, Not Active, Not Active, Active
2026-10-02T17:45:12+08:00,2026/10/02 17:45:12.977, 1800 MHz, 2130 MHz, 9501 MHz, 1800 MHz, 157.11 W, 420.00 W, 420.00 W, 58, 100 %, 8473 MiB, P2, 0x0000000000000000, Not Active, Not Active, Not Active, Not Active, Not Active
2026-10-02T17:45:13+08:00,2026/10/02 17:45:14.008, 1800 MHz, 2130 MHz, 9501 MHz, 1800 MHz, 246.29 W, 420.00 W, 420.00 W, 59, 100 %, 8473 MiB, P2, 0x0000000000000000, Not Active, Not Active, Not Active, Not Active, Not Active
2026-10-02T17:45:15+08:00,2026/10/02 17:45:15.041, 1800 MHz, 2130 MHz, 9501 MHz, 1800 MHz, 246.58 W, 420.00 W, 420.00 W, 59, 100 %, 8473 MiB, P2, 0x0000000000000000, Not Active, Not Active, Not Active, Not Active, Not Active
2026-10-02T17:45:16+08:00,2026/10/02 17:45:16.073, 1800 MHz, 2130 MHz, 9501 MHz, 1800 MHz, 246.73 W, 420.00 W, 420.00 W, 59, 100 %, 8473 MiB, P2, 0x0000000000000000, Not Active, Not Active, Not Active, Not Active, Not Active
2026-10-02T17:45:17+08:00,2026/10/02 17:45:17.107, 1800 MHz, 2130 MHz, 9501 MHz, 1800 MHz, 246.90 W, 420.00 W, 420.00 W, 60, 100 %, 8473 MiB, P2, 0x0000000000000000, Not Active, Not Active, Not Active, Not Active, Not Active
2026-10-02T17:45:18+08:00,2026/10/02 17:45:18.137, 1800 MHz, 2130 MHz, 9501 MHz, 1800 MHz, 246.81 W, 420.00 W, 420.00 W, 60, 100 %, 8473 MiB, P2, 0x0000000000000000, Not Active, Not Active, Not Active, Not Active, Not Active
2026-10-02T17:45:19+08:00,2026/10/02 17:45:19.171, 1800 MHz, 2130 MHz, 9501 MHz, 1800 MHz, 246.79 W, 420.00 W, 420.00 W, 60, 100 %, 8473 MiB, P2, 0x0000000000000000, Not Active, Not Active, Not Active, Not Active, Not Active
2026-10-02T17:45:20+08:00,2026/10/02 17:45:20.202, 1800 MHz, 2130 MHz, 9501 MHz, 1800 MHz, 246.82 W, 420.00 W, 420.00 W, 60, 100 %, 8473 MiB, P2, 0x0000000000000000, Not Active, Not Active, Not Active, Not Active, Not Active
2026-10-02T17:45:21+08:00,2026/10/02 17:45:21.233, 1800 MHz, 2130 MHz, 9501 MHz, 1800 MHz, 246.89 W, 420.00 W, 420.00 W, 60, 100 %, 8473 MiB, P2, 0x0000000000000000, Not Active, Not Active, Not Active, Not Active, Not Active
2026-10-02T17:45:22+08:00,2026/10/02 17:45:22.264, 1800 MHz, 2130 MHz, 9501 MHz, 1800 MHz, 246.91 W, 420.00 W, 420.00 W, 60, 100 %, 8473 MiB, P2, 0x0000000000000000, Not Active, Not Active, Not Active, Not Active, Not Active
2026-10-02T17:45:23+08:00,2026/10/02 17:45:23.294, 1800 MHz, 2130 MHz, 9501 MHz, 1800 MHz, 170.60 W, 420.00 W, 420.00 W, 58, 0 %, 8473 MiB, P2, 0x0000000000000000, Not Active, Not Active, Not Active, Not Active, Not Active
2026-10-02T17:45:24+08:00,2026/10/02 17:45:24.317, 1800 MHz, 2130 MHz, 9501 MHz, 1800 MHz, 117.34 W, 420.00 W, 420.00 W, 57, 0 %, 8473 MiB, P2, 0x0000000000000000, Not Active, Not Active, Not Active, Not Active, Not Active
2026-10-02T17:45:25+08:00,2026/10/02 17:45:25.341, 1800 MHz, 2130 MHz, 9501 MHz, 1800 MHz, 117.44 W, 420.00 W, 420.00 W, 56, 0 %, 8473 MiB, P2, 0x0000000000000000, Not Active, Not Active, Not Active, Not Active, Not Active
2026-10-02T17:45:26+08:00,2026/10/02 17:45:26.361, 1800 MHz, 2130 MHz, 9501 MHz, 1800 MHz, 117.31 W, 420.00 W, 420.00 W, 56, 0 %, 8473 MiB, P2, 0x0000000000000000, Not Active, Not Active, Not Active, Not Active, Not Active
2026-10-02T17:45:27+08:00,2026/10/02 17:45:27.381, 1800 MHz, 2130 MHz, 9501 MHz, 1800 MHz, 117.06 W, 420.00 W, 420.00 W, 56, 0 %, 8473 MiB, P2, 0x0000000000000000, Not Active, Not Active, Not Active, Not Active, Not Active
2026-10-02T17:45:28+08:00,2026/10/02 17:45:28.401, 1800 MHz, 2130 MHz, 9501 MHz, 1800 MHz, 116.78 W, 420.00 W, 420.00 W, 56, 0 %, 8473 MiB, P2, 0x0000000000000000, Not Active, Not Active, Not Active, Not Active, Not Active
2026-10-02T17:45:29+08:00,2026/10/02 17:45:29.421, 1800 MHz, 2130 MHz, 9501 MHz, 1800 MHz, 116.66 W, 420.00 W, 420.00 W, 56, 0 %, 8473 MiB, P2, 0x0000000000000000, Not Active, Not Active, Not Active, Not Active, Not Active
2026-10-02T17:45:30+08:00,2026/10/02 17:45:30.441, 1800 MHz, 2130 MHz, 9501 MHz, 1800 MHz, 116.63 W, 420.00 W, 420.00 W, 56, 0 %, 8473 MiB, P2, 0x0000000000000000, Not Active, Not Active, Not Active, Not Active, Not Active
2026-10-02T17:45:31+08:00,2026/10/02 17:45:31.465, 1800 MHz, 2130 MHz, 9501 MHz, 1800 MHz, 116.77 W, 420.00 W, 420.00 W, 56, 0 %, 8473 MiB, P2, 0x0000000000000000, Not Active, Not Active, Not Active, Not Active, Not Active
2026-10-02T17:45:32+08:00,2026/10/02 17:45:32.486, 1800 MHz, 2130 MHz, 9501 MHz, 1800 MHz, 116.83 W, 420.00 W, 420.00 W, 56, 0 %, 8473 MiB, P2, 0x0000000000000000, Not Active, Not Active, Not Active, Not Active, Not Active
2026-10-02T17:45:33+08:00,2026/10/02 17:45:33.506, 1800 MHz, 2130 MHz, 9501 MHz, 1800 MHz, 116.11 W, 420.00 W, 420.00 W, 56, 0 %, 8473 MiB, P2, 0x0000000000000000, Not Active, Not Active, Not Active, Not Active, Not Active
2026-10-02T17:45:34+08:00,2026/10/02 17:45:34.526, 1800 MHz, 2130 MHz, 9501 MHz, 1800 MHz, 116.17 W, 420.00 W, 420.00 W, 56, 0 %, 8473 MiB, P2, 0x0000000000000000, Not Active, Not Active, Not Active, Not Active, Not Active
2026-10-02T17:45:35+08:00,2026/10/02 17:45:35.546, 1800 MHz, 2130 MHz, 9501 MHz, 1800 MHz, 116.12 W, 420.00 W, 420.00 W, 56, 0 %, 8473 MiB, P2, 0x0000000000000000, Not Active, Not Active, Not Active, Not Active, Not Active
2026-10-02T17:45:36+08:00,2026/10/02 17:45:36.566, 1800 MHz, 2130 MHz, 9501 MHz, 1800 MHz, 116.09 W, 420.00 W, 420.00 W, 56, 0 %, 8473 MiB, P2, 0x0000000000000000, Not Active, Not Active, Not Active, Not Active, Not Active
2026-10-02T17:45:37+08:00,2026/10/02 17:45:37.586, 1800 MHz, 2130 MHz, 9501 MHz, 1800 MHz, 116.20 W, 420.00 W, 420.00 W, 56, 0 %, 8473 MiB, P2, 0x0000000000000000, Not Active, Not Active, Not Active, Not Active, Not Active
2026-10-02T17:45:38+08:00,2026/10/02 17:45:38.606, 1800 MHz, 2130 MHz, 9501 MHz, 1800 MHz, 116.56 W, 420.00 W, 420.00 W, 55, 0 %, 8473 MiB, P2, 0x0000000000000000, Not Active, Not Active, Not Active, Not Active, Not Active
2026-10-02T17:45:39+08:00,2026/10/02 17:45:39.627, 1800 MHz, 2130 MHz, 9501 MHz, 1800 MHz, 116.79 W, 420.00 W, 420.00 W, 56, 0 %, 8473 MiB, P2, 0x0000000000000001, Not Active, Not Active, Not Active, Not Active, Active
2026-10-02T17:45:40+08:00,2026/10/02 17:45:40.647, 1800 MHz, 2130 MHz, 9501 MHz, 1800 MHz, 116.50 W, 420.00 W, 420.00 W, 55, 0 %, 8473 MiB, P2, 0x0000000000000001, Not Active, Not Active, Not Active, Not Active, Active
2026-10-02T17:45:41+08:00,2026/10/02 17:45:41.668, 1800 MHz, 2130 MHz, 9501 MHz, 1800 MHz, 116.45 W, 420.00 W, 420.00 W, 55, 0 %, 8473 MiB, P2, 0x0000000000000001, Not Active, Not Active, Not Active, Not Active, Active
2026-10-02T17:45:42+08:00,2026/10/02 17:45:42.689, 1800 MHz, 2130 MHz, 9501 MHz, 1800 MHz, 116.96 W, 420.00 W, 420.00 W, 55, 0 %, 8473 MiB, P2, 0x0000000000000001, Not Active, Not Active, Not Active, Not Active, Active
2026-10-02T17:45:43+08:00,2026/10/02 17:45:43.719, 1800 MHz, 2130 MHz, 9501 MHz, 1800 MHz, 245.96 W, 420.00 W, 420.00 W, 59, 100 %, 8473 MiB, P2, 0x0000000000000000, Not Active, Not Active, Not Active, Not Active, Not Active
2026-10-02T17:45:44+08:00,2026/10/02 17:45:44.750, 1800 MHz, 2130 MHz, 9501 MHz, 1800 MHz, 246.74 W, 420.00 W, 420.00 W, 59, 100 %, 8473 MiB, P2, 0x0000000000000000, Not Active, Not Active, Not Active, Not Active, Not Active
2026-10-02T17:45:45+08:00,2026/10/02 17:45:45.780, 1800 MHz, 2130 MHz, 9501 MHz, 1800 MHz, 246.47 W, 420.00 W, 420.00 W, 59, 100 %, 8473 MiB, P2, 0x0000000000000000, Not Active, Not Active, Not Active, Not Active, Not Active
2026-10-02T17:45:46+08:00,2026/10/02 17:45:46.811, 1800 MHz, 2130 MHz, 9501 MHz, 1800 MHz, 246.83 W, 420.00 W, 420.00 W, 60, 100 %, 8473 MiB, P2, 0x0000000000000000, Not Active, Not Active, Not Active, Not Active, Not Active
2026-10-02T17:45:47+08:00,2026/10/02 17:45:47.846, 1800 MHz, 2130 MHz, 9501 MHz, 1800 MHz, 247.07 W, 420.00 W, 420.00 W, 60, 100 %, 8473 MiB, P2, 0x0000000000000000, Not Active, Not Active, Not Active, Not Active, Not Active
2026-10-02T17:45:48+08:00,2026/10/02 17:45:48.878, 1800 MHz, 2130 MHz, 9501 MHz, 1800 MHz, 247.09 W, 420.00 W, 420.00 W, 60, 100 %, 8473 MiB, P2, 0x0000000000000000, Not Active, Not Active, Not Active, Not Active, Not Active
2026-10-02T17:45:49+08:00,2026/10/02 17:45:49.909, 1800 MHz, 2130 MHz, 9501 MHz, 1800 MHz, 246.99 W, 420.00 W, 420.00 W, 60, 100 %, 8473 MiB, P2, 0x0000000000000000, Not Active, Not Active, Not Active, Not Active, Not Active
2026-10-02T17:45:50+08:00,2026/10/02 17:45:50.943, 1800 MHz, 2130 MHz, 9501 MHz, 1800 MHz, 246.92 W, 420.00 W, 420.00 W, 60, 100 %, 8473 MiB, P2, 0x0000000000000000, Not Active, Not Active, Not Active, Not Active, Not Active
2026-10-02T17:45:51+08:00,2026/10/02 17:45:51.975, 1800 MHz, 2130 MHz, 9501 MHz, 1800 MHz, 246.91 W, 420.00 W, 420.00 W, 60, 100 %, 8473 MiB, P2, 0x0000000000000000, Not Active, Not Active, Not Active, Not Active, Not Active
2026-10-02T17:45:52+08:00,2026/10/02 17:45:53.007, 1800 MHz, 2130 MHz, 9501 MHz, 1800 MHz, 233.94 W, 420.00 W, 420.00 W, 58, 0 %, 8473 MiB, P2, 0x0000000000000000, Not Active, Not Active, Not Active, Not Active, Not Active
2026-10-02T17:45:54+08:00,2026/10/02 17:45:54.028, 1800 MHz, 2130 MHz, 9501 MHz, 1800 MHz, 140.16 W, 420.00 W, 420.00 W, 57, 0 %, 8473 MiB, P2, 0x0000000000000000, Not Active, Not Active, Not Active, Not Active, Not Active
2026-10-02T17:45:55+08:00,2026/10/02 17:45:55.050, 1800 MHz, 2130 MHz, 9501 MHz, 1800 MHz, 117.17 W, 420.00 W, 420.00 W, 56, 0 %, 8473 MiB, P2, 0x0000000000000000, Not Active, Not Active, Not Active, Not Active, Not Active
2026-10-02T17:45:56+08:00,2026/10/02 17:45:56.073, 1800 MHz, 2130 MHz, 9501 MHz, 1800 MHz, 117.06 W, 420.00 W, 420.00 W, 56, 0 %, 8473 MiB, P2, 0x0000000000000000, Not Active, Not Active, Not Active, Not Active, Not Active
2026-10-02T17:45:57+08:00,2026/10/02 17:45:57.093, 1800 MHz, 2130 MHz, 9501 MHz, 1800 MHz, 116.94 W, 420.00 W, 420.00 W, 56, 0 %, 8473 MiB, P2, 0x0000000000000000, Not Active, Not Active, Not Active, Not Active, Not Active
2026-10-02T17:45:58+08:00,2026/10/02 17:45:58.113, 1800 MHz, 2130 MHz, 9501 MHz, 1800 MHz, 116.71 W, 420.00 W, 420.00 W, 56, 0 %, 8473 MiB, P2, 0x0000000000000000, Not Active, Not Active, Not Active, Not Active, Not Active
2026-10-02T17:45:59+08:00,2026/10/02 17:45:59.138, 1800 MHz, 2130 MHz, 9501 MHz, 1800 MHz, 116.57 W, 420.00 W, 420.00 W, 56, 0 %, 8473 MiB, P2, 0x0000000000000000, Not Active, Not Active, Not Active, Not Active, Not Active
2026-10-02T17:46:00+08:00,2026/10/02 17:46:00.161, 1800 MHz, 2130 MHz, 9501 MHz, 1800 MHz, 116.62 W, 420.00 W, 420.00 W, 56, 0 %, 8473 MiB, P2, 0x0000000000000000, Not Active, Not Active, Not Active, Not Active, Not Active
2026-10-02T17:46:01+08:00,2026/10/02 17:46:01.181, 1800 MHz, 2130 MHz, 9501 MHz, 1800 MHz, 116.69 W, 420.00 W, 420.00 W, 56, 0 %, 8473 MiB, P2, 0x0000000000000000, Not Active, Not Active, Not Active, Not Active, Not Active
2026-10-02T17:46:02+08:00,2026/10/02 17:46:02.202, 1800 MHz, 2130 MHz, 9501 MHz, 1800 MHz, 116.73 W, 420.00 W, 420.00 W, 56, 0 %, 8473 MiB, P2, 0x0000000000000000, Not Active, Not Active, Not Active, Not Active, Not Active
2026-10-02T17:46:03+08:00,2026/10/02 17:46:03.224, 1800 MHz, 2130 MHz, 9501 MHz, 1800 MHz, 116.70 W, 420.00 W, 420.00 W, 56, 0 %, 8473 MiB, P2, 0x0000000000000000, Not Active, Not Active, Not Active, Not Active, Not Active
2026-10-02T17:46:04+08:00,2026/10/02 17:46:04.247, 1800 MHz, 2130 MHz, 9501 MHz, 1800 MHz, 116.81 W, 420.00 W, 420.00 W, 56, 0 %, 8473 MiB, P2, 0x0000000000000000, Not Active, Not Active, Not Active, Not Active, Not Active
2026-10-02T17:46:05+08:00,2026/10/02 17:46:05.268, 1800 MHz, 2130 MHz, 9501 MHz, 1800 MHz, 116.89 W, 420.00 W, 420.00 W, 56, 0 %, 8473 MiB, P2, 0x0000000000000000, Not Active, Not Active, Not Active, Not Active, Not Active
2026-10-02T17:46:06+08:00,2026/10/02 17:46:06.289, 1800 MHz, 2130 MHz, 9501 MHz, 1800 MHz, 116.86 W, 420.00 W, 420.00 W, 56, 0 %, 8473 MiB, P2, 0x0000000000000000, Not Active, Not Active, Not Active, Not Active, Not Active
2026-10-02T17:46:07+08:00,2026/10/02 17:46:07.309, 1800 MHz, 2130 MHz, 9501 MHz, 1800 MHz, 116.57 W, 420.00 W, 420.00 W, 56, 0 %, 8473 MiB, P2, 0x0000000000000000, Not Active, Not Active, Not Active, Not Active, Not Active
2026-10-02T17:46:08+08:00,2026/10/02 17:46:08.332, 1800 MHz, 2130 MHz, 9501 MHz, 1800 MHz, 116.67 W, 420.00 W, 420.00 W, 56, 0 %, 8473 MiB, P2, 0x0000000000000000, Not Active, Not Active, Not Active, Not Active, Not Active
2026-10-02T17:46:09+08:00,2026/10/02 17:46:09.353, 1800 MHz, 2130 MHz, 9501 MHz, 1800 MHz, 116.07 W, 420.00 W, 420.00 W, 56, 0 %, 8473 MiB, P2, 0x0000000000000001, Not Active, Not Active, Not Active, Not Active, Active
2026-10-02T17:46:10+08:00,2026/10/02 17:46:10.372, 1800 MHz, 2130 MHz, 9501 MHz, 1800 MHz, 115.98 W, 420.00 W, 420.00 W, 55, 0 %, 8473 MiB, P2, 0x0000000000000001, Not Active, Not Active, Not Active, Not Active, Active
2026-10-02T17:46:11+08:00,2026/10/02 17:46:11.392, 1800 MHz, 2130 MHz, 9501 MHz, 1800 MHz, 115.83 W, 420.00 W, 420.00 W, 55, 0 %, 8473 MiB, P2, 0x0000000000000001, Not Active, Not Active, Not Active, Not Active, Active
2026-10-02T17:46:12+08:00,2026/10/02 17:46:12.413, 1800 MHz, 2130 MHz, 9501 MHz, 1800 MHz, 115.97 W, 420.00 W, 420.00 W, 55, 0 %, 8473 MiB, P2, 0x0000000000000001, Not Active, Not Active, Not Active, Not Active, Active
2026-10-02T17:46:13+08:00,2026/10/02 17:46:13.435, 1800 MHz, 2130 MHz, 9501 MHz, 1800 MHz, 155.98 W, 420.00 W, 420.00 W, 57, 100 %, 8473 MiB, P2, 0x0000000000000000, Not Active, Not Active, Not Active, Not Active, Not Active
2026-10-02T17:46:14+08:00,2026/10/02 17:46:14.466, 1800 MHz, 2130 MHz, 9501 MHz, 1800 MHz, 246.63 W, 420.00 W, 420.00 W, 59, 100 %, 8473 MiB, P2, 0x0000000000000000, Not Active, Not Active, Not Active, Not Active, Not Active
2026-10-02T17:46:15+08:00,2026/10/02 17:46:15.500, 1800 MHz, 2130 MHz, 9501 MHz, 1800 MHz, 246.76 W, 420.00 W, 420.00 W, 59, 100 %, 8473 MiB, P2, 0x0000000000000000, Not Active, Not Active, Not Active, Not Active, Not Active
2026-10-02T17:46:16+08:00,2026/10/02 17:46:16.531, 1800 MHz, 2130 MHz, 9501 MHz, 1800 MHz, 246.63 W, 420.00 W, 420.00 W, 60, 100 %, 8473 MiB, P2, 0x0000000000000000, Not Active, Not Active, Not Active, Not Active, Not Active
2026-10-02T17:46:17+08:00,2026/10/02 17:46:17.563, 1800 MHz, 2130 MHz, 9501 MHz, 1800 MHz, 246.67 W, 420.00 W, 420.00 W, 60, 100 %, 8473 MiB, P2, 0x0000000000000000, Not Active, Not Active, Not Active, Not Active, Not Active
2026-10-02T17:46:18+08:00,2026/10/02 17:46:18.599, 1800 MHz, 2130 MHz, 9501 MHz, 1800 MHz, 246.96 W, 420.00 W, 420.00 W, 60, 100 %, 8473 MiB, P2, 0x0000000000000000, Not Active, Not Active, Not Active, Not Active, Not Active
2026-10-02T17:46:19+08:00,2026/10/02 17:46:19.634, 1800 MHz, 2130 MHz, 9501 MHz, 1800 MHz, 247.18 W, 420.00 W, 420.00 W, 60, 100 %, 8473 MiB, P2, 0x0000000000000000, Not Active, Not Active, Not Active, Not Active, Not Active
2026-10-02T17:46:20+08:00,2026/10/02 17:46:20.665, 1800 MHz, 2130 MHz, 9501 MHz, 1800 MHz, 247.22 W, 420.00 W, 420.00 W, 60, 100 %, 8473 MiB, P2, 0x0000000000000000, Not Active, Not Active, Not Active, Not Active, Not Active
2026-10-02T17:46:21+08:00,2026/10/02 17:46:21.695, 1800 MHz, 2130 MHz, 9501 MHz, 1800 MHz, 247.27 W, 420.00 W, 420.00 W, 60, 100 %, 8473 MiB, P2, 0x0000000000000000, Not Active, Not Active, Not Active, Not Active, Not Active
2026-10-02T17:46:22+08:00,2026/10/02 17:46:22.725, 1800 MHz, 2130 MHz, 9501 MHz, 1800 MHz, 247.29 W, 420.00 W, 420.00 W, 60, 100 %, 8473 MiB, P2, 0x0000000000000000, Not Active, Not Active, Not Active, Not Active, Not Active
2026-10-02T17:46:23+08:00,2026/10/02 17:46:23.754, 1800 MHz, 2130 MHz, 9501 MHz, 1800 MHz, 168.60 W, 420.00 W, 420.00 W, 57, 0 %, 8473 MiB, P2, 0x0000000000000000, Not Active, Not Active, Not Active, Not Active, Not Active
2026-10-02T17:46:24+08:00,2026/10/02 17:46:24.774, 1800 MHz, 2130 MHz, 9501 MHz, 1800 MHz, 133.46 W, 420.00 W, 420.00 W, 57, 0 %, 8473 MiB, P2, 0x0000000000000000, Not Active, Not Active, Not Active, Not Active, Not Active
2026-10-02T17:46:25+08:00,2026/10/02 17:46:25.798, 1800 MHz, 2130 MHz, 9501 MHz, 1800 MHz, 117.53 W, 420.00 W, 420.00 W, 56, 0 %, 8473 MiB, P2, 0x0000000000000000, Not Active, Not Active, Not Active, Not Active, Not Active
2026-10-02T17:46:26+08:00,2026/10/02 17:46:26.822, 1800 MHz, 2130 MHz, 9501 MHz, 1800 MHz, 117.54 W, 420.00 W, 420.00 W, 56, 0 %, 8473 MiB, P2, 0x0000000000000000, Not Active, Not Active, Not Active, Not Active, Not Active
2026-10-02T17:46:27+08:00,2026/10/02 17:46:27.844, 1800 MHz, 2130 MHz, 9501 MHz, 1800 MHz, 117.51 W, 420.00 W, 420.00 W, 56, 0 %, 8473 MiB, P2, 0x0000000000000000, Not Active, Not Active, Not Active, Not Active, Not Active
2026-10-02T17:46:28+08:00,2026/10/02 17:46:28.867, 1800 MHz, 2130 MHz, 9501 MHz, 1800 MHz, 117.25 W, 420.00 W, 420.00 W, 56, 0 %, 8473 MiB, P2, 0x0000000000000000, Not Active, Not Active, Not Active, Not Active, Not Active
2026-10-02T17:46:29+08:00,2026/10/02 17:46:29.888, 1800 MHz, 2130 MHz, 9501 MHz, 1800 MHz, 117.28 W, 420.00 W, 420.00 W, 56, 0 %, 8473 MiB, P2, 0x0000000000000000, Not Active, Not Active, Not Active, Not Active, Not Active
2026-10-02T17:46:30+08:00,2026/10/02 17:46:30.909, 1800 MHz, 2130 MHz, 9501 MHz, 1800 MHz, 117.04 W, 420.00 W, 420.00 W, 56, 0 %, 8473 MiB, P2, 0x0000000000000000, Not Active, Not Active, Not Active, Not Active, Not Active
2026-10-02T17:46:31+08:00,2026/10/02 17:46:31.929, 1800 MHz, 2130 MHz, 9501 MHz, 1800 MHz, 117.00 W, 420.00 W, 420.00 W, 56, 0 %, 8473 MiB, P2, 0x0000000000000000, Not Active, Not Active, Not Active, Not Active, Not Active
2026-10-02T17:46:32+08:00,2026/10/02 17:46:32.948, 1800 MHz, 2130 MHz, 9501 MHz, 1800 MHz, 116.85 W, 420.00 W, 420.00 W, 56, 0 %, 8473 MiB, P2, 0x0000000000000000, Not Active, Not Active, Not Active, Not Active, Not Active
2026-10-02T17:46:33+08:00,2026/10/02 17:46:33.968, 1800 MHz, 2130 MHz, 9501 MHz, 1800 MHz, 116.68 W, 420.00 W, 420.00 W, 56, 0 %, 8473 MiB, P2, 0x0000000000000000, Not Active, Not Active, Not Active, Not Active, Not Active
2026-10-02T17:46:34+08:00,2026/10/02 17:46:34.989, 1800 MHz, 2130 MHz, 9501 MHz, 1800 MHz, 116.59 W, 420.00 W, 420.00 W, 56, 0 %, 8473 MiB, P2, 0x0000000000000000, Not Active, Not Active, Not Active, Not Active, Not Active
2026-10-02T17:46:35+08:00,2026/10/02 17:46:36.009, 1800 MHz, 2130 MHz, 9501 MHz, 1800 MHz, 116.35 W, 420.00 W, 420.00 W, 56, 0 %, 8473 MiB, P2, 0x0000000000000000, Not Active, Not Active, Not Active, Not Active, Not Active
2026-10-02T17:46:37+08:00,2026/10/02 17:46:37.030, 1800 MHz, 2130 MHz, 9501 MHz, 1800 MHz, 116.47 W, 420.00 W, 420.00 W, 56, 0 %, 8473 MiB, P2, 0x0000000000000000, Not Active, Not Active, Not Active, Not Active, Not Active
2026-10-02T17:46:38+08:00,2026/10/02 17:46:38.049, 1800 MHz, 2130 MHz, 9501 MHz, 1800 MHz, 116.15 W, 420.00 W, 420.00 W, 56, 0 %, 8473 MiB, P2, 0x0000000000000000, Not Active, Not Active, Not Active, Not Active, Not Active
2026-10-02T17:46:39+08:00,2026/10/02 17:46:39.073, 1800 MHz, 2130 MHz, 9501 MHz, 1800 MHz, 116.08 W, 420.00 W, 420.00 W, 56, 0 %, 8473 MiB, P2, 0x0000000000000001, Not Active, Not Active, Not Active, Not Active, Active
2026-10-02T17:46:40+08:00,2026/10/02 17:46:40.093, 1800 MHz, 2130 MHz, 9501 MHz, 1800 MHz, 116.16 W, 420.00 W, 420.00 W, 56, 0 %, 8473 MiB, P2, 0x0000000000000001, Not Active, Not Active, Not Active, Not Active, Active
2026-10-02T17:46:41+08:00,2026/10/02 17:46:41.113, 1800 MHz, 2130 MHz, 9501 MHz, 1800 MHz, 116.48 W, 420.00 W, 420.00 W, 56, 0 %, 8473 MiB, P2, 0x0000000000000001, Not Active, Not Active, Not Active, Not Active, Active
2026-10-02T17:46:42+08:00,2026/10/02 17:46:42.134, 1800 MHz, 2130 MHz, 9501 MHz, 1800 MHz, 116.58 W, 420.00 W, 420.00 W, 55, 0 %, 8473 MiB, P2, 0x0000000000000001, Not Active, Not Active, Not Active, Not Active, Active
2026-10-02T17:46:43+08:00,2026/10/02 17:46:43.159, 1800 MHz, 2130 MHz, 9501 MHz, 1800 MHz, 117.38 W, 420.00 W, 420.00 W, 55, 0 %, 8473 MiB, P2, 0x0000000000000001, Not Active, Not Active, Not Active, Not Active, Active
2026-10-02T17:46:44+08:00,2026/10/02 17:46:44.190, 1800 MHz, 2130 MHz, 9501 MHz, 1800 MHz, 235.69 W, 420.00 W, 420.00 W, 59, 100 %, 8473 MiB, P2, 0x0000000000000000, Not Active, Not Active, Not Active, Not Active, Not Active
2026-10-02T17:46:45+08:00,2026/10/02 17:46:45.221, 1800 MHz, 2130 MHz, 9501 MHz, 1800 MHz, 246.50 W, 420.00 W, 420.00 W, 59, 100 %, 8473 MiB, P2, 0x0000000000000000, Not Active, Not Active, Not Active, Not Active, Not Active
2026-10-02T17:46:46+08:00,2026/10/02 17:46:46.255, 1800 MHz, 2130 MHz, 9501 MHz, 1800 MHz, 246.64 W, 420.00 W, 420.00 W, 59, 100 %, 8473 MiB, P2, 0x0000000000000000, Not Active, Not Active, Not Active, Not Active, Not Active
2026-10-02T17:46:47+08:00,2026/10/02 17:46:47.287, 1800 MHz, 2130 MHz, 9501 MHz, 1800 MHz, 246.92 W, 420.00 W, 420.00 W, 60, 100 %, 8473 MiB, P2, 0x0000000000000000, Not Active, Not Active, Not Active, Not Active, Not Active
2026-10-02T17:46:48+08:00,2026/10/02 17:46:48.318, 1800 MHz, 2130 MHz, 9501 MHz, 1800 MHz, 246.90 W, 420.00 W, 420.00 W, 60, 100 %, 8473 MiB, P2, 0x0000000000000000, Not Active, Not Active, Not Active, Not Active, Not Active
2026-10-02T17:46:49+08:00,2026/10/02 17:46:49.348, 1800 MHz, 2130 MHz, 9501 MHz, 1800 MHz, 246.89 W, 420.00 W, 420.00 W, 60, 100 %, 8473 MiB, P2, 0x0000000000000000, Not Active, Not Active, Not Active, Not Active, Not Active
2026-10-02T17:46:50+08:00,2026/10/02 17:46:50.379, 1800 MHz, 2130 MHz, 9501 MHz, 1800 MHz, 247.17 W, 420.00 W, 420.00 W, 60, 100 %, 8473 MiB, P2, 0x0000000000000000, Not Active, Not Active, Not Active, Not Active, Not Active
2026-10-02T17:46:51+08:00,2026/10/02 17:46:51.409, 1800 MHz, 2130 MHz, 9501 MHz, 1800 MHz, 247.30 W, 420.00 W, 420.00 W, 60, 100 %, 8473 MiB, P2, 0x0000000000000000, Not Active, Not Active, Not Active, Not Active, Not Active
2026-10-02T17:46:52+08:00,2026/10/02 17:46:52.440, 1800 MHz, 2130 MHz, 9501 MHz, 1800 MHz, 247.35 W, 420.00 W, 420.00 W, 60, 100 %, 8473 MiB, P2, 0x0000000000000000, Not Active, Not Active, Not Active, Not Active, Not Active
2026-10-02T17:46:53+08:00,2026/10/02 17:46:53.470, 1800 MHz, 2130 MHz, 9501 MHz, 1800 MHz, 232.04 W, 420.00 W, 420.00 W, 58, 0 %, 8473 MiB, P2, 0x0000000000000000, Not Active, Not Active, Not Active, Not Active, Not Active
2026-10-02T17:46:54+08:00,2026/10/02 17:46:54.491, 1800 MHz, 2130 MHz, 9501 MHz, 1800 MHz, 137.77 W, 420.00 W, 420.00 W, 57, 0 %, 8473 MiB, P2, 0x0000000000000000, Not Active, Not Active, Not Active, Not Active, Not Active
2026-10-02T17:46:55+08:00,2026/10/02 17:46:55.512, 1800 MHz, 2130 MHz, 9501 MHz, 1800 MHz, 117.03 W, 420.00 W, 420.00 W, 56, 0 %, 8473 MiB, P2, 0x0000000000000000, Not Active, Not Active, Not Active, Not Active, Not Active
2026-10-02T17:46:56+08:00,2026/10/02 17:46:56.533, 1800 MHz, 2130 MHz, 9501 MHz, 1800 MHz, 116.78 W, 420.00 W, 420.00 W, 56, 0 %, 8473 MiB, P2, 0x0000000000000000, Not Active, Not Active, Not Active, Not Active, Not Active
2026-10-02T17:46:57+08:00,2026/10/02 17:46:57.553, 1800 MHz, 2130 MHz, 9501 MHz, 1800 MHz, 116.86 W, 420.00 W, 420.00 W, 56, 0 %, 8473 MiB, P2, 0x0000000000000000, Not Active, Not Active, Not Active, Not Active, Not Active
2026-10-02T17:46:58+08:00,2026/10/02 17:46:58.574, 1800 MHz, 2130 MHz, 9501 MHz, 1800 MHz, 116.87 W, 420.00 W, 420.00 W, 56, 0 %, 8473 MiB, P2, 0x0000000000000000, Not Active, Not Active, Not Active, Not Active, Not Active
2026-10-02T17:46:59+08:00,2026/10/02 17:46:59.595, 1800 MHz, 2130 MHz, 9501 MHz, 1800 MHz, 116.51 W, 420.00 W, 420.00 W, 56, 0 %, 8473 MiB, P2, 0x0000000000000000, Not Active, Not Active, Not Active, Not Active, Not Active
2026-10-02T17:47:00+08:00,2026/10/02 17:47:00.615, 1800 MHz, 2130 MHz, 9501 MHz, 1800 MHz, 116.30 W, 420.00 W, 420.00 W, 56, 0 %, 8473 MiB, P2, 0x0000000000000000, Not Active, Not Active, Not Active, Not Active, Not Active
2026-10-02T17:47:01+08:00,2026/10/02 17:47:01.635, 1800 MHz, 2130 MHz, 9501 MHz, 1800 MHz, 116.23 W, 420.00 W, 420.00 W, 56, 0 %, 8473 MiB, P2, 0x0000000000000000, Not Active, Not Active, Not Active, Not Active, Not Active
2026-10-02T17:47:02+08:00,2026/10/02 17:47:02.656, 1800 MHz, 2130 MHz, 9501 MHz, 1800 MHz, 116.26 W, 420.00 W, 420.00 W, 56, 0 %, 8473 MiB, P2, 0x0000000000000000, Not Active, Not Active, Not Active, Not Active, Not Active
2026-10-02T17:47:03+08:00,2026/10/02 17:47:03.676, 1800 MHz, 2130 MHz, 9501 MHz, 1800 MHz, 116.24 W, 420.00 W, 420.00 W, 56, 0 %, 8473 MiB, P2, 0x0000000000000000, Not Active, Not Active, Not Active, Not Active, Not Active
2026-10-02T17:47:04+08:00,2026/10/02 17:47:04.696, 1800 MHz, 2130 MHz, 9501 MHz, 1800 MHz, 116.30 W, 420.00 W, 420.00 W, 56, 0 %, 8473 MiB, P2, 0x0000000000000000, Not Active, Not Active, Not Active, Not Active, Not Active
2026-10-02T17:47:05+08:00,2026/10/02 17:47:05.716, 1800 MHz, 2130 MHz, 9501 MHz, 1800 MHz, 116.30 W, 420.00 W, 420.00 W, 56, 0 %, 8473 MiB, P2, 0x0000000000000000, Not Active, Not Active, Not Active, Not Active, Not Active
2026-10-02T17:47:06+08:00,2026/10/02 17:47:06.736, 1800 MHz, 2130 MHz, 9501 MHz, 1800 MHz, 116.13 W, 420.00 W, 420.00 W, 56, 0 %, 8473 MiB, P2, 0x0000000000000000, Not Active, Not Active, Not Active, Not Active, Not Active
2026-10-02T17:47:07+08:00,2026/10/02 17:47:07.756, 1800 MHz, 2130 MHz, 9501 MHz, 1800 MHz, 116.17 W, 420.00 W, 420.00 W, 56, 0 %, 8473 MiB, P2, 0x0000000000000000, Not Active, Not Active, Not Active, Not Active, Not Active
2026-10-02T17:47:08+08:00,2026/10/02 17:47:08.775, 1800 MHz, 2130 MHz, 9501 MHz, 1800 MHz, 116.14 W, 420.00 W, 420.00 W, 56, 0 %, 8473 MiB, P2, 0x0000000000000000, Not Active, Not Active, Not Active, Not Active, Not Active
2026-10-02T17:47:09+08:00,2026/10/02 17:47:09.796, 1800 MHz, 2130 MHz, 9501 MHz, 1800 MHz, 116.11 W, 420.00 W, 420.00 W, 56, 0 %, 8473 MiB, P2, 0x0000000000000000, Not Active, Not Active, Not Active, Not Active, Not Active
2026-10-02T17:47:10+08:00,2026/10/02 17:47:10.817, 1800 MHz, 2130 MHz, 9501 MHz, 1800 MHz, 116.27 W, 420.00 W, 420.00 W, 56, 0 %, 8473 MiB, P2, 0x0000000000000001, Not Active, Not Active, Not Active, Not Active, Active
2026-10-02T17:47:11+08:00,2026/10/02 17:47:11.839, 1800 MHz, 2130 MHz, 9501 MHz, 1800 MHz, 116.32 W, 420.00 W, 420.00 W, 55, 0 %, 8473 MiB, P2, 0x0000000000000001, Not Active, Not Active, Not Active, Not Active, Active
2026-10-02T17:47:12+08:00,2026/10/02 17:47:12.859, 1800 MHz, 2130 MHz, 9501 MHz, 1800 MHz, 116.24 W, 420.00 W, 420.00 W, 55, 0 %, 8473 MiB, P2, 0x0000000000000001, Not Active, Not Active, Not Active, Not Active, Active
2026-10-02T17:47:13+08:00,2026/10/02 17:47:13.884, 1800 MHz, 2130 MHz, 9501 MHz, 1800 MHz, 152.05 W, 420.00 W, 420.00 W, 57, 100 %, 8473 MiB, P2, 0x0000000000000000, Not Active, Not Active, Not Active, Not Active, Not Active
2026-10-02T17:47:14+08:00,2026/10/02 17:47:14.915, 1800 MHz, 2130 MHz, 9501 MHz, 1800 MHz, 246.21 W, 420.00 W, 420.00 W, 59, 100 %, 8473 MiB, P2, 0x0000000000000000, Not Active, Not Active, Not Active, Not Active, Not Active
2026-10-02T17:47:15+08:00,2026/10/02 17:47:15.945, 1800 MHz, 2130 MHz, 9501 MHz, 1800 MHz, 246.65 W, 420.00 W, 420.00 W, 59, 100 %, 8473 MiB, P2, 0x0000000000000000, Not Active, Not Active, Not Active, Not Active, Not Active
2026-10-02T17:47:16+08:00,2026/10/02 17:47:16.976, 1800 MHz, 2130 MHz, 9501 MHz, 1800 MHz, 246.37 W, 420.00 W, 420.00 W, 60, 100 %, 8473 MiB, P2, 0x0000000000000000, Not Active, Not Active, Not Active, Not Active, Not Active
2026-10-02T17:47:17+08:00,2026/10/02 17:47:18.006, 1800 MHz, 2130 MHz, 9501 MHz, 1800 MHz, 246.52 W, 420.00 W, 420.00 W, 60, 100 %, 8473 MiB, P2, 0x0000000000000000, Not Active, Not Active, Not Active, Not Active, Not Active
2026-10-02T17:47:19+08:00,2026/10/02 17:47:19.036, 1800 MHz, 2130 MHz, 9501 MHz, 1800 MHz, 246.93 W, 420.00 W, 420.00 W, 60, 100 %, 8473 MiB, P2, 0x0000000000000000, Not Active, Not Active, Not Active, Not Active, Not Active
2026-10-02T17:47:20+08:00,2026/10/02 17:47:20.069, 1800 MHz, 2130 MHz, 9501 MHz, 1800 MHz, 246.89 W, 420.00 W, 420.00 W, 60, 100 %, 8473 MiB, P2, 0x0000000000000000, Not Active, Not Active, Not Active, Not Active, Not Active
2026-10-02T17:47:21+08:00,2026/10/02 17:47:21.100, 1800 MHz, 2130 MHz, 9501 MHz, 1800 MHz, 247.08 W, 420.00 W, 420.00 W, 60, 100 %, 8473 MiB, P2, 0x0000000000000000, Not Active, Not Active, Not Active, Not Active, Not Active
2026-10-02T17:47:22+08:00,2026/10/02 17:47:22.130, 1800 MHz, 2130 MHz, 9501 MHz, 1800 MHz, 247.13 W, 420.00 W, 420.00 W, 60, 100 %, 8473 MiB, P2, 0x0000000000000000, Not Active, Not Active, Not Active, Not Active, Not Active
2026-10-02T17:47:23+08:00,2026/10/02 17:47:23.160, 1800 MHz, 2130 MHz, 9501 MHz, 1800 MHz, 247.16 W, 420.00 W, 420.00 W, 60, 100 %, 8473 MiB, P2, 0x0000000000000000, Not Active, Not Active, Not Active, Not Active, Not Active
2026-10-02T17:47:24+08:00,2026/10/02 17:47:24.190, 1800 MHz, 2130 MHz, 9501 MHz, 1800 MHz, 166.11 W, 420.00 W, 420.00 W, 57, 0 %, 8473 MiB, P2, 0x0000000000000000, Not Active, Not Active, Not Active, Not Active, Not Active
2026-10-02T17:47:25+08:00,2026/10/02 17:47:25.211, 1800 MHz, 2130 MHz, 9501 MHz, 1800 MHz, 130.85 W, 420.00 W, 420.00 W, 57, 0 %, 8473 MiB, P2, 0x0000000000000000, Not Active, Not Active, Not Active, Not Active, Not Active
2026-10-02T17:47:26+08:00,2026/10/02 17:47:26.231, 1800 MHz, 2130 MHz, 9501 MHz, 1800 MHz, 117.42 W, 420.00 W, 420.00 W, 56, 0 %, 8473 MiB, P2, 0x0000000000000000, Not Active, Not Active, Not Active, Not Active, Not Active
2026-10-02T17:47:27+08:00,2026/10/02 17:47:27.252, 1800 MHz, 2130 MHz, 9501 MHz, 1800 MHz, 117.42 W, 420.00 W, 420.00 W, 56, 0 %, 8473 MiB, P2, 0x0000000000000000, Not Active, Not Active, Not Active, Not Active, Not Active
2026-10-02T17:47:28+08:00,2026/10/02 17:47:28.275, 1800 MHz, 2130 MHz, 9501 MHz, 1800 MHz, 117.09 W, 420.00 W, 420.00 W, 56, 0 %, 8473 MiB, P2, 0x0000000000000000, Not Active, Not Active, Not Active, Not Active, Not Active
2026-10-02T17:47:29+08:00,2026/10/02 17:47:29.296, 1800 MHz, 2130 MHz, 9501 MHz, 1800 MHz, 117.06 W, 420.00 W, 420.00 W, 56, 0 %, 8473 MiB, P2, 0x0000000000000000, Not Active, Not Active, Not Active, Not Active, Not Active
2026-10-02T17:47:30+08:00,2026/10/02 17:47:30.316, 1800 MHz, 2130 MHz, 9501 MHz, 1800 MHz, 117.03 W, 420.00 W, 420.00 W, 56, 0 %, 8473 MiB, P2, 0x0000000000000000, Not Active, Not Active, Not Active, Not Active, Not Active
2026-10-02T17:47:31+08:00,2026/10/02 17:47:31.339, 1800 MHz, 2130 MHz, 9501 MHz, 1800 MHz, 116.96 W, 420.00 W, 420.00 W, 56, 0 %, 8473 MiB, P2, 0x0000000000000000, Not Active, Not Active, Not Active, Not Active, Not Active
2026-10-02T17:47:32+08:00,2026/10/02 17:47:32.359, 1800 MHz, 2130 MHz, 9501 MHz, 1800 MHz, 116.82 W, 420.00 W, 420.00 W, 56, 0 %, 8473 MiB, P2, 0x0000000000000000, Not Active, Not Active, Not Active, Not Active, Not Active
2026-10-02T17:47:33+08:00,2026/10/02 17:47:33.383, 1800 MHz, 2130 MHz, 9501 MHz, 1800 MHz, 116.79 W, 420.00 W, 420.00 W, 56, 0 %, 8473 MiB, P2, 0x0000000000000000, Not Active, Not Active, Not Active, Not Active, Not Active
2026-10-02T17:47:34+08:00,2026/10/02 17:47:34.406, 1800 MHz, 2130 MHz, 9501 MHz, 1800 MHz, 116.91 W, 420.00 W, 420.00 W, 56, 0 %, 8473 MiB, P2, 0x0000000000000000, Not Active, Not Active, Not Active, Not Active, Not Active
2026-10-02T17:47:35+08:00,2026/10/02 17:47:35.428, 1800 MHz, 2130 MHz, 9501 MHz, 1800 MHz, 116.60 W, 420.00 W, 420.00 W, 56, 0 %, 8473 MiB, P2, 0x0000000000000000, Not Active, Not Active, Not Active, Not Active, Not Active
2026-10-02T17:47:36+08:00,2026/10/02 17:47:36.449, 1800 MHz, 2130 MHz, 9501 MHz, 1800 MHz, 116.61 W, 420.00 W, 420.00 W, 56, 0 %, 8473 MiB, P2, 0x0000000000000000, Not Active, Not Active, Not Active, Not Active, Not Active
2026-10-02T17:47:37+08:00,2026/10/02 17:47:37.470, 1800 MHz, 2130 MHz, 9501 MHz, 1800 MHz, 116.68 W, 420.00 W, 420.00 W, 56, 0 %, 8473 MiB, P2, 0x0000000000000000, Not Active, Not Active, Not Active, Not Active, Not Active
2026-10-02T17:47:38+08:00,2026/10/02 17:47:38.494, 1800 MHz, 2130 MHz, 9501 MHz, 1800 MHz, 116.48 W, 420.00 W, 420.00 W, 56, 0 %, 8473 MiB, P2, 0x0000000000000000, Not Active, Not Active, Not Active, Not Active, Not Active
2026-10-02T17:47:39+08:00,2026/10/02 17:47:39.516, 1800 MHz, 2130 MHz, 9501 MHz, 1800 MHz, 116.14 W, 420.00 W, 420.00 W, 56, 0 %, 8473 MiB, P2, 0x0000000000000000, Not Active, Not Active, Not Active, Not Active, Not Active
2026-10-02T17:47:40+08:00,2026/10/02 17:47:40.536, 1800 MHz, 2130 MHz, 9501 MHz, 1800 MHz, 116.02 W, 420.00 W, 420.00 W, 55, 0 %, 8473 MiB, P2, 0x0000000000000001, Not Active, Not Active, Not Active, Not Active, Active
2026-10-02T17:47:41+08:00,2026/10/02 17:47:41.556, 1800 MHz, 2130 MHz, 9501 MHz, 1800 MHz, 116.24 W, 420.00 W, 420.00 W, 55, 0 %, 8473 MiB, P2, 0x0000000000000001, Not Active, Not Active, Not Active, Not Active, Active
2026-10-02T17:47:42+08:00,2026/10/02 17:47:42.577, 1800 MHz, 2130 MHz, 9501 MHz, 1800 MHz, 116.40 W, 420.00 W, 420.00 W, 55, 0 %, 8473 MiB, P2, 0x0000000000000001, Not Active, Not Active, Not Active, Not Active, Active
2026-10-02T17:47:43+08:00,2026/10/02 17:47:43.598, 1800 MHz, 2130 MHz, 9501 MHz, 1800 MHz, 118.57 W, 420.00 W, 420.00 W, 55, 0 %, 8473 MiB, P2, 0x0000000000000001, Not Active, Not Active, Not Active, Not Active, Active
2026-10-02T17:47:44+08:00,2026/10/02 17:47:44.629, 1800 MHz, 2130 MHz, 9501 MHz, 1800 MHz, 245.52 W, 420.00 W, 420.00 W, 59, 100 %, 8473 MiB, P2, 0x0000000000000000, Not Active, Not Active, Not Active, Not Active, Not Active
2026-10-02T17:47:45+08:00,2026/10/02 17:47:45.662, 1800 MHz, 2130 MHz, 9501 MHz, 1800 MHz, 245.96 W, 420.00 W, 420.00 W, 59, 100 %, 8473 MiB, P2, 0x0000000000000000, Not Active, Not Active, Not Active, Not Active, Not Active
2026-10-02T17:47:46+08:00,2026/10/02 17:47:46.693, 1800 MHz, 2130 MHz, 9501 MHz, 1800 MHz, 246.24 W, 420.00 W, 420.00 W, 59, 100 %, 8473 MiB, P2, 0x0000000000000000, Not Active, Not Active, Not Active, Not Active, Not Active
2026-10-02T17:47:47+08:00,2026/10/02 17:47:47.724, 1800 MHz, 2130 MHz, 9501 MHz, 1800 MHz, 246.57 W, 420.00 W, 420.00 W, 60, 100 %, 8473 MiB, P2, 0x0000000000000000, Not Active, Not Active, Not Active, Not Active, Not Active
2026-10-02T17:47:48+08:00,2026/10/02 17:47:48.756, 1800 MHz, 2130 MHz, 9501 MHz, 1800 MHz, 246.66 W, 420.00 W, 420.00 W, 60, 100 %, 8473 MiB, P2, 0x0000000000000000, Not Active, Not Active, Not Active, Not Active, Not Active
2026-10-02T17:47:49+08:00,2026/10/02 17:47:49.788, 1800 MHz, 2130 MHz, 9501 MHz, 1800 MHz, 246.87 W, 420.00 W, 420.00 W, 60, 100 %, 8473 MiB, P2, 0x0000000000000000, Not Active, Not Active, Not Active, Not Active, Not Active
2026-10-02T17:47:50+08:00,2026/10/02 17:47:50.820, 1800 MHz, 2130 MHz, 9501 MHz, 1800 MHz, 246.95 W, 420.00 W, 420.00 W, 60, 100 %, 8473 MiB, P2, 0x0000000000000000, Not Active, Not Active, Not Active, Not Active, Not Active
2026-10-02T17:47:51+08:00,2026/10/02 17:47:51.851, 1800 MHz, 2130 MHz, 9501 MHz, 1800 MHz, 247.07 W, 420.00 W, 420.00 W, 60, 100 %, 8473 MiB, P2, 0x0000000000000000, Not Active, Not Active, Not Active, Not Active, Not Active
2026-10-02T17:47:52+08:00,2026/10/02 17:47:52.882, 1800 MHz, 2130 MHz, 9501 MHz, 1800 MHz, 247.02 W, 420.00 W, 420.00 W, 60, 100 %, 8473 MiB, P2, 0x0000000000000000, Not Active, Not Active, Not Active, Not Active, Not Active
2026-10-02T17:47:53+08:00,2026/10/02 17:47:53.913, 1800 MHz, 2130 MHz, 9501 MHz, 1800 MHz, 228.86 W, 420.00 W, 420.00 W, 60, 100 %, 8473 MiB, P2, 0x0000000000000000, Not Active, Not Active, Not Active, Not Active, Not Active
2026-10-02T17:47:54+08:00,2026/10/02 17:47:54.937, 1800 MHz, 2130 MHz, 9501 MHz, 1800 MHz, 117.82 W, 420.00 W, 420.00 W, 57, 0 %, 8473 MiB, P2, 0x0000000000000000, Not Active, Not Active, Not Active, Not Active, Not Active
2026-10-02T17:47:55+08:00,2026/10/02 17:47:55.959, 1800 MHz, 2130 MHz, 9501 MHz, 1800 MHz, 117.58 W, 420.00 W, 420.00 W, 57, 0 %, 8473 MiB, P2, 0x0000000000000000, Not Active, Not Active, Not Active, Not Active, Not Active
2026-10-02T17:47:56+08:00,2026/10/02 17:47:56.982, 1800 MHz, 2130 MHz, 9501 MHz, 1800 MHz, 116.72 W, 420.00 W, 420.00 W, 56, 0 %, 8473 MiB, P2, 0x0000000000000000, Not Active, Not Active, Not Active, Not Active, Not Active
2026-10-02T17:47:57+08:00,2026/10/02 17:47:58.002, 1800 MHz, 2130 MHz, 9501 MHz, 1800 MHz, 116.61 W, 420.00 W, 420.00 W, 56, 0 %, 8473 MiB, P2, 0x0000000000000000, Not Active, Not Active, Not Active, Not Active, Not Active
2026-10-02T17:47:59+08:00,2026/10/02 17:47:59.025, 1800 MHz, 2130 MHz, 9501 MHz, 1800 MHz, 116.66 W, 420.00 W, 420.00 W, 56, 0 %, 8473 MiB, P2, 0x0000000000000000, Not Active, Not Active, Not Active, Not Active, Not Active
2026-10-02T17:48:00+08:00,2026/10/02 17:48:00.048, 1800 MHz, 2130 MHz, 9501 MHz, 1800 MHz, 116.79 W, 420.00 W, 420.00 W, 56, 0 %, 8473 MiB, P2, 0x0000000000000000, Not Active, Not Active, Not Active, Not Active, Not Active
2026-10-02T17:48:01+08:00,2026/10/02 17:48:01.071, 1800 MHz, 2130 MHz, 9501 MHz, 1800 MHz, 116.57 W, 420.00 W, 420.00 W, 56, 0 %, 8473 MiB, P2, 0x0000000000000000, Not Active, Not Active, Not Active, Not Active, Not Active
2026-10-02T17:48:02+08:00,2026/10/02 17:48:02.092, 1800 MHz, 2130 MHz, 9501 MHz, 1800 MHz, 115.97 W, 420.00 W, 420.00 W, 56, 0 %, 8473 MiB, P2, 0x0000000000000000, Not Active, Not Active, Not Active, Not Active, Not Active
2026-10-02T17:48:03+08:00,2026/10/02 17:48:03.115, 1800 MHz, 2130 MHz, 9501 MHz, 1800 MHz, 116.11 W, 420.00 W, 420.00 W, 56, 0 %, 8473 MiB, P2, 0x0000000000000000, Not Active, Not Active, Not Active, Not Active, Not Active
2026-10-02T17:48:04+08:00,2026/10/02 17:48:04.136, 1800 MHz, 2130 MHz, 9501 MHz, 1800 MHz, 115.89 W, 420.00 W, 420.00 W, 56, 0 %, 8473 MiB, P2, 0x0000000000000000, Not Active, Not Active, Not Active, Not Active, Not Active
2026-10-02T17:48:05+08:00,2026/10/02 17:48:05.157, 1800 MHz, 2130 MHz, 9501 MHz, 1800 MHz, 116.15 W, 420.00 W, 420.00 W, 56, 0 %, 8473 MiB, P2, 0x0000000000000000, Not Active, Not Active, Not Active, Not Active, Not Active
2026-10-02T17:48:06+08:00,2026/10/02 17:48:06.177, 1800 MHz, 2130 MHz, 9501 MHz, 1800 MHz, 116.27 W, 420.00 W, 420.00 W, 56, 0 %, 8473 MiB, P2, 0x0000000000000000, Not Active, Not Active, Not Active, Not Active, Not Active
2026-10-02T17:48:07+08:00,2026/10/02 17:48:07.200, 1800 MHz, 2130 MHz, 9501 MHz, 1800 MHz, 116.27 W, 420.00 W, 420.00 W, 56, 0 %, 8473 MiB, P2, 0x0000000000000000, Not Active, Not Active, Not Active, Not Active, Not Active
2026-10-02T17:48:08+08:00,2026/10/02 17:48:08.224, 1800 MHz, 2130 MHz, 9501 MHz, 1800 MHz, 116.42 W, 420.00 W, 420.00 W, 56, 0 %, 8473 MiB, P2, 0x0000000000000000, Not Active, Not Active, Not Active, Not Active, Not Active
2026-10-02T17:48:09+08:00,2026/10/02 17:48:09.248, 1800 MHz, 2130 MHz, 9501 MHz, 1800 MHz, 116.18 W, 420.00 W, 420.00 W, 56, 0 %, 8473 MiB, P2, 0x0000000000000000, Not Active, Not Active, Not Active, Not Active, Not Active
2026-10-02T17:48:10+08:00,2026/10/02 17:48:10.272, 1800 MHz, 2130 MHz, 9501 MHz, 1800 MHz, 116.35 W, 420.00 W, 420.00 W, 56, 0 %, 8473 MiB, P2, 0x0000000000000001, Not Active, Not Active, Not Active, Not Active, Active
2026-10-02T17:48:11+08:00,2026/10/02 17:48:11.295, 1800 MHz, 2130 MHz, 9501 MHz, 1800 MHz, 116.33 W, 420.00 W, 420.00 W, 55, 0 %, 8473 MiB, P2, 0x0000000000000001, Not Active, Not Active, Not Active, Not Active, Active
2026-10-02T17:48:12+08:00,2026/10/02 17:48:12.316, 1800 MHz, 2130 MHz, 9501 MHz, 1800 MHz, 116.36 W, 420.00 W, 420.00 W, 55, 0 %, 8473 MiB, P2, 0x0000000000000001, Not Active, Not Active, Not Active, Not Active, Active
2026-10-02T17:48:13+08:00,2026/10/02 17:48:13.336, 1800 MHz, 2130 MHz, 9501 MHz, 1800 MHz, 116.38 W, 420.00 W, 420.00 W, 55, 0 %, 8473 MiB, P2, 0x0000000000000001, Not Active, Not Active, Not Active, Not Active, Active
2026-10-02T17:48:14+08:00,2026/10/02 17:48:14.358, 1800 MHz, 2130 MHz, 9501 MHz, 1800 MHz, 151.89 W, 420.00 W, 420.00 W, 57, 100 %, 8473 MiB, P2, 0x0000000000000000, Not Active, Not Active, Not Active, Not Active, Not Active
2026-10-02T17:48:15+08:00,2026/10/02 17:48:15.388, 1800 MHz, 2130 MHz, 9501 MHz, 1800 MHz, 246.40 W, 420.00 W, 420.00 W, 59, 100 %, 8473 MiB, P2, 0x0000000000000000, Not Active, Not Active, Not Active, Not Active, Not Active
2026-10-02T17:48:16+08:00,2026/10/02 17:48:16.419, 1800 MHz, 2130 MHz, 9501 MHz, 1800 MHz, 246.40 W, 420.00 W, 420.00 W, 59, 100 %, 8473 MiB, P2, 0x0000000000000000, Not Active, Not Active, Not Active, Not Active, Not Active
2026-10-02T17:48:17+08:00,2026/10/02 17:48:17.450, 1800 MHz, 2130 MHz, 9501 MHz, 1800 MHz, 246.59 W, 420.00 W, 420.00 W, 59, 100 %, 8473 MiB, P2, 0x0000000000000000, Not Active, Not Active, Not Active, Not Active, Not Active
2026-10-02T17:48:18+08:00,2026/10/02 17:48:18.481, 1800 MHz, 2130 MHz, 9501 MHz, 1800 MHz, 247.01 W, 420.00 W, 420.00 W, 60, 100 %, 8473 MiB, P2, 0x0000000000000000, Not Active, Not Active, Not Active, Not Active, Not Active
2026-10-02T17:48:19+08:00,2026/10/02 17:48:19.512, 1800 MHz, 2130 MHz, 9501 MHz, 1800 MHz, 246.92 W, 420.00 W, 420.00 W, 60, 100 %, 8473 MiB, P2, 0x0000000000000000, Not Active, Not Active, Not Active, Not Active, Not Active
2026-10-02T17:48:20+08:00,2026/10/02 17:48:20.543, 1800 MHz, 2130 MHz, 9501 MHz, 1800 MHz, 247.00 W, 420.00 W, 420.00 W, 60, 100 %, 8473 MiB, P2, 0x0000000000000000, Not Active, Not Active, Not Active, Not Active, Not Active
2026-10-02T17:48:21+08:00,2026/10/02 17:48:21.573, 1800 MHz, 2130 MHz, 9501 MHz, 1800 MHz, 247.07 W, 420.00 W, 420.00 W, 60, 100 %, 8473 MiB, P2, 0x0000000000000000, Not Active, Not Active, Not Active, Not Active, Not Active
2026-10-02T17:48:22+08:00,2026/10/02 17:48:22.603, 1800 MHz, 2130 MHz, 9501 MHz, 1800 MHz, 247.10 W, 420.00 W, 420.00 W, 60, 100 %, 8473 MiB, P2, 0x0000000000000000, Not Active, Not Active, Not Active, Not Active, Not Active
2026-10-02T17:48:23+08:00,2026/10/02 17:48:23.634, 1800 MHz, 2130 MHz, 9501 MHz, 1800 MHz, 247.14 W, 420.00 W, 420.00 W, 60, 100 %, 8473 MiB, P2, 0x0000000000000000, Not Active, Not Active, Not Active, Not Active, Not Active
2026-10-02T17:48:24+08:00,2026/10/02 17:48:24.666, 1800 MHz, 2130 MHz, 9501 MHz, 1800 MHz, 175.24 W, 420.00 W, 420.00 W, 57, 0 %, 8473 MiB, P2, 0x0000000000000000, Not Active, Not Active, Not Active, Not Active, Not Active
2026-10-02T17:48:25+08:00,2026/10/02 17:48:25.689, 1800 MHz, 2130 MHz, 9501 MHz, 1800 MHz, 140.16 W, 420.00 W, 420.00 W, 57, 0 %, 8473 MiB, P2, 0x0000000000000000, Not Active, Not Active, Not Active, Not Active, Not Active
2026-10-02T17:48:26+08:00,2026/10/02 17:48:26.710, 1800 MHz, 2130 MHz, 9501 MHz, 1800 MHz, 117.58 W, 420.00 W, 420.00 W, 57, 0 %, 8473 MiB, P2, 0x0000000000000000, Not Active, Not Active, Not Active, Not Active, Not Active
2026-10-02T17:48:27+08:00,2026/10/02 17:48:27.730, 1800 MHz, 2130 MHz, 9501 MHz, 1800 MHz, 117.40 W, 420.00 W, 420.00 W, 56, 0 %, 8473 MiB, P2, 0x0000000000000000, Not Active, Not Active, Not Active, Not Active, Not Active
2026-10-02T17:48:28+08:00,2026/10/02 17:48:28.751, 1800 MHz, 2130 MHz, 9501 MHz, 1800 MHz, 117.08 W, 420.00 W, 420.00 W, 56, 0 %, 8473 MiB, P2, 0x0000000000000000, Not Active, Not Active, Not Active, Not Active, Not Active
2026-10-02T17:48:29+08:00,2026/10/02 17:48:29.774, 1800 MHz, 2130 MHz, 9501 MHz, 1800 MHz, 116.75 W, 420.00 W, 420.00 W, 56, 0 %, 8473 MiB, P2, 0x0000000000000000, Not Active, Not Active, Not Active, Not Active, Not Active
2026-10-02T17:48:30+08:00,2026/10/02 17:48:30.798, 1800 MHz, 2130 MHz, 9501 MHz, 1800 MHz, 116.58 W, 420.00 W, 420.00 W, 56, 0 %, 8473 MiB, P2, 0x0000000000000000, Not Active, Not Active, Not Active, Not Active, Not Active
2026-10-02T17:48:31+08:00,2026/10/02 17:48:31.819, 1800 MHz, 2130 MHz, 9501 MHz, 1800 MHz, 116.73 W, 420.00 W, 420.00 W, 56, 0 %, 8473 MiB, P2, 0x0000000000000000, Not Active, Not Active, Not Active, Not Active, Not Active
2026-10-02T17:48:32+08:00,2026/10/02 17:48:32.840, 1800 MHz, 2130 MHz, 9501 MHz, 1800 MHz, 116.59 W, 420.00 W, 420.00 W, 56, 0 %, 8473 MiB, P2, 0x0000000000000000, Not Active, Not Active, Not Active, Not Active, Not Active
2026-10-02T17:48:33+08:00,2026/10/02 17:48:33.861, 1800 MHz, 2130 MHz, 9501 MHz, 1800 MHz, 116.55 W, 420.00 W, 420.00 W, 56, 0 %, 8473 MiB, P2, 0x0000000000000000, Not Active, Not Active, Not Active, Not Active, Not Active
2026-10-02T17:48:34+08:00,2026/10/02 17:48:34.884, 1800 MHz, 2130 MHz, 9501 MHz, 1800 MHz, 116.30 W, 420.00 W, 420.00 W, 56, 0 %, 8473 MiB, P2, 0x0000000000000000, Not Active, Not Active, Not Active, Not Active, Not Active
2026-10-02T17:48:35+08:00,2026/10/02 17:48:35.907, 1800 MHz, 2130 MHz, 9501 MHz, 1800 MHz, 116.23 W, 420.00 W, 420.00 W, 56, 0 %, 8473 MiB, P2, 0x0000000000000000, Not Active, Not Active, Not Active, Not Active, Not Active
2026-10-02T17:48:36+08:00,2026/10/02 17:48:36.927, 1800 MHz, 2130 MHz, 9501 MHz, 1800 MHz, 116.26 W, 420.00 W, 420.00 W, 56, 0 %, 8473 MiB, P2, 0x0000000000000000, Not Active, Not Active, Not Active, Not Active, Not Active
2026-10-02T17:48:37+08:00,2026/10/02 17:48:37.947, 1800 MHz, 2130 MHz, 9501 MHz, 1800 MHz, 116.11 W, 420.00 W, 420.00 W, 56, 0 %, 8473 MiB, P2, 0x0000000000000000, Not Active, Not Active, Not Active, Not Active, Not Active
2026-10-02T17:48:38+08:00,2026/10/02 17:48:38.967, 1800 MHz, 2130 MHz, 9501 MHz, 1800 MHz, 115.93 W, 420.00 W, 420.00 W, 56, 0 %, 8473 MiB, P2, 0x0000000000000000, Not Active, Not Active, Not Active, Not Active, Not Active
2026-10-02T17:48:39+08:00,2026/10/02 17:48:39.987, 1800 MHz, 2130 MHz, 9501 MHz, 1800 MHz, 116.00 W, 420.00 W, 420.00 W, 56, 0 %, 8473 MiB, P2, 0x0000000000000001, Not Active, Not Active, Not Active, Not Active, Active
2026-10-02T17:48:40+08:00,2026/10/02 17:48:41.007, 1800 MHz, 2130 MHz, 9501 MHz, 1800 MHz, 116.20 W, 420.00 W, 420.00 W, 56, 0 %, 8473 MiB, P2, 0x0000000000000001, Not Active, Not Active, Not Active, Not Active, Active
2026-10-02T17:48:42+08:00,2026/10/02 17:48:42.026, 1800 MHz, 2130 MHz, 9501 MHz, 1800 MHz, 116.44 W, 420.00 W, 420.00 W, 55, 0 %, 8473 MiB, P2, 0x0000000000000001, Not Active, Not Active, Not Active, Not Active, Active
2026-10-02T17:48:43+08:00,2026/10/02 17:48:43.049, 1800 MHz, 2130 MHz, 9501 MHz, 1800 MHz, 116.24 W, 420.00 W, 420.00 W, 55, 0 %, 8473 MiB, P2, 0x0000000000000001, Not Active, Not Active, Not Active, Not Active, Active
2026-10-02T17:48:44+08:00,2026/10/02 17:48:44.070, 1800 MHz, 2130 MHz, 9501 MHz, 1800 MHz, 119.89 W, 420.00 W, 420.00 W, 55, 0 %, 8473 MiB, P2, 0x0000000000000001, Not Active, Not Active, Not Active, Not Active, Active
2026-10-02T17:48:45+08:00,2026/10/02 17:48:45.100, 1800 MHz, 2130 MHz, 9501 MHz, 1800 MHz, 245.99 W, 420.00 W, 420.00 W, 59, 100 %, 8473 MiB, P2, 0x0000000000000000, Not Active, Not Active, Not Active, Not Active, Not Active
2026-10-02T17:48:46+08:00,2026/10/02 17:48:46.134, 1800 MHz, 2130 MHz, 9501 MHz, 1800 MHz, 246.59 W, 420.00 W, 420.00 W, 59, 100 %, 8473 MiB, P2, 0x0000000000000000, Not Active, Not Active, Not Active, Not Active, Not Active
2026-10-02T17:48:47+08:00,2026/10/02 17:48:47.164, 1800 MHz, 2130 MHz, 9501 MHz, 1800 MHz, 246.70 W, 420.00 W, 420.00 W, 59, 100 %, 8473 MiB, P2, 0x0000000000000000, Not Active, Not Active, Not Active, Not Active, Not Active
2026-10-02T17:48:48+08:00,2026/10/02 17:48:48.195, 1800 MHz, 2130 MHz, 9501 MHz, 1800 MHz, 246.58 W, 420.00 W, 420.00 W, 60, 100 %, 8473 MiB, P2, 0x0000000000000000, Not Active, Not Active, Not Active, Not Active, Not Active
2026-10-02T17:48:49+08:00,2026/10/02 17:48:49.228, 1800 MHz, 2130 MHz, 9501 MHz, 1800 MHz, 246.74 W, 420.00 W, 420.00 W, 60, 100 %, 8473 MiB, P2, 0x0000000000000000, Not Active, Not Active, Not Active, Not Active, Not Active
2026-10-02T17:48:50+08:00,2026/10/02 17:48:50.258, 1800 MHz, 2130 MHz, 9501 MHz, 1800 MHz, 246.87 W, 420.00 W, 420.00 W, 60, 100 %, 8473 MiB, P2, 0x0000000000000000, Not Active, Not Active, Not Active, Not Active, Not Active
2026-10-02T17:48:51+08:00,2026/10/02 17:48:51.288, 1800 MHz, 2130 MHz, 9501 MHz, 1800 MHz, 246.87 W, 420.00 W, 420.00 W, 60, 100 %, 8473 MiB, P2, 0x0000000000000000, Not Active, Not Active, Not Active, Not Active, Not Active
2026-10-02T17:48:52+08:00,2026/10/02 17:48:52.318, 1800 MHz, 2130 MHz, 9501 MHz, 1800 MHz, 246.98 W, 420.00 W, 420.00 W, 60, 100 %, 8473 MiB, P2, 0x0000000000000000, Not Active, Not Active, Not Active, Not Active, Not Active
2026-10-02T17:48:53+08:00,2026/10/02 17:48:53.349, 1800 MHz, 2130 MHz, 9501 MHz, 1800 MHz, 247.16 W, 420.00 W, 420.00 W, 60, 100 %, 8473 MiB, P2, 0x0000000000000000, Not Active, Not Active, Not Active, Not Active, Not Active
2026-10-02T17:48:54+08:00,2026/10/02 17:48:54.378, 1800 MHz, 2130 MHz, 9501 MHz, 1800 MHz, 227.13 W, 420.00 W, 420.00 W, 60, 100 %, 8473 MiB, P2, 0x0000000000000000, Not Active, Not Active, Not Active, Not Active, Not Active
2026-10-02T17:48:55+08:00,2026/10/02 17:48:55.399, 1800 MHz, 2130 MHz, 9501 MHz, 1800 MHz, 133.35 W, 420.00 W, 420.00 W, 57, 0 %, 8473 MiB, P2, 0x0000000000000000, Not Active, Not Active, Not Active, Not Active, Not Active
2026-10-02T17:48:56+08:00,2026/10/02 17:48:56.419, 1800 MHz, 2130 MHz, 9501 MHz, 1800 MHz, 117.77 W, 420.00 W, 420.00 W, 57, 0 %, 8473 MiB, P2, 0x0000000000000000, Not Active, Not Active, Not Active, Not Active, Not Active
2026-10-02T17:48:57+08:00,2026/10/02 17:48:57.440, 1800 MHz, 2130 MHz, 9501 MHz, 1800 MHz, 117.52 W, 420.00 W, 420.00 W, 56, 0 %, 8473 MiB, P2, 0x0000000000000000, Not Active, Not Active, Not Active, Not Active, Not Active
2026-10-02T17:48:58+08:00,2026/10/02 17:48:58.460, 1800 MHz, 2130 MHz, 9501 MHz, 1800 MHz, 117.30 W, 420.00 W, 420.00 W, 56, 0 %, 8473 MiB, P2, 0x0000000000000000, Not Active, Not Active, Not Active, Not Active, Not Active
2026-10-02T17:48:59+08:00,2026/10/02 17:48:59.481, 1800 MHz, 2130 MHz, 9501 MHz, 1800 MHz, 116.98 W, 420.00 W, 420.00 W, 56, 0 %, 8473 MiB, P2, 0x0000000000000000, Not Active, Not Active, Not Active, Not Active, Not Active
2026-10-02T17:49:00+08:00,2026/10/02 17:49:00.501, 1800 MHz, 2130 MHz, 9501 MHz, 1800 MHz, 116.98 W, 420.00 W, 420.00 W, 56, 0 %, 8473 MiB, P2, 0x0000000000000000, Not Active, Not Active, Not Active, Not Active, Not Active
2026-10-02T17:49:01+08:00,2026/10/02 17:49:01.521, 1800 MHz, 2130 MHz, 9501 MHz, 1800 MHz, 116.56 W, 420.00 W, 420.00 W, 56, 0 %, 8473 MiB, P2, 0x0000000000000000, Not Active, Not Active, Not Active, Not Active, Not Active
2026-10-02T17:49:02+08:00,2026/10/02 17:49:02.541, 1800 MHz, 2130 MHz, 9501 MHz, 1800 MHz, 116.56 W, 420.00 W, 420.00 W, 56, 0 %, 8473 MiB, P2, 0x0000000000000000, Not Active, Not Active, Not Active, Not Active, Not Active
2026-10-02T17:49:03+08:00,2026/10/02 17:49:03.560, 1800 MHz, 2130 MHz, 9501 MHz, 1800 MHz, 116.61 W, 420.00 W, 420.00 W, 56, 0 %, 8473 MiB, P2, 0x0000000000000000, Not Active, Not Active, Not Active, Not Active, Not Active
2026-10-02T17:49:04+08:00,2026/10/02 17:49:04.580, 1800 MHz, 2130 MHz, 9501 MHz, 1800 MHz, 116.70 W, 420.00 W, 420.00 W, 56, 0 %, 8473 MiB, P2, 0x0000000000000000, Not Active, Not Active, Not Active, Not Active, Not Active
2026-10-02T17:49:05+08:00,2026/10/02 17:49:05.600, 1800 MHz, 2130 MHz, 9501 MHz, 1800 MHz, 116.50 W, 420.00 W, 420.00 W, 56, 0 %, 8473 MiB, P2, 0x0000000000000000, Not Active, Not Active, Not Active, Not Active, Not Active
2026-10-02T17:49:06+08:00,2026/10/02 17:49:06.620, 1800 MHz, 2130 MHz, 9501 MHz, 1800 MHz, 116.53 W, 420.00 W, 420.00 W, 56, 0 %, 8473 MiB, P2, 0x0000000000000000, Not Active, Not Active, Not Active, Not Active, Not Active
2026-10-02T17:49:07+08:00,2026/10/02 17:49:07.640, 1800 MHz, 2130 MHz, 9501 MHz, 1800 MHz, 116.61 W, 420.00 W, 420.00 W, 56, 0 %, 8473 MiB, P2, 0x0000000000000000, Not Active, Not Active, Not Active, Not Active, Not Active
2026-10-02T17:49:08+08:00,2026/10/02 17:49:08.662, 1800 MHz, 2130 MHz, 9501 MHz, 1800 MHz, 116.24 W, 420.00 W, 420.00 W, 56, 0 %, 8473 MiB, P2, 0x0000000000000000, Not Active, Not Active, Not Active, Not Active, Not Active
2026-10-02T17:49:09+08:00,2026/10/02 17:49:09.685, 1800 MHz, 2130 MHz, 9501 MHz, 1800 MHz, 116.35 W, 420.00 W, 420.00 W, 55, 0 %, 8473 MiB, P2, 0x0000000000000000, Not Active, Not Active, Not Active, Not Active, Not Active
2026-10-02T17:49:10+08:00,2026/10/02 17:49:10.709, 1800 MHz, 2130 MHz, 9501 MHz, 1800 MHz, 116.42 W, 420.00 W, 420.00 W, 55, 0 %, 8473 MiB, P2, 0x0000000000000000, Not Active, Not Active, Not Active, Not Active, Not Active
2026-10-02T17:49:11+08:00,2026/10/02 17:49:11.730, 1800 MHz, 2130 MHz, 9501 MHz, 1800 MHz, 116.33 W, 420.00 W, 420.00 W, 55, 0 %, 8473 MiB, P2, 0x0000000000000001, Not Active, Not Active, Not Active, Not Active, Active
2026-10-02T17:49:12+08:00,2026/10/02 17:49:12.755, 1800 MHz, 2130 MHz, 9501 MHz, 1800 MHz, 116.40 W, 420.00 W, 420.00 W, 55, 0 %, 8473 MiB, P2, 0x0000000000000001, Not Active, Not Active, Not Active, Not Active, Active
2026-10-02T17:49:13+08:00,2026/10/02 17:49:13.780, 1800 MHz, 2130 MHz, 9501 MHz, 1800 MHz, 116.07 W, 420.00 W, 420.00 W, 55, 0 %, 8473 MiB, P2, 0x0000000000000001, Not Active, Not Active, Not Active, Not Active, Active
2026-10-02T17:49:14+08:00,2026/10/02 17:49:14.808, 1800 MHz, 2130 MHz, 9501 MHz, 1800 MHz, 177.48 W, 420.00 W, 420.00 W, 57, 100 %, 8473 MiB, P2, 0x0000000000000000, Not Active, Not Active, Not Active, Not Active, Not Active
2026-10-02T17:49:15+08:00,2026/10/02 17:49:15.845, 1800 MHz, 2130 MHz, 9501 MHz, 1800 MHz, 246.27 W, 420.00 W, 420.00 W, 59, 100 %, 8473 MiB, P2, 0x0000000000000000, Not Active, Not Active, Not Active, Not Active, Not Active
2026-10-02T17:49:16+08:00,2026/10/02 17:49:16.884, 1800 MHz, 2130 MHz, 9501 MHz, 1800 MHz, 246.55 W, 420.00 W, 420.00 W, 59, 100 %, 8473 MiB, P2, 0x0000000000000000, Not Active, Not Active, Not Active, Not Active, Not Active
2026-10-02T17:49:17+08:00,2026/10/02 17:49:17.923, 1800 MHz, 2130 MHz, 9501 MHz, 1800 MHz, 246.45 W, 420.00 W, 420.00 W, 59, 100 %, 8473 MiB, P2, 0x0000000000000000, Not Active, Not Active, Not Active, Not Active, Not Active
2026-10-02T17:49:18+08:00,2026/10/02 17:49:18.960, 1800 MHz, 2130 MHz, 9501 MHz, 1800 MHz, 246.51 W, 420.00 W, 420.00 W, 60, 100 %, 8473 MiB, P2, 0x0000000000000000, Not Active, Not Active, Not Active, Not Active, Not Active
2026-10-02T17:49:19+08:00,2026/10/02 17:49:19.997, 1800 MHz, 2130 MHz, 9501 MHz, 1800 MHz, 246.85 W, 420.00 W, 420.00 W, 60, 100 %, 8473 MiB, P2, 0x0000000000000000, Not Active, Not Active, Not Active, Not Active, Not Active
2026-10-02T17:49:21+08:00,2026/10/02 17:49:21.030, 1800 MHz, 2130 MHz, 9501 MHz, 1800 MHz, 246.90 W, 420.00 W, 420.00 W, 60, 100 %, 8473 MiB, P2, 0x0000000000000000, Not Active, Not Active, Not Active, Not Active, Not Active
2026-10-02T17:49:22+08:00,2026/10/02 17:49:22.061, 1800 MHz, 2130 MHz, 9501 MHz, 1800 MHz, 247.26 W, 420.00 W, 420.00 W, 60, 100 %, 8473 MiB, P2, 0x0000000000000000, Not Active, Not Active, Not Active, Not Active, Not Active
2026-10-02T17:49:23+08:00,2026/10/02 17:49:23.096, 1800 MHz, 2130 MHz, 9501 MHz, 1800 MHz, 247.21 W, 420.00 W, 420.00 W, 60, 100 %, 8473 MiB, P2, 0x0000000000000000, Not Active, Not Active, Not Active, Not Active, Not Active
2026-10-02T17:49:24+08:00,2026/10/02 17:49:24.128, 1800 MHz, 2130 MHz, 9501 MHz, 1800 MHz, 247.11 W, 420.00 W, 420.00 W, 60, 100 %, 8473 MiB, P2, 0x0000000000000000, Not Active, Not Active, Not Active, Not Active, Not Active
2026-10-02T17:49:25+08:00,2026/10/02 17:49:25.161, 1800 MHz, 2130 MHz, 9501 MHz, 1800 MHz, 160.59 W, 420.00 W, 420.00 W, 57, 0 %, 8473 MiB, P2, 0x0000000000000000, Not Active, Not Active, Not Active, Not Active, Not Active
2026-10-02T17:49:26+08:00,2026/10/02 17:49:26.182, 1800 MHz, 2130 MHz, 9501 MHz, 1800 MHz, 137.13 W, 420.00 W, 420.00 W, 57, 0 %, 8473 MiB, P2, 0x0000000000000000, Not Active, Not Active, Not Active, Not Active, Not Active
2026-10-02T17:49:27+08:00,2026/10/02 17:49:27.203, 1800 MHz, 2130 MHz, 9501 MHz, 1800 MHz, 117.27 W, 420.00 W, 420.00 W, 57, 0 %, 8473 MiB, P2, 0x0000000000000000, Not Active, Not Active, Not Active, Not Active, Not Active
2026-10-02T17:49:28+08:00,2026/10/02 17:49:28.225, 1800 MHz, 2130 MHz, 9501 MHz, 1800 MHz, 117.10 W, 420.00 W, 420.00 W, 56, 0 %, 8473 MiB, P2, 0x0000000000000000, Not Active, Not Active, Not Active, Not Active, Not Active
2026-10-02T17:49:29+08:00,2026/10/02 17:49:29.251, 1800 MHz, 2130 MHz, 9501 MHz, 1800 MHz, 117.03 W, 420.00 W, 420.00 W, 56, 0 %, 8473 MiB, P2, 0x0000000000000000, Not Active, Not Active, Not Active, Not Active, Not Active
2026-10-02T17:49:30+08:00,2026/10/02 17:49:30.278, 1800 MHz, 2130 MHz, 9501 MHz, 1800 MHz, 116.77 W, 420.00 W, 420.00 W, 56, 0 %, 8473 MiB, P2, 0x0000000000000000, Not Active, Not Active, Not Active, Not Active, Not Active
2026-10-02T17:49:31+08:00,2026/10/02 17:49:31.302, 1800 MHz, 2130 MHz, 9501 MHz, 1800 MHz, 116.72 W, 420.00 W, 420.00 W, 56, 0 %, 8473 MiB, P2, 0x0000000000000000, Not Active, Not Active, Not Active, Not Active, Not Active
2026-10-02T17:49:32+08:00,2026/10/02 17:49:32.327, 1800 MHz, 2130 MHz, 9501 MHz, 1800 MHz, 116.74 W, 420.00 W, 420.00 W, 56, 0 %, 8473 MiB, P2, 0x0000000000000000, Not Active, Not Active, Not Active, Not Active, Not Active
2026-10-02T17:49:33+08:00,2026/10/02 17:49:33.354, 1800 MHz, 2130 MHz, 9501 MHz, 1800 MHz, 116.57 W, 420.00 W, 420.00 W, 56, 0 %, 8473 MiB, P2, 0x0000000000000000, Not Active, Not Active, Not Active, Not Active, Not Active
2026-10-02T17:49:34+08:00,2026/10/02 17:49:34.381, 1800 MHz, 2130 MHz, 9501 MHz, 1800 MHz, 116.58 W, 420.00 W, 420.00 W, 56, 0 %, 8473 MiB, P2, 0x0000000000000000, Not Active, Not Active, Not Active, Not Active, Not Active
2026-10-02T17:49:35+08:00,2026/10/02 17:49:35.406, 1800 MHz, 2130 MHz, 9501 MHz, 1800 MHz, 117.00 W, 420.00 W, 420.00 W, 56, 0 %, 8473 MiB, P2, 0x0000000000000000, Not Active, Not Active, Not Active, Not Active, Not Active
2026-10-02T17:49:36+08:00,2026/10/02 17:49:36.432, 1800 MHz, 2130 MHz, 9501 MHz, 1800 MHz, 117.09 W, 420.00 W, 420.00 W, 56, 0 %, 8473 MiB, P2, 0x0000000000000000, Not Active, Not Active, Not Active, Not Active, Not Active
2026-10-02T17:49:37+08:00,2026/10/02 17:49:37.456, 1800 MHz, 2130 MHz, 9501 MHz, 1800 MHz, 116.85 W, 420.00 W, 420.00 W, 56, 0 %, 8473 MiB, P2, 0x0000000000000000, Not Active, Not Active, Not Active, Not Active, Not Active
2026-10-02T17:49:38+08:00,2026/10/02 17:49:38.480, 1800 MHz, 2130 MHz, 9501 MHz, 1800 MHz, 116.76 W, 420.00 W, 420.00 W, 56, 0 %, 8473 MiB, P2, 0x0000000000000000, Not Active, Not Active, Not Active, Not Active, Not Active
2026-10-02T17:49:39+08:00,2026/10/02 17:49:39.506, 1800 MHz, 2130 MHz, 9501 MHz, 1800 MHz, 116.79 W, 420.00 W, 420.00 W, 56, 0 %, 8473 MiB, P2, 0x0000000000000000, Not Active, Not Active, Not Active, Not Active, Not Active
2026-10-02T17:49:40+08:00,2026/10/02 17:49:40.534, 1800 MHz, 2130 MHz, 9501 MHz, 1800 MHz, 116.81 W, 420.00 W, 420.00 W, 56, 0 %, 8473 MiB, P2, 0x0000000000000000, Not Active, Not Active, Not Active, Not Active, Not Active
2026-10-02T17:49:41+08:00,2026/10/02 17:49:41.560, 1800 MHz, 2130 MHz, 9501 MHz, 1800 MHz, 116.86 W, 420.00 W, 420.00 W, 56, 0 %, 8473 MiB, P2, 0x0000000000000001, Not Active, Not Active, Not Active, Not Active, Active
2026-10-02T17:49:42+08:00,2026/10/02 17:49:42.585, 1800 MHz, 2130 MHz, 9501 MHz, 1800 MHz, 116.75 W, 420.00 W, 420.00 W, 56, 0 %, 8473 MiB, P2, 0x0000000000000001, Not Active, Not Active, Not Active, Not Active, Active
2026-10-02T17:49:43+08:00,2026/10/02 17:49:43.610, 1800 MHz, 2130 MHz, 9501 MHz, 1800 MHz, 116.80 W, 420.00 W, 420.00 W, 56, 0 %, 8473 MiB, P2, 0x0000000000000001, Not Active, Not Active, Not Active, Not Active, Active
2026-10-02T17:49:44+08:00,2026/10/02 17:49:44.637, 1800 MHz, 2130 MHz, 9501 MHz, 1800 MHz, 130.50 W, 420.00 W, 420.00 W, 56, 100 %, 8473 MiB, P2, 0x0000000000000000, Not Active, Not Active, Not Active, Not Active, Not Active
2026-10-02T17:49:45+08:00,2026/10/02 17:49:45.676, 1800 MHz, 2130 MHz, 9501 MHz, 1800 MHz, 245.86 W, 420.00 W, 420.00 W, 59, 100 %, 8473 MiB, P2, 0x0000000000000000, Not Active, Not Active, Not Active, Not Active, Not Active
2026-10-02T17:49:46+08:00,2026/10/02 17:49:46.712, 1800 MHz, 2130 MHz, 9501 MHz, 1800 MHz, 246.20 W, 420.00 W, 420.00 W, 59, 100 %, 8473 MiB, P2, 0x0000000000000000, Not Active, Not Active, Not Active, Not Active, Not Active
2026-10-02T17:49:47+08:00,2026/10/02 17:49:47.746, 1800 MHz, 2130 MHz, 9501 MHz, 1800 MHz, 246.51 W, 420.00 W, 420.00 W, 60, 100 %, 8473 MiB, P2, 0x0000000000000000, Not Active, Not Active, Not Active, Not Active, Not Active
2026-10-02T17:49:48+08:00,2026/10/02 17:49:48.778, 1800 MHz, 2130 MHz, 9501 MHz, 1800 MHz, 246.58 W, 420.00 W, 420.00 W, 60, 100 %, 8473 MiB, P2, 0x0000000000000000, Not Active, Not Active, Not Active, Not Active, Not Active
2026-10-02T17:49:49+08:00,2026/10/02 17:49:49.813, 1800 MHz, 2130 MHz, 9501 MHz, 1800 MHz, 247.11 W, 420.00 W, 420.00 W, 60, 100 %, 8473 MiB, P2, 0x0000000000000000, Not Active, Not Active, Not Active, Not Active, Not Active
2026-10-02T17:49:50+08:00,2026/10/02 17:49:50.848, 1800 MHz, 2130 MHz, 9501 MHz, 1800 MHz, 247.09 W, 420.00 W, 420.00 W, 60, 100 %, 8473 MiB, P2, 0x0000000000000000, Not Active, Not Active, Not Active, Not Active, Not Active
2026-10-02T17:49:51+08:00,2026/10/02 17:49:51.879, 1800 MHz, 2130 MHz, 9501 MHz, 1800 MHz, 247.26 W, 420.00 W, 420.00 W, 60, 100 %, 8473 MiB, P2, 0x0000000000000000, Not Active, Not Active, Not Active, Not Active, Not Active
2026-10-02T17:49:52+08:00,2026/10/02 17:49:52.911, 1800 MHz, 2130 MHz, 9501 MHz, 1800 MHz, 247.29 W, 420.00 W, 420.00 W, 60, 100 %, 8473 MiB, P2, 0x0000000000000000, Not Active, Not Active, Not Active, Not Active, Not Active
2026-10-02T17:49:53+08:00,2026/10/02 17:49:53.947, 1800 MHz, 2130 MHz, 9501 MHz, 1800 MHz, 247.32 W, 420.00 W, 420.00 W, 60, 100 %, 8473 MiB, P2, 0x0000000000000000, Not Active, Not Active, Not Active, Not Active, Not Active
2026-10-02T17:49:54+08:00,2026/10/02 17:49:54.981, 1800 MHz, 2130 MHz, 9501 MHz, 1800 MHz, 208.59 W, 420.00 W, 420.00 W, 58, 0 %, 8473 MiB, P2, 0x0000000000000000, Not Active, Not Active, Not Active, Not Active, Not Active
2026-10-02T17:49:55+08:00,2026/10/02 17:49:56.006, 1800 MHz, 2130 MHz, 9501 MHz, 1800 MHz, 138.28 W, 420.00 W, 420.00 W, 57, 0 %, 8473 MiB, P2, 0x0000000000000000, Not Active, Not Active, Not Active, Not Active, Not Active
2026-10-02T17:49:57+08:00,2026/10/02 17:49:57.027, 1800 MHz, 2130 MHz, 9501 MHz, 1800 MHz, 117.65 W, 420.00 W, 420.00 W, 57, 0 %, 8473 MiB, P2, 0x0000000000000000, Not Active, Not Active, Not Active, Not Active, Not Active
2026-10-02T17:49:58+08:00,2026/10/02 17:49:58.049, 1800 MHz, 2130 MHz, 9501 MHz, 1800 MHz, 117.18 W, 420.00 W, 420.00 W, 57, 0 %, 8473 MiB, P2, 0x0000000000000000, Not Active, Not Active, Not Active, Not Active, Not Active
2026-10-02T17:49:59+08:00,2026/10/02 17:49:59.075, 1800 MHz, 2130 MHz, 9501 MHz, 1800 MHz, 117.28 W, 420.00 W, 420.00 W, 56, 0 %, 8473 MiB, P2, 0x0000000000000000, Not Active, Not Active, Not Active, Not Active, Not Active
2026-10-02T17:50:00+08:00,2026/10/02 17:50:00.101, 1800 MHz, 2130 MHz, 9501 MHz, 1800 MHz, 117.48 W, 420.00 W, 420.00 W, 56, 0 %, 8473 MiB, P2, 0x0000000000000000, Not Active, Not Active, Not Active, Not Active, Not Active
2026-10-02T17:50:01+08:00,2026/10/02 17:50:01.125, 1800 MHz, 2130 MHz, 9501 MHz, 1800 MHz, 117.43 W, 420.00 W, 420.00 W, 56, 0 %, 8473 MiB, P2, 0x0000000000000000, Not Active, Not Active, Not Active, Not Active, Not Active
2026-10-02T17:50:02+08:00,2026/10/02 17:50:02.152, 1800 MHz, 2130 MHz, 9501 MHz, 1800 MHz, 117.25 W, 420.00 W, 420.00 W, 56, 0 %, 8473 MiB, P2, 0x0000000000000000, Not Active, Not Active, Not Active, Not Active, Not Active
2026-10-02T17:50:03+08:00,2026/10/02 17:50:03.179, 1800 MHz, 2130 MHz, 9501 MHz, 1800 MHz, 117.24 W, 420.00 W, 420.00 W, 56, 0 %, 8473 MiB, P2, 0x0000000000000000, Not Active, Not Active, Not Active, Not Active, Not Active
2026-10-02T17:50:04+08:00,2026/10/02 17:50:04.202, 1800 MHz, 2130 MHz, 9501 MHz, 1800 MHz, 117.04 W, 420.00 W, 420.00 W, 56, 0 %, 8473 MiB, P2, 0x0000000000000000, Not Active, Not Active, Not Active, Not Active, Not Active
2026-10-02T17:50:05+08:00,2026/10/02 17:50:05.228, 1800 MHz, 2130 MHz, 9501 MHz, 1800 MHz, 116.68 W, 420.00 W, 420.00 W, 56, 0 %, 8473 MiB, P2, 0x0000000000000000, Not Active, Not Active, Not Active, Not Active, Not Active
2026-10-02T17:50:06+08:00,2026/10/02 17:50:06.254, 1800 MHz, 2130 MHz, 9501 MHz, 1800 MHz, 116.85 W, 420.00 W, 420.00 W, 56, 0 %, 8473 MiB, P2, 0x0000000000000000, Not Active, Not Active, Not Active, Not Active, Not Active
2026-10-02T17:50:07+08:00,2026/10/02 17:50:07.278, 1800 MHz, 2130 MHz, 9501 MHz, 1800 MHz, 117.07 W, 420.00 W, 420.00 W, 56, 0 %, 8473 MiB, P2, 0x0000000000000000, Not Active, Not Active, Not Active, Not Active, Not Active
2026-10-02T17:50:08+08:00,2026/10/02 17:50:08.301, 1800 MHz, 2130 MHz, 9501 MHz, 1800 MHz, 117.02 W, 420.00 W, 420.00 W, 56, 0 %, 8473 MiB, P2, 0x0000000000000000, Not Active, Not Active, Not Active, Not Active, Not Active
2026-10-02T17:50:09+08:00,2026/10/02 17:50:09.324, 1800 MHz, 2130 MHz, 9501 MHz, 1800 MHz, 116.81 W, 420.00 W, 420.00 W, 56, 0 %, 8473 MiB, P2, 0x0000000000000000, Not Active, Not Active, Not Active, Not Active, Not Active
2026-10-02T17:50:10+08:00,2026/10/02 17:50:10.348, 1800 MHz, 2130 MHz, 9501 MHz, 1800 MHz, 116.63 W, 420.00 W, 420.00 W, 56, 0 %, 8473 MiB, P2, 0x0000000000000000, Not Active, Not Active, Not Active, Not Active, Not Active
2026-10-02T17:50:11+08:00,2026/10/02 17:50:11.374, 1800 MHz, 2130 MHz, 9501 MHz, 1800 MHz, 117.03 W, 420.00 W, 420.00 W, 56, 0 %, 8473 MiB, P2, 0x0000000000000001, Not Active, Not Active, Not Active, Not Active, Active
2026-10-02T17:50:12+08:00,2026/10/02 17:50:12.398, 1800 MHz, 2130 MHz, 9501 MHz, 1800 MHz, 116.96 W, 420.00 W, 420.00 W, 56, 0 %, 8473 MiB, P2, 0x0000000000000001, Not Active, Not Active, Not Active, Not Active, Active
2026-10-02T17:50:13+08:00,2026/10/02 17:50:13.421, 1800 MHz, 2130 MHz, 9501 MHz, 1800 MHz, 116.88 W, 420.00 W, 420.00 W, 56, 0 %, 8473 MiB, P2, 0x0000000000000001, Not Active, Not Active, Not Active, Not Active, Active
2026-10-02T17:50:14+08:00,2026/10/02 17:50:14.445, 1800 MHz, 2130 MHz, 9501 MHz, 1800 MHz, 116.76 W, 420.00 W, 420.00 W, 56, 0 %, 8473 MiB, P2, 0x0000000000000001, Not Active, Not Active, Not Active, Not Active, Active
2026-10-02T17:50:15+08:00,2026/10/02 17:50:15.471, 1800 MHz, 2130 MHz, 9501 MHz, 1800 MHz, 212.56 W, 420.00 W, 420.00 W, 58, 100 %, 8473 MiB, P2, 0x0000000000000000, Not Active, Not Active, Not Active, Not Active, Not Active
2026-10-02T17:50:16+08:00,2026/10/02 17:50:16.505, 1800 MHz, 2130 MHz, 9501 MHz, 1800 MHz, 246.37 W, 420.00 W, 420.00 W, 59, 100 %, 8473 MiB, P2, 0x0000000000000000, Not Active, Not Active, Not Active, Not Active, Not Active
2026-10-02T17:50:17+08:00,2026/10/02 17:50:17.536, 1800 MHz, 2130 MHz, 9501 MHz, 1800 MHz, 246.81 W, 420.00 W, 420.00 W, 60, 100 %, 8473 MiB, P2, 0x0000000000000000, Not Active, Not Active, Not Active, Not Active, Not Active
2026-10-02T17:50:18+08:00,2026/10/02 17:50:18.574, 1800 MHz, 2130 MHz, 9501 MHz, 1800 MHz, 246.97 W, 420.00 W, 420.00 W, 60, 100 %, 8473 MiB, P2, 0x0000000000000000, Not Active, Not Active, Not Active, Not Active, Not Active
2026-10-02T17:50:19+08:00,2026/10/02 17:50:19.608, 1800 MHz, 2130 MHz, 9501 MHz, 1800 MHz, 247.26 W, 420.00 W, 420.00 W, 60, 100 %, 8473 MiB, P2, 0x0000000000000000, Not Active, Not Active, Not Active, Not Active, Not Active
2026-10-02T17:50:20+08:00,2026/10/02 17:50:20.640, 1800 MHz, 2130 MHz, 9501 MHz, 1800 MHz, 246.74 W, 420.00 W, 420.00 W, 60, 100 %, 8473 MiB, P2, 0x0000000000000000, Not Active, Not Active, Not Active, Not Active, Not Active
2026-10-02T17:50:21+08:00,2026/10/02 17:50:21.675, 1800 MHz, 2130 MHz, 9501 MHz, 1800 MHz, 246.90 W, 420.00 W, 420.00 W, 60, 100 %, 8473 MiB, P2, 0x0000000000000000, Not Active, Not Active, Not Active, Not Active, Not Active
2026-10-02T17:50:22+08:00,2026/10/02 17:50:22.707, 1800 MHz, 2130 MHz, 9501 MHz, 1800 MHz, 247.05 W, 420.00 W, 420.00 W, 60, 100 %, 8473 MiB, P2, 0x0000000000000000, Not Active, Not Active, Not Active, Not Active, Not Active
2026-10-02T17:50:23+08:00,2026/10/02 17:50:23.743, 1800 MHz, 2130 MHz, 9501 MHz, 1800 MHz, 247.45 W, 420.00 W, 420.00 W, 60, 100 %, 8473 MiB, P2, 0x0000000000000000, Not Active, Not Active, Not Active, Not Active, Not Active
2026-10-02T17:50:24+08:00,2026/10/02 17:50:24.775, 1800 MHz, 2130 MHz, 9501 MHz, 1800 MHz, 247.64 W, 420.00 W, 420.00 W, 61, 100 %, 8473 MiB, P2, 0x0000000000000000, Not Active, Not Active, Not Active, Not Active, Not Active
2026-10-02T17:50:25+08:00,2026/10/02 17:50:25.805, 1800 MHz, 2130 MHz, 9501 MHz, 1800 MHz, 137.81 W, 420.00 W, 420.00 W, 57, 0 %, 8473 MiB, P2, 0x0000000000000000, Not Active, Not Active, Not Active, Not Active, Not Active
2026-10-02T17:50:26+08:00,2026/10/02 17:50:26.828, 1800 MHz, 2130 MHz, 9501 MHz, 1800 MHz, 117.49 W, 420.00 W, 420.00 W, 57, 0 %, 8473 MiB, P2, 0x0000000000000000, Not Active, Not Active, Not Active, Not Active, Not Active
2026-10-02T17:50:27+08:00,2026/10/02 17:50:27.853, 1800 MHz, 2130 MHz, 9501 MHz, 1800 MHz, 117.36 W, 420.00 W, 420.00 W, 57, 0 %, 8473 MiB, P2, 0x0000000000000000, Not Active, Not Active, Not Active, Not Active, Not Active
2026-10-02T17:50:28+08:00,2026/10/02 17:50:28.877, 1800 MHz, 2130 MHz, 9501 MHz, 1800 MHz, 117.11 W, 420.00 W, 420.00 W, 57, 0 %, 8473 MiB, P2, 0x0000000000000000, Not Active, Not Active, Not Active, Not Active, Not Active
2026-10-02T17:50:29+08:00,2026/10/02 17:50:29.901, 1800 MHz, 2130 MHz, 9501 MHz, 1800 MHz, 116.90 W, 420.00 W, 420.00 W, 57, 0 %, 8473 MiB, P2, 0x0000000000000000, Not Active, Not Active, Not Active, Not Active, Not Active
2026-10-02T17:50:30+08:00,2026/10/02 17:50:30.923, 1800 MHz, 2130 MHz, 9501 MHz, 1800 MHz, 116.67 W, 420.00 W, 420.00 W, 57, 0 %, 8473 MiB, P2, 0x0000000000000000, Not Active, Not Active, Not Active, Not Active, Not Active
2026-10-02T17:50:31+08:00,2026/10/02 17:50:31.944, 1800 MHz, 2130 MHz, 9501 MHz, 1800 MHz, 116.30 W, 420.00 W, 420.00 W, 56, 0 %, 8473 MiB, P2, 0x0000000000000000, Not Active, Not Active, Not Active, Not Active, Not Active
2026-10-02T17:50:32+08:00,2026/10/02 17:50:32.969, 1800 MHz, 2130 MHz, 9501 MHz, 1800 MHz, 116.56 W, 420.00 W, 420.00 W, 56, 0 %, 8473 MiB, P2, 0x0000000000000000, Not Active, Not Active, Not Active, Not Active, Not Active
2026-10-02T17:50:33+08:00,2026/10/02 17:50:33.995, 1800 MHz, 2130 MHz, 9501 MHz, 1800 MHz, 116.46 W, 420.00 W, 420.00 W, 56, 0 %, 8473 MiB, P2, 0x0000000000000000, Not Active, Not Active, Not Active, Not Active, Not Active
2026-10-02T17:50:35+08:00,2026/10/02 17:50:35.022, 1800 MHz, 2130 MHz, 9501 MHz, 1800 MHz, 116.29 W, 420.00 W, 420.00 W, 56, 0 %, 8473 MiB, P2, 0x0000000000000000, Not Active, Not Active, Not Active, Not Active, Not Active
2026-10-02T17:50:36+08:00,2026/10/02 17:50:36.048, 1800 MHz, 2130 MHz, 9501 MHz, 1800 MHz, 116.31 W, 420.00 W, 420.00 W, 56, 0 %, 8473 MiB, P2, 0x0000000000000000, Not Active, Not Active, Not Active, Not Active, Not Active
2026-10-02T17:50:37+08:00,2026/10/02 17:50:37.069, 1800 MHz, 2130 MHz, 9501 MHz, 1800 MHz, 116.42 W, 420.00 W, 420.00 W, 56, 0 %, 8473 MiB, P2, 0x0000000000000000, Not Active, Not Active, Not Active, Not Active, Not Active
2026-10-02T17:50:38+08:00,2026/10/02 17:50:38.092, 1800 MHz, 2130 MHz, 9501 MHz, 1800 MHz, 116.28 W, 420.00 W, 420.00 W, 56, 0 %, 8473 MiB, P2, 0x0000000000000000, Not Active, Not Active, Not Active, Not Active, Not Active
2026-10-02T17:50:39+08:00,2026/10/02 17:50:39.116, 1800 MHz, 2130 MHz, 9501 MHz, 1800 MHz, 116.03 W, 420.00 W, 420.00 W, 56, 0 %, 8473 MiB, P2, 0x0000000000000000, Not Active, Not Active, Not Active, Not Active, Not Active
2026-10-02T17:50:40+08:00,2026/10/02 17:50:40.143, 1800 MHz, 2130 MHz, 9501 MHz, 1800 MHz, 116.62 W, 420.00 W, 420.00 W, 56, 0 %, 8473 MiB, P2, 0x0000000000000000, Not Active, Not Active, Not Active, Not Active, Not Active
2026-10-02T17:50:41+08:00,2026/10/02 17:50:41.170, 1800 MHz, 2130 MHz, 9501 MHz, 1800 MHz, 116.61 W, 420.00 W, 420.00 W, 56, 0 %, 8473 MiB, P2, 0x0000000000000001, Not Active, Not Active, Not Active, Not Active, Active
2026-10-02T17:50:42+08:00,2026/10/02 17:50:42.195, 1800 MHz, 2130 MHz, 9501 MHz, 1800 MHz, 116.69 W, 420.00 W, 420.00 W, 56, 0 %, 8473 MiB, P2, 0x0000000000000001, Not Active, Not Active, Not Active, Not Active, Active
2026-10-02T17:50:43+08:00,2026/10/02 17:50:43.223, 1800 MHz, 2130 MHz, 9501 MHz, 1800 MHz, 116.79 W, 420.00 W, 420.00 W, 56, 0 %, 8473 MiB, P2, 0x0000000000000001, Not Active, Not Active, Not Active, Not Active, Active
2026-10-02T17:50:44+08:00,2026/10/02 17:50:44.249, 1800 MHz, 2130 MHz, 9501 MHz, 1800 MHz, 116.57 W, 420.00 W, 420.00 W, 56, 0 %, 8473 MiB, P2, 0x0000000000000001, Not Active, Not Active, Not Active, Not Active, Active
2026-10-02T17:50:45+08:00,2026/10/02 17:50:45.276, 1800 MHz, 2130 MHz, 9501 MHz, 1800 MHz, 157.97 W, 420.00 W, 420.00 W, 58, 100 %, 8473 MiB, P2, 0x0000000000000000, Not Active, Not Active, Not Active, Not Active, Not Active
2026-10-02T17:50:46+08:00,2026/10/02 17:50:46.313, 1800 MHz, 2130 MHz, 9501 MHz, 1800 MHz, 245.76 W, 420.00 W, 420.00 W, 59, 100 %, 8473 MiB, P2, 0x0000000000000000, Not Active, Not Active, Not Active, Not Active, Not Active
2026-10-02T17:50:47+08:00,2026/10/02 17:50:47.348, 1800 MHz, 2130 MHz, 9501 MHz, 1800 MHz, 246.17 W, 420.00 W, 420.00 W, 60, 100 %, 8473 MiB, P2, 0x0000000000000000, Not Active, Not Active, Not Active, Not Active, Not Active
2026-10-02T17:50:48+08:00,2026/10/02 17:50:48.383, 1800 MHz, 2130 MHz, 9501 MHz, 1800 MHz, 246.53 W, 420.00 W, 420.00 W, 60, 100 %, 8473 MiB, P2, 0x0000000000000000, Not Active, Not Active, Not Active, Not Active, Not Active
2026-10-02T17:50:49+08:00,2026/10/02 17:50:49.414, 1800 MHz, 2130 MHz, 9501 MHz, 1800 MHz, 246.76 W, 420.00 W, 420.00 W, 60, 100 %, 8473 MiB, P2, 0x0000000000000000, Not Active, Not Active, Not Active, Not Active, Not Active
2026-10-02T17:50:50+08:00,2026/10/02 17:50:50.448, 1800 MHz, 2130 MHz, 9501 MHz, 1800 MHz, 246.45 W, 420.00 W, 420.00 W, 60, 100 %, 8473 MiB, P2, 0x0000000000000000, Not Active, Not Active, Not Active, Not Active, Not Active
2026-10-02T17:50:51+08:00,2026/10/02 17:50:51.484, 1800 MHz, 2130 MHz, 9501 MHz, 1800 MHz, 246.85 W, 420.00 W, 420.00 W, 61, 100 %, 8473 MiB, P2, 0x0000000000000000, Not Active, Not Active, Not Active, Not Active, Not Active
2026-10-02T17:50:52+08:00,2026/10/02 17:50:52.520, 1800 MHz, 2130 MHz, 9501 MHz, 1800 MHz, 247.16 W, 420.00 W, 420.00 W, 61, 100 %, 8473 MiB, P2, 0x0000000000000000, Not Active, Not Active, Not Active, Not Active, Not Active
2026-10-02T17:50:53+08:00,2026/10/02 17:50:53.552, 1800 MHz, 2130 MHz, 9501 MHz, 1800 MHz, 247.31 W, 420.00 W, 420.00 W, 61, 100 %, 8473 MiB, P2, 0x0000000000000000, Not Active, Not Active, Not Active, Not Active, Not Active
2026-10-02T17:50:54+08:00,2026/10/02 17:50:54.588, 1800 MHz, 2130 MHz, 9501 MHz, 1800 MHz, 247.44 W, 420.00 W, 420.00 W, 61, 100 %, 8473 MiB, P2, 0x0000000000000000, Not Active, Not Active, Not Active, Not Active, Not Active
2026-10-02T17:50:55+08:00,2026/10/02 17:50:55.621, 1800 MHz, 2130 MHz, 9501 MHz, 1800 MHz, 184.82 W, 420.00 W, 420.00 W, 58, 0 %, 8473 MiB, P2, 0x0000000000000000, Not Active, Not Active, Not Active, Not Active, Not Active
2026-10-02T17:50:56+08:00,2026/10/02 17:50:56.644, 1800 MHz, 2130 MHz, 9501 MHz, 1800 MHz, 137.69 W, 420.00 W, 420.00 W, 58, 0 %, 8473 MiB, P2, 0x0000000000000000, Not Active, Not Active, Not Active, Not Active, Not Active
2026-10-02T17:50:57+08:00,2026/10/02 17:50:57.666, 1800 MHz, 2130 MHz, 9501 MHz, 1800 MHz, 117.66 W, 420.00 W, 420.00 W, 57, 0 %, 8473 MiB, P2, 0x0000000000000000, Not Active, Not Active, Not Active, Not Active, Not Active
2026-10-02T17:50:58+08:00,2026/10/02 17:50:58.691, 1800 MHz, 2130 MHz, 9501 MHz, 1800 MHz, 117.43 W, 420.00 W, 420.00 W, 57, 0 %, 8473 MiB, P2, 0x0000000000000000, Not Active, Not Active, Not Active, Not Active, Not Active
2026-10-02T17:50:59+08:00,2026/10/02 17:50:59.716, 1800 MHz, 2130 MHz, 9501 MHz, 1800 MHz, 117.22 W, 420.00 W, 420.00 W, 57, 0 %, 8473 MiB, P2, 0x0000000000000000, Not Active, Not Active, Not Active, Not Active, Not Active
2026-10-02T17:51:00+08:00,2026/10/02 17:51:00.737, 1800 MHz, 2130 MHz, 9501 MHz, 1800 MHz, 116.92 W, 420.00 W, 420.00 W, 57, 0 %, 8473 MiB, P2, 0x0000000000000000, Not Active, Not Active, Not Active, Not Active, Not Active
2026-10-02T17:51:01+08:00,2026/10/02 17:51:01.759, 1800 MHz, 2130 MHz, 9501 MHz, 1800 MHz, 117.18 W, 420.00 W, 420.00 W, 57, 0 %, 8473 MiB, P2, 0x0000000000000000, Not Active, Not Active, Not Active, Not Active, Not Active
2026-10-02T17:51:02+08:00,2026/10/02 17:51:02.784, 1800 MHz, 2130 MHz, 9501 MHz, 1800 MHz, 117.46 W, 420.00 W, 420.00 W, 57, 0 %, 8473 MiB, P2, 0x0000000000000000, Not Active, Not Active, Not Active, Not Active, Not Active
2026-10-02T17:51:03+08:00,2026/10/02 17:51:03.812, 1800 MHz, 2130 MHz, 9501 MHz, 1800 MHz, 117.31 W, 420.00 W, 420.00 W, 57, 0 %, 8473 MiB, P2, 0x0000000000000000, Not Active, Not Active, Not Active, Not Active, Not Active
2026-10-02T17:51:04+08:00,2026/10/02 17:51:04.836, 1800 MHz, 2130 MHz, 9501 MHz, 1800 MHz, 117.14 W, 420.00 W, 420.00 W, 57, 0 %, 8473 MiB, P2, 0x0000000000000000, Not Active, Not Active, Not Active, Not Active, Not Active
2026-10-02T17:51:05+08:00,2026/10/02 17:51:05.863, 1800 MHz, 2130 MHz, 9501 MHz, 1800 MHz, 117.14 W, 420.00 W, 420.00 W, 57, 0 %, 8473 MiB, P2, 0x0000000000000000, Not Active, Not Active, Not Active, Not Active, Not Active
2026-10-02T17:51:06+08:00,2026/10/02 17:51:06.887, 1800 MHz, 2130 MHz, 9501 MHz, 1800 MHz, 117.24 W, 420.00 W, 420.00 W, 57, 0 %, 8473 MiB, P2, 0x0000000000000000, Not Active, Not Active, Not Active, Not Active, Not Active
2026-10-02T17:51:07+08:00,2026/10/02 17:51:07.909, 1800 MHz, 2130 MHz, 9501 MHz, 1800 MHz, 117.40 W, 420.00 W, 420.00 W, 57, 0 %, 8473 MiB, P2, 0x0000000000000000, Not Active, Not Active, Not Active, Not Active, Not Active
2026-10-02T17:51:08+08:00,2026/10/02 17:51:08.933, 1800 MHz, 2130 MHz, 9501 MHz, 1800 MHz, 117.43 W, 420.00 W, 420.00 W, 57, 0 %, 8473 MiB, P2, 0x0000000000000000, Not Active, Not Active, Not Active, Not Active, Not Active
2026-10-02T17:51:09+08:00,2026/10/02 17:51:09.959, 1800 MHz, 2130 MHz, 9501 MHz, 1800 MHz, 117.36 W, 420.00 W, 420.00 W, 57, 0 %, 8473 MiB, P2, 0x0000000000000000, Not Active, Not Active, Not Active, Not Active, Not Active
2026-10-02T17:51:10+08:00,2026/10/02 17:51:10.985, 1800 MHz, 2130 MHz, 9501 MHz, 1800 MHz, 117.21 W, 420.00 W, 420.00 W, 57, 0 %, 8473 MiB, P2, 0x0000000000000001, Not Active, Not Active, Not Active, Not Active, Active
2026-10-02T17:51:11+08:00,2026/10/02 17:51:12.008, 1800 MHz, 2130 MHz, 9501 MHz, 1800 MHz, 117.10 W, 420.00 W, 420.00 W, 56, 0 %, 8473 MiB, P2, 0x0000000000000001, Not Active, Not Active, Not Active, Not Active, Active
2026-10-02T17:51:13+08:00,2026/10/02 17:51:13.033, 1800 MHz, 2130 MHz, 9501 MHz, 1800 MHz, 117.16 W, 420.00 W, 420.00 W, 56, 0 %, 8473 MiB, P2, 0x0000000000000001, Not Active, Not Active, Not Active, Not Active, Active
2026-10-02T17:51:14+08:00,2026/10/02 17:51:14.059, 1800 MHz, 2130 MHz, 9501 MHz, 1800 MHz, 117.22 W, 420.00 W, 420.00 W, 56, 0 %, 8473 MiB, P2, 0x0000000000000001, Not Active, Not Active, Not Active, Not Active, Active
2026-10-02T17:51:15+08:00,2026/10/02 17:51:15.087, 1800 MHz, 2130 MHz, 9501 MHz, 1800 MHz, 119.06 W, 420.00 W, 420.00 W, 56, 0 %, 8473 MiB, P2, 0x0000000000000001, Not Active, Not Active, Not Active, Not Active, Active
2026-10-02T17:51:16+08:00,2026/10/02 17:51:16.120, 1800 MHz, 2130 MHz, 9501 MHz, 1800 MHz, 246.12 W, 420.00 W, 420.00 W, 60, 100 %, 8473 MiB, P2, 0x0000000000000000, Not Active, Not Active, Not Active, Not Active, Not Active
2026-10-02T17:51:17+08:00,2026/10/02 17:51:17.155, 1800 MHz, 2130 MHz, 9501 MHz, 1800 MHz, 247.03 W, 420.00 W, 420.00 W, 60, 100 %, 8473 MiB, P2, 0x0000000000000000, Not Active, Not Active, Not Active, Not Active, Not Active
2026-10-02T17:51:18+08:00,2026/10/02 17:51:18.189, 1800 MHz, 2130 MHz, 9501 MHz, 1800 MHz, 247.13 W, 420.00 W, 420.00 W, 61, 100 %, 8473 MiB, P2, 0x0000000000000000, Not Active, Not Active, Not Active, Not Active, Not Active
2026-10-02T17:51:19+08:00,2026/10/02 17:51:19.227, 1800 MHz, 2130 MHz, 9501 MHz, 1800 MHz, 247.28 W, 420.00 W, 420.00 W, 61, 100 %, 8473 MiB, P2, 0x0000000000000000, Not Active, Not Active, Not Active, Not Active, Not Active
2026-10-02T17:51:20+08:00,2026/10/02 17:51:20.260, 1800 MHz, 2130 MHz, 9501 MHz, 1800 MHz, 247.53 W, 420.00 W, 420.00 W, 61, 100 %, 8473 MiB, P2, 0x0000000000000000, Not Active, Not Active, Not Active, Not Active, Not Active
2026-10-02T17:51:21+08:00,2026/10/02 17:51:21.296, 1800 MHz, 2130 MHz, 9501 MHz, 1800 MHz, 247.36 W, 420.00 W, 420.00 W, 61, 100 %, 8473 MiB, P2, 0x0000000000000000, Not Active, Not Active, Not Active, Not Active, Not Active
2026-10-02T17:51:22+08:00,2026/10/02 17:51:22.332, 1800 MHz, 2130 MHz, 9501 MHz, 1800 MHz, 247.28 W, 420.00 W, 420.00 W, 61, 100 %, 8473 MiB, P2, 0x0000000000000000, Not Active, Not Active, Not Active, Not Active, Not Active
2026-10-02T17:51:23+08:00,2026/10/02 17:51:23.363, 1800 MHz, 2130 MHz, 9501 MHz, 1800 MHz, 247.39 W, 420.00 W, 420.00 W, 61, 100 %, 8473 MiB, P2, 0x0000000000000000, Not Active, Not Active, Not Active, Not Active, Not Active
2026-10-02T17:51:24+08:00,2026/10/02 17:51:24.394, 1800 MHz, 2130 MHz, 9501 MHz, 1800 MHz, 247.51 W, 420.00 W, 420.00 W, 61, 100 %, 8473 MiB, P2, 0x0000000000000000, Not Active, Not Active, Not Active, Not Active, Not Active
2026-10-02T17:51:25+08:00,2026/10/02 17:51:25.426, 1800 MHz, 2130 MHz, 9501 MHz, 1800 MHz, 220.23 W, 420.00 W, 420.00 W, 61, 100 %, 8473 MiB, P2, 0x0000000000000000, Not Active, Not Active, Not Active, Not Active, Not Active
2026-10-02T17:51:26+08:00,2026/10/02 17:51:26.450, 1800 MHz, 2130 MHz, 9501 MHz, 1800 MHz, 138.50 W, 420.00 W, 420.00 W, 58, 0 %, 8473 MiB, P2, 0x0000000000000000, Not Active, Not Active, Not Active, Not Active, Not Active
2026-10-02T17:51:27+08:00,2026/10/02 17:51:27.474, 1800 MHz, 2130 MHz, 9501 MHz, 1800 MHz, 118.25 W, 420.00 W, 420.00 W, 58, 0 %, 8473 MiB, P2, 0x0000000000000000, Not Active, Not Active, Not Active, Not Active, Not Active
2026-10-02T17:51:28+08:00,2026/10/02 17:51:28.502, 1800 MHz, 2130 MHz, 9501 MHz, 1800 MHz, 118.27 W, 420.00 W, 420.00 W, 58, 0 %, 8473 MiB, P2, 0x0000000000000000, Not Active, Not Active, Not Active, Not Active, Not Active
2026-10-02T17:51:29+08:00,2026/10/02 17:51:29.528, 1800 MHz, 2130 MHz, 9501 MHz, 1800 MHz, 118.13 W, 420.00 W, 420.00 W, 58, 0 %, 8473 MiB, P2, 0x0000000000000000, Not Active, Not Active, Not Active, Not Active, Not Active
2026-10-02T17:51:30+08:00,2026/10/02 17:51:30.554, 1800 MHz, 2130 MHz, 9501 MHz, 1800 MHz, 118.10 W, 420.00 W, 420.00 W, 58, 0 %, 8473 MiB, P2, 0x0000000000000000, Not Active, Not Active, Not Active, Not Active, Not Active
2026-10-02T17:51:31+08:00,2026/10/02 17:51:31.578, 1800 MHz, 2130 MHz, 9501 MHz, 1800 MHz, 117.84 W, 420.00 W, 420.00 W, 57, 0 %, 8473 MiB, P2, 0x0000000000000000, Not Active, Not Active, Not Active, Not Active, Not Active
2026-10-02T17:51:32+08:00,2026/10/02 17:51:32.604, 1800 MHz, 2130 MHz, 9501 MHz, 1800 MHz, 117.88 W, 420.00 W, 420.00 W, 57, 0 %, 8473 MiB, P2, 0x0000000000000000, Not Active, Not Active, Not Active, Not Active, Not Active
2026-10-02T17:51:33+08:00,2026/10/02 17:51:33.629, 1800 MHz, 2130 MHz, 9501 MHz, 1800 MHz, 117.81 W, 420.00 W, 420.00 W, 57, 0 %, 8473 MiB, P2, 0x0000000000000000, Not Active, Not Active, Not Active, Not Active, Not Active
2026-10-02T17:51:34+08:00,2026/10/02 17:51:34.651, 1800 MHz, 2130 MHz, 9501 MHz, 1800 MHz, 117.77 W, 420.00 W, 420.00 W, 57, 0 %, 8473 MiB, P2, 0x0000000000000000, Not Active, Not Active, Not Active, Not Active, Not Active
2026-10-02T17:51:35+08:00,2026/10/02 17:51:35.672, 1800 MHz, 2130 MHz, 9501 MHz, 1800 MHz, 117.86 W, 420.00 W, 420.00 W, 57, 0 %, 8473 MiB, P2, 0x0000000000000000, Not Active, Not Active, Not Active, Not Active, Not Active
2026-10-02T17:51:36+08:00,2026/10/02 17:51:36.697, 1800 MHz, 2130 MHz, 9501 MHz, 1800 MHz, 117.64 W, 420.00 W, 420.00 W, 57, 0 %, 8473 MiB, P2, 0x0000000000000000, Not Active, Not Active, Not Active, Not Active, Not Active
2026-10-02T17:51:37+08:00,2026/10/02 17:51:37.720, 1800 MHz, 2130 MHz, 9501 MHz, 1800 MHz, 117.81 W, 420.00 W, 420.00 W, 57, 0 %, 8473 MiB, P2, 0x0000000000000000, Not Active, Not Active, Not Active, Not Active, Not Active
2026-10-02T17:51:38+08:00,2026/10/02 17:51:38.742, 1800 MHz, 2130 MHz, 9501 MHz, 1800 MHz, 117.94 W, 420.00 W, 420.00 W, 57, 0 %, 8473 MiB, P2, 0x0000000000000000, Not Active, Not Active, Not Active, Not Active, Not Active
2026-10-02T17:51:39+08:00,2026/10/02 17:51:39.764, 1800 MHz, 2130 MHz, 9501 MHz, 1800 MHz, 117.96 W, 420.00 W, 420.00 W, 57, 0 %, 8473 MiB, P2, 0x0000000000000000, Not Active, Not Active, Not Active, Not Active, Not Active
2026-10-02T17:51:40+08:00,2026/10/02 17:51:40.788, 1800 MHz, 2130 MHz, 9501 MHz, 1800 MHz, 118.10 W, 420.00 W, 420.00 W, 57, 0 %, 8473 MiB, P2, 0x0000000000000000, Not Active, Not Active, Not Active, Not Active, Not Active
2026-10-02T17:51:41+08:00,2026/10/02 17:51:41.812, 1800 MHz, 2130 MHz, 9501 MHz, 1800 MHz, 118.11 W, 420.00 W, 420.00 W, 57, 0 %, 8473 MiB, P2, 0x0000000000000000, Not Active, Not Active, Not Active, Not Active, Not Active
2026-10-02T17:51:42+08:00,2026/10/02 17:51:42.837, 1800 MHz, 2130 MHz, 9501 MHz, 1800 MHz, 118.00 W, 420.00 W, 420.00 W, 57, 0 %, 8473 MiB, P2, 0x0000000000000001, Not Active, Not Active, Not Active, Not Active, Active
2026-10-02T17:51:43+08:00,2026/10/02 17:51:43.860, 1800 MHz, 2130 MHz, 9501 MHz, 1800 MHz, 117.88 W, 420.00 W, 420.00 W, 57, 0 %, 8473 MiB, P2, 0x0000000000000001, Not Active, Not Active, Not Active, Not Active, Active
2026-10-02T17:51:44+08:00,2026/10/02 17:51:44.885, 1800 MHz, 2130 MHz, 9501 MHz, 1800 MHz, 117.61 W, 420.00 W, 420.00 W, 57, 0 %, 8473 MiB, P2, 0x0000000000000001, Not Active, Not Active, Not Active, Not Active, Active
2026-10-02T17:51:45+08:00,2026/10/02 17:51:45.914, 1800 MHz, 2130 MHz, 9501 MHz, 1800 MHz, 183.49 W, 420.00 W, 420.00 W, 60, 100 %, 8473 MiB, P2, 0x0000000000000000, Not Active, Not Active, Not Active, Not Active, Not Active
2026-10-02T17:51:46+08:00,2026/10/02 17:51:46.949, 1800 MHz, 2130 MHz, 9501 MHz, 1800 MHz, 247.01 W, 420.00 W, 420.00 W, 61, 100 %, 8473 MiB, P2, 0x0000000000000000, Not Active, Not Active, Not Active, Not Active, Not Active
2026-10-02T17:51:47+08:00,2026/10/02 17:51:47.984, 1800 MHz, 2130 MHz, 9501 MHz, 1800 MHz, 247.35 W, 420.00 W, 420.00 W, 61, 100 %, 8473 MiB, P2, 0x0000000000000000, Not Active, Not Active, Not Active, Not Active, Not Active
2026-10-02T17:51:49+08:00,2026/10/02 17:51:49.020, 1800 MHz, 2130 MHz, 9501 MHz, 1800 MHz, 247.41 W, 420.00 W, 420.00 W, 61, 100 %, 8473 MiB, P2, 0x0000000000000000, Not Active, Not Active, Not Active, Not Active, Not Active
2026-10-02T17:51:50+08:00,2026/10/02 17:51:50.057, 1800 MHz, 2130 MHz, 9501 MHz, 1800 MHz, 247.46 W, 420.00 W, 420.00 W, 61, 100 %, 8473 MiB, P2, 0x0000000000000000, Not Active, Not Active, Not Active, Not Active, Not Active
2026-10-02T17:51:51+08:00,2026/10/02 17:51:51.093, 1800 MHz, 2130 MHz, 9501 MHz, 1800 MHz, 247.79 W, 420.00 W, 420.00 W, 62, 100 %, 8473 MiB, P2, 0x0000000000000000, Not Active, Not Active, Not Active, Not Active, Not Active
2026-10-02T17:51:52+08:00,2026/10/02 17:51:52.125, 1800 MHz, 2130 MHz, 9501 MHz, 1800 MHz, 247.92 W, 420.00 W, 420.00 W, 62, 100 %, 8473 MiB, P2, 0x0000000000000000, Not Active, Not Active, Not Active, Not Active, Not Active
2026-10-02T17:51:53+08:00,2026/10/02 17:51:53.160, 1800 MHz, 2130 MHz, 9501 MHz, 1800 MHz, 248.06 W, 420.00 W, 420.00 W, 62, 100 %, 8473 MiB, P2, 0x0000000000000000, Not Active, Not Active, Not Active, Not Active, Not Active
2026-10-02T17:51:54+08:00,2026/10/02 17:51:54.196, 1800 MHz, 2130 MHz, 9501 MHz, 1800 MHz, 248.05 W, 420.00 W, 420.00 W, 62, 100 %, 8473 MiB, P2, 0x0000000000000000, Not Active, Not Active, Not Active, Not Active, Not Active
2026-10-02T17:51:55+08:00,2026/10/02 17:51:55.233, 1800 MHz, 2130 MHz, 9501 MHz, 1800 MHz, 248.13 W, 420.00 W, 420.00 W, 62, 100 %, 8473 MiB, P2, 0x0000000000000000, Not Active, Not Active, Not Active, Not Active, Not Active
2026-10-02T17:51:56+08:00,2026/10/02 17:51:56.266, 1800 MHz, 2130 MHz, 9501 MHz, 1800 MHz, 150.40 W, 420.00 W, 420.00 W, 59, 0 %, 8473 MiB, P2, 0x0000000000000000, Not Active, Not Active, Not Active, Not Active, Not Active
2026-10-02T17:51:57+08:00,2026/10/02 17:51:57.288, 1800 MHz, 2130 MHz, 9501 MHz, 1800 MHz, 138.73 W, 420.00 W, 420.00 W, 59, 0 %, 8473 MiB, P2, 0x0000000000000000, Not Active, Not Active, Not Active, Not Active, Not Active
2026-10-02T17:51:58+08:00,2026/10/02 17:51:58.312, 1800 MHz, 2130 MHz, 9501 MHz, 1800 MHz, 118.59 W, 420.00 W, 420.00 W, 58, 0 %, 8473 MiB, P2, 0x0000000000000000, Not Active, Not Active, Not Active, Not Active, Not Active
2026-10-02T17:51:59+08:00,2026/10/02 17:51:59.334, 1800 MHz, 2130 MHz, 9501 MHz, 1800 MHz, 118.50 W, 420.00 W, 420.00 W, 58, 0 %, 8473 MiB, P2, 0x0000000000000000, Not Active, Not Active, Not Active, Not Active, Not Active
2026-10-02T17:52:00+08:00,2026/10/02 17:52:00.356, 1800 MHz, 2130 MHz, 9501 MHz, 1800 MHz, 118.22 W, 420.00 W, 420.00 W, 58, 0 %, 8473 MiB, P2, 0x0000000000000000, Not Active, Not Active, Not Active, Not Active, Not Active
2026-10-02T17:52:01+08:00,2026/10/02 17:52:01.380, 1800 MHz, 2130 MHz, 9501 MHz, 1800 MHz, 118.02 W, 420.00 W, 420.00 W, 58, 0 %, 8473 MiB, P2, 0x0000000000000000, Not Active, Not Active, Not Active, Not Active, Not Active
2026-10-02T17:52:02+08:00,2026/10/02 17:52:02.406, 1800 MHz, 2130 MHz, 9501 MHz, 1800 MHz, 117.89 W, 420.00 W, 420.00 W, 58, 0 %, 8473 MiB, P2, 0x0000000000000000, Not Active, Not Active, Not Active, Not Active, Not Active
2026-10-02T17:52:03+08:00,2026/10/02 17:52:03.433, 1800 MHz, 2130 MHz, 9501 MHz, 1800 MHz, 117.89 W, 420.00 W, 420.00 W, 58, 0 %, 8473 MiB, P2, 0x0000000000000000, Not Active, Not Active, Not Active, Not Active, Not Active
2026-10-02T17:52:04+08:00,2026/10/02 17:52:04.459, 1800 MHz, 2130 MHz, 9501 MHz, 1800 MHz, 117.89 W, 420.00 W, 420.00 W, 58, 0 %, 8473 MiB, P2, 0x0000000000000000, Not Active, Not Active, Not Active, Not Active, Not Active
2026-10-02T17:52:05+08:00,2026/10/02 17:52:05.485, 1800 MHz, 2130 MHz, 9501 MHz, 1800 MHz, 117.86 W, 420.00 W, 420.00 W, 58, 0 %, 8473 MiB, P2, 0x0000000000000000, Not Active, Not Active, Not Active, Not Active, Not Active
2026-10-02T17:52:06+08:00,2026/10/02 17:52:06.512, 1800 MHz, 2130 MHz, 9501 MHz, 1800 MHz, 117.92 W, 420.00 W, 420.00 W, 58, 0 %, 8473 MiB, P2, 0x0000000000000000, Not Active, Not Active, Not Active, Not Active, Not Active
2026-10-02T17:52:07+08:00,2026/10/02 17:52:07.535, 1800 MHz, 2130 MHz, 9501 MHz, 1800 MHz, 117.93 W, 420.00 W, 420.00 W, 58, 0 %, 8473 MiB, P2, 0x0000000000000000, Not Active, Not Active, Not Active, Not Active, Not Active
2026-10-02T17:52:08+08:00,2026/10/02 17:52:08.560, 1800 MHz, 2130 MHz, 9501 MHz, 1800 MHz, 118.08 W, 420.00 W, 420.00 W, 58, 0 %, 8473 MiB, P2, 0x0000000000000000, Not Active, Not Active, Not Active, Not Active, Not Active
2026-10-02T17:52:09+08:00,2026/10/02 17:52:09.586, 1800 MHz, 2130 MHz, 9501 MHz, 1800 MHz, 118.08 W, 420.00 W, 420.00 W, 58, 0 %, 8473 MiB, P2, 0x0000000000000000, Not Active, Not Active, Not Active, Not Active, Not Active
2026-10-02T17:52:10+08:00,2026/10/02 17:52:10.608, 1800 MHz, 2130 MHz, 9501 MHz, 1800 MHz, 118.01 W, 420.00 W, 420.00 W, 58, 0 %, 8473 MiB, P2, 0x0000000000000000, Not Active, Not Active, Not Active, Not Active, Not Active
2026-10-02T17:52:11+08:00,2026/10/02 17:52:11.633, 1800 MHz, 2130 MHz, 9501 MHz, 1800 MHz, 118.12 W, 420.00 W, 420.00 W, 58, 0 %, 8473 MiB, P2, 0x0000000000000000, Not Active, Not Active, Not Active, Not Active, Not Active
2026-10-02T17:52:12+08:00,2026/10/02 17:52:12.659, 1800 MHz, 2130 MHz, 9501 MHz, 1800 MHz, 117.88 W, 420.00 W, 420.00 W, 58, 0 %, 8473 MiB, P2, 0x0000000000000001, Not Active, Not Active, Not Active, Not Active, Active
2026-10-02T17:52:13+08:00,2026/10/02 17:52:13.685, 1800 MHz, 2130 MHz, 9501 MHz, 1800 MHz, 118.17 W, 420.00 W, 420.00 W, 58, 0 %, 8473 MiB, P2, 0x0000000000000001, Not Active, Not Active, Not Active, Not Active, Active
2026-10-02T17:52:14+08:00,2026/10/02 17:52:14.712, 1800 MHz, 2130 MHz, 9501 MHz, 1800 MHz, 118.45 W, 420.00 W, 420.00 W, 58, 0 %, 8473 MiB, P2, 0x0000000000000001, Not Active, Not Active, Not Active, Not Active, Active
2026-10-02T17:52:15+08:00,2026/10/02 17:52:15.738, 1800 MHz, 2130 MHz, 9501 MHz, 1800 MHz, 141.93 W, 420.00 W, 420.00 W, 58, 0 %, 8473 MiB, P2, 0x0000000000000000, Not Active, Not Active, Not Active, Not Active, Not Active
2026-10-02T17:52:16+08:00,2026/10/02 17:52:16.770, 1800 MHz, 2130 MHz, 9501 MHz, 1800 MHz, 247.56 W, 420.00 W, 420.00 W, 61, 100 %, 8473 MiB, P2, 0x0000000000000000, Not Active, Not Active, Not Active, Not Active, Not Active
2026-10-02T17:52:17+08:00,2026/10/02 17:52:17.803, 1800 MHz, 2130 MHz, 9501 MHz, 1800 MHz, 247.94 W, 420.00 W, 420.00 W, 62, 100 %, 8473 MiB, P2, 0x0000000000000000, Not Active, Not Active, Not Active, Not Active, Not Active
2026-10-02T17:52:18+08:00,2026/10/02 17:52:18.838, 1800 MHz, 2130 MHz, 9501 MHz, 1800 MHz, 248.04 W, 420.00 W, 420.00 W, 62, 100 %, 8473 MiB, P2, 0x0000000000000000, Not Active, Not Active, Not Active, Not Active, Not Active
2026-10-02T17:52:19+08:00,2026/10/02 17:52:19.869, 1800 MHz, 2130 MHz, 9501 MHz, 1800 MHz, 248.06 W, 420.00 W, 420.00 W, 62, 100 %, 8473 MiB, P2, 0x0000000000000000, Not Active, Not Active, Not Active, Not Active, Not Active
2026-10-02T17:52:20+08:00,2026/10/02 17:52:20.906, 1800 MHz, 2130 MHz, 9501 MHz, 1800 MHz, 248.21 W, 420.00 W, 420.00 W, 62, 100 %, 8473 MiB, P2, 0x0000000000000000, Not Active, Not Active, Not Active, Not Active, Not Active
2026-10-02T17:52:21+08:00,2026/10/02 17:52:21.940, 1800 MHz, 2130 MHz, 9501 MHz, 1800 MHz, 248.50 W, 420.00 W, 420.00 W, 62, 100 %, 8473 MiB, P2, 0x0000000000000000, Not Active, Not Active, Not Active, Not Active, Not Active
2026-10-02T17:52:22+08:00,2026/10/02 17:52:22.973, 1800 MHz, 2130 MHz, 9501 MHz, 1800 MHz, 248.51 W, 420.00 W, 420.00 W, 63, 100 %, 8473 MiB, P2, 0x0000000000000000, Not Active, Not Active, Not Active, Not Active, Not Active
2026-10-02T17:52:23+08:00,2026/10/02 17:52:24.009, 1800 MHz, 2130 MHz, 9501 MHz, 1800 MHz, 248.70 W, 420.00 W, 420.00 W, 63, 100 %, 8473 MiB, P2, 0x0000000000000000, Not Active, Not Active, Not Active, Not Active, Not Active
2026-10-02T17:52:25+08:00,2026/10/02 17:52:25.043, 1800 MHz, 2130 MHz, 9501 MHz, 1800 MHz, 248.81 W, 420.00 W, 420.00 W, 63, 100 %, 8473 MiB, P2, 0x0000000000000000, Not Active, Not Active, Not Active, Not Active, Not Active
2026-10-02T17:52:26+08:00,2026/10/02 17:52:26.074, 1800 MHz, 2130 MHz, 9501 MHz, 1800 MHz, 203.63 W, 420.00 W, 420.00 W, 60, 0 %, 8473 MiB, P2, 0x0000000000000000, Not Active, Not Active, Not Active, Not Active, Not Active
2026-10-02T17:52:27+08:00,2026/10/02 17:52:27.099, 1800 MHz, 2130 MHz, 9501 MHz, 1800 MHz, 119.87 W, 420.00 W, 420.00 W, 59, 0 %, 8473 MiB, P2, 0x0000000000000000, Not Active, Not Active, Not Active, Not Active, Not Active
2026-10-02T17:52:28+08:00,2026/10/02 17:52:28.121, 1800 MHz, 2130 MHz, 9501 MHz, 1800 MHz, 119.62 W, 420.00 W, 420.00 W, 59, 0 %, 8473 MiB, P2, 0x0000000000000000, Not Active, Not Active, Not Active, Not Active, Not Active
2026-10-02T17:52:29+08:00,2026/10/02 17:52:29.144, 1800 MHz, 2130 MHz, 9501 MHz, 1800 MHz, 119.15 W, 420.00 W, 420.00 W, 59, 0 %, 8473 MiB, P2, 0x0000000000000000, Not Active, Not Active, Not Active, Not Active, Not Active
2026-10-02T17:52:30+08:00,2026/10/02 17:52:30.166, 1800 MHz, 2130 MHz, 9501 MHz, 1800 MHz, 119.17 W, 420.00 W, 420.00 W, 59, 0 %, 8473 MiB, P2, 0x0000000000000000, Not Active, Not Active, Not Active, Not Active, Not Active
2026-10-02T17:52:31+08:00,2026/10/02 17:52:31.191, 1800 MHz, 2130 MHz, 9501 MHz, 1800 MHz, 119.39 W, 420.00 W, 420.00 W, 59, 0 %, 8473 MiB, P2, 0x0000000000000000, Not Active, Not Active, Not Active, Not Active, Not Active
2026-10-02T17:52:32+08:00,2026/10/02 17:52:32.218, 1800 MHz, 2130 MHz, 9501 MHz, 1800 MHz, 119.51 W, 420.00 W, 420.00 W, 59, 0 %, 8473 MiB, P2, 0x0000000000000000, Not Active, Not Active, Not Active, Not Active, Not Active
2026-10-02T17:52:33+08:00,2026/10/02 17:52:33.245, 1800 MHz, 2130 MHz, 9501 MHz, 1800 MHz, 119.35 W, 420.00 W, 420.00 W, 59, 0 %, 8473 MiB, P2, 0x0000000000000000, Not Active, Not Active, Not Active, Not Active, Not Active
2026-10-02T17:52:34+08:00,2026/10/02 17:52:34.271, 1800 MHz, 2130 MHz, 9501 MHz, 1800 MHz, 119.38 W, 420.00 W, 420.00 W, 59, 0 %, 8473 MiB, P2, 0x0000000000000000, Not Active, Not Active, Not Active, Not Active, Not Active
2026-10-02T17:52:35+08:00,2026/10/02 17:52:35.294, 1800 MHz, 2130 MHz, 9501 MHz, 1800 MHz, 119.40 W, 420.00 W, 420.00 W, 59, 0 %, 8473 MiB, P2, 0x0000000000000000, Not Active, Not Active, Not Active, Not Active, Not Active
2026-10-02T17:52:36+08:00,2026/10/02 17:52:36.320, 1800 MHz, 2130 MHz, 9501 MHz, 1800 MHz, 119.21 W, 420.00 W, 420.00 W, 59, 0 %, 8473 MiB, P2, 0x0000000000000000, Not Active, Not Active, Not Active, Not Active, Not Active
2026-10-02T17:52:37+08:00,2026/10/02 17:52:37.346, 1800 MHz, 2130 MHz, 9501 MHz, 1800 MHz, 119.03 W, 420.00 W, 420.00 W, 59, 0 %, 8473 MiB, P2, 0x0000000000000000, Not Active, Not Active, Not Active, Not Active, Not Active
2026-10-02T17:52:38+08:00,2026/10/02 17:52:38.371, 1800 MHz, 2130 MHz, 9501 MHz, 1800 MHz, 118.96 W, 420.00 W, 420.00 W, 59, 0 %, 8473 MiB, P2, 0x0000000000000000, Not Active, Not Active, Not Active, Not Active, Not Active
2026-10-02T17:52:39+08:00,2026/10/02 17:52:39.397, 1800 MHz, 2130 MHz, 9501 MHz, 1800 MHz, 118.88 W, 420.00 W, 420.00 W, 59, 0 %, 8473 MiB, P2, 0x0000000000000000, Not Active, Not Active, Not Active, Not Active, Not Active
2026-10-02T17:52:40+08:00,2026/10/02 17:52:40.418, 1800 MHz, 2130 MHz, 9501 MHz, 1800 MHz, 118.61 W, 420.00 W, 420.00 W, 59, 0 %, 8473 MiB, P2, 0x0000000000000000, Not Active, Not Active, Not Active, Not Active, Not Active
2026-10-02T17:52:41+08:00,2026/10/02 17:52:41.440, 1800 MHz, 2130 MHz, 9501 MHz, 1800 MHz, 118.48 W, 420.00 W, 420.00 W, 59, 0 %, 8473 MiB, P2, 0x0000000000000000, Not Active, Not Active, Not Active, Not Active, Not Active
2026-10-02T17:52:42+08:00,2026/10/02 17:52:42.462, 1800 MHz, 2130 MHz, 9501 MHz, 1800 MHz, 118.64 W, 420.00 W, 420.00 W, 59, 0 %, 8473 MiB, P2, 0x0000000000000001, Not Active, Not Active, Not Active, Not Active, Active
2026-10-02T17:52:43+08:00,2026/10/02 17:52:43.487, 1800 MHz, 2130 MHz, 9501 MHz, 1800 MHz, 118.59 W, 420.00 W, 420.00 W, 59, 0 %, 8473 MiB, P2, 0x0000000000000001, Not Active, Not Active, Not Active, Not Active, Active
2026-10-02T17:52:44+08:00,2026/10/02 17:52:44.508, 1800 MHz, 2130 MHz, 9501 MHz, 1800 MHz, 118.56 W, 420.00 W, 420.00 W, 59, 0 %, 8473 MiB, P2, 0x0000000000000001, Not Active, Not Active, Not Active, Not Active, Active
2026-10-02T17:52:45+08:00,2026/10/02 17:52:45.532, 1800 MHz, 2130 MHz, 9501 MHz, 1800 MHz, 118.55 W, 420.00 W, 420.00 W, 59, 0 %, 8473 MiB, P2, 0x0000000000000001, Not Active, Not Active, Not Active, Not Active, Active
2026-10-02T17:52:46+08:00,2026/10/02 17:52:46.560, 1800 MHz, 2130 MHz, 9501 MHz, 1800 MHz, 184.55 W, 420.00 W, 420.00 W, 62, 100 %, 8473 MiB, P2, 0x0000000000000000, Not Active, Not Active, Not Active, Not Active, Not Active
2026-10-02T17:52:47+08:00,2026/10/02 17:52:47.593, 1800 MHz, 2130 MHz, 9501 MHz, 1800 MHz, 248.21 W, 420.00 W, 420.00 W, 62, 100 %, 8473 MiB, P2, 0x0000000000000000, Not Active, Not Active, Not Active, Not Active, Not Active
2026-10-02T17:52:48+08:00,2026/10/02 17:52:48.628, 1800 MHz, 2130 MHz, 9501 MHz, 1800 MHz, 248.32 W, 420.00 W, 420.00 W, 63, 100 %, 8473 MiB, P2, 0x0000000000000000, Not Active, Not Active, Not Active, Not Active, Not Active
2026-10-02T17:52:49+08:00,2026/10/02 17:52:49.664, 1800 MHz, 2130 MHz, 9501 MHz, 1800 MHz, 248.58 W, 420.00 W, 420.00 W, 63, 100 %, 8473 MiB, P2, 0x0000000000000000, Not Active, Not Active, Not Active, Not Active, Not Active
2026-10-02T17:52:50+08:00,2026/10/02 17:52:50.695, 1800 MHz, 2130 MHz, 9501 MHz, 1800 MHz, 248.70 W, 420.00 W, 420.00 W, 63, 100 %, 8473 MiB, P2, 0x0000000000000000, Not Active, Not Active, Not Active, Not Active, Not Active
2026-10-02T17:52:51+08:00,2026/10/02 17:52:51.726, 1800 MHz, 2130 MHz, 9501 MHz, 1800 MHz, 248.79 W, 420.00 W, 420.00 W, 63, 100 %, 8473 MiB, P2, 0x0000000000000000, Not Active, Not Active, Not Active, Not Active, Not Active
2026-10-02T17:52:52+08:00,2026/10/02 17:52:52.759, 1800 MHz, 2130 MHz, 9501 MHz, 1800 MHz, 249.12 W, 420.00 W, 420.00 W, 63, 100 %, 8473 MiB, P2, 0x0000000000000000, Not Active, Not Active, Not Active, Not Active, Not Active
2026-10-02T17:52:53+08:00,2026/10/02 17:52:53.794, 1800 MHz, 2130 MHz, 9501 MHz, 1800 MHz, 249.04 W, 420.00 W, 420.00 W, 64, 100 %, 8473 MiB, P2, 0x0000000000000000, Not Active, Not Active, Not Active, Not Active, Not Active
2026-10-02T17:52:54+08:00,2026/10/02 17:52:54.826, 1800 MHz, 2130 MHz, 9501 MHz, 1800 MHz, 249.30 W, 420.00 W, 420.00 W, 64, 100 %, 8473 MiB, P2, 0x0000000000000000, Not Active, Not Active, Not Active, Not Active, Not Active
2026-10-02T17:52:55+08:00,2026/10/02 17:52:55.858, 1800 MHz, 2130 MHz, 9501 MHz, 1800 MHz, 249.55 W, 420.00 W, 420.00 W, 64, 100 %, 8473 MiB, P2, 0x0000000000000000, Not Active, Not Active, Not Active, Not Active, Not Active
2026-10-02T17:52:56+08:00,2026/10/02 17:52:56.883, 1800 MHz, 2130 MHz, 9501 MHz, 1800 MHz, 134.20 W, 420.00 W, 420.00 W, 61, 0 %, 8473 MiB, P2, 0x0000000000000000, Not Active, Not Active, Not Active, Not Active, Not Active
2026-10-02T17:52:57+08:00,2026/10/02 17:52:57.908, 1800 MHz, 2130 MHz, 9501 MHz, 1800 MHz, 120.32 W, 420.00 W, 420.00 W, 60, 0 %, 8473 MiB, P2, 0x0000000000000000, Not Active, Not Active, Not Active, Not Active, Not Active
2026-10-02T17:52:58+08:00,2026/10/02 17:52:58.930, 1800 MHz, 2130 MHz, 9501 MHz, 1800 MHz, 120.13 W, 420.00 W, 420.00 W, 60, 0 %, 8473 MiB, P2, 0x0000000000000000, Not Active, Not Active, Not Active, Not Active, Not Active
2026-10-02T17:52:59+08:00,2026/10/02 17:52:59.951, 1800 MHz, 2130 MHz, 9501 MHz, 1800 MHz, 119.73 W, 420.00 W, 420.00 W, 60, 0 %, 8473 MiB, P2, 0x0000000000000000, Not Active, Not Active, Not Active, Not Active, Not Active
2026-10-02T17:53:00+08:00,2026/10/02 17:53:00.972, 1800 MHz, 2130 MHz, 9501 MHz, 1800 MHz, 119.43 W, 420.00 W, 420.00 W, 60, 0 %, 8473 MiB, P2, 0x0000000000000000, Not Active, Not Active, Not Active, Not Active, Not Active
2026-10-02T17:53:01+08:00,2026/10/02 17:53:01.993, 1800 MHz, 2130 MHz, 9501 MHz, 1800 MHz, 119.34 W, 420.00 W, 420.00 W, 60, 0 %, 8473 MiB, P2, 0x0000000000000000, Not Active, Not Active, Not Active, Not Active, Not Active
2026-10-02T17:53:03+08:00,2026/10/02 17:53:03.015, 1800 MHz, 2130 MHz, 9501 MHz, 1800 MHz, 119.53 W, 420.00 W, 420.00 W, 60, 0 %, 8473 MiB, P2, 0x0000000000000000, Not Active, Not Active, Not Active, Not Active, Not Active
2026-10-02T17:53:04+08:00,2026/10/02 17:53:04.036, 1800 MHz, 2130 MHz, 9501 MHz, 1800 MHz, 119.58 W, 420.00 W, 420.00 W, 60, 0 %, 8473 MiB, P2, 0x0000000000000000, Not Active, Not Active, Not Active, Not Active, Not Active
2026-10-02T17:53:05+08:00,2026/10/02 17:53:05.057, 1800 MHz, 2130 MHz, 9501 MHz, 1800 MHz, 119.69 W, 420.00 W, 420.00 W, 60, 0 %, 8473 MiB, P2, 0x0000000000000000, Not Active, Not Active, Not Active, Not Active, Not Active
2026-10-02T17:53:06+08:00,2026/10/02 17:53:06.079, 1800 MHz, 2130 MHz, 9501 MHz, 1800 MHz, 119.61 W, 420.00 W, 420.00 W, 60, 0 %, 8473 MiB, P2, 0x0000000000000000, Not Active, Not Active, Not Active, Not Active, Not Active
2026-10-02T17:53:07+08:00,2026/10/02 17:53:07.103, 1800 MHz, 2130 MHz, 9501 MHz, 1800 MHz, 119.37 W, 420.00 W, 420.00 W, 60, 0 %, 8473 MiB, P2, 0x0000000000000000, Not Active, Not Active, Not Active, Not Active, Not Active
2026-10-02T17:53:08+08:00,2026/10/02 17:53:08.129, 1800 MHz, 2130 MHz, 9501 MHz, 1800 MHz, 119.29 W, 420.00 W, 420.00 W, 60, 0 %, 8473 MiB, P2, 0x0000000000000000, Not Active, Not Active, Not Active, Not Active, Not Active
2026-10-02T17:53:09+08:00,2026/10/02 17:53:09.150, 1800 MHz, 2130 MHz, 9501 MHz, 1800 MHz, 119.43 W, 420.00 W, 420.00 W, 60, 0 %, 8473 MiB, P2, 0x0000000000000000, Not Active, Not Active, Not Active, Not Active, Not Active
2026-10-02T17:53:10+08:00,2026/10/02 17:53:10.171, 1800 MHz, 2130 MHz, 9501 MHz, 1800 MHz, 119.33 W, 420.00 W, 420.00 W, 60, 0 %, 8473 MiB, P2, 0x0000000000000000, Not Active, Not Active, Not Active, Not Active, Not Active
2026-10-02T17:53:11+08:00,2026/10/02 17:53:11.193, 1800 MHz, 2130 MHz, 9501 MHz, 1800 MHz, 119.51 W, 420.00 W, 420.00 W, 60, 0 %, 8473 MiB, P2, 0x0000000000000000, Not Active, Not Active, Not Active, Not Active, Not Active
2026-10-02T17:53:12+08:00,2026/10/02 17:53:12.214, 1800 MHz, 2130 MHz, 9501 MHz, 1800 MHz, 119.52 W, 420.00 W, 420.00 W, 60, 0 %, 8473 MiB, P2, 0x0000000000000001, Not Active, Not Active, Not Active, Not Active, Active
2026-10-02T17:53:13+08:00,2026/10/02 17:53:13.236, 1800 MHz, 2130 MHz, 9501 MHz, 1800 MHz, 119.56 W, 420.00 W, 420.00 W, 60, 0 %, 8473 MiB, P2, 0x0000000000000001, Not Active, Not Active, Not Active, Not Active, Active
2026-10-02T17:53:14+08:00,2026/10/02 17:53:14.257, 1800 MHz, 2130 MHz, 9501 MHz, 1800 MHz, 119.49 W, 420.00 W, 420.00 W, 60, 0 %, 8473 MiB, P2, 0x0000000000000001, Not Active, Not Active, Not Active, Not Active, Active
2026-10-02T17:53:15+08:00,2026/10/02 17:53:15.281, 1800 MHz, 2130 MHz, 9501 MHz, 1800 MHz, 119.41 W, 420.00 W, 420.00 W, 60, 0 %, 8473 MiB, P2, 0x0000000000000001, Not Active, Not Active, Not Active, Not Active, Active
2026-10-02T17:53:16+08:00,2026/10/02 17:53:16.303, 1800 MHz, 2130 MHz, 9501 MHz, 1800 MHz, 149.74 W, 420.00 W, 420.00 W, 61, 100 %, 8473 MiB, P2, 0x0000000000000000, Not Active, Not Active, Not Active, Not Active, Not Active
2026-10-02T17:53:17+08:00,2026/10/02 17:53:17.335, 1800 MHz, 2130 MHz, 9501 MHz, 1800 MHz, 248.61 W, 420.00 W, 420.00 W, 63, 100 %, 8473 MiB, P2, 0x0000000000000000, Not Active, Not Active, Not Active, Not Active, Not Active
2026-10-02T17:53:18+08:00,2026/10/02 17:53:18.370, 1800 MHz, 2130 MHz, 9501 MHz, 1800 MHz, 249.17 W, 420.00 W, 420.00 W, 64, 100 %, 8473 MiB, P2, 0x0000000000000000, Not Active, Not Active, Not Active, Not Active, Not Active
2026-10-02T17:53:19+08:00,2026/10/02 17:53:19.404, 1800 MHz, 2130 MHz, 9501 MHz, 1800 MHz, 249.33 W, 420.00 W, 420.00 W, 64, 100 %, 8473 MiB, P2, 0x0000000000000000, Not Active, Not Active, Not Active, Not Active, Not Active
2026-10-02T17:53:20+08:00,2026/10/02 17:53:20.440, 1800 MHz, 2130 MHz, 9501 MHz, 1800 MHz, 249.28 W, 420.00 W, 420.00 W, 64, 100 %, 8473 MiB, P2, 0x0000000000000000, Not Active, Not Active, Not Active, Not Active, Not Active
2026-10-02T17:53:21+08:00,2026/10/02 17:53:21.472, 1800 MHz, 2130 MHz, 9501 MHz, 1800 MHz, 249.65 W, 420.00 W, 420.00 W, 64, 100 %, 8473 MiB, P2, 0x0000000000000000, Not Active, Not Active, Not Active, Not Active, Not Active
2026-10-02T17:53:22+08:00,2026/10/02 17:53:22.507, 1800 MHz, 2130 MHz, 9501 MHz, 1800 MHz, 249.71 W, 420.00 W, 420.00 W, 64, 100 %, 8473 MiB, P2, 0x0000000000000000, Not Active, Not Active, Not Active, Not Active, Not Active
2026-10-02T17:53:23+08:00,2026/10/02 17:53:23.542, 1800 MHz, 2130 MHz, 9501 MHz, 1800 MHz, 250.01 W, 420.00 W, 420.00 W, 65, 100 %, 8473 MiB, P2, 0x0000000000000000, Not Active, Not Active, Not Active, Not Active, Not Active
2026-10-02T17:53:24+08:00,2026/10/02 17:53:24.577, 1800 MHz, 2130 MHz, 9501 MHz, 1800 MHz, 250.00 W, 420.00 W, 420.00 W, 65, 100 %, 8473 MiB, P2, 0x0000000000000000, Not Active, Not Active, Not Active, Not Active, Not Active
2026-10-02T17:53:25+08:00,2026/10/02 17:53:25.609, 1800 MHz, 2130 MHz, 9501 MHz, 1800 MHz, 250.32 W, 420.00 W, 420.00 W, 65, 100 %, 8473 MiB, P2, 0x0000000000000000, Not Active, Not Active, Not Active, Not Active, Not Active
2026-10-02T17:53:26+08:00,2026/10/02 17:53:26.641, 1800 MHz, 2130 MHz, 9501 MHz, 1800 MHz, 186.88 W, 420.00 W, 420.00 W, 62, 0 %, 8473 MiB, P2, 0x0000000000000000, Not Active, Not Active, Not Active, Not Active, Not Active
2026-10-02T17:53:27+08:00,2026/10/02 17:53:27.662, 1800 MHz, 2130 MHz, 9501 MHz, 1800 MHz, 140.00 W, 420.00 W, 420.00 W, 62, 0 %, 8473 MiB, P2, 0x0000000000000000, Not Active, Not Active, Not Active, Not Active, Not Active
2026-10-02T17:53:28+08:00,2026/10/02 17:53:28.688, 1800 MHz, 2130 MHz, 9501 MHz, 1800 MHz, 120.87 W, 420.00 W, 420.00 W, 61, 0 %, 8473 MiB, P2, 0x0000000000000000, Not Active, Not Active, Not Active, Not Active, Not Active
2026-10-02T17:53:29+08:00,2026/10/02 17:53:29.711, 1800 MHz, 2130 MHz, 9501 MHz, 1800 MHz, 120.80 W, 420.00 W, 420.00 W, 61, 0 %, 8473 MiB, P2, 0x0000000000000000, Not Active, Not Active, Not Active, Not Active, Not Active
2026-10-02T17:53:30+08:00,2026/10/02 17:53:30.733, 1800 MHz, 2130 MHz, 9501 MHz, 1800 MHz, 120.68 W, 420.00 W, 420.00 W, 61, 0 %, 8473 MiB, P2, 0x0000000000000000, Not Active, Not Active, Not Active, Not Active, Not Active
2026-10-02T17:53:31+08:00,2026/10/02 17:53:31.754, 1800 MHz, 2130 MHz, 9501 MHz, 1800 MHz, 120.83 W, 420.00 W, 420.00 W, 61, 0 %, 8473 MiB, P2, 0x0000000000000000, Not Active, Not Active, Not Active, Not Active, Not Active
2026-10-02T17:53:32+08:00,2026/10/02 17:53:32.778, 1800 MHz, 2130 MHz, 9501 MHz, 1800 MHz, 120.82 W, 420.00 W, 420.00 W, 61, 0 %, 8473 MiB, P2, 0x0000000000000000, Not Active, Not Active, Not Active, Not Active, Not Active
2026-10-02T17:53:33+08:00,2026/10/02 17:53:33.800, 1800 MHz, 2130 MHz, 9501 MHz, 1800 MHz, 120.11 W, 420.00 W, 420.00 W, 61, 0 %, 8473 MiB, P2, 0x0000000000000000, Not Active, Not Active, Not Active, Not Active, Not Active
2026-10-02T17:53:34+08:00,2026/10/02 17:53:34.821, 1800 MHz, 2130 MHz, 9501 MHz, 1800 MHz, 120.10 W, 420.00 W, 420.00 W, 61, 0 %, 8473 MiB, P2, 0x0000000000000000, Not Active, Not Active, Not Active, Not Active, Not Active
2026-10-02T17:53:35+08:00,2026/10/02 17:53:35.842, 1800 MHz, 2130 MHz, 9501 MHz, 1800 MHz, 120.26 W, 420.00 W, 420.00 W, 61, 0 %, 8473 MiB, P2, 0x0000000000000000, Not Active, Not Active, Not Active, Not Active, Not Active
2026-10-02T17:53:36+08:00,2026/10/02 17:53:36.863, 1800 MHz, 2130 MHz, 9501 MHz, 1800 MHz, 120.40 W, 420.00 W, 420.00 W, 61, 0 %, 8473 MiB, P2, 0x0000000000000000, Not Active, Not Active, Not Active, Not Active, Not Active
2026-10-02T17:53:37+08:00,2026/10/02 17:53:37.883, 1800 MHz, 2130 MHz, 9501 MHz, 1800 MHz, 120.37 W, 420.00 W, 420.00 W, 61, 0 %, 8473 MiB, P2, 0x0000000000000000, Not Active, Not Active, Not Active, Not Active, Not Active
2026-10-02T17:53:38+08:00,2026/10/02 17:53:38.905, 1800 MHz, 2130 MHz, 9501 MHz, 1800 MHz, 120.34 W, 420.00 W, 420.00 W, 61, 0 %, 8473 MiB, P2, 0x0000000000000000, Not Active, Not Active, Not Active, Not Active, Not Active
2026-10-02T17:53:39+08:00,2026/10/02 17:53:39.926, 1800 MHz, 2130 MHz, 9501 MHz, 1800 MHz, 120.46 W, 420.00 W, 420.00 W, 61, 0 %, 8473 MiB, P2, 0x0000000000000000, Not Active, Not Active, Not Active, Not Active, Not Active
2026-10-02T17:53:40+08:00,2026/10/02 17:53:40.947, 1800 MHz, 2130 MHz, 9501 MHz, 1800 MHz, 120.35 W, 420.00 W, 420.00 W, 61, 0 %, 8473 MiB, P2, 0x0000000000000000, Not Active, Not Active, Not Active, Not Active, Not Active
2026-10-02T17:53:41+08:00,2026/10/02 17:53:41.972, 1800 MHz, 2130 MHz, 9501 MHz, 1800 MHz, 120.26 W, 420.00 W, 420.00 W, 61, 0 %, 8473 MiB, P2, 0x0000000000000000, Not Active, Not Active, Not Active, Not Active, Not Active
2026-10-02T17:53:42+08:00,2026/10/02 17:53:42.997, 1800 MHz, 2130 MHz, 9501 MHz, 1800 MHz, 120.17 W, 420.00 W, 420.00 W, 61, 0 %, 8473 MiB, P2, 0x0000000000000001, Not Active, Not Active, Not Active, Not Active, Active
2026-10-02T17:53:44+08:00,2026/10/02 17:53:44.021, 1800 MHz, 2130 MHz, 9501 MHz, 1800 MHz, 120.22 W, 420.00 W, 420.00 W, 61, 0 %, 8473 MiB, P2, 0x0000000000000001, Not Active, Not Active, Not Active, Not Active, Active
2026-10-02T17:53:45+08:00,2026/10/02 17:53:45.046, 1800 MHz, 2130 MHz, 9501 MHz, 1800 MHz, 120.33 W, 420.00 W, 420.00 W, 61, 0 %, 8473 MiB, P2, 0x0000000000000001, Not Active, Not Active, Not Active, Not Active, Active
2026-10-02T17:53:46+08:00,2026/10/02 17:53:46.072, 1800 MHz, 2130 MHz, 9501 MHz, 1800 MHz, 122.35 W, 420.00 W, 420.00 W, 61, 0 %, 8473 MiB, P2, 0x0000000000000001, Not Active, Not Active, Not Active, Not Active, Active
2026-10-02T17:53:47+08:00,2026/10/02 17:53:47.108, 1800 MHz, 2130 MHz, 9501 MHz, 1800 MHz, 240.96 W, 420.00 W, 420.00 W, 64, 100 %, 8473 MiB, P2, 0x0000000000000000, Not Active, Not Active, Not Active, Not Active, Not Active
2026-10-02T17:53:48+08:00,2026/10/02 17:53:48.144, 1800 MHz, 2130 MHz, 9501 MHz, 1800 MHz, 249.98 W, 420.00 W, 420.00 W, 65, 100 %, 8473 MiB, P2, 0x0000000000000000, Not Active, Not Active, Not Active, Not Active, Not Active
2026-10-02T17:53:49+08:00,2026/10/02 17:53:49.179, 1800 MHz, 2130 MHz, 9501 MHz, 1800 MHz, 250.38 W, 420.00 W, 420.00 W, 65, 100 %, 8473 MiB, P2, 0x0000000000000000, Not Active, Not Active, Not Active, Not Active, Not Active
2026-10-02T17:53:50+08:00,2026/10/02 17:53:50.213, 1800 MHz, 2130 MHz, 9501 MHz, 1800 MHz, 250.46 W, 420.00 W, 420.00 W, 65, 100 %, 8473 MiB, P2, 0x0000000000000000, Not Active, Not Active, Not Active, Not Active, Not Active
2026-10-02T17:53:51+08:00,2026/10/02 17:53:51.249, 1800 MHz, 2130 MHz, 9501 MHz, 1800 MHz, 250.61 W, 420.00 W, 420.00 W, 66, 100 %, 8473 MiB, P2, 0x0000000000000000, Not Active, Not Active, Not Active, Not Active, Not Active
2026-10-02T17:53:52+08:00,2026/10/02 17:53:52.284, 1800 MHz, 2130 MHz, 9501 MHz, 1800 MHz, 250.59 W, 420.00 W, 420.00 W, 66, 100 %, 8473 MiB, P2, 0x0000000000000000, Not Active, Not Active, Not Active, Not Active, Not Active
2026-10-02T17:53:53+08:00,2026/10/02 17:53:53.317, 1800 MHz, 2130 MHz, 9501 MHz, 1800 MHz, 251.01 W, 420.00 W, 420.00 W, 66, 100 %, 8473 MiB, P2, 0x0000000000000000, Not Active, Not Active, Not Active, Not Active, Not Active
2026-10-02T17:53:54+08:00,2026/10/02 17:53:54.352, 1800 MHz, 2130 MHz, 9501 MHz, 1800 MHz, 251.13 W, 420.00 W, 420.00 W, 66, 100 %, 8473 MiB, P2, 0x0000000000000000, Not Active, Not Active, Not Active, Not Active, Not Active
2026-10-02T17:53:55+08:00,2026/10/02 17:53:55.384, 1800 MHz, 2130 MHz, 9501 MHz, 1800 MHz, 251.44 W, 420.00 W, 420.00 W, 66, 100 %, 8473 MiB, P2, 0x0000000000000000, Not Active, Not Active, Not Active, Not Active, Not Active
2026-10-02T17:53:56+08:00,2026/10/02 17:53:56.415, 1800 MHz, 2130 MHz, 9501 MHz, 1800 MHz, 234.16 W, 420.00 W, 420.00 W, 66, 100 %, 8473 MiB, P2, 0x0000000000000000, Not Active, Not Active, Not Active, Not Active, Not Active
2026-10-02T17:53:57+08:00,2026/10/02 17:53:57.436, 1800 MHz, 2130 MHz, 9501 MHz, 1800 MHz, 140.77 W, 420.00 W, 420.00 W, 63, 0 %, 8473 MiB, P2, 0x0000000000000000, Not Active, Not Active, Not Active, Not Active, Not Active
2026-10-02T17:53:58+08:00,2026/10/02 17:53:58.458, 1800 MHz, 2130 MHz, 9501 MHz, 1800 MHz, 122.47 W, 420.00 W, 420.00 W, 63, 0 %, 8473 MiB, P2, 0x0000000000000000, Not Active, Not Active, Not Active, Not Active, Not Active
2026-10-02T17:53:59+08:00,2026/10/02 17:53:59.479, 1800 MHz, 2130 MHz, 9501 MHz, 1800 MHz, 122.28 W, 420.00 W, 420.00 W, 63, 0 %, 8473 MiB, P2, 0x0000000000000000, Not Active, Not Active, Not Active, Not Active, Not Active
2026-10-02T17:54:00+08:00,2026/10/02 17:54:00.500, 1800 MHz, 2130 MHz, 9501 MHz, 1800 MHz, 122.28 W, 420.00 W, 420.00 W, 62, 0 %, 8473 MiB, P2, 0x0000000000000000, Not Active, Not Active, Not Active, Not Active, Not Active
2026-10-02T17:54:01+08:00,2026/10/02 17:54:01.521, 1800 MHz, 2130 MHz, 9501 MHz, 1800 MHz, 122.32 W, 420.00 W, 420.00 W, 62, 0 %, 8473 MiB, P2, 0x0000000000000000, Not Active, Not Active, Not Active, Not Active, Not Active
2026-10-02T17:54:02+08:00,2026/10/02 17:54:02.542, 1800 MHz, 2130 MHz, 9501 MHz, 1800 MHz, 122.02 W, 420.00 W, 420.00 W, 62, 0 %, 8473 MiB, P2, 0x0000000000000000, Not Active, Not Active, Not Active, Not Active, Not Active
2026-10-02T17:54:03+08:00,2026/10/02 17:54:03.562, 1800 MHz, 2130 MHz, 9501 MHz, 1800 MHz, 122.10 W, 420.00 W, 420.00 W, 62, 0 %, 8473 MiB, P2, 0x0000000000000000, Not Active, Not Active, Not Active, Not Active, Not Active
2026-10-02T17:54:04+08:00,2026/10/02 17:54:04.587, 1800 MHz, 2130 MHz, 9501 MHz, 1800 MHz, 122.31 W, 420.00 W, 420.00 W, 62, 0 %, 8473 MiB, P2, 0x0000000000000000, Not Active, Not Active, Not Active, Not Active, Not Active
2026-10-02T17:54:05+08:00,2026/10/02 17:54:05.609, 1800 MHz, 2130 MHz, 9501 MHz, 1800 MHz, 122.23 W, 420.00 W, 420.00 W, 62, 0 %, 8473 MiB, P2, 0x0000000000000000, Not Active, Not Active, Not Active, Not Active, Not Active
2026-10-02T17:54:06+08:00,2026/10/02 17:54:06.632, 1800 MHz, 2130 MHz, 9501 MHz, 1800 MHz, 122.10 W, 420.00 W, 420.00 W, 62, 0 %, 8473 MiB, P2, 0x0000000000000000, Not Active, Not Active, Not Active, Not Active, Not Active
2026-10-02T17:54:07+08:00,2026/10/02 17:54:07.654, 1800 MHz, 2130 MHz, 9501 MHz, 1800 MHz, 121.98 W, 420.00 W, 420.00 W, 62, 0 %, 8473 MiB, P2, 0x0000000000000000, Not Active, Not Active, Not Active, Not Active, Not Active
2026-10-02T17:54:08+08:00,2026/10/02 17:54:08.674, 1800 MHz, 2130 MHz, 9501 MHz, 1800 MHz, 121.94 W, 420.00 W, 420.00 W, 62, 0 %, 8473 MiB, P2, 0x0000000000000000, Not Active, Not Active, Not Active, Not Active, Not Active
2026-10-02T17:54:09+08:00,2026/10/02 17:54:09.695, 1800 MHz, 2130 MHz, 9501 MHz, 1800 MHz, 121.78 W, 420.00 W, 420.00 W, 62, 0 %, 8473 MiB, P2, 0x0000000000000000, Not Active, Not Active, Not Active, Not Active, Not Active
2026-10-02T17:54:10+08:00,2026/10/02 17:54:10.715, 1800 MHz, 2130 MHz, 9501 MHz, 1800 MHz, 121.88 W, 420.00 W, 420.00 W, 62, 0 %, 8473 MiB, P2, 0x0000000000000000, Not Active, Not Active, Not Active, Not Active, Not Active
2026-10-02T17:54:11+08:00,2026/10/02 17:54:11.736, 1800 MHz, 2130 MHz, 9501 MHz, 1800 MHz, 121.81 W, 420.00 W, 420.00 W, 62, 0 %, 8473 MiB, P2, 0x0000000000000000, Not Active, Not Active, Not Active, Not Active, Not Active
2026-10-02T17:54:12+08:00,2026/10/02 17:54:12.756, 1800 MHz, 2130 MHz, 9501 MHz, 1800 MHz, 121.73 W, 420.00 W, 420.00 W, 62, 0 %, 8473 MiB, P2, 0x0000000000000000, Not Active, Not Active, Not Active, Not Active, Not Active
2026-10-02T17:54:13+08:00,2026/10/02 17:54:13.777, 1800 MHz, 2130 MHz, 9501 MHz, 1800 MHz, 121.71 W, 420.00 W, 420.00 W, 62, 0 %, 8473 MiB, P2, 0x0000000000000001, Not Active, Not Active, Not Active, Not Active, Active
2026-10-02T17:54:14+08:00,2026/10/02 17:54:14.797, 1800 MHz, 2130 MHz, 9501 MHz, 1800 MHz, 121.91 W, 420.00 W, 420.00 W, 62, 0 %, 8473 MiB, P2, 0x0000000000000001, Not Active, Not Active, Not Active, Not Active, Active
2026-10-02T17:54:15+08:00,2026/10/02 17:54:15.818, 1800 MHz, 2130 MHz, 9501 MHz, 1800 MHz, 121.95 W, 420.00 W, 420.00 W, 62, 0 %, 8473 MiB, P2, 0x0000000000000001, Not Active, Not Active, Not Active, Not Active, Active
2026-10-02T17:54:16+08:00,2026/10/02 17:54:16.840, 1800 MHz, 2130 MHz, 9501 MHz, 1800 MHz, 156.45 W, 420.00 W, 420.00 W, 64, 100 %, 8473 MiB, P2, 0x0000000000000000, Not Active, Not Active, Not Active, Not Active, Not Active
2026-10-02T17:54:17+08:00,2026/10/02 17:54:17.871, 1800 MHz, 2130 MHz, 9501 MHz, 1800 MHz, 249.50 W, 420.00 W, 420.00 W, 66, 100 %, 8473 MiB, P2, 0x0000000000000000, Not Active, Not Active, Not Active, Not Active, Not Active
2026-10-02T17:54:18+08:00,2026/10/02 17:54:18.905, 1800 MHz, 2130 MHz, 9501 MHz, 1800 MHz, 249.98 W, 420.00 W, 420.00 W, 66, 100 %, 8473 MiB, P2, 0x0000000000000000, Not Active, Not Active, Not Active, Not Active, Not Active
2026-10-02T17:54:19+08:00,2026/10/02 17:54:19.935, 1800 MHz, 2130 MHz, 9501 MHz, 1800 MHz, 250.08 W, 420.00 W, 420.00 W, 66, 100 %, 8473 MiB, P2, 0x0000000000000000, Not Active, Not Active, Not Active, Not Active, Not Active
2026-10-02T17:54:20+08:00,2026/10/02 17:54:20.965, 1800 MHz, 2130 MHz, 9501 MHz, 1800 MHz, 250.44 W, 420.00 W, 420.00 W, 66, 100 %, 8473 MiB, P2, 0x0000000000000000, Not Active, Not Active, Not Active, Not Active, Not Active
2026-10-02T17:54:21+08:00,2026/10/02 17:54:21.994, 1800 MHz, 2130 MHz, 9501 MHz, 1800 MHz, 250.38 W, 420.00 W, 420.00 W, 67, 100 %, 8473 MiB, P2, 0x0000000000000000, Not Active, Not Active, Not Active, Not Active, Not Active
2026-10-02T17:54:23+08:00,2026/10/02 17:54:23.025, 1800 MHz, 2130 MHz, 9501 MHz, 1800 MHz, 250.44 W, 420.00 W, 420.00 W, 67, 100 %, 8473 MiB, P2, 0x0000000000000000, Not Active, Not Active, Not Active, Not Active, Not Active
2026-10-02T17:54:24+08:00,2026/10/02 17:54:24.054, 1800 MHz, 2130 MHz, 9501 MHz, 1800 MHz, 250.73 W, 420.00 W, 420.00 W, 67, 100 %, 8473 MiB, P2, 0x0000000000000000, Not Active, Not Active, Not Active, Not Active, Not Active
2026-10-02T17:54:25+08:00,2026/10/02 17:54:25.084, 1800 MHz, 2130 MHz, 9501 MHz, 1800 MHz, 250.92 W, 420.00 W, 420.00 W, 67, 100 %, 8473 MiB, P2, 0x0000000000000000, Not Active, Not Active, Not Active, Not Active, Not Active
2026-10-02T17:54:26+08:00,2026/10/02 17:54:26.117, 1800 MHz, 2130 MHz, 9501 MHz, 1800 MHz, 250.92 W, 420.00 W, 420.00 W, 67, 100 %, 8473 MiB, P2, 0x0000000000000000, Not Active, Not Active, Not Active, Not Active, Not Active
2026-10-02T17:54:27+08:00,2026/10/02 17:54:27.147, 1800 MHz, 2130 MHz, 9501 MHz, 1800 MHz, 181.36 W, 420.00 W, 420.00 W, 64, 0 %, 8473 MiB, P2, 0x0000000000000000, Not Active, Not Active, Not Active, Not Active, Not Active
2026-10-02T17:54:28+08:00,2026/10/02 17:54:28.166, 1800 MHz, 2130 MHz, 9501 MHz, 1800 MHz, 146.74 W, 420.00 W, 420.00 W, 64, 0 %, 8473 MiB, P2, 0x0000000000000000, Not Active, Not Active, Not Active, Not Active, Not Active
2026-10-02T17:54:29+08:00,2026/10/02 17:54:29.187, 1800 MHz, 2130 MHz, 9501 MHz, 1800 MHz, 123.33 W, 420.00 W, 420.00 W, 63, 0 %, 8473 MiB, P2, 0x0000000000000000, Not Active, Not Active, Not Active, Not Active, Not Active
2026-10-02T17:54:30+08:00,2026/10/02 17:54:30.207, 1800 MHz, 2130 MHz, 9501 MHz, 1800 MHz, 123.34 W, 420.00 W, 420.00 W, 63, 0 %, 8473 MiB, P2, 0x0000000000000000, Not Active, Not Active, Not Active, Not Active, Not Active
2026-10-02T17:54:31+08:00,2026/10/02 17:54:31.231, 1800 MHz, 2130 MHz, 9501 MHz, 1800 MHz, 123.12 W, 420.00 W, 420.00 W, 63, 0 %, 8473 MiB, P2, 0x0000000000000000, Not Active, Not Active, Not Active, Not Active, Not Active
2026-10-02T17:54:32+08:00,2026/10/02 17:54:32.251, 1800 MHz, 2130 MHz, 9501 MHz, 1800 MHz, 123.09 W, 420.00 W, 420.00 W, 63, 0 %, 8473 MiB, P2, 0x0000000000000000, Not Active, Not Active, Not Active, Not Active, Not Active
2026-10-02T17:54:33+08:00,2026/10/02 17:54:33.272, 1800 MHz, 2130 MHz, 9501 MHz, 1800 MHz, 122.99 W, 420.00 W, 420.00 W, 63, 0 %, 8473 MiB, P2, 0x0000000000000000, Not Active, Not Active, Not Active, Not Active, Not Active
2026-10-02T17:54:34+08:00,2026/10/02 17:54:34.291, 1800 MHz, 2130 MHz, 9501 MHz, 1800 MHz, 122.85 W, 420.00 W, 420.00 W, 63, 0 %, 8473 MiB, P2, 0x0000000000000000, Not Active, Not Active, Not Active, Not Active, Not Active
2026-10-02T17:54:35+08:00,2026/10/02 17:54:35.311, 1800 MHz, 2130 MHz, 9501 MHz, 1800 MHz, 122.81 W, 420.00 W, 420.00 W, 63, 0 %, 8473 MiB, P2, 0x0000000000000000, Not Active, Not Active, Not Active, Not Active, Not Active
2026-10-02T17:54:36+08:00,2026/10/02 17:54:36.331, 1800 MHz, 2130 MHz, 9501 MHz, 1800 MHz, 122.57 W, 420.00 W, 420.00 W, 63, 0 %, 8473 MiB, P2, 0x0000000000000000, Not Active, Not Active, Not Active, Not Active, Not Active
2026-10-02T17:54:37+08:00,2026/10/02 17:54:37.351, 1800 MHz, 2130 MHz, 9501 MHz, 1800 MHz, 122.75 W, 420.00 W, 420.00 W, 63, 0 %, 8473 MiB, P2, 0x0000000000000000, Not Active, Not Active, Not Active, Not Active, Not Active
2026-10-02T17:54:38+08:00,2026/10/02 17:54:38.375, 1800 MHz, 2130 MHz, 9501 MHz, 1800 MHz, 122.75 W, 420.00 W, 420.00 W, 62, 0 %, 8473 MiB, P2, 0x0000000000000000, Not Active, Not Active, Not Active, Not Active, Not Active
2026-10-02T17:54:39+08:00,2026/10/02 17:54:39.395, 1800 MHz, 2130 MHz, 9501 MHz, 1800 MHz, 122.71 W, 420.00 W, 420.00 W, 62, 0 %, 8473 MiB, P2, 0x0000000000000000, Not Active, Not Active, Not Active, Not Active, Not Active
2026-10-02T17:54:40+08:00,2026/10/02 17:54:40.415, 1800 MHz, 2130 MHz, 9501 MHz, 1800 MHz, 122.59 W, 420.00 W, 420.00 W, 62, 0 %, 8473 MiB, P2, 0x0000000000000000, Not Active, Not Active, Not Active, Not Active, Not Active
2026-10-02T17:54:41+08:00,2026/10/02 17:54:41.435, 1800 MHz, 2130 MHz, 9501 MHz, 1800 MHz, 122.57 W, 420.00 W, 420.00 W, 62, 0 %, 8473 MiB, P2, 0x0000000000000000, Not Active, Not Active, Not Active, Not Active, Not Active
2026-10-02T17:54:42+08:00,2026/10/02 17:54:42.456, 1800 MHz, 2130 MHz, 9501 MHz, 1800 MHz, 122.66 W, 420.00 W, 420.00 W, 62, 0 %, 8473 MiB, P2, 0x0000000000000000, Not Active, Not Active, Not Active, Not Active, Not Active
2026-10-02T17:54:43+08:00,2026/10/02 17:54:43.476, 1800 MHz, 2130 MHz, 9501 MHz, 1800 MHz, 122.53 W, 420.00 W, 420.00 W, 62, 0 %, 8473 MiB, P2, 0x0000000000000001, Not Active, Not Active, Not Active, Not Active, Active
2026-10-02T17:54:44+08:00,2026/10/02 17:54:44.496, 1800 MHz, 2130 MHz, 9501 MHz, 1800 MHz, 122.57 W, 420.00 W, 420.00 W, 62, 0 %, 8473 MiB, P2, 0x0000000000000001, Not Active, Not Active, Not Active, Not Active, Active
2026-10-02T17:54:45+08:00,2026/10/02 17:54:45.516, 1800 MHz, 2130 MHz, 9501 MHz, 1800 MHz, 122.27 W, 420.00 W, 420.00 W, 62, 0 %, 8473 MiB, P2, 0x0000000000000001, Not Active, Not Active, Not Active, Not Active, Active
2026-10-02T17:54:46+08:00,2026/10/02 17:54:46.536, 1800 MHz, 2130 MHz, 9501 MHz, 1800 MHz, 122.92 W, 420.00 W, 420.00 W, 62, 0 %, 8473 MiB, P2, 0x0000000000000001, Not Active, Not Active, Not Active, Not Active, Active
2026-10-02T17:54:47+08:00,2026/10/02 17:54:47.567, 1800 MHz, 2130 MHz, 9501 MHz, 1800 MHz, 249.54 W, 420.00 W, 420.00 W, 65, 100 %, 8473 MiB, P2, 0x0000000000000000, Not Active, Not Active, Not Active, Not Active, Not Active
2026-10-02T17:54:48+08:00,2026/10/02 17:54:48.598, 1800 MHz, 2130 MHz, 9501 MHz, 1800 MHz, 250.06 W, 420.00 W, 420.00 W, 66, 100 %, 8473 MiB, P2, 0x0000000000000000, Not Active, Not Active, Not Active, Not Active, Not Active
2026-10-02T17:54:49+08:00,2026/10/02 17:54:49.632, 1800 MHz, 2130 MHz, 9501 MHz, 1800 MHz, 250.33 W, 420.00 W, 420.00 W, 66, 100 %, 8473 MiB, P2, 0x0000000000000000, Not Active, Not Active, Not Active, Not Active, Not Active
2026-10-02T17:54:50+08:00,2026/10/02 17:54:50.663, 1800 MHz, 2130 MHz, 9501 MHz, 1800 MHz, 250.58 W, 420.00 W, 420.00 W, 66, 100 %, 8473 MiB, P2, 0x0000000000000000, Not Active, Not Active, Not Active, Not Active, Not Active
2026-10-02T17:54:51+08:00,2026/10/02 17:54:51.694, 1800 MHz, 2130 MHz, 9501 MHz, 1800 MHz, 250.76 W, 420.00 W, 420.00 W, 66, 100 %, 8473 MiB, P2, 0x0000000000000000, Not Active, Not Active, Not Active, Not Active, Not Active
2026-10-02T17:54:52+08:00,2026/10/02 17:54:52.724, 1800 MHz, 2130 MHz, 9501 MHz, 1800 MHz, 250.75 W, 420.00 W, 420.00 W, 66, 100 %, 8473 MiB, P2, 0x0000000000000000, Not Active, Not Active, Not Active, Not Active, Not Active
2026-10-02T17:54:53+08:00,2026/10/02 17:54:53.755, 1800 MHz, 2130 MHz, 9501 MHz, 1800 MHz, 250.72 W, 420.00 W, 420.00 W, 66, 100 %, 8473 MiB, P2, 0x0000000000000000, Not Active, Not Active, Not Active, Not Active, Not Active
2026-10-02T17:54:54+08:00,2026/10/02 17:54:54.786, 1800 MHz, 2130 MHz, 9501 MHz, 1800 MHz, 250.70 W, 420.00 W, 420.00 W, 67, 100 %, 8473 MiB, P2, 0x0000000000000000, Not Active, Not Active, Not Active, Not Active, Not Active
2026-10-02T17:54:55+08:00,2026/10/02 17:54:55.819, 1800 MHz, 2130 MHz, 9501 MHz, 1800 MHz, 250.81 W, 420.00 W, 420.00 W, 67, 100 %, 8473 MiB, P2, 0x0000000000000000, Not Active, Not Active, Not Active, Not Active, Not Active
2026-10-02T17:54:56+08:00,2026/10/02 17:54:56.849, 1800 MHz, 2130 MHz, 9501 MHz, 1800 MHz, 232.15 W, 420.00 W, 420.00 W, 67, 100 %, 8473 MiB, P2, 0x0000000000000000, Not Active, Not Active, Not Active, Not Active, Not Active
2026-10-02T17:54:57+08:00,2026/10/02 17:54:57.869, 1800 MHz, 2130 MHz, 9501 MHz, 1800 MHz, 124.10 W, 420.00 W, 420.00 W, 63, 0 %, 8473 MiB, P2, 0x0000000000000000, Not Active, Not Active, Not Active, Not Active, Not Active
2026-10-02T17:54:58+08:00,2026/10/02 17:54:58.890, 1800 MHz, 2130 MHz, 9501 MHz, 1800 MHz, 123.88 W, 420.00 W, 420.00 W, 63, 0 %, 8473 MiB, P2, 0x0000000000000000, Not Active, Not Active, Not Active, Not Active, Not Active
2026-10-02T17:54:59+08:00,2026/10/02 17:54:59.911, 1800 MHz, 2130 MHz, 9501 MHz, 1800 MHz, 123.13 W, 420.00 W, 420.00 W, 63, 0 %, 8473 MiB, P2, 0x0000000000000000, Not Active, Not Active, Not Active, Not Active, Not Active
2026-10-02T17:55:00+08:00,2026/10/02 17:55:00.931, 1800 MHz, 2130 MHz, 9501 MHz, 1800 MHz, 122.89 W, 420.00 W, 420.00 W, 63, 0 %, 8473 MiB, P2, 0x0000000000000000, Not Active, Not Active, Not Active, Not Active, Not Active
2026-10-02T17:55:01+08:00,2026/10/02 17:55:01.951, 1800 MHz, 2130 MHz, 9501 MHz, 1800 MHz, 122.65 W, 420.00 W, 420.00 W, 63, 0 %, 8473 MiB, P2, 0x0000000000000000, Not Active, Not Active, Not Active, Not Active, Not Active
2026-10-02T17:55:02+08:00,2026/10/02 17:55:02.972, 1800 MHz, 2130 MHz, 9501 MHz, 1800 MHz, 122.44 W, 420.00 W, 420.00 W, 62, 0 %, 8473 MiB, P2, 0x0000000000000000, Not Active, Not Active, Not Active, Not Active, Not Active
2026-10-02T17:55:03+08:00,2026/10/02 17:55:03.994, 1800 MHz, 2130 MHz, 9501 MHz, 1800 MHz, 122.39 W, 420.00 W, 420.00 W, 62, 0 %, 8473 MiB, P2, 0x0000000000000000, Not Active, Not Active, Not Active, Not Active, Not Active
2026-10-02T17:55:05+08:00,2026/10/02 17:55:05.014, 1800 MHz, 2130 MHz, 9501 MHz, 1800 MHz, 121.99 W, 420.00 W, 420.00 W, 62, 0 %, 8473 MiB, P2, 0x0000000000000000, Not Active, Not Active, Not Active, Not Active, Not Active
2026-10-02T17:55:06+08:00,2026/10/02 17:55:06.036, 1800 MHz, 2130 MHz, 9501 MHz, 1800 MHz, 121.83 W, 420.00 W, 420.00 W, 62, 0 %, 8473 MiB, P2, 0x0000000000000000, Not Active, Not Active, Not Active, Not Active, Not Active
2026-10-02T17:55:07+08:00,2026/10/02 17:55:07.056, 1800 MHz, 2130 MHz, 9501 MHz, 1800 MHz, 121.80 W, 420.00 W, 420.00 W, 62, 0 %, 8473 MiB, P2, 0x0000000000000000, Not Active, Not Active, Not Active, Not Active, Not Active
2026-10-02T17:55:08+08:00,2026/10/02 17:55:08.076, 1800 MHz, 2130 MHz, 9501 MHz, 1800 MHz, 121.80 W, 420.00 W, 420.00 W, 62, 0 %, 8473 MiB, P2, 0x0000000000000000, Not Active, Not Active, Not Active, Not Active, Not Active
2026-10-02T17:55:09+08:00,2026/10/02 17:55:09.097, 1800 MHz, 2130 MHz, 9501 MHz, 1800 MHz, 121.65 W, 420.00 W, 420.00 W, 62, 0 %, 8473 MiB, P2, 0x0000000000000000, Not Active, Not Active, Not Active, Not Active, Not Active
2026-10-02T17:55:10+08:00,2026/10/02 17:55:10.117, 1800 MHz, 2130 MHz, 9501 MHz, 1800 MHz, 121.50 W, 420.00 W, 420.00 W, 62, 0 %, 8473 MiB, P2, 0x0000000000000000, Not Active, Not Active, Not Active, Not Active, Not Active
2026-10-02T17:55:11+08:00,2026/10/02 17:55:11.140, 1800 MHz, 2130 MHz, 9501 MHz, 1800 MHz, 121.45 W, 420.00 W, 420.00 W, 62, 0 %, 8473 MiB, P2, 0x0000000000000000, Not Active, Not Active, Not Active, Not Active, Not Active
2026-10-02T17:55:12+08:00,2026/10/02 17:55:12.161, 1800 MHz, 2130 MHz, 9501 MHz, 1800 MHz, 121.61 W, 420.00 W, 420.00 W, 62, 0 %, 8473 MiB, P2, 0x0000000000000000, Not Active, Not Active, Not Active, Not Active, Not Active
2026-10-02T17:55:13+08:00,2026/10/02 17:55:13.184, 1800 MHz, 2130 MHz, 9501 MHz, 1800 MHz, 121.64 W, 420.00 W, 420.00 W, 62, 0 %, 8473 MiB, P2, 0x0000000000000001, Not Active, Not Active, Not Active, Not Active, Active
2026-10-02T17:55:14+08:00,2026/10/02 17:55:14.208, 1800 MHz, 2130 MHz, 9501 MHz, 1800 MHz, 121.72 W, 420.00 W, 420.00 W, 62, 0 %, 8473 MiB, P2, 0x0000000000000001, Not Active, Not Active, Not Active, Not Active, Active
2026-10-02T17:55:15+08:00,2026/10/02 17:55:15.229, 1800 MHz, 2130 MHz, 9501 MHz, 1800 MHz, 121.58 W, 420.00 W, 420.00 W, 62, 0 %, 8473 MiB, P2, 0x0000000000000001, Not Active, Not Active, Not Active, Not Active, Active
2026-10-02T17:55:16+08:00,2026/10/02 17:55:16.252, 1800 MHz, 2130 MHz, 9501 MHz, 1800 MHz, 121.46 W, 420.00 W, 420.00 W, 61, 0 %, 8473 MiB, P2, 0x0000000000000001, Not Active, Not Active, Not Active, Not Active, Active
2026-10-02T17:55:17+08:00,2026/10/02 17:55:17.273, 1800 MHz, 2130 MHz, 9501 MHz, 1800 MHz, 155.25 W, 420.00 W, 420.00 W, 64, 100 %, 8473 MiB, P2, 0x0000000000000000, Not Active, Not Active, Not Active, Not Active, Not Active
2026-10-02T17:55:18+08:00,2026/10/02 17:55:18.308, 1800 MHz, 2130 MHz, 9501 MHz, 1800 MHz, 249.42 W, 420.00 W, 420.00 W, 65, 100 %, 8473 MiB, P2, 0x0000000000000000, Not Active, Not Active, Not Active, Not Active, Not Active
2026-10-02T17:55:19+08:00,2026/10/02 17:55:19.342, 1800 MHz, 2130 MHz, 9501 MHz, 1800 MHz, 249.46 W, 420.00 W, 420.00 W, 65, 100 %, 8473 MiB, P2, 0x0000000000000000, Not Active, Not Active, Not Active, Not Active, Not Active
2026-10-02T17:55:20+08:00,2026/10/02 17:55:20.376, 1800 MHz, 2130 MHz, 9501 MHz, 1800 MHz, 249.77 W, 420.00 W, 420.00 W, 65, 100 %, 8473 MiB, P2, 0x0000000000000000, Not Active, Not Active, Not Active, Not Active, Not Active
2026-10-02T17:55:21+08:00,2026/10/02 17:55:21.407, 1800 MHz, 2130 MHz, 9501 MHz, 1800 MHz, 249.79 W, 420.00 W, 420.00 W, 66, 100 %, 8473 MiB, P2, 0x0000000000000000, Not Active, Not Active, Not Active, Not Active, Not Active
2026-10-02T17:55:22+08:00,2026/10/02 17:55:22.439, 1800 MHz, 2130 MHz, 9501 MHz, 1800 MHz, 249.80 W, 420.00 W, 420.00 W, 66, 100 %, 8473 MiB, P2, 0x0000000000000000, Not Active, Not Active, Not Active, Not Active, Not Active
2026-10-02T17:55:23+08:00,2026/10/02 17:55:23.471, 1800 MHz, 2130 MHz, 9501 MHz, 1800 MHz, 250.13 W, 420.00 W, 420.00 W, 66, 100 %, 8473 MiB, P2, 0x0000000000000000, Not Active, Not Active, Not Active, Not Active, Not Active
2026-10-02T17:55:24+08:00,2026/10/02 17:55:24.502, 1800 MHz, 2130 MHz, 9501 MHz, 1800 MHz, 250.20 W, 420.00 W, 420.00 W, 66, 100 %, 8473 MiB, P2, 0x0000000000000000, Not Active, Not Active, Not Active, Not Active, Not Active
2026-10-02T17:55:25+08:00,2026/10/02 17:55:25.532, 1800 MHz, 2130 MHz, 9501 MHz, 1800 MHz, 250.27 W, 420.00 W, 420.00 W, 66, 100 %, 8473 MiB, P2, 0x0000000000000000, Not Active, Not Active, Not Active, Not Active, Not Active
2026-10-02T17:55:26+08:00,2026/10/02 17:55:26.564, 1800 MHz, 2130 MHz, 9501 MHz, 1800 MHz, 250.31 W, 420.00 W, 420.00 W, 66, 100 %, 8473 MiB, P2, 0x0000000000000000, Not Active, Not Active, Not Active, Not Active, Not Active
2026-10-02T17:55:27+08:00,2026/10/02 17:55:27.595, 1800 MHz, 2130 MHz, 9501 MHz, 1800 MHz, 179.15 W, 420.00 W, 420.00 W, 63, 0 %, 8473 MiB, P2, 0x0000000000000000, Not Active, Not Active, Not Active, Not Active, Not Active
2026-10-02T17:55:28+08:00,2026/10/02 17:55:28.617, 1800 MHz, 2130 MHz, 9501 MHz, 1800 MHz, 144.48 W, 420.00 W, 420.00 W, 63, 0 %, 8473 MiB, P2, 0x0000000000000000, Not Active, Not Active, Not Active, Not Active, Not Active
2026-10-02T17:55:29+08:00,2026/10/02 17:55:29.640, 1800 MHz, 2130 MHz, 9501 MHz, 1800 MHz, 122.53 W, 420.00 W, 420.00 W, 62, 0 %, 8473 MiB, P2, 0x0000000000000000, Not Active, Not Active, Not Active, Not Active, Not Active
2026-10-02T17:55:30+08:00,2026/10/02 17:55:30.661, 1800 MHz, 2130 MHz, 9501 MHz, 1800 MHz, 122.25 W, 420.00 W, 420.00 W, 62, 0 %, 8473 MiB, P2, 0x0000000000000000, Not Active, Not Active, Not Active, Not Active, Not Active
2026-10-02T17:55:31+08:00,2026/10/02 17:55:31.681, 1800 MHz, 2130 MHz, 9501 MHz, 1800 MHz, 121.84 W, 420.00 W, 420.00 W, 62, 0 %, 8473 MiB, P2, 0x0000000000000000, Not Active, Not Active, Not Active, Not Active, Not Active
2026-10-02T17:55:32+08:00,2026/10/02 17:55:32.701, 1800 MHz, 2130 MHz, 9501 MHz, 1800 MHz, 121.65 W, 420.00 W, 420.00 W, 62, 0 %, 8473 MiB, P2, 0x0000000000000000, Not Active, Not Active, Not Active, Not Active, Not Active
2026-10-02T17:55:33+08:00,2026/10/02 17:55:33.721, 1800 MHz, 2130 MHz, 9501 MHz, 1800 MHz, 121.43 W, 420.00 W, 420.00 W, 62, 0 %, 8473 MiB, P2, 0x0000000000000000, Not Active, Not Active, Not Active, Not Active, Not Active
2026-10-02T17:55:34+08:00,2026/10/02 17:55:34.742, 1800 MHz, 2130 MHz, 9501 MHz, 1800 MHz, 121.48 W, 420.00 W, 420.00 W, 62, 0 %, 8473 MiB, P2, 0x0000000000000000, Not Active, Not Active, Not Active, Not Active, Not Active
2026-10-02T17:55:35+08:00,2026/10/02 17:55:35.761, 1800 MHz, 2130 MHz, 9501 MHz, 1800 MHz, 121.29 W, 420.00 W, 420.00 W, 62, 0 %, 8473 MiB, P2, 0x0000000000000000, Not Active, Not Active, Not Active, Not Active, Not Active
2026-10-02T17:55:36+08:00,2026/10/02 17:55:36.782, 1800 MHz, 2130 MHz, 9501 MHz, 1800 MHz, 121.20 W, 420.00 W, 420.00 W, 61, 0 %, 8473 MiB, P2, 0x0000000000000000, Not Active, Not Active, Not Active, Not Active, Not Active
2026-10-02T17:55:37+08:00,2026/10/02 17:55:37.802, 1800 MHz, 2130 MHz, 9501 MHz, 1800 MHz, 121.05 W, 420.00 W, 420.00 W, 61, 0 %, 8473 MiB, P2, 0x0000000000000000, Not Active, Not Active, Not Active, Not Active, Not Active
2026-10-02T17:55:38+08:00,2026/10/02 17:55:38.825, 1800 MHz, 2130 MHz, 9501 MHz, 1800 MHz, 121.07 W, 420.00 W, 420.00 W, 61, 0 %, 8473 MiB, P2, 0x0000000000000000, Not Active, Not Active, Not Active, Not Active, Not Active
2026-10-02T17:55:39+08:00,2026/10/02 17:55:39.846, 1800 MHz, 2130 MHz, 9501 MHz, 1800 MHz, 121.30 W, 420.00 W, 420.00 W, 61, 0 %, 8473 MiB, P2, 0x0000000000000000, Not Active, Not Active, Not Active, Not Active, Not Active
2026-10-02T17:55:40+08:00,2026/10/02 17:55:40.866, 1800 MHz, 2130 MHz, 9501 MHz, 1800 MHz, 121.29 W, 420.00 W, 420.00 W, 61, 0 %, 8473 MiB, P2, 0x0000000000000000, Not Active, Not Active, Not Active, Not Active, Not Active
2026-10-02T17:55:41+08:00,2026/10/02 17:55:41.886, 1800 MHz, 2130 MHz, 9501 MHz, 1800 MHz, 121.22 W, 420.00 W, 420.00 W, 61, 0 %, 8473 MiB, P2, 0x0000000000000000, Not Active, Not Active, Not Active, Not Active, Not Active
2026-10-02T17:55:42+08:00,2026/10/02 17:55:42.905, 1800 MHz, 2130 MHz, 9501 MHz, 1800 MHz, 120.69 W, 420.00 W, 420.00 W, 61, 0 %, 8473 MiB, P2, 0x0000000000000000, Not Active, Not Active, Not Active, Not Active, Not Active
2026-10-02T17:55:43+08:00,2026/10/02 17:55:43.927, 1800 MHz, 2130 MHz, 9501 MHz, 1800 MHz, 120.68 W, 420.00 W, 420.00 W, 61, 0 %, 8473 MiB, P2, 0x0000000000000001, Not Active, Not Active, Not Active, Not Active, Active
2026-10-02T17:55:44+08:00,2026/10/02 17:55:44.950, 1800 MHz, 2130 MHz, 9501 MHz, 1800 MHz, 120.72 W, 420.00 W, 420.00 W, 61, 0 %, 8473 MiB, P2, 0x0000000000000001, Not Active, Not Active, Not Active, Not Active, Active
2026-10-02T17:55:45+08:00,2026/10/02 17:55:45.970, 1800 MHz, 2130 MHz, 9501 MHz, 1800 MHz, 120.81 W, 420.00 W, 420.00 W, 61, 0 %, 8473 MiB, P2, 0x0000000000000001, Not Active, Not Active, Not Active, Not Active, Active
2026-10-02T17:55:46+08:00,2026/10/02 17:55:46.990, 1800 MHz, 2130 MHz, 9501 MHz, 1800 MHz, 120.91 W, 420.00 W, 420.00 W, 61, 0 %, 8473 MiB, P2, 0x0000000000000001, Not Active, Not Active, Not Active, Not Active, Active
2026-10-02T17:55:48+08:00,2026/10/02 17:55:48.021, 1800 MHz, 2130 MHz, 9501 MHz, 1800 MHz, 185.60 W, 420.00 W, 420.00 W, 64, 100 %, 8473 MiB, P2, 0x0000000000000000, Not Active, Not Active, Not Active, Not Active, Not Active
2026-10-02T17:55:49+08:00,2026/10/02 17:55:49.052, 1800 MHz, 2130 MHz, 9501 MHz, 1800 MHz, 249.33 W, 420.00 W, 420.00 W, 65, 100 %, 8473 MiB, P2, 0x0000000000000000, Not Active, Not Active, Not Active, Not Active, Not Active
2026-10-02T17:55:50+08:00,2026/10/02 17:55:50.082, 1800 MHz, 2130 MHz, 9501 MHz, 1800 MHz, 249.45 W, 420.00 W, 420.00 W, 65, 100 %, 8473 MiB, P2, 0x0000000000000000, Not Active, Not Active, Not Active, Not Active, Not Active
2026-10-02T17:55:51+08:00,2026/10/02 17:55:51.112, 1800 MHz, 2130 MHz, 9501 MHz, 1800 MHz, 249.65 W, 420.00 W, 420.00 W, 65, 100 %, 8473 MiB, P2, 0x0000000000000000, Not Active, Not Active, Not Active, Not Active, Not Active
2026-10-02T17:55:52+08:00,2026/10/02 17:55:52.142, 1800 MHz, 2130 MHz, 9501 MHz, 1800 MHz, 249.74 W, 420.00 W, 420.00 W, 65, 100 %, 8473 MiB, P2, 0x0000000000000000, Not Active, Not Active, Not Active, Not Active, Not Active
2026-10-02T17:55:53+08:00,2026/10/02 17:55:53.173, 1800 MHz, 2130 MHz, 9501 MHz, 1800 MHz, 249.79 W, 420.00 W, 420.00 W, 65, 100 %, 8473 MiB, P2, 0x0000000000000000, Not Active, Not Active, Not Active, Not Active, Not Active
2026-10-02T17:55:54+08:00,2026/10/02 17:55:54.204, 1800 MHz, 2130 MHz, 9501 MHz, 1800 MHz, 249.86 W, 420.00 W, 420.00 W, 65, 100 %, 8473 MiB, P2, 0x0000000000000000, Not Active, Not Active, Not Active, Not Active, Not Active
2026-10-02T17:55:55+08:00,2026/10/02 17:55:55.236, 1800 MHz, 2130 MHz, 9501 MHz, 1800 MHz, 249.79 W, 420.00 W, 420.00 W, 65, 100 %, 8473 MiB, P2, 0x0000000000000000, Not Active, Not Active, Not Active, Not Active, Not Active
2026-10-02T17:55:56+08:00,2026/10/02 17:55:56.268, 1800 MHz, 2130 MHz, 9501 MHz, 1800 MHz, 249.72 W, 420.00 W, 420.00 W, 65, 100 %, 8473 MiB, P2, 0x0000000000000000, Not Active, Not Active, Not Active, Not Active, Not Active
2026-10-02T17:55:57+08:00,2026/10/02 17:55:57.296, 1800 MHz, 2130 MHz, 9501 MHz, 1800 MHz, 240.31 W, 420.00 W, 420.00 W, 65, 100 %, 8473 MiB, P2, 0x0000000000000000, Not Active, Not Active, Not Active, Not Active, Not Active
2026-10-02T17:55:58+08:00,2026/10/02 17:55:58.316, 1800 MHz, 2130 MHz, 9501 MHz, 1800 MHz, 136.54 W, 420.00 W, 420.00 W, 62, 0 %, 8473 MiB, P2, 0x0000000000000000, Not Active, Not Active, Not Active, Not Active, Not Active
2026-10-02T17:55:59+08:00,2026/10/02 17:55:59.337, 1800 MHz, 2130 MHz, 9501 MHz, 1800 MHz, 122.25 W, 420.00 W, 420.00 W, 62, 0 %, 8473 MiB, P2, 0x0000000000000000, Not Active, Not Active, Not Active, Not Active, Not Active
2026-10-02T17:56:00+08:00,2026/10/02 17:56:00.356, 1800 MHz, 2130 MHz, 9501 MHz, 1800 MHz, 122.06 W, 420.00 W, 420.00 W, 62, 0 %, 8473 MiB, P2, 0x0000000000000000, Not Active, Not Active, Not Active, Not Active, Not Active
2026-10-02T17:56:01+08:00,2026/10/02 17:56:01.376, 1800 MHz, 2130 MHz, 9501 MHz, 1800 MHz, 121.88 W, 420.00 W, 420.00 W, 61, 0 %, 8473 MiB, P2, 0x0000000000000000, Not Active, Not Active, Not Active, Not Active, Not Active
2026-10-02T17:56:02+08:00,2026/10/02 17:56:02.395, 1800 MHz, 2130 MHz, 9501 MHz, 1800 MHz, 121.73 W, 420.00 W, 420.00 W, 61, 0 %, 8473 MiB, P2, 0x0000000000000000, Not Active, Not Active, Not Active, Not Active, Not Active
2026-10-02T17:56:03+08:00,2026/10/02 17:56:03.415, 1800 MHz, 2130 MHz, 9501 MHz, 1800 MHz, 121.79 W, 420.00 W, 420.00 W, 61, 0 %, 8473 MiB, P2, 0x0000000000000000, Not Active, Not Active, Not Active, Not Active, Not Active
2026-10-02T17:56:04+08:00,2026/10/02 17:56:04.435, 1800 MHz, 2130 MHz, 9501 MHz, 1800 MHz, 121.40 W, 420.00 W, 420.00 W, 61, 0 %, 8473 MiB, P2, 0x0000000000000000, Not Active, Not Active, Not Active, Not Active, Not Active
2026-10-02T17:56:05+08:00,2026/10/02 17:56:05.458, 1800 MHz, 2130 MHz, 9501 MHz, 1800 MHz, 121.48 W, 420.00 W, 420.00 W, 61, 0 %, 8473 MiB, P2, 0x0000000000000000, Not Active, Not Active, Not Active, Not Active, Not Active
2026-10-02T17:56:06+08:00,2026/10/02 17:56:06.477, 1800 MHz, 2130 MHz, 9501 MHz, 1800 MHz, 121.51 W, 420.00 W, 420.00 W, 61, 0 %, 8473 MiB, P2, 0x0000000000000000, Not Active, Not Active, Not Active, Not Active, Not Active
2026-10-02T17:56:07+08:00,2026/10/02 17:56:07.497, 1800 MHz, 2130 MHz, 9501 MHz, 1800 MHz, 121.33 W, 420.00 W, 420.00 W, 61, 0 %, 8473 MiB, P2, 0x0000000000000000, Not Active, Not Active, Not Active, Not Active, Not Active
2026-10-02T17:56:08+08:00,2026/10/02 17:56:08.518, 1800 MHz, 2130 MHz, 9501 MHz, 1800 MHz, 121.03 W, 420.00 W, 420.00 W, 61, 0 %, 8473 MiB, P2, 0x0000000000000000, Not Active, Not Active, Not Active, Not Active, Not Active
2026-10-02T17:56:09+08:00,2026/10/02 17:56:09.539, 1800 MHz, 2130 MHz, 9501 MHz, 1800 MHz, 120.51 W, 420.00 W, 420.00 W, 61, 0 %, 8473 MiB, P2, 0x0000000000000000, Not Active, Not Active, Not Active, Not Active, Not Active
2026-10-02T17:56:10+08:00,2026/10/02 17:56:10.561, 1800 MHz, 2130 MHz, 9501 MHz, 1800 MHz, 120.61 W, 420.00 W, 420.00 W, 61, 0 %, 8473 MiB, P2, 0x0000000000000000, Not Active, Not Active, Not Active, Not Active, Not Active
2026-10-02T17:56:11+08:00,2026/10/02 17:56:11.583, 1800 MHz, 2130 MHz, 9501 MHz, 1800 MHz, 120.63 W, 420.00 W, 420.00 W, 61, 0 %, 8473 MiB, P2, 0x0000000000000000, Not Active, Not Active, Not Active, Not Active, Not Active
2026-10-02T17:56:12+08:00,2026/10/02 17:56:12.603, 1800 MHz, 2130 MHz, 9501 MHz, 1800 MHz, 120.55 W, 420.00 W, 420.00 W, 61, 0 %, 8473 MiB, P2, 0x0000000000000000, Not Active, Not Active, Not Active, Not Active, Not Active
2026-10-02T17:56:13+08:00,2026/10/02 17:56:13.622, 1800 MHz, 2130 MHz, 9501 MHz, 1800 MHz, 120.32 W, 420.00 W, 420.00 W, 60, 0 %, 8473 MiB, P2, 0x0000000000000000, Not Active, Not Active, Not Active, Not Active, Not Active
2026-10-02T17:56:14+08:00,2026/10/02 17:56:14.642, 1800 MHz, 2130 MHz, 9501 MHz, 1800 MHz, 120.19 W, 420.00 W, 420.00 W, 60, 0 %, 8473 MiB, P2, 0x0000000000000001, Not Active, Not Active, Not Active, Not Active, Active
2026-10-02T17:56:15+08:00,2026/10/02 17:56:15.665, 1800 MHz, 2130 MHz, 9501 MHz, 1800 MHz, 120.32 W, 420.00 W, 420.00 W, 60, 0 %, 8473 MiB, P2, 0x0000000000000001, Not Active, Not Active, Not Active, Not Active, Active
2026-10-02T17:56:16+08:00,2026/10/02 17:56:16.686, 1800 MHz, 2130 MHz, 9501 MHz, 1800 MHz, 120.25 W, 420.00 W, 420.00 W, 60, 0 %, 8473 MiB, P2, 0x0000000000000001, Not Active, Not Active, Not Active, Not Active, Active
2026-10-02T17:56:17+08:00,2026/10/02 17:56:17.708, 1800 MHz, 2130 MHz, 9501 MHz, 1800 MHz, 169.70 W, 420.00 W, 420.00 W, 63, 100 %, 8473 MiB, P2, 0x0000000000000000, Not Active, Not Active, Not Active, Not Active, Not Active
2026-10-02T17:56:18+08:00,2026/10/02 17:56:18.740, 1800 MHz, 2130 MHz, 9501 MHz, 1800 MHz, 248.71 W, 420.00 W, 420.00 W, 64, 100 %, 8473 MiB, P2, 0x0000000000000000, Not Active, Not Active, Not Active, Not Active, Not Active
2026-10-02T17:56:19+08:00,2026/10/02 17:56:19.771, 1800 MHz, 2130 MHz, 9501 MHz, 1800 MHz, 249.05 W, 420.00 W, 420.00 W, 64, 100 %, 8473 MiB, P2, 0x0000000000000000, Not Active, Not Active, Not Active, Not Active, Not Active
2026-10-02T17:56:20+08:00,2026/10/02 17:56:20.801, 1800 MHz, 2130 MHz, 9501 MHz, 1800 MHz, 249.14 W, 420.00 W, 420.00 W, 64, 100 %, 8473 MiB, P2, 0x0000000000000000, Not Active, Not Active, Not Active, Not Active, Not Active
2026-10-02T17:56:21+08:00,2026/10/02 17:56:21.832, 1800 MHz, 2130 MHz, 9501 MHz, 1800 MHz, 249.15 W, 420.00 W, 420.00 W, 64, 100 %, 8473 MiB, P2, 0x0000000000000000, Not Active, Not Active, Not Active, Not Active, Not Active
2026-10-02T17:56:22+08:00,2026/10/02 17:56:22.864, 1800 MHz, 2130 MHz, 9501 MHz, 1800 MHz, 249.30 W, 420.00 W, 420.00 W, 64, 100 %, 8473 MiB, P2, 0x0000000000000000, Not Active, Not Active, Not Active, Not Active, Not Active
2026-10-02T17:56:23+08:00,2026/10/02 17:56:23.895, 1800 MHz, 2130 MHz, 9501 MHz, 1800 MHz, 249.62 W, 420.00 W, 420.00 W, 65, 100 %, 8473 MiB, P2, 0x0000000000000000, Not Active, Not Active, Not Active, Not Active, Not Active
2026-10-02T17:56:24+08:00,2026/10/02 17:56:24.926, 1800 MHz, 2130 MHz, 9501 MHz, 1800 MHz, 249.71 W, 420.00 W, 420.00 W, 65, 100 %, 8473 MiB, P2, 0x0000000000000000, Not Active, Not Active, Not Active, Not Active, Not Active
2026-10-02T17:56:25+08:00,2026/10/02 17:56:25.956, 1800 MHz, 2130 MHz, 9501 MHz, 1800 MHz, 249.96 W, 420.00 W, 420.00 W, 65, 100 %, 8473 MiB, P2, 0x0000000000000000, Not Active, Not Active, Not Active, Not Active, Not Active
2026-10-02T17:56:26+08:00,2026/10/02 17:56:26.988, 1800 MHz, 2130 MHz, 9501 MHz, 1800 MHz, 249.89 W, 420.00 W, 420.00 W, 65, 100 %, 8473 MiB, P2, 0x0000000000000000, Not Active, Not Active, Not Active, Not Active, Not Active
2026-10-02T17:56:28+08:00,2026/10/02 17:56:28.017, 1800 MHz, 2130 MHz, 9501 MHz, 1800 MHz, 187.53 W, 420.00 W, 420.00 W, 62, 0 %, 8473 MiB, P2, 0x0000000000000000, Not Active, Not Active, Not Active, Not Active, Not Active
2026-10-02T17:56:29+08:00,2026/10/02 17:56:29.041, 1800 MHz, 2130 MHz, 9501 MHz, 1800 MHz, 141.07 W, 420.00 W, 420.00 W, 61, 0 %, 8473 MiB, P2, 0x0000000000000000, Not Active, Not Active, Not Active, Not Active, Not Active
2026-10-02T17:56:30+08:00,2026/10/02 17:56:30.062, 1800 MHz, 2130 MHz, 9501 MHz, 1800 MHz, 121.41 W, 420.00 W, 420.00 W, 61, 0 %, 8473 MiB, P2, 0x0000000000000000, Not Active, Not Active, Not Active, Not Active, Not Active
2026-10-02T17:56:31+08:00,2026/10/02 17:56:31.084, 1800 MHz, 2130 MHz, 9501 MHz, 1800 MHz, 121.03 W, 420.00 W, 420.00 W, 61, 0 %, 8473 MiB, P2, 0x0000000000000000, Not Active, Not Active, Not Active, Not Active, Not Active
2026-10-02T17:56:32+08:00,2026/10/02 17:56:32.104, 1800 MHz, 2130 MHz, 9501 MHz, 1800 MHz, 121.09 W, 420.00 W, 420.00 W, 61, 0 %, 8473 MiB, P2, 0x0000000000000000, Not Active, Not Active, Not Active, Not Active, Not Active
2026-10-02T17:56:33+08:00,2026/10/02 17:56:33.124, 1800 MHz, 2130 MHz, 9501 MHz, 1800 MHz, 120.65 W, 420.00 W, 420.00 W, 61, 0 %, 8473 MiB, P2, 0x0000000000000000, Not Active, Not Active, Not Active, Not Active, Not Active
2026-10-02T17:56:34+08:00,2026/10/02 17:56:34.144, 1800 MHz, 2130 MHz, 9501 MHz, 1800 MHz, 120.59 W, 420.00 W, 420.00 W, 61, 0 %, 8473 MiB, P2, 0x0000000000000000, Not Active, Not Active, Not Active, Not Active, Not Active
2026-10-02T17:56:35+08:00,2026/10/02 17:56:35.166, 1800 MHz, 2130 MHz, 9501 MHz, 1800 MHz, 120.62 W, 420.00 W, 420.00 W, 61, 0 %, 8473 MiB, P2, 0x0000000000000000, Not Active, Not Active, Not Active, Not Active, Not Active
2026-10-02T17:56:36+08:00,2026/10/02 17:56:36.186, 1800 MHz, 2130 MHz, 9501 MHz, 1800 MHz, 120.46 W, 420.00 W, 420.00 W, 60, 0 %, 8473 MiB, P2, 0x0000000000000000, Not Active, Not Active, Not Active, Not Active, Not Active
2026-10-02T17:56:37+08:00,2026/10/02 17:56:37.207, 1800 MHz, 2130 MHz, 9501 MHz, 1800 MHz, 120.33 W, 420.00 W, 420.00 W, 60, 0 %, 8473 MiB, P2, 0x0000000000000000, Not Active, Not Active, Not Active, Not Active, Not Active
2026-10-02T17:56:38+08:00,2026/10/02 17:56:38.226, 1800 MHz, 2130 MHz, 9501 MHz, 1800 MHz, 120.01 W, 420.00 W, 420.00 W, 60, 0 %, 8473 MiB, P2, 0x0000000000000000, Not Active, Not Active, Not Active, Not Active, Not Active
2026-10-02T17:56:39+08:00,2026/10/02 17:56:39.250, 1800 MHz, 2130 MHz, 9501 MHz, 1800 MHz, 120.22 W, 420.00 W, 420.00 W, 60, 0 %, 8473 MiB, P2, 0x0000000000000000, Not Active, Not Active, Not Active, Not Active, Not Active
2026-10-02T17:56:40+08:00,2026/10/02 17:56:40.270, 1800 MHz, 2130 MHz, 9501 MHz, 1800 MHz, 120.21 W, 420.00 W, 420.00 W, 60, 0 %, 8473 MiB, P2, 0x0000000000000000, Not Active, Not Active, Not Active, Not Active, Not Active
2026-10-02T17:56:41+08:00,2026/10/02 17:56:41.289, 1800 MHz, 2130 MHz, 9501 MHz, 1800 MHz, 120.06 W, 420.00 W, 420.00 W, 60, 0 %, 8473 MiB, P2, 0x0000000000000000, Not Active, Not Active, Not Active, Not Active, Not Active
2026-10-02T17:56:42+08:00,2026/10/02 17:56:42.309, 1800 MHz, 2130 MHz, 9501 MHz, 1800 MHz, 119.91 W, 420.00 W, 420.00 W, 60, 0 %, 8473 MiB, P2, 0x0000000000000000, Not Active, Not Active, Not Active, Not Active, Not Active
2026-10-02T17:56:43+08:00,2026/10/02 17:56:43.329, 1800 MHz, 2130 MHz, 9501 MHz, 1800 MHz, 119.97 W, 420.00 W, 420.00 W, 60, 0 %, 8473 MiB, P2, 0x0000000000000000, Not Active, Not Active, Not Active, Not Active, Not Active
2026-10-02T17:56:44+08:00,2026/10/02 17:56:44.349, 1800 MHz, 2130 MHz, 9501 MHz, 1800 MHz, 120.04 W, 420.00 W, 420.00 W, 60, 0 %, 8473 MiB, P2, 0x0000000000000001, Not Active, Not Active, Not Active, Not Active, Active
2026-10-02T17:56:45+08:00,2026/10/02 17:56:45.370, 1800 MHz, 2130 MHz, 9501 MHz, 1800 MHz, 120.06 W, 420.00 W, 420.00 W, 60, 0 %, 8473 MiB, P2, 0x0000000000000001, Not Active, Not Active, Not Active, Not Active, Active
2026-10-02T17:56:46+08:00,2026/10/02 17:56:46.391, 1800 MHz, 2130 MHz, 9501 MHz, 1800 MHz, 120.11 W, 420.00 W, 420.00 W, 60, 0 %, 8473 MiB, P2, 0x0000000000000001, Not Active, Not Active, Not Active, Not Active, Active
2026-10-02T17:56:47+08:00,2026/10/02 17:56:47.413, 1800 MHz, 2130 MHz, 9501 MHz, 1800 MHz, 121.64 W, 420.00 W, 420.00 W, 60, 0 %, 8473 MiB, P2, 0x0000000000000001, Not Active, Not Active, Not Active, Not Active, Active
2026-10-02T17:56:48+08:00,2026/10/02 17:56:48.446, 1800 MHz, 2130 MHz, 9501 MHz, 1800 MHz, 248.19 W, 420.00 W, 420.00 W, 63, 100 %, 8473 MiB, P2, 0x0000000000000000, Not Active, Not Active, Not Active, Not Active, Not Active
2026-10-02T17:56:49+08:00,2026/10/02 17:56:49.478, 1800 MHz, 2130 MHz, 9501 MHz, 1800 MHz, 248.73 W, 420.00 W, 420.00 W, 63, 100 %, 8473 MiB, P2, 0x0000000000000000, Not Active, Not Active, Not Active, Not Active, Not Active
2026-10-02T17:56:50+08:00,2026/10/02 17:56:50.508, 1800 MHz, 2130 MHz, 9501 MHz, 1800 MHz, 248.90 W, 420.00 W, 420.00 W, 64, 100 %, 8473 MiB, P2, 0x0000000000000000, Not Active, Not Active, Not Active, Not Active, Not Active
2026-10-02T17:56:51+08:00,2026/10/02 17:56:51.539, 1800 MHz, 2130 MHz, 9501 MHz, 1800 MHz, 248.96 W, 420.00 W, 420.00 W, 64, 100 %, 8473 MiB, P2, 0x0000000000000000, Not Active, Not Active, Not Active, Not Active, Not Active
2026-10-02T17:56:52+08:00,2026/10/02 17:56:52.569, 1800 MHz, 2130 MHz, 9501 MHz, 1800 MHz, 249.04 W, 420.00 W, 420.00 W, 64, 100 %, 8473 MiB, P2, 0x0000000000000000, Not Active, Not Active, Not Active, Not Active, Not Active
2026-10-02T17:56:53+08:00,2026/10/02 17:56:53.600, 1800 MHz, 2130 MHz, 9501 MHz, 1800 MHz, 249.07 W, 420.00 W, 420.00 W, 64, 100 %, 8473 MiB, P2, 0x0000000000000000, Not Active, Not Active, Not Active, Not Active, Not Active
2026-10-02T17:56:54+08:00,2026/10/02 17:56:54.631, 1800 MHz, 2130 MHz, 9501 MHz, 1800 MHz, 249.05 W, 420.00 W, 420.00 W, 64, 100 %, 8473 MiB, P2, 0x0000000000000000, Not Active, Not Active, Not Active, Not Active, Not Active
2026-10-02T17:56:55+08:00,2026/10/02 17:56:55.661, 1800 MHz, 2130 MHz, 9501 MHz, 1800 MHz, 249.10 W, 420.00 W, 420.00 W, 64, 100 %, 8473 MiB, P2, 0x0000000000000000, Not Active, Not Active, Not Active, Not Active, Not Active
2026-10-02T17:56:56+08:00,2026/10/02 17:56:56.691, 1800 MHz, 2130 MHz, 9501 MHz, 1800 MHz, 249.34 W, 420.00 W, 420.00 W, 64, 100 %, 8473 MiB, P2, 0x0000000000000000, Not Active, Not Active, Not Active, Not Active, Not Active
2026-10-02T17:56:57+08:00,2026/10/02 17:56:57.719, 1800 MHz, 2130 MHz, 9501 MHz, 1800 MHz, 233.06 W, 420.00 W, 420.00 W, 64, 100 %, 8473 MiB, P2, 0x0000000000000000, Not Active, Not Active, Not Active, Not Active, Not Active
2026-10-02T17:56:58+08:00,2026/10/02 17:56:58.740, 1800 MHz, 2130 MHz, 9501 MHz, 1800 MHz, 140.30 W, 420.00 W, 420.00 W, 61, 0 %, 8473 MiB, P2, 0x0000000000000000, Not Active, Not Active, Not Active, Not Active, Not Active
2026-10-02T17:56:59+08:00,2026/10/02 17:56:59.763, 1800 MHz, 2130 MHz, 9501 MHz, 1800 MHz, 120.96 W, 420.00 W, 420.00 W, 61, 0 %, 8473 MiB, P2, 0x0000000000000000, Not Active, Not Active, Not Active, Not Active, Not Active
2026-10-02T17:57:00+08:00,2026/10/02 17:57:00.783, 1800 MHz, 2130 MHz, 9501 MHz, 1800 MHz, 120.97 W, 420.00 W, 420.00 W, 61, 0 %, 8473 MiB, P2, 0x0000000000000000, Not Active, Not Active, Not Active, Not Active, Not Active
2026-10-02T17:57:01+08:00,2026/10/02 17:57:01.803, 1800 MHz, 2130 MHz, 9501 MHz, 1800 MHz, 120.81 W, 420.00 W, 420.00 W, 60, 0 %, 8473 MiB, P2, 0x0000000000000000, Not Active, Not Active, Not Active, Not Active, Not Active
2026-10-02T17:57:02+08:00,2026/10/02 17:57:02.822, 1800 MHz, 2130 MHz, 9501 MHz, 1800 MHz, 120.77 W, 420.00 W, 420.00 W, 60, 0 %, 8473 MiB, P2, 0x0000000000000000, Not Active, Not Active, Not Active, Not Active, Not Active
2026-10-02T17:57:03+08:00,2026/10/02 17:57:03.843, 1800 MHz, 2130 MHz, 9501 MHz, 1800 MHz, 120.46 W, 420.00 W, 420.00 W, 60, 0 %, 8473 MiB, P2, 0x0000000000000000, Not Active, Not Active, Not Active, Not Active, Not Active
2026-10-02T17:57:04+08:00,2026/10/02 17:57:04.864, 1800 MHz, 2130 MHz, 9501 MHz, 1800 MHz, 120.27 W, 420.00 W, 420.00 W, 60, 0 %, 8473 MiB, P2, 0x0000000000000000, Not Active, Not Active, Not Active, Not Active, Not Active
2026-10-02T17:57:05+08:00,2026/10/02 17:57:05.884, 1800 MHz, 2130 MHz, 9501 MHz, 1800 MHz, 120.43 W, 420.00 W, 420.00 W, 60, 0 %, 8473 MiB, P2, 0x0000000000000000, Not Active, Not Active, Not Active, Not Active, Not Active
2026-10-02T17:57:06+08:00,2026/10/02 17:57:06.904, 1800 MHz, 2130 MHz, 9501 MHz, 1800 MHz, 120.04 W, 420.00 W, 420.00 W, 60, 0 %, 8473 MiB, P2, 0x0000000000000000, Not Active, Not Active, Not Active, Not Active, Not Active
2026-10-02T17:57:07+08:00,2026/10/02 17:57:07.926, 1800 MHz, 2130 MHz, 9501 MHz, 1800 MHz, 120.20 W, 420.00 W, 420.00 W, 60, 0 %, 8473 MiB, P2, 0x0000000000000000, Not Active, Not Active, Not Active, Not Active, Not Active
2026-10-02T17:57:08+08:00,2026/10/02 17:57:08.948, 1800 MHz, 2130 MHz, 9501 MHz, 1800 MHz, 119.88 W, 420.00 W, 420.00 W, 60, 0 %, 8473 MiB, P2, 0x0000000000000000, Not Active, Not Active, Not Active, Not Active, Not Active
2026-10-02T17:57:09+08:00,2026/10/02 17:57:09.971, 1800 MHz, 2130 MHz, 9501 MHz, 1800 MHz, 119.95 W, 420.00 W, 420.00 W, 60, 0 %, 8473 MiB, P2, 0x0000000000000000, Not Active, Not Active, Not Active, Not Active, Not Active
2026-10-02T17:57:10+08:00,2026/10/02 17:57:10.991, 1800 MHz, 2130 MHz, 9501 MHz, 1800 MHz, 119.98 W, 420.00 W, 420.00 W, 60, 0 %, 8473 MiB, P2, 0x0000000000000000, Not Active, Not Active, Not Active, Not Active, Not Active
2026-10-02T17:57:12+08:00,2026/10/02 17:57:12.010, 1800 MHz, 2130 MHz, 9501 MHz, 1800 MHz, 119.58 W, 420.00 W, 420.00 W, 60, 0 %, 8473 MiB, P2, 0x0000000000000000, Not Active, Not Active, Not Active, Not Active, Not Active
2026-10-02T17:57:13+08:00,2026/10/02 17:57:13.031, 1800 MHz, 2130 MHz, 9501 MHz, 1800 MHz, 119.87 W, 420.00 W, 420.00 W, 60, 0 %, 8473 MiB, P2, 0x0000000000000000, Not Active, Not Active, Not Active, Not Active, Not Active
2026-10-02T17:57:14+08:00,2026/10/02 17:57:14.051, 1800 MHz, 2130 MHz, 9501 MHz, 1800 MHz, 120.05 W, 420.00 W, 420.00 W, 59, 0 %, 8473 MiB, P2, 0x0000000000000001, Not Active, Not Active, Not Active, Not Active, Active
2026-10-02T17:57:15+08:00,2026/10/02 17:57:15.071, 1800 MHz, 2130 MHz, 9501 MHz, 1800 MHz, 120.05 W, 420.00 W, 420.00 W, 59, 0 %, 8473 MiB, P2, 0x0000000000000001, Not Active, Not Active, Not Active, Not Active, Active
2026-10-02T17:57:16+08:00,2026/10/02 17:57:16.092, 1800 MHz, 2130 MHz, 9501 MHz, 1800 MHz, 119.69 W, 420.00 W, 420.00 W, 59, 0 %, 8473 MiB, P2, 0x0000000000000001, Not Active, Not Active, Not Active, Not Active, Active
2026-10-02T17:57:17+08:00,2026/10/02 17:57:17.112, 1800 MHz, 2130 MHz, 9501 MHz, 1800 MHz, 119.67 W, 420.00 W, 420.00 W, 59, 0 %, 8473 MiB, P2, 0x0000000000000001, Not Active, Not Active, Not Active, Not Active, Active
2026-10-02T17:57:18+08:00,2026/10/02 17:57:18.134, 1800 MHz, 2130 MHz, 9501 MHz, 1800 MHz, 152.19 W, 420.00 W, 420.00 W, 62, 100 %, 8473 MiB, P2, 0x0000000000000000, Not Active, Not Active, Not Active, Not Active, Not Active
2026-10-02T17:57:19+08:00,2026/10/02 17:57:19.166, 1800 MHz, 2130 MHz, 9501 MHz, 1800 MHz, 248.47 W, 420.00 W, 420.00 W, 63, 100 %, 8473 MiB, P2, 0x0000000000000000, Not Active, Not Active, Not Active, Not Active, Not Active
2026-10-02T17:57:20+08:00,2026/10/02 17:57:20.196, 1800 MHz, 2130 MHz, 9501 MHz, 1800 MHz, 248.65 W, 420.00 W, 420.00 W, 63, 100 %, 8473 MiB, P2, 0x0000000000000000, Not Active, Not Active, Not Active, Not Active, Not Active
2026-10-02T17:57:21+08:00,2026/10/02 17:57:21.228, 1800 MHz, 2130 MHz, 9501 MHz, 1800 MHz, 248.76 W, 420.00 W, 420.00 W, 63, 100 %, 8473 MiB, P2, 0x0000000000000000, Not Active, Not Active, Not Active, Not Active, Not Active
2026-10-02T17:57:22+08:00,2026/10/02 17:57:22.258, 1800 MHz, 2130 MHz, 9501 MHz, 1800 MHz, 248.80 W, 420.00 W, 420.00 W, 63, 100 %, 8473 MiB, P2, 0x0000000000000000, Not Active, Not Active, Not Active, Not Active, Not Active
2026-10-02T17:57:23+08:00,2026/10/02 17:57:23.289, 1800 MHz, 2130 MHz, 9501 MHz, 1800 MHz, 248.97 W, 420.00 W, 420.00 W, 64, 100 %, 8473 MiB, P2, 0x0000000000000000, Not Active, Not Active, Not Active, Not Active, Not Active
2026-10-02T17:57:24+08:00,2026/10/02 17:57:24.320, 1800 MHz, 2130 MHz, 9501 MHz, 1800 MHz, 248.99 W, 420.00 W, 420.00 W, 64, 100 %, 8473 MiB, P2, 0x0000000000000000, Not Active, Not Active, Not Active, Not Active, Not Active
2026-10-02T17:57:25+08:00,2026/10/02 17:57:25.350, 1800 MHz, 2130 MHz, 9501 MHz, 1800 MHz, 248.93 W, 420.00 W, 420.00 W, 64, 100 %, 8473 MiB, P2, 0x0000000000000000, Not Active, Not Active, Not Active, Not Active, Not Active
2026-10-02T17:57:26+08:00,2026/10/02 17:57:26.380, 1800 MHz, 2130 MHz, 9501 MHz, 1800 MHz, 249.21 W, 420.00 W, 420.00 W, 64, 100 %, 8473 MiB, P2, 0x0000000000000000, Not Active, Not Active, Not Active, Not Active, Not Active
2026-10-02T17:57:27+08:00,2026/10/02 17:57:27.412, 1800 MHz, 2130 MHz, 9501 MHz, 1800 MHz, 249.10 W, 420.00 W, 420.00 W, 64, 100 %, 8473 MiB, P2, 0x0000000000000000, Not Active, Not Active, Not Active, Not Active, Not Active
2026-10-02T17:57:28+08:00,2026/10/02 17:57:28.443, 1800 MHz, 2130 MHz, 9501 MHz, 1800 MHz, 179.71 W, 420.00 W, 420.00 W, 62, 0 %, 8473 MiB, P2, 0x0000000000000000, Not Active, Not Active, Not Active, Not Active, Not Active
2026-10-02T17:57:29+08:00,2026/10/02 17:57:29.466, 1800 MHz, 2130 MHz, 9501 MHz, 1800 MHz, 133.22 W, 420.00 W, 420.00 W, 61, 0 %, 8473 MiB, P2, 0x0000000000000000, Not Active, Not Active, Not Active, Not Active, Not Active
2026-10-02T17:57:30+08:00,2026/10/02 17:57:30.487, 1800 MHz, 2130 MHz, 9501 MHz, 1800 MHz, 120.85 W, 420.00 W, 420.00 W, 60, 0 %, 8473 MiB, P2, 0x0000000000000000, Not Active, Not Active, Not Active, Not Active, Not Active
2026-10-02T17:57:31+08:00,2026/10/02 17:57:31.507, 1800 MHz, 2130 MHz, 9501 MHz, 1800 MHz, 120.52 W, 420.00 W, 420.00 W, 60, 0 %, 8473 MiB, P2, 0x0000000000000000, Not Active, Not Active, Not Active, Not Active, Not Active
2026-10-02T17:57:32+08:00,2026/10/02 17:57:32.532, 1800 MHz, 2130 MHz, 9501 MHz, 1800 MHz, 120.11 W, 420.00 W, 420.00 W, 60, 0 %, 8473 MiB, P2, 0x0000000000000000, Not Active, Not Active, Not Active, Not Active, Not Active
2026-10-02T17:57:33+08:00,2026/10/02 17:57:33.556, 1800 MHz, 2130 MHz, 9501 MHz, 1800 MHz, 120.09 W, 420.00 W, 420.00 W, 60, 0 %, 8473 MiB, P2, 0x0000000000000000, Not Active, Not Active, Not Active, Not Active, Not Active
2026-10-02T17:57:34+08:00,2026/10/02 17:57:34.581, 1800 MHz, 2130 MHz, 9501 MHz, 1800 MHz, 120.19 W, 420.00 W, 420.00 W, 60, 0 %, 8473 MiB, P2, 0x0000000000000000, Not Active, Not Active, Not Active, Not Active, Not Active
2026-10-02T17:57:35+08:00,2026/10/02 17:57:35.604, 1800 MHz, 2130 MHz, 9501 MHz, 1800 MHz, 120.17 W, 420.00 W, 420.00 W, 60, 0 %, 8473 MiB, P2, 0x0000000000000000, Not Active, Not Active, Not Active, Not Active, Not Active
2026-10-02T17:57:36+08:00,2026/10/02 17:57:36.625, 1800 MHz, 2130 MHz, 9501 MHz, 1800 MHz, 120.19 W, 420.00 W, 420.00 W, 60, 0 %, 8473 MiB, P2, 0x0000000000000000, Not Active, Not Active, Not Active, Not Active, Not Active
2026-10-02T17:57:37+08:00,2026/10/02 17:57:37.646, 1800 MHz, 2130 MHz, 9501 MHz, 1800 MHz, 119.77 W, 420.00 W, 420.00 W, 60, 0 %, 8473 MiB, P2, 0x0000000000000000, Not Active, Not Active, Not Active, Not Active, Not Active
2026-10-02T17:57:38+08:00,2026/10/02 17:57:38.667, 1800 MHz, 2130 MHz, 9501 MHz, 1800 MHz, 119.72 W, 420.00 W, 420.00 W, 59, 0 %, 8473 MiB, P2, 0x0000000000000000, Not Active, Not Active, Not Active, Not Active, Not Active
2026-10-02T17:57:39+08:00,2026/10/02 17:57:39.688, 1800 MHz, 2130 MHz, 9501 MHz, 1800 MHz, 119.73 W, 420.00 W, 420.00 W, 59, 0 %, 8473 MiB, P2, 0x0000000000000000, Not Active, Not Active, Not Active, Not Active, Not Active
2026-10-02T17:57:40+08:00,2026/10/02 17:57:40.709, 1800 MHz, 2130 MHz, 9501 MHz, 1800 MHz, 119.48 W, 420.00 W, 420.00 W, 59, 0 %, 8473 MiB, P2, 0x0000000000000000, Not Active, Not Active, Not Active, Not Active, Not Active
2026-10-02T17:57:41+08:00,2026/10/02 17:57:41.732, 1800 MHz, 2130 MHz, 9501 MHz, 1800 MHz, 119.51 W, 420.00 W, 420.00 W, 59, 0 %, 8473 MiB, P2, 0x0000000000000000, Not Active, Not Active, Not Active, Not Active, Not Active
2026-10-02T17:57:42+08:00,2026/10/02 17:57:42.752, 1800 MHz, 2130 MHz, 9501 MHz, 1800 MHz, 119.83 W, 420.00 W, 420.00 W, 59, 0 %, 8473 MiB, P2, 0x0000000000000000, Not Active, Not Active, Not Active, Not Active, Not Active
2026-10-02T17:57:43+08:00,2026/10/02 17:57:43.773, 1800 MHz, 2130 MHz, 9501 MHz, 1800 MHz, 119.97 W, 420.00 W, 420.00 W, 59, 0 %, 8473 MiB, P2, 0x0000000000000000, Not Active, Not Active, Not Active, Not Active, Not Active
2026-10-02T17:57:44+08:00,2026/10/02 17:57:44.793, 1800 MHz, 2130 MHz, 9501 MHz, 1800 MHz, 119.43 W, 420.00 W, 420.00 W, 59, 0 %, 8473 MiB, P2, 0x0000000000000001, Not Active, Not Active, Not Active, Not Active, Active
2026-10-02T17:57:45+08:00,2026/10/02 17:57:45.816, 1800 MHz, 2130 MHz, 9501 MHz, 1800 MHz, 119.37 W, 420.00 W, 420.00 W, 59, 0 %, 8473 MiB, P2, 0x0000000000000001, Not Active, Not Active, Not Active, Not Active, Active
2026-10-02T17:57:46+08:00,2026/10/02 17:57:46.836, 1800 MHz, 2130 MHz, 9501 MHz, 1800 MHz, 119.27 W, 420.00 W, 420.00 W, 59, 0 %, 8473 MiB, P2, 0x0000000000000001, Not Active, Not Active, Not Active, Not Active, Active
2026-10-02T17:57:47+08:00,2026/10/02 17:57:47.858, 1800 MHz, 2130 MHz, 9501 MHz, 1800 MHz, 119.51 W, 420.00 W, 420.00 W, 59, 0 %, 8473 MiB, P2, 0x0000000000000001, Not Active, Not Active, Not Active, Not Active, Active
2026-10-02T17:57:48+08:00,2026/10/02 17:57:48.891, 1800 MHz, 2130 MHz, 9501 MHz, 1800 MHz, 247.75 W, 420.00 W, 420.00 W, 62, 100 %, 8473 MiB, P2, 0x0000000000000000, Not Active, Not Active, Not Active, Not Active, Not Active
2026-10-02T17:57:49+08:00,2026/10/02 17:57:49.922, 1800 MHz, 2130 MHz, 9501 MHz, 1800 MHz, 248.37 W, 420.00 W, 420.00 W, 63, 100 %, 8473 MiB, P2, 0x0000000000000000, Not Active, Not Active, Not Active, Not Active, Not Active
2026-10-02T17:57:50+08:00,2026/10/02 17:57:50.953, 1800 MHz, 2130 MHz, 9501 MHz, 1800 MHz, 248.58 W, 420.00 W, 420.00 W, 63, 100 %, 8473 MiB, P2, 0x0000000000000000, Not Active, Not Active, Not Active, Not Active, Not Active
2026-10-02T17:57:51+08:00,2026/10/02 17:57:51.983, 1800 MHz, 2130 MHz, 9501 MHz, 1800 MHz, 248.62 W, 420.00 W, 420.00 W, 63, 100 %, 8473 MiB, P2, 0x0000000000000000, Not Active, Not Active, Not Active, Not Active, Not Active
2026-10-02T17:57:53+08:00,2026/10/02 17:57:53.014, 1800 MHz, 2130 MHz, 9501 MHz, 1800 MHz, 248.69 W, 420.00 W, 420.00 W, 63, 100 %, 8473 MiB, P2, 0x0000000000000000, Not Active, Not Active, Not Active, Not Active, Not Active
2026-10-02T17:57:54+08:00,2026/10/02 17:57:54.045, 1800 MHz, 2130 MHz, 9501 MHz, 1800 MHz, 248.90 W, 420.00 W, 420.00 W, 63, 100 %, 8473 MiB, P2, 0x0000000000000000, Not Active, Not Active, Not Active, Not Active, Not Active
2026-10-02T17:57:55+08:00,2026/10/02 17:57:55.078, 1800 MHz, 2130 MHz, 9501 MHz, 1800 MHz, 248.98 W, 420.00 W, 420.00 W, 63, 100 %, 8473 MiB, P2, 0x0000000000000000, Not Active, Not Active, Not Active, Not Active, Not Active
2026-10-02T17:57:56+08:00,2026/10/02 17:57:56.110, 1800 MHz, 2130 MHz, 9501 MHz, 1800 MHz, 248.82 W, 420.00 W, 420.00 W, 63, 100 %, 8473 MiB, P2, 0x0000000000000000, Not Active, Not Active, Not Active, Not Active, Not Active
2026-10-02T17:57:57+08:00,2026/10/02 17:57:57.145, 1800 MHz, 2130 MHz, 9501 MHz, 1800 MHz, 249.05 W, 420.00 W, 420.00 W, 64, 100 %, 8473 MiB, P2, 0x0000000000000000, Not Active, Not Active, Not Active, Not Active, Not Active
2026-10-02T17:57:58+08:00,2026/10/02 17:57:58.175, 1800 MHz, 2130 MHz, 9501 MHz, 1800 MHz, 242.53 W, 420.00 W, 420.00 W, 64, 100 %, 8473 MiB, P2, 0x0000000000000000, Not Active, Not Active, Not Active, Not Active, Not Active
2026-10-02T17:57:59+08:00,2026/10/02 17:57:59.197, 1800 MHz, 2130 MHz, 9501 MHz, 1800 MHz, 138.13 W, 420.00 W, 420.00 W, 60, 0 %, 8473 MiB, P2, 0x0000000000000000, Not Active, Not Active, Not Active, Not Active, Not Active
2026-10-02T17:58:00+08:00,2026/10/02 17:58:00.217, 1800 MHz, 2130 MHz, 9501 MHz, 1800 MHz, 120.72 W, 420.00 W, 420.00 W, 60, 0 %, 8473 MiB, P2, 0x0000000000000000, Not Active, Not Active, Not Active, Not Active, Not Active
2026-10-02T17:58:01+08:00,2026/10/02 17:58:01.238, 1800 MHz, 2130 MHz, 9501 MHz, 1800 MHz, 120.66 W, 420.00 W, 420.00 W, 60, 0 %, 8473 MiB, P2, 0x0000000000000000, Not Active, Not Active, Not Active, Not Active, Not Active
2026-10-02T17:58:02+08:00,2026/10/02 17:58:02.260, 1800 MHz, 2130 MHz, 9501 MHz, 1800 MHz, 120.45 W, 420.00 W, 420.00 W, 60, 0 %, 8473 MiB, P2, 0x0000000000000000, Not Active, Not Active, Not Active, Not Active, Not Active
2026-10-02T17:58:03+08:00,2026/10/02 17:58:03.282, 1800 MHz, 2130 MHz, 9501 MHz, 1800 MHz, 120.23 W, 420.00 W, 420.00 W, 60, 0 %, 8473 MiB, P2, 0x0000000000000000, Not Active, Not Active, Not Active, Not Active, Not Active
2026-10-02T17:58:04+08:00,2026/10/02 17:58:04.302, 1800 MHz, 2130 MHz, 9501 MHz, 1800 MHz, 119.82 W, 420.00 W, 420.00 W, 59, 0 %, 8473 MiB, P2, 0x0000000000000000, Not Active, Not Active, Not Active, Not Active, Not Active
2026-10-02T17:58:05+08:00,2026/10/02 17:58:05.323, 1800 MHz, 2130 MHz, 9501 MHz, 1800 MHz, 119.88 W, 420.00 W, 420.00 W, 59, 0 %, 8473 MiB, P2, 0x0000000000000000, Not Active, Not Active, Not Active, Not Active, Not Active
2026-10-02T17:58:06+08:00,2026/10/02 17:58:06.344, 1800 MHz, 2130 MHz, 9501 MHz, 1800 MHz, 120.04 W, 420.00 W, 420.00 W, 59, 0 %, 8473 MiB, P2, 0x0000000000000000, Not Active, Not Active, Not Active, Not Active, Not Active
2026-10-02T17:58:07+08:00,2026/10/02 17:58:07.364, 1800 MHz, 2130 MHz, 9501 MHz, 1800 MHz, 119.99 W, 420.00 W, 420.00 W, 59, 0 %, 8473 MiB, P2, 0x0000000000000000, Not Active, Not Active, Not Active, Not Active, Not Active
2026-10-02T17:58:08+08:00,2026/10/02 17:58:08.384, 1800 MHz, 2130 MHz, 9501 MHz, 1800 MHz, 119.93 W, 420.00 W, 420.00 W, 59, 0 %, 8473 MiB, P2, 0x0000000000000000, Not Active, Not Active, Not Active, Not Active, Not Active
2026-10-02T17:58:09+08:00,2026/10/02 17:58:09.404, 1800 MHz, 2130 MHz, 9501 MHz, 1800 MHz, 119.45 W, 420.00 W, 420.00 W, 59, 0 %, 8473 MiB, P2, 0x0000000000000000, Not Active, Not Active, Not Active, Not Active, Not Active
2026-10-02T17:58:10+08:00,2026/10/02 17:58:10.424, 1800 MHz, 2130 MHz, 9501 MHz, 1800 MHz, 119.58 W, 420.00 W, 420.00 W, 59, 0 %, 8473 MiB, P2, 0x0000000000000000, Not Active, Not Active, Not Active, Not Active, Not Active
2026-10-02T17:58:11+08:00,2026/10/02 17:58:11.446, 1800 MHz, 2130 MHz, 9501 MHz, 1800 MHz, 119.59 W, 420.00 W, 420.00 W, 59, 0 %, 8473 MiB, P2, 0x0000000000000000, Not Active, Not Active, Not Active, Not Active, Not Active
2026-10-02T17:58:12+08:00,2026/10/02 17:58:12.466, 1800 MHz, 2130 MHz, 9501 MHz, 1800 MHz, 119.49 W, 420.00 W, 420.00 W, 59, 0 %, 8473 MiB, P2, 0x0000000000000000, Not Active, Not Active, Not Active, Not Active, Not Active
2026-10-02T17:58:13+08:00,2026/10/02 17:58:13.489, 1800 MHz, 2130 MHz, 9501 MHz, 1800 MHz, 119.12 W, 420.00 W, 420.00 W, 59, 0 %, 8473 MiB, P2, 0x0000000000000000, Not Active, Not Active, Not Active, Not Active, Not Active
2026-10-02T17:58:14+08:00,2026/10/02 17:58:14.510, 1800 MHz, 2130 MHz, 9501 MHz, 1800 MHz, 119.10 W, 420.00 W, 420.00 W, 59, 0 %, 8473 MiB, P2, 0x0000000000000001, Not Active, Not Active, Not Active, Not Active, Active
2026-10-02T17:58:15+08:00,2026/10/02 17:58:15.530, 1800 MHz, 2130 MHz, 9501 MHz, 1800 MHz, 119.04 W, 420.00 W, 420.00 W, 59, 0 %, 8473 MiB, P2, 0x0000000000000001, Not Active, Not Active, Not Active, Not Active, Active
2026-10-02T17:58:16+08:00,2026/10/02 17:58:16.552, 1800 MHz, 2130 MHz, 9501 MHz, 1800 MHz, 118.91 W, 420.00 W, 420.00 W, 59, 0 %, 8473 MiB, P2, 0x0000000000000001, Not Active, Not Active, Not Active, Not Active, Active
2026-10-02T17:58:17+08:00,2026/10/02 17:58:17.572, 1800 MHz, 2130 MHz, 9501 MHz, 1800 MHz, 118.57 W, 420.00 W, 420.00 W, 59, 0 %, 8473 MiB, P2, 0x0000000000000001, Not Active, Not Active, Not Active, Not Active, Active
2026-10-02T17:58:18+08:00,2026/10/02 17:58:18.595, 1800 MHz, 2130 MHz, 9501 MHz, 1800 MHz, 150.57 W, 420.00 W, 420.00 W, 61, 100 %, 8473 MiB, P2, 0x0000000000000000, Not Active, Not Active, Not Active, Not Active, Not Active
2026-10-02T17:58:19+08:00,2026/10/02 17:58:19.625, 1800 MHz, 2130 MHz, 9501 MHz, 1800 MHz, 247.77 W, 420.00 W, 420.00 W, 62, 100 %, 8473 MiB, P2, 0x0000000000000000, Not Active, Not Active, Not Active, Not Active, Not Active
2026-10-02T17:58:20+08:00,2026/10/02 17:58:20.656, 1800 MHz, 2130 MHz, 9501 MHz, 1800 MHz, 248.19 W, 420.00 W, 420.00 W, 62, 100 %, 8473 MiB, P2, 0x0000000000000000, Not Active, Not Active, Not Active, Not Active, Not Active
2026-10-02T17:58:21+08:00,2026/10/02 17:58:21.687, 1800 MHz, 2130 MHz, 9501 MHz, 1800 MHz, 248.59 W, 420.00 W, 420.00 W, 63, 100 %, 8473 MiB, P2, 0x0000000000000000, Not Active, Not Active, Not Active, Not Active, Not Active
2026-10-02T17:58:22+08:00,2026/10/02 17:58:22.719, 1800 MHz, 2130 MHz, 9501 MHz, 1800 MHz, 248.62 W, 420.00 W, 420.00 W, 63, 100 %, 8473 MiB, P2, 0x0000000000000000, Not Active, Not Active, Not Active, Not Active, Not Active
2026-10-02T17:58:23+08:00,2026/10/02 17:58:23.749, 1800 MHz, 2130 MHz, 9501 MHz, 1800 MHz, 248.72 W, 420.00 W, 420.00 W, 63, 100 %, 8473 MiB, P2, 0x0000000000000000, Not Active, Not Active, Not Active, Not Active, Not Active
2026-10-02T17:58:24+08:00,2026/10/02 17:58:24.779, 1800 MHz, 2130 MHz, 9501 MHz, 1800 MHz, 248.78 W, 420.00 W, 420.00 W, 63, 100 %, 8473 MiB, P2, 0x0000000000000000, Not Active, Not Active, Not Active, Not Active, Not Active
2026-10-02T17:58:25+08:00,2026/10/02 17:58:25.809, 1800 MHz, 2130 MHz, 9501 MHz, 1800 MHz, 248.84 W, 420.00 W, 420.00 W, 63, 100 %, 8473 MiB, P2, 0x0000000000000000, Not Active, Not Active, Not Active, Not Active, Not Active
2026-10-02T17:58:26+08:00,2026/10/02 17:58:26.839, 1800 MHz, 2130 MHz, 9501 MHz, 1800 MHz, 248.95 W, 420.00 W, 420.00 W, 63, 100 %, 8473 MiB, P2, 0x0000000000000000, Not Active, Not Active, Not Active, Not Active, Not Active
2026-10-02T17:58:27+08:00,2026/10/02 17:58:27.872, 1800 MHz, 2130 MHz, 9501 MHz, 1800 MHz, 249.11 W, 420.00 W, 420.00 W, 63, 100 %, 8473 MiB, P2, 0x0000000000000000, Not Active, Not Active, Not Active, Not Active, Not Active
2026-10-02T17:58:28+08:00,2026/10/02 17:58:28.902, 1800 MHz, 2130 MHz, 9501 MHz, 1800 MHz, 178.18 W, 420.00 W, 420.00 W, 61, 0 %, 8473 MiB, P2, 0x0000000000000000, Not Active, Not Active, Not Active, Not Active, Not Active
2026-10-02T17:58:29+08:00,2026/10/02 17:58:29.925, 1800 MHz, 2130 MHz, 9501 MHz, 1800 MHz, 143.20 W, 420.00 W, 420.00 W, 60, 0 %, 8473 MiB, P2, 0x0000000000000000, Not Active, Not Active, Not Active, Not Active, Not Active
2026-10-02T17:58:30+08:00,2026/10/02 17:58:30.945, 1800 MHz, 2130 MHz, 9501 MHz, 1800 MHz, 120.47 W, 420.00 W, 420.00 W, 60, 0 %, 8473 MiB, P2, 0x0000000000000000, Not Active, Not Active, Not Active, Not Active, Not Active
2026-10-02T17:58:31+08:00,2026/10/02 17:58:31.968, 1800 MHz, 2130 MHz, 9501 MHz, 1800 MHz, 120.14 W, 420.00 W, 420.00 W, 59, 0 %, 8473 MiB, P2, 0x0000000000000000, Not Active, Not Active, Not Active, Not Active, Not Active
2026-10-02T17:58:32+08:00,2026/10/02 17:58:32.990, 1800 MHz, 2130 MHz, 9501 MHz, 1800 MHz, 119.79 W, 420.00 W, 420.00 W, 59, 0 %, 8473 MiB, P2, 0x0000000000000000, Not Active, Not Active, Not Active, Not Active, Not Active
2026-10-02T17:58:33+08:00,2026/10/02 17:58:34.011, 1800 MHz, 2130 MHz, 9501 MHz, 1800 MHz, 119.83 W, 420.00 W, 420.00 W, 59, 0 %, 8473 MiB, P2, 0x0000000000000000, Not Active, Not Active, Not Active, Not Active, Not Active
2026-10-02T17:58:35+08:00,2026/10/02 17:58:35.031, 1800 MHz, 2130 MHz, 9501 MHz, 1800 MHz, 119.99 W, 420.00 W, 420.00 W, 59, 0 %, 8473 MiB, P2, 0x0000000000000000, Not Active, Not Active, Not Active, Not Active, Not Active
2026-10-02T17:58:36+08:00,2026/10/02 17:58:36.050, 1800 MHz, 2130 MHz, 9501 MHz, 1800 MHz, 119.97 W, 420.00 W, 420.00 W, 59, 0 %, 8473 MiB, P2, 0x0000000000000000, Not Active, Not Active, Not Active, Not Active, Not Active
2026-10-02T17:58:37+08:00,2026/10/02 17:58:37.071, 1800 MHz, 2130 MHz, 9501 MHz, 1800 MHz, 119.85 W, 420.00 W, 420.00 W, 59, 0 %, 8473 MiB, P2, 0x0000000000000000, Not Active, Not Active, Not Active, Not Active, Not Active
2026-10-02T17:58:38+08:00,2026/10/02 17:58:38.091, 1800 MHz, 2130 MHz, 9501 MHz, 1800 MHz, 119.52 W, 420.00 W, 420.00 W, 59, 0 %, 8473 MiB, P2, 0x0000000000000000, Not Active, Not Active, Not Active, Not Active, Not Active
2026-10-02T17:58:39+08:00,2026/10/02 17:58:39.111, 1800 MHz, 2130 MHz, 9501 MHz, 1800 MHz, 119.45 W, 420.00 W, 420.00 W, 59, 0 %, 8473 MiB, P2, 0x0000000000000000, Not Active, Not Active, Not Active, Not Active, Not Active
2026-10-02T17:58:40+08:00,2026/10/02 17:58:40.131, 1800 MHz, 2130 MHz, 9501 MHz, 1800 MHz, 119.54 W, 420.00 W, 420.00 W, 59, 0 %, 8473 MiB, P2, 0x0000000000000000, Not Active, Not Active, Not Active, Not Active, Not Active
2026-10-02T17:58:41+08:00,2026/10/02 17:58:41.152, 1800 MHz, 2130 MHz, 9501 MHz, 1800 MHz, 119.50 W, 420.00 W, 420.00 W, 59, 0 %, 8473 MiB, P2, 0x0000000000000000, Not Active, Not Active, Not Active, Not Active, Not Active
2026-10-02T17:58:42+08:00,2026/10/02 17:58:42.173, 1800 MHz, 2130 MHz, 9501 MHz, 1800 MHz, 119.67 W, 420.00 W, 420.00 W, 59, 0 %, 8473 MiB, P2, 0x0000000000000000, Not Active, Not Active, Not Active, Not Active, Not Active
2026-10-02T17:58:43+08:00,2026/10/02 17:58:43.193, 1800 MHz, 2130 MHz, 9501 MHz, 1800 MHz, 119.36 W, 420.00 W, 420.00 W, 59, 0 %, 8473 MiB, P2, 0x0000000000000000, Not Active, Not Active, Not Active, Not Active, Not Active
2026-10-02T17:58:44+08:00,2026/10/02 17:58:44.215, 1800 MHz, 2130 MHz, 9501 MHz, 1800 MHz, 119.33 W, 420.00 W, 420.00 W, 59, 0 %, 8473 MiB, P2, 0x0000000000000000, Not Active, Not Active, Not Active, Not Active, Not Active
2026-10-02T17:58:45+08:00,2026/10/02 17:58:45.236, 1800 MHz, 2130 MHz, 9501 MHz, 1800 MHz, 119.31 W, 420.00 W, 420.00 W, 59, 0 %, 8473 MiB, P2, 0x0000000000000001, Not Active, Not Active, Not Active, Not Active, Active
2026-10-02T17:58:46+08:00,2026/10/02 17:58:46.256, 1800 MHz, 2130 MHz, 9501 MHz, 1800 MHz, 119.19 W, 420.00 W, 420.00 W, 58, 0 %, 8473 MiB, P2, 0x0000000000000001, Not Active, Not Active, Not Active, Not Active, Active
2026-10-02T17:58:47+08:00,2026/10/02 17:58:47.276, 1800 MHz, 2130 MHz, 9501 MHz, 1800 MHz, 119.30 W, 420.00 W, 420.00 W, 58, 0 %, 8473 MiB, P2, 0x0000000000000001, Not Active, Not Active, Not Active, Not Active, Active
2026-10-02T17:58:48+08:00,2026/10/02 17:58:48.297, 1800 MHz, 2130 MHz, 9501 MHz, 1800 MHz, 119.65 W, 420.00 W, 420.00 W, 58, 0 %, 8473 MiB, P2, 0x0000000000000001, Not Active, Not Active, Not Active, Not Active, Active
2026-10-02T17:58:49+08:00,2026/10/02 17:58:49.327, 1800 MHz, 2130 MHz, 9501 MHz, 1800 MHz, 186.76 W, 420.00 W, 420.00 W, 62, 100 %, 8473 MiB, P2, 0x0000000000000000, Not Active, Not Active, Not Active, Not Active, Not Active
2026-10-02T17:58:50+08:00,2026/10/02 17:58:50.357, 1800 MHz, 2130 MHz, 9501 MHz, 1800 MHz, 248.29 W, 420.00 W, 420.00 W, 62, 100 %, 8473 MiB, P2, 0x0000000000000000, Not Active, Not Active, Not Active, Not Active, Not Active
2026-10-02T17:58:51+08:00,2026/10/02 17:58:51.388, 1800 MHz, 2130 MHz, 9501 MHz, 1800 MHz, 248.51 W, 420.00 W, 420.00 W, 62, 100 %, 8473 MiB, P2, 0x0000000000000000, Not Active, Not Active, Not Active, Not Active, Not Active
2026-10-02T17:58:52+08:00,2026/10/02 17:58:52.418, 1800 MHz, 2130 MHz, 9501 MHz, 1800 MHz, 248.61 W, 420.00 W, 420.00 W, 62, 100 %, 8473 MiB, P2, 0x0000000000000000, Not Active, Not Active, Not Active, Not Active, Not Active
2026-10-02T17:58:53+08:00,2026/10/02 17:58:53.448, 1800 MHz, 2130 MHz, 9501 MHz, 1800 MHz, 248.67 W, 420.00 W, 420.00 W, 63, 100 %, 8473 MiB, P2, 0x0000000000000000, Not Active, Not Active, Not Active, Not Active, Not Active
2026-10-02T17:58:54+08:00,2026/10/02 17:58:54.479, 1800 MHz, 2130 MHz, 9501 MHz, 1800 MHz, 248.85 W, 420.00 W, 420.00 W, 63, 100 %, 8473 MiB, P2, 0x0000000000000000, Not Active, Not Active, Not Active, Not Active, Not Active
2026-10-02T17:58:55+08:00,2026/10/02 17:58:55.510, 1800 MHz, 2130 MHz, 9501 MHz, 1800 MHz, 248.66 W, 420.00 W, 420.00 W, 63, 100 %, 8473 MiB, P2, 0x0000000000000000, Not Active, Not Active, Not Active, Not Active, Not Active
2026-10-02T17:58:56+08:00,2026/10/02 17:58:56.541, 1800 MHz, 2130 MHz, 9501 MHz, 1800 MHz, 248.61 W, 420.00 W, 420.00 W, 63, 100 %, 8473 MiB, P2, 0x0000000000000000, Not Active, Not Active, Not Active, Not Active, Not Active
2026-10-02T17:58:57+08:00,2026/10/02 17:58:57.571, 1800 MHz, 2130 MHz, 9501 MHz, 1800 MHz, 248.87 W, 420.00 W, 420.00 W, 63, 100 %, 8473 MiB, P2, 0x0000000000000000, Not Active, Not Active, Not Active, Not Active, Not Active
2026-10-02T17:58:58+08:00,2026/10/02 17:58:58.602, 1800 MHz, 2130 MHz, 9501 MHz, 1800 MHz, 235.30 W, 420.00 W, 420.00 W, 62, 80 %, 8473 MiB, P2, 0x0000000000000000, Not Active, Not Active, Not Active, Not Active, Not Active
2026-10-02T17:58:59+08:00,2026/10/02 17:58:59.622, 1800 MHz, 2130 MHz, 9501 MHz, 1800 MHz, 142.18 W, 420.00 W, 420.00 W, 60, 0 %, 8473 MiB, P2, 0x0000000000000000, Not Active, Not Active, Not Active, Not Active, Not Active
2026-10-02T17:59:00+08:00,2026/10/02 17:59:00.643, 1800 MHz, 2130 MHz, 9501 MHz, 1800 MHz, 120.02 W, 420.00 W, 420.00 W, 59, 0 %, 8473 MiB, P2, 0x0000000000000000, Not Active, Not Active, Not Active, Not Active, Not Active
2026-10-02T17:59:01+08:00,2026/10/02 17:59:01.663, 1800 MHz, 2130 MHz, 9501 MHz, 1800 MHz, 120.26 W, 420.00 W, 420.00 W, 59, 0 %, 8473 MiB, P2, 0x0000000000000000, Not Active, Not Active, Not Active, Not Active, Not Active
2026-10-02T17:59:02+08:00,2026/10/02 17:59:02.684, 1800 MHz, 2130 MHz, 9501 MHz, 1800 MHz, 120.24 W, 420.00 W, 420.00 W, 59, 0 %, 8473 MiB, P2, 0x0000000000000000, Not Active, Not Active, Not Active, Not Active, Not Active
2026-10-02T17:59:03+08:00,2026/10/02 17:59:03.705, 1800 MHz, 2130 MHz, 9501 MHz, 1800 MHz, 119.93 W, 420.00 W, 420.00 W, 59, 0 %, 8473 MiB, P2, 0x0000000000000000, Not Active, Not Active, Not Active, Not Active, Not Active
2026-10-02T17:59:04+08:00,2026/10/02 17:59:04.725, 1800 MHz, 2130 MHz, 9501 MHz, 1800 MHz, 119.76 W, 420.00 W, 420.00 W, 59, 0 %, 8473 MiB, P2, 0x0000000000000000, Not Active, Not Active, Not Active, Not Active, Not Active
2026-10-02T17:59:05+08:00,2026/10/02 17:59:05.745, 1800 MHz, 2130 MHz, 9501 MHz, 1800 MHz, 119.65 W, 420.00 W, 420.00 W, 59, 0 %, 8473 MiB, P2, 0x0000000000000000, Not Active, Not Active, Not Active, Not Active, Not Active
2026-10-02T17:59:06+08:00,2026/10/02 17:59:06.767, 1800 MHz, 2130 MHz, 9501 MHz, 1800 MHz, 119.58 W, 420.00 W, 420.00 W, 59, 0 %, 8473 MiB, P2, 0x0000000000000000, Not Active, Not Active, Not Active, Not Active, Not Active
2026-10-02T17:59:07+08:00,2026/10/02 17:59:07.788, 1800 MHz, 2130 MHz, 9501 MHz, 1800 MHz, 119.13 W, 420.00 W, 420.00 W, 59, 0 %, 8473 MiB, P2, 0x0000000000000000, Not Active, Not Active, Not Active, Not Active, Not Active
2026-10-02T17:59:08+08:00,2026/10/02 17:59:08.810, 1800 MHz, 2130 MHz, 9501 MHz, 1800 MHz, 119.15 W, 420.00 W, 420.00 W, 59, 0 %, 8473 MiB, P2, 0x0000000000000000, Not Active, Not Active, Not Active, Not Active, Not Active
2026-10-02T17:59:09+08:00,2026/10/02 17:59:09.831, 1800 MHz, 2130 MHz, 9501 MHz, 1800 MHz, 119.35 W, 420.00 W, 420.00 W, 59, 0 %, 8473 MiB, P2, 0x0000000000000000, Not Active, Not Active, Not Active, Not Active, Not Active
2026-10-02T17:59:10+08:00,2026/10/02 17:59:10.851, 1800 MHz, 2130 MHz, 9501 MHz, 1800 MHz, 119.36 W, 420.00 W, 420.00 W, 59, 0 %, 8473 MiB, P2, 0x0000000000000000, Not Active, Not Active, Not Active, Not Active, Not Active
2026-10-02T17:59:11+08:00,2026/10/02 17:59:11.874, 1800 MHz, 2130 MHz, 9501 MHz, 1800 MHz, 118.88 W, 420.00 W, 420.00 W, 59, 0 %, 8473 MiB, P2, 0x0000000000000000, Not Active, Not Active, Not Active, Not Active, Not Active
2026-10-02T17:59:12+08:00,2026/10/02 17:59:12.895, 1800 MHz, 2130 MHz, 9501 MHz, 1800 MHz, 118.75 W, 420.00 W, 420.00 W, 58, 0 %, 8473 MiB, P2, 0x0000000000000000, Not Active, Not Active, Not Active, Not Active, Not Active
2026-10-02T17:59:13+08:00,2026/10/02 17:59:13.915, 1800 MHz, 2130 MHz, 9501 MHz, 1800 MHz, 118.70 W, 420.00 W, 420.00 W, 58, 0 %, 8473 MiB, P2, 0x0000000000000000, Not Active, Not Active, Not Active, Not Active, Not Active
2026-10-02T17:59:14+08:00,2026/10/02 17:59:14.935, 1800 MHz, 2130 MHz, 9501 MHz, 1800 MHz, 118.74 W, 420.00 W, 420.00 W, 58, 0 %, 8473 MiB, P2, 0x0000000000000000, Not Active, Not Active, Not Active, Not Active, Not Active
2026-10-02T17:59:15+08:00,2026/10/02 17:59:15.957, 1800 MHz, 2130 MHz, 9501 MHz, 1800 MHz, 118.87 W, 420.00 W, 420.00 W, 58, 0 %, 8473 MiB, P2, 0x0000000000000001, Not Active, Not Active, Not Active, Not Active, Active
2026-10-02T17:59:16+08:00,2026/10/02 17:59:16.977, 1800 MHz, 2130 MHz, 9501 MHz, 1800 MHz, 118.94 W, 420.00 W, 420.00 W, 58, 0 %, 8473 MiB, P2, 0x0000000000000001, Not Active, Not Active, Not Active, Not Active, Active
2026-10-02T17:59:17+08:00,2026/10/02 17:59:17.997, 1800 MHz, 2130 MHz, 9501 MHz, 1800 MHz, 118.74 W, 420.00 W, 420.00 W, 58, 0 %, 8473 MiB, P2, 0x0000000000000001, Not Active, Not Active, Not Active, Not Active, Active
2026-10-02T17:59:19+08:00,2026/10/02 17:59:19.021, 1800 MHz, 2130 MHz, 9501 MHz, 1800 MHz, 150.01 W, 420.00 W, 420.00 W, 61, 100 %, 8473 MiB, P2, 0x0000000000000000, Not Active, Not Active, Not Active, Not Active, Not Active
2026-10-02T17:59:20+08:00,2026/10/02 17:59:20.052, 1800 MHz, 2130 MHz, 9501 MHz, 1800 MHz, 247.79 W, 420.00 W, 420.00 W, 62, 100 %, 8473 MiB, P2, 0x0000000000000000, Not Active, Not Active, Not Active, Not Active, Not Active
2026-10-02T17:59:21+08:00,2026/10/02 17:59:21.083, 1800 MHz, 2130 MHz, 9501 MHz, 1800 MHz, 247.99 W, 420.00 W, 420.00 W, 62, 100 %, 8473 MiB, P2, 0x0000000000000000, Not Active, Not Active, Not Active, Not Active, Not Active
2026-10-02T17:59:22+08:00,2026/10/02 17:59:22.113, 1800 MHz, 2130 MHz, 9501 MHz, 1800 MHz, 248.13 W, 420.00 W, 420.00 W, 62, 100 %, 8473 MiB, P2, 0x0000000000000000, Not Active, Not Active, Not Active, Not Active, Not Active
2026-10-02T17:59:23+08:00,2026/10/02 17:59:23.144, 1800 MHz, 2130 MHz, 9501 MHz, 1800 MHz, 247.98 W, 420.00 W, 420.00 W, 62, 100 %, 8473 MiB, P2, 0x0000000000000000, Not Active, Not Active, Not Active, Not Active, Not Active
2026-10-02T17:59:24+08:00,2026/10/02 17:59:24.175, 1800 MHz, 2130 MHz, 9501 MHz, 1800 MHz, 248.14 W, 420.00 W, 420.00 W, 62, 100 %, 8473 MiB, P2, 0x0000000000000000, Not Active, Not Active, Not Active, Not Active, Not Active
2026-10-02T17:59:25+08:00,2026/10/02 17:59:25.205, 1800 MHz, 2130 MHz, 9501 MHz, 1800 MHz, 248.23 W, 420.00 W, 420.00 W, 62, 100 %, 8473 MiB, P2, 0x0000000000000000, Not Active, Not Active, Not Active, Not Active, Not Active
2026-10-02T17:59:26+08:00,2026/10/02 17:59:26.236, 1800 MHz, 2130 MHz, 9501 MHz, 1800 MHz, 248.22 W, 420.00 W, 420.00 W, 63, 100 %, 8473 MiB, P2, 0x0000000000000000, Not Active, Not Active, Not Active, Not Active, Not Active
2026-10-02T17:59:27+08:00,2026/10/02 17:59:27.267, 1800 MHz, 2130 MHz, 9501 MHz, 1800 MHz, 248.34 W, 420.00 W, 420.00 W, 63, 100 %, 8473 MiB, P2, 0x0000000000000000, Not Active, Not Active, Not Active, Not Active, Not Active
2026-10-02T17:59:28+08:00,2026/10/02 17:59:28.297, 1800 MHz, 2130 MHz, 9501 MHz, 1800 MHz, 248.64 W, 420.00 W, 420.00 W, 63, 100 %, 8473 MiB, P2, 0x0000000000000000, Not Active, Not Active, Not Active, Not Active, Not Active
2026-10-02T17:59:29+08:00,2026/10/02 17:59:29.327, 1800 MHz, 2130 MHz, 9501 MHz, 1800 MHz, 181.87 W, 420.00 W, 420.00 W, 60, 0 %, 8473 MiB, P2, 0x0000000000000000, Not Active, Not Active, Not Active, Not Active, Not Active
2026-10-02T17:59:30+08:00,2026/10/02 17:59:30.347, 1800 MHz, 2130 MHz, 9501 MHz, 1800 MHz, 119.88 W, 420.00 W, 420.00 W, 59, 0 %, 8473 MiB, P2, 0x0000000000000000, Not Active, Not Active, Not Active, Not Active, Not Active
2026-10-02T17:59:31+08:00,2026/10/02 17:59:31.367, 1800 MHz, 2130 MHz, 9501 MHz, 1800 MHz, 119.54 W, 420.00 W, 420.00 W, 59, 0 %, 8473 MiB, P2, 0x0000000000000000, Not Active, Not Active, Not Active, Not Active, Not Active
2026-10-02T17:59:32+08:00,2026/10/02 17:59:32.388, 1800 MHz, 2130 MHz, 9501 MHz, 1800 MHz, 119.25 W, 420.00 W, 420.00 W, 59, 0 %, 8473 MiB, P2, 0x0000000000000000, Not Active, Not Active, Not Active, Not Active, Not Active
2026-10-02T17:59:33+08:00,2026/10/02 17:59:33.409, 1800 MHz, 2130 MHz, 9501 MHz, 1800 MHz, 118.89 W, 420.00 W, 420.00 W, 59, 0 %, 8473 MiB, P2, 0x0000000000000000, Not Active, Not Active, Not Active, Not Active, Not Active
2026-10-02T17:59:34+08:00,2026/10/02 17:59:34.430, 1800 MHz, 2130 MHz, 9501 MHz, 1800 MHz, 118.86 W, 420.00 W, 420.00 W, 59, 0 %, 8473 MiB, P2, 0x0000000000000000, Not Active, Not Active, Not Active, Not Active, Not Active
2026-10-02T17:59:35+08:00,2026/10/02 17:59:35.450, 1800 MHz, 2130 MHz, 9501 MHz, 1800 MHz, 118.83 W, 420.00 W, 420.00 W, 59, 0 %, 8473 MiB, P2, 0x0000000000000000, Not Active, Not Active, Not Active, Not Active, Not Active
2026-10-02T17:59:36+08:00,2026/10/02 17:59:36.470, 1800 MHz, 2130 MHz, 9501 MHz, 1800 MHz, 118.53 W, 420.00 W, 420.00 W, 59, 0 %, 8473 MiB, P2, 0x0000000000000000, Not Active, Not Active, Not Active, Not Active, Not Active
2026-10-02T17:59:37+08:00,2026/10/02 17:59:37.491, 1800 MHz, 2130 MHz, 9501 MHz, 1800 MHz, 118.72 W, 420.00 W, 420.00 W, 58, 0 %, 8473 MiB, P2, 0x0000000000000000, Not Active, Not Active, Not Active, Not Active, Not Active
2026-10-02T17:59:38+08:00,2026/10/02 17:59:38.514, 1800 MHz, 2130 MHz, 9501 MHz, 1800 MHz, 118.78 W, 420.00 W, 420.00 W, 58, 0 %, 8473 MiB, P2, 0x0000000000000000, Not Active, Not Active, Not Active, Not Active, Not Active
2026-10-02T17:59:39+08:00,2026/10/02 17:59:39.536, 1800 MHz, 2130 MHz, 9501 MHz, 1800 MHz, 118.57 W, 420.00 W, 420.00 W, 58, 0 %, 8473 MiB, P2, 0x0000000000000000, Not Active, Not Active, Not Active, Not Active, Not Active
2026-10-02T17:59:40+08:00,2026/10/02 17:59:40.556, 1800 MHz, 2130 MHz, 9501 MHz, 1800 MHz, 118.67 W, 420.00 W, 420.00 W, 58, 0 %, 8473 MiB, P2, 0x0000000000000000, Not Active, Not Active, Not Active, Not Active, Not Active
2026-10-02T17:59:41+08:00,2026/10/02 17:59:41.579, 1800 MHz, 2130 MHz, 9501 MHz, 1800 MHz, 118.44 W, 420.00 W, 420.00 W, 58, 0 %, 8473 MiB, P2, 0x0000000000000000, Not Active, Not Active, Not Active, Not Active, Not Active
2026-10-02T17:59:42+08:00,2026/10/02 17:59:42.599, 1800 MHz, 2130 MHz, 9501 MHz, 1800 MHz, 118.21 W, 420.00 W, 420.00 W, 58, 0 %, 8473 MiB, P2, 0x0000000000000000, Not Active, Not Active, Not Active, Not Active, Not Active
2026-10-02T17:59:43+08:00,2026/10/02 17:59:43.619, 1800 MHz, 2130 MHz, 9501 MHz, 1800 MHz, 118.28 W, 420.00 W, 420.00 W, 58, 0 %, 8473 MiB, P2, 0x0000000000000000, Not Active, Not Active, Not Active, Not Active, Not Active
2026-10-02T17:59:44+08:00,2026/10/02 17:59:44.640, 1800 MHz, 2130 MHz, 9501 MHz, 1800 MHz, 118.57 W, 420.00 W, 420.00 W, 58, 0 %, 8473 MiB, P2, 0x0000000000000000, Not Active, Not Active, Not Active, Not Active, Not Active
2026-10-02T17:59:45+08:00,2026/10/02 17:59:45.664, 1800 MHz, 2130 MHz, 9501 MHz, 1800 MHz, 118.69 W, 420.00 W, 420.00 W, 58, 0 %, 8473 MiB, P2, 0x0000000000000001, Not Active, Not Active, Not Active, Not Active, Active
2026-10-02T17:59:46+08:00,2026/10/02 17:59:46.684, 1800 MHz, 2130 MHz, 9501 MHz, 1800 MHz, 118.36 W, 420.00 W, 420.00 W, 58, 0 %, 8473 MiB, P2, 0x0000000000000001, Not Active, Not Active, Not Active, Not Active, Active
2026-10-02T17:59:47+08:00,2026/10/02 17:59:47.706, 1800 MHz, 2130 MHz, 9501 MHz, 1800 MHz, 118.14 W, 420.00 W, 420.00 W, 58, 0 %, 8473 MiB, P2, 0x0000000000000001, Not Active, Not Active, Not Active, Not Active, Active
2026-10-02T17:59:48+08:00,2026/10/02 17:59:48.726, 1800 MHz, 2130 MHz, 9501 MHz, 1800 MHz, 118.00 W, 420.00 W, 420.00 W, 58, 0 %, 8473 MiB, P2, 0x0000000000000001, Not Active, Not Active, Not Active, Not Active, Active
2026-10-02T17:59:49+08:00,2026/10/02 17:59:49.758, 1800 MHz, 2130 MHz, 9501 MHz, 1800 MHz, 246.95 W, 420.00 W, 420.00 W, 61, 100 %, 8473 MiB, P2, 0x0000000000000000, Not Active, Not Active, Not Active, Not Active, Not Active
2026-10-02T17:59:50+08:00,2026/10/02 17:59:50.788, 1800 MHz, 2130 MHz, 9501 MHz, 1800 MHz, 247.32 W, 420.00 W, 420.00 W, 62, 100 %, 8473 MiB, P2, 0x0000000000000000, Not Active, Not Active, Not Active, Not Active, Not Active
2026-10-02T17:59:51+08:00,2026/10/02 17:59:51.819, 1800 MHz, 2130 MHz, 9501 MHz, 1800 MHz, 247.66 W, 420.00 W, 420.00 W, 62, 100 %, 8473 MiB, P2, 0x0000000000000000, Not Active, Not Active, Not Active, Not Active, Not Active
2026-10-02T17:59:52+08:00,2026/10/02 17:59:52.849, 1800 MHz, 2130 MHz, 9501 MHz, 1800 MHz, 247.67 W, 420.00 W, 420.00 W, 62, 100 %, 8473 MiB, P2, 0x0000000000000000, Not Active, Not Active, Not Active, Not Active, Not Active
2026-10-02T17:59:53+08:00,2026/10/02 17:59:53.883, 1800 MHz, 2130 MHz, 9501 MHz, 1800 MHz, 247.81 W, 420.00 W, 420.00 W, 62, 100 %, 8473 MiB, P2, 0x0000000000000000, Not Active, Not Active, Not Active, Not Active, Not Active
2026-10-02T17:59:54+08:00,2026/10/02 17:59:54.914, 1800 MHz, 2130 MHz, 9501 MHz, 1800 MHz, 247.98 W, 420.00 W, 420.00 W, 62, 100 %, 8473 MiB, P2, 0x0000000000000000, Not Active, Not Active, Not Active, Not Active, Not Active
2026-10-02T17:59:55+08:00,2026/10/02 17:59:55.944, 1800 MHz, 2130 MHz, 9501 MHz, 1800 MHz, 248.36 W, 420.00 W, 420.00 W, 62, 100 %, 8473 MiB, P2, 0x0000000000000000, Not Active, Not Active, Not Active, Not Active, Not Active
2026-10-02T17:59:56+08:00,2026/10/02 17:59:56.978, 1800 MHz, 2130 MHz, 9501 MHz, 1800 MHz, 248.35 W, 420.00 W, 420.00 W, 62, 100 %, 8473 MiB, P2, 0x0000000000000000, Not Active, Not Active, Not Active, Not Active, Not Active
2026-10-02T17:59:57+08:00,2026/10/02 17:59:58.012, 1800 MHz, 2130 MHz, 9501 MHz, 1800 MHz, 248.35 W, 420.00 W, 420.00 W, 62, 100 %, 8473 MiB, P2, 0x0000000000000000, Not Active, Not Active, Not Active, Not Active, Not Active
2026-10-02T17:59:59+08:00,2026/10/02 17:59:59.043, 1800 MHz, 2130 MHz, 9501 MHz, 1800 MHz, 243.39 W, 420.00 W, 420.00 W, 61, 54 %, 8473 MiB, P2, 0x0000000000000000, Not Active, Not Active, Not Active, Not Active, Not Active
2026-10-02T18:00:00+08:00,2026/10/02 18:00:00.064, 1800 MHz, 2130 MHz, 9501 MHz, 1800 MHz, 138.56 W, 420.00 W, 420.00 W, 59, 0 %, 8473 MiB, P2, 0x0000000000000000, Not Active, Not Active, Not Active, Not Active, Not Active
2026-10-02T18:00:01+08:00,2026/10/02 18:00:01.085, 1800 MHz, 2130 MHz, 9501 MHz, 1800 MHz, 119.23 W, 420.00 W, 420.00 W, 59, 0 %, 8473 MiB, P2, 0x0000000000000000, Not Active, Not Active, Not Active, Not Active, Not Active
2026-10-02T18:00:02+08:00,2026/10/02 18:00:02.104, 1800 MHz, 2130 MHz, 9501 MHz, 1800 MHz, 119.17 W, 420.00 W, 420.00 W, 59, 0 %, 8473 MiB, P2, 0x0000000000000000, Not Active, Not Active, Not Active, Not Active, Not Active
2026-10-02T18:00:03+08:00,2026/10/02 18:00:03.125, 1800 MHz, 2130 MHz, 9501 MHz, 1800 MHz, 119.00 W, 420.00 W, 420.00 W, 59, 0 %, 8473 MiB, P2, 0x0000000000000000, Not Active, Not Active, Not Active, Not Active, Not Active
2026-10-02T18:00:04+08:00,2026/10/02 18:00:04.145, 1800 MHz, 2130 MHz, 9501 MHz, 1800 MHz, 118.75 W, 420.00 W, 420.00 W, 58, 0 %, 8473 MiB, P2, 0x0000000000000000, Not Active, Not Active, Not Active, Not Active, Not Active
2026-10-02T18:00:05+08:00,2026/10/02 18:00:05.164, 1800 MHz, 2130 MHz, 9501 MHz, 1800 MHz, 118.69 W, 420.00 W, 420.00 W, 58, 0 %, 8473 MiB, P2, 0x0000000000000000, Not Active, Not Active, Not Active, Not Active, Not Active
2026-10-02T18:00:06+08:00,2026/10/02 18:00:06.184, 1800 MHz, 2130 MHz, 9501 MHz, 1800 MHz, 118.69 W, 420.00 W, 420.00 W, 58, 0 %, 8473 MiB, P2, 0x0000000000000000, Not Active, Not Active, Not Active, Not Active, Not Active
2026-10-02T18:00:07+08:00,2026/10/02 18:00:07.204, 1800 MHz, 2130 MHz, 9501 MHz, 1800 MHz, 118.72 W, 420.00 W, 420.00 W, 58, 0 %, 8473 MiB, P2, 0x0000000000000000, Not Active, Not Active, Not Active, Not Active, Not Active
2026-10-02T18:00:08+08:00,2026/10/02 18:00:08.224, 1800 MHz, 2130 MHz, 9501 MHz, 1800 MHz, 118.57 W, 420.00 W, 420.00 W, 58, 0 %, 8473 MiB, P2, 0x0000000000000000, Not Active, Not Active, Not Active, Not Active, Not Active
2026-10-02T18:00:09+08:00,2026/10/02 18:00:09.247, 1800 MHz, 2130 MHz, 9501 MHz, 1800 MHz, 118.64 W, 420.00 W, 420.00 W, 58, 0 %, 8473 MiB, P2, 0x0000000000000000, Not Active, Not Active, Not Active, Not Active, Not Active
2026-10-02T18:00:10+08:00,2026/10/02 18:00:10.268, 1800 MHz, 2130 MHz, 9501 MHz, 1800 MHz, 118.46 W, 420.00 W, 420.00 W, 58, 0 %, 8473 MiB, P2, 0x0000000000000000, Not Active, Not Active, Not Active, Not Active, Not Active
2026-10-02T18:00:11+08:00,2026/10/02 18:00:11.289, 1800 MHz, 2130 MHz, 9501 MHz, 1800 MHz, 118.56 W, 420.00 W, 420.00 W, 58, 0 %, 8473 MiB, P2, 0x0000000000000000, Not Active, Not Active, Not Active, Not Active, Not Active
2026-10-02T18:00:12+08:00,2026/10/02 18:00:12.313, 1800 MHz, 2130 MHz, 9501 MHz, 1800 MHz, 118.59 W, 420.00 W, 420.00 W, 58, 0 %, 8473 MiB, P2, 0x0000000000000000, Not Active, Not Active, Not Active, Not Active, Not Active
2026-10-02T18:00:13+08:00,2026/10/02 18:00:13.334, 1800 MHz, 2130 MHz, 9501 MHz, 1800 MHz, 118.72 W, 420.00 W, 420.00 W, 58, 0 %, 8473 MiB, P2, 0x0000000000000000, Not Active, Not Active, Not Active, Not Active, Not Active
2026-10-02T18:00:14+08:00,2026/10/02 18:00:14.356, 1800 MHz, 2130 MHz, 9501 MHz, 1800 MHz, 118.94 W, 420.00 W, 420.00 W, 58, 0 %, 8473 MiB, P2, 0x0000000000000000, Not Active, Not Active, Not Active, Not Active, Not Active
2026-10-02T18:00:15+08:00,2026/10/02 18:00:15.376, 1800 MHz, 2130 MHz, 9501 MHz, 1800 MHz, 118.62 W, 420.00 W, 420.00 W, 58, 0 %, 8473 MiB, P2, 0x0000000000000001, Not Active, Not Active, Not Active, Not Active, Active
2026-10-02T18:00:16+08:00,2026/10/02 18:00:16.396, 1800 MHz, 2130 MHz, 9501 MHz, 1800 MHz, 118.56 W, 420.00 W, 420.00 W, 58, 0 %, 8473 MiB, P2, 0x0000000000000001, Not Active, Not Active, Not Active, Not Active, Active
2026-10-02T18:00:17+08:00,2026/10/02 18:00:17.417, 1800 MHz, 2130 MHz, 9501 MHz, 1800 MHz, 118.41 W, 420.00 W, 420.00 W, 58, 0 %, 8473 MiB, P2, 0x0000000000000001, Not Active, Not Active, Not Active, Not Active, Active
2026-10-02T18:00:18+08:00,2026/10/02 18:00:18.438, 1800 MHz, 2130 MHz, 9501 MHz, 1800 MHz, 118.20 W, 420.00 W, 420.00 W, 58, 0 %, 8473 MiB, P2, 0x0000000000000001, Not Active, Not Active, Not Active, Not Active, Active
2026-10-02T18:00:19+08:00,2026/10/02 18:00:19.464, 1800 MHz, 2130 MHz, 9501 MHz, 1800 MHz, 149.85 W, 420.00 W, 420.00 W, 58, 0 %, 8473 MiB, P2, 0x0000000000000000, Not Active, Not Active, Not Active, Not Active, Not Active
2026-10-02T18:00:20+08:00,2026/10/02 18:00:20.494, 1800 MHz, 2130 MHz, 9501 MHz, 1800 MHz, 247.47 W, 420.00 W, 420.00 W, 61, 100 %, 8473 MiB, P2, 0x0000000000000000, Not Active, Not Active, Not Active, Not Active, Not Active
2026-10-02T18:00:21+08:00,2026/10/02 18:00:21.525, 1800 MHz, 2130 MHz, 9501 MHz, 1800 MHz, 247.73 W, 420.00 W, 420.00 W, 61, 100 %, 8473 MiB, P2, 0x0000000000000000, Not Active, Not Active, Not Active, Not Active, Not Active
2026-10-02T18:00:22+08:00,2026/10/02 18:00:22.559, 1800 MHz, 2130 MHz, 9501 MHz, 1800 MHz, 247.95 W, 420.00 W, 420.00 W, 62, 100 %, 8473 MiB, P2, 0x0000000000000000, Not Active, Not Active, Not Active, Not Active, Not Active
2026-10-02T18:00:23+08:00,2026/10/02 18:00:23.591, 1800 MHz, 2130 MHz, 9501 MHz, 1800 MHz, 247.85 W, 420.00 W, 420.00 W, 62, 100 %, 8473 MiB, P2, 0x0000000000000000, Not Active, Not Active, Not Active, Not Active, Not Active
2026-10-02T18:00:24+08:00,2026/10/02 18:00:24.625, 1800 MHz, 2130 MHz, 9501 MHz, 1800 MHz, 248.13 W, 420.00 W, 420.00 W, 62, 100 %, 8473 MiB, P2, 0x0000000000000000, Not Active, Not Active, Not Active, Not Active, Not Active
2026-10-02T18:00:25+08:00,2026/10/02 18:00:25.655, 1800 MHz, 2130 MHz, 9501 MHz, 1800 MHz, 248.13 W, 420.00 W, 420.00 W, 62, 100 %, 8473 MiB, P2, 0x0000000000000000, Not Active, Not Active, Not Active, Not Active, Not Active
2026-10-02T18:00:26+08:00,2026/10/02 18:00:26.687, 1800 MHz, 2130 MHz, 9501 MHz, 1800 MHz, 248.21 W, 420.00 W, 420.00 W, 62, 100 %, 8473 MiB, P2, 0x0000000000000000, Not Active, Not Active, Not Active, Not Active, Not Active
2026-10-02T18:00:27+08:00,2026/10/02 18:00:27.718, 1800 MHz, 2130 MHz, 9501 MHz, 1800 MHz, 248.22 W, 420.00 W, 420.00 W, 62, 100 %, 8473 MiB, P2, 0x0000000000000000, Not Active, Not Active, Not Active, Not Active, Not Active
2026-10-02T18:00:28+08:00,2026/10/02 18:00:28.749, 1800 MHz, 2130 MHz, 9501 MHz, 1800 MHz, 248.19 W, 420.00 W, 420.00 W, 62, 100 %, 8473 MiB, P2, 0x0000000000000000, Not Active, Not Active, Not Active, Not Active, Not Active
2026-10-02T18:00:29+08:00,2026/10/02 18:00:29.780, 1800 MHz, 2130 MHz, 9501 MHz, 1800 MHz, 177.85 W, 420.00 W, 420.00 W, 60, 0 %, 8473 MiB, P2, 0x0000000000000000, Not Active, Not Active, Not Active, Not Active, Not Active
2026-10-02T18:00:30+08:00,2026/10/02 18:00:30.801, 1800 MHz, 2130 MHz, 9501 MHz, 1800 MHz, 142.79 W, 420.00 W, 420.00 W, 59, 0 %, 8473 MiB, P2, 0x0000000000000000, Not Active, Not Active, Not Active, Not Active, Not Active
2026-10-02T18:00:31+08:00,2026/10/02 18:00:31.821, 1800 MHz, 2130 MHz, 9501 MHz, 1800 MHz, 119.16 W, 420.00 W, 420.00 W, 59, 0 %, 8473 MiB, P2, 0x0000000000000000, Not Active, Not Active, Not Active, Not Active, Not Active
2026-10-02T18:00:32+08:00,2026/10/02 18:00:32.841, 1800 MHz, 2130 MHz, 9501 MHz, 1800 MHz, 118.71 W, 420.00 W, 420.00 W, 58, 0 %, 8473 MiB, P2, 0x0000000000000000, Not Active, Not Active, Not Active, Not Active, Not Active
2026-10-02T18:00:33+08:00,2026/10/02 18:00:33.861, 1800 MHz, 2130 MHz, 9501 MHz, 1800 MHz, 118.37 W, 420.00 W, 420.00 W, 58, 0 %, 8473 MiB, P2, 0x0000000000000000, Not Active, Not Active, Not Active, Not Active, Not Active
2026-10-02T18:00:34+08:00,2026/10/02 18:00:34.881, 1800 MHz, 2130 MHz, 9501 MHz, 1800 MHz, 118.57 W, 420.00 W, 420.00 W, 58, 0 %, 8473 MiB, P2, 0x0000000000000000, Not Active, Not Active, Not Active, Not Active, Not Active
2026-10-02T18:00:35+08:00,2026/10/02 18:00:35.901, 1800 MHz, 2130 MHz, 9501 MHz, 1800 MHz, 118.61 W, 420.00 W, 420.00 W, 58, 0 %, 8473 MiB, P2, 0x0000000000000000, Not Active, Not Active, Not Active, Not Active, Not Active
2026-10-02T18:00:36+08:00,2026/10/02 18:00:36.921, 1800 MHz, 2130 MHz, 9501 MHz, 1800 MHz, 118.54 W, 420.00 W, 420.00 W, 58, 0 %, 8473 MiB, P2, 0x0000000000000000, Not Active, Not Active, Not Active, Not Active, Not Active
2026-10-02T18:00:37+08:00,2026/10/02 18:00:37.940, 1800 MHz, 2130 MHz, 9501 MHz, 1800 MHz, 118.49 W, 420.00 W, 420.00 W, 58, 0 %, 8473 MiB, P2, 0x0000000000000000, Not Active, Not Active, Not Active, Not Active, Not Active
2026-10-02T18:00:38+08:00,2026/10/02 18:00:38.960, 1800 MHz, 2130 MHz, 9501 MHz, 1800 MHz, 118.33 W, 420.00 W, 420.00 W, 58, 0 %, 8473 MiB, P2, 0x0000000000000000, Not Active, Not Active, Not Active, Not Active, Not Active
2026-10-02T18:00:39+08:00,2026/10/02 18:00:39.980, 1800 MHz, 2130 MHz, 9501 MHz, 1800 MHz, 118.10 W, 420.00 W, 420.00 W, 58, 0 %, 8473 MiB, P2, 0x0000000000000000, Not Active, Not Active, Not Active, Not Active, Not Active
2026-10-02T18:00:40+08:00,2026/10/02 18:00:41.001, 1800 MHz, 2130 MHz, 9501 MHz, 1800 MHz, 118.12 W, 420.00 W, 420.00 W, 58, 0 %, 8473 MiB, P2, 0x0000000000000000, Not Active, Not Active, Not Active, Not Active, Not Active
2026-10-02T18:00:42+08:00,2026/10/02 18:00:42.021, 1800 MHz, 2130 MHz, 9501 MHz, 1800 MHz, 118.35 W, 420.00 W, 420.00 W, 58, 0 %, 8473 MiB, P2, 0x0000000000000000, Not Active, Not Active, Not Active, Not Active, Not Active
2026-10-02T18:00:43+08:00,2026/10/02 18:00:43.042, 1800 MHz, 2130 MHz, 9501 MHz, 1800 MHz, 118.17 W, 420.00 W, 420.00 W, 58, 0 %, 8473 MiB, P2, 0x0000000000000000, Not Active, Not Active, Not Active, Not Active, Not Active
2026-10-02T18:00:44+08:00,2026/10/02 18:00:44.066, 1800 MHz, 2130 MHz, 9501 MHz, 1800 MHz, 117.99 W, 420.00 W, 420.00 W, 58, 0 %, 8473 MiB, P2, 0x0000000000000000, Not Active, Not Active, Not Active, Not Active, Not Active
2026-10-02T18:00:45+08:00,2026/10/02 18:00:45.089, 1800 MHz, 2130 MHz, 9501 MHz, 1800 MHz, 117.81 W, 420.00 W, 420.00 W, 58, 0 %, 8473 MiB, P2, 0x0000000000000000, Not Active, Not Active, Not Active, Not Active, Not Active
2026-10-02T18:00:46+08:00,2026/10/02 18:00:46.109, 1800 MHz, 2130 MHz, 9501 MHz, 1800 MHz, 117.68 W, 420.00 W, 420.00 W, 58, 0 %, 8473 MiB, P2, 0x0000000000000001, Not Active, Not Active, Not Active, Not Active, Active
2026-10-02T18:00:47+08:00,2026/10/02 18:00:47.132, 1800 MHz, 2130 MHz, 9501 MHz, 1800 MHz, 117.75 W, 420.00 W, 420.00 W, 58, 0 %, 8473 MiB, P2, 0x0000000000000001, Not Active, Not Active, Not Active, Not Active, Active
2026-10-02T18:00:48+08:00,2026/10/02 18:00:48.158, 1800 MHz, 2130 MHz, 9501 MHz, 1800 MHz, 117.88 W, 420.00 W, 420.00 W, 57, 0 %, 8473 MiB, P2, 0x0000000000000001, Not Active, Not Active, Not Active, Not Active, Active
2026-10-02T18:00:49+08:00,2026/10/02 18:00:49.178, 1800 MHz, 2130 MHz, 9501 MHz, 1800 MHz, 117.98 W, 420.00 W, 420.00 W, 57, 0 %, 8473 MiB, P2, 0x0000000000000001, Not Active, Not Active, Not Active, Not Active, Active
